signal_id,detected_date,screened_date,iso3,country,disease_code,signal_strength,verification_status,signal_type,underlying_sources,data_realism
BEACON-0000001,2020-01-06,2020-01-06,DEU,Germany,HPAI,0.637,verified,unusual_mortality,media;official,synthetic
BEACON-0000002,2020-01-08,2020-01-08,BEL,Belgium,HPAI,0.442,verified,trade_alert,official,synthetic
BEACON-0000003,2020-01-11,2020-01-11,ITA,Italy,HPAI,0.242,verified,media_cluster,media,synthetic
BEACON-0000004,2020-01-10,2020-01-12,ROU,Romania,HPAI,0.629,verified,syndromic,media,synthetic
BEACON-0000005,2020-01-09,2020-01-09,BGR,Bulgaria,HPAI,0.806,verified,unusual_mortality,official,synthetic
BEACON-0000006,2020-01-07,2020-01-09,RUS,Russian Federation,HPAI,0.458,unverified,media_cluster,media;official,synthetic
BEACON-0000007,2020-01-07,2020-01-07,TUR,Türkiye,HPAI,0.342,verified,media_cluster,media;official,synthetic
BEACON-0000008,2020-01-06,2020-01-06,EGY,Egypt,HPAI,0.333,verified,syndromic,media;official,synthetic
BEACON-0000009,2020-01-10,2020-01-10,MAR,Morocco,HPAI,0.158,unverified,media_cluster,media;official,synthetic
BEACON-0000010,2020-01-14,2020-01-14,FRA,France,HPAI,0.494,unverified,trade_alert,media;official,synthetic
BEACON-0000011,2020-01-17,2020-01-19,FRA,France,HPAI,0.692,verified,unusual_mortality,official,synthetic
BEACON-0000012,2020-01-13,2020-01-15,DEU,Germany,HPAI,0.41,verified,media_cluster,media;official,synthetic
BEACON-0000013,2020-01-16,2020-01-16,NLD,Netherlands,HPAI,0.193,unverified,syndromic,media;official,synthetic
BEACON-0000014,2020-01-13,2020-01-14,ITA,Italy,HPAI,0.412,unverified,syndromic,official,synthetic
BEACON-0000015,2020-01-16,2020-01-18,HUN,Hungary,HPAI,0.904,unverified,media_cluster,media,synthetic
BEACON-0000016,2020-01-17,2020-01-17,BGR,Bulgaria,HPAI,0.321,verified,unusual_mortality,media,synthetic
BEACON-0000017,2020-01-15,2020-01-17,BGR,Bulgaria,HPAI,0.433,verified,trade_alert,media,synthetic
BEACON-0000018,2020-01-14,2020-01-15,BGR,Bulgaria,HPAI,0.074,unverified,media_cluster,field,synthetic
BEACON-0000019,2020-01-14,2020-01-15,GEO,Georgia,HPAI,0.526,unverified,unusual_mortality,media,synthetic
BEACON-0000020,2020-01-18,2020-01-20,ISR,Israel,HPAI,0.201,unverified,syndromic,official,synthetic
BEACON-0000021,2020-01-17,2020-01-17,EGY,Egypt,HPAI,0.697,unverified,media_cluster,media;official,synthetic
BEACON-0000022,2020-01-16,2020-01-16,EGY,Egypt,HPAI,0.54,verified,media_cluster,official,synthetic
BEACON-0000023,2020-01-20,2020-01-21,BEL,Belgium,HPAI,0.555,verified,trade_alert,official,synthetic
BEACON-0000024,2020-01-23,2020-01-23,ITA,Italy,HPAI,0.27,unverified,media_cluster,media,synthetic
BEACON-0000025,2020-01-23,2020-01-23,ITA,Italy,HPAI,0.714,unverified,unusual_mortality,media,synthetic
BEACON-0000026,2020-01-24,2020-01-26,POL,Poland,HPAI,0.389,verified,trade_alert,media;official,synthetic
BEACON-0000027,2020-01-24,2020-01-26,SRB,Serbia,HPAI,0.224,verified,media_cluster,media,synthetic
BEACON-0000028,2020-01-21,2020-01-21,MDA,Moldova,HPAI,0.711,unverified,media_cluster,media,synthetic
BEACON-0000029,2020-01-22,2020-01-23,RUS,Russian Federation,HPAI,0.305,verified,syndromic,media,synthetic
BEACON-0000030,2020-01-20,2020-01-21,TUR,Türkiye,HPAI,0.473,unverified,media_cluster,media;official,synthetic
BEACON-0000031,2020-01-22,2020-01-24,TUR,Türkiye,HPAI,0.028,verified,unusual_mortality,media,synthetic
BEACON-0000032,2020-01-25,2020-01-27,ISR,Israel,HPAI,0.491,unverified,media_cluster,media;official,synthetic
BEACON-0000033,2020-01-21,2020-01-21,EGY,Egypt,HPAI,0.026,unverified,syndromic,field,synthetic
BEACON-0000034,2020-01-29,2020-01-30,DEU,Germany,HPAI,0.425,verified,media_cluster,media,synthetic
BEACON-0000035,2020-02-01,2020-02-01,DEU,Germany,HPAI,0.319,unverified,media_cluster,media,synthetic
BEACON-0000036,2020-01-28,2020-01-29,POL,Poland,HPAI,0.346,unverified,media_cluster,official,synthetic
BEACON-0000037,2020-01-30,2020-01-31,POL,Poland,HPAI,0.423,unverified,syndromic,official,synthetic
BEACON-0000038,2020-01-29,2020-01-30,ROU,Romania,HPAI,0.741,unverified,unusual_mortality,field,synthetic
BEACON-0000039,2020-02-01,2020-02-02,RUS,Russian Federation,HPAI,0.189,unverified,unusual_mortality,official,synthetic
BEACON-0000040,2020-01-27,2020-01-28,EGY,Egypt,HPAI,0.384,unverified,unusual_mortality,media,synthetic
BEACON-0000041,2020-02-03,2020-02-03,DEU,Germany,HPAI,0.326,verified,unusual_mortality,media,synthetic
BEACON-0000042,2020-02-05,2020-02-05,BEL,Belgium,HPAI,0.15,unverified,syndromic,media,synthetic
BEACON-0000043,2020-02-03,2020-02-05,ITA,Italy,HPAI,0.348,verified,media_cluster,official,synthetic
BEACON-0000044,2020-02-07,2020-02-09,ESP,Spain,HPAI,0.143,unverified,trade_alert,media;official,synthetic
BEACON-0000045,2020-02-03,2020-02-03,POL,Poland,HPAI,0.116,unverified,media_cluster,media,synthetic
BEACON-0000046,2020-02-06,2020-02-07,ROU,Romania,HPAI,0.128,verified,media_cluster,media,synthetic
BEACON-0000047,2020-02-03,2020-02-03,SRB,Serbia,HPAI,0.313,unverified,trade_alert,field,synthetic
BEACON-0000048,2020-02-08,2020-02-08,MDA,Moldova,HPAI,0.509,unverified,media_cluster,media;official,synthetic
BEACON-0000049,2020-02-07,2020-02-08,RUS,Russian Federation,HPAI,0.302,unverified,syndromic,field,synthetic
BEACON-0000050,2020-02-08,2020-02-09,ISR,Israel,HPAI,0.735,unverified,unusual_mortality,media,synthetic
BEACON-0000051,2020-02-03,2020-02-03,MAR,Morocco,HPAI,0.602,unverified,media_cluster,media;official,synthetic
BEACON-0000052,2020-02-11,2020-02-12,FRA,France,HPAI,0.868,verified,media_cluster,media;official,synthetic
BEACON-0000053,2020-02-11,2020-02-13,BEL,Belgium,HPAI,0.813,verified,media_cluster,official,synthetic
BEACON-0000054,2020-02-14,2020-02-14,ESP,Spain,HPAI,0.286,verified,media_cluster,official,synthetic
BEACON-0000055,2020-02-12,2020-02-14,BGR,Bulgaria,HPAI,0.518,unverified,media_cluster,media;official,synthetic
BEACON-0000056,2020-02-14,2020-02-16,TUR,Türkiye,HPAI,0.088,unverified,unusual_mortality,field,synthetic
BEACON-0000057,2020-02-11,2020-02-12,ISR,Israel,HPAI,0.68,unverified,media_cluster,media;official,synthetic
BEACON-0000058,2020-02-13,2020-02-13,ISR,Israel,HPAI,0.772,verified,syndromic,media;official,synthetic
BEACON-0000059,2020-02-18,2020-02-19,UKR,Ukraine,HPAI,0.321,unverified,syndromic,media,synthetic
BEACON-0000060,2020-02-17,2020-02-19,UKR,Ukraine,HPAI,0.375,unverified,syndromic,media;official,synthetic
BEACON-0000061,2020-02-20,2020-02-20,RUS,Russian Federation,HPAI,0.844,unverified,media_cluster,media,synthetic
BEACON-0000062,2020-02-26,2020-02-27,BEL,Belgium,HPAI,0.493,verified,media_cluster,media,synthetic
BEACON-0000063,2020-02-28,2020-02-29,BGR,Bulgaria,HPAI,0.202,unverified,syndromic,official,synthetic
BEACON-0000064,2020-02-29,2020-03-01,BGR,Bulgaria,HPAI,0.236,unverified,unusual_mortality,media;official,synthetic
BEACON-0000065,2020-02-28,2020-03-01,UKR,Ukraine,HPAI,0.486,verified,media_cluster,media;official,synthetic
BEACON-0000066,2020-02-26,2020-02-28,RUS,Russian Federation,HPAI,0.608,unverified,unusual_mortality,media;official,synthetic
BEACON-0000067,2020-02-24,2020-02-26,EGY,Egypt,HPAI,0.536,unverified,unusual_mortality,media,synthetic
BEACON-0000068,2020-03-06,2020-03-06,BEL,Belgium,HPAI,0.742,unverified,unusual_mortality,field,synthetic
BEACON-0000069,2020-03-02,2020-03-03,ESP,Spain,HPAI,0.6,unverified,unusual_mortality,media,synthetic
BEACON-0000070,2020-03-04,2020-03-06,HUN,Hungary,HPAI,0.19,unverified,unusual_mortality,media,synthetic
BEACON-0000071,2020-03-05,2020-03-05,ROU,Romania,HPAI,0.173,unverified,unusual_mortality,field,synthetic
BEACON-0000072,2020-03-04,2020-03-06,ROU,Romania,HPAI,0.394,verified,syndromic,media,synthetic
BEACON-0000073,2020-03-04,2020-03-05,ROU,Romania,HPAI,0.61,verified,media_cluster,official,synthetic
BEACON-0000074,2020-03-07,2020-03-08,BGR,Bulgaria,HPAI,0.412,verified,unusual_mortality,media,synthetic
BEACON-0000075,2020-03-05,2020-03-05,UKR,Ukraine,HPAI,0.594,unverified,media_cluster,official,synthetic
BEACON-0000076,2020-03-03,2020-03-04,UKR,Ukraine,HPAI,0.327,unverified,media_cluster,official,synthetic
BEACON-0000077,2020-03-04,2020-03-05,UKR,Ukraine,HPAI,0.415,verified,media_cluster,media,synthetic
BEACON-0000078,2020-03-04,2020-03-06,MDA,Moldova,HPAI,0.567,verified,media_cluster,media;official,synthetic
BEACON-0000079,2020-03-07,2020-03-08,TUR,Türkiye,HPAI,0.684,unverified,media_cluster,media,synthetic
BEACON-0000080,2020-03-06,2020-03-06,TUR,Türkiye,HPAI,0.527,verified,syndromic,media,synthetic
BEACON-0000081,2020-03-05,2020-03-05,TUR,Türkiye,HPAI,0.641,verified,syndromic,media,synthetic
BEACON-0000082,2020-03-06,2020-03-06,GEO,Georgia,HPAI,0.207,unverified,media_cluster,media,synthetic
BEACON-0000083,2020-03-09,2020-03-11,FRA,France,HPAI,0.251,verified,media_cluster,media,synthetic
BEACON-0000084,2020-03-11,2020-03-12,FRA,France,HPAI,0.662,unverified,unusual_mortality,field,synthetic
BEACON-0000085,2020-03-13,2020-03-14,DEU,Germany,HPAI,0.612,verified,syndromic,official,synthetic
BEACON-0000086,2020-03-10,2020-03-11,NLD,Netherlands,HPAI,0.595,verified,trade_alert,media;official,synthetic
BEACON-0000087,2020-03-09,2020-03-09,ITA,Italy,HPAI,0.194,verified,unusual_mortality,media;official,synthetic
BEACON-0000088,2020-03-14,2020-03-15,ESP,Spain,HPAI,0.094,verified,unusual_mortality,media,synthetic
BEACON-0000089,2020-03-13,2020-03-14,POL,Poland,HPAI,0.548,unverified,unusual_mortality,official,synthetic
BEACON-0000090,2020-03-09,2020-03-11,POL,Poland,HPAI,0.173,unverified,syndromic,media,synthetic
BEACON-0000091,2020-03-13,2020-03-15,HUN,Hungary,HPAI,0.457,verified,trade_alert,field,synthetic
BEACON-0000092,2020-03-10,2020-03-10,HUN,Hungary,HPAI,0.202,verified,unusual_mortality,media,synthetic
BEACON-0000093,2020-03-14,2020-03-15,HUN,Hungary,HPAI,0.562,verified,unusual_mortality,media;official,synthetic
BEACON-0000094,2020-03-12,2020-03-12,MDA,Moldova,HPAI,0.483,unverified,unusual_mortality,media;official,synthetic
BEACON-0000095,2020-03-10,2020-03-12,RUS,Russian Federation,HPAI,0.507,unverified,media_cluster,media;official,synthetic
BEACON-0000096,2020-03-12,2020-03-13,TUR,Türkiye,HPAI,0.259,unverified,unusual_mortality,official,synthetic
BEACON-0000097,2020-03-14,2020-03-15,TUR,Türkiye,HPAI,0.248,unverified,syndromic,media,synthetic
BEACON-0000098,2020-03-13,2020-03-14,GEO,Georgia,HPAI,0.362,unverified,media_cluster,media,synthetic
BEACON-0000099,2020-03-21,2020-03-21,DEU,Germany,HPAI,0.355,unverified,media_cluster,media,synthetic
BEACON-0000100,2020-03-21,2020-03-21,ITA,Italy,HPAI,0.721,unverified,unusual_mortality,media;official,synthetic
BEACON-0000101,2020-03-16,2020-03-17,ITA,Italy,HPAI,0.529,unverified,unusual_mortality,official,synthetic
BEACON-0000102,2020-03-19,2020-03-19,ITA,Italy,HPAI,0.491,verified,media_cluster,media;official,synthetic
BEACON-0000103,2020-03-20,2020-03-22,ITA,Italy,HPAI,0.506,verified,unusual_mortality,field,synthetic
BEACON-0000104,2020-03-17,2020-03-17,ITA,Italy,HPAI,0.557,verified,unusual_mortality,official,synthetic
BEACON-0000105,2020-03-16,2020-03-18,ROU,Romania,HPAI,0.089,unverified,unusual_mortality,media,synthetic
BEACON-0000106,2020-03-19,2020-03-19,ROU,Romania,HPAI,0.662,unverified,unusual_mortality,media;official,synthetic
BEACON-0000107,2020-03-16,2020-03-16,BGR,Bulgaria,HPAI,0.37,unverified,trade_alert,media,synthetic
BEACON-0000108,2020-03-18,2020-03-19,SRB,Serbia,HPAI,0.835,verified,media_cluster,media,synthetic
BEACON-0000109,2020-03-16,2020-03-16,SRB,Serbia,HPAI,0.499,unverified,syndromic,media,synthetic
BEACON-0000110,2020-03-21,2020-03-23,SRB,Serbia,HPAI,0.445,unverified,unusual_mortality,field,synthetic
BEACON-0000111,2020-03-16,2020-03-17,SRB,Serbia,HPAI,1.0,unverified,unusual_mortality,media,synthetic
BEACON-0000112,2020-03-18,2020-03-19,UKR,Ukraine,HPAI,0.12,verified,media_cluster,official,synthetic
BEACON-0000113,2020-03-18,2020-03-20,GEO,Georgia,HPAI,0.583,unverified,syndromic,media,synthetic
BEACON-0000114,2020-03-21,2020-03-22,TUN,Tunisia,HPAI,0.18,unverified,syndromic,media,synthetic
BEACON-0000115,2020-03-28,2020-03-28,DEU,Germany,HPAI,0.072,unverified,unusual_mortality,media,synthetic
BEACON-0000116,2020-03-26,2020-03-28,POL,Poland,HPAI,0.237,unverified,media_cluster,media,synthetic
BEACON-0000117,2020-03-23,2020-03-24,POL,Poland,HPAI,0.671,unverified,unusual_mortality,media,synthetic
BEACON-0000118,2020-03-23,2020-03-23,BGR,Bulgaria,HPAI,0.293,unverified,media_cluster,media,synthetic
BEACON-0000119,2020-03-26,2020-03-27,UKR,Ukraine,HPAI,0.422,unverified,media_cluster,media,synthetic
BEACON-0000120,2020-03-24,2020-03-25,UKR,Ukraine,HPAI,0.124,unverified,syndromic,media;official,synthetic
BEACON-0000121,2020-03-25,2020-03-27,UKR,Ukraine,HPAI,0.147,verified,unusual_mortality,media;official,synthetic
BEACON-0000122,2020-04-04,2020-04-05,FRA,France,HPAI,0.503,unverified,unusual_mortality,media,synthetic
BEACON-0000123,2020-04-01,2020-04-01,DEU,Germany,HPAI,0.392,unverified,syndromic,field,synthetic
BEACON-0000124,2020-03-31,2020-04-01,ITA,Italy,HPAI,0.577,verified,media_cluster,field,synthetic
BEACON-0000125,2020-04-04,2020-04-05,ESP,Spain,HPAI,0.431,verified,syndromic,media,synthetic
BEACON-0000126,2020-04-02,2020-04-04,HUN,Hungary,HPAI,0.911,unverified,unusual_mortality,media,synthetic
BEACON-0000127,2020-04-04,2020-04-05,BGR,Bulgaria,HPAI,0.654,unverified,unusual_mortality,media,synthetic
BEACON-0000128,2020-03-30,2020-03-30,BGR,Bulgaria,HPAI,0.574,unverified,unusual_mortality,media;official,synthetic
BEACON-0000129,2020-04-02,2020-04-04,UKR,Ukraine,HPAI,0.397,unverified,media_cluster,media;official,synthetic
BEACON-0000130,2020-04-04,2020-04-06,RUS,Russian Federation,HPAI,0.257,verified,media_cluster,media;official,synthetic
BEACON-0000131,2020-04-04,2020-04-06,TUR,Türkiye,HPAI,0.152,unverified,media_cluster,media,synthetic
BEACON-0000132,2020-04-02,2020-04-04,EGY,Egypt,HPAI,0.521,unverified,unusual_mortality,media;official,synthetic
BEACON-0000133,2020-04-02,2020-04-03,MAR,Morocco,HPAI,0.736,verified,media_cluster,media;official,synthetic
BEACON-0000134,2020-04-10,2020-04-10,FRA,France,HPAI,0.724,unverified,media_cluster,media,synthetic
BEACON-0000135,2020-04-11,2020-04-13,DEU,Germany,HPAI,0.096,unverified,unusual_mortality,media;official,synthetic
BEACON-0000136,2020-04-06,2020-04-07,HUN,Hungary,HPAI,0.437,unverified,trade_alert,official,synthetic
BEACON-0000137,2020-04-10,2020-04-10,HUN,Hungary,HPAI,0.56,unverified,media_cluster,official,synthetic
BEACON-0000138,2020-04-06,2020-04-07,ROU,Romania,HPAI,0.469,unverified,media_cluster,media,synthetic
BEACON-0000139,2020-04-07,2020-04-08,BGR,Bulgaria,HPAI,0.451,unverified,unusual_mortality,official,synthetic
BEACON-0000140,2020-04-06,2020-04-08,BGR,Bulgaria,HPAI,0.903,verified,syndromic,media,synthetic
BEACON-0000141,2020-04-11,2020-04-12,SRB,Serbia,HPAI,0.733,unverified,media_cluster,official,synthetic
BEACON-0000142,2020-04-08,2020-04-10,ISR,Israel,HPAI,0.403,verified,media_cluster,media,synthetic
BEACON-0000143,2020-04-06,2020-04-08,TUN,Tunisia,HPAI,0.537,verified,media_cluster,media;official,synthetic
BEACON-0000144,2020-04-18,2020-04-19,FRA,France,HPAI,0.79,verified,unusual_mortality,media,synthetic
BEACON-0000145,2020-04-16,2020-04-17,NLD,Netherlands,HPAI,0.616,unverified,unusual_mortality,media,synthetic
BEACON-0000146,2020-04-14,2020-04-15,ITA,Italy,HPAI,0.92,unverified,syndromic,media,synthetic
BEACON-0000147,2020-04-13,2020-04-15,ITA,Italy,HPAI,0.442,verified,trade_alert,official,synthetic
BEACON-0000148,2020-04-14,2020-04-16,ESP,Spain,HPAI,0.157,verified,syndromic,media,synthetic
BEACON-0000149,2020-04-13,2020-04-13,POL,Poland,HPAI,0.507,unverified,media_cluster,field,synthetic
BEACON-0000150,2020-04-18,2020-04-18,POL,Poland,HPAI,0.775,unverified,media_cluster,media,synthetic
BEACON-0000151,2020-04-15,2020-04-17,POL,Poland,HPAI,0.494,unverified,media_cluster,official,synthetic
BEACON-0000152,2020-04-18,2020-04-20,HUN,Hungary,HPAI,0.361,verified,unusual_mortality,media,synthetic
BEACON-0000153,2020-04-18,2020-04-19,MDA,Moldova,HPAI,0.357,verified,media_cluster,official,synthetic
BEACON-0000154,2020-04-16,2020-04-16,ISR,Israel,HPAI,0.687,verified,unusual_mortality,media;official,synthetic
BEACON-0000155,2020-04-17,2020-04-18,MAR,Morocco,HPAI,0.463,verified,trade_alert,field,synthetic
BEACON-0000156,2020-04-22,2020-04-24,DEU,Germany,HPAI,0.449,verified,unusual_mortality,media,synthetic
BEACON-0000157,2020-04-25,2020-04-25,ITA,Italy,HPAI,0.235,unverified,media_cluster,media,synthetic
BEACON-0000158,2020-04-24,2020-04-24,POL,Poland,HPAI,0.331,verified,syndromic,official,synthetic
BEACON-0000159,2020-04-22,2020-04-24,POL,Poland,HPAI,0.923,verified,unusual_mortality,official,synthetic
BEACON-0000160,2020-04-23,2020-04-23,POL,Poland,HPAI,0.764,verified,trade_alert,official,synthetic
BEACON-0000161,2020-04-23,2020-04-23,UKR,Ukraine,HPAI,0.671,verified,syndromic,media;official,synthetic
BEACON-0000162,2020-04-20,2020-04-22,MDA,Moldova,HPAI,0.827,verified,media_cluster,media,synthetic
BEACON-0000163,2020-04-25,2020-04-27,MDA,Moldova,HPAI,0.304,unverified,unusual_mortality,media;official,synthetic
BEACON-0000164,2020-04-20,2020-04-21,RUS,Russian Federation,HPAI,0.629,unverified,unusual_mortality,official,synthetic
BEACON-0000165,2020-04-25,2020-04-27,TUR,Türkiye,HPAI,0.919,unverified,unusual_mortality,media;official,synthetic
BEACON-0000166,2020-04-23,2020-04-24,TUR,Türkiye,HPAI,0.449,verified,syndromic,media,synthetic
BEACON-0000167,2020-04-22,2020-04-22,TUR,Türkiye,HPAI,0.87,unverified,media_cluster,media,synthetic
BEACON-0000168,2020-04-21,2020-04-21,TUR,Türkiye,HPAI,0.553,verified,media_cluster,media;official,synthetic
BEACON-0000169,2020-04-21,2020-04-21,ISR,Israel,HPAI,0.367,verified,unusual_mortality,media,synthetic
BEACON-0000170,2020-04-25,2020-04-27,MAR,Morocco,HPAI,0.609,unverified,unusual_mortality,media,synthetic
BEACON-0000171,2020-04-28,2020-04-28,FRA,France,HPAI,0.485,unverified,trade_alert,media,synthetic
BEACON-0000172,2020-04-28,2020-04-29,BEL,Belgium,HPAI,0.538,unverified,media_cluster,media,synthetic
BEACON-0000173,2020-04-28,2020-04-30,BEL,Belgium,HPAI,0.667,unverified,unusual_mortality,official,synthetic
BEACON-0000174,2020-04-27,2020-04-28,ITA,Italy,HPAI,0.267,verified,unusual_mortality,media,synthetic
BEACON-0000175,2020-05-02,2020-05-03,ESP,Spain,HPAI,0.226,verified,unusual_mortality,media;official,synthetic
BEACON-0000176,2020-04-27,2020-04-27,ESP,Spain,HPAI,0.712,unverified,unusual_mortality,media;official,synthetic
BEACON-0000177,2020-04-28,2020-04-30,POL,Poland,HPAI,0.785,verified,media_cluster,media,synthetic
BEACON-0000178,2020-04-29,2020-05-01,POL,Poland,HPAI,0.728,unverified,media_cluster,official,synthetic
BEACON-0000179,2020-04-27,2020-04-28,SRB,Serbia,HPAI,0.56,unverified,media_cluster,media,synthetic
BEACON-0000180,2020-05-02,2020-05-03,UKR,Ukraine,HPAI,0.617,unverified,media_cluster,media,synthetic
BEACON-0000181,2020-05-02,2020-05-03,MDA,Moldova,HPAI,1.0,unverified,trade_alert,media;official,synthetic
BEACON-0000182,2020-05-01,2020-05-02,MDA,Moldova,HPAI,0.761,unverified,unusual_mortality,media,synthetic
BEACON-0000183,2020-05-02,2020-05-03,MDA,Moldova,HPAI,0.584,unverified,unusual_mortality,media,synthetic
BEACON-0000184,2020-04-29,2020-05-01,GEO,Georgia,HPAI,0.256,unverified,media_cluster,media,synthetic
BEACON-0000185,2020-04-28,2020-04-29,TUN,Tunisia,HPAI,0.432,unverified,media_cluster,field,synthetic
BEACON-0000186,2020-05-09,2020-05-10,FRA,France,HPAI,0.248,verified,unusual_mortality,official,synthetic
BEACON-0000187,2020-05-08,2020-05-08,FRA,France,HPAI,0.902,unverified,unusual_mortality,media,synthetic
BEACON-0000188,2020-05-07,2020-05-07,DEU,Germany,HPAI,0.721,verified,media_cluster,media,synthetic
BEACON-0000189,2020-05-09,2020-05-10,DEU,Germany,HPAI,0.49,unverified,unusual_mortality,media,synthetic
BEACON-0000190,2020-05-05,2020-05-07,DEU,Germany,HPAI,0.68,unverified,media_cluster,field,synthetic
BEACON-0000191,2020-05-08,2020-05-09,NLD,Netherlands,HPAI,0.856,verified,unusual_mortality,media;official,synthetic
BEACON-0000192,2020-05-08,2020-05-08,BEL,Belgium,HPAI,0.679,unverified,media_cluster,media;official,synthetic
BEACON-0000193,2020-05-05,2020-05-06,BEL,Belgium,HPAI,0.756,unverified,media_cluster,media,synthetic
BEACON-0000194,2020-05-07,2020-05-09,BEL,Belgium,HPAI,1.0,unverified,media_cluster,media;official,synthetic
BEACON-0000195,2020-05-07,2020-05-08,BEL,Belgium,HPAI,0.401,unverified,syndromic,official,synthetic
BEACON-0000196,2020-05-07,2020-05-08,ITA,Italy,HPAI,0.411,unverified,media_cluster,media,synthetic
BEACON-0000197,2020-05-09,2020-05-09,ESP,Spain,HPAI,0.378,verified,unusual_mortality,media,synthetic
BEACON-0000198,2020-05-06,2020-05-07,ESP,Spain,HPAI,0.595,unverified,media_cluster,media,synthetic
BEACON-0000199,2020-05-07,2020-05-09,HUN,Hungary,HPAI,0.559,unverified,trade_alert,official,synthetic
BEACON-0000200,2020-05-07,2020-05-07,SRB,Serbia,HPAI,0.708,unverified,syndromic,media,synthetic
BEACON-0000201,2020-05-07,2020-05-07,UKR,Ukraine,HPAI,0.368,unverified,unusual_mortality,media,synthetic
BEACON-0000202,2020-05-05,2020-05-05,MDA,Moldova,HPAI,0.342,unverified,unusual_mortality,media,synthetic
BEACON-0000203,2020-05-05,2020-05-05,RUS,Russian Federation,HPAI,0.88,verified,media_cluster,media;official,synthetic
BEACON-0000204,2020-05-06,2020-05-08,RUS,Russian Federation,HPAI,0.707,verified,unusual_mortality,media;official,synthetic
BEACON-0000205,2020-05-06,2020-05-06,RUS,Russian Federation,HPAI,0.68,unverified,unusual_mortality,media,synthetic
BEACON-0000206,2020-05-06,2020-05-06,TUR,Türkiye,HPAI,0.58,unverified,media_cluster,media;official,synthetic
BEACON-0000207,2020-05-05,2020-05-06,GEO,Georgia,HPAI,0.768,unverified,unusual_mortality,media,synthetic
BEACON-0000208,2020-05-06,2020-05-08,GEO,Georgia,HPAI,0.528,verified,media_cluster,official,synthetic
BEACON-0000209,2020-05-04,2020-05-06,ISR,Israel,HPAI,0.229,unverified,trade_alert,media,synthetic
BEACON-0000210,2020-05-15,2020-05-15,FRA,France,HPAI,0.681,unverified,unusual_mortality,field,synthetic
BEACON-0000211,2020-05-14,2020-05-15,NLD,Netherlands,HPAI,0.641,unverified,syndromic,media,synthetic
BEACON-0000212,2020-05-12,2020-05-14,NLD,Netherlands,HPAI,0.844,unverified,unusual_mortality,media,synthetic
BEACON-0000213,2020-05-12,2020-05-12,NLD,Netherlands,HPAI,0.652,verified,media_cluster,official,synthetic
BEACON-0000214,2020-05-14,2020-05-16,BEL,Belgium,HPAI,0.581,unverified,trade_alert,media,synthetic
BEACON-0000215,2020-05-12,2020-05-12,ESP,Spain,HPAI,0.495,verified,unusual_mortality,field,synthetic
BEACON-0000216,2020-05-11,2020-05-12,POL,Poland,HPAI,0.247,unverified,trade_alert,media,synthetic
BEACON-0000217,2020-05-14,2020-05-15,ROU,Romania,HPAI,0.697,verified,media_cluster,media,synthetic
BEACON-0000218,2020-05-14,2020-05-16,BGR,Bulgaria,HPAI,0.389,verified,unusual_mortality,media;official,synthetic
BEACON-0000219,2020-05-14,2020-05-14,SRB,Serbia,HPAI,0.329,unverified,unusual_mortality,media,synthetic
BEACON-0000220,2020-05-15,2020-05-15,SRB,Serbia,HPAI,0.676,verified,unusual_mortality,media,synthetic
BEACON-0000221,2020-05-14,2020-05-14,UKR,Ukraine,HPAI,0.59,verified,unusual_mortality,field,synthetic
BEACON-0000222,2020-05-14,2020-05-14,MDA,Moldova,HPAI,0.702,verified,media_cluster,media,synthetic
BEACON-0000223,2020-05-13,2020-05-15,TUR,Türkiye,HPAI,0.445,unverified,trade_alert,media,synthetic
BEACON-0000224,2020-05-16,2020-05-16,TUR,Türkiye,HPAI,0.342,unverified,syndromic,media,synthetic
BEACON-0000225,2020-05-16,2020-05-18,TUR,Türkiye,HPAI,0.433,unverified,media_cluster,media,synthetic
BEACON-0000226,2020-05-12,2020-05-13,GEO,Georgia,HPAI,0.26,unverified,unusual_mortality,media,synthetic
BEACON-0000227,2020-05-13,2020-05-14,GEO,Georgia,HPAI,0.581,unverified,unusual_mortality,media;official,synthetic
BEACON-0000228,2020-05-15,2020-05-16,EGY,Egypt,HPAI,0.62,verified,unusual_mortality,media,synthetic
BEACON-0000229,2020-05-18,2020-05-20,DEU,Germany,HPAI,0.531,unverified,media_cluster,media,synthetic
BEACON-0000230,2020-05-18,2020-05-20,NLD,Netherlands,HPAI,0.239,unverified,media_cluster,media,synthetic
BEACON-0000231,2020-05-23,2020-05-25,ITA,Italy,HPAI,0.709,verified,unusual_mortality,official,synthetic
BEACON-0000232,2020-05-19,2020-05-19,HUN,Hungary,HPAI,0.412,unverified,media_cluster,media,synthetic
BEACON-0000233,2020-05-23,2020-05-24,HUN,Hungary,HPAI,0.099,unverified,unusual_mortality,media;official,synthetic
BEACON-0000234,2020-05-18,2020-05-19,HUN,Hungary,HPAI,0.476,unverified,media_cluster,media,synthetic
BEACON-0000235,2020-05-18,2020-05-19,ROU,Romania,HPAI,0.253,unverified,syndromic,field,synthetic
BEACON-0000236,2020-05-18,2020-05-20,BGR,Bulgaria,HPAI,0.424,unverified,unusual_mortality,field,synthetic
BEACON-0000237,2020-05-21,2020-05-23,SRB,Serbia,HPAI,0.233,unverified,unusual_mortality,field,synthetic
BEACON-0000238,2020-05-18,2020-05-20,UKR,Ukraine,HPAI,0.347,verified,trade_alert,media,synthetic
BEACON-0000239,2020-05-18,2020-05-20,GEO,Georgia,HPAI,0.286,unverified,unusual_mortality,media,synthetic
BEACON-0000240,2020-05-23,2020-05-25,EGY,Egypt,HPAI,0.403,verified,media_cluster,field,synthetic
BEACON-0000241,2020-05-28,2020-05-28,FRA,France,HPAI,0.119,verified,media_cluster,official,synthetic
BEACON-0000242,2020-05-26,2020-05-26,ITA,Italy,HPAI,0.541,verified,syndromic,media,synthetic
BEACON-0000243,2020-05-28,2020-05-28,HUN,Hungary,HPAI,0.439,verified,media_cluster,media,synthetic
BEACON-0000244,2020-05-26,2020-05-28,HUN,Hungary,HPAI,0.417,unverified,syndromic,field,synthetic
BEACON-0000245,2020-05-30,2020-06-01,SRB,Serbia,HPAI,0.669,unverified,unusual_mortality,media;official,synthetic
BEACON-0000246,2020-05-29,2020-05-30,UKR,Ukraine,HPAI,0.136,unverified,unusual_mortality,media,synthetic
BEACON-0000247,2020-05-29,2020-05-30,RUS,Russian Federation,HPAI,0.61,unverified,media_cluster,media,synthetic
BEACON-0000248,2020-05-25,2020-05-25,RUS,Russian Federation,HPAI,0.365,unverified,unusual_mortality,media,synthetic
BEACON-0000249,2020-06-03,2020-06-04,FRA,France,HPAI,0.255,verified,media_cluster,official,synthetic
BEACON-0000250,2020-06-02,2020-06-04,BEL,Belgium,HPAI,0.631,unverified,media_cluster,official,synthetic
BEACON-0000251,2020-06-02,2020-06-03,BEL,Belgium,HPAI,0.178,unverified,media_cluster,media,synthetic
BEACON-0000252,2020-06-03,2020-06-03,ESP,Spain,HPAI,0.573,verified,syndromic,media;official,synthetic
BEACON-0000253,2020-06-03,2020-06-04,BGR,Bulgaria,HPAI,0.306,unverified,unusual_mortality,media,synthetic
BEACON-0000254,2020-06-06,2020-06-07,SRB,Serbia,HPAI,0.792,verified,media_cluster,official,synthetic
BEACON-0000255,2020-06-01,2020-06-01,SRB,Serbia,HPAI,0.024,verified,unusual_mortality,media;official,synthetic
BEACON-0000256,2020-06-04,2020-06-04,MDA,Moldova,HPAI,0.273,verified,media_cluster,media;official,synthetic
BEACON-0000257,2020-06-01,2020-06-02,MDA,Moldova,HPAI,0.356,unverified,media_cluster,official,synthetic
BEACON-0000258,2020-06-06,2020-06-08,RUS,Russian Federation,HPAI,0.388,unverified,syndromic,media,synthetic
BEACON-0000259,2020-06-02,2020-06-04,TUR,Türkiye,HPAI,0.031,unverified,syndromic,media;official,synthetic
BEACON-0000260,2020-06-08,2020-06-09,FRA,France,HPAI,0.705,verified,media_cluster,media;official,synthetic
BEACON-0000261,2020-06-10,2020-06-11,FRA,France,HPAI,0.248,unverified,unusual_mortality,media,synthetic
BEACON-0000262,2020-06-08,2020-06-08,DEU,Germany,HPAI,0.333,verified,unusual_mortality,media,synthetic
BEACON-0000263,2020-06-12,2020-06-14,ITA,Italy,HPAI,0.154,verified,unusual_mortality,media,synthetic
BEACON-0000264,2020-06-13,2020-06-13,ESP,Spain,HPAI,0.502,unverified,media_cluster,media,synthetic
BEACON-0000265,2020-06-12,2020-06-13,POL,Poland,HPAI,0.205,verified,unusual_mortality,media,synthetic
BEACON-0000266,2020-06-12,2020-06-14,ROU,Romania,HPAI,0.48,unverified,media_cluster,media,synthetic
BEACON-0000267,2020-06-12,2020-06-12,UKR,Ukraine,HPAI,0.432,unverified,unusual_mortality,field,synthetic
BEACON-0000268,2020-06-09,2020-06-10,UKR,Ukraine,HPAI,0.346,verified,unusual_mortality,media,synthetic
BEACON-0000269,2020-06-13,2020-06-15,RUS,Russian Federation,HPAI,0.429,unverified,unusual_mortality,media;official,synthetic
BEACON-0000270,2020-06-10,2020-06-12,TUR,Türkiye,HPAI,0.238,unverified,unusual_mortality,media;official,synthetic
BEACON-0000271,2020-06-12,2020-06-13,ISR,Israel,HPAI,0.333,unverified,media_cluster,media;official,synthetic
BEACON-0000272,2020-06-09,2020-06-09,EGY,Egypt,HPAI,0.418,verified,media_cluster,official,synthetic
BEACON-0000273,2020-06-12,2020-06-14,MAR,Morocco,HPAI,0.325,verified,media_cluster,official,synthetic
BEACON-0000274,2020-06-13,2020-06-13,MAR,Morocco,HPAI,0.597,unverified,unusual_mortality,media;official,synthetic
BEACON-0000275,2020-06-08,2020-06-10,MAR,Morocco,HPAI,0.593,verified,media_cluster,media;official,synthetic
BEACON-0000276,2020-06-20,2020-06-22,NLD,Netherlands,HPAI,0.368,unverified,media_cluster,official,synthetic
BEACON-0000277,2020-06-16,2020-06-18,ITA,Italy,HPAI,0.272,verified,media_cluster,media;official,synthetic
BEACON-0000278,2020-06-18,2020-06-19,ROU,Romania,HPAI,0.699,unverified,trade_alert,official,synthetic
BEACON-0000279,2020-06-18,2020-06-20,GEO,Georgia,HPAI,0.258,verified,trade_alert,media,synthetic
BEACON-0000280,2020-06-18,2020-06-19,TUN,Tunisia,HPAI,0.266,unverified,media_cluster,media,synthetic
BEACON-0000281,2020-06-15,2020-06-17,MAR,Morocco,HPAI,0.256,unverified,syndromic,media,synthetic
BEACON-0000282,2020-06-27,2020-06-29,ITA,Italy,HPAI,0.268,unverified,media_cluster,media;official,synthetic
BEACON-0000283,2020-06-25,2020-06-27,ITA,Italy,HPAI,0.561,unverified,syndromic,media,synthetic
BEACON-0000284,2020-06-27,2020-06-28,ROU,Romania,HPAI,0.171,unverified,syndromic,media,synthetic
BEACON-0000285,2020-06-25,2020-06-26,BGR,Bulgaria,HPAI,0.243,verified,unusual_mortality,media,synthetic
BEACON-0000286,2020-06-22,2020-06-24,SRB,Serbia,HPAI,0.341,verified,media_cluster,media,synthetic
BEACON-0000287,2020-06-26,2020-06-28,RUS,Russian Federation,HPAI,0.323,verified,unusual_mortality,media,synthetic
BEACON-0000288,2020-06-26,2020-06-26,MAR,Morocco,HPAI,0.806,unverified,unusual_mortality,media;official,synthetic
BEACON-0000289,2020-07-03,2020-07-04,FRA,France,HPAI,0.52,verified,syndromic,official,synthetic
BEACON-0000290,2020-07-01,2020-07-03,FRA,France,HPAI,0.541,verified,media_cluster,field,synthetic
BEACON-0000291,2020-06-29,2020-07-01,NLD,Netherlands,HPAI,0.148,verified,unusual_mortality,media;official,synthetic
BEACON-0000292,2020-07-02,2020-07-03,BGR,Bulgaria,HPAI,0.728,verified,unusual_mortality,media,synthetic
BEACON-0000293,2020-07-04,2020-07-04,RUS,Russian Federation,HPAI,0.453,verified,unusual_mortality,media,synthetic
BEACON-0000294,2020-07-04,2020-07-04,RUS,Russian Federation,HPAI,0.314,verified,unusual_mortality,media,synthetic
BEACON-0000295,2020-07-03,2020-07-05,MAR,Morocco,HPAI,0.307,unverified,media_cluster,media;official,synthetic
BEACON-0000296,2020-07-07,2020-07-08,FRA,France,HPAI,0.727,unverified,media_cluster,media,synthetic
BEACON-0000297,2020-07-10,2020-07-10,DEU,Germany,HPAI,0.126,verified,unusual_mortality,media,synthetic
BEACON-0000298,2020-07-10,2020-07-10,NLD,Netherlands,HPAI,0.238,unverified,media_cluster,media,synthetic
BEACON-0000299,2020-07-11,2020-07-12,BEL,Belgium,HPAI,0.456,verified,media_cluster,media,synthetic
BEACON-0000300,2020-07-08,2020-07-10,ROU,Romania,HPAI,0.05,verified,unusual_mortality,media;official,synthetic
BEACON-0000301,2020-07-11,2020-07-13,UKR,Ukraine,HPAI,0.405,unverified,syndromic,field,synthetic
BEACON-0000302,2020-07-08,2020-07-09,RUS,Russian Federation,HPAI,0.391,verified,unusual_mortality,field,synthetic
BEACON-0000303,2020-07-08,2020-07-08,RUS,Russian Federation,HPAI,0.406,verified,unusual_mortality,official,synthetic
BEACON-0000304,2020-07-09,2020-07-09,TUR,Türkiye,HPAI,0.129,unverified,unusual_mortality,media;official,synthetic
BEACON-0000305,2020-07-11,2020-07-11,TUR,Türkiye,HPAI,0.112,unverified,unusual_mortality,field,synthetic
BEACON-0000306,2020-07-09,2020-07-10,GEO,Georgia,HPAI,0.724,verified,unusual_mortality,media,synthetic
BEACON-0000307,2020-07-11,2020-07-11,ISR,Israel,HPAI,0.018,verified,media_cluster,media;official,synthetic
BEACON-0000308,2020-07-11,2020-07-12,ISR,Israel,HPAI,0.241,verified,media_cluster,media,synthetic
BEACON-0000309,2020-07-14,2020-07-15,FRA,France,HPAI,0.728,unverified,syndromic,field,synthetic
BEACON-0000310,2020-07-16,2020-07-17,GEO,Georgia,HPAI,0.54,verified,unusual_mortality,media,synthetic
BEACON-0000311,2020-07-17,2020-07-18,ISR,Israel,HPAI,0.719,verified,unusual_mortality,official,synthetic
BEACON-0000312,2020-07-15,2020-07-16,EGY,Egypt,HPAI,0.372,verified,syndromic,media;official,synthetic
BEACON-0000313,2020-07-14,2020-07-16,MAR,Morocco,HPAI,0.527,verified,media_cluster,media,synthetic
BEACON-0000314,2020-07-22,2020-07-22,FRA,France,HPAI,0.43,unverified,syndromic,media,synthetic
BEACON-0000315,2020-07-23,2020-07-25,DEU,Germany,HPAI,0.273,unverified,unusual_mortality,media;official,synthetic
BEACON-0000316,2020-07-20,2020-07-21,BEL,Belgium,HPAI,0.179,unverified,media_cluster,media,synthetic
BEACON-0000317,2020-07-21,2020-07-22,ROU,Romania,HPAI,0.57,unverified,unusual_mortality,media,synthetic
BEACON-0000318,2020-07-25,2020-07-27,BGR,Bulgaria,HPAI,0.084,unverified,media_cluster,media,synthetic
BEACON-0000319,2020-07-23,2020-07-24,EGY,Egypt,HPAI,0.227,unverified,media_cluster,media,synthetic
BEACON-0000320,2020-07-25,2020-07-26,EGY,Egypt,HPAI,0.11,verified,unusual_mortality,field,synthetic
BEACON-0000321,2020-07-27,2020-07-28,FRA,France,HPAI,0.452,verified,media_cluster,official,synthetic
BEACON-0000322,2020-07-30,2020-07-30,HUN,Hungary,HPAI,0.259,verified,unusual_mortality,media,synthetic
BEACON-0000323,2020-07-29,2020-07-30,UKR,Ukraine,HPAI,0.2,unverified,trade_alert,official,synthetic
BEACON-0000324,2020-07-31,2020-08-01,GEO,Georgia,HPAI,0.58,unverified,unusual_mortality,official,synthetic
BEACON-0000325,2020-07-29,2020-07-31,TUN,Tunisia,HPAI,0.133,verified,unusual_mortality,media,synthetic
BEACON-0000326,2020-07-28,2020-07-30,MAR,Morocco,HPAI,0.134,unverified,unusual_mortality,media;official,synthetic
BEACON-0000327,2020-08-03,2020-08-03,POL,Poland,HPAI,0.34,unverified,unusual_mortality,official,synthetic
BEACON-0000328,2020-08-07,2020-08-09,HUN,Hungary,HPAI,0.191,verified,media_cluster,field,synthetic
BEACON-0000329,2020-08-08,2020-08-08,BGR,Bulgaria,HPAI,0.254,unverified,unusual_mortality,media;official,synthetic
BEACON-0000330,2020-08-08,2020-08-08,SRB,Serbia,HPAI,0.277,verified,syndromic,media;official,synthetic
BEACON-0000331,2020-08-08,2020-08-08,SRB,Serbia,HPAI,0.561,unverified,media_cluster,media,synthetic
BEACON-0000332,2020-08-05,2020-08-05,SRB,Serbia,HPAI,0.196,unverified,media_cluster,media,synthetic
BEACON-0000333,2020-08-05,2020-08-07,UKR,Ukraine,HPAI,0.264,verified,trade_alert,media,synthetic
BEACON-0000334,2020-08-08,2020-08-10,MDA,Moldova,HPAI,0.182,unverified,unusual_mortality,official,synthetic
BEACON-0000335,2020-08-07,2020-08-08,MDA,Moldova,HPAI,0.43,unverified,media_cluster,media;official,synthetic
BEACON-0000336,2020-08-14,2020-08-16,NLD,Netherlands,HPAI,0.231,verified,unusual_mortality,media,synthetic
BEACON-0000337,2020-08-11,2020-08-12,BEL,Belgium,HPAI,0.184,verified,unusual_mortality,official,synthetic
BEACON-0000338,2020-08-10,2020-08-12,ESP,Spain,HPAI,0.746,verified,media_cluster,media;official,synthetic
BEACON-0000339,2020-08-12,2020-08-14,HUN,Hungary,HPAI,0.431,unverified,media_cluster,media;official,synthetic
BEACON-0000340,2020-08-11,2020-08-13,BGR,Bulgaria,HPAI,0.682,unverified,unusual_mortality,media,synthetic
BEACON-0000341,2020-08-13,2020-08-13,UKR,Ukraine,HPAI,0.315,unverified,media_cluster,media;official,synthetic
BEACON-0000342,2020-08-10,2020-08-11,TUN,Tunisia,HPAI,0.043,unverified,trade_alert,media,synthetic
BEACON-0000343,2020-08-12,2020-08-14,TUN,Tunisia,HPAI,0.892,verified,media_cluster,media;official,synthetic
BEACON-0000344,2020-08-22,2020-08-23,FRA,France,HPAI,0.152,verified,unusual_mortality,media,synthetic
BEACON-0000345,2020-08-19,2020-08-19,FRA,France,HPAI,0.413,verified,unusual_mortality,media,synthetic
BEACON-0000346,2020-08-21,2020-08-23,ITA,Italy,HPAI,0.557,unverified,media_cluster,field,synthetic
BEACON-0000347,2020-08-18,2020-08-19,ITA,Italy,HPAI,0.222,unverified,media_cluster,media;official,synthetic
BEACON-0000348,2020-08-18,2020-08-20,POL,Poland,HPAI,0.247,verified,syndromic,field,synthetic
BEACON-0000349,2020-08-22,2020-08-24,POL,Poland,HPAI,0.792,unverified,media_cluster,media,synthetic
BEACON-0000350,2020-08-17,2020-08-19,UKR,Ukraine,HPAI,0.305,unverified,unusual_mortality,official,synthetic
BEACON-0000351,2020-08-20,2020-08-20,UKR,Ukraine,HPAI,0.472,verified,media_cluster,field,synthetic
BEACON-0000352,2020-08-20,2020-08-21,TUR,Türkiye,HPAI,0.063,unverified,unusual_mortality,media,synthetic
BEACON-0000353,2020-08-21,2020-08-22,TUR,Türkiye,HPAI,0.252,verified,media_cluster,media,synthetic
BEACON-0000354,2020-08-18,2020-08-20,ISR,Israel,HPAI,0.707,unverified,unusual_mortality,media;official,synthetic
BEACON-0000355,2020-08-22,2020-08-23,ISR,Israel,HPAI,0.789,verified,media_cluster,media,synthetic
BEACON-0000356,2020-08-19,2020-08-21,MAR,Morocco,HPAI,0.246,unverified,unusual_mortality,media,synthetic
BEACON-0000357,2020-08-28,2020-08-30,NLD,Netherlands,HPAI,0.828,unverified,syndromic,media,synthetic
BEACON-0000358,2020-08-28,2020-08-29,ITA,Italy,HPAI,0.382,unverified,unusual_mortality,media;official,synthetic
BEACON-0000359,2020-08-29,2020-08-30,ESP,Spain,HPAI,0.508,unverified,syndromic,media,synthetic
BEACON-0000360,2020-08-28,2020-08-28,UKR,Ukraine,HPAI,0.414,unverified,unusual_mortality,media,synthetic
BEACON-0000361,2020-08-29,2020-08-31,MDA,Moldova,HPAI,0.414,verified,unusual_mortality,media,synthetic
BEACON-0000362,2020-08-28,2020-08-28,RUS,Russian Federation,HPAI,0.34,unverified,media_cluster,official,synthetic
BEACON-0000363,2020-08-27,2020-08-28,EGY,Egypt,HPAI,0.438,verified,unusual_mortality,media;official,synthetic
BEACON-0000364,2020-08-28,2020-08-28,TUN,Tunisia,HPAI,0.607,unverified,trade_alert,official,synthetic
BEACON-0000365,2020-08-28,2020-08-29,TUN,Tunisia,HPAI,0.196,unverified,media_cluster,media;official,synthetic
BEACON-0000366,2020-08-31,2020-08-31,DEU,Germany,HPAI,0.183,unverified,syndromic,media,synthetic
BEACON-0000367,2020-09-05,2020-09-06,NLD,Netherlands,HPAI,0.115,unverified,syndromic,official,synthetic
BEACON-0000368,2020-09-03,2020-09-04,BEL,Belgium,HPAI,0.156,unverified,media_cluster,official,synthetic
BEACON-0000369,2020-09-04,2020-09-06,BEL,Belgium,HPAI,0.042,verified,unusual_mortality,media;official,synthetic
BEACON-0000370,2020-09-05,2020-09-05,ITA,Italy,HPAI,0.31,verified,syndromic,official,synthetic
BEACON-0000371,2020-09-05,2020-09-06,ITA,Italy,HPAI,0.202,verified,unusual_mortality,media;official,synthetic
BEACON-0000372,2020-09-05,2020-09-06,ESP,Spain,HPAI,0.335,unverified,unusual_mortality,media,synthetic
BEACON-0000373,2020-09-03,2020-09-04,HUN,Hungary,HPAI,0.312,unverified,unusual_mortality,media,synthetic
BEACON-0000374,2020-09-04,2020-09-06,ROU,Romania,HPAI,0.553,unverified,unusual_mortality,media;official,synthetic
BEACON-0000375,2020-08-31,2020-09-01,UKR,Ukraine,HPAI,0.472,verified,syndromic,media,synthetic
BEACON-0000376,2020-09-04,2020-09-04,UKR,Ukraine,HPAI,0.137,unverified,syndromic,media,synthetic
BEACON-0000377,2020-09-03,2020-09-03,MDA,Moldova,HPAI,0.38,unverified,media_cluster,official,synthetic
BEACON-0000378,2020-09-02,2020-09-03,TUN,Tunisia,HPAI,0.231,unverified,unusual_mortality,media;official,synthetic
BEACON-0000379,2020-09-02,2020-09-03,MAR,Morocco,HPAI,0.275,unverified,media_cluster,field,synthetic
BEACON-0000380,2020-09-11,2020-09-11,NLD,Netherlands,HPAI,0.74,unverified,unusual_mortality,media,synthetic
BEACON-0000381,2020-09-09,2020-09-10,BEL,Belgium,HPAI,0.342,unverified,unusual_mortality,media,synthetic
BEACON-0000382,2020-09-09,2020-09-09,BEL,Belgium,HPAI,0.222,verified,trade_alert,media;official,synthetic
BEACON-0000383,2020-09-08,2020-09-08,ITA,Italy,HPAI,0.473,unverified,media_cluster,media;official,synthetic
BEACON-0000384,2020-09-08,2020-09-08,ESP,Spain,HPAI,0.254,unverified,syndromic,media;official,synthetic
BEACON-0000385,2020-09-08,2020-09-10,SRB,Serbia,HPAI,0.816,unverified,media_cluster,media,synthetic
BEACON-0000386,2020-09-10,2020-09-12,RUS,Russian Federation,HPAI,0.189,verified,unusual_mortality,official,synthetic
BEACON-0000387,2020-09-09,2020-09-10,TUR,Türkiye,HPAI,0.51,unverified,unusual_mortality,field,synthetic
BEACON-0000388,2020-09-07,2020-09-07,TUN,Tunisia,HPAI,0.225,unverified,unusual_mortality,media,synthetic
BEACON-0000389,2020-09-16,2020-09-16,NLD,Netherlands,HPAI,0.306,unverified,media_cluster,media,synthetic
BEACON-0000390,2020-09-18,2020-09-19,ESP,Spain,HPAI,0.274,unverified,unusual_mortality,media;official,synthetic
BEACON-0000391,2020-09-15,2020-09-15,BGR,Bulgaria,HPAI,0.67,unverified,unusual_mortality,media,synthetic
BEACON-0000392,2020-09-16,2020-09-17,UKR,Ukraine,HPAI,0.178,unverified,trade_alert,media,synthetic
BEACON-0000393,2020-09-14,2020-09-14,RUS,Russian Federation,HPAI,0.401,unverified,syndromic,media,synthetic
BEACON-0000394,2020-09-14,2020-09-15,TUR,Türkiye,HPAI,0.429,unverified,media_cluster,media,synthetic
BEACON-0000395,2020-09-18,2020-09-18,ISR,Israel,HPAI,0.163,verified,unusual_mortality,media;official,synthetic
BEACON-0000396,2020-09-16,2020-09-18,ISR,Israel,HPAI,0.718,unverified,media_cluster,media,synthetic
BEACON-0000397,2020-09-19,2020-09-21,TUN,Tunisia,HPAI,0.536,unverified,media_cluster,media,synthetic
BEACON-0000398,2020-09-23,2020-09-23,FRA,France,HPAI,0.556,unverified,media_cluster,official,synthetic
BEACON-0000399,2020-09-23,2020-09-25,DEU,Germany,HPAI,0.536,verified,syndromic,media,synthetic
BEACON-0000400,2020-09-25,2020-09-27,NLD,Netherlands,HPAI,0.277,unverified,media_cluster,media,synthetic
BEACON-0000401,2020-09-22,2020-09-23,NLD,Netherlands,HPAI,0.675,unverified,unusual_mortality,media,synthetic
BEACON-0000402,2020-09-24,2020-09-25,ISR,Israel,HPAI,0.478,unverified,media_cluster,official,synthetic
BEACON-0000403,2020-09-28,2020-09-29,DEU,Germany,HPAI,0.353,unverified,unusual_mortality,official,synthetic
BEACON-0000404,2020-09-29,2020-10-01,DEU,Germany,HPAI,0.682,verified,syndromic,official,synthetic
BEACON-0000405,2020-09-29,2020-09-30,NLD,Netherlands,HPAI,0.383,unverified,trade_alert,media,synthetic
BEACON-0000406,2020-09-30,2020-09-30,ITA,Italy,HPAI,0.857,unverified,unusual_mortality,official,synthetic
BEACON-0000407,2020-09-28,2020-09-30,POL,Poland,HPAI,0.334,unverified,media_cluster,media,synthetic
BEACON-0000408,2020-10-01,2020-10-03,ROU,Romania,HPAI,0.197,unverified,unusual_mortality,media,synthetic
BEACON-0000409,2020-10-02,2020-10-03,ROU,Romania,HPAI,0.57,unverified,media_cluster,media,synthetic
BEACON-0000410,2020-09-30,2020-10-02,SRB,Serbia,HPAI,0.119,unverified,media_cluster,media,synthetic
BEACON-0000411,2020-09-30,2020-09-30,TUR,Türkiye,HPAI,0.684,verified,trade_alert,media;official,synthetic
BEACON-0000412,2020-10-06,2020-10-06,FRA,France,HPAI,0.407,verified,media_cluster,media,synthetic
BEACON-0000413,2020-10-08,2020-10-09,FRA,France,HPAI,0.175,unverified,unusual_mortality,media,synthetic
BEACON-0000414,2020-10-07,2020-10-09,DEU,Germany,HPAI,0.396,unverified,media_cluster,media;official,synthetic
BEACON-0000415,2020-10-09,2020-10-11,ITA,Italy,HPAI,0.115,verified,media_cluster,field,synthetic
BEACON-0000416,2020-10-10,2020-10-10,ITA,Italy,HPAI,0.141,unverified,trade_alert,official,synthetic
BEACON-0000417,2020-10-08,2020-10-10,ITA,Italy,HPAI,0.748,verified,unusual_mortality,official,synthetic
BEACON-0000418,2020-10-08,2020-10-10,BGR,Bulgaria,HPAI,0.307,verified,media_cluster,media,synthetic
BEACON-0000419,2020-10-05,2020-10-05,RUS,Russian Federation,HPAI,0.461,verified,media_cluster,media,synthetic
BEACON-0000420,2020-10-05,2020-10-05,TUR,Türkiye,HPAI,0.436,unverified,unusual_mortality,media,synthetic
BEACON-0000421,2020-10-06,2020-10-08,TUN,Tunisia,HPAI,0.139,verified,media_cluster,media,synthetic
BEACON-0000422,2020-10-12,2020-10-13,DEU,Germany,HPAI,0.583,unverified,media_cluster,media,synthetic
BEACON-0000423,2020-10-17,2020-10-18,HUN,Hungary,HPAI,0.726,unverified,media_cluster,official,synthetic
BEACON-0000424,2020-10-14,2020-10-15,ROU,Romania,HPAI,0.701,unverified,trade_alert,media,synthetic
BEACON-0000425,2020-10-13,2020-10-14,GEO,Georgia,HPAI,0.393,verified,media_cluster,media,synthetic
BEACON-0000426,2020-10-14,2020-10-14,EGY,Egypt,HPAI,0.539,unverified,unusual_mortality,media,synthetic
BEACON-0000427,2020-10-16,2020-10-18,EGY,Egypt,HPAI,0.607,unverified,trade_alert,media,synthetic
BEACON-0000428,2020-10-12,2020-10-12,MAR,Morocco,HPAI,0.662,unverified,media_cluster,official,synthetic
BEACON-0000429,2020-10-13,2020-10-13,MAR,Morocco,HPAI,0.234,verified,syndromic,official,synthetic
BEACON-0000430,2020-10-21,2020-10-21,FRA,France,HPAI,0.367,verified,unusual_mortality,media,synthetic
BEACON-0000431,2020-10-20,2020-10-22,FRA,France,HPAI,0.528,unverified,trade_alert,official,synthetic
BEACON-0000432,2020-10-20,2020-10-22,DEU,Germany,HPAI,0.45,verified,trade_alert,media,synthetic
BEACON-0000433,2020-10-21,2020-10-22,DEU,Germany,HPAI,0.462,unverified,media_cluster,media,synthetic
BEACON-0000434,2020-10-19,2020-10-21,NLD,Netherlands,HPAI,0.612,verified,media_cluster,media,synthetic
BEACON-0000435,2020-10-23,2020-10-23,NLD,Netherlands,HPAI,0.162,unverified,unusual_mortality,media,synthetic
BEACON-0000436,2020-10-24,2020-10-24,NLD,Netherlands,HPAI,0.538,unverified,unusual_mortality,media,synthetic
BEACON-0000437,2020-10-20,2020-10-21,NLD,Netherlands,HPAI,0.798,unverified,unusual_mortality,media;official,synthetic
BEACON-0000438,2020-10-22,2020-10-24,BEL,Belgium,HPAI,0.354,verified,unusual_mortality,field,synthetic
BEACON-0000439,2020-10-23,2020-10-25,ITA,Italy,HPAI,0.416,unverified,unusual_mortality,official,synthetic
BEACON-0000440,2020-10-24,2020-10-26,HUN,Hungary,HPAI,0.735,unverified,unusual_mortality,official,synthetic
BEACON-0000441,2020-10-19,2020-10-21,RUS,Russian Federation,HPAI,0.436,unverified,unusual_mortality,field,synthetic
BEACON-0000442,2020-10-19,2020-10-20,RUS,Russian Federation,HPAI,0.342,verified,media_cluster,media,synthetic
BEACON-0000443,2020-10-21,2020-10-23,GEO,Georgia,HPAI,0.636,unverified,unusual_mortality,official,synthetic
BEACON-0000444,2020-10-21,2020-10-23,GEO,Georgia,HPAI,0.349,unverified,media_cluster,field,synthetic
BEACON-0000445,2020-10-21,2020-10-23,EGY,Egypt,HPAI,0.615,unverified,unusual_mortality,media;official,synthetic
BEACON-0000446,2020-10-31,2020-11-01,NLD,Netherlands,HPAI,0.202,unverified,unusual_mortality,media;official,synthetic
BEACON-0000447,2020-10-29,2020-10-30,BEL,Belgium,HPAI,0.44,verified,unusual_mortality,official,synthetic
BEACON-0000448,2020-10-26,2020-10-26,ITA,Italy,HPAI,0.741,unverified,media_cluster,media,synthetic
BEACON-0000449,2020-10-28,2020-10-30,ESP,Spain,HPAI,0.044,verified,unusual_mortality,media,synthetic
BEACON-0000450,2020-10-30,2020-10-31,HUN,Hungary,HPAI,0.304,unverified,trade_alert,media,synthetic
BEACON-0000451,2020-10-30,2020-10-30,SRB,Serbia,HPAI,0.05,verified,media_cluster,field,synthetic
BEACON-0000452,2020-10-31,2020-11-01,SRB,Serbia,HPAI,0.365,unverified,unusual_mortality,official,synthetic
BEACON-0000453,2020-10-30,2020-11-01,UKR,Ukraine,HPAI,0.934,unverified,media_cluster,media;official,synthetic
BEACON-0000454,2020-10-29,2020-10-29,RUS,Russian Federation,HPAI,0.315,unverified,syndromic,official,synthetic
BEACON-0000455,2020-10-29,2020-10-30,RUS,Russian Federation,HPAI,0.124,unverified,media_cluster,media;official,synthetic
BEACON-0000456,2020-10-31,2020-10-31,RUS,Russian Federation,HPAI,0.423,verified,media_cluster,media;official,synthetic
BEACON-0000457,2020-10-28,2020-10-28,MAR,Morocco,HPAI,0.683,unverified,unusual_mortality,media,synthetic
BEACON-0000458,2020-11-06,2020-11-08,FRA,France,HPAI,0.345,unverified,unusual_mortality,media,synthetic
BEACON-0000459,2020-11-04,2020-11-06,DEU,Germany,HPAI,0.456,verified,media_cluster,media,synthetic
BEACON-0000460,2020-11-04,2020-11-04,NLD,Netherlands,HPAI,0.621,unverified,media_cluster,media,synthetic
BEACON-0000461,2020-11-04,2020-11-04,NLD,Netherlands,HPAI,0.553,unverified,media_cluster,media;official,synthetic
BEACON-0000462,2020-11-05,2020-11-06,ESP,Spain,HPAI,0.324,unverified,media_cluster,field,synthetic
BEACON-0000463,2020-11-04,2020-11-06,POL,Poland,HPAI,0.126,unverified,unusual_mortality,field,synthetic
BEACON-0000464,2020-11-07,2020-11-07,BGR,Bulgaria,HPAI,0.353,unverified,media_cluster,media;official,synthetic
BEACON-0000465,2020-11-06,2020-11-07,BGR,Bulgaria,HPAI,0.301,unverified,trade_alert,field,synthetic
BEACON-0000466,2020-11-02,2020-11-02,SRB,Serbia,HPAI,0.735,verified,media_cluster,media,synthetic
BEACON-0000467,2020-11-05,2020-11-05,UKR,Ukraine,HPAI,0.523,verified,syndromic,media,synthetic
BEACON-0000468,2020-11-03,2020-11-03,RUS,Russian Federation,HPAI,0.185,verified,unusual_mortality,media;official,synthetic
BEACON-0000469,2020-11-06,2020-11-07,RUS,Russian Federation,HPAI,0.448,verified,unusual_mortality,media;official,synthetic
BEACON-0000470,2020-11-04,2020-11-04,ISR,Israel,HPAI,0.524,unverified,trade_alert,media,synthetic
BEACON-0000471,2020-11-07,2020-11-08,TUN,Tunisia,HPAI,0.16,unverified,unusual_mortality,media;official,synthetic
BEACON-0000472,2020-11-02,2020-11-04,TUN,Tunisia,HPAI,0.229,unverified,trade_alert,media,synthetic
BEACON-0000473,2020-11-10,2020-11-11,DEU,Germany,HPAI,0.173,unverified,unusual_mortality,media;official,synthetic
BEACON-0000474,2020-11-09,2020-11-11,DEU,Germany,HPAI,0.791,verified,media_cluster,media,synthetic
BEACON-0000475,2020-11-09,2020-11-10,NLD,Netherlands,HPAI,1.0,verified,unusual_mortality,media;official,synthetic
BEACON-0000476,2020-11-13,2020-11-14,NLD,Netherlands,HPAI,0.423,unverified,media_cluster,official,synthetic
BEACON-0000477,2020-11-14,2020-11-14,BEL,Belgium,HPAI,0.889,unverified,syndromic,field,synthetic
BEACON-0000478,2020-11-09,2020-11-11,ITA,Italy,HPAI,0.364,verified,syndromic,media,synthetic
BEACON-0000479,2020-11-11,2020-11-12,POL,Poland,HPAI,0.748,verified,unusual_mortality,media,synthetic
BEACON-0000480,2020-11-12,2020-11-13,HUN,Hungary,HPAI,0.3,verified,syndromic,media,synthetic
BEACON-0000481,2020-11-12,2020-11-14,ROU,Romania,HPAI,0.716,verified,unusual_mortality,media;official,synthetic
BEACON-0000482,2020-11-11,2020-11-13,SRB,Serbia,HPAI,0.777,unverified,media_cluster,media,synthetic
BEACON-0000483,2020-11-09,2020-11-09,UKR,Ukraine,HPAI,0.686,unverified,unusual_mortality,media,synthetic
BEACON-0000484,2020-11-11,2020-11-11,UKR,Ukraine,HPAI,0.657,unverified,media_cluster,media,synthetic
BEACON-0000485,2020-11-14,2020-11-14,RUS,Russian Federation,HPAI,0.485,verified,media_cluster,media;official,synthetic
BEACON-0000486,2020-11-12,2020-11-14,RUS,Russian Federation,HPAI,0.041,unverified,unusual_mortality,media,synthetic
BEACON-0000487,2020-11-11,2020-11-11,TUR,Türkiye,HPAI,0.683,unverified,unusual_mortality,media;official,synthetic
BEACON-0000488,2020-11-11,2020-11-12,TUR,Türkiye,HPAI,0.153,unverified,media_cluster,official,synthetic
BEACON-0000489,2020-11-14,2020-11-16,TUR,Türkiye,HPAI,0.294,verified,media_cluster,official,synthetic
BEACON-0000490,2020-11-14,2020-11-14,GEO,Georgia,HPAI,0.299,unverified,media_cluster,official,synthetic
BEACON-0000491,2020-11-10,2020-11-11,EGY,Egypt,HPAI,0.097,unverified,unusual_mortality,media,synthetic
BEACON-0000492,2020-11-12,2020-11-12,EGY,Egypt,HPAI,0.401,unverified,trade_alert,media;official,synthetic
BEACON-0000493,2020-11-19,2020-11-20,FRA,France,HPAI,0.798,unverified,syndromic,media;official,synthetic
BEACON-0000494,2020-11-19,2020-11-20,DEU,Germany,HPAI,0.17,verified,media_cluster,media,synthetic
BEACON-0000495,2020-11-17,2020-11-19,DEU,Germany,HPAI,0.509,unverified,media_cluster,official,synthetic
BEACON-0000496,2020-11-21,2020-11-22,NLD,Netherlands,HPAI,0.76,verified,media_cluster,media,synthetic
BEACON-0000497,2020-11-21,2020-11-23,NLD,Netherlands,HPAI,0.669,unverified,media_cluster,media;official,synthetic
BEACON-0000498,2020-11-17,2020-11-18,NLD,Netherlands,HPAI,0.919,verified,media_cluster,media,synthetic
BEACON-0000499,2020-11-16,2020-11-18,ITA,Italy,HPAI,0.995,unverified,unusual_mortality,media;official,synthetic
BEACON-0000500,2020-11-20,2020-11-20,ITA,Italy,HPAI,0.349,unverified,media_cluster,media,synthetic
BEACON-0000501,2020-11-17,2020-11-17,ITA,Italy,HPAI,0.28,verified,media_cluster,media,synthetic
BEACON-0000502,2020-11-16,2020-11-16,ESP,Spain,HPAI,0.061,unverified,media_cluster,media,synthetic
BEACON-0000503,2020-11-20,2020-11-22,HUN,Hungary,HPAI,0.27,unverified,media_cluster,media;official,synthetic
BEACON-0000504,2020-11-19,2020-11-20,BGR,Bulgaria,HPAI,0.146,unverified,media_cluster,media,synthetic
BEACON-0000505,2020-11-17,2020-11-17,SRB,Serbia,HPAI,0.458,unverified,syndromic,media;official,synthetic
BEACON-0000506,2020-11-16,2020-11-16,SRB,Serbia,HPAI,0.452,verified,unusual_mortality,media,synthetic
BEACON-0000507,2020-11-21,2020-11-22,UKR,Ukraine,HPAI,0.542,unverified,unusual_mortality,media;official,synthetic
BEACON-0000508,2020-11-17,2020-11-17,MDA,Moldova,HPAI,0.496,verified,syndromic,media;official,synthetic
BEACON-0000509,2020-11-17,2020-11-17,TUR,Türkiye,HPAI,0.215,unverified,syndromic,media,synthetic
BEACON-0000510,2020-11-20,2020-11-22,EGY,Egypt,HPAI,0.119,verified,media_cluster,official,synthetic
BEACON-0000511,2020-11-20,2020-11-20,EGY,Egypt,HPAI,0.35,unverified,media_cluster,media,synthetic
BEACON-0000512,2020-11-21,2020-11-23,TUN,Tunisia,HPAI,0.114,unverified,media_cluster,field,synthetic
BEACON-0000513,2020-11-19,2020-11-19,TUN,Tunisia,HPAI,0.583,unverified,media_cluster,official,synthetic
BEACON-0000514,2020-11-21,2020-11-23,TUN,Tunisia,HPAI,0.039,unverified,unusual_mortality,official,synthetic
BEACON-0000515,2020-11-19,2020-11-20,MAR,Morocco,HPAI,0.629,verified,unusual_mortality,media,synthetic
BEACON-0000516,2020-11-17,2020-11-18,MAR,Morocco,HPAI,0.516,verified,media_cluster,media;official,synthetic
BEACON-0000517,2020-11-24,2020-11-26,FRA,France,HPAI,0.784,unverified,media_cluster,official,synthetic
BEACON-0000518,2020-11-25,2020-11-27,FRA,France,HPAI,0.618,verified,syndromic,media,synthetic
BEACON-0000519,2020-11-23,2020-11-23,FRA,France,HPAI,0.962,unverified,syndromic,media;official,synthetic
BEACON-0000520,2020-11-24,2020-11-25,FRA,France,HPAI,0.743,verified,syndromic,media;official,synthetic
BEACON-0000521,2020-11-23,2020-11-24,FRA,France,HPAI,0.801,unverified,syndromic,official,synthetic
BEACON-0000522,2020-11-23,2020-11-24,DEU,Germany,HPAI,0.302,unverified,media_cluster,media,synthetic
BEACON-0000523,2020-11-23,2020-11-24,DEU,Germany,HPAI,0.258,verified,syndromic,media,synthetic
BEACON-0000524,2020-11-23,2020-11-25,NLD,Netherlands,HPAI,0.758,unverified,syndromic,media,synthetic
BEACON-0000525,2020-11-26,2020-11-28,NLD,Netherlands,HPAI,0.862,unverified,media_cluster,media;official,synthetic
BEACON-0000526,2020-11-23,2020-11-24,NLD,Netherlands,HPAI,1.0,unverified,syndromic,media;official,synthetic
BEACON-0000527,2020-11-28,2020-11-29,NLD,Netherlands,HPAI,0.736,verified,unusual_mortality,media,synthetic
BEACON-0000528,2020-11-26,2020-11-28,NLD,Netherlands,HPAI,0.567,verified,unusual_mortality,official,synthetic
BEACON-0000529,2020-11-26,2020-11-28,NLD,Netherlands,HPAI,0.852,verified,unusual_mortality,media,synthetic
BEACON-0000530,2020-11-27,2020-11-27,BEL,Belgium,HPAI,0.761,unverified,media_cluster,media,synthetic
BEACON-0000531,2020-11-26,2020-11-26,BEL,Belgium,HPAI,0.881,unverified,unusual_mortality,media;official,synthetic
BEACON-0000532,2020-11-23,2020-11-23,ESP,Spain,HPAI,0.589,verified,unusual_mortality,media;official,synthetic
BEACON-0000533,2020-11-28,2020-11-28,ESP,Spain,HPAI,0.523,verified,unusual_mortality,official,synthetic
BEACON-0000534,2020-11-24,2020-11-26,ESP,Spain,HPAI,0.462,verified,media_cluster,media;official,synthetic
BEACON-0000535,2020-11-26,2020-11-28,POL,Poland,HPAI,0.318,unverified,trade_alert,media,synthetic
BEACON-0000536,2020-11-28,2020-11-30,HUN,Hungary,HPAI,1.0,unverified,media_cluster,media,synthetic
BEACON-0000537,2020-11-28,2020-11-29,HUN,Hungary,HPAI,0.625,unverified,media_cluster,media,synthetic
BEACON-0000538,2020-11-25,2020-11-26,BGR,Bulgaria,HPAI,0.352,unverified,media_cluster,media,synthetic
BEACON-0000539,2020-11-27,2020-11-27,UKR,Ukraine,HPAI,0.579,verified,media_cluster,media,synthetic
BEACON-0000540,2020-11-27,2020-11-27,MDA,Moldova,HPAI,0.516,verified,media_cluster,media,synthetic
BEACON-0000541,2020-11-23,2020-11-24,RUS,Russian Federation,HPAI,0.239,unverified,unusual_mortality,media,synthetic
BEACON-0000542,2020-11-26,2020-11-27,GEO,Georgia,HPAI,0.153,verified,media_cluster,media;official,synthetic
BEACON-0000543,2020-11-25,2020-11-26,MAR,Morocco,HPAI,0.743,unverified,media_cluster,media,synthetic
BEACON-0000544,2020-12-04,2020-12-06,FRA,France,HPAI,0.657,verified,trade_alert,media,synthetic
BEACON-0000545,2020-12-04,2020-12-05,FRA,France,HPAI,1.0,unverified,unusual_mortality,media,synthetic
BEACON-0000546,2020-12-05,2020-12-06,NLD,Netherlands,HPAI,1.0,verified,media_cluster,media,synthetic
BEACON-0000547,2020-12-01,2020-12-03,NLD,Netherlands,HPAI,0.728,unverified,media_cluster,media,synthetic
BEACON-0000548,2020-12-01,2020-12-01,NLD,Netherlands,HPAI,0.758,verified,media_cluster,media,synthetic
BEACON-0000549,2020-12-03,2020-12-04,NLD,Netherlands,HPAI,0.771,verified,syndromic,official,synthetic
BEACON-0000550,2020-11-30,2020-12-01,BEL,Belgium,HPAI,0.42,unverified,trade_alert,media,synthetic
BEACON-0000551,2020-12-05,2020-12-05,ESP,Spain,HPAI,0.823,verified,unusual_mortality,media,synthetic
BEACON-0000552,2020-12-04,2020-12-06,HUN,Hungary,HPAI,0.919,unverified,unusual_mortality,media;official,synthetic
BEACON-0000553,2020-12-04,2020-12-04,HUN,Hungary,HPAI,0.653,verified,media_cluster,media,synthetic
BEACON-0000554,2020-12-05,2020-12-05,ROU,Romania,HPAI,0.603,unverified,unusual_mortality,media;official,synthetic
BEACON-0000555,2020-12-05,2020-12-07,BGR,Bulgaria,HPAI,0.779,unverified,unusual_mortality,media;official,synthetic
BEACON-0000556,2020-12-02,2020-12-04,SRB,Serbia,HPAI,0.385,unverified,media_cluster,media,synthetic
BEACON-0000557,2020-12-02,2020-12-02,UKR,Ukraine,HPAI,0.913,verified,syndromic,media,synthetic
BEACON-0000558,2020-11-30,2020-12-02,UKR,Ukraine,HPAI,0.528,unverified,unusual_mortality,media,synthetic
BEACON-0000559,2020-12-01,2020-12-03,UKR,Ukraine,HPAI,1.0,verified,media_cluster,media,synthetic
BEACON-0000560,2020-11-30,2020-12-01,UKR,Ukraine,HPAI,0.981,verified,syndromic,media,synthetic
BEACON-0000561,2020-12-03,2020-12-03,UKR,Ukraine,HPAI,0.853,verified,unusual_mortality,field,synthetic
BEACON-0000562,2020-12-05,2020-12-05,MDA,Moldova,HPAI,0.828,unverified,media_cluster,media,synthetic
BEACON-0000563,2020-12-03,2020-12-04,MDA,Moldova,HPAI,0.604,unverified,media_cluster,field,synthetic
BEACON-0000564,2020-12-05,2020-12-05,TUR,Türkiye,HPAI,0.705,unverified,unusual_mortality,media,synthetic
BEACON-0000565,2020-12-03,2020-12-05,ISR,Israel,HPAI,0.404,verified,media_cluster,media;official,synthetic
BEACON-0000566,2020-12-03,2020-12-03,ISR,Israel,HPAI,0.572,unverified,unusual_mortality,official,synthetic
BEACON-0000567,2020-12-01,2020-12-02,ISR,Israel,HPAI,0.423,verified,unusual_mortality,media,synthetic
BEACON-0000568,2020-12-12,2020-12-13,FRA,France,HPAI,0.396,unverified,syndromic,media;official,synthetic
BEACON-0000569,2020-12-09,2020-12-11,FRA,France,HPAI,0.96,unverified,media_cluster,media,synthetic
BEACON-0000570,2020-12-10,2020-12-10,FRA,France,HPAI,0.701,verified,media_cluster,media,synthetic
BEACON-0000571,2020-12-12,2020-12-13,DEU,Germany,HPAI,0.261,unverified,unusual_mortality,field,synthetic
BEACON-0000572,2020-12-07,2020-12-09,DEU,Germany,HPAI,0.259,unverified,syndromic,media;official,synthetic
BEACON-0000573,2020-12-09,2020-12-10,NLD,Netherlands,HPAI,0.669,unverified,unusual_mortality,field,synthetic
BEACON-0000574,2020-12-07,2020-12-09,BEL,Belgium,HPAI,0.851,unverified,media_cluster,media,synthetic
BEACON-0000575,2020-12-12,2020-12-14,BEL,Belgium,HPAI,0.456,verified,syndromic,media;official,synthetic
BEACON-0000576,2020-12-12,2020-12-12,BEL,Belgium,HPAI,0.35,unverified,media_cluster,media;official,synthetic
BEACON-0000577,2020-12-11,2020-12-11,BEL,Belgium,HPAI,0.415,unverified,media_cluster,media,synthetic
BEACON-0000578,2020-12-10,2020-12-11,ESP,Spain,HPAI,1.0,unverified,media_cluster,field,synthetic
BEACON-0000579,2020-12-09,2020-12-11,ESP,Spain,HPAI,0.6,verified,unusual_mortality,media,synthetic
BEACON-0000580,2020-12-10,2020-12-11,ESP,Spain,HPAI,0.783,unverified,media_cluster,field,synthetic
BEACON-0000581,2020-12-07,2020-12-08,POL,Poland,HPAI,0.428,verified,media_cluster,official,synthetic
BEACON-0000582,2020-12-09,2020-12-11,SRB,Serbia,HPAI,0.355,unverified,media_cluster,official,synthetic
BEACON-0000583,2020-12-10,2020-12-10,UKR,Ukraine,HPAI,0.873,verified,unusual_mortality,official,synthetic
BEACON-0000584,2020-12-08,2020-12-08,UKR,Ukraine,HPAI,0.626,unverified,media_cluster,official,synthetic
BEACON-0000585,2020-12-07,2020-12-07,UKR,Ukraine,HPAI,1.0,verified,media_cluster,media,synthetic
BEACON-0000586,2020-12-10,2020-12-10,UKR,Ukraine,HPAI,1.0,unverified,media_cluster,field,synthetic
BEACON-0000587,2020-12-10,2020-12-11,MDA,Moldova,HPAI,0.445,verified,media_cluster,official,synthetic
BEACON-0000588,2020-12-08,2020-12-08,TUR,Türkiye,HPAI,0.181,unverified,unusual_mortality,media;official,synthetic
BEACON-0000589,2020-12-12,2020-12-12,GEO,Georgia,HPAI,0.723,verified,unusual_mortality,media,synthetic
BEACON-0000590,2020-12-08,2020-12-10,GEO,Georgia,HPAI,0.82,unverified,unusual_mortality,media,synthetic
BEACON-0000591,2020-12-09,2020-12-11,EGY,Egypt,HPAI,0.316,unverified,unusual_mortality,field,synthetic
BEACON-0000592,2020-12-07,2020-12-09,MAR,Morocco,HPAI,0.253,verified,syndromic,media;official,synthetic
BEACON-0000593,2020-12-16,2020-12-16,FRA,France,HPAI,1.0,verified,media_cluster,media;official,synthetic
BEACON-0000594,2020-12-15,2020-12-16,FRA,France,HPAI,0.889,verified,media_cluster,media,synthetic
BEACON-0000595,2020-12-15,2020-12-16,FRA,France,HPAI,0.986,verified,trade_alert,media,synthetic
BEACON-0000596,2020-12-18,2020-12-19,FRA,France,HPAI,1.0,unverified,media_cluster,media,synthetic
BEACON-0000597,2020-12-18,2020-12-19,DEU,Germany,HPAI,0.471,verified,trade_alert,media;official,synthetic
BEACON-0000598,2020-12-17,2020-12-17,DEU,Germany,HPAI,0.345,unverified,media_cluster,media;official,synthetic
BEACON-0000599,2020-12-19,2020-12-21,NLD,Netherlands,HPAI,0.721,unverified,syndromic,official,synthetic
BEACON-0000600,2020-12-15,2020-12-16,NLD,Netherlands,HPAI,0.627,verified,unusual_mortality,media,synthetic
BEACON-0000601,2020-12-15,2020-12-17,BEL,Belgium,HPAI,0.435,verified,media_cluster,media,synthetic
BEACON-0000602,2020-12-16,2020-12-16,BEL,Belgium,HPAI,0.368,unverified,media_cluster,field,synthetic
BEACON-0000603,2020-12-14,2020-12-14,BEL,Belgium,HPAI,0.596,unverified,unusual_mortality,media,synthetic
BEACON-0000604,2020-12-16,2020-12-16,ITA,Italy,HPAI,1.0,verified,syndromic,official,synthetic
BEACON-0000605,2020-12-14,2020-12-15,ITA,Italy,HPAI,1.0,verified,media_cluster,media,synthetic
BEACON-0000606,2020-12-15,2020-12-15,ITA,Italy,HPAI,1.0,unverified,media_cluster,media;official,synthetic
BEACON-0000607,2020-12-17,2020-12-18,ITA,Italy,HPAI,1.0,verified,media_cluster,media,synthetic
BEACON-0000608,2020-12-19,2020-12-21,ESP,Spain,HPAI,0.608,unverified,unusual_mortality,media,synthetic
BEACON-0000609,2020-12-18,2020-12-20,HUN,Hungary,HPAI,1.0,verified,media_cluster,official,synthetic
BEACON-0000610,2020-12-14,2020-12-15,ROU,Romania,HPAI,0.395,unverified,media_cluster,field,synthetic
BEACON-0000611,2020-12-14,2020-12-15,ROU,Romania,HPAI,0.896,verified,media_cluster,official,synthetic
BEACON-0000612,2020-12-17,2020-12-17,SRB,Serbia,HPAI,1.0,unverified,media_cluster,media,synthetic
BEACON-0000613,2020-12-15,2020-12-16,MDA,Moldova,HPAI,0.849,unverified,media_cluster,official,synthetic
BEACON-0000614,2020-12-15,2020-12-15,MDA,Moldova,HPAI,0.469,verified,unusual_mortality,media,synthetic
BEACON-0000615,2020-12-19,2020-12-21,MDA,Moldova,HPAI,0.706,unverified,trade_alert,official,synthetic
BEACON-0000616,2020-12-14,2020-12-14,RUS,Russian Federation,HPAI,0.199,unverified,media_cluster,media,synthetic
BEACON-0000617,2020-12-17,2020-12-19,RUS,Russian Federation,HPAI,0.442,verified,media_cluster,media,synthetic
BEACON-0000618,2020-12-15,2020-12-16,TUR,Türkiye,HPAI,0.429,verified,unusual_mortality,media;official,synthetic
BEACON-0000619,2020-12-18,2020-12-18,MAR,Morocco,HPAI,0.358,verified,media_cluster,official,synthetic
BEACON-0000620,2020-12-18,2020-12-20,MAR,Morocco,HPAI,0.2,unverified,unusual_mortality,media;official,synthetic
BEACON-0000621,2020-12-19,2020-12-20,MAR,Morocco,HPAI,0.577,unverified,media_cluster,field,synthetic
BEACON-0000622,2020-12-16,2020-12-18,MAR,Morocco,HPAI,0.091,unverified,media_cluster,media,synthetic
BEACON-0000623,2020-12-26,2020-12-27,FRA,France,HPAI,0.432,unverified,unusual_mortality,media,synthetic
BEACON-0000624,2020-12-22,2020-12-22,FRA,France,HPAI,0.58,verified,syndromic,media,synthetic
BEACON-0000625,2020-12-22,2020-12-24,NLD,Netherlands,HPAI,0.6,verified,unusual_mortality,official,synthetic
BEACON-0000626,2020-12-25,2020-12-27,NLD,Netherlands,HPAI,0.253,verified,media_cluster,media,synthetic
BEACON-0000627,2020-12-24,2020-12-24,BEL,Belgium,HPAI,0.292,unverified,media_cluster,official,synthetic
BEACON-0000628,2020-12-21,2020-12-21,ITA,Italy,HPAI,0.746,unverified,unusual_mortality,media;official,synthetic
BEACON-0000629,2020-12-25,2020-12-27,ITA,Italy,HPAI,1.0,unverified,unusual_mortality,official,synthetic
BEACON-0000630,2020-12-22,2020-12-23,ESP,Spain,HPAI,0.911,verified,media_cluster,media;official,synthetic
BEACON-0000631,2020-12-26,2020-12-26,ESP,Spain,HPAI,0.747,unverified,trade_alert,media;official,synthetic
BEACON-0000632,2020-12-22,2020-12-23,HUN,Hungary,HPAI,0.483,unverified,media_cluster,media,synthetic
BEACON-0000633,2020-12-22,2020-12-23,HUN,Hungary,HPAI,0.6,unverified,media_cluster,media,synthetic
BEACON-0000634,2020-12-25,2020-12-27,HUN,Hungary,HPAI,0.673,unverified,media_cluster,media,synthetic
BEACON-0000635,2020-12-24,2020-12-26,ROU,Romania,HPAI,0.856,unverified,media_cluster,media,synthetic
BEACON-0000636,2020-12-23,2020-12-23,ROU,Romania,HPAI,0.39,unverified,media_cluster,media,synthetic
BEACON-0000637,2020-12-26,2020-12-27,SRB,Serbia,HPAI,0.587,unverified,unusual_mortality,media,synthetic
BEACON-0000638,2020-12-25,2020-12-27,SRB,Serbia,HPAI,0.689,unverified,unusual_mortality,media,synthetic
BEACON-0000639,2020-12-25,2020-12-27,UKR,Ukraine,HPAI,0.9,unverified,unusual_mortality,media;official,synthetic
BEACON-0000640,2020-12-22,2020-12-24,MDA,Moldova,HPAI,0.922,unverified,media_cluster,media;official,synthetic
BEACON-0000641,2020-12-25,2020-12-25,RUS,Russian Federation,HPAI,0.083,unverified,syndromic,media,synthetic
BEACON-0000642,2020-12-22,2020-12-22,GEO,Georgia,HPAI,0.66,verified,trade_alert,media;official,synthetic
BEACON-0000643,2020-12-23,2020-12-25,GEO,Georgia,HPAI,0.304,verified,unusual_mortality,field,synthetic
BEACON-0000644,2020-12-21,2020-12-23,ISR,Israel,HPAI,0.476,unverified,unusual_mortality,media;official,synthetic
BEACON-0000645,2020-12-21,2020-12-23,TUN,Tunisia,HPAI,0.804,verified,syndromic,media,synthetic
BEACON-0000646,2020-12-24,2020-12-26,TUN,Tunisia,HPAI,1.0,unverified,unusual_mortality,field,synthetic
BEACON-0000647,2020-12-21,2020-12-21,TUN,Tunisia,HPAI,0.47,unverified,unusual_mortality,media,synthetic
BEACON-0000648,2020-12-24,2020-12-25,MAR,Morocco,HPAI,0.807,unverified,unusual_mortality,media;official,synthetic
BEACON-0000649,2020-12-22,2020-12-24,MAR,Morocco,HPAI,1.0,verified,syndromic,field,synthetic
BEACON-0000650,2020-12-26,2020-12-28,MAR,Morocco,HPAI,0.853,verified,unusual_mortality,official,synthetic
BEACON-0000651,2020-12-31,2020-12-31,NLD,Netherlands,HPAI,0.594,unverified,media_cluster,media,synthetic
BEACON-0000652,2020-12-29,2020-12-30,BEL,Belgium,HPAI,0.361,verified,trade_alert,official,synthetic
BEACON-0000653,2020-12-30,2021-01-01,BEL,Belgium,HPAI,0.392,unverified,unusual_mortality,media,synthetic
BEACON-0000654,2021-01-02,2021-01-02,BEL,Belgium,HPAI,0.51,unverified,media_cluster,media,synthetic
BEACON-0000655,2020-12-31,2020-12-31,ITA,Italy,HPAI,0.868,verified,media_cluster,media,synthetic
BEACON-0000656,2020-12-30,2020-12-30,ITA,Italy,HPAI,1.0,verified,syndromic,field,synthetic
BEACON-0000657,2020-12-29,2020-12-30,ITA,Italy,HPAI,0.952,unverified,syndromic,media;official,synthetic
BEACON-0000658,2020-12-31,2020-12-31,ESP,Spain,HPAI,0.896,unverified,media_cluster,media,synthetic
BEACON-0000659,2021-01-01,2021-01-02,ESP,Spain,HPAI,0.857,unverified,media_cluster,field,synthetic
BEACON-0000660,2020-12-30,2020-12-30,ESP,Spain,HPAI,0.649,verified,media_cluster,official,synthetic
BEACON-0000661,2020-12-29,2020-12-31,ESP,Spain,HPAI,1.0,unverified,media_cluster,media,synthetic
BEACON-0000662,2020-12-28,2020-12-30,ESP,Spain,HPAI,0.995,unverified,unusual_mortality,field,synthetic
BEACON-0000663,2020-12-29,2020-12-31,POL,Poland,HPAI,0.552,unverified,media_cluster,media;official,synthetic
BEACON-0000664,2020-12-28,2020-12-29,HUN,Hungary,HPAI,0.501,verified,unusual_mortality,media;official,synthetic
BEACON-0000665,2021-01-01,2021-01-01,ROU,Romania,HPAI,0.894,unverified,media_cluster,media,synthetic
BEACON-0000666,2021-01-01,2021-01-01,ROU,Romania,HPAI,0.664,unverified,unusual_mortality,media,synthetic
BEACON-0000667,2020-12-29,2020-12-29,SRB,Serbia,HPAI,0.588,unverified,media_cluster,media;official,synthetic
BEACON-0000668,2020-12-28,2020-12-30,UKR,Ukraine,HPAI,0.621,unverified,trade_alert,media,synthetic
BEACON-0000669,2021-01-02,2021-01-04,UKR,Ukraine,HPAI,0.536,verified,media_cluster,media,synthetic
BEACON-0000670,2021-01-02,2021-01-03,UKR,Ukraine,HPAI,0.395,unverified,media_cluster,media,synthetic
BEACON-0000671,2021-01-02,2021-01-04,MDA,Moldova,HPAI,0.175,unverified,unusual_mortality,media;official,synthetic
BEACON-0000672,2021-01-02,2021-01-02,ISR,Israel,HPAI,0.407,verified,unusual_mortality,media;official,synthetic
BEACON-0000673,2020-12-28,2020-12-28,TUN,Tunisia,HPAI,0.609,unverified,media_cluster,media,synthetic
BEACON-0000674,2021-01-02,2021-01-02,MAR,Morocco,HPAI,0.785,verified,media_cluster,official,synthetic
BEACON-0000675,2021-01-04,2021-01-05,DEU,Germany,HPAI,0.316,unverified,media_cluster,media,synthetic
BEACON-0000676,2021-01-06,2021-01-08,NLD,Netherlands,HPAI,0.522,unverified,media_cluster,media,synthetic
BEACON-0000677,2021-01-06,2021-01-06,NLD,Netherlands,HPAI,0.865,unverified,media_cluster,official,synthetic
BEACON-0000678,2021-01-08,2021-01-10,NLD,Netherlands,HPAI,0.699,verified,media_cluster,media,synthetic
BEACON-0000679,2021-01-07,2021-01-07,BEL,Belgium,HPAI,0.69,verified,unusual_mortality,media,synthetic
BEACON-0000680,2021-01-05,2021-01-06,ITA,Italy,HPAI,0.741,unverified,syndromic,field,synthetic
BEACON-0000681,2021-01-06,2021-01-07,ESP,Spain,HPAI,0.734,unverified,unusual_mortality,official,synthetic
BEACON-0000682,2021-01-09,2021-01-09,ESP,Spain,HPAI,0.881,unverified,media_cluster,media;official,synthetic
BEACON-0000683,2021-01-06,2021-01-06,ROU,Romania,HPAI,0.65,verified,media_cluster,field,synthetic
BEACON-0000684,2021-01-07,2021-01-08,SRB,Serbia,HPAI,0.584,unverified,unusual_mortality,official,synthetic
BEACON-0000685,2021-01-09,2021-01-10,SRB,Serbia,HPAI,0.372,unverified,media_cluster,media,synthetic
BEACON-0000686,2021-01-08,2021-01-08,SRB,Serbia,HPAI,0.703,unverified,media_cluster,media,synthetic
BEACON-0000687,2021-01-07,2021-01-08,SRB,Serbia,HPAI,0.683,verified,unusual_mortality,media,synthetic
BEACON-0000688,2021-01-06,2021-01-06,MDA,Moldova,HPAI,0.551,verified,unusual_mortality,media;official,synthetic
BEACON-0000689,2021-01-07,2021-01-07,MDA,Moldova,HPAI,0.865,unverified,media_cluster,media;official,synthetic
BEACON-0000690,2021-01-06,2021-01-08,RUS,Russian Federation,HPAI,0.281,unverified,media_cluster,media,synthetic
BEACON-0000691,2021-01-07,2021-01-09,RUS,Russian Federation,HPAI,0.332,unverified,syndromic,media;official,synthetic
BEACON-0000692,2021-01-06,2021-01-08,RUS,Russian Federation,HPAI,0.158,unverified,syndromic,media;official,synthetic
BEACON-0000693,2021-01-09,2021-01-09,GEO,Georgia,HPAI,0.802,unverified,media_cluster,official,synthetic
BEACON-0000694,2021-01-05,2021-01-07,ISR,Israel,HPAI,0.669,unverified,unusual_mortality,official,synthetic
BEACON-0000695,2021-01-08,2021-01-10,TUN,Tunisia,HPAI,0.369,unverified,syndromic,media,synthetic
BEACON-0000696,2021-01-09,2021-01-09,TUN,Tunisia,HPAI,0.922,unverified,media_cluster,media,synthetic
BEACON-0000697,2021-01-08,2021-01-08,MAR,Morocco,HPAI,0.991,unverified,syndromic,media,synthetic
BEACON-0000698,2021-01-07,2021-01-07,MAR,Morocco,HPAI,0.498,unverified,syndromic,official,synthetic
BEACON-0000699,2021-01-12,2021-01-13,BEL,Belgium,HPAI,0.364,verified,unusual_mortality,media,synthetic
BEACON-0000700,2021-01-15,2021-01-15,ROU,Romania,HPAI,0.641,unverified,trade_alert,official,synthetic
BEACON-0000701,2021-01-11,2021-01-13,BGR,Bulgaria,HPAI,0.553,unverified,syndromic,media,synthetic
BEACON-0000702,2021-01-15,2021-01-16,SRB,Serbia,HPAI,0.723,unverified,unusual_mortality,media,synthetic
BEACON-0000703,2021-01-11,2021-01-12,UKR,Ukraine,HPAI,0.281,unverified,syndromic,media,synthetic
BEACON-0000704,2021-01-12,2021-01-14,MDA,Moldova,HPAI,0.543,verified,syndromic,field,synthetic
BEACON-0000705,2021-01-12,2021-01-13,MDA,Moldova,HPAI,0.665,unverified,syndromic,media,synthetic
BEACON-0000706,2021-01-13,2021-01-15,RUS,Russian Federation,HPAI,0.166,verified,trade_alert,official,synthetic
BEACON-0000707,2021-01-14,2021-01-16,RUS,Russian Federation,HPAI,0.319,verified,syndromic,media,synthetic
BEACON-0000708,2021-01-13,2021-01-14,TUR,Türkiye,HPAI,0.364,unverified,media_cluster,official,synthetic
BEACON-0000709,2021-01-12,2021-01-12,GEO,Georgia,HPAI,0.193,unverified,unusual_mortality,media;official,synthetic
BEACON-0000710,2021-01-11,2021-01-13,GEO,Georgia,HPAI,0.544,unverified,media_cluster,field,synthetic
BEACON-0000711,2021-01-11,2021-01-11,GEO,Georgia,HPAI,0.443,unverified,media_cluster,field,synthetic
BEACON-0000712,2021-01-12,2021-01-12,EGY,Egypt,HPAI,0.404,unverified,unusual_mortality,media;official,synthetic
BEACON-0000713,2021-01-12,2021-01-14,TUN,Tunisia,HPAI,0.42,unverified,unusual_mortality,media;official,synthetic
BEACON-0000714,2021-01-15,2021-01-16,TUN,Tunisia,HPAI,0.609,unverified,media_cluster,media,synthetic
BEACON-0000715,2021-01-13,2021-01-13,TUN,Tunisia,HPAI,0.491,unverified,media_cluster,media,synthetic
BEACON-0000716,2021-01-15,2021-01-17,MAR,Morocco,HPAI,0.462,unverified,syndromic,media,synthetic
BEACON-0000717,2021-01-23,2021-01-23,FRA,France,HPAI,0.64,unverified,unusual_mortality,field,synthetic
BEACON-0000718,2021-01-18,2021-01-18,FRA,France,HPAI,0.65,verified,media_cluster,media,synthetic
BEACON-0000719,2021-01-22,2021-01-22,FRA,France,HPAI,1.0,unverified,unusual_mortality,field,synthetic
BEACON-0000720,2021-01-23,2021-01-25,DEU,Germany,HPAI,0.474,unverified,unusual_mortality,media,synthetic
BEACON-0000721,2021-01-22,2021-01-23,DEU,Germany,HPAI,0.349,unverified,syndromic,official,synthetic
BEACON-0000722,2021-01-23,2021-01-24,BEL,Belgium,HPAI,0.887,unverified,unusual_mortality,media;official,synthetic
BEACON-0000723,2021-01-23,2021-01-24,ITA,Italy,HPAI,0.421,unverified,media_cluster,media,synthetic
BEACON-0000724,2021-01-21,2021-01-22,ESP,Spain,HPAI,0.449,unverified,unusual_mortality,field,synthetic
BEACON-0000725,2021-01-19,2021-01-21,POL,Poland,HPAI,0.396,verified,unusual_mortality,media;official,synthetic
BEACON-0000726,2021-01-22,2021-01-24,HUN,Hungary,HPAI,0.786,verified,media_cluster,media,synthetic
BEACON-0000727,2021-01-22,2021-01-24,HUN,Hungary,HPAI,0.465,unverified,unusual_mortality,media,synthetic
BEACON-0000728,2021-01-18,2021-01-19,UKR,Ukraine,HPAI,0.094,unverified,syndromic,field,synthetic
BEACON-0000729,2021-01-23,2021-01-24,MDA,Moldova,HPAI,0.53,unverified,media_cluster,media,synthetic
BEACON-0000730,2021-01-20,2021-01-20,MDA,Moldova,HPAI,0.418,verified,media_cluster,field,synthetic
BEACON-0000731,2021-01-18,2021-01-18,RUS,Russian Federation,HPAI,0.42,verified,unusual_mortality,official,synthetic
BEACON-0000732,2021-01-22,2021-01-22,RUS,Russian Federation,HPAI,0.703,verified,trade_alert,media;official,synthetic
BEACON-0000733,2021-01-19,2021-01-20,RUS,Russian Federation,HPAI,0.199,verified,trade_alert,media,synthetic
BEACON-0000734,2021-01-21,2021-01-22,RUS,Russian Federation,HPAI,0.65,verified,unusual_mortality,media,synthetic
BEACON-0000735,2021-01-23,2021-01-25,TUR,Türkiye,HPAI,0.34,unverified,unusual_mortality,media,synthetic
BEACON-0000736,2021-01-23,2021-01-24,TUR,Türkiye,HPAI,0.406,unverified,unusual_mortality,field,synthetic
BEACON-0000737,2021-01-19,2021-01-20,TUR,Türkiye,HPAI,0.227,verified,unusual_mortality,field,synthetic
BEACON-0000738,2021-01-18,2021-01-18,GEO,Georgia,HPAI,0.373,verified,trade_alert,media,synthetic
BEACON-0000739,2021-01-20,2021-01-20,GEO,Georgia,HPAI,0.481,verified,media_cluster,media,synthetic
BEACON-0000740,2021-01-18,2021-01-20,GEO,Georgia,HPAI,0.521,unverified,trade_alert,media,synthetic
BEACON-0000741,2021-01-22,2021-01-24,GEO,Georgia,HPAI,0.438,unverified,media_cluster,media,synthetic
BEACON-0000742,2021-01-21,2021-01-22,MAR,Morocco,HPAI,0.745,unverified,trade_alert,field,synthetic
BEACON-0000743,2021-01-30,2021-01-30,FRA,France,HPAI,0.559,unverified,trade_alert,official,synthetic
BEACON-0000744,2021-01-30,2021-01-30,DEU,Germany,HPAI,0.141,unverified,media_cluster,media;official,synthetic
BEACON-0000745,2021-01-28,2021-01-30,NLD,Netherlands,HPAI,0.425,unverified,media_cluster,media,synthetic
BEACON-0000746,2021-01-27,2021-01-29,NLD,Netherlands,HPAI,0.48,unverified,media_cluster,field,synthetic
BEACON-0000747,2021-01-28,2021-01-29,ITA,Italy,HPAI,0.269,unverified,media_cluster,official,synthetic
BEACON-0000748,2021-01-29,2021-01-29,ESP,Spain,HPAI,0.401,unverified,syndromic,media,synthetic
BEACON-0000749,2021-01-29,2021-01-30,ESP,Spain,HPAI,0.681,unverified,unusual_mortality,media,synthetic
BEACON-0000750,2021-01-27,2021-01-28,RUS,Russian Federation,HPAI,0.288,unverified,media_cluster,media,synthetic
BEACON-0000751,2021-01-27,2021-01-27,TUR,Türkiye,HPAI,0.617,verified,media_cluster,field,synthetic
BEACON-0000752,2021-01-30,2021-02-01,TUR,Türkiye,HPAI,0.863,unverified,trade_alert,media,synthetic
BEACON-0000753,2021-01-30,2021-01-30,GEO,Georgia,HPAI,0.652,unverified,media_cluster,media;official,synthetic
BEACON-0000754,2021-01-29,2021-01-30,GEO,Georgia,HPAI,0.762,unverified,unusual_mortality,field,synthetic
BEACON-0000755,2021-01-27,2021-01-27,ISR,Israel,HPAI,0.432,unverified,unusual_mortality,media,synthetic
BEACON-0000756,2021-01-26,2021-01-28,TUN,Tunisia,HPAI,0.4,verified,trade_alert,official,synthetic
BEACON-0000757,2021-01-29,2021-01-30,MAR,Morocco,HPAI,0.562,unverified,syndromic,media;official,synthetic
BEACON-0000758,2021-02-05,2021-02-05,DEU,Germany,HPAI,0.456,unverified,media_cluster,media;official,synthetic
BEACON-0000759,2021-02-04,2021-02-06,ITA,Italy,HPAI,0.674,unverified,unusual_mortality,media,synthetic
BEACON-0000760,2021-02-03,2021-02-05,ITA,Italy,HPAI,0.305,unverified,media_cluster,media;official,synthetic
BEACON-0000761,2021-02-03,2021-02-05,ESP,Spain,HPAI,0.541,unverified,media_cluster,media;official,synthetic
BEACON-0000762,2021-02-03,2021-02-04,POL,Poland,HPAI,0.656,unverified,unusual_mortality,official,synthetic
BEACON-0000763,2021-02-02,2021-02-03,HUN,Hungary,HPAI,0.537,unverified,syndromic,media;official,synthetic
BEACON-0000764,2021-02-03,2021-02-03,ROU,Romania,HPAI,0.163,unverified,media_cluster,official,synthetic
BEACON-0000765,2021-02-03,2021-02-03,RUS,Russian Federation,HPAI,0.707,verified,media_cluster,media,synthetic
BEACON-0000766,2021-02-03,2021-02-05,TUR,Türkiye,HPAI,0.792,unverified,unusual_mortality,media,synthetic
BEACON-0000767,2021-02-05,2021-02-07,TUN,Tunisia,HPAI,0.241,verified,unusual_mortality,media,synthetic
BEACON-0000768,2021-02-08,2021-02-09,NLD,Netherlands,HPAI,0.518,verified,media_cluster,media;official,synthetic
BEACON-0000769,2021-02-10,2021-02-10,BEL,Belgium,HPAI,0.323,unverified,trade_alert,media,synthetic
BEACON-0000770,2021-02-08,2021-02-09,ITA,Italy,HPAI,0.844,unverified,syndromic,media,synthetic
BEACON-0000771,2021-02-09,2021-02-11,ITA,Italy,HPAI,0.476,unverified,media_cluster,official,synthetic
BEACON-0000772,2021-02-10,2021-02-12,POL,Poland,HPAI,0.29,verified,media_cluster,media;official,synthetic
BEACON-0000773,2021-02-10,2021-02-11,POL,Poland,HPAI,0.562,unverified,media_cluster,media;official,synthetic
BEACON-0000774,2021-02-09,2021-02-09,ROU,Romania,HPAI,0.467,verified,media_cluster,media;official,synthetic
BEACON-0000775,2021-02-12,2021-02-12,ISR,Israel,HPAI,0.39,verified,media_cluster,media;official,synthetic
BEACON-0000776,2021-02-10,2021-02-10,ISR,Israel,HPAI,0.453,verified,media_cluster,official,synthetic
BEACON-0000777,2021-02-13,2021-02-14,MAR,Morocco,HPAI,0.437,verified,unusual_mortality,media,synthetic
BEACON-0000778,2021-02-17,2021-02-19,DEU,Germany,HPAI,0.622,unverified,media_cluster,official,synthetic
BEACON-0000779,2021-02-18,2021-02-20,NLD,Netherlands,HPAI,0.58,unverified,media_cluster,media;official,synthetic
BEACON-0000780,2021-02-19,2021-02-19,BEL,Belgium,HPAI,0.213,unverified,media_cluster,media,synthetic
BEACON-0000781,2021-02-18,2021-02-18,BEL,Belgium,HPAI,0.146,unverified,unusual_mortality,field,synthetic
BEACON-0000782,2021-02-19,2021-02-19,ESP,Spain,HPAI,0.407,unverified,unusual_mortality,media,synthetic
BEACON-0000783,2021-02-15,2021-02-15,ESP,Spain,HPAI,0.432,verified,unusual_mortality,official,synthetic
BEACON-0000784,2021-02-18,2021-02-20,POL,Poland,HPAI,0.117,unverified,media_cluster,media,synthetic
BEACON-0000785,2021-02-15,2021-02-15,HUN,Hungary,HPAI,0.288,verified,media_cluster,media,synthetic
BEACON-0000786,2021-02-19,2021-02-21,ROU,Romania,HPAI,0.563,verified,syndromic,media,synthetic
BEACON-0000787,2021-02-20,2021-02-22,MDA,Moldova,HPAI,0.295,verified,unusual_mortality,media;official,synthetic
BEACON-0000788,2021-02-20,2021-02-21,TUR,Türkiye,HPAI,0.468,verified,unusual_mortality,official,synthetic
BEACON-0000789,2021-02-15,2021-02-15,GEO,Georgia,HPAI,0.759,unverified,media_cluster,media,synthetic
BEACON-0000790,2021-02-20,2021-02-22,GEO,Georgia,HPAI,0.521,verified,media_cluster,media,synthetic
BEACON-0000791,2021-02-17,2021-02-17,EGY,Egypt,HPAI,0.14,verified,media_cluster,official,synthetic
BEACON-0000792,2021-02-15,2021-02-17,EGY,Egypt,HPAI,0.541,unverified,unusual_mortality,media,synthetic
BEACON-0000793,2021-02-15,2021-02-15,EGY,Egypt,HPAI,0.409,verified,unusual_mortality,media,synthetic
BEACON-0000794,2021-02-19,2021-02-21,TUN,Tunisia,HPAI,0.432,unverified,media_cluster,media;official,synthetic
BEACON-0000795,2021-02-16,2021-02-16,TUN,Tunisia,HPAI,0.713,unverified,media_cluster,official,synthetic
BEACON-0000796,2021-02-20,2021-02-21,MAR,Morocco,HPAI,0.589,verified,unusual_mortality,media,synthetic
BEACON-0000797,2021-02-26,2021-02-26,NLD,Netherlands,HPAI,0.029,unverified,unusual_mortality,official,synthetic
BEACON-0000798,2021-02-27,2021-03-01,NLD,Netherlands,HPAI,0.111,unverified,syndromic,media,synthetic
BEACON-0000799,2021-02-23,2021-02-23,BEL,Belgium,HPAI,0.585,unverified,unusual_mortality,official,synthetic
BEACON-0000800,2021-02-26,2021-02-28,ITA,Italy,HPAI,0.076,unverified,unusual_mortality,media;official,synthetic
BEACON-0000801,2021-02-23,2021-02-25,ESP,Spain,HPAI,0.307,verified,unusual_mortality,media,synthetic
BEACON-0000802,2021-02-24,2021-02-26,POL,Poland,HPAI,0.076,unverified,unusual_mortality,field,synthetic
BEACON-0000803,2021-02-25,2021-02-27,POL,Poland,HPAI,0.593,verified,syndromic,official,synthetic
BEACON-0000804,2021-02-27,2021-02-27,POL,Poland,HPAI,0.517,unverified,media_cluster,media,synthetic
BEACON-0000805,2021-02-24,2021-02-26,ROU,Romania,HPAI,0.07,verified,media_cluster,media,synthetic
BEACON-0000806,2021-02-24,2021-02-25,UKR,Ukraine,HPAI,0.828,unverified,media_cluster,media,synthetic
BEACON-0000807,2021-02-26,2021-02-27,MDA,Moldova,HPAI,0.071,unverified,media_cluster,media,synthetic
BEACON-0000808,2021-02-27,2021-02-27,TUR,Türkiye,HPAI,0.2,unverified,syndromic,media;official,synthetic
BEACON-0000809,2021-02-25,2021-02-27,TUN,Tunisia,HPAI,0.527,unverified,unusual_mortality,field,synthetic
BEACON-0000810,2021-03-05,2021-03-05,POL,Poland,HPAI,0.638,verified,media_cluster,media,synthetic
BEACON-0000811,2021-03-02,2021-03-03,BGR,Bulgaria,HPAI,0.537,unverified,media_cluster,media,synthetic
BEACON-0000812,2021-03-04,2021-03-05,SRB,Serbia,HPAI,0.359,verified,unusual_mortality,media;official,synthetic
BEACON-0000813,2021-03-02,2021-03-03,SRB,Serbia,HPAI,0.457,unverified,media_cluster,media,synthetic
BEACON-0000814,2021-03-02,2021-03-03,UKR,Ukraine,HPAI,0.36,verified,media_cluster,media,synthetic
BEACON-0000815,2021-03-06,2021-03-08,MDA,Moldova,HPAI,0.517,verified,trade_alert,media;official,synthetic
BEACON-0000816,2021-03-05,2021-03-05,RUS,Russian Federation,HPAI,0.075,unverified,media_cluster,media,synthetic
BEACON-0000817,2021-03-03,2021-03-03,TUR,Türkiye,HPAI,0.208,unverified,unusual_mortality,media;official,synthetic
BEACON-0000818,2021-03-01,2021-03-02,TUR,Türkiye,HPAI,0.271,unverified,unusual_mortality,official,synthetic
BEACON-0000819,2021-03-05,2021-03-05,GEO,Georgia,HPAI,0.318,unverified,media_cluster,media,synthetic
BEACON-0000820,2021-03-03,2021-03-04,TUN,Tunisia,HPAI,0.562,unverified,unusual_mortality,media,synthetic
BEACON-0000821,2021-03-02,2021-03-04,MAR,Morocco,HPAI,0.709,unverified,trade_alert,official,synthetic
BEACON-0000822,2021-03-11,2021-03-12,NLD,Netherlands,HPAI,0.267,unverified,unusual_mortality,media,synthetic
BEACON-0000823,2021-03-11,2021-03-12,BEL,Belgium,HPAI,0.563,unverified,unusual_mortality,official,synthetic
BEACON-0000824,2021-03-11,2021-03-12,BEL,Belgium,HPAI,0.082,verified,syndromic,media,synthetic
BEACON-0000825,2021-03-08,2021-03-10,ITA,Italy,HPAI,0.187,unverified,syndromic,media;official,synthetic
BEACON-0000826,2021-03-10,2021-03-10,ESP,Spain,HPAI,0.623,unverified,unusual_mortality,media,synthetic
BEACON-0000827,2021-03-08,2021-03-08,ROU,Romania,HPAI,0.318,unverified,unusual_mortality,official,synthetic
BEACON-0000828,2021-03-09,2021-03-11,ROU,Romania,HPAI,0.265,unverified,media_cluster,official,synthetic
BEACON-0000829,2021-03-12,2021-03-14,RUS,Russian Federation,HPAI,0.269,verified,syndromic,media,synthetic
BEACON-0000830,2021-03-09,2021-03-10,RUS,Russian Federation,HPAI,0.116,unverified,unusual_mortality,media,synthetic
BEACON-0000831,2021-03-12,2021-03-14,TUR,Türkiye,HPAI,0.233,unverified,media_cluster,official,synthetic
BEACON-0000832,2021-03-12,2021-03-13,GEO,Georgia,HPAI,0.409,verified,syndromic,media,synthetic
BEACON-0000833,2021-03-12,2021-03-12,EGY,Egypt,HPAI,0.304,unverified,unusual_mortality,media,synthetic
BEACON-0000834,2021-03-08,2021-03-08,EGY,Egypt,HPAI,0.446,unverified,media_cluster,media,synthetic
BEACON-0000835,2021-03-08,2021-03-10,EGY,Egypt,HPAI,0.651,unverified,unusual_mortality,media;official,synthetic
BEACON-0000836,2021-03-12,2021-03-12,MAR,Morocco,HPAI,0.211,unverified,media_cluster,media;official,synthetic
BEACON-0000837,2021-03-11,2021-03-13,MAR,Morocco,HPAI,0.318,unverified,media_cluster,media,synthetic
BEACON-0000838,2021-03-17,2021-03-17,SRB,Serbia,HPAI,0.371,unverified,unusual_mortality,media;official,synthetic
BEACON-0000839,2021-03-19,2021-03-21,UKR,Ukraine,HPAI,0.246,verified,media_cluster,field,synthetic
BEACON-0000840,2021-03-15,2021-03-15,MDA,Moldova,HPAI,0.269,verified,unusual_mortality,official,synthetic
BEACON-0000841,2021-03-20,2021-03-21,ISR,Israel,HPAI,0.234,verified,trade_alert,media;official,synthetic
BEACON-0000842,2021-03-20,2021-03-22,ISR,Israel,HPAI,0.353,unverified,syndromic,media,synthetic
BEACON-0000843,2021-03-20,2021-03-22,TUN,Tunisia,HPAI,0.103,unverified,media_cluster,media,synthetic
BEACON-0000844,2021-03-27,2021-03-29,ESP,Spain,HPAI,0.61,unverified,unusual_mortality,media;official,synthetic
BEACON-0000845,2021-03-25,2021-03-26,BGR,Bulgaria,HPAI,0.633,unverified,unusual_mortality,field,synthetic
BEACON-0000846,2021-03-27,2021-03-28,RUS,Russian Federation,HPAI,0.356,unverified,media_cluster,media,synthetic
BEACON-0000847,2021-03-30,2021-03-30,DEU,Germany,HPAI,0.077,unverified,media_cluster,official,synthetic
BEACON-0000848,2021-03-29,2021-03-31,NLD,Netherlands,HPAI,0.179,verified,media_cluster,media;official,synthetic
BEACON-0000849,2021-03-30,2021-04-01,NLD,Netherlands,HPAI,0.138,unverified,unusual_mortality,media,synthetic
BEACON-0000850,2021-04-02,2021-04-03,BEL,Belgium,HPAI,0.511,unverified,media_cluster,media,synthetic
BEACON-0000851,2021-04-03,2021-04-04,ESP,Spain,HPAI,0.407,unverified,syndromic,official,synthetic
BEACON-0000852,2021-04-02,2021-04-04,ESP,Spain,HPAI,0.103,verified,syndromic,media;official,synthetic
BEACON-0000853,2021-04-03,2021-04-05,ROU,Romania,HPAI,0.665,unverified,unusual_mortality,official,synthetic
BEACON-0000854,2021-03-30,2021-04-01,SRB,Serbia,HPAI,0.141,verified,unusual_mortality,media,synthetic
BEACON-0000855,2021-03-29,2021-03-29,UKR,Ukraine,HPAI,0.202,unverified,syndromic,media,synthetic
BEACON-0000856,2021-03-29,2021-03-31,UKR,Ukraine,HPAI,0.206,unverified,media_cluster,media;official,synthetic
BEACON-0000857,2021-03-31,2021-04-01,RUS,Russian Federation,HPAI,0.196,unverified,unusual_mortality,media,synthetic
BEACON-0000858,2021-03-30,2021-03-30,MAR,Morocco,HPAI,0.407,unverified,unusual_mortality,field,synthetic
BEACON-0000859,2021-03-30,2021-03-30,MAR,Morocco,HPAI,0.449,verified,media_cluster,media,synthetic
BEACON-0000860,2021-04-06,2021-04-07,FRA,France,HPAI,0.493,verified,media_cluster,media,synthetic
BEACON-0000861,2021-04-07,2021-04-07,FRA,France,HPAI,0.216,unverified,trade_alert,media,synthetic
BEACON-0000862,2021-04-07,2021-04-07,BEL,Belgium,HPAI,0.483,unverified,trade_alert,media,synthetic
BEACON-0000863,2021-04-06,2021-04-07,POL,Poland,HPAI,0.203,verified,unusual_mortality,media;official,synthetic
BEACON-0000864,2021-04-08,2021-04-09,HUN,Hungary,HPAI,0.15,verified,unusual_mortality,media,synthetic
BEACON-0000865,2021-04-07,2021-04-08,UKR,Ukraine,HPAI,0.227,unverified,media_cluster,media,synthetic
BEACON-0000866,2021-04-09,2021-04-09,TUR,Türkiye,HPAI,0.111,unverified,media_cluster,media;official,synthetic
BEACON-0000867,2021-04-09,2021-04-09,GEO,Georgia,HPAI,0.587,unverified,trade_alert,media,synthetic
BEACON-0000868,2021-04-07,2021-04-09,MAR,Morocco,HPAI,0.409,unverified,syndromic,field,synthetic
BEACON-0000869,2021-04-06,2021-04-08,MAR,Morocco,HPAI,0.372,unverified,unusual_mortality,media,synthetic
BEACON-0000870,2021-04-10,2021-04-11,MAR,Morocco,HPAI,0.254,unverified,syndromic,media,synthetic
BEACON-0000871,2021-04-13,2021-04-13,NLD,Netherlands,HPAI,0.37,verified,unusual_mortality,media;official,synthetic
BEACON-0000872,2021-04-16,2021-04-17,ESP,Spain,HPAI,0.16,verified,media_cluster,media,synthetic
BEACON-0000873,2021-04-16,2021-04-18,POL,Poland,HPAI,0.532,unverified,unusual_mortality,media;official,synthetic
BEACON-0000874,2021-04-13,2021-04-13,HUN,Hungary,HPAI,0.375,unverified,unusual_mortality,field,synthetic
BEACON-0000875,2021-04-16,2021-04-18,RUS,Russian Federation,HPAI,0.781,verified,unusual_mortality,media;official,synthetic
BEACON-0000876,2021-04-16,2021-04-18,TUR,Türkiye,HPAI,0.325,verified,media_cluster,media,synthetic
BEACON-0000877,2021-04-17,2021-04-19,GEO,Georgia,HPAI,0.219,unverified,unusual_mortality,field,synthetic
BEACON-0000878,2021-04-16,2021-04-18,EGY,Egypt,HPAI,0.267,verified,unusual_mortality,media,synthetic
BEACON-0000879,2021-04-12,2021-04-13,MAR,Morocco,HPAI,0.536,unverified,media_cluster,media,synthetic
BEACON-0000880,2021-04-24,2021-04-26,FRA,France,HPAI,0.276,verified,unusual_mortality,official,synthetic
BEACON-0000881,2021-04-21,2021-04-23,FRA,France,HPAI,0.524,verified,media_cluster,media,synthetic
BEACON-0000882,2021-04-22,2021-04-24,NLD,Netherlands,HPAI,0.3,verified,syndromic,field,synthetic
BEACON-0000883,2021-04-23,2021-04-23,ITA,Italy,HPAI,0.104,unverified,unusual_mortality,media,synthetic
BEACON-0000884,2021-04-20,2021-04-20,ROU,Romania,HPAI,0.063,unverified,unusual_mortality,media,synthetic
BEACON-0000885,2021-04-21,2021-04-23,SRB,Serbia,HPAI,0.487,unverified,syndromic,media,synthetic
BEACON-0000886,2021-04-21,2021-04-21,MDA,Moldova,HPAI,0.409,unverified,media_cluster,media,synthetic
BEACON-0000887,2021-04-27,2021-04-28,NLD,Netherlands,HPAI,0.321,unverified,media_cluster,media;official,synthetic
BEACON-0000888,2021-04-28,2021-04-28,HUN,Hungary,HPAI,0.119,unverified,media_cluster,media;official,synthetic
BEACON-0000889,2021-04-26,2021-04-28,UKR,Ukraine,HPAI,0.21,verified,syndromic,official,synthetic
BEACON-0000890,2021-05-01,2021-05-02,MDA,Moldova,HPAI,0.257,verified,media_cluster,media,synthetic
BEACON-0000891,2021-04-29,2021-04-29,TUN,Tunisia,HPAI,0.251,verified,unusual_mortality,field,synthetic
BEACON-0000892,2021-05-05,2021-05-07,FRA,France,HPAI,0.687,verified,media_cluster,media,synthetic
BEACON-0000893,2021-05-03,2021-05-03,DEU,Germany,HPAI,0.632,verified,syndromic,field,synthetic
BEACON-0000894,2021-05-05,2021-05-06,DEU,Germany,HPAI,0.165,unverified,syndromic,field,synthetic
BEACON-0000895,2021-05-03,2021-05-05,MDA,Moldova,HPAI,0.702,unverified,unusual_mortality,media,synthetic
BEACON-0000896,2021-05-03,2021-05-03,TUR,Türkiye,HPAI,0.61,unverified,syndromic,media,synthetic
BEACON-0000897,2021-05-14,2021-05-16,FRA,France,HPAI,0.357,verified,media_cluster,media,synthetic
BEACON-0000898,2021-05-14,2021-05-14,DEU,Germany,HPAI,0.713,unverified,unusual_mortality,media;official,synthetic
BEACON-0000899,2021-05-14,2021-05-15,BGR,Bulgaria,HPAI,0.558,unverified,unusual_mortality,media,synthetic
BEACON-0000900,2021-05-15,2021-05-16,MDA,Moldova,HPAI,0.7,unverified,media_cluster,official,synthetic
BEACON-0000901,2021-05-15,2021-05-17,TUR,Türkiye,HPAI,0.456,unverified,media_cluster,official,synthetic
BEACON-0000902,2021-05-15,2021-05-15,TUR,Türkiye,HPAI,0.574,unverified,syndromic,media,synthetic
BEACON-0000903,2021-05-14,2021-05-14,EGY,Egypt,HPAI,0.582,verified,media_cluster,field,synthetic
BEACON-0000904,2021-05-11,2021-05-12,EGY,Egypt,HPAI,0.197,unverified,unusual_mortality,field,synthetic
BEACON-0000905,2021-05-21,2021-05-22,NLD,Netherlands,HPAI,0.322,unverified,media_cluster,media,synthetic
BEACON-0000906,2021-05-21,2021-05-21,ROU,Romania,HPAI,0.382,unverified,unusual_mortality,media,synthetic
BEACON-0000907,2021-05-20,2021-05-20,SRB,Serbia,HPAI,0.554,unverified,media_cluster,media,synthetic
BEACON-0000908,2021-05-17,2021-05-17,UKR,Ukraine,HPAI,0.35,verified,unusual_mortality,media,synthetic
BEACON-0000909,2021-05-19,2021-05-20,RUS,Russian Federation,HPAI,0.375,unverified,unusual_mortality,media,synthetic
BEACON-0000910,2021-05-19,2021-05-21,TUR,Türkiye,HPAI,0.398,unverified,unusual_mortality,media,synthetic
BEACON-0000911,2021-05-22,2021-05-22,GEO,Georgia,HPAI,0.739,unverified,media_cluster,official,synthetic
BEACON-0000912,2021-05-22,2021-05-22,EGY,Egypt,HPAI,0.398,unverified,unusual_mortality,field,synthetic
BEACON-0000913,2021-05-19,2021-05-21,EGY,Egypt,HPAI,0.756,verified,syndromic,media;official,synthetic
BEACON-0000914,2021-05-17,2021-05-18,EGY,Egypt,HPAI,0.271,unverified,media_cluster,media,synthetic
BEACON-0000915,2021-05-20,2021-05-21,MAR,Morocco,HPAI,0.463,unverified,media_cluster,media,synthetic
BEACON-0000916,2021-05-28,2021-05-29,ITA,Italy,HPAI,0.445,verified,unusual_mortality,media,synthetic
BEACON-0000917,2021-05-27,2021-05-29,POL,Poland,HPAI,0.194,unverified,unusual_mortality,media,synthetic
BEACON-0000918,2021-05-28,2021-05-30,HUN,Hungary,HPAI,0.394,unverified,media_cluster,media,synthetic
BEACON-0000919,2021-05-29,2021-05-30,UKR,Ukraine,HPAI,0.25,verified,syndromic,media;official,synthetic
BEACON-0000920,2021-05-27,2021-05-28,MDA,Moldova,HPAI,0.367,unverified,media_cluster,media,synthetic
BEACON-0000921,2021-05-24,2021-05-26,RUS,Russian Federation,HPAI,0.758,unverified,media_cluster,media;official,synthetic
BEACON-0000922,2021-05-25,2021-05-27,ISR,Israel,HPAI,0.709,verified,unusual_mortality,media,synthetic
BEACON-0000923,2021-05-29,2021-05-30,MAR,Morocco,HPAI,0.227,unverified,media_cluster,media,synthetic
BEACON-0000924,2021-06-01,2021-06-03,DEU,Germany,HPAI,0.491,unverified,syndromic,field,synthetic
BEACON-0000925,2021-05-31,2021-06-01,ESP,Spain,HPAI,0.673,unverified,syndromic,media,synthetic
BEACON-0000926,2021-06-01,2021-06-01,ESP,Spain,HPAI,0.281,unverified,syndromic,media,synthetic
BEACON-0000927,2021-06-03,2021-06-05,POL,Poland,HPAI,0.434,verified,unusual_mortality,official,synthetic
BEACON-0000928,2021-06-02,2021-06-02,SRB,Serbia,HPAI,0.646,unverified,unusual_mortality,media,synthetic
BEACON-0000929,2021-05-31,2021-06-02,SRB,Serbia,HPAI,0.366,verified,unusual_mortality,media,synthetic
BEACON-0000930,2021-06-04,2021-06-04,MDA,Moldova,HPAI,0.35,unverified,unusual_mortality,field,synthetic
BEACON-0000931,2021-05-31,2021-06-01,RUS,Russian Federation,HPAI,0.186,unverified,syndromic,media,synthetic
BEACON-0000932,2021-06-05,2021-06-07,RUS,Russian Federation,HPAI,0.339,unverified,media_cluster,field,synthetic
BEACON-0000933,2021-06-03,2021-06-05,TUR,Türkiye,HPAI,0.276,unverified,media_cluster,media,synthetic
BEACON-0000934,2021-05-31,2021-06-01,EGY,Egypt,HPAI,0.194,unverified,media_cluster,official,synthetic
BEACON-0000935,2021-06-04,2021-06-05,MAR,Morocco,HPAI,0.229,verified,unusual_mortality,media,synthetic
BEACON-0000936,2021-06-03,2021-06-03,MAR,Morocco,HPAI,0.467,verified,unusual_mortality,field,synthetic
BEACON-0000937,2021-06-10,2021-06-12,DEU,Germany,HPAI,0.438,unverified,syndromic,field,synthetic
BEACON-0000938,2021-06-08,2021-06-09,SRB,Serbia,HPAI,0.182,unverified,media_cluster,media;official,synthetic
BEACON-0000939,2021-06-07,2021-06-07,SRB,Serbia,HPAI,0.424,verified,media_cluster,media,synthetic
BEACON-0000940,2021-06-12,2021-06-14,RUS,Russian Federation,HPAI,0.2,unverified,unusual_mortality,media,synthetic
BEACON-0000941,2021-06-07,2021-06-09,TUR,Türkiye,HPAI,0.389,verified,media_cluster,media;official,synthetic
BEACON-0000942,2021-06-12,2021-06-13,TUR,Türkiye,HPAI,0.422,verified,syndromic,official,synthetic
BEACON-0000943,2021-06-19,2021-06-20,ITA,Italy,HPAI,0.446,verified,media_cluster,field,synthetic
BEACON-0000944,2021-06-19,2021-06-20,POL,Poland,HPAI,0.522,verified,media_cluster,media,synthetic
BEACON-0000945,2021-06-19,2021-06-21,SRB,Serbia,HPAI,0.226,verified,unusual_mortality,media,synthetic
BEACON-0000946,2021-06-19,2021-06-21,MDA,Moldova,HPAI,0.401,unverified,media_cluster,media;official,synthetic
BEACON-0000947,2021-06-15,2021-06-15,RUS,Russian Federation,HPAI,0.179,verified,media_cluster,media,synthetic
BEACON-0000948,2021-06-21,2021-06-23,BEL,Belgium,HPAI,0.353,unverified,media_cluster,media;official,synthetic
BEACON-0000949,2021-06-26,2021-06-27,ESP,Spain,HPAI,0.263,unverified,unusual_mortality,official,synthetic
BEACON-0000950,2021-06-23,2021-06-25,SRB,Serbia,HPAI,0.464,unverified,media_cluster,media,synthetic
BEACON-0000951,2021-06-24,2021-06-24,SRB,Serbia,HPAI,0.445,unverified,syndromic,media,synthetic
BEACON-0000952,2021-06-22,2021-06-22,UKR,Ukraine,HPAI,0.57,verified,trade_alert,media;official,synthetic
BEACON-0000953,2021-06-26,2021-06-28,UKR,Ukraine,HPAI,0.194,unverified,trade_alert,media,synthetic
BEACON-0000954,2021-06-23,2021-06-23,MDA,Moldova,HPAI,0.226,verified,media_cluster,field,synthetic
BEACON-0000955,2021-06-24,2021-06-24,RUS,Russian Federation,HPAI,0.539,verified,unusual_mortality,media;official,synthetic
BEACON-0000956,2021-06-26,2021-06-27,RUS,Russian Federation,HPAI,0.752,verified,media_cluster,media,synthetic
BEACON-0000957,2021-06-24,2021-06-25,GEO,Georgia,HPAI,0.381,unverified,unusual_mortality,media,synthetic
BEACON-0000958,2021-06-30,2021-06-30,NLD,Netherlands,HPAI,0.582,unverified,unusual_mortality,media;official,synthetic
BEACON-0000959,2021-07-02,2021-07-02,NLD,Netherlands,HPAI,0.492,unverified,unusual_mortality,media,synthetic
BEACON-0000960,2021-07-01,2021-07-02,BEL,Belgium,HPAI,0.81,verified,media_cluster,media;official,synthetic
BEACON-0000961,2021-06-28,2021-06-30,ESP,Spain,HPAI,0.483,verified,unusual_mortality,media,synthetic
BEACON-0000962,2021-06-29,2021-06-29,HUN,Hungary,HPAI,0.474,verified,media_cluster,media,synthetic
BEACON-0000963,2021-07-02,2021-07-02,BGR,Bulgaria,HPAI,0.451,unverified,unusual_mortality,media;official,synthetic
BEACON-0000964,2021-06-28,2021-06-30,SRB,Serbia,HPAI,0.429,verified,unusual_mortality,official,synthetic
BEACON-0000965,2021-06-30,2021-07-01,UKR,Ukraine,HPAI,0.369,verified,syndromic,media;official,synthetic
BEACON-0000966,2021-07-02,2021-07-04,TUR,Türkiye,HPAI,0.346,unverified,media_cluster,media,synthetic
BEACON-0000967,2021-06-29,2021-06-29,MAR,Morocco,HPAI,0.336,unverified,unusual_mortality,media,synthetic
BEACON-0000968,2021-07-08,2021-07-10,NLD,Netherlands,HPAI,0.237,unverified,syndromic,media,synthetic
BEACON-0000969,2021-07-10,2021-07-12,ESP,Spain,HPAI,0.393,unverified,media_cluster,media;official,synthetic
BEACON-0000970,2021-07-08,2021-07-08,ESP,Spain,HPAI,0.546,verified,unusual_mortality,media,synthetic
BEACON-0000971,2021-07-07,2021-07-09,HUN,Hungary,HPAI,0.524,unverified,media_cluster,media,synthetic
BEACON-0000972,2021-07-09,2021-07-11,ROU,Romania,HPAI,0.225,unverified,trade_alert,media;official,synthetic
BEACON-0000973,2021-07-12,2021-07-14,NLD,Netherlands,HPAI,0.708,unverified,media_cluster,official,synthetic
BEACON-0000974,2021-07-13,2021-07-13,POL,Poland,HPAI,0.497,unverified,unusual_mortality,media,synthetic
BEACON-0000975,2021-07-12,2021-07-12,BGR,Bulgaria,HPAI,0.127,verified,trade_alert,media,synthetic
BEACON-0000976,2021-07-15,2021-07-16,BGR,Bulgaria,HPAI,0.296,unverified,unusual_mortality,field,synthetic
BEACON-0000977,2021-07-13,2021-07-14,UKR,Ukraine,HPAI,0.671,verified,syndromic,media,synthetic
BEACON-0000978,2021-07-16,2021-07-17,MDA,Moldova,HPAI,0.3,unverified,media_cluster,media;official,synthetic
BEACON-0000979,2021-07-14,2021-07-16,RUS,Russian Federation,HPAI,0.59,verified,trade_alert,media,synthetic
BEACON-0000980,2021-07-15,2021-07-15,RUS,Russian Federation,HPAI,0.853,unverified,media_cluster,media,synthetic
BEACON-0000981,2021-07-15,2021-07-16,TUR,Türkiye,HPAI,0.39,unverified,media_cluster,official,synthetic
BEACON-0000982,2021-07-14,2021-07-14,GEO,Georgia,HPAI,0.331,unverified,media_cluster,media,synthetic
BEACON-0000983,2021-07-15,2021-07-16,EGY,Egypt,HPAI,0.082,unverified,trade_alert,field,synthetic
BEACON-0000984,2021-07-17,2021-07-19,EGY,Egypt,HPAI,0.399,verified,syndromic,media;official,synthetic
BEACON-0000985,2021-07-23,2021-07-23,FRA,France,HPAI,0.395,verified,syndromic,media,synthetic
BEACON-0000986,2021-07-23,2021-07-25,DEU,Germany,HPAI,0.367,verified,media_cluster,media,synthetic
BEACON-0000987,2021-07-22,2021-07-23,POL,Poland,HPAI,0.099,unverified,media_cluster,media,synthetic
BEACON-0000988,2021-07-19,2021-07-19,HUN,Hungary,HPAI,0.359,unverified,media_cluster,media;official,synthetic
BEACON-0000989,2021-07-21,2021-07-21,BGR,Bulgaria,HPAI,0.151,unverified,media_cluster,media,synthetic
BEACON-0000990,2021-07-22,2021-07-24,BGR,Bulgaria,HPAI,0.043,verified,trade_alert,media;official,synthetic
BEACON-0000991,2021-07-20,2021-07-20,RUS,Russian Federation,HPAI,0.545,verified,media_cluster,media,synthetic
BEACON-0000992,2021-07-21,2021-07-23,RUS,Russian Federation,HPAI,0.54,unverified,media_cluster,media;official,synthetic
BEACON-0000993,2021-07-20,2021-07-20,RUS,Russian Federation,HPAI,0.639,unverified,media_cluster,media;official,synthetic
BEACON-0000994,2021-07-24,2021-07-24,RUS,Russian Federation,HPAI,0.873,verified,media_cluster,media,synthetic
BEACON-0000995,2021-07-22,2021-07-24,ISR,Israel,HPAI,0.177,verified,media_cluster,media,synthetic
BEACON-0000996,2021-07-22,2021-07-23,MAR,Morocco,HPAI,0.156,unverified,trade_alert,official,synthetic
BEACON-0000997,2021-07-30,2021-08-01,SRB,Serbia,HPAI,0.767,verified,media_cluster,media,synthetic
BEACON-0000998,2021-07-31,2021-07-31,RUS,Russian Federation,HPAI,0.723,unverified,syndromic,media,synthetic
BEACON-0000999,2021-07-28,2021-07-28,GEO,Georgia,HPAI,0.094,verified,unusual_mortality,media,synthetic
BEACON-0001000,2021-07-26,2021-07-28,ISR,Israel,HPAI,0.526,unverified,unusual_mortality,media,synthetic
BEACON-0001001,2021-07-29,2021-07-30,ISR,Israel,HPAI,0.393,verified,media_cluster,media,synthetic
BEACON-0001002,2021-07-31,2021-08-01,TUN,Tunisia,HPAI,0.688,unverified,media_cluster,official,synthetic
BEACON-0001003,2021-08-05,2021-08-07,DEU,Germany,HPAI,0.147,unverified,syndromic,media,synthetic
BEACON-0001004,2021-08-04,2021-08-04,DEU,Germany,HPAI,0.731,unverified,unusual_mortality,media,synthetic
BEACON-0001005,2021-08-06,2021-08-06,ITA,Italy,HPAI,0.514,unverified,media_cluster,media,synthetic
BEACON-0001006,2021-08-06,2021-08-06,POL,Poland,HPAI,0.345,unverified,media_cluster,media;official,synthetic
BEACON-0001007,2021-08-03,2021-08-04,HUN,Hungary,HPAI,0.102,unverified,trade_alert,media;official,synthetic
BEACON-0001008,2021-08-06,2021-08-06,UKR,Ukraine,HPAI,0.649,unverified,syndromic,media,synthetic
BEACON-0001009,2021-08-07,2021-08-08,UKR,Ukraine,HPAI,0.339,unverified,media_cluster,media;official,synthetic
BEACON-0001010,2021-08-06,2021-08-07,TUR,Türkiye,HPAI,0.394,unverified,syndromic,media;official,synthetic
BEACON-0001011,2021-08-07,2021-08-09,ISR,Israel,HPAI,0.458,verified,unusual_mortality,media,synthetic
BEACON-0001012,2021-08-12,2021-08-14,FRA,France,HPAI,0.231,unverified,unusual_mortality,media,synthetic
BEACON-0001013,2021-08-13,2021-08-14,DEU,Germany,HPAI,0.506,unverified,syndromic,media,synthetic
BEACON-0001014,2021-08-10,2021-08-11,NLD,Netherlands,HPAI,0.612,unverified,syndromic,field,synthetic
BEACON-0001015,2021-08-10,2021-08-12,NLD,Netherlands,HPAI,0.412,verified,syndromic,media,synthetic
BEACON-0001016,2021-08-11,2021-08-13,NLD,Netherlands,HPAI,0.154,unverified,unusual_mortality,media,synthetic
BEACON-0001017,2021-08-09,2021-08-09,ITA,Italy,HPAI,0.55,unverified,unusual_mortality,media;official,synthetic
BEACON-0001018,2021-08-13,2021-08-14,BGR,Bulgaria,HPAI,0.616,verified,media_cluster,media,synthetic
BEACON-0001019,2021-08-12,2021-08-14,BGR,Bulgaria,HPAI,0.581,unverified,syndromic,media,synthetic
BEACON-0001020,2021-08-14,2021-08-15,UKR,Ukraine,HPAI,0.677,unverified,unusual_mortality,media,synthetic
BEACON-0001021,2021-08-12,2021-08-14,RUS,Russian Federation,HPAI,0.4,unverified,unusual_mortality,media,synthetic
BEACON-0001022,2021-08-09,2021-08-11,RUS,Russian Federation,HPAI,0.206,verified,syndromic,official,synthetic
BEACON-0001023,2021-08-09,2021-08-09,ISR,Israel,HPAI,0.298,unverified,unusual_mortality,media,synthetic
BEACON-0001024,2021-08-12,2021-08-13,EGY,Egypt,HPAI,0.1,verified,media_cluster,media,synthetic
BEACON-0001025,2021-08-19,2021-08-21,DEU,Germany,HPAI,0.486,unverified,unusual_mortality,media,synthetic
BEACON-0001026,2021-08-20,2021-08-22,ROU,Romania,HPAI,0.201,unverified,unusual_mortality,official,synthetic
BEACON-0001027,2021-08-21,2021-08-22,BGR,Bulgaria,HPAI,0.415,verified,syndromic,media,synthetic
BEACON-0001028,2021-08-21,2021-08-22,UKR,Ukraine,HPAI,0.102,unverified,syndromic,media,synthetic
BEACON-0001029,2021-08-21,2021-08-22,MDA,Moldova,HPAI,0.197,unverified,media_cluster,field,synthetic
BEACON-0001030,2021-08-19,2021-08-20,GEO,Georgia,HPAI,0.04,verified,unusual_mortality,media;official,synthetic
BEACON-0001031,2021-08-20,2021-08-22,ISR,Israel,HPAI,0.445,unverified,unusual_mortality,media;official,synthetic
BEACON-0001032,2021-08-18,2021-08-19,TUN,Tunisia,HPAI,0.699,unverified,media_cluster,media;official,synthetic
BEACON-0001033,2021-08-28,2021-08-29,BEL,Belgium,HPAI,0.437,verified,media_cluster,media;official,synthetic
BEACON-0001034,2021-08-24,2021-08-26,BEL,Belgium,HPAI,0.147,verified,unusual_mortality,media,synthetic
BEACON-0001035,2021-08-25,2021-08-25,POL,Poland,HPAI,0.363,unverified,syndromic,media,synthetic
BEACON-0001036,2021-08-28,2021-08-28,BGR,Bulgaria,HPAI,0.661,unverified,unusual_mortality,media;official,synthetic
BEACON-0001037,2021-08-27,2021-08-28,SRB,Serbia,HPAI,0.228,verified,media_cluster,media;official,synthetic
BEACON-0001038,2021-08-26,2021-08-28,UKR,Ukraine,HPAI,0.361,unverified,media_cluster,media;official,synthetic
BEACON-0001039,2021-08-24,2021-08-26,RUS,Russian Federation,HPAI,0.191,unverified,media_cluster,media,synthetic
BEACON-0001040,2021-08-28,2021-08-29,TUR,Türkiye,HPAI,0.242,unverified,media_cluster,media,synthetic
BEACON-0001041,2021-08-23,2021-08-23,ISR,Israel,HPAI,0.676,verified,trade_alert,media;official,synthetic
BEACON-0001042,2021-08-24,2021-08-26,ISR,Israel,HPAI,0.208,unverified,trade_alert,media;official,synthetic
BEACON-0001043,2021-08-23,2021-08-25,EGY,Egypt,HPAI,0.425,unverified,syndromic,media;official,synthetic
BEACON-0001044,2021-09-04,2021-09-05,FRA,France,HPAI,0.354,verified,unusual_mortality,official,synthetic
BEACON-0001045,2021-09-02,2021-09-02,DEU,Germany,HPAI,0.379,unverified,trade_alert,media,synthetic
BEACON-0001046,2021-09-01,2021-09-02,NLD,Netherlands,HPAI,0.137,verified,media_cluster,media;official,synthetic
BEACON-0001047,2021-08-30,2021-09-01,POL,Poland,HPAI,0.394,unverified,syndromic,media,synthetic
BEACON-0001048,2021-09-04,2021-09-05,HUN,Hungary,HPAI,0.264,verified,unusual_mortality,official,synthetic
BEACON-0001049,2021-09-04,2021-09-05,ROU,Romania,HPAI,0.556,unverified,syndromic,media,synthetic
BEACON-0001050,2021-09-03,2021-09-05,ROU,Romania,HPAI,0.127,unverified,syndromic,field,synthetic
BEACON-0001051,2021-09-01,2021-09-01,SRB,Serbia,HPAI,0.482,verified,unusual_mortality,media,synthetic
BEACON-0001052,2021-09-03,2021-09-04,UKR,Ukraine,HPAI,0.466,verified,unusual_mortality,media;official,synthetic
BEACON-0001053,2021-09-02,2021-09-04,UKR,Ukraine,HPAI,0.817,unverified,syndromic,media,synthetic
BEACON-0001054,2021-09-02,2021-09-04,UKR,Ukraine,HPAI,0.147,unverified,trade_alert,media,synthetic
BEACON-0001055,2021-09-02,2021-09-03,GEO,Georgia,HPAI,0.09,unverified,media_cluster,media,synthetic
BEACON-0001056,2021-09-07,2021-09-08,NLD,Netherlands,HPAI,0.713,unverified,unusual_mortality,media,synthetic
BEACON-0001057,2021-09-06,2021-09-08,NLD,Netherlands,HPAI,0.671,unverified,unusual_mortality,media;official,synthetic
BEACON-0001058,2021-09-07,2021-09-08,BEL,Belgium,HPAI,0.205,verified,unusual_mortality,media;official,synthetic
BEACON-0001059,2021-09-11,2021-09-12,ESP,Spain,HPAI,0.044,verified,trade_alert,media,synthetic
BEACON-0001060,2021-09-10,2021-09-11,POL,Poland,HPAI,0.504,unverified,unusual_mortality,media;official,synthetic
BEACON-0001061,2021-09-06,2021-09-07,POL,Poland,HPAI,0.459,unverified,trade_alert,media,synthetic
BEACON-0001062,2021-09-11,2021-09-13,BGR,Bulgaria,HPAI,0.238,unverified,media_cluster,official,synthetic
BEACON-0001063,2021-09-07,2021-09-09,TUR,Türkiye,HPAI,0.494,unverified,media_cluster,media;official,synthetic
BEACON-0001064,2021-09-10,2021-09-12,TUR,Türkiye,HPAI,0.654,verified,trade_alert,media,synthetic
BEACON-0001065,2021-09-08,2021-09-09,GEO,Georgia,HPAI,0.173,unverified,unusual_mortality,media,synthetic
BEACON-0001066,2021-09-11,2021-09-12,ISR,Israel,HPAI,0.477,unverified,media_cluster,official,synthetic
BEACON-0001067,2021-09-07,2021-09-07,EGY,Egypt,HPAI,0.262,verified,syndromic,field,synthetic
BEACON-0001068,2021-09-18,2021-09-20,BEL,Belgium,HPAI,0.561,unverified,unusual_mortality,media,synthetic
BEACON-0001069,2021-09-16,2021-09-18,ESP,Spain,HPAI,0.558,unverified,media_cluster,media,synthetic
BEACON-0001070,2021-09-17,2021-09-17,HUN,Hungary,HPAI,0.116,unverified,syndromic,media,synthetic
BEACON-0001071,2021-09-15,2021-09-15,HUN,Hungary,HPAI,0.867,verified,unusual_mortality,media;official,synthetic
BEACON-0001072,2021-09-17,2021-09-19,ROU,Romania,HPAI,0.34,verified,syndromic,media;official,synthetic
BEACON-0001073,2021-09-14,2021-09-16,RUS,Russian Federation,HPAI,0.4,verified,syndromic,media,synthetic
BEACON-0001074,2021-09-14,2021-09-14,ISR,Israel,HPAI,0.042,unverified,media_cluster,media;official,synthetic
BEACON-0001075,2021-09-16,2021-09-16,TUN,Tunisia,HPAI,0.576,unverified,unusual_mortality,media,synthetic
BEACON-0001076,2021-09-13,2021-09-15,MAR,Morocco,HPAI,0.088,unverified,unusual_mortality,media,synthetic
BEACON-0001077,2021-09-14,2021-09-15,MAR,Morocco,HPAI,0.629,unverified,media_cluster,media,synthetic
BEACON-0001078,2021-09-20,2021-09-20,NLD,Netherlands,HPAI,0.261,unverified,media_cluster,media,synthetic
BEACON-0001079,2021-09-25,2021-09-26,POL,Poland,HPAI,0.211,unverified,syndromic,media,synthetic
BEACON-0001080,2021-09-21,2021-09-21,HUN,Hungary,HPAI,0.315,verified,trade_alert,official,synthetic
BEACON-0001081,2021-09-24,2021-09-25,SRB,Serbia,HPAI,0.223,unverified,trade_alert,official,synthetic
BEACON-0001082,2021-09-25,2021-09-25,MDA,Moldova,HPAI,0.648,verified,media_cluster,official,synthetic
BEACON-0001083,2021-09-22,2021-09-24,ISR,Israel,HPAI,0.082,verified,unusual_mortality,media,synthetic
BEACON-0001084,2021-09-23,2021-09-23,EGY,Egypt,HPAI,0.698,verified,media_cluster,media,synthetic
BEACON-0001085,2021-10-01,2021-10-02,FRA,France,HPAI,0.366,unverified,unusual_mortality,media,synthetic
BEACON-0001086,2021-09-30,2021-10-01,FRA,France,HPAI,0.181,unverified,trade_alert,media,synthetic
BEACON-0001087,2021-09-28,2021-09-30,DEU,Germany,HPAI,0.098,unverified,unusual_mortality,media,synthetic
BEACON-0001088,2021-10-02,2021-10-02,ITA,Italy,HPAI,0.654,unverified,unusual_mortality,media,synthetic
BEACON-0001089,2021-10-01,2021-10-01,POL,Poland,HPAI,0.045,verified,unusual_mortality,media;official,synthetic
BEACON-0001090,2021-10-02,2021-10-03,POL,Poland,HPAI,0.329,verified,media_cluster,media;official,synthetic
BEACON-0001091,2021-09-27,2021-09-29,SRB,Serbia,HPAI,0.595,unverified,media_cluster,field,synthetic
BEACON-0001092,2021-10-02,2021-10-03,SRB,Serbia,HPAI,0.3,verified,media_cluster,media,synthetic
BEACON-0001093,2021-09-27,2021-09-27,RUS,Russian Federation,HPAI,0.203,unverified,unusual_mortality,official,synthetic
BEACON-0001094,2021-09-28,2021-09-28,RUS,Russian Federation,HPAI,0.49,unverified,unusual_mortality,media,synthetic
BEACON-0001095,2021-09-29,2021-09-29,RUS,Russian Federation,HPAI,0.383,unverified,unusual_mortality,official,synthetic
BEACON-0001096,2021-09-28,2021-09-28,ISR,Israel,HPAI,0.281,unverified,media_cluster,media;official,synthetic
BEACON-0001097,2021-09-27,2021-09-29,EGY,Egypt,HPAI,0.245,unverified,media_cluster,official,synthetic
BEACON-0001098,2021-10-01,2021-10-02,TUN,Tunisia,HPAI,0.21,unverified,syndromic,media;official,synthetic
BEACON-0001099,2021-10-09,2021-10-09,FRA,France,HPAI,0.353,unverified,media_cluster,media,synthetic
BEACON-0001100,2021-10-08,2021-10-10,BEL,Belgium,HPAI,0.877,unverified,unusual_mortality,media,synthetic
BEACON-0001101,2021-10-07,2021-10-07,BEL,Belgium,HPAI,0.587,verified,trade_alert,media,synthetic
BEACON-0001102,2021-10-08,2021-10-10,ITA,Italy,HPAI,0.248,unverified,unusual_mortality,media,synthetic
BEACON-0001103,2021-10-05,2021-10-05,ITA,Italy,HPAI,0.555,unverified,media_cluster,media;official,synthetic
BEACON-0001104,2021-10-09,2021-10-11,ESP,Spain,HPAI,0.683,verified,unusual_mortality,media,synthetic
BEACON-0001105,2021-10-04,2021-10-04,POL,Poland,HPAI,0.501,verified,media_cluster,official,synthetic
BEACON-0001106,2021-10-07,2021-10-08,HUN,Hungary,HPAI,0.29,verified,unusual_mortality,media,synthetic
BEACON-0001107,2021-10-06,2021-10-07,SRB,Serbia,HPAI,0.704,unverified,trade_alert,media,synthetic
BEACON-0001108,2021-10-09,2021-10-10,RUS,Russian Federation,HPAI,0.656,unverified,media_cluster,media,synthetic
BEACON-0001109,2021-10-08,2021-10-09,ISR,Israel,HPAI,0.685,unverified,unusual_mortality,official,synthetic
BEACON-0001110,2021-10-08,2021-10-09,EGY,Egypt,HPAI,0.801,verified,trade_alert,official,synthetic
BEACON-0001111,2021-10-13,2021-10-13,NLD,Netherlands,HPAI,0.536,verified,unusual_mortality,field,synthetic
BEACON-0001112,2021-10-12,2021-10-12,BEL,Belgium,HPAI,0.178,unverified,unusual_mortality,official,synthetic
BEACON-0001113,2021-10-16,2021-10-18,ESP,Spain,HPAI,0.344,verified,media_cluster,media,synthetic
BEACON-0001114,2021-10-12,2021-10-13,POL,Poland,HPAI,0.446,verified,media_cluster,media;official,synthetic
BEACON-0001115,2021-10-15,2021-10-15,GEO,Georgia,HPAI,0.424,unverified,media_cluster,media,synthetic
BEACON-0001116,2021-10-13,2021-10-14,TUN,Tunisia,HPAI,0.302,unverified,media_cluster,official,synthetic
BEACON-0001117,2021-10-11,2021-10-13,MAR,Morocco,HPAI,0.632,unverified,syndromic,official,synthetic
BEACON-0001118,2021-10-20,2021-10-21,DEU,Germany,HPAI,0.236,verified,media_cluster,media;official,synthetic
BEACON-0001119,2021-10-18,2021-10-18,ROU,Romania,HPAI,0.353,verified,unusual_mortality,media;official,synthetic
BEACON-0001120,2021-10-18,2021-10-19,ROU,Romania,HPAI,0.546,unverified,media_cluster,media,synthetic
BEACON-0001121,2021-10-21,2021-10-23,RUS,Russian Federation,HPAI,0.204,unverified,syndromic,media,synthetic
BEACON-0001122,2021-10-20,2021-10-22,EGY,Egypt,HPAI,0.439,verified,unusual_mortality,media;official,synthetic
BEACON-0001123,2021-10-21,2021-10-23,EGY,Egypt,HPAI,0.415,verified,unusual_mortality,media;official,synthetic
BEACON-0001124,2021-10-18,2021-10-18,EGY,Egypt,HPAI,0.247,unverified,unusual_mortality,media;official,synthetic
BEACON-0001125,2021-10-20,2021-10-22,MAR,Morocco,HPAI,0.294,unverified,media_cluster,media;official,synthetic
BEACON-0001126,2021-10-26,2021-10-27,FRA,France,HPAI,0.277,verified,unusual_mortality,media;official,synthetic
BEACON-0001127,2021-10-25,2021-10-25,NLD,Netherlands,HPAI,0.488,unverified,media_cluster,media,synthetic
BEACON-0001128,2021-10-27,2021-10-27,NLD,Netherlands,HPAI,0.869,unverified,media_cluster,media,synthetic
BEACON-0001129,2021-10-28,2021-10-28,POL,Poland,HPAI,0.124,unverified,media_cluster,media,synthetic
BEACON-0001130,2021-10-29,2021-10-31,POL,Poland,HPAI,0.312,verified,media_cluster,media,synthetic
BEACON-0001131,2021-10-29,2021-10-29,ROU,Romania,HPAI,0.305,unverified,unusual_mortality,media,synthetic
BEACON-0001132,2021-10-25,2021-10-25,UKR,Ukraine,HPAI,0.66,unverified,media_cluster,media,synthetic
BEACON-0001133,2021-10-29,2021-10-30,RUS,Russian Federation,HPAI,0.241,unverified,media_cluster,media,synthetic
BEACON-0001134,2021-10-29,2021-10-30,TUN,Tunisia,HPAI,0.23,unverified,unusual_mortality,media;official,synthetic
BEACON-0001135,2021-11-04,2021-11-06,FRA,France,HPAI,0.571,unverified,unusual_mortality,media,synthetic
BEACON-0001136,2021-11-04,2021-11-06,DEU,Germany,HPAI,0.464,unverified,syndromic,official,synthetic
BEACON-0001137,2021-11-05,2021-11-06,NLD,Netherlands,HPAI,0.253,verified,unusual_mortality,media,synthetic
BEACON-0001138,2021-11-06,2021-11-06,BEL,Belgium,HPAI,0.703,unverified,unusual_mortality,media;official,synthetic
BEACON-0001139,2021-11-03,2021-11-03,POL,Poland,HPAI,0.308,unverified,media_cluster,official,synthetic
BEACON-0001140,2021-11-06,2021-11-08,ROU,Romania,HPAI,0.286,verified,trade_alert,media,synthetic
BEACON-0001141,2021-11-05,2021-11-05,MDA,Moldova,HPAI,0.616,unverified,trade_alert,media,synthetic
BEACON-0001142,2021-11-04,2021-11-04,RUS,Russian Federation,HPAI,0.42,unverified,media_cluster,media,synthetic
BEACON-0001143,2021-11-06,2021-11-08,EGY,Egypt,HPAI,0.527,unverified,unusual_mortality,media,synthetic
BEACON-0001144,2021-11-05,2021-11-06,TUN,Tunisia,HPAI,0.366,unverified,unusual_mortality,official,synthetic
BEACON-0001145,2021-11-02,2021-11-03,TUN,Tunisia,HPAI,0.196,verified,unusual_mortality,media,synthetic
BEACON-0001146,2021-11-08,2021-11-09,FRA,France,HPAI,0.393,unverified,unusual_mortality,media;official,synthetic
BEACON-0001147,2021-11-09,2021-11-11,NLD,Netherlands,HPAI,0.294,unverified,unusual_mortality,media,synthetic
BEACON-0001148,2021-11-08,2021-11-08,ESP,Spain,HPAI,0.76,unverified,unusual_mortality,media,synthetic
BEACON-0001149,2021-11-10,2021-11-11,POL,Poland,HPAI,0.349,unverified,media_cluster,field,synthetic
BEACON-0001150,2021-11-09,2021-11-11,POL,Poland,HPAI,0.621,unverified,media_cluster,media,synthetic
BEACON-0001151,2021-11-10,2021-11-11,ROU,Romania,HPAI,0.42,verified,unusual_mortality,field,synthetic
BEACON-0001152,2021-11-09,2021-11-09,UKR,Ukraine,HPAI,0.662,unverified,unusual_mortality,media,synthetic
BEACON-0001153,2021-11-11,2021-11-11,RUS,Russian Federation,HPAI,0.58,unverified,unusual_mortality,official,synthetic
BEACON-0001154,2021-11-08,2021-11-10,RUS,Russian Federation,HPAI,0.665,verified,unusual_mortality,media;official,synthetic
BEACON-0001155,2021-11-12,2021-11-13,TUR,Türkiye,HPAI,0.202,unverified,unusual_mortality,media;official,synthetic
BEACON-0001156,2021-11-08,2021-11-10,GEO,Georgia,HPAI,0.419,unverified,unusual_mortality,official,synthetic
BEACON-0001157,2021-11-10,2021-11-12,EGY,Egypt,HPAI,0.461,unverified,syndromic,media,synthetic
BEACON-0001158,2021-11-13,2021-11-14,MAR,Morocco,HPAI,0.628,verified,unusual_mortality,media,synthetic
BEACON-0001159,2021-11-17,2021-11-18,FRA,France,HPAI,0.363,unverified,trade_alert,media,synthetic
BEACON-0001160,2021-11-15,2021-11-17,DEU,Germany,HPAI,0.568,verified,syndromic,field,synthetic
BEACON-0001161,2021-11-15,2021-11-16,DEU,Germany,HPAI,0.374,verified,syndromic,media;official,synthetic
BEACON-0001162,2021-11-19,2021-11-21,NLD,Netherlands,HPAI,0.585,verified,unusual_mortality,media,synthetic
BEACON-0001163,2021-11-18,2021-11-20,NLD,Netherlands,HPAI,0.436,unverified,syndromic,field,synthetic
BEACON-0001164,2021-11-17,2021-11-17,BEL,Belgium,HPAI,0.737,unverified,media_cluster,official,synthetic
BEACON-0001165,2021-11-15,2021-11-15,HUN,Hungary,HPAI,0.314,verified,media_cluster,media,synthetic
BEACON-0001166,2021-11-19,2021-11-19,ROU,Romania,HPAI,0.456,verified,trade_alert,media,synthetic
BEACON-0001167,2021-11-20,2021-11-21,ROU,Romania,HPAI,0.646,unverified,unusual_mortality,field,synthetic
BEACON-0001168,2021-11-15,2021-11-15,ROU,Romania,HPAI,0.884,unverified,unusual_mortality,media,synthetic
BEACON-0001169,2021-11-19,2021-11-21,ROU,Romania,HPAI,0.931,verified,media_cluster,media;official,synthetic
BEACON-0001170,2021-11-18,2021-11-18,SRB,Serbia,HPAI,0.219,unverified,unusual_mortality,field,synthetic
BEACON-0001171,2021-11-19,2021-11-20,UKR,Ukraine,HPAI,0.663,unverified,unusual_mortality,media;official,synthetic
BEACON-0001172,2021-11-16,2021-11-17,UKR,Ukraine,HPAI,0.815,unverified,unusual_mortality,official,synthetic
BEACON-0001173,2021-11-15,2021-11-17,UKR,Ukraine,HPAI,0.432,verified,syndromic,media;official,synthetic
BEACON-0001174,2021-11-15,2021-11-16,MDA,Moldova,HPAI,0.179,verified,unusual_mortality,official,synthetic
BEACON-0001175,2021-11-15,2021-11-15,RUS,Russian Federation,HPAI,0.866,unverified,media_cluster,media;official,synthetic
BEACON-0001176,2021-11-19,2021-11-19,RUS,Russian Federation,HPAI,0.836,unverified,unusual_mortality,official,synthetic
BEACON-0001177,2021-11-19,2021-11-20,RUS,Russian Federation,HPAI,0.982,verified,unusual_mortality,official,synthetic
BEACON-0001178,2021-11-18,2021-11-18,RUS,Russian Federation,HPAI,1.0,verified,syndromic,media,synthetic
BEACON-0001179,2021-11-20,2021-11-22,TUR,Türkiye,HPAI,0.773,unverified,syndromic,media,synthetic
BEACON-0001180,2021-11-17,2021-11-18,GEO,Georgia,HPAI,0.276,unverified,media_cluster,media,synthetic
BEACON-0001181,2021-11-16,2021-11-18,EGY,Egypt,HPAI,0.329,verified,unusual_mortality,official,synthetic
BEACON-0001182,2021-11-20,2021-11-20,TUN,Tunisia,HPAI,0.409,unverified,media_cluster,media,synthetic
BEACON-0001183,2021-11-16,2021-11-17,MAR,Morocco,HPAI,0.277,verified,media_cluster,media,synthetic
BEACON-0001184,2021-11-16,2021-11-17,MAR,Morocco,HPAI,0.11,verified,unusual_mortality,media,synthetic
BEACON-0001185,2021-11-22,2021-11-24,DEU,Germany,HPAI,0.761,unverified,trade_alert,media,synthetic
BEACON-0001186,2021-11-24,2021-11-24,DEU,Germany,HPAI,0.821,unverified,media_cluster,media;official,synthetic
BEACON-0001187,2021-11-26,2021-11-26,NLD,Netherlands,HPAI,0.682,unverified,unusual_mortality,media;official,synthetic
BEACON-0001188,2021-11-22,2021-11-22,NLD,Netherlands,HPAI,0.995,unverified,media_cluster,media;official,synthetic
BEACON-0001189,2021-11-22,2021-11-23,BEL,Belgium,HPAI,0.346,unverified,syndromic,media;official,synthetic
BEACON-0001190,2021-11-22,2021-11-23,BEL,Belgium,HPAI,1.0,verified,trade_alert,media,synthetic
BEACON-0001191,2021-11-26,2021-11-26,BEL,Belgium,HPAI,0.492,verified,unusual_mortality,media,synthetic
BEACON-0001192,2021-11-22,2021-11-24,ITA,Italy,HPAI,0.693,unverified,syndromic,media;official,synthetic
BEACON-0001193,2021-11-27,2021-11-29,ESP,Spain,HPAI,0.618,unverified,media_cluster,media,synthetic
BEACON-0001194,2021-11-27,2021-11-28,ESP,Spain,HPAI,0.565,verified,media_cluster,media;official,synthetic
BEACON-0001195,2021-11-26,2021-11-27,POL,Poland,HPAI,0.532,verified,media_cluster,media;official,synthetic
BEACON-0001196,2021-11-26,2021-11-28,HUN,Hungary,HPAI,0.503,verified,unusual_mortality,media,synthetic
BEACON-0001197,2021-11-25,2021-11-25,ROU,Romania,HPAI,0.536,unverified,unusual_mortality,media,synthetic
BEACON-0001198,2021-11-23,2021-11-23,ROU,Romania,HPAI,0.593,unverified,media_cluster,media,synthetic
BEACON-0001199,2021-11-27,2021-11-28,BGR,Bulgaria,HPAI,0.894,verified,trade_alert,field,synthetic
BEACON-0001200,2021-11-27,2021-11-29,UKR,Ukraine,HPAI,0.265,unverified,syndromic,media,synthetic
BEACON-0001201,2021-11-25,2021-11-27,MDA,Moldova,HPAI,0.429,unverified,media_cluster,media,synthetic
BEACON-0001202,2021-11-25,2021-11-27,MDA,Moldova,HPAI,0.617,unverified,trade_alert,media,synthetic
BEACON-0001203,2021-11-26,2021-11-27,GEO,Georgia,HPAI,0.689,unverified,media_cluster,media,synthetic
BEACON-0001204,2021-12-03,2021-12-04,FRA,France,HPAI,0.415,unverified,media_cluster,field,synthetic
BEACON-0001205,2021-12-03,2021-12-03,DEU,Germany,HPAI,0.963,unverified,unusual_mortality,official,synthetic
BEACON-0001206,2021-12-02,2021-12-04,DEU,Germany,HPAI,1.0,verified,unusual_mortality,media,synthetic
BEACON-0001207,2021-12-04,2021-12-05,DEU,Germany,HPAI,0.678,verified,unusual_mortality,media,synthetic
BEACON-0001208,2021-11-29,2021-12-01,DEU,Germany,HPAI,0.952,unverified,unusual_mortality,official,synthetic
BEACON-0001209,2021-12-03,2021-12-05,NLD,Netherlands,HPAI,0.924,verified,unusual_mortality,media,synthetic
BEACON-0001210,2021-12-02,2021-12-02,NLD,Netherlands,HPAI,0.964,unverified,media_cluster,official,synthetic
BEACON-0001211,2021-11-30,2021-12-02,NLD,Netherlands,HPAI,0.941,unverified,unusual_mortality,media,synthetic
BEACON-0001212,2021-11-30,2021-11-30,NLD,Netherlands,HPAI,0.698,unverified,syndromic,media,synthetic
BEACON-0001213,2021-12-04,2021-12-04,NLD,Netherlands,HPAI,1.0,unverified,trade_alert,media;official,synthetic
BEACON-0001214,2021-12-01,2021-12-01,BEL,Belgium,HPAI,0.805,unverified,unusual_mortality,media;official,synthetic
BEACON-0001215,2021-12-01,2021-12-03,ITA,Italy,HPAI,0.473,unverified,media_cluster,official,synthetic
BEACON-0001216,2021-11-30,2021-12-02,HUN,Hungary,HPAI,0.844,verified,media_cluster,media,synthetic
BEACON-0001217,2021-12-01,2021-12-03,ROU,Romania,HPAI,0.817,unverified,media_cluster,media;official,synthetic
BEACON-0001218,2021-11-30,2021-11-30,UKR,Ukraine,HPAI,0.247,unverified,unusual_mortality,official,synthetic
BEACON-0001219,2021-12-02,2021-12-02,MDA,Moldova,HPAI,0.279,verified,trade_alert,media,synthetic
BEACON-0001220,2021-12-03,2021-12-03,RUS,Russian Federation,HPAI,1.0,verified,unusual_mortality,media;official,synthetic
BEACON-0001221,2021-12-01,2021-12-01,RUS,Russian Federation,HPAI,0.774,unverified,media_cluster,field,synthetic
BEACON-0001222,2021-12-02,2021-12-03,RUS,Russian Federation,HPAI,0.871,unverified,syndromic,official,synthetic
BEACON-0001223,2021-12-01,2021-12-01,RUS,Russian Federation,HPAI,0.956,unverified,media_cluster,field,synthetic
BEACON-0001224,2021-11-30,2021-11-30,RUS,Russian Federation,HPAI,0.802,verified,unusual_mortality,media,synthetic
BEACON-0001225,2021-12-02,2021-12-04,GEO,Georgia,HPAI,0.556,unverified,syndromic,media,synthetic
BEACON-0001226,2021-12-02,2021-12-02,ISR,Israel,HPAI,0.056,unverified,media_cluster,official,synthetic
BEACON-0001227,2021-11-30,2021-12-01,ISR,Israel,HPAI,0.462,verified,media_cluster,media,synthetic
BEACON-0001228,2021-12-02,2021-12-02,EGY,Egypt,HPAI,0.432,unverified,media_cluster,media,synthetic
BEACON-0001229,2021-12-06,2021-12-08,FRA,France,HPAI,0.445,unverified,media_cluster,media,synthetic
BEACON-0001230,2021-12-09,2021-12-10,FRA,France,HPAI,0.367,unverified,trade_alert,media,synthetic
BEACON-0001231,2021-12-08,2021-12-08,FRA,France,HPAI,0.474,unverified,media_cluster,media,synthetic
BEACON-0001232,2021-12-11,2021-12-13,DEU,Germany,HPAI,0.895,unverified,media_cluster,media;official,synthetic
BEACON-0001233,2021-12-09,2021-12-11,NLD,Netherlands,HPAI,1.0,verified,unusual_mortality,field,synthetic
BEACON-0001234,2021-12-11,2021-12-12,NLD,Netherlands,HPAI,0.736,verified,media_cluster,media,synthetic
BEACON-0001235,2021-12-11,2021-12-13,NLD,Netherlands,HPAI,0.702,verified,unusual_mortality,media,synthetic
BEACON-0001236,2021-12-11,2021-12-11,NLD,Netherlands,HPAI,0.771,unverified,unusual_mortality,field,synthetic
BEACON-0001237,2021-12-06,2021-12-06,NLD,Netherlands,HPAI,0.951,unverified,media_cluster,media,synthetic
BEACON-0001238,2021-12-07,2021-12-09,NLD,Netherlands,HPAI,1.0,verified,trade_alert,media;official,synthetic
BEACON-0001239,2021-12-08,2021-12-09,BEL,Belgium,HPAI,0.93,verified,media_cluster,media,synthetic
BEACON-0001240,2021-12-09,2021-12-11,BEL,Belgium,HPAI,0.604,unverified,media_cluster,media,synthetic
BEACON-0001241,2021-12-08,2021-12-10,BEL,Belgium,HPAI,0.584,unverified,unusual_mortality,media,synthetic
BEACON-0001242,2021-12-09,2021-12-11,BEL,Belgium,HPAI,0.838,verified,unusual_mortality,media,synthetic
BEACON-0001243,2021-12-08,2021-12-09,ITA,Italy,HPAI,1.0,verified,media_cluster,official,synthetic
BEACON-0001244,2021-12-06,2021-12-07,ITA,Italy,HPAI,0.722,unverified,media_cluster,media;official,synthetic
BEACON-0001245,2021-12-07,2021-12-09,POL,Poland,HPAI,0.743,verified,media_cluster,official,synthetic
BEACON-0001246,2021-12-10,2021-12-10,POL,Poland,HPAI,0.801,unverified,unusual_mortality,official,synthetic
BEACON-0001247,2021-12-11,2021-12-13,ROU,Romania,HPAI,0.193,unverified,unusual_mortality,media,synthetic
BEACON-0001248,2021-12-06,2021-12-06,UKR,Ukraine,HPAI,0.95,unverified,syndromic,field,synthetic
BEACON-0001249,2021-12-11,2021-12-12,UKR,Ukraine,HPAI,0.993,unverified,unusual_mortality,media;official,synthetic
BEACON-0001250,2021-12-09,2021-12-10,MDA,Moldova,HPAI,0.42,unverified,trade_alert,field,synthetic
BEACON-0001251,2021-12-06,2021-12-06,MDA,Moldova,HPAI,0.403,unverified,media_cluster,media,synthetic
BEACON-0001252,2021-12-07,2021-12-09,MDA,Moldova,HPAI,0.841,verified,media_cluster,media;official,synthetic
BEACON-0001253,2021-12-08,2021-12-10,RUS,Russian Federation,HPAI,0.239,verified,unusual_mortality,media,synthetic
BEACON-0001254,2021-12-08,2021-12-08,TUR,Türkiye,HPAI,0.435,verified,media_cluster,official,synthetic
BEACON-0001255,2021-12-08,2021-12-09,GEO,Georgia,HPAI,0.39,verified,syndromic,media;official,synthetic
BEACON-0001256,2021-12-06,2021-12-08,GEO,Georgia,HPAI,0.712,unverified,unusual_mortality,media,synthetic
BEACON-0001257,2021-12-08,2021-12-09,GEO,Georgia,HPAI,0.955,verified,syndromic,media,synthetic
BEACON-0001258,2021-12-08,2021-12-10,GEO,Georgia,HPAI,0.799,verified,unusual_mortality,media,synthetic
BEACON-0001259,2021-12-07,2021-12-07,EGY,Egypt,HPAI,0.271,unverified,media_cluster,media,synthetic
BEACON-0001260,2021-12-10,2021-12-12,TUN,Tunisia,HPAI,0.523,unverified,unusual_mortality,media;official,synthetic
BEACON-0001261,2021-12-14,2021-12-16,FRA,France,HPAI,0.943,unverified,media_cluster,media;official,synthetic
BEACON-0001262,2021-12-17,2021-12-18,DEU,Germany,HPAI,0.718,unverified,media_cluster,media;official,synthetic
BEACON-0001263,2021-12-18,2021-12-20,DEU,Germany,HPAI,1.0,unverified,unusual_mortality,official,synthetic
BEACON-0001264,2021-12-18,2021-12-18,DEU,Germany,HPAI,1.0,unverified,unusual_mortality,media,synthetic
BEACON-0001265,2021-12-16,2021-12-16,NLD,Netherlands,HPAI,0.508,unverified,media_cluster,media;official,synthetic
BEACON-0001266,2021-12-18,2021-12-18,NLD,Netherlands,HPAI,0.344,verified,media_cluster,media,synthetic
BEACON-0001267,2021-12-17,2021-12-19,NLD,Netherlands,HPAI,0.568,verified,media_cluster,media,synthetic
BEACON-0001268,2021-12-14,2021-12-14,BEL,Belgium,HPAI,0.615,verified,media_cluster,official,synthetic
BEACON-0001269,2021-12-16,2021-12-16,BEL,Belgium,HPAI,0.778,verified,media_cluster,media,synthetic
BEACON-0001270,2021-12-16,2021-12-18,POL,Poland,HPAI,0.73,unverified,unusual_mortality,official,synthetic
BEACON-0001271,2021-12-15,2021-12-16,POL,Poland,HPAI,0.744,unverified,unusual_mortality,media;official,synthetic
BEACON-0001272,2021-12-17,2021-12-17,POL,Poland,HPAI,1.0,verified,media_cluster,media;official,synthetic
BEACON-0001273,2021-12-17,2021-12-19,POL,Poland,HPAI,0.919,unverified,media_cluster,media,synthetic
BEACON-0001274,2021-12-13,2021-12-13,POL,Poland,HPAI,0.759,unverified,unusual_mortality,media,synthetic
BEACON-0001275,2021-12-14,2021-12-16,POL,Poland,HPAI,0.854,unverified,syndromic,field,synthetic
BEACON-0001276,2021-12-15,2021-12-16,HUN,Hungary,HPAI,0.603,verified,unusual_mortality,media,synthetic
BEACON-0001277,2021-12-13,2021-12-14,HUN,Hungary,HPAI,0.868,verified,media_cluster,media;official,synthetic
BEACON-0001278,2021-12-14,2021-12-16,ROU,Romania,HPAI,0.858,verified,unusual_mortality,media;official,synthetic
BEACON-0001279,2021-12-18,2021-12-20,ROU,Romania,HPAI,0.553,unverified,unusual_mortality,media;official,synthetic
BEACON-0001280,2021-12-18,2021-12-19,ROU,Romania,HPAI,0.876,verified,unusual_mortality,official,synthetic
BEACON-0001281,2021-12-16,2021-12-17,BGR,Bulgaria,HPAI,0.724,verified,unusual_mortality,media,synthetic
BEACON-0001282,2021-12-18,2021-12-18,UKR,Ukraine,HPAI,0.263,verified,unusual_mortality,media,synthetic
BEACON-0001283,2021-12-16,2021-12-17,MDA,Moldova,HPAI,0.458,verified,media_cluster,media,synthetic
BEACON-0001284,2021-12-18,2021-12-20,RUS,Russian Federation,HPAI,0.219,verified,media_cluster,media,synthetic
BEACON-0001285,2021-12-13,2021-12-14,TUR,Türkiye,HPAI,0.392,verified,syndromic,media,synthetic
BEACON-0001286,2021-12-17,2021-12-17,TUR,Türkiye,HPAI,0.533,unverified,media_cluster,media,synthetic
BEACON-0001287,2021-12-17,2021-12-18,ISR,Israel,HPAI,0.11,verified,media_cluster,media,synthetic
BEACON-0001288,2021-12-18,2021-12-19,EGY,Egypt,HPAI,0.509,unverified,unusual_mortality,media,synthetic
BEACON-0001289,2021-12-15,2021-12-15,EGY,Egypt,HPAI,0.175,unverified,media_cluster,media;official,synthetic
BEACON-0001290,2021-12-15,2021-12-16,TUN,Tunisia,HPAI,0.449,unverified,syndromic,media;official,synthetic
BEACON-0001291,2021-12-18,2021-12-20,MAR,Morocco,HPAI,0.572,verified,unusual_mortality,media,synthetic
BEACON-0001292,2021-12-24,2021-12-24,FRA,France,HPAI,0.656,unverified,media_cluster,official,synthetic
BEACON-0001293,2021-12-23,2021-12-23,FRA,France,HPAI,0.892,verified,unusual_mortality,media,synthetic
BEACON-0001294,2021-12-20,2021-12-21,DEU,Germany,HPAI,0.371,unverified,syndromic,media,synthetic
BEACON-0001295,2021-12-23,2021-12-23,DEU,Germany,HPAI,1.0,verified,media_cluster,media,synthetic
BEACON-0001296,2021-12-21,2021-12-23,NLD,Netherlands,HPAI,0.571,verified,media_cluster,media;official,synthetic
BEACON-0001297,2021-12-21,2021-12-23,NLD,Netherlands,HPAI,0.501,unverified,unusual_mortality,media,synthetic
BEACON-0001298,2021-12-21,2021-12-22,BEL,Belgium,HPAI,0.949,verified,media_cluster,official,synthetic
BEACON-0001299,2021-12-24,2021-12-24,ITA,Italy,HPAI,0.743,verified,media_cluster,media,synthetic
BEACON-0001300,2021-12-20,2021-12-20,ESP,Spain,HPAI,0.537,unverified,unusual_mortality,media,synthetic
BEACON-0001301,2021-12-23,2021-12-25,POL,Poland,HPAI,0.73,unverified,media_cluster,official,synthetic
BEACON-0001302,2021-12-21,2021-12-23,POL,Poland,HPAI,0.517,verified,unusual_mortality,media;official,synthetic
BEACON-0001303,2021-12-20,2021-12-21,POL,Poland,HPAI,0.824,verified,media_cluster,media,synthetic
BEACON-0001304,2021-12-25,2021-12-27,ROU,Romania,HPAI,0.306,verified,trade_alert,media;official,synthetic
BEACON-0001305,2021-12-21,2021-12-22,ROU,Romania,HPAI,0.38,verified,syndromic,field,synthetic
BEACON-0001306,2021-12-22,2021-12-22,BGR,Bulgaria,HPAI,0.79,unverified,media_cluster,media,synthetic
BEACON-0001307,2021-12-20,2021-12-22,BGR,Bulgaria,HPAI,0.484,verified,media_cluster,media,synthetic
BEACON-0001308,2021-12-20,2021-12-21,BGR,Bulgaria,HPAI,0.785,verified,media_cluster,official,synthetic
BEACON-0001309,2021-12-23,2021-12-25,SRB,Serbia,HPAI,0.124,verified,syndromic,media,synthetic
BEACON-0001310,2021-12-23,2021-12-25,SRB,Serbia,HPAI,0.546,verified,syndromic,media,synthetic
BEACON-0001311,2021-12-24,2021-12-25,UKR,Ukraine,HPAI,0.367,unverified,unusual_mortality,media,synthetic
BEACON-0001312,2021-12-22,2021-12-24,UKR,Ukraine,HPAI,0.593,verified,unusual_mortality,media,synthetic
BEACON-0001313,2021-12-23,2021-12-25,UKR,Ukraine,HPAI,0.354,verified,media_cluster,official,synthetic
BEACON-0001314,2021-12-22,2021-12-22,UKR,Ukraine,HPAI,0.23,verified,syndromic,official,synthetic
BEACON-0001315,2021-12-20,2021-12-22,RUS,Russian Federation,HPAI,0.348,unverified,media_cluster,media,synthetic
BEACON-0001316,2021-12-25,2021-12-25,RUS,Russian Federation,HPAI,0.661,unverified,unusual_mortality,media,synthetic
BEACON-0001317,2021-12-24,2021-12-26,GEO,Georgia,HPAI,0.747,unverified,media_cluster,media,synthetic
BEACON-0001318,2021-12-25,2021-12-27,MAR,Morocco,HPAI,0.288,unverified,syndromic,media,synthetic
BEACON-0001319,2021-12-30,2021-12-30,FRA,France,HPAI,0.797,unverified,syndromic,media;official,synthetic
BEACON-0001320,2022-01-01,2022-01-02,FRA,France,HPAI,0.371,verified,syndromic,media;official,synthetic
BEACON-0001321,2021-12-27,2021-12-29,FRA,France,HPAI,0.93,unverified,unusual_mortality,media,synthetic
BEACON-0001322,2021-12-31,2022-01-01,FRA,France,HPAI,0.371,verified,unusual_mortality,media,synthetic
BEACON-0001323,2021-12-30,2021-12-31,DEU,Germany,HPAI,0.481,unverified,media_cluster,media,synthetic
BEACON-0001324,2021-12-27,2021-12-27,POL,Poland,HPAI,0.328,unverified,unusual_mortality,media;official,synthetic
BEACON-0001325,2021-12-28,2021-12-29,HUN,Hungary,HPAI,0.497,verified,media_cluster,media,synthetic
BEACON-0001326,2021-12-30,2021-12-31,ROU,Romania,HPAI,0.457,verified,media_cluster,media,synthetic
BEACON-0001327,2021-12-27,2021-12-27,UKR,Ukraine,HPAI,0.515,unverified,media_cluster,official,synthetic
BEACON-0001328,2021-12-27,2021-12-29,MDA,Moldova,HPAI,0.409,unverified,media_cluster,official,synthetic
BEACON-0001329,2021-12-29,2021-12-30,RUS,Russian Federation,HPAI,0.359,verified,syndromic,media,synthetic
BEACON-0001330,2022-01-01,2022-01-02,RUS,Russian Federation,HPAI,0.61,verified,syndromic,field,synthetic
BEACON-0001331,2021-12-31,2021-12-31,TUR,Türkiye,HPAI,0.565,verified,unusual_mortality,media;official,synthetic
BEACON-0001332,2021-12-30,2021-12-30,TUR,Türkiye,HPAI,0.756,unverified,media_cluster,field,synthetic
BEACON-0001333,2022-01-01,2022-01-03,GEO,Georgia,HPAI,0.44,verified,media_cluster,media,synthetic
BEACON-0001334,2021-12-30,2022-01-01,GEO,Georgia,HPAI,0.66,unverified,media_cluster,media;official,synthetic
BEACON-0001335,2022-01-01,2022-01-01,GEO,Georgia,HPAI,0.505,unverified,trade_alert,official,synthetic
BEACON-0001336,2021-12-29,2021-12-30,GEO,Georgia,HPAI,0.526,unverified,media_cluster,media;official,synthetic
BEACON-0001337,2021-12-27,2021-12-27,ISR,Israel,HPAI,0.36,unverified,syndromic,official,synthetic
BEACON-0001338,2022-01-01,2022-01-01,ISR,Israel,HPAI,0.797,unverified,unusual_mortality,media,synthetic
BEACON-0001339,2021-12-29,2021-12-30,TUN,Tunisia,HPAI,0.533,unverified,syndromic,media,synthetic
BEACON-0001340,2022-01-06,2022-01-07,FRA,France,HPAI,0.844,unverified,media_cluster,media,synthetic
BEACON-0001341,2022-01-07,2022-01-07,FRA,France,HPAI,0.538,unverified,media_cluster,media,synthetic
BEACON-0001342,2022-01-03,2022-01-05,DEU,Germany,HPAI,0.613,verified,unusual_mortality,media;official,synthetic
BEACON-0001343,2022-01-08,2022-01-08,DEU,Germany,HPAI,0.241,verified,unusual_mortality,official,synthetic
BEACON-0001344,2022-01-07,2022-01-09,NLD,Netherlands,HPAI,0.742,unverified,media_cluster,official,synthetic
BEACON-0001345,2022-01-05,2022-01-07,ITA,Italy,HPAI,0.429,verified,media_cluster,media;official,synthetic
BEACON-0001346,2022-01-06,2022-01-08,ITA,Italy,HPAI,0.397,unverified,unusual_mortality,media;official,synthetic
BEACON-0001347,2022-01-05,2022-01-05,ITA,Italy,HPAI,0.991,verified,media_cluster,official,synthetic
BEACON-0001348,2022-01-07,2022-01-09,ITA,Italy,HPAI,0.83,unverified,unusual_mortality,media,synthetic
BEACON-0001349,2022-01-05,2022-01-06,ITA,Italy,HPAI,0.548,unverified,media_cluster,media,synthetic
BEACON-0001350,2022-01-07,2022-01-08,ESP,Spain,HPAI,0.452,unverified,media_cluster,official,synthetic
BEACON-0001351,2022-01-08,2022-01-09,ESP,Spain,HPAI,0.622,unverified,media_cluster,media,synthetic
BEACON-0001352,2022-01-06,2022-01-07,POL,Poland,HPAI,0.195,unverified,media_cluster,media,synthetic
BEACON-0001353,2022-01-05,2022-01-05,POL,Poland,HPAI,0.605,verified,unusual_mortality,media,synthetic
BEACON-0001354,2022-01-07,2022-01-09,HUN,Hungary,HPAI,0.272,unverified,unusual_mortality,media,synthetic
BEACON-0001355,2022-01-06,2022-01-08,HUN,Hungary,HPAI,0.137,verified,media_cluster,field,synthetic
BEACON-0001356,2022-01-06,2022-01-06,BGR,Bulgaria,HPAI,0.704,unverified,media_cluster,media,synthetic
BEACON-0001357,2022-01-07,2022-01-07,BGR,Bulgaria,HPAI,0.456,unverified,media_cluster,official,synthetic
BEACON-0001358,2022-01-05,2022-01-07,BGR,Bulgaria,HPAI,0.389,unverified,trade_alert,media,synthetic
BEACON-0001359,2022-01-07,2022-01-08,MDA,Moldova,HPAI,0.572,verified,media_cluster,official,synthetic
BEACON-0001360,2022-01-04,2022-01-05,MDA,Moldova,HPAI,0.182,unverified,unusual_mortality,media,synthetic
BEACON-0001361,2022-01-07,2022-01-07,MDA,Moldova,HPAI,0.745,unverified,unusual_mortality,media,synthetic
BEACON-0001362,2022-01-06,2022-01-07,RUS,Russian Federation,HPAI,0.35,unverified,syndromic,media,synthetic
BEACON-0001363,2022-01-05,2022-01-05,TUR,Türkiye,HPAI,0.721,unverified,trade_alert,media,synthetic
BEACON-0001364,2022-01-06,2022-01-08,GEO,Georgia,HPAI,0.676,verified,trade_alert,media,synthetic
BEACON-0001365,2022-01-07,2022-01-08,GEO,Georgia,HPAI,0.351,unverified,media_cluster,official,synthetic
BEACON-0001366,2022-01-08,2022-01-09,TUN,Tunisia,HPAI,0.471,unverified,syndromic,field,synthetic
BEACON-0001367,2022-01-12,2022-01-14,FRA,France,HPAI,0.882,verified,media_cluster,media,synthetic
BEACON-0001368,2022-01-12,2022-01-13,FRA,France,HPAI,0.529,unverified,media_cluster,media,synthetic
BEACON-0001369,2022-01-11,2022-01-11,NLD,Netherlands,HPAI,0.561,unverified,media_cluster,field,synthetic
BEACON-0001370,2022-01-11,2022-01-11,POL,Poland,HPAI,0.721,verified,media_cluster,field,synthetic
BEACON-0001371,2022-01-12,2022-01-13,ROU,Romania,HPAI,0.298,unverified,unusual_mortality,media,synthetic
BEACON-0001372,2022-01-11,2022-01-12,BGR,Bulgaria,HPAI,0.48,unverified,unusual_mortality,media;official,synthetic
BEACON-0001373,2022-01-10,2022-01-12,BGR,Bulgaria,HPAI,0.178,verified,media_cluster,media,synthetic
BEACON-0001374,2022-01-13,2022-01-15,RUS,Russian Federation,HPAI,0.179,unverified,media_cluster,official,synthetic
BEACON-0001375,2022-01-14,2022-01-16,TUR,Türkiye,HPAI,0.419,unverified,unusual_mortality,media;official,synthetic
BEACON-0001376,2022-01-12,2022-01-14,TUR,Türkiye,HPAI,0.919,verified,trade_alert,official,synthetic
BEACON-0001377,2022-01-11,2022-01-12,GEO,Georgia,HPAI,0.253,unverified,syndromic,media,synthetic
BEACON-0001378,2022-01-15,2022-01-16,TUN,Tunisia,HPAI,0.82,verified,trade_alert,media,synthetic
BEACON-0001379,2022-01-13,2022-01-13,TUN,Tunisia,HPAI,0.751,unverified,unusual_mortality,official,synthetic
BEACON-0001380,2022-01-10,2022-01-12,TUN,Tunisia,HPAI,0.475,unverified,unusual_mortality,official,synthetic
BEACON-0001381,2022-01-14,2022-01-15,MAR,Morocco,HPAI,0.126,unverified,unusual_mortality,media;official,synthetic
BEACON-0001382,2022-01-13,2022-01-13,MAR,Morocco,HPAI,0.272,verified,media_cluster,media,synthetic
BEACON-0001383,2022-01-19,2022-01-21,FRA,France,HPAI,0.518,unverified,syndromic,media;official,synthetic
BEACON-0001384,2022-01-19,2022-01-19,FRA,France,HPAI,0.852,verified,unusual_mortality,media,synthetic
BEACON-0001385,2022-01-20,2022-01-21,FRA,France,HPAI,0.759,unverified,syndromic,media,synthetic
BEACON-0001386,2022-01-17,2022-01-18,BEL,Belgium,HPAI,0.912,verified,media_cluster,media;official,synthetic
BEACON-0001387,2022-01-22,2022-01-24,ITA,Italy,HPAI,1.0,unverified,media_cluster,media;official,synthetic
BEACON-0001388,2022-01-20,2022-01-22,ESP,Spain,HPAI,0.868,unverified,syndromic,media,synthetic
BEACON-0001389,2022-01-17,2022-01-17,ESP,Spain,HPAI,0.646,verified,media_cluster,media;official,synthetic
BEACON-0001390,2022-01-21,2022-01-22,ESP,Spain,HPAI,0.708,verified,unusual_mortality,official,synthetic
BEACON-0001391,2022-01-18,2022-01-19,ESP,Spain,HPAI,0.509,verified,media_cluster,official,synthetic
BEACON-0001392,2022-01-22,2022-01-23,POL,Poland,HPAI,0.36,verified,media_cluster,media,synthetic
BEACON-0001393,2022-01-22,2022-01-22,POL,Poland,HPAI,0.829,verified,media_cluster,media,synthetic
BEACON-0001394,2022-01-22,2022-01-22,ROU,Romania,HPAI,0.068,unverified,media_cluster,media;official,synthetic
BEACON-0001395,2022-01-18,2022-01-19,BGR,Bulgaria,HPAI,0.52,verified,syndromic,media,synthetic
BEACON-0001396,2022-01-18,2022-01-18,SRB,Serbia,HPAI,0.335,unverified,unusual_mortality,field,synthetic
BEACON-0001397,2022-01-20,2022-01-21,UKR,Ukraine,HPAI,0.691,verified,unusual_mortality,official,synthetic
BEACON-0001398,2022-01-21,2022-01-21,MDA,Moldova,HPAI,0.34,verified,trade_alert,media;official,synthetic
BEACON-0001399,2022-01-17,2022-01-19,TUR,Türkiye,HPAI,0.156,unverified,unusual_mortality,media,synthetic
BEACON-0001400,2022-01-19,2022-01-19,TUR,Türkiye,HPAI,0.214,unverified,media_cluster,media,synthetic
BEACON-0001401,2022-01-20,2022-01-20,EGY,Egypt,HPAI,0.512,verified,unusual_mortality,media;official,synthetic
BEACON-0001402,2022-01-21,2022-01-21,MAR,Morocco,HPAI,0.321,verified,syndromic,media,synthetic
BEACON-0001403,2022-01-25,2022-01-25,FRA,France,HPAI,0.354,verified,unusual_mortality,media,synthetic
BEACON-0001404,2022-01-29,2022-01-31,BEL,Belgium,HPAI,0.649,unverified,unusual_mortality,official,synthetic
BEACON-0001405,2022-01-25,2022-01-27,ROU,Romania,HPAI,0.343,unverified,media_cluster,media,synthetic
BEACON-0001406,2022-01-24,2022-01-25,RUS,Russian Federation,HPAI,0.148,unverified,unusual_mortality,media,synthetic
BEACON-0001407,2022-01-29,2022-01-30,TUR,Türkiye,HPAI,0.934,unverified,syndromic,media;official,synthetic
BEACON-0001408,2022-01-29,2022-01-29,GEO,Georgia,HPAI,0.764,unverified,media_cluster,media,synthetic
BEACON-0001409,2022-01-29,2022-01-30,GEO,Georgia,HPAI,0.398,verified,media_cluster,media;official,synthetic
BEACON-0001410,2022-01-27,2022-01-29,EGY,Egypt,HPAI,0.356,unverified,media_cluster,media,synthetic
BEACON-0001411,2022-01-26,2022-01-26,TUN,Tunisia,HPAI,0.512,unverified,unusual_mortality,official,synthetic
BEACON-0001412,2022-01-29,2022-01-30,TUN,Tunisia,HPAI,0.599,verified,trade_alert,media;official,synthetic
BEACON-0001413,2022-01-28,2022-01-28,TUN,Tunisia,HPAI,0.601,unverified,trade_alert,media,synthetic
BEACON-0001414,2022-01-25,2022-01-25,TUN,Tunisia,HPAI,0.493,unverified,unusual_mortality,media;official,synthetic
BEACON-0001415,2022-02-02,2022-02-04,FRA,France,HPAI,0.482,unverified,media_cluster,field,synthetic
BEACON-0001416,2022-01-31,2022-01-31,NLD,Netherlands,HPAI,0.817,verified,media_cluster,media,synthetic
BEACON-0001417,2022-02-05,2022-02-06,BEL,Belgium,HPAI,0.478,unverified,trade_alert,official,synthetic
BEACON-0001418,2022-02-05,2022-02-06,BEL,Belgium,HPAI,0.12,unverified,unusual_mortality,official,synthetic
BEACON-0001419,2022-02-04,2022-02-04,ITA,Italy,HPAI,0.685,unverified,media_cluster,field,synthetic
BEACON-0001420,2022-02-05,2022-02-07,ITA,Italy,HPAI,0.829,unverified,media_cluster,media;official,synthetic
BEACON-0001421,2022-02-05,2022-02-06,ITA,Italy,HPAI,0.701,unverified,unusual_mortality,media,synthetic
BEACON-0001422,2022-01-31,2022-02-02,ITA,Italy,HPAI,0.674,verified,unusual_mortality,media,synthetic
BEACON-0001423,2022-01-31,2022-02-01,HUN,Hungary,HPAI,0.271,unverified,media_cluster,media,synthetic
BEACON-0001424,2022-02-04,2022-02-04,ROU,Romania,HPAI,0.404,unverified,unusual_mortality,media;official,synthetic
BEACON-0001425,2022-02-01,2022-02-03,SRB,Serbia,HPAI,0.554,unverified,syndromic,official,synthetic
BEACON-0001426,2022-02-02,2022-02-04,TUR,Türkiye,HPAI,0.443,unverified,unusual_mortality,media,synthetic
BEACON-0001427,2022-02-01,2022-02-03,GEO,Georgia,HPAI,0.555,verified,media_cluster,media,synthetic
BEACON-0001428,2022-02-04,2022-02-05,MAR,Morocco,HPAI,0.209,unverified,media_cluster,media;official,synthetic
BEACON-0001429,2022-02-08,2022-02-10,NLD,Netherlands,HPAI,0.46,unverified,media_cluster,media,synthetic
BEACON-0001430,2022-02-07,2022-02-09,BEL,Belgium,HPAI,0.357,unverified,unusual_mortality,media,synthetic
BEACON-0001431,2022-02-07,2022-02-08,ESP,Spain,HPAI,0.465,unverified,media_cluster,media,synthetic
BEACON-0001432,2022-02-11,2022-02-12,HUN,Hungary,HPAI,0.767,unverified,unusual_mortality,media,synthetic
BEACON-0001433,2022-02-09,2022-02-10,BGR,Bulgaria,HPAI,0.306,verified,unusual_mortality,media,synthetic
BEACON-0001434,2022-02-12,2022-02-13,SRB,Serbia,HPAI,0.286,unverified,syndromic,media;official,synthetic
BEACON-0001435,2022-02-12,2022-02-13,UKR,Ukraine,HPAI,0.436,verified,media_cluster,media,synthetic
BEACON-0001436,2022-02-11,2022-02-12,EGY,Egypt,HPAI,0.303,verified,media_cluster,media,synthetic
BEACON-0001437,2022-02-18,2022-02-19,FRA,France,HPAI,0.794,unverified,media_cluster,media,synthetic
BEACON-0001438,2022-02-19,2022-02-19,FRA,France,HPAI,0.755,verified,media_cluster,media,synthetic
BEACON-0001439,2022-02-19,2022-02-21,NLD,Netherlands,HPAI,0.636,verified,unusual_mortality,media,synthetic
BEACON-0001440,2022-02-18,2022-02-20,ITA,Italy,HPAI,0.573,unverified,media_cluster,media,synthetic
BEACON-0001441,2022-02-14,2022-02-16,HUN,Hungary,HPAI,0.289,unverified,unusual_mortality,media;official,synthetic
BEACON-0001442,2022-02-16,2022-02-16,ROU,Romania,HPAI,0.32,verified,unusual_mortality,official,synthetic
BEACON-0001443,2022-02-14,2022-02-16,UKR,Ukraine,HPAI,0.151,verified,media_cluster,field,synthetic
BEACON-0001444,2022-02-17,2022-02-18,MDA,Moldova,HPAI,0.633,unverified,unusual_mortality,official,synthetic
BEACON-0001445,2022-02-16,2022-02-18,TUR,Türkiye,HPAI,0.46,unverified,trade_alert,media,synthetic
BEACON-0001446,2022-02-18,2022-02-19,TUR,Türkiye,HPAI,0.478,verified,media_cluster,official,synthetic
BEACON-0001447,2022-02-18,2022-02-18,GEO,Georgia,HPAI,0.321,verified,syndromic,media,synthetic
BEACON-0001448,2022-02-17,2022-02-18,ISR,Israel,HPAI,0.764,unverified,unusual_mortality,official,synthetic
BEACON-0001449,2022-02-14,2022-02-14,ISR,Israel,HPAI,0.731,unverified,media_cluster,media,synthetic
BEACON-0001450,2022-02-16,2022-02-17,EGY,Egypt,HPAI,0.729,unverified,unusual_mortality,official,synthetic
BEACON-0001451,2022-02-19,2022-02-21,MAR,Morocco,HPAI,0.718,unverified,media_cluster,media;official,synthetic
BEACON-0001452,2022-02-21,2022-02-23,DEU,Germany,HPAI,0.432,unverified,syndromic,media,synthetic
BEACON-0001453,2022-02-21,2022-02-22,NLD,Netherlands,HPAI,0.051,verified,unusual_mortality,media,synthetic
BEACON-0001454,2022-02-25,2022-02-27,BEL,Belgium,HPAI,0.603,unverified,media_cluster,media;official,synthetic
BEACON-0001455,2022-02-22,2022-02-23,BEL,Belgium,HPAI,0.151,unverified,unusual_mortality,media,synthetic
BEACON-0001456,2022-02-23,2022-02-24,ESP,Spain,HPAI,0.83,unverified,media_cluster,media,synthetic
BEACON-0001457,2022-02-21,2022-02-23,ESP,Spain,HPAI,0.39,unverified,unusual_mortality,media,synthetic
BEACON-0001458,2022-02-22,2022-02-24,ESP,Spain,HPAI,0.629,unverified,trade_alert,media,synthetic
BEACON-0001459,2022-02-25,2022-02-25,HUN,Hungary,HPAI,0.624,unverified,unusual_mortality,media,synthetic
BEACON-0001460,2022-02-23,2022-02-23,HUN,Hungary,HPAI,0.433,unverified,unusual_mortality,media,synthetic
BEACON-0001461,2022-02-21,2022-02-22,UKR,Ukraine,HPAI,0.453,verified,unusual_mortality,official,synthetic
BEACON-0001462,2022-02-23,2022-02-24,MDA,Moldova,HPAI,0.576,unverified,syndromic,media;official,synthetic
BEACON-0001463,2022-02-24,2022-02-24,MDA,Moldova,HPAI,0.173,unverified,unusual_mortality,official,synthetic
BEACON-0001464,2022-02-24,2022-02-24,TUR,Türkiye,HPAI,0.486,unverified,unusual_mortality,media;official,synthetic
BEACON-0001465,2022-02-24,2022-02-25,GEO,Georgia,HPAI,0.155,verified,media_cluster,media,synthetic
BEACON-0001466,2022-02-21,2022-02-21,EGY,Egypt,HPAI,0.792,unverified,unusual_mortality,media,synthetic
BEACON-0001467,2022-02-25,2022-02-27,EGY,Egypt,HPAI,0.704,unverified,unusual_mortality,media;official,synthetic
BEACON-0001468,2022-02-23,2022-02-23,MAR,Morocco,HPAI,0.534,verified,trade_alert,media,synthetic
BEACON-0001469,2022-02-24,2022-02-26,MAR,Morocco,HPAI,0.441,unverified,unusual_mortality,official,synthetic
BEACON-0001470,2022-02-23,2022-02-25,MAR,Morocco,HPAI,0.435,unverified,media_cluster,official,synthetic
BEACON-0001471,2022-02-28,2022-02-28,ITA,Italy,HPAI,0.284,verified,unusual_mortality,field,synthetic
BEACON-0001472,2022-03-04,2022-03-05,ESP,Spain,HPAI,0.244,verified,media_cluster,media,synthetic
BEACON-0001473,2022-03-02,2022-03-03,ESP,Spain,HPAI,0.557,unverified,unusual_mortality,media;official,synthetic
BEACON-0001474,2022-03-03,2022-03-05,ESP,Spain,HPAI,0.323,verified,trade_alert,media,synthetic
BEACON-0001475,2022-02-28,2022-03-01,POL,Poland,HPAI,0.697,unverified,syndromic,official,synthetic
BEACON-0001476,2022-03-01,2022-03-01,BGR,Bulgaria,HPAI,0.217,unverified,media_cluster,media,synthetic
BEACON-0001477,2022-03-02,2022-03-02,SRB,Serbia,HPAI,0.239,unverified,syndromic,media;official,synthetic
BEACON-0001478,2022-03-03,2022-03-05,SRB,Serbia,HPAI,0.121,unverified,media_cluster,field,synthetic
BEACON-0001479,2022-03-05,2022-03-05,SRB,Serbia,HPAI,0.466,verified,unusual_mortality,media;official,synthetic
BEACON-0001480,2022-03-05,2022-03-05,SRB,Serbia,HPAI,0.542,unverified,media_cluster,media,synthetic
BEACON-0001481,2022-03-04,2022-03-04,SRB,Serbia,HPAI,0.275,verified,media_cluster,media,synthetic
BEACON-0001482,2022-03-02,2022-03-04,SRB,Serbia,HPAI,0.668,unverified,trade_alert,media,synthetic
BEACON-0001483,2022-03-04,2022-03-04,RUS,Russian Federation,HPAI,0.223,verified,media_cluster,media,synthetic
BEACON-0001484,2022-03-01,2022-03-02,EGY,Egypt,HPAI,0.646,verified,trade_alert,official,synthetic
BEACON-0001485,2022-03-01,2022-03-01,EGY,Egypt,HPAI,0.693,verified,unusual_mortality,media,synthetic
BEACON-0001486,2022-03-03,2022-03-03,TUN,Tunisia,HPAI,0.286,verified,unusual_mortality,official,synthetic
BEACON-0001487,2022-03-04,2022-03-05,TUN,Tunisia,HPAI,0.744,unverified,syndromic,field,synthetic
BEACON-0001488,2022-03-12,2022-03-13,DEU,Germany,HPAI,0.728,unverified,media_cluster,field,synthetic
BEACON-0001489,2022-03-10,2022-03-11,BEL,Belgium,HPAI,0.335,unverified,media_cluster,media,synthetic
BEACON-0001490,2022-03-10,2022-03-12,POL,Poland,HPAI,0.33,unverified,unusual_mortality,media,synthetic
BEACON-0001491,2022-03-07,2022-03-08,HUN,Hungary,HPAI,0.749,verified,media_cluster,media,synthetic
BEACON-0001492,2022-03-11,2022-03-11,SRB,Serbia,HPAI,0.426,verified,media_cluster,media,synthetic
BEACON-0001493,2022-03-08,2022-03-09,SRB,Serbia,HPAI,0.46,verified,media_cluster,media,synthetic
BEACON-0001494,2022-03-11,2022-03-13,MDA,Moldova,HPAI,0.254,unverified,syndromic,field,synthetic
BEACON-0001495,2022-03-08,2022-03-09,TUR,Türkiye,HPAI,0.724,unverified,trade_alert,official,synthetic
BEACON-0001496,2022-03-07,2022-03-07,EGY,Egypt,HPAI,0.225,unverified,unusual_mortality,media;official,synthetic
BEACON-0001497,2022-03-09,2022-03-10,TUN,Tunisia,HPAI,0.394,verified,unusual_mortality,media;official,synthetic
BEACON-0001498,2022-03-12,2022-03-13,TUN,Tunisia,HPAI,0.71,unverified,syndromic,media;official,synthetic
BEACON-0001499,2022-03-07,2022-03-08,TUN,Tunisia,HPAI,0.208,verified,syndromic,media,synthetic
BEACON-0001500,2022-03-12,2022-03-14,MAR,Morocco,HPAI,0.311,verified,media_cluster,official,synthetic
BEACON-0001501,2022-03-15,2022-03-16,DEU,Germany,HPAI,0.705,unverified,media_cluster,media,synthetic
BEACON-0001502,2022-03-17,2022-03-19,BEL,Belgium,HPAI,0.424,unverified,trade_alert,media,synthetic
BEACON-0001503,2022-03-15,2022-03-15,ITA,Italy,HPAI,0.394,unverified,unusual_mortality,media;official,synthetic
BEACON-0001504,2022-03-16,2022-03-16,ESP,Spain,HPAI,0.829,unverified,unusual_mortality,media,synthetic
BEACON-0001505,2022-03-17,2022-03-19,POL,Poland,HPAI,0.735,unverified,media_cluster,media,synthetic
BEACON-0001506,2022-03-16,2022-03-17,HUN,Hungary,HPAI,0.432,unverified,unusual_mortality,media,synthetic
BEACON-0001507,2022-03-16,2022-03-18,SRB,Serbia,HPAI,0.296,unverified,trade_alert,media,synthetic
BEACON-0001508,2022-03-19,2022-03-19,SRB,Serbia,HPAI,0.389,unverified,media_cluster,media,synthetic
BEACON-0001509,2022-03-16,2022-03-17,SRB,Serbia,HPAI,0.688,verified,trade_alert,media,synthetic
BEACON-0001510,2022-03-15,2022-03-17,SRB,Serbia,HPAI,0.226,unverified,media_cluster,media;official,synthetic
BEACON-0001511,2022-03-17,2022-03-19,RUS,Russian Federation,HPAI,0.714,verified,media_cluster,media;official,synthetic
BEACON-0001512,2022-03-15,2022-03-16,EGY,Egypt,HPAI,0.47,verified,media_cluster,media,synthetic
BEACON-0001513,2022-03-15,2022-03-16,EGY,Egypt,HPAI,0.393,verified,unusual_mortality,media;official,synthetic
BEACON-0001514,2022-03-19,2022-03-19,MAR,Morocco,HPAI,0.629,unverified,unusual_mortality,media,synthetic
BEACON-0001515,2022-03-24,2022-03-24,FRA,France,HPAI,0.477,unverified,trade_alert,media,synthetic
BEACON-0001516,2022-03-26,2022-03-26,DEU,Germany,HPAI,0.036,unverified,media_cluster,official,synthetic
BEACON-0001517,2022-03-25,2022-03-25,DEU,Germany,HPAI,0.15,unverified,media_cluster,media,synthetic
BEACON-0001518,2022-03-23,2022-03-25,ITA,Italy,HPAI,0.682,verified,unusual_mortality,media,synthetic
BEACON-0001519,2022-03-21,2022-03-23,POL,Poland,HPAI,0.527,verified,unusual_mortality,media,synthetic
BEACON-0001520,2022-03-24,2022-03-26,POL,Poland,HPAI,0.239,verified,unusual_mortality,media;official,synthetic
BEACON-0001521,2022-03-26,2022-03-28,HUN,Hungary,HPAI,0.55,verified,unusual_mortality,media;official,synthetic
BEACON-0001522,2022-03-23,2022-03-24,BGR,Bulgaria,HPAI,0.306,verified,media_cluster,official,synthetic
BEACON-0001523,2022-03-24,2022-03-24,SRB,Serbia,HPAI,0.393,unverified,syndromic,media,synthetic
BEACON-0001524,2022-03-21,2022-03-22,SRB,Serbia,HPAI,0.14,verified,unusual_mortality,media,synthetic
BEACON-0001525,2022-03-22,2022-03-23,MDA,Moldova,HPAI,0.332,unverified,unusual_mortality,media,synthetic
BEACON-0001526,2022-03-23,2022-03-24,TUR,Türkiye,HPAI,0.58,unverified,trade_alert,media;official,synthetic
BEACON-0001527,2022-03-26,2022-03-27,TUR,Türkiye,HPAI,0.682,unverified,unusual_mortality,media;official,synthetic
BEACON-0001528,2022-03-21,2022-03-23,GEO,Georgia,HPAI,0.555,verified,media_cluster,media,synthetic
BEACON-0001529,2022-03-24,2022-03-26,ISR,Israel,HPAI,0.616,unverified,media_cluster,media,synthetic
BEACON-0001530,2022-03-23,2022-03-23,ISR,Israel,HPAI,0.475,unverified,syndromic,media;official,synthetic
BEACON-0001531,2022-04-01,2022-04-03,FRA,France,HPAI,0.185,unverified,unusual_mortality,media;official,synthetic
BEACON-0001532,2022-04-02,2022-04-03,NLD,Netherlands,HPAI,0.431,verified,syndromic,media;official,synthetic
BEACON-0001533,2022-03-29,2022-03-29,ESP,Spain,HPAI,0.502,unverified,unusual_mortality,media;official,synthetic
BEACON-0001534,2022-03-28,2022-03-29,ESP,Spain,HPAI,0.699,unverified,media_cluster,field,synthetic
BEACON-0001535,2022-03-28,2022-03-28,POL,Poland,HPAI,0.384,unverified,media_cluster,media;official,synthetic
BEACON-0001536,2022-03-28,2022-03-30,SRB,Serbia,HPAI,0.135,verified,media_cluster,media,synthetic
BEACON-0001537,2022-04-02,2022-04-02,EGY,Egypt,HPAI,0.785,unverified,trade_alert,media,synthetic
BEACON-0001538,2022-04-01,2022-04-03,EGY,Egypt,HPAI,0.74,verified,unusual_mortality,official,synthetic
BEACON-0001539,2022-04-01,2022-04-02,TUN,Tunisia,HPAI,0.225,unverified,unusual_mortality,media,synthetic
BEACON-0001540,2022-04-05,2022-04-07,ROU,Romania,HPAI,0.658,verified,unusual_mortality,media,synthetic
BEACON-0001541,2022-04-05,2022-04-07,SRB,Serbia,HPAI,0.687,unverified,media_cluster,media,synthetic
BEACON-0001542,2022-04-04,2022-04-05,RUS,Russian Federation,HPAI,0.547,unverified,syndromic,media,synthetic
BEACON-0001543,2022-04-08,2022-04-10,EGY,Egypt,HPAI,0.559,verified,unusual_mortality,media,synthetic
BEACON-0001544,2022-04-07,2022-04-09,MAR,Morocco,HPAI,0.096,unverified,trade_alert,media;official,synthetic
BEACON-0001545,2022-04-11,2022-04-12,FRA,France,HPAI,0.198,unverified,media_cluster,official,synthetic
BEACON-0001546,2022-04-12,2022-04-12,DEU,Germany,HPAI,0.565,verified,media_cluster,media,synthetic
BEACON-0001547,2022-04-13,2022-04-13,DEU,Germany,HPAI,0.632,verified,media_cluster,official,synthetic
BEACON-0001548,2022-04-16,2022-04-18,DEU,Germany,HPAI,0.332,verified,media_cluster,media;official,synthetic
BEACON-0001549,2022-04-11,2022-04-13,BEL,Belgium,HPAI,0.292,unverified,syndromic,field,synthetic
BEACON-0001550,2022-04-12,2022-04-14,BEL,Belgium,HPAI,0.631,unverified,media_cluster,media,synthetic
BEACON-0001551,2022-04-14,2022-04-16,TUR,Türkiye,HPAI,0.54,verified,unusual_mortality,official,synthetic
BEACON-0001552,2022-04-13,2022-04-13,TUR,Türkiye,HPAI,0.562,verified,syndromic,media,synthetic
BEACON-0001553,2022-04-11,2022-04-11,TUR,Türkiye,HPAI,0.701,unverified,syndromic,media,synthetic
BEACON-0001554,2022-04-12,2022-04-12,GEO,Georgia,HPAI,0.448,unverified,media_cluster,media,synthetic
BEACON-0001555,2022-04-16,2022-04-16,EGY,Egypt,HPAI,0.34,verified,media_cluster,media,synthetic
BEACON-0001556,2022-04-14,2022-04-14,TUN,Tunisia,HPAI,0.584,verified,trade_alert,media,synthetic
BEACON-0001557,2022-04-21,2022-04-22,DEU,Germany,HPAI,0.31,unverified,trade_alert,field,synthetic
BEACON-0001558,2022-04-22,2022-04-22,NLD,Netherlands,HPAI,0.524,unverified,syndromic,media,synthetic
BEACON-0001559,2022-04-22,2022-04-24,BEL,Belgium,HPAI,0.431,unverified,media_cluster,media,synthetic
BEACON-0001560,2022-04-23,2022-04-25,ESP,Spain,HPAI,0.585,verified,trade_alert,media,synthetic
BEACON-0001561,2022-04-18,2022-04-18,SRB,Serbia,HPAI,0.534,unverified,unusual_mortality,official,synthetic
BEACON-0001562,2022-04-21,2022-04-22,SRB,Serbia,HPAI,0.489,unverified,unusual_mortality,field,synthetic
BEACON-0001563,2022-04-19,2022-04-19,SRB,Serbia,HPAI,0.66,verified,media_cluster,media,synthetic
BEACON-0001564,2022-04-21,2022-04-23,MDA,Moldova,HPAI,0.378,verified,media_cluster,media;official,synthetic
BEACON-0001565,2022-04-20,2022-04-21,RUS,Russian Federation,HPAI,0.27,verified,unusual_mortality,media,synthetic
BEACON-0001566,2022-04-18,2022-04-18,TUR,Türkiye,HPAI,0.783,unverified,unusual_mortality,field,synthetic
BEACON-0001567,2022-04-23,2022-04-25,EGY,Egypt,HPAI,0.226,verified,media_cluster,media,synthetic
BEACON-0001568,2022-04-28,2022-04-29,NLD,Netherlands,HPAI,0.422,unverified,unusual_mortality,media;official,synthetic
BEACON-0001569,2022-04-25,2022-04-26,BEL,Belgium,HPAI,0.109,unverified,unusual_mortality,media,synthetic
BEACON-0001570,2022-04-26,2022-04-28,ROU,Romania,HPAI,0.829,unverified,unusual_mortality,media;official,synthetic
BEACON-0001571,2022-04-25,2022-04-27,ROU,Romania,HPAI,0.712,unverified,media_cluster,official,synthetic
BEACON-0001572,2022-04-28,2022-04-28,BGR,Bulgaria,HPAI,0.477,unverified,media_cluster,media;official,synthetic
BEACON-0001573,2022-04-25,2022-04-27,BGR,Bulgaria,HPAI,0.432,unverified,trade_alert,media,synthetic
BEACON-0001574,2022-04-28,2022-04-30,BGR,Bulgaria,HPAI,0.202,unverified,unusual_mortality,media;official,synthetic
BEACON-0001575,2022-04-25,2022-04-27,SRB,Serbia,HPAI,0.478,unverified,media_cluster,media,synthetic
BEACON-0001576,2022-04-25,2022-04-27,TUR,Türkiye,HPAI,0.154,unverified,trade_alert,field,synthetic
BEACON-0001577,2022-04-26,2022-04-27,ISR,Israel,HPAI,0.759,unverified,media_cluster,media;official,synthetic
BEACON-0001578,2022-04-25,2022-04-27,EGY,Egypt,HPAI,0.368,unverified,media_cluster,field,synthetic
BEACON-0001579,2022-04-29,2022-04-29,EGY,Egypt,HPAI,0.524,unverified,trade_alert,media,synthetic
BEACON-0001580,2022-04-26,2022-04-28,EGY,Egypt,HPAI,0.234,unverified,unusual_mortality,media,synthetic
BEACON-0001581,2022-05-06,2022-05-08,FRA,France,HPAI,0.185,unverified,media_cluster,official,synthetic
BEACON-0001582,2022-05-05,2022-05-05,NLD,Netherlands,HPAI,0.145,unverified,media_cluster,media,synthetic
BEACON-0001583,2022-05-02,2022-05-03,HUN,Hungary,HPAI,0.158,unverified,unusual_mortality,official,synthetic
BEACON-0001584,2022-05-02,2022-05-03,RUS,Russian Federation,HPAI,0.409,verified,unusual_mortality,media,synthetic
BEACON-0001585,2022-05-06,2022-05-06,MAR,Morocco,HPAI,0.061,verified,media_cluster,media,synthetic
BEACON-0001586,2022-05-04,2022-05-05,MAR,Morocco,HPAI,0.175,unverified,unusual_mortality,field,synthetic
BEACON-0001587,2022-05-13,2022-05-13,FRA,France,HPAI,0.682,unverified,syndromic,media,synthetic
BEACON-0001588,2022-05-11,2022-05-11,DEU,Germany,HPAI,0.242,unverified,trade_alert,media,synthetic
BEACON-0001589,2022-05-12,2022-05-12,DEU,Germany,HPAI,0.172,verified,media_cluster,media,synthetic
BEACON-0001590,2022-05-12,2022-05-13,NLD,Netherlands,HPAI,0.494,verified,unusual_mortality,media,synthetic
BEACON-0001591,2022-05-12,2022-05-12,BEL,Belgium,HPAI,0.185,unverified,media_cluster,media;official,synthetic
BEACON-0001592,2022-05-09,2022-05-11,ITA,Italy,HPAI,0.491,unverified,media_cluster,media,synthetic
BEACON-0001593,2022-05-09,2022-05-11,ESP,Spain,HPAI,0.124,unverified,unusual_mortality,media,synthetic
BEACON-0001594,2022-05-14,2022-05-14,POL,Poland,HPAI,0.229,verified,syndromic,media,synthetic
BEACON-0001595,2022-05-14,2022-05-14,ROU,Romania,HPAI,0.456,verified,unusual_mortality,media,synthetic
BEACON-0001596,2022-05-11,2022-05-12,BGR,Bulgaria,HPAI,0.494,verified,media_cluster,media,synthetic
BEACON-0001597,2022-05-14,2022-05-15,MDA,Moldova,HPAI,0.521,unverified,syndromic,media;official,synthetic
BEACON-0001598,2022-05-10,2022-05-10,RUS,Russian Federation,HPAI,0.232,verified,media_cluster,media,synthetic
BEACON-0001599,2022-05-12,2022-05-14,RUS,Russian Federation,HPAI,0.217,unverified,unusual_mortality,media,synthetic
BEACON-0001600,2022-05-14,2022-05-15,EGY,Egypt,HPAI,0.774,verified,media_cluster,media,synthetic
BEACON-0001601,2022-05-11,2022-05-11,MAR,Morocco,HPAI,0.201,verified,unusual_mortality,media,synthetic
BEACON-0001602,2022-05-20,2022-05-21,NLD,Netherlands,HPAI,0.15,verified,media_cluster,field,synthetic
BEACON-0001603,2022-05-17,2022-05-19,ITA,Italy,HPAI,0.685,unverified,media_cluster,media,synthetic
BEACON-0001604,2022-05-20,2022-05-22,UKR,Ukraine,HPAI,0.488,unverified,unusual_mortality,official,synthetic
BEACON-0001605,2022-05-16,2022-05-18,GEO,Georgia,HPAI,0.693,verified,media_cluster,field,synthetic
BEACON-0001606,2022-05-17,2022-05-17,GEO,Georgia,HPAI,0.611,unverified,unusual_mortality,media,synthetic
BEACON-0001607,2022-05-18,2022-05-18,TUN,Tunisia,HPAI,0.49,unverified,media_cluster,media,synthetic
BEACON-0001608,2022-05-16,2022-05-18,MAR,Morocco,HPAI,0.543,unverified,media_cluster,media;official,synthetic
BEACON-0001609,2022-05-16,2022-05-16,MAR,Morocco,HPAI,0.538,unverified,media_cluster,media,synthetic
BEACON-0001610,2022-05-23,2022-05-25,FRA,France,HPAI,0.126,unverified,media_cluster,media;official,synthetic
BEACON-0001611,2022-05-28,2022-05-28,ESP,Spain,HPAI,0.255,verified,trade_alert,official,synthetic
BEACON-0001612,2022-05-28,2022-05-29,POL,Poland,HPAI,0.685,unverified,media_cluster,media,synthetic
BEACON-0001613,2022-05-25,2022-05-26,SRB,Serbia,HPAI,0.22,unverified,media_cluster,media,synthetic
BEACON-0001614,2022-05-23,2022-05-25,UKR,Ukraine,HPAI,0.296,verified,unusual_mortality,media;official,synthetic
BEACON-0001615,2022-05-26,2022-05-28,UKR,Ukraine,HPAI,0.793,verified,media_cluster,media;official,synthetic
BEACON-0001616,2022-05-28,2022-05-30,RUS,Russian Federation,HPAI,0.091,unverified,unusual_mortality,media,synthetic
BEACON-0001617,2022-05-26,2022-05-28,TUR,Türkiye,HPAI,0.098,unverified,media_cluster,media,synthetic
BEACON-0001618,2022-05-25,2022-05-26,TUR,Türkiye,HPAI,0.609,verified,syndromic,media,synthetic
BEACON-0001619,2022-05-27,2022-05-27,GEO,Georgia,HPAI,0.306,unverified,trade_alert,media,synthetic
BEACON-0001620,2022-05-24,2022-05-26,TUN,Tunisia,HPAI,0.511,verified,unusual_mortality,media,synthetic
BEACON-0001621,2022-05-23,2022-05-25,MAR,Morocco,HPAI,0.489,verified,unusual_mortality,media;official,synthetic
BEACON-0001622,2022-05-24,2022-05-25,MAR,Morocco,HPAI,0.255,unverified,unusual_mortality,media,synthetic
BEACON-0001623,2022-06-03,2022-06-03,FRA,France,HPAI,0.362,unverified,trade_alert,media,synthetic
BEACON-0001624,2022-06-04,2022-06-06,DEU,Germany,HPAI,0.45,verified,syndromic,official,synthetic
BEACON-0001625,2022-05-30,2022-05-30,DEU,Germany,HPAI,0.5,unverified,unusual_mortality,media,synthetic
BEACON-0001626,2022-06-04,2022-06-04,ITA,Italy,HPAI,0.944,unverified,unusual_mortality,official,synthetic
BEACON-0001627,2022-06-03,2022-06-03,ITA,Italy,HPAI,0.306,verified,unusual_mortality,media;official,synthetic
BEACON-0001628,2022-06-02,2022-06-02,UKR,Ukraine,HPAI,0.186,unverified,media_cluster,media,synthetic
BEACON-0001629,2022-06-02,2022-06-03,MDA,Moldova,HPAI,0.648,unverified,syndromic,media;official,synthetic
BEACON-0001630,2022-06-01,2022-06-02,RUS,Russian Federation,HPAI,0.871,unverified,unusual_mortality,media,synthetic
BEACON-0001631,2022-05-30,2022-05-30,RUS,Russian Federation,HPAI,0.116,verified,unusual_mortality,media,synthetic
BEACON-0001632,2022-06-10,2022-06-12,ITA,Italy,HPAI,0.727,unverified,unusual_mortality,media,synthetic
BEACON-0001633,2022-06-09,2022-06-10,ISR,Israel,HPAI,0.184,unverified,unusual_mortality,media,synthetic
BEACON-0001634,2022-06-06,2022-06-07,TUN,Tunisia,HPAI,0.416,unverified,unusual_mortality,media,synthetic
BEACON-0001635,2022-06-06,2022-06-07,TUN,Tunisia,HPAI,0.226,unverified,media_cluster,media,synthetic
BEACON-0001636,2022-06-08,2022-06-10,MAR,Morocco,HPAI,0.324,unverified,unusual_mortality,official,synthetic
BEACON-0001637,2022-06-15,2022-06-15,FRA,France,HPAI,0.604,unverified,media_cluster,media;official,synthetic
BEACON-0001638,2022-06-13,2022-06-14,FRA,France,HPAI,0.387,unverified,unusual_mortality,field,synthetic
BEACON-0001639,2022-06-13,2022-06-14,DEU,Germany,HPAI,0.889,verified,trade_alert,media,synthetic
BEACON-0001640,2022-06-13,2022-06-13,DEU,Germany,HPAI,0.383,verified,media_cluster,media,synthetic
BEACON-0001641,2022-06-15,2022-06-17,NLD,Netherlands,HPAI,0.686,unverified,unusual_mortality,media;official,synthetic
BEACON-0001642,2022-06-17,2022-06-18,BEL,Belgium,HPAI,0.089,verified,media_cluster,media,synthetic
BEACON-0001643,2022-06-16,2022-06-16,BEL,Belgium,HPAI,0.467,verified,media_cluster,media,synthetic
BEACON-0001644,2022-06-14,2022-06-14,HUN,Hungary,HPAI,0.61,verified,syndromic,media;official,synthetic
BEACON-0001645,2022-06-13,2022-06-14,UKR,Ukraine,HPAI,0.366,unverified,unusual_mortality,media;official,synthetic
BEACON-0001646,2022-06-14,2022-06-16,UKR,Ukraine,HPAI,0.304,verified,media_cluster,media;official,synthetic
BEACON-0001647,2022-06-14,2022-06-15,EGY,Egypt,HPAI,0.447,verified,media_cluster,media;official,synthetic
BEACON-0001648,2022-06-25,2022-06-25,FRA,France,HPAI,0.313,verified,syndromic,media,synthetic
BEACON-0001649,2022-06-24,2022-06-24,ITA,Italy,HPAI,0.432,unverified,unusual_mortality,media,synthetic
BEACON-0001650,2022-06-25,2022-06-26,BGR,Bulgaria,HPAI,0.383,unverified,syndromic,media,synthetic
BEACON-0001651,2022-06-20,2022-06-20,UKR,Ukraine,HPAI,0.174,verified,unusual_mortality,media,synthetic
BEACON-0001652,2022-06-20,2022-06-20,UKR,Ukraine,HPAI,0.382,unverified,unusual_mortality,media;official,synthetic
BEACON-0001653,2022-06-24,2022-06-26,UKR,Ukraine,HPAI,0.55,verified,media_cluster,media,synthetic
BEACON-0001654,2022-06-20,2022-06-20,GEO,Georgia,HPAI,0.436,unverified,media_cluster,media;official,synthetic
BEACON-0001655,2022-06-20,2022-06-22,GEO,Georgia,HPAI,0.357,verified,media_cluster,media;official,synthetic
BEACON-0001656,2022-06-21,2022-06-21,EGY,Egypt,HPAI,0.562,unverified,syndromic,media,synthetic
BEACON-0001657,2022-06-29,2022-06-29,ESP,Spain,HPAI,0.595,unverified,trade_alert,media;official,synthetic
BEACON-0001658,2022-07-02,2022-07-02,POL,Poland,HPAI,0.821,unverified,unusual_mortality,media,synthetic
BEACON-0001659,2022-06-29,2022-06-30,SRB,Serbia,HPAI,0.259,unverified,unusual_mortality,media,synthetic
BEACON-0001660,2022-06-27,2022-06-27,UKR,Ukraine,HPAI,0.327,verified,unusual_mortality,official,synthetic
BEACON-0001661,2022-06-28,2022-06-29,GEO,Georgia,HPAI,0.337,verified,media_cluster,media,synthetic
BEACON-0001662,2022-06-30,2022-07-01,TUN,Tunisia,HPAI,0.652,unverified,unusual_mortality,media,synthetic
BEACON-0001663,2022-06-29,2022-06-30,MAR,Morocco,HPAI,0.561,unverified,media_cluster,field,synthetic
BEACON-0001664,2022-07-04,2022-07-04,BEL,Belgium,HPAI,0.592,unverified,unusual_mortality,field,synthetic
BEACON-0001665,2022-07-09,2022-07-11,ESP,Spain,HPAI,0.16,unverified,unusual_mortality,official,synthetic
BEACON-0001666,2022-07-04,2022-07-04,HUN,Hungary,HPAI,0.188,unverified,media_cluster,media;official,synthetic
BEACON-0001667,2022-07-07,2022-07-09,ROU,Romania,HPAI,0.35,unverified,unusual_mortality,media,synthetic
BEACON-0001668,2022-07-05,2022-07-06,BGR,Bulgaria,HPAI,0.118,unverified,syndromic,media,synthetic
BEACON-0001669,2022-07-09,2022-07-10,SRB,Serbia,HPAI,0.322,verified,unusual_mortality,media,synthetic
BEACON-0001670,2022-07-04,2022-07-04,UKR,Ukraine,HPAI,0.018,verified,trade_alert,media;official,synthetic
BEACON-0001671,2022-07-05,2022-07-06,UKR,Ukraine,HPAI,0.712,verified,media_cluster,media,synthetic
BEACON-0001672,2022-07-06,2022-07-06,UKR,Ukraine,HPAI,0.651,verified,media_cluster,media;official,synthetic
BEACON-0001673,2022-07-09,2022-07-11,MDA,Moldova,HPAI,0.687,verified,media_cluster,media,synthetic
BEACON-0001674,2022-07-07,2022-07-09,RUS,Russian Federation,HPAI,0.139,verified,trade_alert,media,synthetic
BEACON-0001675,2022-07-07,2022-07-07,RUS,Russian Federation,HPAI,0.614,verified,media_cluster,media;official,synthetic
BEACON-0001676,2022-07-05,2022-07-06,TUR,Türkiye,HPAI,0.423,unverified,unusual_mortality,media,synthetic
BEACON-0001677,2022-07-04,2022-07-04,MAR,Morocco,HPAI,0.072,unverified,syndromic,media,synthetic
BEACON-0001678,2022-07-16,2022-07-18,POL,Poland,HPAI,0.533,unverified,unusual_mortality,media;official,synthetic
BEACON-0001679,2022-07-15,2022-07-15,SRB,Serbia,HPAI,0.207,verified,media_cluster,media;official,synthetic
BEACON-0001680,2022-07-14,2022-07-14,UKR,Ukraine,HPAI,0.677,unverified,media_cluster,media;official,synthetic
BEACON-0001681,2022-07-14,2022-07-15,EGY,Egypt,HPAI,0.355,unverified,media_cluster,media;official,synthetic
BEACON-0001682,2022-07-18,2022-07-20,DEU,Germany,HPAI,0.529,unverified,unusual_mortality,media,synthetic
BEACON-0001683,2022-07-19,2022-07-20,BEL,Belgium,HPAI,0.309,unverified,syndromic,official,synthetic
BEACON-0001684,2022-07-23,2022-07-25,ITA,Italy,HPAI,0.413,unverified,media_cluster,media,synthetic
BEACON-0001685,2022-07-18,2022-07-19,ESP,Spain,HPAI,0.396,unverified,unusual_mortality,official,synthetic
BEACON-0001686,2022-07-19,2022-07-19,MDA,Moldova,HPAI,0.308,verified,unusual_mortality,media;official,synthetic
BEACON-0001687,2022-07-18,2022-07-20,RUS,Russian Federation,HPAI,0.218,unverified,unusual_mortality,media;official,synthetic
BEACON-0001688,2022-07-23,2022-07-25,ISR,Israel,HPAI,0.313,verified,media_cluster,media;official,synthetic
BEACON-0001689,2022-07-20,2022-07-20,ISR,Israel,HPAI,0.108,unverified,media_cluster,media,synthetic
BEACON-0001690,2022-07-20,2022-07-20,TUN,Tunisia,HPAI,0.091,unverified,media_cluster,field,synthetic
BEACON-0001691,2022-07-18,2022-07-18,TUN,Tunisia,HPAI,0.218,verified,unusual_mortality,media,synthetic
BEACON-0001692,2022-07-22,2022-07-23,MAR,Morocco,HPAI,0.233,unverified,unusual_mortality,media,synthetic
BEACON-0001693,2022-07-25,2022-07-25,DEU,Germany,HPAI,0.199,verified,unusual_mortality,official,synthetic
BEACON-0001694,2022-07-25,2022-07-25,NLD,Netherlands,HPAI,0.306,verified,media_cluster,official,synthetic
BEACON-0001695,2022-07-27,2022-07-29,BEL,Belgium,HPAI,0.515,unverified,media_cluster,official,synthetic
BEACON-0001696,2022-07-26,2022-07-27,ITA,Italy,HPAI,0.428,verified,unusual_mortality,official,synthetic
BEACON-0001697,2022-07-29,2022-07-31,HUN,Hungary,HPAI,0.539,unverified,media_cluster,media,synthetic
BEACON-0001698,2022-07-27,2022-07-29,SRB,Serbia,HPAI,0.159,verified,trade_alert,media,synthetic
BEACON-0001699,2022-07-26,2022-07-28,GEO,Georgia,HPAI,0.29,unverified,media_cluster,official,synthetic
BEACON-0001700,2022-07-30,2022-07-30,TUN,Tunisia,HPAI,0.462,unverified,unusual_mortality,media,synthetic
BEACON-0001701,2022-08-02,2022-08-04,NLD,Netherlands,HPAI,0.494,unverified,unusual_mortality,media;official,synthetic
BEACON-0001702,2022-08-05,2022-08-07,NLD,Netherlands,HPAI,0.432,unverified,unusual_mortality,media,synthetic
BEACON-0001703,2022-08-04,2022-08-04,BEL,Belgium,HPAI,0.41,unverified,syndromic,media,synthetic
BEACON-0001704,2022-08-04,2022-08-06,ESP,Spain,HPAI,0.364,verified,unusual_mortality,media,synthetic
BEACON-0001705,2022-08-06,2022-08-06,ESP,Spain,HPAI,0.222,verified,unusual_mortality,media,synthetic
BEACON-0001706,2022-08-04,2022-08-05,ESP,Spain,HPAI,0.266,verified,media_cluster,media,synthetic
BEACON-0001707,2022-08-02,2022-08-04,RUS,Russian Federation,HPAI,0.484,verified,media_cluster,media,synthetic
BEACON-0001708,2022-08-04,2022-08-05,EGY,Egypt,HPAI,0.216,unverified,media_cluster,media,synthetic
BEACON-0001709,2022-08-02,2022-08-03,TUN,Tunisia,HPAI,0.244,unverified,unusual_mortality,media,synthetic
BEACON-0001710,2022-08-04,2022-08-06,MAR,Morocco,HPAI,0.262,unverified,unusual_mortality,media,synthetic
BEACON-0001711,2022-08-09,2022-08-10,DEU,Germany,HPAI,0.018,unverified,media_cluster,media,synthetic
BEACON-0001712,2022-08-13,2022-08-15,BGR,Bulgaria,HPAI,0.826,unverified,media_cluster,media,synthetic
BEACON-0001713,2022-08-13,2022-08-14,SRB,Serbia,HPAI,0.544,unverified,media_cluster,media,synthetic
BEACON-0001714,2022-08-08,2022-08-10,SRB,Serbia,HPAI,0.671,verified,syndromic,media,synthetic
BEACON-0001715,2022-08-09,2022-08-10,UKR,Ukraine,HPAI,0.127,verified,media_cluster,official,synthetic
BEACON-0001716,2022-08-12,2022-08-13,TUR,Türkiye,HPAI,0.407,verified,media_cluster,official,synthetic
BEACON-0001717,2022-08-08,2022-08-10,TUR,Türkiye,HPAI,0.168,verified,syndromic,media,synthetic
BEACON-0001718,2022-08-13,2022-08-13,TUN,Tunisia,HPAI,0.302,unverified,media_cluster,media,synthetic
BEACON-0001719,2022-08-17,2022-08-18,FRA,France,HPAI,0.173,unverified,media_cluster,media,synthetic
BEACON-0001720,2022-08-17,2022-08-17,FRA,France,HPAI,0.602,verified,syndromic,media,synthetic
BEACON-0001721,2022-08-19,2022-08-21,ESP,Spain,HPAI,0.732,unverified,media_cluster,media,synthetic
BEACON-0001722,2022-08-18,2022-08-20,ESP,Spain,HPAI,0.625,unverified,media_cluster,media;official,synthetic
BEACON-0001723,2022-08-16,2022-08-16,BGR,Bulgaria,HPAI,0.589,unverified,syndromic,media,synthetic
BEACON-0001724,2022-08-15,2022-08-17,UKR,Ukraine,HPAI,0.658,unverified,media_cluster,media,synthetic
BEACON-0001725,2022-08-15,2022-08-15,MDA,Moldova,HPAI,0.5,verified,unusual_mortality,media,synthetic
BEACON-0001726,2022-08-20,2022-08-22,TUR,Türkiye,HPAI,0.717,verified,syndromic,media,synthetic
BEACON-0001727,2022-08-16,2022-08-18,GEO,Georgia,HPAI,0.43,verified,media_cluster,official,synthetic
BEACON-0001728,2022-08-19,2022-08-19,EGY,Egypt,HPAI,0.346,verified,syndromic,official,synthetic
BEACON-0001729,2022-08-15,2022-08-15,EGY,Egypt,HPAI,0.587,verified,media_cluster,media,synthetic
BEACON-0001730,2022-08-22,2022-08-22,DEU,Germany,HPAI,0.414,unverified,trade_alert,official,synthetic
BEACON-0001731,2022-08-23,2022-08-24,DEU,Germany,HPAI,0.763,verified,media_cluster,media,synthetic
BEACON-0001732,2022-08-26,2022-08-26,DEU,Germany,HPAI,0.509,unverified,media_cluster,official,synthetic
BEACON-0001733,2022-08-26,2022-08-28,BEL,Belgium,HPAI,0.287,unverified,syndromic,media;official,synthetic
BEACON-0001734,2022-08-23,2022-08-23,ESP,Spain,HPAI,0.532,verified,unusual_mortality,field,synthetic
BEACON-0001735,2022-08-26,2022-08-28,POL,Poland,HPAI,0.316,unverified,unusual_mortality,official,synthetic
BEACON-0001736,2022-08-27,2022-08-28,RUS,Russian Federation,HPAI,0.279,unverified,trade_alert,media,synthetic
BEACON-0001737,2022-08-25,2022-08-25,RUS,Russian Federation,HPAI,0.834,unverified,media_cluster,media;official,synthetic
BEACON-0001738,2022-08-23,2022-08-24,TUR,Türkiye,HPAI,0.563,verified,media_cluster,media,synthetic
BEACON-0001739,2022-08-27,2022-08-27,EGY,Egypt,HPAI,0.193,verified,unusual_mortality,media;official,synthetic
BEACON-0001740,2022-08-29,2022-08-30,DEU,Germany,HPAI,0.582,unverified,media_cluster,media;official,synthetic
BEACON-0001741,2022-09-03,2022-09-04,DEU,Germany,HPAI,0.398,verified,media_cluster,media;official,synthetic
BEACON-0001742,2022-08-29,2022-08-31,ESP,Spain,HPAI,0.344,unverified,media_cluster,media,synthetic
BEACON-0001743,2022-09-01,2022-09-03,ESP,Spain,HPAI,0.212,verified,syndromic,media,synthetic
BEACON-0001744,2022-09-02,2022-09-03,POL,Poland,HPAI,0.431,unverified,media_cluster,field,synthetic
BEACON-0001745,2022-09-02,2022-09-04,POL,Poland,HPAI,0.577,unverified,trade_alert,field,synthetic
BEACON-0001746,2022-09-02,2022-09-02,HUN,Hungary,HPAI,0.425,unverified,trade_alert,media;official,synthetic
BEACON-0001747,2022-09-01,2022-09-02,MDA,Moldova,HPAI,0.796,verified,unusual_mortality,field,synthetic
BEACON-0001748,2022-08-31,2022-08-31,TUR,Türkiye,HPAI,0.148,unverified,media_cluster,media;official,synthetic
BEACON-0001749,2022-08-29,2022-08-31,ISR,Israel,HPAI,0.322,unverified,trade_alert,media,synthetic
BEACON-0001750,2022-09-05,2022-09-06,NLD,Netherlands,HPAI,0.535,verified,syndromic,media,synthetic
BEACON-0001751,2022-09-09,2022-09-09,ROU,Romania,HPAI,0.467,unverified,media_cluster,media,synthetic
BEACON-0001752,2022-09-09,2022-09-10,BGR,Bulgaria,HPAI,0.413,verified,unusual_mortality,media,synthetic
BEACON-0001753,2022-09-09,2022-09-09,SRB,Serbia,HPAI,0.368,unverified,unusual_mortality,media,synthetic
BEACON-0001754,2022-09-08,2022-09-09,SRB,Serbia,HPAI,0.851,unverified,unusual_mortality,media,synthetic
BEACON-0001755,2022-09-08,2022-09-10,RUS,Russian Federation,HPAI,0.498,verified,media_cluster,media;official,synthetic
BEACON-0001756,2022-09-16,2022-09-17,NLD,Netherlands,HPAI,0.639,verified,unusual_mortality,media;official,synthetic
BEACON-0001757,2022-09-12,2022-09-14,BEL,Belgium,HPAI,0.32,unverified,media_cluster,media;official,synthetic
BEACON-0001758,2022-09-13,2022-09-14,ESP,Spain,HPAI,0.116,verified,media_cluster,official,synthetic
BEACON-0001759,2022-09-13,2022-09-15,BGR,Bulgaria,HPAI,0.704,unverified,syndromic,official,synthetic
BEACON-0001760,2022-09-13,2022-09-14,MDA,Moldova,HPAI,0.801,unverified,syndromic,media;official,synthetic
BEACON-0001761,2022-09-15,2022-09-16,ISR,Israel,HPAI,0.093,verified,media_cluster,media,synthetic
BEACON-0001762,2022-09-24,2022-09-25,DEU,Germany,HPAI,0.819,unverified,unusual_mortality,media,synthetic
BEACON-0001763,2022-09-22,2022-09-22,NLD,Netherlands,HPAI,0.603,verified,syndromic,official,synthetic
BEACON-0001764,2022-09-23,2022-09-23,ITA,Italy,HPAI,0.53,verified,syndromic,field,synthetic
BEACON-0001765,2022-09-24,2022-09-24,ESP,Spain,HPAI,0.405,verified,media_cluster,media,synthetic
BEACON-0001766,2022-09-24,2022-09-24,BGR,Bulgaria,HPAI,0.838,unverified,media_cluster,official,synthetic
BEACON-0001767,2022-09-21,2022-09-22,RUS,Russian Federation,HPAI,0.52,verified,media_cluster,official,synthetic
BEACON-0001768,2022-09-19,2022-09-21,TUR,Türkiye,HPAI,0.1,unverified,media_cluster,media,synthetic
BEACON-0001769,2022-09-24,2022-09-24,EGY,Egypt,HPAI,0.336,unverified,unusual_mortality,media,synthetic
BEACON-0001770,2022-09-27,2022-09-28,FRA,France,HPAI,0.347,unverified,unusual_mortality,media,synthetic
BEACON-0001771,2022-10-01,2022-10-02,DEU,Germany,HPAI,0.033,unverified,media_cluster,media,synthetic
BEACON-0001772,2022-09-27,2022-09-27,ITA,Italy,HPAI,0.496,unverified,media_cluster,field,synthetic
BEACON-0001773,2022-10-01,2022-10-01,ESP,Spain,HPAI,0.408,verified,media_cluster,media,synthetic
BEACON-0001774,2022-09-28,2022-09-30,ROU,Romania,HPAI,0.391,verified,media_cluster,media,synthetic
BEACON-0001775,2022-09-26,2022-09-26,ROU,Romania,HPAI,0.804,verified,media_cluster,media,synthetic
BEACON-0001776,2022-09-28,2022-09-28,SRB,Serbia,HPAI,0.5,verified,syndromic,media,synthetic
BEACON-0001777,2022-09-28,2022-09-30,RUS,Russian Federation,HPAI,0.369,unverified,media_cluster,media;official,synthetic
BEACON-0001778,2022-09-27,2022-09-28,TUR,Türkiye,HPAI,0.164,unverified,unusual_mortality,field,synthetic
BEACON-0001779,2022-09-28,2022-09-30,ISR,Israel,HPAI,0.129,unverified,trade_alert,media,synthetic
BEACON-0001780,2022-09-29,2022-09-29,EGY,Egypt,HPAI,0.41,verified,unusual_mortality,media,synthetic
BEACON-0001781,2022-09-29,2022-09-30,EGY,Egypt,HPAI,0.332,unverified,trade_alert,media,synthetic
BEACON-0001782,2022-10-08,2022-10-08,BEL,Belgium,HPAI,0.475,unverified,unusual_mortality,media,synthetic
BEACON-0001783,2022-10-05,2022-10-06,ITA,Italy,HPAI,0.281,unverified,media_cluster,media,synthetic
BEACON-0001784,2022-10-04,2022-10-06,HUN,Hungary,HPAI,0.109,unverified,trade_alert,media;official,synthetic
BEACON-0001785,2022-10-04,2022-10-06,ROU,Romania,HPAI,0.449,unverified,unusual_mortality,media;official,synthetic
BEACON-0001786,2022-10-03,2022-10-03,SRB,Serbia,HPAI,0.708,verified,unusual_mortality,media,synthetic
BEACON-0001787,2022-10-03,2022-10-04,UKR,Ukraine,HPAI,0.165,unverified,unusual_mortality,media,synthetic
BEACON-0001788,2022-10-08,2022-10-10,UKR,Ukraine,HPAI,0.137,unverified,unusual_mortality,media,synthetic
BEACON-0001789,2022-10-03,2022-10-05,ISR,Israel,HPAI,0.499,unverified,unusual_mortality,media,synthetic
BEACON-0001790,2022-10-03,2022-10-05,EGY,Egypt,HPAI,0.525,unverified,unusual_mortality,official,synthetic
BEACON-0001791,2022-10-11,2022-10-12,FRA,France,HPAI,0.395,unverified,media_cluster,official,synthetic
BEACON-0001792,2022-10-14,2022-10-14,NLD,Netherlands,HPAI,0.574,verified,unusual_mortality,media,synthetic
BEACON-0001793,2022-10-14,2022-10-14,POL,Poland,HPAI,0.187,verified,unusual_mortality,media;official,synthetic
BEACON-0001794,2022-10-14,2022-10-16,HUN,Hungary,HPAI,0.676,unverified,syndromic,official,synthetic
BEACON-0001795,2022-10-14,2022-10-14,UKR,Ukraine,HPAI,0.182,unverified,unusual_mortality,media,synthetic
BEACON-0001796,2022-10-11,2022-10-11,UKR,Ukraine,HPAI,0.387,unverified,unusual_mortality,media,synthetic
BEACON-0001797,2022-10-15,2022-10-17,EGY,Egypt,HPAI,0.203,verified,unusual_mortality,media,synthetic
BEACON-0001798,2022-10-19,2022-10-20,ITA,Italy,HPAI,0.41,verified,syndromic,media,synthetic
BEACON-0001799,2022-10-17,2022-10-18,POL,Poland,HPAI,0.161,verified,syndromic,media,synthetic
BEACON-0001800,2022-10-21,2022-10-21,POL,Poland,HPAI,0.332,verified,syndromic,official,synthetic
BEACON-0001801,2022-10-18,2022-10-19,ISR,Israel,HPAI,0.588,unverified,unusual_mortality,official,synthetic
BEACON-0001802,2022-10-21,2022-10-21,EGY,Egypt,HPAI,0.685,verified,media_cluster,media,synthetic
BEACON-0001803,2022-10-17,2022-10-18,EGY,Egypt,HPAI,0.58,verified,unusual_mortality,media;official,synthetic
BEACON-0001804,2022-10-21,2022-10-23,MAR,Morocco,HPAI,0.505,unverified,media_cluster,media;official,synthetic
BEACON-0001805,2022-10-18,2022-10-20,MAR,Morocco,HPAI,0.292,unverified,unusual_mortality,media;official,synthetic
BEACON-0001806,2022-10-24,2022-10-25,NLD,Netherlands,HPAI,0.79,verified,unusual_mortality,media,synthetic
BEACON-0001807,2022-10-26,2022-10-26,NLD,Netherlands,HPAI,0.255,verified,unusual_mortality,media;official,synthetic
BEACON-0001808,2022-10-27,2022-10-27,POL,Poland,HPAI,0.286,verified,unusual_mortality,media;official,synthetic
BEACON-0001809,2022-10-29,2022-10-30,ROU,Romania,HPAI,0.398,unverified,media_cluster,official,synthetic
BEACON-0001810,2022-10-26,2022-10-27,RUS,Russian Federation,HPAI,0.157,unverified,media_cluster,official,synthetic
BEACON-0001811,2022-10-26,2022-10-26,GEO,Georgia,HPAI,0.374,unverified,syndromic,media;official,synthetic
BEACON-0001812,2022-10-25,2022-10-25,ISR,Israel,HPAI,0.454,unverified,trade_alert,media;official,synthetic
BEACON-0001813,2022-10-27,2022-10-28,ISR,Israel,HPAI,0.308,unverified,syndromic,official,synthetic
BEACON-0001814,2022-10-25,2022-10-27,TUN,Tunisia,HPAI,0.209,unverified,media_cluster,field,synthetic
BEACON-0001815,2022-11-03,2022-11-03,FRA,France,HPAI,0.053,verified,unusual_mortality,media,synthetic
BEACON-0001816,2022-11-05,2022-11-05,BEL,Belgium,HPAI,0.29,verified,media_cluster,media,synthetic
BEACON-0001817,2022-11-04,2022-11-04,HUN,Hungary,HPAI,0.42,unverified,trade_alert,official,synthetic
BEACON-0001818,2022-10-31,2022-11-02,BGR,Bulgaria,HPAI,0.135,unverified,media_cluster,media,synthetic
BEACON-0001819,2022-11-02,2022-11-03,MDA,Moldova,HPAI,0.439,verified,media_cluster,media;official,synthetic
BEACON-0001820,2022-10-31,2022-10-31,RUS,Russian Federation,HPAI,0.524,unverified,syndromic,media,synthetic
BEACON-0001821,2022-10-31,2022-11-02,EGY,Egypt,HPAI,0.551,verified,media_cluster,media,synthetic
BEACON-0001822,2022-11-01,2022-11-01,EGY,Egypt,HPAI,0.263,unverified,syndromic,media,synthetic
BEACON-0001823,2022-11-01,2022-11-03,EGY,Egypt,HPAI,0.183,verified,unusual_mortality,official,synthetic
BEACON-0001824,2022-11-01,2022-11-03,MAR,Morocco,HPAI,0.25,unverified,media_cluster,media,synthetic
BEACON-0001825,2022-11-11,2022-11-11,FRA,France,HPAI,0.378,unverified,media_cluster,media;official,synthetic
BEACON-0001826,2022-11-08,2022-11-10,BEL,Belgium,HPAI,0.162,unverified,media_cluster,media,synthetic
BEACON-0001827,2022-11-10,2022-11-11,HUN,Hungary,HPAI,0.317,unverified,trade_alert,media;official,synthetic
BEACON-0001828,2022-11-12,2022-11-12,BGR,Bulgaria,HPAI,0.034,verified,unusual_mortality,field,synthetic
BEACON-0001829,2022-11-09,2022-11-10,TUN,Tunisia,HPAI,0.216,verified,unusual_mortality,field,synthetic
BEACON-0001830,2022-11-07,2022-11-07,MAR,Morocco,HPAI,0.251,verified,media_cluster,media,synthetic
BEACON-0001831,2022-11-15,2022-11-15,NLD,Netherlands,HPAI,0.23,verified,media_cluster,field,synthetic
BEACON-0001832,2022-11-16,2022-11-18,ESP,Spain,HPAI,0.498,verified,trade_alert,official,synthetic
BEACON-0001833,2022-11-15,2022-11-17,ESP,Spain,HPAI,0.342,unverified,media_cluster,media;official,synthetic
BEACON-0001834,2022-11-19,2022-11-20,POL,Poland,HPAI,0.273,verified,syndromic,media,synthetic
BEACON-0001835,2022-11-17,2022-11-18,HUN,Hungary,HPAI,0.693,unverified,unusual_mortality,media;official,synthetic
BEACON-0001836,2022-11-15,2022-11-16,HUN,Hungary,HPAI,0.159,unverified,media_cluster,media,synthetic
BEACON-0001837,2022-11-14,2022-11-15,UKR,Ukraine,HPAI,0.424,unverified,syndromic,media,synthetic
BEACON-0001838,2022-11-16,2022-11-17,MDA,Moldova,HPAI,0.835,unverified,unusual_mortality,media;official,synthetic
BEACON-0001839,2022-11-14,2022-11-16,TUR,Türkiye,HPAI,0.476,verified,unusual_mortality,field,synthetic
BEACON-0001840,2022-11-21,2022-11-21,NLD,Netherlands,HPAI,0.701,verified,trade_alert,media,synthetic
BEACON-0001841,2022-11-21,2022-11-21,NLD,Netherlands,HPAI,0.447,verified,syndromic,media,synthetic
BEACON-0001842,2022-11-23,2022-11-23,BEL,Belgium,HPAI,0.544,unverified,unusual_mortality,media;official,synthetic
BEACON-0001843,2022-11-23,2022-11-25,POL,Poland,HPAI,0.232,unverified,syndromic,official,synthetic
BEACON-0001844,2022-11-22,2022-11-22,ROU,Romania,HPAI,0.779,unverified,media_cluster,media,synthetic
BEACON-0001845,2022-11-21,2022-11-22,BGR,Bulgaria,HPAI,0.612,unverified,unusual_mortality,media,synthetic
BEACON-0001846,2022-11-21,2022-11-21,UKR,Ukraine,HPAI,0.347,verified,unusual_mortality,media;official,synthetic
BEACON-0001847,2022-11-21,2022-11-21,UKR,Ukraine,HPAI,0.316,unverified,media_cluster,media,synthetic
BEACON-0001848,2022-11-26,2022-11-28,RUS,Russian Federation,HPAI,0.179,verified,unusual_mortality,media,synthetic
BEACON-0001849,2022-11-24,2022-11-25,TUR,Türkiye,HPAI,0.175,verified,syndromic,media,synthetic
BEACON-0001850,2022-11-23,2022-11-24,TUR,Türkiye,HPAI,0.39,unverified,unusual_mortality,media,synthetic
BEACON-0001851,2022-11-21,2022-11-21,TUR,Türkiye,HPAI,0.158,unverified,trade_alert,media,synthetic
BEACON-0001852,2022-11-21,2022-11-23,TUN,Tunisia,HPAI,0.124,verified,syndromic,field,synthetic
BEACON-0001853,2022-11-25,2022-11-25,MAR,Morocco,HPAI,0.736,verified,media_cluster,media,synthetic
BEACON-0001854,2022-12-03,2022-12-04,DEU,Germany,HPAI,0.237,unverified,syndromic,media;official,synthetic
BEACON-0001855,2022-12-03,2022-12-04,DEU,Germany,HPAI,0.486,verified,unusual_mortality,official,synthetic
BEACON-0001856,2022-12-03,2022-12-05,DEU,Germany,HPAI,0.071,verified,media_cluster,media,synthetic
BEACON-0001857,2022-12-01,2022-12-02,BEL,Belgium,HPAI,0.136,unverified,unusual_mortality,media,synthetic
BEACON-0001858,2022-11-28,2022-11-30,ITA,Italy,HPAI,0.33,verified,trade_alert,media,synthetic
BEACON-0001859,2022-12-01,2022-12-01,POL,Poland,HPAI,0.371,unverified,unusual_mortality,official,synthetic
BEACON-0001860,2022-12-02,2022-12-03,SRB,Serbia,HPAI,0.735,unverified,media_cluster,media,synthetic
BEACON-0001861,2022-11-28,2022-11-29,UKR,Ukraine,HPAI,0.385,verified,syndromic,media;official,synthetic
BEACON-0001862,2022-11-28,2022-11-29,MDA,Moldova,HPAI,0.489,unverified,media_cluster,media,synthetic
BEACON-0001863,2022-11-29,2022-11-29,MDA,Moldova,HPAI,0.702,verified,media_cluster,media,synthetic
BEACON-0001864,2022-12-02,2022-12-03,GEO,Georgia,HPAI,0.086,unverified,media_cluster,official,synthetic
BEACON-0001865,2022-11-30,2022-12-02,GEO,Georgia,HPAI,0.754,verified,unusual_mortality,media,synthetic
BEACON-0001866,2022-12-02,2022-12-03,TUN,Tunisia,HPAI,0.276,unverified,syndromic,media,synthetic
BEACON-0001867,2022-11-28,2022-11-29,TUN,Tunisia,HPAI,0.373,verified,trade_alert,media;official,synthetic
BEACON-0001868,2022-12-02,2022-12-04,MAR,Morocco,HPAI,0.971,unverified,media_cluster,media,synthetic
BEACON-0001869,2022-12-08,2022-12-08,BEL,Belgium,HPAI,0.63,unverified,media_cluster,media;official,synthetic
BEACON-0001870,2022-12-10,2022-12-10,BGR,Bulgaria,HPAI,0.917,verified,unusual_mortality,media;official,synthetic
BEACON-0001871,2022-12-09,2022-12-10,SRB,Serbia,HPAI,0.474,verified,unusual_mortality,media;official,synthetic
BEACON-0001872,2022-12-05,2022-12-05,SRB,Serbia,HPAI,0.245,verified,syndromic,media,synthetic
BEACON-0001873,2022-12-06,2022-12-06,RUS,Russian Federation,HPAI,0.172,unverified,media_cluster,field,synthetic
BEACON-0001874,2022-12-07,2022-12-07,TUR,Türkiye,HPAI,0.745,unverified,media_cluster,media,synthetic
BEACON-0001875,2022-12-05,2022-12-06,TUR,Türkiye,HPAI,0.326,verified,unusual_mortality,media,synthetic
BEACON-0001876,2022-12-06,2022-12-06,TUR,Türkiye,HPAI,0.497,unverified,media_cluster,media,synthetic
BEACON-0001877,2022-12-05,2022-12-06,TUR,Türkiye,HPAI,0.243,unverified,media_cluster,media,synthetic
BEACON-0001878,2022-12-10,2022-12-11,TUR,Türkiye,HPAI,0.647,unverified,trade_alert,media,synthetic
BEACON-0001879,2022-12-05,2022-12-05,TUR,Türkiye,HPAI,0.599,verified,media_cluster,media,synthetic
BEACON-0001880,2022-12-07,2022-12-08,TUR,Türkiye,HPAI,0.641,verified,syndromic,official,synthetic
BEACON-0001881,2022-12-09,2022-12-10,GEO,Georgia,HPAI,0.421,unverified,media_cluster,official,synthetic
BEACON-0001882,2022-12-10,2022-12-12,GEO,Georgia,HPAI,0.841,verified,unusual_mortality,media,synthetic
BEACON-0001883,2022-12-09,2022-12-09,GEO,Georgia,HPAI,0.282,unverified,syndromic,media;official,synthetic
BEACON-0001884,2022-12-08,2022-12-09,MAR,Morocco,HPAI,0.161,verified,media_cluster,media;official,synthetic
BEACON-0001885,2022-12-13,2022-12-15,DEU,Germany,HPAI,0.593,verified,unusual_mortality,media,synthetic
BEACON-0001886,2022-12-13,2022-12-15,NLD,Netherlands,HPAI,0.604,verified,media_cluster,media,synthetic
BEACON-0001887,2022-12-13,2022-12-15,ESP,Spain,HPAI,0.286,verified,unusual_mortality,official,synthetic
BEACON-0001888,2022-12-14,2022-12-16,ROU,Romania,HPAI,0.199,verified,unusual_mortality,field,synthetic
BEACON-0001889,2022-12-15,2022-12-15,BGR,Bulgaria,HPAI,0.45,unverified,unusual_mortality,media,synthetic
BEACON-0001890,2022-12-15,2022-12-15,MDA,Moldova,HPAI,0.7,unverified,media_cluster,media;official,synthetic
BEACON-0001891,2022-12-15,2022-12-16,MDA,Moldova,HPAI,0.651,verified,unusual_mortality,media;official,synthetic
BEACON-0001892,2022-12-14,2022-12-14,MDA,Moldova,HPAI,0.561,verified,unusual_mortality,media,synthetic
BEACON-0001893,2022-12-15,2022-12-17,RUS,Russian Federation,HPAI,0.479,unverified,media_cluster,media,synthetic
BEACON-0001894,2022-12-14,2022-12-16,TUR,Türkiye,HPAI,0.562,verified,unusual_mortality,media,synthetic
BEACON-0001895,2022-12-14,2022-12-14,TUN,Tunisia,HPAI,0.4,verified,syndromic,media;official,synthetic
BEACON-0001896,2022-12-12,2022-12-13,TUN,Tunisia,HPAI,0.612,unverified,media_cluster,media,synthetic
BEACON-0001897,2022-12-12,2022-12-14,MAR,Morocco,HPAI,0.187,unverified,unusual_mortality,media,synthetic
BEACON-0001898,2022-12-20,2022-12-22,ITA,Italy,HPAI,0.755,unverified,media_cluster,media,synthetic
BEACON-0001899,2022-12-22,2022-12-24,ROU,Romania,HPAI,0.696,verified,unusual_mortality,media,synthetic
BEACON-0001900,2022-12-24,2022-12-26,SRB,Serbia,HPAI,0.187,unverified,trade_alert,media,synthetic
BEACON-0001901,2022-12-22,2022-12-24,SRB,Serbia,HPAI,0.8,unverified,media_cluster,official,synthetic
BEACON-0001902,2022-12-24,2022-12-24,SRB,Serbia,HPAI,0.387,unverified,unusual_mortality,media,synthetic
BEACON-0001903,2022-12-20,2022-12-21,UKR,Ukraine,HPAI,0.435,unverified,unusual_mortality,official,synthetic
BEACON-0001904,2022-12-24,2022-12-25,RUS,Russian Federation,HPAI,0.292,verified,unusual_mortality,media;official,synthetic
BEACON-0001905,2022-12-22,2022-12-23,TUR,Türkiye,HPAI,0.735,unverified,syndromic,official,synthetic
BEACON-0001906,2022-12-21,2022-12-22,TUN,Tunisia,HPAI,0.234,unverified,unusual_mortality,field,synthetic
BEACON-0001907,2022-12-20,2022-12-22,MAR,Morocco,HPAI,0.573,unverified,unusual_mortality,media,synthetic
BEACON-0001908,2022-12-31,2022-12-31,FRA,France,HPAI,0.129,unverified,media_cluster,media;official,synthetic
BEACON-0001909,2022-12-29,2022-12-30,NLD,Netherlands,HPAI,0.112,unverified,media_cluster,media,synthetic
BEACON-0001910,2022-12-31,2023-01-01,BEL,Belgium,HPAI,0.266,verified,media_cluster,media;official,synthetic
BEACON-0001911,2022-12-30,2022-12-30,ESP,Spain,HPAI,0.335,unverified,trade_alert,media;official,synthetic
BEACON-0001912,2022-12-28,2022-12-30,POL,Poland,HPAI,0.174,verified,syndromic,media,synthetic
BEACON-0001913,2022-12-30,2022-12-30,POL,Poland,HPAI,0.123,verified,syndromic,media,synthetic
BEACON-0001914,2022-12-28,2022-12-29,MDA,Moldova,HPAI,0.546,unverified,trade_alert,field,synthetic
BEACON-0001915,2022-12-29,2022-12-30,RUS,Russian Federation,HPAI,0.83,verified,syndromic,official,synthetic
BEACON-0001916,2022-12-29,2022-12-30,TUN,Tunisia,HPAI,0.218,unverified,trade_alert,media;official,synthetic
BEACON-0001917,2022-12-31,2023-01-02,TUN,Tunisia,HPAI,0.49,unverified,media_cluster,media;official,synthetic
BEACON-0001918,2022-12-26,2022-12-26,MAR,Morocco,HPAI,0.457,unverified,unusual_mortality,media,synthetic
BEACON-0001919,2023-01-05,2023-01-05,FRA,France,HPAI,0.134,unverified,media_cluster,media,synthetic
BEACON-0001920,2023-01-02,2023-01-04,DEU,Germany,HPAI,0.316,verified,syndromic,field,synthetic
BEACON-0001921,2023-01-05,2023-01-05,NLD,Netherlands,HPAI,0.138,unverified,unusual_mortality,media;official,synthetic
BEACON-0001922,2023-01-02,2023-01-03,BEL,Belgium,HPAI,0.093,unverified,unusual_mortality,media;official,synthetic
BEACON-0001923,2023-01-06,2023-01-06,ITA,Italy,HPAI,0.358,verified,trade_alert,media,synthetic
BEACON-0001924,2023-01-02,2023-01-02,HUN,Hungary,HPAI,0.267,verified,unusual_mortality,official,synthetic
BEACON-0001925,2023-01-07,2023-01-09,SRB,Serbia,HPAI,0.141,unverified,syndromic,media,synthetic
BEACON-0001926,2023-01-04,2023-01-04,UKR,Ukraine,HPAI,0.358,unverified,media_cluster,media;official,synthetic
BEACON-0001927,2023-01-05,2023-01-07,MDA,Moldova,HPAI,0.638,unverified,unusual_mortality,official,synthetic
BEACON-0001928,2023-01-07,2023-01-07,GEO,Georgia,HPAI,0.28,unverified,unusual_mortality,field,synthetic
BEACON-0001929,2023-01-04,2023-01-06,EGY,Egypt,HPAI,0.419,verified,media_cluster,media;official,synthetic
BEACON-0001930,2023-01-06,2023-01-08,EGY,Egypt,HPAI,0.093,unverified,unusual_mortality,media,synthetic
BEACON-0001931,2023-01-13,2023-01-15,NLD,Netherlands,HPAI,0.537,verified,media_cluster,media,synthetic
BEACON-0001932,2023-01-12,2023-01-12,BEL,Belgium,HPAI,0.194,unverified,trade_alert,media,synthetic
BEACON-0001933,2023-01-10,2023-01-10,ITA,Italy,HPAI,0.564,verified,unusual_mortality,official,synthetic
BEACON-0001934,2023-01-14,2023-01-14,UKR,Ukraine,HPAI,0.88,verified,media_cluster,field,synthetic
BEACON-0001935,2023-01-14,2023-01-14,MDA,Moldova,HPAI,0.114,unverified,media_cluster,field,synthetic
BEACON-0001936,2023-01-13,2023-01-14,TUR,Türkiye,HPAI,0.274,unverified,media_cluster,media,synthetic
BEACON-0001937,2023-01-09,2023-01-11,GEO,Georgia,HPAI,0.699,unverified,syndromic,media;official,synthetic
BEACON-0001938,2023-01-10,2023-01-12,TUN,Tunisia,HPAI,0.951,verified,unusual_mortality,media,synthetic
BEACON-0001939,2023-01-13,2023-01-14,TUN,Tunisia,HPAI,0.498,unverified,media_cluster,media;official,synthetic
BEACON-0001940,2023-01-16,2023-01-17,NLD,Netherlands,HPAI,0.33,unverified,unusual_mortality,media,synthetic
BEACON-0001941,2023-01-16,2023-01-18,BEL,Belgium,HPAI,0.519,unverified,unusual_mortality,media;official,synthetic
BEACON-0001942,2023-01-17,2023-01-17,ROU,Romania,HPAI,0.276,verified,syndromic,media,synthetic
BEACON-0001943,2023-01-21,2023-01-22,ROU,Romania,HPAI,0.347,unverified,unusual_mortality,media,synthetic
BEACON-0001944,2023-01-20,2023-01-20,ROU,Romania,HPAI,0.441,unverified,unusual_mortality,media,synthetic
BEACON-0001945,2023-01-19,2023-01-19,SRB,Serbia,HPAI,0.399,unverified,unusual_mortality,media,synthetic
BEACON-0001946,2023-01-16,2023-01-17,SRB,Serbia,HPAI,0.241,unverified,media_cluster,media,synthetic
BEACON-0001947,2023-01-20,2023-01-20,MDA,Moldova,HPAI,0.789,verified,syndromic,media;official,synthetic
BEACON-0001948,2023-01-16,2023-01-16,MDA,Moldova,HPAI,0.967,unverified,syndromic,media,synthetic
BEACON-0001949,2023-01-18,2023-01-19,MDA,Moldova,HPAI,0.824,unverified,media_cluster,media;official,synthetic
BEACON-0001950,2023-01-21,2023-01-23,MDA,Moldova,HPAI,0.394,unverified,syndromic,official,synthetic
BEACON-0001951,2023-01-20,2023-01-20,MDA,Moldova,HPAI,0.833,unverified,media_cluster,media;official,synthetic
BEACON-0001952,2023-01-16,2023-01-17,TUR,Türkiye,HPAI,0.693,verified,unusual_mortality,official,synthetic
BEACON-0001953,2023-01-26,2023-01-27,ITA,Italy,HPAI,0.086,verified,unusual_mortality,field,synthetic
BEACON-0001954,2023-01-23,2023-01-24,ESP,Spain,HPAI,0.327,verified,media_cluster,field,synthetic
BEACON-0001955,2023-01-25,2023-01-25,HUN,Hungary,HPAI,0.49,unverified,unusual_mortality,media;official,synthetic
BEACON-0001956,2023-01-24,2023-01-24,SRB,Serbia,HPAI,0.433,unverified,media_cluster,field,synthetic
BEACON-0001957,2023-01-24,2023-01-26,TUR,Türkiye,HPAI,0.166,unverified,media_cluster,official,synthetic
BEACON-0001958,2023-01-27,2023-01-29,ISR,Israel,HPAI,0.603,unverified,syndromic,media,synthetic
BEACON-0001959,2023-01-25,2023-01-26,TUN,Tunisia,HPAI,0.324,unverified,syndromic,field,synthetic
BEACON-0001960,2023-02-03,2023-02-03,DEU,Germany,HPAI,0.116,verified,syndromic,official,synthetic
BEACON-0001961,2023-01-30,2023-02-01,DEU,Germany,HPAI,0.298,unverified,media_cluster,field,synthetic
BEACON-0001962,2023-02-04,2023-02-06,ROU,Romania,HPAI,0.161,verified,media_cluster,media,synthetic
BEACON-0001963,2023-01-30,2023-02-01,MAR,Morocco,HPAI,0.369,unverified,trade_alert,official,synthetic
BEACON-0001964,2023-02-07,2023-02-08,NLD,Netherlands,HPAI,0.147,verified,media_cluster,media;official,synthetic
BEACON-0001965,2023-02-07,2023-02-08,ESP,Spain,HPAI,0.286,unverified,media_cluster,media;official,synthetic
BEACON-0001966,2023-02-06,2023-02-07,UKR,Ukraine,HPAI,0.292,unverified,media_cluster,media,synthetic
BEACON-0001967,2023-02-07,2023-02-07,MDA,Moldova,HPAI,0.549,unverified,unusual_mortality,media,synthetic
BEACON-0001968,2023-02-08,2023-02-10,TUR,Türkiye,HPAI,0.402,verified,media_cluster,official,synthetic
BEACON-0001969,2023-02-09,2023-02-11,GEO,Georgia,HPAI,0.262,verified,syndromic,media;official,synthetic
BEACON-0001970,2023-02-08,2023-02-09,TUN,Tunisia,HPAI,0.479,unverified,trade_alert,media,synthetic
BEACON-0001971,2023-02-14,2023-02-14,DEU,Germany,HPAI,0.189,unverified,media_cluster,media,synthetic
BEACON-0001972,2023-02-14,2023-02-15,POL,Poland,HPAI,0.481,verified,media_cluster,media;official,synthetic
BEACON-0001973,2023-02-13,2023-02-15,HUN,Hungary,HPAI,0.405,unverified,unusual_mortality,official,synthetic
BEACON-0001974,2023-02-13,2023-02-14,BGR,Bulgaria,HPAI,0.359,verified,media_cluster,official,synthetic
BEACON-0001975,2023-02-15,2023-02-16,BGR,Bulgaria,HPAI,0.437,verified,media_cluster,media,synthetic
BEACON-0001976,2023-02-13,2023-02-13,MDA,Moldova,HPAI,0.234,unverified,media_cluster,media;official,synthetic
BEACON-0001977,2023-02-15,2023-02-17,RUS,Russian Federation,HPAI,0.291,unverified,media_cluster,media;official,synthetic
BEACON-0001978,2023-02-15,2023-02-17,GEO,Georgia,HPAI,0.311,unverified,media_cluster,media,synthetic
BEACON-0001979,2023-02-23,2023-02-24,FRA,France,HPAI,0.332,unverified,unusual_mortality,field,synthetic
BEACON-0001980,2023-02-21,2023-02-23,DEU,Germany,HPAI,0.713,unverified,unusual_mortality,media;official,synthetic
BEACON-0001981,2023-02-24,2023-02-25,DEU,Germany,HPAI,0.266,unverified,syndromic,media;official,synthetic
BEACON-0001982,2023-02-25,2023-02-25,NLD,Netherlands,HPAI,0.514,unverified,unusual_mortality,media;official,synthetic
BEACON-0001983,2023-02-25,2023-02-26,BEL,Belgium,HPAI,0.34,unverified,unusual_mortality,media,synthetic
BEACON-0001984,2023-02-22,2023-02-22,ITA,Italy,HPAI,0.337,verified,unusual_mortality,media;official,synthetic
BEACON-0001985,2023-02-25,2023-02-26,ITA,Italy,HPAI,0.653,unverified,media_cluster,media,synthetic
BEACON-0001986,2023-02-23,2023-02-25,ROU,Romania,HPAI,0.279,verified,unusual_mortality,field,synthetic
BEACON-0001987,2023-02-24,2023-02-26,ROU,Romania,HPAI,0.683,unverified,unusual_mortality,media;official,synthetic
BEACON-0001988,2023-02-24,2023-02-24,SRB,Serbia,HPAI,0.605,unverified,syndromic,media,synthetic
BEACON-0001989,2023-02-23,2023-02-23,SRB,Serbia,HPAI,0.401,unverified,media_cluster,media,synthetic
BEACON-0001990,2023-02-25,2023-02-25,MDA,Moldova,HPAI,0.384,unverified,media_cluster,media,synthetic
BEACON-0001991,2023-02-24,2023-02-24,GEO,Georgia,HPAI,0.511,unverified,unusual_mortality,media;official,synthetic
BEACON-0001992,2023-02-23,2023-02-24,GEO,Georgia,HPAI,0.664,unverified,syndromic,media;official,synthetic
BEACON-0001993,2023-02-21,2023-02-23,ISR,Israel,HPAI,0.583,unverified,unusual_mortality,official,synthetic
BEACON-0001994,2023-02-21,2023-02-23,TUN,Tunisia,HPAI,0.593,unverified,trade_alert,media,synthetic
BEACON-0001995,2023-02-20,2023-02-20,TUN,Tunisia,HPAI,0.305,verified,media_cluster,media;official,synthetic
BEACON-0001996,2023-03-03,2023-03-04,DEU,Germany,HPAI,0.152,unverified,unusual_mortality,media,synthetic
BEACON-0001997,2023-03-01,2023-03-01,DEU,Germany,HPAI,0.445,unverified,media_cluster,media;official,synthetic
BEACON-0001998,2023-02-27,2023-03-01,NLD,Netherlands,HPAI,0.503,verified,unusual_mortality,media,synthetic
BEACON-0001999,2023-03-02,2023-03-03,ITA,Italy,HPAI,0.475,verified,media_cluster,media,synthetic
BEACON-0002000,2023-02-27,2023-02-27,ITA,Italy,HPAI,0.317,unverified,syndromic,media;official,synthetic
BEACON-0002001,2023-03-04,2023-03-05,ITA,Italy,HPAI,0.462,unverified,media_cluster,official,synthetic
BEACON-0002002,2023-02-27,2023-03-01,ROU,Romania,HPAI,0.52,unverified,unusual_mortality,media,synthetic
BEACON-0002003,2023-03-03,2023-03-03,ROU,Romania,HPAI,0.051,verified,media_cluster,media,synthetic
BEACON-0002004,2023-03-02,2023-03-03,TUR,Türkiye,HPAI,0.668,verified,unusual_mortality,media;official,synthetic
BEACON-0002005,2023-02-28,2023-02-28,ISR,Israel,HPAI,0.233,verified,syndromic,media,synthetic
BEACON-0002006,2023-03-04,2023-03-06,ISR,Israel,HPAI,0.827,unverified,media_cluster,media,synthetic
BEACON-0002007,2023-03-02,2023-03-04,ISR,Israel,HPAI,0.464,verified,media_cluster,media,synthetic
BEACON-0002008,2023-03-02,2023-03-03,EGY,Egypt,HPAI,0.221,verified,syndromic,media;official,synthetic
BEACON-0002009,2023-03-07,2023-03-09,DEU,Germany,HPAI,0.626,unverified,media_cluster,official,synthetic
BEACON-0002010,2023-03-07,2023-03-09,HUN,Hungary,HPAI,0.555,unverified,trade_alert,media,synthetic
BEACON-0002011,2023-03-07,2023-03-09,HUN,Hungary,HPAI,0.412,verified,unusual_mortality,media;official,synthetic
BEACON-0002012,2023-03-10,2023-03-11,BGR,Bulgaria,HPAI,0.277,unverified,unusual_mortality,official,synthetic
BEACON-0002013,2023-03-10,2023-03-10,GEO,Georgia,HPAI,0.682,unverified,syndromic,field,synthetic
BEACON-0002014,2023-03-08,2023-03-10,GEO,Georgia,HPAI,0.178,verified,media_cluster,media,synthetic
BEACON-0002015,2023-03-08,2023-03-08,EGY,Egypt,HPAI,0.42,verified,trade_alert,media,synthetic
BEACON-0002016,2023-03-11,2023-03-13,EGY,Egypt,HPAI,0.418,unverified,trade_alert,media,synthetic
BEACON-0002017,2023-03-16,2023-03-16,DEU,Germany,HPAI,0.293,unverified,media_cluster,media,synthetic
BEACON-0002018,2023-03-14,2023-03-15,BEL,Belgium,HPAI,0.382,verified,media_cluster,media,synthetic
BEACON-0002019,2023-03-15,2023-03-16,BEL,Belgium,HPAI,0.306,verified,media_cluster,official,synthetic
BEACON-0002020,2023-03-17,2023-03-17,BEL,Belgium,HPAI,0.328,unverified,media_cluster,media,synthetic
BEACON-0002021,2023-03-15,2023-03-15,ITA,Italy,HPAI,0.242,verified,unusual_mortality,field,synthetic
BEACON-0002022,2023-03-17,2023-03-17,ESP,Spain,HPAI,0.563,unverified,media_cluster,official,synthetic
BEACON-0002023,2023-03-17,2023-03-17,BGR,Bulgaria,HPAI,0.148,unverified,unusual_mortality,media,synthetic
BEACON-0002024,2023-03-17,2023-03-19,BGR,Bulgaria,HPAI,0.22,unverified,syndromic,official,synthetic
BEACON-0002025,2023-03-14,2023-03-15,BGR,Bulgaria,HPAI,0.081,unverified,media_cluster,official,synthetic
BEACON-0002026,2023-03-18,2023-03-19,UKR,Ukraine,HPAI,0.354,verified,syndromic,media,synthetic
BEACON-0002027,2023-03-14,2023-03-16,GEO,Georgia,HPAI,0.375,verified,unusual_mortality,media;official,synthetic
BEACON-0002028,2023-03-15,2023-03-17,EGY,Egypt,HPAI,0.404,verified,unusual_mortality,media;official,synthetic
BEACON-0002029,2023-03-21,2023-03-22,DEU,Germany,HPAI,0.332,verified,unusual_mortality,field,synthetic
BEACON-0002030,2023-03-20,2023-03-21,DEU,Germany,HPAI,0.446,verified,unusual_mortality,media,synthetic
BEACON-0002031,2023-03-20,2023-03-21,ITA,Italy,HPAI,0.096,unverified,media_cluster,media;official,synthetic
BEACON-0002032,2023-03-25,2023-03-25,ESP,Spain,HPAI,0.596,unverified,trade_alert,media,synthetic
BEACON-0002033,2023-03-22,2023-03-24,POL,Poland,HPAI,0.363,verified,media_cluster,media,synthetic
BEACON-0002034,2023-03-25,2023-03-25,POL,Poland,HPAI,0.515,unverified,trade_alert,media;official,synthetic
BEACON-0002035,2023-03-24,2023-03-25,POL,Poland,HPAI,0.388,unverified,media_cluster,media,synthetic
BEACON-0002036,2023-03-21,2023-03-21,SRB,Serbia,HPAI,0.147,unverified,unusual_mortality,official,synthetic
BEACON-0002037,2023-03-21,2023-03-22,TUR,Türkiye,HPAI,0.241,unverified,syndromic,field,synthetic
BEACON-0002038,2023-03-28,2023-03-30,NLD,Netherlands,HPAI,0.363,unverified,media_cluster,media;official,synthetic
BEACON-0002039,2023-03-30,2023-04-01,POL,Poland,HPAI,0.606,unverified,unusual_mortality,media,synthetic
BEACON-0002040,2023-03-27,2023-03-29,HUN,Hungary,HPAI,0.524,unverified,media_cluster,media,synthetic
BEACON-0002041,2023-03-27,2023-03-27,HUN,Hungary,HPAI,0.265,verified,media_cluster,media,synthetic
BEACON-0002042,2023-03-30,2023-03-30,ROU,Romania,HPAI,0.274,unverified,unusual_mortality,media,synthetic
BEACON-0002043,2023-03-27,2023-03-27,SRB,Serbia,HPAI,0.231,unverified,media_cluster,media,synthetic
BEACON-0002044,2023-04-01,2023-04-01,UKR,Ukraine,HPAI,0.525,unverified,unusual_mortality,media,synthetic
BEACON-0002045,2023-04-01,2023-04-03,TUR,Türkiye,HPAI,0.816,verified,media_cluster,media,synthetic
BEACON-0002046,2023-04-01,2023-04-03,EGY,Egypt,HPAI,0.846,verified,media_cluster,media,synthetic
BEACON-0002047,2023-03-28,2023-03-28,TUN,Tunisia,HPAI,0.763,unverified,media_cluster,official,synthetic
BEACON-0002048,2023-03-27,2023-03-28,TUN,Tunisia,HPAI,0.41,verified,trade_alert,field,synthetic
BEACON-0002049,2023-03-30,2023-03-30,MAR,Morocco,HPAI,0.632,unverified,trade_alert,official,synthetic
BEACON-0002050,2023-04-06,2023-04-06,FRA,France,HPAI,0.818,unverified,media_cluster,media,synthetic
BEACON-0002051,2023-04-03,2023-04-05,DEU,Germany,HPAI,0.484,unverified,media_cluster,media;official,synthetic
BEACON-0002052,2023-04-04,2023-04-04,NLD,Netherlands,HPAI,0.522,verified,media_cluster,media,synthetic
BEACON-0002053,2023-04-05,2023-04-05,NLD,Netherlands,HPAI,0.521,verified,media_cluster,media;official,synthetic
BEACON-0002054,2023-04-04,2023-04-04,BEL,Belgium,HPAI,0.817,unverified,unusual_mortality,official,synthetic
BEACON-0002055,2023-04-07,2023-04-07,ITA,Italy,HPAI,0.526,verified,media_cluster,official,synthetic
BEACON-0002056,2023-04-08,2023-04-09,POL,Poland,HPAI,0.267,unverified,media_cluster,media,synthetic
BEACON-0002057,2023-04-03,2023-04-05,ROU,Romania,HPAI,0.323,unverified,unusual_mortality,field,synthetic
BEACON-0002058,2023-04-05,2023-04-05,SRB,Serbia,HPAI,0.267,unverified,unusual_mortality,media;official,synthetic
BEACON-0002059,2023-04-07,2023-04-07,UKR,Ukraine,HPAI,0.232,verified,syndromic,media;official,synthetic
BEACON-0002060,2023-04-04,2023-04-06,UKR,Ukraine,HPAI,0.53,unverified,unusual_mortality,media,synthetic
BEACON-0002061,2023-04-06,2023-04-08,TUR,Türkiye,HPAI,0.331,verified,media_cluster,media;official,synthetic
BEACON-0002062,2023-04-08,2023-04-08,TUR,Türkiye,HPAI,0.642,verified,trade_alert,field,synthetic
BEACON-0002063,2023-04-03,2023-04-04,TUN,Tunisia,HPAI,0.558,verified,unusual_mortality,media,synthetic
BEACON-0002064,2023-04-11,2023-04-12,FRA,France,HPAI,0.644,unverified,unusual_mortality,media,synthetic
BEACON-0002065,2023-04-11,2023-04-12,FRA,France,HPAI,0.408,verified,media_cluster,media;official,synthetic
BEACON-0002066,2023-04-12,2023-04-13,FRA,France,HPAI,0.805,verified,media_cluster,media,synthetic
BEACON-0002067,2023-04-12,2023-04-14,NLD,Netherlands,HPAI,0.433,verified,unusual_mortality,official,synthetic
BEACON-0002068,2023-04-15,2023-04-16,NLD,Netherlands,HPAI,0.318,unverified,media_cluster,media,synthetic
BEACON-0002069,2023-04-15,2023-04-16,ITA,Italy,HPAI,0.251,unverified,unusual_mortality,media,synthetic
BEACON-0002070,2023-04-12,2023-04-12,ITA,Italy,HPAI,0.115,verified,trade_alert,official,synthetic
BEACON-0002071,2023-04-11,2023-04-13,POL,Poland,HPAI,0.154,unverified,unusual_mortality,media;official,synthetic
BEACON-0002072,2023-04-15,2023-04-16,ROU,Romania,HPAI,0.833,unverified,media_cluster,media,synthetic
BEACON-0002073,2023-04-15,2023-04-17,BGR,Bulgaria,HPAI,0.414,unverified,unusual_mortality,field,synthetic
BEACON-0002074,2023-04-11,2023-04-12,SRB,Serbia,HPAI,0.552,unverified,media_cluster,field,synthetic
BEACON-0002075,2023-04-15,2023-04-17,UKR,Ukraine,HPAI,0.091,unverified,syndromic,field,synthetic
BEACON-0002076,2023-04-15,2023-04-17,UKR,Ukraine,HPAI,0.229,unverified,syndromic,media,synthetic
BEACON-0002077,2023-04-12,2023-04-12,MDA,Moldova,HPAI,0.096,unverified,unusual_mortality,media,synthetic
BEACON-0002078,2023-04-13,2023-04-13,TUR,Türkiye,HPAI,0.705,unverified,trade_alert,media,synthetic
BEACON-0002079,2023-04-13,2023-04-13,GEO,Georgia,HPAI,0.13,unverified,media_cluster,field,synthetic
BEACON-0002080,2023-04-12,2023-04-14,GEO,Georgia,HPAI,0.363,verified,media_cluster,official,synthetic
BEACON-0002081,2023-04-15,2023-04-17,EGY,Egypt,HPAI,0.108,unverified,unusual_mortality,media,synthetic
BEACON-0002082,2023-04-20,2023-04-21,FRA,France,HPAI,0.637,verified,unusual_mortality,media,synthetic
BEACON-0002083,2023-04-19,2023-04-20,DEU,Germany,HPAI,0.678,unverified,media_cluster,media,synthetic
BEACON-0002084,2023-04-20,2023-04-21,DEU,Germany,HPAI,0.55,verified,unusual_mortality,media;official,synthetic
BEACON-0002085,2023-04-21,2023-04-22,DEU,Germany,HPAI,0.242,unverified,unusual_mortality,media,synthetic
BEACON-0002086,2023-04-18,2023-04-19,NLD,Netherlands,HPAI,0.51,unverified,media_cluster,media;official,synthetic
BEACON-0002087,2023-04-20,2023-04-21,ESP,Spain,HPAI,0.707,unverified,trade_alert,media;official,synthetic
BEACON-0002088,2023-04-21,2023-04-23,POL,Poland,HPAI,0.801,unverified,unusual_mortality,media;official,synthetic
BEACON-0002089,2023-04-17,2023-04-18,HUN,Hungary,HPAI,0.291,verified,syndromic,media,synthetic
BEACON-0002090,2023-04-21,2023-04-23,SRB,Serbia,HPAI,0.493,verified,trade_alert,media,synthetic
BEACON-0002091,2023-04-21,2023-04-23,RUS,Russian Federation,HPAI,0.787,verified,trade_alert,media,synthetic
BEACON-0002092,2023-04-20,2023-04-20,ISR,Israel,HPAI,0.254,unverified,syndromic,media,synthetic
BEACON-0002093,2023-04-21,2023-04-22,EGY,Egypt,HPAI,0.3,unverified,unusual_mortality,media,synthetic
BEACON-0002094,2023-04-17,2023-04-17,MAR,Morocco,HPAI,0.522,unverified,trade_alert,official,synthetic
BEACON-0002095,2023-04-27,2023-04-29,NLD,Netherlands,HPAI,0.482,unverified,media_cluster,media;official,synthetic
BEACON-0002096,2023-04-27,2023-04-28,NLD,Netherlands,HPAI,0.793,unverified,unusual_mortality,official,synthetic
BEACON-0002097,2023-04-28,2023-04-30,NLD,Netherlands,HPAI,0.598,verified,unusual_mortality,media,synthetic
BEACON-0002098,2023-04-25,2023-04-25,BEL,Belgium,HPAI,0.559,unverified,unusual_mortality,media;official,synthetic
BEACON-0002099,2023-04-24,2023-04-25,ITA,Italy,HPAI,0.87,verified,media_cluster,official,synthetic
BEACON-0002100,2023-04-25,2023-04-25,HUN,Hungary,HPAI,0.493,verified,media_cluster,media;official,synthetic
BEACON-0002101,2023-04-27,2023-04-27,HUN,Hungary,HPAI,0.548,unverified,trade_alert,official,synthetic
BEACON-0002102,2023-04-29,2023-04-30,ROU,Romania,HPAI,0.543,verified,trade_alert,media,synthetic
BEACON-0002103,2023-04-24,2023-04-25,UKR,Ukraine,HPAI,0.297,unverified,media_cluster,official,synthetic
BEACON-0002104,2023-04-26,2023-04-28,MDA,Moldova,HPAI,0.586,unverified,unusual_mortality,media;official,synthetic
BEACON-0002105,2023-04-28,2023-04-28,TUR,Türkiye,HPAI,0.065,verified,syndromic,media,synthetic
BEACON-0002106,2023-05-03,2023-05-05,FRA,France,HPAI,0.536,unverified,unusual_mortality,media,synthetic
BEACON-0002107,2023-05-05,2023-05-05,DEU,Germany,HPAI,0.667,unverified,unusual_mortality,media;official,synthetic
BEACON-0002108,2023-05-01,2023-05-01,NLD,Netherlands,HPAI,0.558,verified,syndromic,official,synthetic
BEACON-0002109,2023-05-06,2023-05-07,NLD,Netherlands,HPAI,0.549,unverified,unusual_mortality,media,synthetic
BEACON-0002110,2023-05-06,2023-05-06,BEL,Belgium,HPAI,0.708,verified,syndromic,media;official,synthetic
BEACON-0002111,2023-05-01,2023-05-03,BEL,Belgium,HPAI,0.725,unverified,unusual_mortality,media;official,synthetic
BEACON-0002112,2023-05-04,2023-05-05,ITA,Italy,HPAI,0.101,verified,media_cluster,media;official,synthetic
BEACON-0002113,2023-05-05,2023-05-05,ESP,Spain,HPAI,0.221,unverified,unusual_mortality,media,synthetic
BEACON-0002114,2023-05-03,2023-05-05,ESP,Spain,HPAI,0.326,unverified,unusual_mortality,media,synthetic
BEACON-0002115,2023-05-02,2023-05-04,POL,Poland,HPAI,0.642,unverified,unusual_mortality,media,synthetic
BEACON-0002116,2023-05-01,2023-05-03,UKR,Ukraine,HPAI,0.235,unverified,unusual_mortality,media;official,synthetic
BEACON-0002117,2023-05-02,2023-05-04,TUR,Türkiye,HPAI,0.265,unverified,media_cluster,media;official,synthetic
BEACON-0002118,2023-05-05,2023-05-07,ISR,Israel,HPAI,0.654,verified,unusual_mortality,media,synthetic
BEACON-0002119,2023-05-03,2023-05-05,EGY,Egypt,HPAI,0.279,verified,syndromic,media;official,synthetic
BEACON-0002120,2023-05-05,2023-05-07,TUN,Tunisia,HPAI,0.405,unverified,syndromic,media,synthetic
BEACON-0002121,2023-05-01,2023-05-03,MAR,Morocco,HPAI,0.17,unverified,media_cluster,media,synthetic
BEACON-0002122,2023-05-10,2023-05-11,FRA,France,HPAI,0.27,unverified,trade_alert,official,synthetic
BEACON-0002123,2023-05-12,2023-05-12,DEU,Germany,HPAI,0.732,unverified,media_cluster,media,synthetic
BEACON-0002124,2023-05-09,2023-05-10,NLD,Netherlands,HPAI,1.0,unverified,unusual_mortality,media;official,synthetic
BEACON-0002125,2023-05-11,2023-05-11,NLD,Netherlands,HPAI,1.0,verified,media_cluster,media;official,synthetic
BEACON-0002126,2023-05-08,2023-05-09,NLD,Netherlands,HPAI,0.963,unverified,unusual_mortality,media,synthetic
BEACON-0002127,2023-05-13,2023-05-13,BEL,Belgium,HPAI,0.63,unverified,syndromic,media;official,synthetic
BEACON-0002128,2023-05-09,2023-05-10,BEL,Belgium,HPAI,0.514,verified,media_cluster,media,synthetic
BEACON-0002129,2023-05-12,2023-05-12,BEL,Belgium,HPAI,0.516,unverified,syndromic,media,synthetic
BEACON-0002130,2023-05-09,2023-05-10,POL,Poland,HPAI,0.395,verified,trade_alert,media,synthetic
BEACON-0002131,2023-05-12,2023-05-13,POL,Poland,HPAI,0.847,verified,unusual_mortality,media,synthetic
BEACON-0002132,2023-05-12,2023-05-14,POL,Poland,HPAI,0.354,verified,media_cluster,media,synthetic
BEACON-0002133,2023-05-09,2023-05-11,UKR,Ukraine,HPAI,0.258,verified,trade_alert,media,synthetic
BEACON-0002134,2023-05-08,2023-05-08,MDA,Moldova,HPAI,0.731,unverified,syndromic,field,synthetic
BEACON-0002135,2023-05-10,2023-05-10,MDA,Moldova,HPAI,0.555,verified,media_cluster,media,synthetic
BEACON-0002136,2023-05-17,2023-05-17,NLD,Netherlands,HPAI,0.435,verified,unusual_mortality,field,synthetic
BEACON-0002137,2023-05-18,2023-05-18,NLD,Netherlands,HPAI,0.974,verified,trade_alert,media;official,synthetic
BEACON-0002138,2023-05-15,2023-05-16,BEL,Belgium,HPAI,0.126,verified,unusual_mortality,media,synthetic
BEACON-0002139,2023-05-17,2023-05-19,HUN,Hungary,HPAI,0.467,verified,unusual_mortality,media,synthetic
BEACON-0002140,2023-05-16,2023-05-16,ROU,Romania,HPAI,0.562,unverified,trade_alert,media;official,synthetic
BEACON-0002141,2023-05-16,2023-05-16,RUS,Russian Federation,HPAI,0.685,verified,trade_alert,media,synthetic
BEACON-0002142,2023-05-15,2023-05-17,MAR,Morocco,HPAI,0.548,unverified,trade_alert,media,synthetic
BEACON-0002143,2023-05-23,2023-05-24,NLD,Netherlands,HPAI,0.416,verified,media_cluster,media;official,synthetic
BEACON-0002144,2023-05-22,2023-05-22,NLD,Netherlands,HPAI,0.428,unverified,unusual_mortality,official,synthetic
BEACON-0002145,2023-05-27,2023-05-28,BEL,Belgium,HPAI,0.391,unverified,trade_alert,media;official,synthetic
BEACON-0002146,2023-05-27,2023-05-28,BEL,Belgium,HPAI,0.717,verified,unusual_mortality,field,synthetic
BEACON-0002147,2023-05-24,2023-05-25,ITA,Italy,HPAI,0.716,unverified,unusual_mortality,official,synthetic
BEACON-0002148,2023-05-24,2023-05-25,ITA,Italy,HPAI,0.133,unverified,media_cluster,media;official,synthetic
BEACON-0002149,2023-05-26,2023-05-26,ESP,Spain,HPAI,0.157,verified,unusual_mortality,media;official,synthetic
BEACON-0002150,2023-05-26,2023-05-26,POL,Poland,HPAI,0.37,unverified,trade_alert,media,synthetic
BEACON-0002151,2023-05-24,2023-05-24,POL,Poland,HPAI,0.137,unverified,media_cluster,media;official,synthetic
BEACON-0002152,2023-05-23,2023-05-23,POL,Poland,HPAI,0.318,unverified,unusual_mortality,media,synthetic
BEACON-0002153,2023-05-22,2023-05-24,BGR,Bulgaria,HPAI,0.796,verified,unusual_mortality,official,synthetic
BEACON-0002154,2023-05-25,2023-05-27,UKR,Ukraine,HPAI,0.817,unverified,unusual_mortality,media,synthetic
BEACON-0002155,2023-05-24,2023-05-24,MDA,Moldova,HPAI,0.248,unverified,unusual_mortality,official,synthetic
BEACON-0002156,2023-05-23,2023-05-24,RUS,Russian Federation,HPAI,0.568,verified,syndromic,media,synthetic
BEACON-0002157,2023-05-25,2023-05-27,RUS,Russian Federation,HPAI,0.664,verified,unusual_mortality,media,synthetic
BEACON-0002158,2023-05-24,2023-05-25,GEO,Georgia,HPAI,0.444,unverified,unusual_mortality,media,synthetic
BEACON-0002159,2023-05-26,2023-05-27,ISR,Israel,HPAI,0.301,verified,media_cluster,media,synthetic
BEACON-0002160,2023-06-03,2023-06-05,DEU,Germany,HPAI,0.209,verified,unusual_mortality,field,synthetic
BEACON-0002161,2023-06-03,2023-06-05,NLD,Netherlands,HPAI,0.492,unverified,media_cluster,media;official,synthetic
BEACON-0002162,2023-05-30,2023-05-31,HUN,Hungary,HPAI,0.457,unverified,media_cluster,official,synthetic
BEACON-0002163,2023-06-02,2023-06-02,HUN,Hungary,HPAI,0.273,verified,media_cluster,media;official,synthetic
BEACON-0002164,2023-05-30,2023-06-01,ROU,Romania,HPAI,0.381,verified,media_cluster,official,synthetic
BEACON-0002165,2023-06-01,2023-06-03,SRB,Serbia,HPAI,0.271,verified,media_cluster,media,synthetic
BEACON-0002166,2023-05-30,2023-06-01,UKR,Ukraine,HPAI,0.329,unverified,unusual_mortality,media;official,synthetic
BEACON-0002167,2023-06-02,2023-06-04,GEO,Georgia,HPAI,0.599,unverified,media_cluster,media;official,synthetic
BEACON-0002168,2023-05-31,2023-05-31,ISR,Israel,HPAI,0.856,verified,unusual_mortality,media,synthetic
BEACON-0002169,2023-05-29,2023-05-29,ISR,Israel,HPAI,0.795,unverified,media_cluster,media,synthetic
BEACON-0002170,2023-06-03,2023-06-03,EGY,Egypt,HPAI,0.829,unverified,media_cluster,media,synthetic
BEACON-0002171,2023-06-01,2023-06-03,MAR,Morocco,HPAI,0.376,unverified,media_cluster,media,synthetic
BEACON-0002172,2023-06-10,2023-06-12,FRA,France,HPAI,0.308,unverified,unusual_mortality,field,synthetic
BEACON-0002173,2023-06-09,2023-06-09,BEL,Belgium,HPAI,0.732,unverified,media_cluster,field,synthetic
BEACON-0002174,2023-06-07,2023-06-09,BEL,Belgium,HPAI,0.096,verified,media_cluster,media;official,synthetic
BEACON-0002175,2023-06-07,2023-06-07,ESP,Spain,HPAI,0.259,unverified,media_cluster,media,synthetic
BEACON-0002176,2023-06-05,2023-06-06,HUN,Hungary,HPAI,0.448,unverified,unusual_mortality,media,synthetic
BEACON-0002177,2023-06-10,2023-06-12,ROU,Romania,HPAI,0.382,unverified,unusual_mortality,media,synthetic
BEACON-0002178,2023-06-08,2023-06-10,ROU,Romania,HPAI,0.17,verified,unusual_mortality,field,synthetic
BEACON-0002179,2023-06-09,2023-06-09,UKR,Ukraine,HPAI,0.339,unverified,unusual_mortality,media;official,synthetic
BEACON-0002180,2023-06-10,2023-06-12,ISR,Israel,HPAI,0.773,unverified,media_cluster,media;official,synthetic
BEACON-0002181,2023-06-09,2023-06-10,TUN,Tunisia,HPAI,0.434,verified,unusual_mortality,field,synthetic
BEACON-0002182,2023-06-10,2023-06-10,MAR,Morocco,HPAI,0.308,unverified,trade_alert,official,synthetic
BEACON-0002183,2023-06-13,2023-06-15,FRA,France,HPAI,0.569,unverified,unusual_mortality,media,synthetic
BEACON-0002184,2023-06-17,2023-06-17,FRA,France,HPAI,0.286,verified,media_cluster,media;official,synthetic
BEACON-0002185,2023-06-12,2023-06-14,NLD,Netherlands,HPAI,0.329,unverified,syndromic,media;official,synthetic
BEACON-0002186,2023-06-12,2023-06-13,NLD,Netherlands,HPAI,0.783,verified,trade_alert,media,synthetic
BEACON-0002187,2023-06-14,2023-06-14,ITA,Italy,HPAI,0.894,verified,media_cluster,media,synthetic
BEACON-0002188,2023-06-15,2023-06-15,ESP,Spain,HPAI,0.534,unverified,unusual_mortality,official,synthetic
BEACON-0002189,2023-06-12,2023-06-13,SRB,Serbia,HPAI,0.278,verified,unusual_mortality,official,synthetic
BEACON-0002190,2023-06-16,2023-06-17,RUS,Russian Federation,HPAI,0.526,unverified,syndromic,official,synthetic
BEACON-0002191,2023-06-17,2023-06-17,RUS,Russian Federation,HPAI,0.428,unverified,unusual_mortality,media,synthetic
BEACON-0002192,2023-06-16,2023-06-16,RUS,Russian Federation,HPAI,0.295,verified,syndromic,media,synthetic
BEACON-0002193,2023-06-14,2023-06-16,GEO,Georgia,HPAI,0.353,verified,media_cluster,media;official,synthetic
BEACON-0002194,2023-06-20,2023-06-22,DEU,Germany,HPAI,0.633,verified,syndromic,media;official,synthetic
BEACON-0002195,2023-06-19,2023-06-20,NLD,Netherlands,HPAI,0.252,unverified,unusual_mortality,media;official,synthetic
BEACON-0002196,2023-06-21,2023-06-21,BEL,Belgium,HPAI,0.247,verified,unusual_mortality,media,synthetic
BEACON-0002197,2023-06-23,2023-06-25,UKR,Ukraine,HPAI,0.504,unverified,media_cluster,media,synthetic
BEACON-0002198,2023-06-21,2023-06-22,UKR,Ukraine,HPAI,0.431,unverified,syndromic,media;official,synthetic
BEACON-0002199,2023-06-24,2023-06-26,RUS,Russian Federation,HPAI,0.356,verified,unusual_mortality,media,synthetic
BEACON-0002200,2023-06-22,2023-06-23,ISR,Israel,HPAI,0.219,unverified,unusual_mortality,media,synthetic
BEACON-0002201,2023-07-01,2023-07-03,NLD,Netherlands,HPAI,0.415,unverified,unusual_mortality,media,synthetic
BEACON-0002202,2023-06-27,2023-06-27,ITA,Italy,HPAI,0.358,verified,unusual_mortality,media,synthetic
BEACON-0002203,2023-07-01,2023-07-03,POL,Poland,HPAI,0.44,unverified,trade_alert,media,synthetic
BEACON-0002204,2023-06-29,2023-07-01,SRB,Serbia,HPAI,0.258,verified,media_cluster,media,synthetic
BEACON-0002205,2023-07-01,2023-07-03,SRB,Serbia,HPAI,0.414,verified,unusual_mortality,media,synthetic
BEACON-0002206,2023-07-01,2023-07-02,MDA,Moldova,HPAI,0.605,unverified,trade_alert,media,synthetic
BEACON-0002207,2023-06-27,2023-06-28,RUS,Russian Federation,HPAI,0.456,unverified,syndromic,media,synthetic
BEACON-0002208,2023-07-01,2023-07-02,TUR,Türkiye,HPAI,0.64,unverified,syndromic,media,synthetic
BEACON-0002209,2023-06-29,2023-07-01,ISR,Israel,HPAI,0.455,unverified,media_cluster,media;official,synthetic
BEACON-0002210,2023-06-28,2023-06-30,EGY,Egypt,HPAI,0.439,verified,trade_alert,media,synthetic
BEACON-0002211,2023-06-26,2023-06-28,MAR,Morocco,HPAI,0.364,unverified,syndromic,official,synthetic
BEACON-0002212,2023-06-27,2023-06-27,MAR,Morocco,HPAI,0.55,unverified,media_cluster,media,synthetic
BEACON-0002213,2023-07-03,2023-07-04,FRA,France,HPAI,0.351,verified,syndromic,media,synthetic
BEACON-0002214,2023-07-06,2023-07-07,HUN,Hungary,HPAI,0.5,unverified,media_cluster,media,synthetic
BEACON-0002215,2023-07-04,2023-07-06,ROU,Romania,HPAI,0.137,unverified,media_cluster,field,synthetic
BEACON-0002216,2023-07-08,2023-07-08,BGR,Bulgaria,HPAI,0.159,unverified,trade_alert,media,synthetic
BEACON-0002217,2023-07-07,2023-07-09,MDA,Moldova,HPAI,0.146,verified,trade_alert,media,synthetic
BEACON-0002218,2023-07-05,2023-07-06,TUR,Türkiye,HPAI,0.328,unverified,syndromic,media,synthetic
BEACON-0002219,2023-07-06,2023-07-08,ISR,Israel,HPAI,0.21,verified,unusual_mortality,media,synthetic
BEACON-0002220,2023-07-07,2023-07-09,MAR,Morocco,HPAI,0.541,verified,media_cluster,field,synthetic
BEACON-0002221,2023-07-08,2023-07-08,MAR,Morocco,HPAI,0.141,verified,media_cluster,media,synthetic
BEACON-0002222,2023-07-05,2023-07-05,MAR,Morocco,HPAI,0.37,unverified,unusual_mortality,media;official,synthetic
BEACON-0002223,2023-07-15,2023-07-16,ROU,Romania,HPAI,0.554,verified,unusual_mortality,media,synthetic
BEACON-0002224,2023-07-15,2023-07-16,TUR,Türkiye,HPAI,0.403,unverified,unusual_mortality,media,synthetic
BEACON-0002225,2023-07-15,2023-07-15,ISR,Israel,HPAI,0.419,verified,unusual_mortality,media,synthetic
BEACON-0002226,2023-07-14,2023-07-15,TUN,Tunisia,HPAI,0.625,unverified,media_cluster,field,synthetic
BEACON-0002227,2023-07-17,2023-07-19,BEL,Belgium,HPAI,0.438,unverified,media_cluster,media,synthetic
BEACON-0002228,2023-07-20,2023-07-21,TUR,Türkiye,HPAI,0.113,verified,media_cluster,official,synthetic
BEACON-0002229,2023-07-22,2023-07-22,EGY,Egypt,HPAI,0.592,verified,unusual_mortality,media,synthetic
BEACON-0002230,2023-07-25,2023-07-25,FRA,France,HPAI,0.486,verified,media_cluster,media,synthetic
BEACON-0002231,2023-07-28,2023-07-30,BEL,Belgium,HPAI,0.39,unverified,media_cluster,media,synthetic
BEACON-0002232,2023-07-26,2023-07-27,ITA,Italy,HPAI,0.371,verified,unusual_mortality,media,synthetic
BEACON-0002233,2023-07-25,2023-07-27,UKR,Ukraine,HPAI,0.17,unverified,media_cluster,media,synthetic
BEACON-0002234,2023-07-29,2023-07-29,MDA,Moldova,HPAI,0.361,unverified,syndromic,media;official,synthetic
BEACON-0002235,2023-07-24,2023-07-24,TUR,Türkiye,HPAI,0.075,unverified,media_cluster,media;official,synthetic
BEACON-0002236,2023-08-01,2023-08-02,POL,Poland,HPAI,0.277,unverified,media_cluster,media;official,synthetic
BEACON-0002237,2023-08-02,2023-08-02,MDA,Moldova,HPAI,0.35,verified,media_cluster,media;official,synthetic
BEACON-0002238,2023-08-02,2023-08-04,RUS,Russian Federation,HPAI,0.761,verified,unusual_mortality,media,synthetic
BEACON-0002239,2023-08-05,2023-08-06,GEO,Georgia,HPAI,0.473,unverified,unusual_mortality,media,synthetic
BEACON-0002240,2023-08-05,2023-08-06,TUN,Tunisia,HPAI,0.21,verified,media_cluster,official,synthetic
BEACON-0002241,2023-08-01,2023-08-03,MAR,Morocco,HPAI,0.291,unverified,media_cluster,media;official,synthetic
BEACON-0002242,2023-08-10,2023-08-11,FRA,France,HPAI,0.291,unverified,unusual_mortality,official,synthetic
BEACON-0002243,2023-08-10,2023-08-12,DEU,Germany,HPAI,0.16,unverified,media_cluster,media;official,synthetic
BEACON-0002244,2023-08-08,2023-08-08,BEL,Belgium,HPAI,0.179,unverified,unusual_mortality,media,synthetic
BEACON-0002245,2023-08-15,2023-08-16,FRA,France,HPAI,0.276,verified,unusual_mortality,media;official,synthetic
BEACON-0002246,2023-08-17,2023-08-19,FRA,France,HPAI,0.328,unverified,trade_alert,media,synthetic
BEACON-0002247,2023-08-17,2023-08-18,POL,Poland,HPAI,0.395,verified,syndromic,media;official,synthetic
BEACON-0002248,2023-08-19,2023-08-20,ROU,Romania,HPAI,0.344,verified,media_cluster,media;official,synthetic
BEACON-0002249,2023-08-19,2023-08-20,SRB,Serbia,HPAI,0.379,unverified,media_cluster,media,synthetic
BEACON-0002250,2023-08-16,2023-08-18,UKR,Ukraine,HPAI,0.301,unverified,syndromic,media,synthetic
BEACON-0002251,2023-08-16,2023-08-17,MDA,Moldova,HPAI,0.341,unverified,unusual_mortality,field,synthetic
BEACON-0002252,2023-08-18,2023-08-20,TUR,Türkiye,HPAI,0.462,verified,unusual_mortality,field,synthetic
BEACON-0002253,2023-08-18,2023-08-19,TUN,Tunisia,HPAI,0.793,unverified,unusual_mortality,media,synthetic
BEACON-0002254,2023-08-24,2023-08-26,NLD,Netherlands,HPAI,0.129,unverified,trade_alert,media;official,synthetic
BEACON-0002255,2023-08-22,2023-08-24,ITA,Italy,HPAI,0.304,verified,syndromic,official,synthetic
BEACON-0002256,2023-08-22,2023-08-24,HUN,Hungary,HPAI,0.444,verified,trade_alert,media,synthetic
BEACON-0002257,2023-08-21,2023-08-22,HUN,Hungary,HPAI,0.114,unverified,syndromic,official,synthetic
BEACON-0002258,2023-08-21,2023-08-21,HUN,Hungary,HPAI,0.425,verified,media_cluster,media,synthetic
BEACON-0002259,2023-08-22,2023-08-24,ROU,Romania,HPAI,0.412,verified,syndromic,media;official,synthetic
BEACON-0002260,2023-08-22,2023-08-22,SRB,Serbia,HPAI,0.38,unverified,media_cluster,media,synthetic
BEACON-0002261,2023-08-22,2023-08-23,RUS,Russian Federation,HPAI,0.473,unverified,unusual_mortality,media,synthetic
BEACON-0002262,2023-08-22,2023-08-24,RUS,Russian Federation,HPAI,0.564,verified,syndromic,media,synthetic
BEACON-0002263,2023-08-26,2023-08-27,TUR,Türkiye,HPAI,0.413,unverified,media_cluster,media,synthetic
BEACON-0002264,2023-08-23,2023-08-24,EGY,Egypt,HPAI,0.324,verified,media_cluster,media;official,synthetic
BEACON-0002265,2023-08-30,2023-08-30,NLD,Netherlands,HPAI,0.207,unverified,media_cluster,media,synthetic
BEACON-0002266,2023-08-28,2023-08-28,BEL,Belgium,HPAI,0.115,verified,unusual_mortality,media;official,synthetic
BEACON-0002267,2023-09-01,2023-09-01,ITA,Italy,HPAI,0.319,unverified,unusual_mortality,official,synthetic
BEACON-0002268,2023-08-28,2023-08-29,ESP,Spain,HPAI,0.474,unverified,media_cluster,field,synthetic
BEACON-0002269,2023-08-30,2023-08-30,SRB,Serbia,HPAI,0.522,verified,unusual_mortality,media,synthetic
BEACON-0002270,2023-08-28,2023-08-30,GEO,Georgia,HPAI,0.392,unverified,unusual_mortality,media;official,synthetic
BEACON-0002271,2023-08-29,2023-08-29,TUN,Tunisia,HPAI,0.293,verified,trade_alert,media;official,synthetic
BEACON-0002272,2023-09-08,2023-09-08,FRA,France,HPAI,0.262,unverified,trade_alert,media,synthetic
BEACON-0002273,2023-09-06,2023-09-06,FRA,France,HPAI,0.628,unverified,unusual_mortality,media,synthetic
BEACON-0002274,2023-09-08,2023-09-09,FRA,France,HPAI,0.139,unverified,unusual_mortality,media;official,synthetic
BEACON-0002275,2023-09-07,2023-09-09,DEU,Germany,HPAI,0.298,unverified,media_cluster,media;official,synthetic
BEACON-0002276,2023-09-04,2023-09-04,ESP,Spain,HPAI,0.145,unverified,trade_alert,media,synthetic
BEACON-0002277,2023-09-04,2023-09-06,POL,Poland,HPAI,0.073,unverified,media_cluster,media;official,synthetic
BEACON-0002278,2023-09-06,2023-09-06,HUN,Hungary,HPAI,0.471,unverified,media_cluster,media,synthetic
BEACON-0002279,2023-09-04,2023-09-04,HUN,Hungary,HPAI,0.082,verified,unusual_mortality,media,synthetic
BEACON-0002280,2023-09-04,2023-09-04,ROU,Romania,HPAI,0.396,unverified,syndromic,media,synthetic
BEACON-0002281,2023-09-06,2023-09-06,BGR,Bulgaria,HPAI,0.059,unverified,unusual_mortality,official,synthetic
BEACON-0002282,2023-09-09,2023-09-11,TUR,Türkiye,HPAI,0.412,unverified,unusual_mortality,media,synthetic
BEACON-0002283,2023-09-08,2023-09-09,GEO,Georgia,HPAI,0.316,verified,media_cluster,field,synthetic
BEACON-0002284,2023-09-06,2023-09-06,GEO,Georgia,HPAI,0.275,unverified,unusual_mortality,media,synthetic
BEACON-0002285,2023-09-04,2023-09-05,TUN,Tunisia,HPAI,0.544,unverified,media_cluster,official,synthetic
BEACON-0002286,2023-09-05,2023-09-06,MAR,Morocco,HPAI,0.285,verified,trade_alert,media;official,synthetic
BEACON-0002287,2023-09-11,2023-09-12,DEU,Germany,HPAI,0.4,verified,unusual_mortality,media,synthetic
BEACON-0002288,2023-09-11,2023-09-11,ESP,Spain,HPAI,0.564,unverified,media_cluster,media;official,synthetic
BEACON-0002289,2023-09-13,2023-09-13,ROU,Romania,HPAI,0.724,unverified,syndromic,media;official,synthetic
BEACON-0002290,2023-09-15,2023-09-15,TUR,Türkiye,HPAI,0.113,verified,unusual_mortality,media,synthetic
BEACON-0002291,2023-09-15,2023-09-16,GEO,Georgia,HPAI,0.388,unverified,media_cluster,media,synthetic
BEACON-0002292,2023-09-16,2023-09-17,TUN,Tunisia,HPAI,0.672,unverified,unusual_mortality,media,synthetic
BEACON-0002293,2023-09-15,2023-09-16,MAR,Morocco,HPAI,0.765,unverified,unusual_mortality,official,synthetic
BEACON-0002294,2023-09-18,2023-09-18,FRA,France,HPAI,0.077,unverified,unusual_mortality,media,synthetic
BEACON-0002295,2023-09-21,2023-09-23,DEU,Germany,HPAI,0.288,verified,syndromic,media,synthetic
BEACON-0002296,2023-09-22,2023-09-22,BEL,Belgium,HPAI,0.186,unverified,media_cluster,media;official,synthetic
BEACON-0002297,2023-09-19,2023-09-19,HUN,Hungary,HPAI,0.144,verified,syndromic,media,synthetic
BEACON-0002298,2023-09-19,2023-09-20,RUS,Russian Federation,HPAI,0.602,verified,unusual_mortality,media,synthetic
BEACON-0002299,2023-09-28,2023-09-30,ESP,Spain,HPAI,0.554,unverified,unusual_mortality,media,synthetic
BEACON-0002300,2023-09-25,2023-09-25,ESP,Spain,HPAI,0.186,verified,unusual_mortality,media,synthetic
BEACON-0002301,2023-09-30,2023-10-01,TUR,Türkiye,HPAI,0.66,verified,syndromic,media,synthetic
BEACON-0002302,2023-10-07,2023-10-09,BEL,Belgium,HPAI,0.884,verified,syndromic,media,synthetic
BEACON-0002303,2023-10-04,2023-10-06,ITA,Italy,HPAI,0.171,verified,media_cluster,media,synthetic
BEACON-0002304,2023-10-04,2023-10-04,ROU,Romania,HPAI,0.511,verified,syndromic,media;official,synthetic
BEACON-0002305,2023-10-03,2023-10-04,ROU,Romania,HPAI,0.645,unverified,unusual_mortality,official,synthetic
BEACON-0002306,2023-10-04,2023-10-05,UKR,Ukraine,HPAI,0.076,verified,media_cluster,media;official,synthetic
BEACON-0002307,2023-10-02,2023-10-03,GEO,Georgia,HPAI,0.665,unverified,unusual_mortality,media,synthetic
BEACON-0002308,2023-10-02,2023-10-03,GEO,Georgia,HPAI,0.103,unverified,media_cluster,media;official,synthetic
BEACON-0002309,2023-10-03,2023-10-04,TUN,Tunisia,HPAI,0.195,unverified,media_cluster,media,synthetic
BEACON-0002310,2023-10-03,2023-10-03,MAR,Morocco,HPAI,0.253,unverified,syndromic,official,synthetic
BEACON-0002311,2023-10-09,2023-10-09,BEL,Belgium,HPAI,0.498,unverified,media_cluster,media;official,synthetic
BEACON-0002312,2023-10-14,2023-10-16,BEL,Belgium,HPAI,0.433,unverified,media_cluster,media,synthetic
BEACON-0002313,2023-10-12,2023-10-13,BEL,Belgium,HPAI,0.148,unverified,unusual_mortality,media;official,synthetic
BEACON-0002314,2023-10-10,2023-10-12,ESP,Spain,HPAI,0.519,unverified,trade_alert,media,synthetic
BEACON-0002315,2023-10-13,2023-10-15,POL,Poland,HPAI,0.622,unverified,unusual_mortality,media,synthetic
BEACON-0002316,2023-10-13,2023-10-15,POL,Poland,HPAI,0.514,unverified,media_cluster,media;official,synthetic
BEACON-0002317,2023-10-10,2023-10-11,HUN,Hungary,HPAI,0.222,verified,media_cluster,media,synthetic
BEACON-0002318,2023-10-10,2023-10-10,BGR,Bulgaria,HPAI,0.612,unverified,unusual_mortality,field,synthetic
BEACON-0002319,2023-10-21,2023-10-22,DEU,Germany,HPAI,0.435,verified,unusual_mortality,media;official,synthetic
BEACON-0002320,2023-10-20,2023-10-22,BEL,Belgium,HPAI,0.311,unverified,media_cluster,media;official,synthetic
BEACON-0002321,2023-10-16,2023-10-16,ESP,Spain,HPAI,0.575,verified,media_cluster,official,synthetic
BEACON-0002322,2023-10-16,2023-10-18,POL,Poland,HPAI,0.141,unverified,syndromic,media,synthetic
BEACON-0002323,2023-10-16,2023-10-16,POL,Poland,HPAI,0.282,unverified,media_cluster,media,synthetic
BEACON-0002324,2023-10-21,2023-10-22,SRB,Serbia,HPAI,0.139,verified,trade_alert,media,synthetic
BEACON-0002325,2023-10-18,2023-10-18,TUR,Türkiye,HPAI,0.223,unverified,media_cluster,media,synthetic
BEACON-0002326,2023-10-18,2023-10-19,EGY,Egypt,HPAI,0.703,unverified,unusual_mortality,media,synthetic
BEACON-0002327,2023-10-21,2023-10-23,TUN,Tunisia,HPAI,0.021,unverified,media_cluster,media,synthetic
BEACON-0002328,2023-10-19,2023-10-19,TUN,Tunisia,HPAI,0.639,verified,unusual_mortality,media,synthetic
BEACON-0002329,2023-10-26,2023-10-26,FRA,France,HPAI,0.266,unverified,trade_alert,media,synthetic
BEACON-0002330,2023-10-25,2023-10-27,DEU,Germany,HPAI,0.098,verified,media_cluster,media;official,synthetic
BEACON-0002331,2023-10-26,2023-10-26,BEL,Belgium,HPAI,0.271,unverified,unusual_mortality,media;official,synthetic
BEACON-0002332,2023-10-27,2023-10-28,POL,Poland,HPAI,0.063,verified,media_cluster,official,synthetic
BEACON-0002333,2023-10-23,2023-10-23,POL,Poland,HPAI,0.351,unverified,trade_alert,official,synthetic
BEACON-0002334,2023-10-28,2023-10-28,POL,Poland,HPAI,0.364,verified,trade_alert,media;official,synthetic
BEACON-0002335,2023-10-26,2023-10-28,SRB,Serbia,HPAI,0.418,unverified,unusual_mortality,media,synthetic
BEACON-0002336,2023-10-26,2023-10-27,RUS,Russian Federation,HPAI,0.527,unverified,trade_alert,media,synthetic
BEACON-0002337,2023-10-23,2023-10-25,RUS,Russian Federation,HPAI,0.704,verified,syndromic,media;official,synthetic
BEACON-0002338,2023-10-23,2023-10-23,TUR,Türkiye,HPAI,0.469,unverified,media_cluster,media;official,synthetic
BEACON-0002339,2023-10-23,2023-10-24,ISR,Israel,HPAI,0.148,unverified,unusual_mortality,media,synthetic
BEACON-0002340,2023-10-28,2023-10-28,EGY,Egypt,HPAI,0.352,unverified,trade_alert,official,synthetic
BEACON-0002341,2023-10-25,2023-10-27,TUN,Tunisia,HPAI,0.502,verified,media_cluster,field,synthetic
BEACON-0002342,2023-10-27,2023-10-29,MAR,Morocco,HPAI,0.328,verified,trade_alert,media,synthetic
BEACON-0002343,2023-10-27,2023-10-29,MAR,Morocco,HPAI,0.127,verified,unusual_mortality,official,synthetic
BEACON-0002344,2023-11-01,2023-11-02,DEU,Germany,HPAI,0.519,unverified,media_cluster,field,synthetic
BEACON-0002345,2023-11-03,2023-11-03,DEU,Germany,HPAI,0.149,verified,unusual_mortality,media;official,synthetic
BEACON-0002346,2023-11-04,2023-11-04,NLD,Netherlands,HPAI,0.517,unverified,unusual_mortality,media,synthetic
BEACON-0002347,2023-11-02,2023-11-04,NLD,Netherlands,HPAI,0.472,verified,unusual_mortality,media;official,synthetic
BEACON-0002348,2023-11-04,2023-11-06,ITA,Italy,HPAI,0.385,unverified,syndromic,field,synthetic
BEACON-0002349,2023-11-03,2023-11-05,ITA,Italy,HPAI,0.721,unverified,unusual_mortality,field,synthetic
BEACON-0002350,2023-11-02,2023-11-02,ESP,Spain,HPAI,0.207,unverified,trade_alert,media,synthetic
BEACON-0002351,2023-11-04,2023-11-06,POL,Poland,HPAI,0.186,verified,media_cluster,media,synthetic
BEACON-0002352,2023-10-31,2023-10-31,SRB,Serbia,HPAI,0.199,unverified,media_cluster,media,synthetic
BEACON-0002353,2023-11-01,2023-11-02,SRB,Serbia,HPAI,0.182,unverified,unusual_mortality,field,synthetic
BEACON-0002354,2023-10-30,2023-10-31,UKR,Ukraine,HPAI,0.38,verified,syndromic,media,synthetic
BEACON-0002355,2023-11-03,2023-11-03,UKR,Ukraine,HPAI,0.298,unverified,syndromic,field,synthetic
BEACON-0002356,2023-10-30,2023-11-01,RUS,Russian Federation,HPAI,0.247,verified,unusual_mortality,media,synthetic
BEACON-0002357,2023-11-01,2023-11-03,EGY,Egypt,HPAI,0.872,unverified,unusual_mortality,media;official,synthetic
BEACON-0002358,2023-11-11,2023-11-13,FRA,France,HPAI,0.394,unverified,unusual_mortality,media,synthetic
BEACON-0002359,2023-11-08,2023-11-08,DEU,Germany,HPAI,0.161,unverified,media_cluster,media,synthetic
BEACON-0002360,2023-11-09,2023-11-10,DEU,Germany,HPAI,0.197,verified,media_cluster,media;official,synthetic
BEACON-0002361,2023-11-07,2023-11-07,DEU,Germany,HPAI,0.396,unverified,media_cluster,official,synthetic
BEACON-0002362,2023-11-08,2023-11-10,NLD,Netherlands,HPAI,0.878,unverified,unusual_mortality,field,synthetic
BEACON-0002363,2023-11-06,2023-11-08,ITA,Italy,HPAI,0.364,unverified,syndromic,media,synthetic
BEACON-0002364,2023-11-06,2023-11-06,ESP,Spain,HPAI,0.524,verified,unusual_mortality,media,synthetic
BEACON-0002365,2023-11-10,2023-11-10,POL,Poland,HPAI,0.308,unverified,media_cluster,media;official,synthetic
BEACON-0002366,2023-11-06,2023-11-06,ROU,Romania,HPAI,0.444,unverified,unusual_mortality,media;official,synthetic
BEACON-0002367,2023-11-08,2023-11-10,RUS,Russian Federation,HPAI,0.633,unverified,unusual_mortality,media,synthetic
BEACON-0002368,2023-11-07,2023-11-08,TUR,Türkiye,HPAI,0.018,unverified,unusual_mortality,media,synthetic
BEACON-0002369,2023-11-11,2023-11-11,ISR,Israel,HPAI,0.459,verified,trade_alert,official,synthetic
BEACON-0002370,2023-11-11,2023-11-13,EGY,Egypt,HPAI,0.272,unverified,media_cluster,media,synthetic
BEACON-0002371,2023-11-11,2023-11-12,EGY,Egypt,HPAI,0.5,verified,syndromic,media;official,synthetic
BEACON-0002372,2023-11-06,2023-11-07,TUN,Tunisia,HPAI,0.46,verified,media_cluster,media,synthetic
BEACON-0002373,2023-11-16,2023-11-16,FRA,France,HPAI,1.0,unverified,media_cluster,field,synthetic
BEACON-0002374,2023-11-17,2023-11-17,FRA,France,HPAI,0.972,unverified,media_cluster,field,synthetic
BEACON-0002375,2023-11-16,2023-11-17,FRA,France,HPAI,0.738,verified,media_cluster,media;official,synthetic
BEACON-0002376,2023-11-17,2023-11-19,DEU,Germany,HPAI,0.415,verified,media_cluster,field,synthetic
BEACON-0002377,2023-11-13,2023-11-14,DEU,Germany,HPAI,0.37,verified,unusual_mortality,media;official,synthetic
BEACON-0002378,2023-11-15,2023-11-16,DEU,Germany,HPAI,0.506,verified,unusual_mortality,media,synthetic
BEACON-0002379,2023-11-15,2023-11-15,DEU,Germany,HPAI,0.37,unverified,syndromic,media,synthetic
BEACON-0002380,2023-11-13,2023-11-15,NLD,Netherlands,HPAI,0.378,unverified,unusual_mortality,official,synthetic
BEACON-0002381,2023-11-14,2023-11-15,BEL,Belgium,HPAI,0.467,unverified,unusual_mortality,media,synthetic
BEACON-0002382,2023-11-16,2023-11-17,BEL,Belgium,HPAI,0.293,unverified,unusual_mortality,media,synthetic
BEACON-0002383,2023-11-14,2023-11-14,BEL,Belgium,HPAI,0.223,verified,unusual_mortality,media,synthetic
BEACON-0002384,2023-11-13,2023-11-15,POL,Poland,HPAI,0.187,unverified,media_cluster,media;official,synthetic
BEACON-0002385,2023-11-17,2023-11-19,POL,Poland,HPAI,0.128,verified,unusual_mortality,media,synthetic
BEACON-0002386,2023-11-14,2023-11-16,ROU,Romania,HPAI,0.555,unverified,unusual_mortality,media;official,synthetic
BEACON-0002387,2023-11-13,2023-11-13,BGR,Bulgaria,HPAI,0.583,unverified,media_cluster,media;official,synthetic
BEACON-0002388,2023-11-16,2023-11-16,RUS,Russian Federation,HPAI,0.617,unverified,media_cluster,official,synthetic
BEACON-0002389,2023-11-17,2023-11-19,TUR,Türkiye,HPAI,0.329,unverified,syndromic,official,synthetic
BEACON-0002390,2023-11-14,2023-11-15,ISR,Israel,HPAI,0.369,unverified,unusual_mortality,media,synthetic
BEACON-0002391,2023-11-22,2023-11-24,FRA,France,HPAI,0.577,unverified,media_cluster,media,synthetic
BEACON-0002392,2023-11-20,2023-11-20,DEU,Germany,HPAI,1.0,unverified,media_cluster,media,synthetic
BEACON-0002393,2023-11-24,2023-11-26,DEU,Germany,HPAI,0.883,verified,trade_alert,media;official,synthetic
BEACON-0002394,2023-11-21,2023-11-23,DEU,Germany,HPAI,0.765,verified,unusual_mortality,media;official,synthetic
BEACON-0002395,2023-11-23,2023-11-24,NLD,Netherlands,HPAI,1.0,verified,unusual_mortality,media,synthetic
BEACON-0002396,2023-11-21,2023-11-23,NLD,Netherlands,HPAI,1.0,unverified,syndromic,media,synthetic
BEACON-0002397,2023-11-20,2023-11-20,NLD,Netherlands,HPAI,0.655,unverified,unusual_mortality,field,synthetic
BEACON-0002398,2023-11-24,2023-11-26,NLD,Netherlands,HPAI,0.405,verified,media_cluster,media,synthetic
BEACON-0002399,2023-11-23,2023-11-23,BEL,Belgium,HPAI,0.552,unverified,media_cluster,media,synthetic
BEACON-0002400,2023-11-25,2023-11-26,ITA,Italy,HPAI,0.917,unverified,media_cluster,media,synthetic
BEACON-0002401,2023-11-20,2023-11-21,ITA,Italy,HPAI,1.0,unverified,media_cluster,field,synthetic
BEACON-0002402,2023-11-21,2023-11-21,ITA,Italy,HPAI,0.702,unverified,trade_alert,media,synthetic
BEACON-0002403,2023-11-24,2023-11-25,ITA,Italy,HPAI,0.558,verified,media_cluster,media,synthetic
BEACON-0002404,2023-11-23,2023-11-24,ITA,Italy,HPAI,0.709,unverified,media_cluster,official,synthetic
BEACON-0002405,2023-11-21,2023-11-21,ESP,Spain,HPAI,0.851,verified,syndromic,media,synthetic
BEACON-0002406,2023-11-20,2023-11-20,POL,Poland,HPAI,0.442,unverified,media_cluster,media;official,synthetic
BEACON-0002407,2023-11-20,2023-11-22,POL,Poland,HPAI,0.541,unverified,unusual_mortality,media;official,synthetic
BEACON-0002408,2023-11-21,2023-11-22,ROU,Romania,HPAI,0.175,verified,unusual_mortality,media,synthetic
BEACON-0002409,2023-11-20,2023-11-21,MDA,Moldova,HPAI,0.774,unverified,media_cluster,media;official,synthetic
BEACON-0002410,2023-11-21,2023-11-23,MDA,Moldova,HPAI,0.403,unverified,unusual_mortality,media,synthetic
BEACON-0002411,2023-11-23,2023-11-25,RUS,Russian Federation,HPAI,0.42,verified,syndromic,media;official,synthetic
BEACON-0002412,2023-11-24,2023-11-25,RUS,Russian Federation,HPAI,0.427,unverified,unusual_mortality,media,synthetic
BEACON-0002413,2023-11-22,2023-11-23,TUR,Türkiye,HPAI,0.454,unverified,media_cluster,media,synthetic
BEACON-0002414,2023-12-02,2023-12-03,FRA,France,HPAI,1.0,verified,unusual_mortality,media,synthetic
BEACON-0002415,2023-12-01,2023-12-01,FRA,France,HPAI,1.0,unverified,unusual_mortality,media;official,synthetic
BEACON-0002416,2023-12-01,2023-12-02,FRA,France,HPAI,1.0,unverified,unusual_mortality,media;official,synthetic
BEACON-0002417,2023-12-01,2023-12-03,FRA,France,HPAI,1.0,unverified,syndromic,media;official,synthetic
BEACON-0002418,2023-11-30,2023-12-01,FRA,France,HPAI,0.839,unverified,unusual_mortality,media,synthetic
BEACON-0002419,2023-12-02,2023-12-03,DEU,Germany,HPAI,1.0,unverified,trade_alert,media,synthetic
BEACON-0002420,2023-11-30,2023-12-02,NLD,Netherlands,HPAI,0.81,unverified,trade_alert,media,synthetic
BEACON-0002421,2023-12-01,2023-12-01,NLD,Netherlands,HPAI,0.537,unverified,trade_alert,media;official,synthetic
BEACON-0002422,2023-12-02,2023-12-02,NLD,Netherlands,HPAI,0.97,verified,syndromic,media,synthetic
BEACON-0002423,2023-11-30,2023-12-01,BEL,Belgium,HPAI,0.852,unverified,syndromic,media,synthetic
BEACON-0002424,2023-11-28,2023-11-28,BEL,Belgium,HPAI,0.672,unverified,trade_alert,media,synthetic
BEACON-0002425,2023-12-02,2023-12-03,BEL,Belgium,HPAI,0.867,unverified,unusual_mortality,media;official,synthetic
BEACON-0002426,2023-11-28,2023-11-28,BEL,Belgium,HPAI,1.0,unverified,media_cluster,media;official,synthetic
BEACON-0002427,2023-12-01,2023-12-01,ITA,Italy,HPAI,1.0,unverified,trade_alert,field,synthetic
BEACON-0002428,2023-12-02,2023-12-03,POL,Poland,HPAI,0.741,unverified,unusual_mortality,media;official,synthetic
BEACON-0002429,2023-12-02,2023-12-02,HUN,Hungary,HPAI,0.83,verified,unusual_mortality,media;official,synthetic
BEACON-0002430,2023-11-30,2023-12-02,HUN,Hungary,HPAI,0.311,verified,unusual_mortality,field,synthetic
BEACON-0002431,2023-11-30,2023-11-30,BGR,Bulgaria,HPAI,0.352,unverified,media_cluster,media;official,synthetic
BEACON-0002432,2023-11-30,2023-12-01,UKR,Ukraine,HPAI,0.659,verified,media_cluster,media,synthetic
BEACON-0002433,2023-12-01,2023-12-01,UKR,Ukraine,HPAI,0.287,unverified,syndromic,media;official,synthetic
BEACON-0002434,2023-11-30,2023-11-30,MDA,Moldova,HPAI,0.789,verified,unusual_mortality,media,synthetic
BEACON-0002435,2023-11-30,2023-12-01,MDA,Moldova,HPAI,0.541,verified,media_cluster,media,synthetic
BEACON-0002436,2023-11-28,2023-11-29,MDA,Moldova,HPAI,0.265,verified,trade_alert,field,synthetic
BEACON-0002437,2023-11-27,2023-11-27,ISR,Israel,HPAI,0.543,unverified,unusual_mortality,media,synthetic
BEACON-0002438,2023-11-29,2023-11-29,EGY,Egypt,HPAI,0.299,verified,media_cluster,media,synthetic
BEACON-0002439,2023-11-28,2023-11-28,TUN,Tunisia,HPAI,0.274,unverified,syndromic,media;official,synthetic
BEACON-0002440,2023-11-27,2023-11-28,TUN,Tunisia,HPAI,0.744,verified,syndromic,media;official,synthetic
BEACON-0002441,2023-12-07,2023-12-07,FRA,France,HPAI,0.826,unverified,media_cluster,media,synthetic
BEACON-0002442,2023-12-09,2023-12-11,FRA,France,HPAI,1.0,unverified,media_cluster,media,synthetic
BEACON-0002443,2023-12-09,2023-12-09,FRA,France,HPAI,1.0,unverified,media_cluster,media,synthetic
BEACON-0002444,2023-12-04,2023-12-05,FRA,France,HPAI,1.0,unverified,media_cluster,official,synthetic
BEACON-0002445,2023-12-06,2023-12-07,DEU,Germany,HPAI,0.601,unverified,unusual_mortality,media,synthetic
BEACON-0002446,2023-12-04,2023-12-04,DEU,Germany,HPAI,1.0,verified,syndromic,media,synthetic
BEACON-0002447,2023-12-05,2023-12-05,BEL,Belgium,HPAI,0.683,unverified,unusual_mortality,official,synthetic
BEACON-0002448,2023-12-06,2023-12-08,BEL,Belgium,HPAI,0.496,unverified,unusual_mortality,field,synthetic
BEACON-0002449,2023-12-06,2023-12-06,ITA,Italy,HPAI,0.904,verified,media_cluster,field,synthetic
BEACON-0002450,2023-12-08,2023-12-10,ITA,Italy,HPAI,1.0,unverified,syndromic,official,synthetic
BEACON-0002451,2023-12-06,2023-12-08,ITA,Italy,HPAI,1.0,verified,unusual_mortality,official,synthetic
BEACON-0002452,2023-12-08,2023-12-10,ITA,Italy,HPAI,0.797,unverified,unusual_mortality,media,synthetic
BEACON-0002453,2023-12-09,2023-12-10,ESP,Spain,HPAI,0.625,verified,unusual_mortality,media,synthetic
BEACON-0002454,2023-12-04,2023-12-05,ESP,Spain,HPAI,0.759,unverified,media_cluster,media;official,synthetic
BEACON-0002455,2023-12-09,2023-12-11,ESP,Spain,HPAI,0.72,unverified,unusual_mortality,media,synthetic
BEACON-0002456,2023-12-08,2023-12-09,POL,Poland,HPAI,0.28,verified,syndromic,media;official,synthetic
BEACON-0002457,2023-12-07,2023-12-08,HUN,Hungary,HPAI,0.854,unverified,unusual_mortality,media,synthetic
BEACON-0002458,2023-12-08,2023-12-10,HUN,Hungary,HPAI,0.908,unverified,media_cluster,media,synthetic
BEACON-0002459,2023-12-08,2023-12-09,ROU,Romania,HPAI,0.554,verified,media_cluster,official,synthetic
BEACON-0002460,2023-12-05,2023-12-05,SRB,Serbia,HPAI,0.866,verified,unusual_mortality,media,synthetic
BEACON-0002461,2023-12-04,2023-12-04,UKR,Ukraine,HPAI,0.564,unverified,unusual_mortality,media,synthetic
BEACON-0002462,2023-12-06,2023-12-07,MDA,Moldova,HPAI,0.315,unverified,unusual_mortality,media,synthetic
BEACON-0002463,2023-12-06,2023-12-06,RUS,Russian Federation,HPAI,0.19,unverified,media_cluster,media,synthetic
BEACON-0002464,2023-12-04,2023-12-06,EGY,Egypt,HPAI,0.399,unverified,unusual_mortality,official,synthetic
BEACON-0002465,2023-12-07,2023-12-08,TUN,Tunisia,HPAI,0.323,unverified,media_cluster,official,synthetic
BEACON-0002466,2023-12-07,2023-12-08,TUN,Tunisia,HPAI,0.405,verified,unusual_mortality,field,synthetic
BEACON-0002467,2023-12-05,2023-12-06,MAR,Morocco,HPAI,0.712,verified,syndromic,media,synthetic
BEACON-0002468,2023-12-05,2023-12-05,MAR,Morocco,HPAI,0.576,unverified,unusual_mortality,media,synthetic
BEACON-0002469,2023-12-05,2023-12-06,MAR,Morocco,HPAI,0.491,verified,syndromic,media,synthetic
BEACON-0002470,2023-12-14,2023-12-14,FRA,France,HPAI,1.0,verified,media_cluster,official,synthetic
BEACON-0002471,2023-12-16,2023-12-18,FRA,France,HPAI,1.0,unverified,media_cluster,media;official,synthetic
BEACON-0002472,2023-12-11,2023-12-13,FRA,France,HPAI,1.0,verified,media_cluster,media,synthetic
BEACON-0002473,2023-12-12,2023-12-12,FRA,France,HPAI,1.0,unverified,syndromic,field,synthetic
BEACON-0002474,2023-12-13,2023-12-13,FRA,France,HPAI,1.0,unverified,syndromic,media;official,synthetic
BEACON-0002475,2023-12-15,2023-12-15,FRA,France,HPAI,1.0,unverified,unusual_mortality,media,synthetic
BEACON-0002476,2023-12-16,2023-12-17,FRA,France,HPAI,1.0,unverified,media_cluster,media;official,synthetic
BEACON-0002477,2023-12-15,2023-12-17,DEU,Germany,HPAI,1.0,verified,media_cluster,media,synthetic
BEACON-0002478,2023-12-15,2023-12-17,DEU,Germany,HPAI,0.939,unverified,media_cluster,media;official,synthetic
BEACON-0002479,2023-12-11,2023-12-12,DEU,Germany,HPAI,1.0,unverified,media_cluster,media,synthetic
BEACON-0002480,2023-12-13,2023-12-15,DEU,Germany,HPAI,1.0,unverified,media_cluster,media,synthetic
BEACON-0002481,2023-12-11,2023-12-13,DEU,Germany,HPAI,1.0,verified,unusual_mortality,media;official,synthetic
BEACON-0002482,2023-12-16,2023-12-17,NLD,Netherlands,HPAI,0.529,unverified,media_cluster,field,synthetic
BEACON-0002483,2023-12-13,2023-12-15,BEL,Belgium,HPAI,1.0,verified,trade_alert,official,synthetic
BEACON-0002484,2023-12-11,2023-12-13,BEL,Belgium,HPAI,0.666,unverified,unusual_mortality,media;official,synthetic
BEACON-0002485,2023-12-16,2023-12-18,ITA,Italy,HPAI,0.814,unverified,unusual_mortality,media;official,synthetic
BEACON-0002486,2023-12-13,2023-12-13,ITA,Italy,HPAI,1.0,verified,syndromic,official,synthetic
BEACON-0002487,2023-12-11,2023-12-12,ITA,Italy,HPAI,1.0,verified,syndromic,media,synthetic
BEACON-0002488,2023-12-14,2023-12-14,ITA,Italy,HPAI,0.884,unverified,unusual_mortality,media;official,synthetic
BEACON-0002489,2023-12-14,2023-12-14,ITA,Italy,HPAI,0.984,verified,trade_alert,media;official,synthetic
BEACON-0002490,2023-12-16,2023-12-18,ESP,Spain,HPAI,1.0,verified,media_cluster,media,synthetic
BEACON-0002491,2023-12-13,2023-12-15,ESP,Spain,HPAI,1.0,unverified,unusual_mortality,media,synthetic
BEACON-0002492,2023-12-14,2023-12-15,POL,Poland,HPAI,0.618,verified,unusual_mortality,media;official,synthetic
BEACON-0002493,2023-12-12,2023-12-13,POL,Poland,HPAI,0.294,verified,media_cluster,field,synthetic
BEACON-0002494,2023-12-16,2023-12-16,BGR,Bulgaria,HPAI,0.807,verified,media_cluster,official,synthetic
BEACON-0002495,2023-12-15,2023-12-15,BGR,Bulgaria,HPAI,0.836,unverified,unusual_mortality,official,synthetic
BEACON-0002496,2023-12-12,2023-12-14,SRB,Serbia,HPAI,0.812,verified,trade_alert,media,synthetic
BEACON-0002497,2023-12-14,2023-12-16,SRB,Serbia,HPAI,1.0,unverified,unusual_mortality,media;official,synthetic
BEACON-0002498,2023-12-11,2023-12-13,SRB,Serbia,HPAI,1.0,verified,media_cluster,media;official,synthetic
BEACON-0002499,2023-12-12,2023-12-12,MDA,Moldova,HPAI,0.431,unverified,media_cluster,media,synthetic
BEACON-0002500,2023-12-15,2023-12-16,MDA,Moldova,HPAI,0.579,verified,unusual_mortality,official,synthetic
BEACON-0002501,2023-12-12,2023-12-12,MDA,Moldova,HPAI,0.9,unverified,unusual_mortality,official,synthetic
BEACON-0002502,2023-12-12,2023-12-12,GEO,Georgia,HPAI,0.627,verified,media_cluster,official,synthetic
BEACON-0002503,2023-12-13,2023-12-14,MAR,Morocco,HPAI,0.571,unverified,unusual_mortality,media,synthetic
BEACON-0002504,2023-12-23,2023-12-25,FRA,France,HPAI,1.0,unverified,unusual_mortality,media;official,synthetic
BEACON-0002505,2023-12-19,2023-12-21,FRA,France,HPAI,1.0,verified,media_cluster,field,synthetic
BEACON-0002506,2023-12-22,2023-12-23,FRA,France,HPAI,1.0,verified,trade_alert,media;official,synthetic
BEACON-0002507,2023-12-20,2023-12-21,FRA,France,HPAI,1.0,unverified,syndromic,media,synthetic
BEACON-0002508,2023-12-21,2023-12-22,FRA,France,HPAI,1.0,unverified,syndromic,media,synthetic
BEACON-0002509,2023-12-19,2023-12-20,FRA,France,HPAI,1.0,unverified,syndromic,official,synthetic
BEACON-0002510,2023-12-18,2023-12-19,FRA,France,HPAI,1.0,verified,unusual_mortality,media,synthetic
BEACON-0002511,2023-12-20,2023-12-20,DEU,Germany,HPAI,0.909,unverified,syndromic,media;official,synthetic
BEACON-0002512,2023-12-23,2023-12-23,DEU,Germany,HPAI,0.964,unverified,unusual_mortality,media,synthetic
BEACON-0002513,2023-12-20,2023-12-21,DEU,Germany,HPAI,0.989,unverified,unusual_mortality,media,synthetic
BEACON-0002514,2023-12-23,2023-12-24,NLD,Netherlands,HPAI,0.982,unverified,unusual_mortality,official,synthetic
BEACON-0002515,2023-12-22,2023-12-23,BEL,Belgium,HPAI,1.0,unverified,media_cluster,media,synthetic
BEACON-0002516,2023-12-21,2023-12-23,ITA,Italy,HPAI,1.0,unverified,media_cluster,media;official,synthetic
BEACON-0002517,2023-12-23,2023-12-25,ITA,Italy,HPAI,1.0,verified,unusual_mortality,media,synthetic
BEACON-0002518,2023-12-23,2023-12-25,ITA,Italy,HPAI,0.848,unverified,media_cluster,media;official,synthetic
BEACON-0002519,2023-12-21,2023-12-21,ESP,Spain,HPAI,0.546,verified,media_cluster,media;official,synthetic
BEACON-0002520,2023-12-18,2023-12-20,ESP,Spain,HPAI,1.0,unverified,media_cluster,media,synthetic
BEACON-0002521,2023-12-21,2023-12-22,ESP,Spain,HPAI,0.452,unverified,media_cluster,official,synthetic
BEACON-0002522,2023-12-21,2023-12-21,POL,Poland,HPAI,0.676,unverified,unusual_mortality,media;official,synthetic
BEACON-0002523,2023-12-18,2023-12-20,HUN,Hungary,HPAI,0.685,unverified,media_cluster,media;official,synthetic
BEACON-0002524,2023-12-23,2023-12-25,SRB,Serbia,HPAI,0.774,verified,syndromic,field,synthetic
BEACON-0002525,2023-12-23,2023-12-25,SRB,Serbia,HPAI,0.77,unverified,syndromic,official,synthetic
BEACON-0002526,2023-12-21,2023-12-23,UKR,Ukraine,HPAI,0.378,unverified,unusual_mortality,media;official,synthetic
BEACON-0002527,2023-12-19,2023-12-20,MDA,Moldova,HPAI,0.367,verified,media_cluster,media,synthetic
BEACON-0002528,2023-12-22,2023-12-23,RUS,Russian Federation,HPAI,0.336,unverified,media_cluster,media,synthetic
BEACON-0002529,2023-12-21,2023-12-22,GEO,Georgia,HPAI,0.408,unverified,media_cluster,media;official,synthetic
BEACON-0002530,2023-12-23,2023-12-25,ISR,Israel,HPAI,0.206,verified,unusual_mortality,field,synthetic
BEACON-0002531,2023-12-19,2023-12-19,ISR,Israel,HPAI,0.312,unverified,syndromic,media,synthetic
BEACON-0002532,2023-12-18,2023-12-19,TUN,Tunisia,HPAI,0.717,unverified,media_cluster,media,synthetic
BEACON-0002533,2023-12-22,2023-12-22,MAR,Morocco,HPAI,0.695,unverified,unusual_mortality,media,synthetic
BEACON-0002534,2023-12-29,2023-12-31,DEU,Germany,HPAI,0.432,verified,unusual_mortality,official,synthetic
BEACON-0002535,2023-12-26,2023-12-27,BEL,Belgium,HPAI,0.871,verified,media_cluster,media,synthetic
BEACON-0002536,2023-12-28,2023-12-28,BEL,Belgium,HPAI,0.64,unverified,media_cluster,media;official,synthetic
BEACON-0002537,2023-12-28,2023-12-28,ITA,Italy,HPAI,1.0,unverified,unusual_mortality,media,synthetic
BEACON-0002538,2023-12-26,2023-12-28,ITA,Italy,HPAI,1.0,unverified,media_cluster,media,synthetic
BEACON-0002539,2023-12-30,2023-12-31,ITA,Italy,HPAI,1.0,unverified,unusual_mortality,official,synthetic
BEACON-0002540,2023-12-26,2023-12-26,ESP,Spain,HPAI,1.0,unverified,media_cluster,media,synthetic
BEACON-0002541,2023-12-25,2023-12-26,POL,Poland,HPAI,0.652,verified,media_cluster,media,synthetic
BEACON-0002542,2023-12-29,2023-12-29,ROU,Romania,HPAI,0.701,unverified,unusual_mortality,media,synthetic
BEACON-0002543,2023-12-29,2023-12-31,ROU,Romania,HPAI,0.43,verified,trade_alert,media,synthetic
BEACON-0002544,2023-12-28,2023-12-28,BGR,Bulgaria,HPAI,0.54,unverified,trade_alert,field,synthetic
BEACON-0002545,2023-12-28,2023-12-29,BGR,Bulgaria,HPAI,0.604,unverified,syndromic,media,synthetic
BEACON-0002546,2023-12-25,2023-12-26,BGR,Bulgaria,HPAI,0.833,unverified,media_cluster,media;official,synthetic
BEACON-0002547,2023-12-25,2023-12-25,UKR,Ukraine,HPAI,0.372,verified,unusual_mortality,media,synthetic
BEACON-0002548,2023-12-28,2023-12-30,UKR,Ukraine,HPAI,0.655,verified,unusual_mortality,field,synthetic
BEACON-0002549,2023-12-27,2023-12-28,MDA,Moldova,HPAI,0.535,unverified,media_cluster,field,synthetic
BEACON-0002550,2023-12-29,2023-12-31,MDA,Moldova,HPAI,0.802,verified,media_cluster,media,synthetic
BEACON-0002551,2023-12-28,2023-12-30,MDA,Moldova,HPAI,0.851,verified,unusual_mortality,field,synthetic
BEACON-0002552,2023-12-26,2023-12-28,RUS,Russian Federation,HPAI,0.331,unverified,media_cluster,media,synthetic
BEACON-0002553,2023-12-29,2023-12-29,TUR,Türkiye,HPAI,0.348,unverified,media_cluster,field,synthetic
BEACON-0002554,2024-01-06,2024-01-08,FRA,France,HPAI,0.748,unverified,media_cluster,media;official,synthetic
BEACON-0002555,2024-01-05,2024-01-05,FRA,France,HPAI,0.488,verified,unusual_mortality,field,synthetic
BEACON-0002556,2024-01-06,2024-01-07,FRA,France,HPAI,0.642,verified,media_cluster,field,synthetic
BEACON-0002557,2024-01-02,2024-01-03,FRA,France,HPAI,1.0,unverified,syndromic,media,synthetic
BEACON-0002558,2024-01-06,2024-01-08,DEU,Germany,HPAI,0.475,unverified,trade_alert,media,synthetic
BEACON-0002559,2024-01-03,2024-01-03,NLD,Netherlands,HPAI,0.776,unverified,media_cluster,media;official,synthetic
BEACON-0002560,2024-01-03,2024-01-05,BEL,Belgium,HPAI,0.466,unverified,media_cluster,official,synthetic
BEACON-0002561,2024-01-02,2024-01-02,ITA,Italy,HPAI,1.0,unverified,unusual_mortality,media,synthetic
BEACON-0002562,2024-01-05,2024-01-06,ITA,Italy,HPAI,0.976,verified,unusual_mortality,media,synthetic
BEACON-0002563,2024-01-04,2024-01-05,ITA,Italy,HPAI,0.888,verified,unusual_mortality,media;official,synthetic
BEACON-0002564,2024-01-02,2024-01-03,ROU,Romania,HPAI,0.219,unverified,media_cluster,media;official,synthetic
BEACON-0002565,2024-01-02,2024-01-04,SRB,Serbia,HPAI,0.513,verified,syndromic,official,synthetic
BEACON-0002566,2024-01-06,2024-01-06,SRB,Serbia,HPAI,0.775,verified,unusual_mortality,media;official,synthetic
BEACON-0002567,2024-01-01,2024-01-01,SRB,Serbia,HPAI,0.785,verified,unusual_mortality,media,synthetic
BEACON-0002568,2024-01-03,2024-01-03,SRB,Serbia,HPAI,0.372,verified,syndromic,media;official,synthetic
BEACON-0002569,2024-01-01,2024-01-01,SRB,Serbia,HPAI,0.663,unverified,media_cluster,official,synthetic
BEACON-0002570,2024-01-05,2024-01-05,UKR,Ukraine,HPAI,0.732,unverified,syndromic,media,synthetic
BEACON-0002571,2024-01-04,2024-01-04,MDA,Moldova,HPAI,0.545,unverified,syndromic,media;official,synthetic
BEACON-0002572,2024-01-01,2024-01-01,MDA,Moldova,HPAI,1.0,unverified,unusual_mortality,media,synthetic
BEACON-0002573,2024-01-02,2024-01-02,MDA,Moldova,HPAI,0.662,unverified,unusual_mortality,media;official,synthetic
BEACON-0002574,2024-01-01,2024-01-01,TUR,Türkiye,HPAI,0.954,unverified,media_cluster,media;official,synthetic
BEACON-0002575,2024-01-04,2024-01-04,TUR,Türkiye,HPAI,0.775,unverified,unusual_mortality,media,synthetic
BEACON-0002576,2024-01-03,2024-01-03,TUN,Tunisia,HPAI,0.201,unverified,media_cluster,media,synthetic
BEACON-0002577,2024-01-05,2024-01-07,TUN,Tunisia,HPAI,0.473,verified,media_cluster,media;official,synthetic
BEACON-0002578,2024-01-04,2024-01-06,MAR,Morocco,HPAI,0.612,unverified,unusual_mortality,media,synthetic
BEACON-0002579,2024-01-05,2024-01-07,MAR,Morocco,HPAI,1.0,verified,trade_alert,media,synthetic
BEACON-0002580,2024-01-11,2024-01-11,FRA,France,HPAI,0.4,verified,unusual_mortality,media,synthetic
BEACON-0002581,2024-01-13,2024-01-15,FRA,France,HPAI,0.837,verified,media_cluster,media;official,synthetic
BEACON-0002582,2024-01-09,2024-01-09,FRA,France,HPAI,0.847,unverified,unusual_mortality,media,synthetic
BEACON-0002583,2024-01-12,2024-01-12,DEU,Germany,HPAI,0.764,verified,unusual_mortality,field,synthetic
BEACON-0002584,2024-01-09,2024-01-10,DEU,Germany,HPAI,0.504,unverified,unusual_mortality,media,synthetic
BEACON-0002585,2024-01-08,2024-01-10,DEU,Germany,HPAI,0.431,verified,unusual_mortality,media,synthetic
BEACON-0002586,2024-01-12,2024-01-13,BEL,Belgium,HPAI,0.378,verified,media_cluster,media,synthetic
BEACON-0002587,2024-01-08,2024-01-09,ESP,Spain,HPAI,0.569,verified,trade_alert,media,synthetic
BEACON-0002588,2024-01-13,2024-01-15,ESP,Spain,HPAI,0.758,unverified,media_cluster,official,synthetic
BEACON-0002589,2024-01-11,2024-01-11,ESP,Spain,HPAI,0.724,unverified,trade_alert,official,synthetic
BEACON-0002590,2024-01-12,2024-01-13,POL,Poland,HPAI,0.666,unverified,syndromic,official,synthetic
BEACON-0002591,2024-01-13,2024-01-15,HUN,Hungary,HPAI,0.368,unverified,media_cluster,field,synthetic
BEACON-0002592,2024-01-12,2024-01-14,HUN,Hungary,HPAI,0.22,verified,syndromic,media,synthetic
BEACON-0002593,2024-01-12,2024-01-12,HUN,Hungary,HPAI,0.298,unverified,media_cluster,media,synthetic
BEACON-0002594,2024-01-08,2024-01-08,ROU,Romania,HPAI,0.334,unverified,syndromic,media;official,synthetic
BEACON-0002595,2024-01-11,2024-01-11,ROU,Romania,HPAI,0.476,verified,media_cluster,media,synthetic
BEACON-0002596,2024-01-13,2024-01-14,BGR,Bulgaria,HPAI,0.459,unverified,media_cluster,media;official,synthetic
BEACON-0002597,2024-01-10,2024-01-12,SRB,Serbia,HPAI,0.676,unverified,media_cluster,official,synthetic
BEACON-0002598,2024-01-10,2024-01-12,SRB,Serbia,HPAI,0.781,unverified,unusual_mortality,media,synthetic
BEACON-0002599,2024-01-12,2024-01-14,SRB,Serbia,HPAI,0.142,unverified,media_cluster,media,synthetic
BEACON-0002600,2024-01-11,2024-01-12,MDA,Moldova,HPAI,0.35,verified,syndromic,media,synthetic
BEACON-0002601,2024-01-09,2024-01-10,TUR,Türkiye,HPAI,0.401,unverified,unusual_mortality,media,synthetic
BEACON-0002602,2024-01-12,2024-01-13,TUR,Türkiye,HPAI,0.187,verified,media_cluster,media;official,synthetic
BEACON-0002603,2024-01-08,2024-01-09,TUR,Türkiye,HPAI,0.321,unverified,unusual_mortality,media;official,synthetic
BEACON-0002604,2024-01-08,2024-01-10,GEO,Georgia,HPAI,0.496,unverified,media_cluster,official,synthetic
BEACON-0002605,2024-01-11,2024-01-12,EGY,Egypt,HPAI,0.489,verified,media_cluster,media;official,synthetic
BEACON-0002606,2024-01-09,2024-01-09,TUN,Tunisia,HPAI,0.283,verified,unusual_mortality,media,synthetic
BEACON-0002607,2024-01-10,2024-01-12,TUN,Tunisia,HPAI,0.938,unverified,syndromic,official,synthetic
BEACON-0002608,2024-01-11,2024-01-12,TUN,Tunisia,HPAI,0.364,verified,media_cluster,media,synthetic
BEACON-0002609,2024-01-08,2024-01-08,TUN,Tunisia,HPAI,0.616,unverified,trade_alert,media;official,synthetic
BEACON-0002610,2024-01-08,2024-01-09,MAR,Morocco,HPAI,0.866,verified,trade_alert,media,synthetic
BEACON-0002611,2024-01-08,2024-01-08,MAR,Morocco,HPAI,0.975,verified,media_cluster,media,synthetic
BEACON-0002612,2024-01-11,2024-01-12,MAR,Morocco,HPAI,1.0,verified,media_cluster,field,synthetic
BEACON-0002613,2024-01-08,2024-01-08,MAR,Morocco,HPAI,1.0,verified,media_cluster,media;official,synthetic
BEACON-0002614,2024-01-09,2024-01-09,MAR,Morocco,HPAI,0.92,unverified,unusual_mortality,field,synthetic
BEACON-0002615,2024-01-10,2024-01-11,MAR,Morocco,HPAI,0.854,unverified,trade_alert,media,synthetic
BEACON-0002616,2024-01-20,2024-01-22,FRA,France,HPAI,0.389,unverified,unusual_mortality,media;official,synthetic
BEACON-0002617,2024-01-17,2024-01-19,FRA,France,HPAI,0.796,verified,unusual_mortality,media;official,synthetic
BEACON-0002618,2024-01-19,2024-01-20,DEU,Germany,HPAI,0.728,verified,media_cluster,official,synthetic
BEACON-0002619,2024-01-18,2024-01-18,ITA,Italy,HPAI,0.146,unverified,unusual_mortality,media;official,synthetic
BEACON-0002620,2024-01-15,2024-01-17,ESP,Spain,HPAI,0.959,unverified,unusual_mortality,media,synthetic
BEACON-0002621,2024-01-17,2024-01-17,POL,Poland,HPAI,0.806,unverified,trade_alert,field,synthetic
BEACON-0002622,2024-01-17,2024-01-17,BGR,Bulgaria,HPAI,1.0,unverified,unusual_mortality,media;official,synthetic
BEACON-0002623,2024-01-19,2024-01-20,BGR,Bulgaria,HPAI,0.424,unverified,media_cluster,media;official,synthetic
BEACON-0002624,2024-01-15,2024-01-17,SRB,Serbia,HPAI,0.584,unverified,unusual_mortality,media;official,synthetic
BEACON-0002625,2024-01-19,2024-01-21,RUS,Russian Federation,HPAI,0.572,unverified,unusual_mortality,media,synthetic
BEACON-0002626,2024-01-15,2024-01-15,RUS,Russian Federation,HPAI,0.708,verified,media_cluster,official,synthetic
BEACON-0002627,2024-01-18,2024-01-18,TUR,Türkiye,HPAI,0.695,unverified,syndromic,media;official,synthetic
BEACON-0002628,2024-01-16,2024-01-16,TUR,Türkiye,HPAI,0.634,verified,media_cluster,media,synthetic
BEACON-0002629,2024-01-15,2024-01-15,TUR,Türkiye,HPAI,0.593,unverified,media_cluster,field,synthetic
BEACON-0002630,2024-01-26,2024-01-26,NLD,Netherlands,HPAI,0.699,verified,unusual_mortality,media,synthetic
BEACON-0002631,2024-01-22,2024-01-24,BEL,Belgium,HPAI,0.708,unverified,media_cluster,media;official,synthetic
BEACON-0002632,2024-01-25,2024-01-27,ESP,Spain,HPAI,0.31,unverified,unusual_mortality,media,synthetic
BEACON-0002633,2024-01-22,2024-01-23,POL,Poland,HPAI,0.397,verified,syndromic,media,synthetic
BEACON-0002634,2024-01-24,2024-01-26,HUN,Hungary,HPAI,0.509,unverified,media_cluster,media,synthetic
BEACON-0002635,2024-01-23,2024-01-23,HUN,Hungary,HPAI,0.12,unverified,unusual_mortality,media,synthetic
BEACON-0002636,2024-01-23,2024-01-25,ROU,Romania,HPAI,0.548,unverified,syndromic,media,synthetic
BEACON-0002637,2024-01-23,2024-01-24,BGR,Bulgaria,HPAI,0.833,verified,media_cluster,media,synthetic
BEACON-0002638,2024-01-27,2024-01-27,BGR,Bulgaria,HPAI,0.393,verified,media_cluster,media,synthetic
BEACON-0002639,2024-01-23,2024-01-24,BGR,Bulgaria,HPAI,0.44,unverified,unusual_mortality,field,synthetic
BEACON-0002640,2024-01-26,2024-01-28,BGR,Bulgaria,HPAI,0.799,unverified,media_cluster,field,synthetic
BEACON-0002641,2024-01-27,2024-01-28,MDA,Moldova,HPAI,0.49,verified,unusual_mortality,media,synthetic
BEACON-0002642,2024-01-25,2024-01-25,MDA,Moldova,HPAI,0.592,unverified,media_cluster,media,synthetic
BEACON-0002643,2024-01-26,2024-01-26,TUR,Türkiye,HPAI,0.503,verified,syndromic,media,synthetic
BEACON-0002644,2024-01-25,2024-01-27,TUR,Türkiye,HPAI,0.865,verified,media_cluster,media;official,synthetic
BEACON-0002645,2024-01-27,2024-01-29,GEO,Georgia,HPAI,0.61,verified,unusual_mortality,official,synthetic
BEACON-0002646,2024-01-26,2024-01-28,GEO,Georgia,HPAI,0.677,unverified,syndromic,media,synthetic
BEACON-0002647,2024-01-27,2024-01-27,ISR,Israel,HPAI,0.699,unverified,unusual_mortality,media,synthetic
BEACON-0002648,2024-01-24,2024-01-24,ISR,Israel,HPAI,0.358,verified,media_cluster,media;official,synthetic
BEACON-0002649,2024-01-26,2024-01-26,ISR,Israel,HPAI,0.913,unverified,unusual_mortality,media,synthetic
BEACON-0002650,2024-02-01,2024-02-02,FRA,France,HPAI,0.205,unverified,trade_alert,media,synthetic
BEACON-0002651,2024-02-01,2024-02-03,POL,Poland,HPAI,0.507,verified,trade_alert,media,synthetic
BEACON-0002652,2024-02-03,2024-02-05,HUN,Hungary,HPAI,0.248,unverified,unusual_mortality,media,synthetic
BEACON-0002653,2024-01-29,2024-01-30,SRB,Serbia,HPAI,0.266,verified,syndromic,media,synthetic
BEACON-0002654,2024-01-31,2024-02-01,SRB,Serbia,HPAI,0.591,unverified,media_cluster,media;official,synthetic
BEACON-0002655,2024-01-31,2024-02-01,MDA,Moldova,HPAI,0.714,unverified,media_cluster,media,synthetic
BEACON-0002656,2024-02-02,2024-02-04,TUR,Türkiye,HPAI,0.29,unverified,unusual_mortality,media,synthetic
BEACON-0002657,2024-02-02,2024-02-03,TUN,Tunisia,HPAI,0.94,unverified,media_cluster,media,synthetic
BEACON-0002658,2024-01-31,2024-01-31,TUN,Tunisia,HPAI,0.089,unverified,syndromic,media,synthetic
BEACON-0002659,2024-01-30,2024-02-01,MAR,Morocco,HPAI,0.615,unverified,unusual_mortality,media;official,synthetic
BEACON-0002660,2024-02-05,2024-02-07,BEL,Belgium,HPAI,0.494,unverified,syndromic,media,synthetic
BEACON-0002661,2024-02-06,2024-02-06,BEL,Belgium,HPAI,0.485,verified,unusual_mortality,media,synthetic
BEACON-0002662,2024-02-09,2024-02-10,ESP,Spain,HPAI,0.438,verified,media_cluster,media,synthetic
BEACON-0002663,2024-02-09,2024-02-11,HUN,Hungary,HPAI,0.527,verified,unusual_mortality,official,synthetic
BEACON-0002664,2024-02-08,2024-02-08,BGR,Bulgaria,HPAI,0.398,unverified,media_cluster,official,synthetic
BEACON-0002665,2024-02-06,2024-02-08,BGR,Bulgaria,HPAI,0.706,verified,media_cluster,media,synthetic
BEACON-0002666,2024-02-06,2024-02-07,SRB,Serbia,HPAI,0.149,unverified,trade_alert,field,synthetic
BEACON-0002667,2024-02-07,2024-02-07,TUN,Tunisia,HPAI,0.37,unverified,media_cluster,official,synthetic
BEACON-0002668,2024-02-05,2024-02-05,MAR,Morocco,HPAI,0.351,unverified,media_cluster,official,synthetic
BEACON-0002669,2024-02-16,2024-02-16,DEU,Germany,HPAI,0.536,unverified,media_cluster,media,synthetic
BEACON-0002670,2024-02-12,2024-02-13,NLD,Netherlands,HPAI,0.287,verified,media_cluster,media;official,synthetic
BEACON-0002671,2024-02-14,2024-02-15,NLD,Netherlands,HPAI,0.235,unverified,media_cluster,official,synthetic
BEACON-0002672,2024-02-17,2024-02-18,ITA,Italy,HPAI,0.33,unverified,unusual_mortality,media,synthetic
BEACON-0002673,2024-02-14,2024-02-16,ITA,Italy,HPAI,0.487,unverified,unusual_mortality,official,synthetic
BEACON-0002674,2024-02-14,2024-02-16,ESP,Spain,HPAI,0.475,unverified,unusual_mortality,media,synthetic
BEACON-0002675,2024-02-15,2024-02-15,ROU,Romania,HPAI,0.623,unverified,unusual_mortality,official,synthetic
BEACON-0002676,2024-02-12,2024-02-12,UKR,Ukraine,HPAI,0.326,unverified,unusual_mortality,media,synthetic
BEACON-0002677,2024-02-12,2024-02-13,UKR,Ukraine,HPAI,0.385,verified,syndromic,media;official,synthetic
BEACON-0002678,2024-02-12,2024-02-14,TUR,Türkiye,HPAI,0.559,verified,media_cluster,media,synthetic
BEACON-0002679,2024-02-12,2024-02-12,GEO,Georgia,HPAI,0.458,unverified,media_cluster,field,synthetic
BEACON-0002680,2024-02-13,2024-02-15,GEO,Georgia,HPAI,0.215,unverified,unusual_mortality,media,synthetic
BEACON-0002681,2024-02-15,2024-02-16,MAR,Morocco,HPAI,0.129,unverified,syndromic,media,synthetic
BEACON-0002682,2024-02-13,2024-02-14,MAR,Morocco,HPAI,0.388,unverified,syndromic,media;official,synthetic
BEACON-0002683,2024-02-16,2024-02-16,MAR,Morocco,HPAI,0.413,verified,unusual_mortality,media,synthetic
BEACON-0002684,2024-02-19,2024-02-21,FRA,France,HPAI,0.151,unverified,syndromic,media,synthetic
BEACON-0002685,2024-02-21,2024-02-23,ITA,Italy,HPAI,0.357,verified,media_cluster,media,synthetic
BEACON-0002686,2024-02-24,2024-02-24,ITA,Italy,HPAI,0.09,unverified,unusual_mortality,official,synthetic
BEACON-0002687,2024-02-21,2024-02-22,HUN,Hungary,HPAI,0.117,unverified,trade_alert,media,synthetic
BEACON-0002688,2024-02-21,2024-02-22,BGR,Bulgaria,HPAI,0.858,unverified,unusual_mortality,media,synthetic
BEACON-0002689,2024-02-23,2024-02-24,BGR,Bulgaria,HPAI,0.212,verified,trade_alert,official,synthetic
BEACON-0002690,2024-02-20,2024-02-21,BGR,Bulgaria,HPAI,0.249,verified,unusual_mortality,media,synthetic
BEACON-0002691,2024-02-20,2024-02-22,BGR,Bulgaria,HPAI,0.661,unverified,unusual_mortality,media,synthetic
BEACON-0002692,2024-02-20,2024-02-21,UKR,Ukraine,HPAI,0.474,unverified,syndromic,media,synthetic
BEACON-0002693,2024-02-20,2024-02-22,RUS,Russian Federation,HPAI,0.816,unverified,trade_alert,media,synthetic
BEACON-0002694,2024-02-21,2024-02-22,TUR,Türkiye,HPAI,0.39,verified,syndromic,field,synthetic
BEACON-0002695,2024-02-22,2024-02-22,GEO,Georgia,HPAI,0.133,unverified,media_cluster,media,synthetic
BEACON-0002696,2024-02-21,2024-02-21,ISR,Israel,HPAI,0.088,unverified,unusual_mortality,official,synthetic
BEACON-0002697,2024-02-19,2024-02-20,ISR,Israel,HPAI,0.771,unverified,unusual_mortality,media,synthetic
BEACON-0002698,2024-02-20,2024-02-21,ISR,Israel,HPAI,0.514,unverified,unusual_mortality,media,synthetic
BEACON-0002699,2024-02-22,2024-02-24,EGY,Egypt,HPAI,0.433,unverified,trade_alert,media,synthetic
BEACON-0002700,2024-02-24,2024-02-24,MAR,Morocco,HPAI,0.508,unverified,syndromic,media,synthetic
BEACON-0002701,2024-02-22,2024-02-24,MAR,Morocco,HPAI,0.257,unverified,unusual_mortality,media,synthetic
BEACON-0002702,2024-02-28,2024-03-01,POL,Poland,HPAI,0.593,verified,media_cluster,media,synthetic
BEACON-0002703,2024-03-01,2024-03-03,ROU,Romania,HPAI,0.403,unverified,media_cluster,media;official,synthetic
BEACON-0002704,2024-02-28,2024-03-01,MDA,Moldova,HPAI,0.679,unverified,media_cluster,media,synthetic
BEACON-0002705,2024-03-02,2024-03-04,TUR,Türkiye,HPAI,0.662,unverified,unusual_mortality,media;official,synthetic
BEACON-0002706,2024-02-28,2024-02-29,ISR,Israel,HPAI,0.604,verified,media_cluster,media,synthetic
BEACON-0002707,2024-02-28,2024-03-01,TUN,Tunisia,HPAI,0.181,unverified,unusual_mortality,official,synthetic
BEACON-0002708,2024-02-29,2024-02-29,MAR,Morocco,HPAI,0.189,verified,unusual_mortality,media,synthetic
BEACON-0002709,2024-03-08,2024-03-08,FRA,France,HPAI,0.373,verified,trade_alert,field,synthetic
BEACON-0002710,2024-03-09,2024-03-11,ESP,Spain,HPAI,0.773,verified,unusual_mortality,media,synthetic
BEACON-0002711,2024-03-06,2024-03-07,UKR,Ukraine,HPAI,0.123,unverified,unusual_mortality,media,synthetic
BEACON-0002712,2024-03-09,2024-03-10,RUS,Russian Federation,HPAI,0.082,verified,unusual_mortality,media,synthetic
BEACON-0002713,2024-03-04,2024-03-06,TUR,Türkiye,HPAI,0.466,unverified,media_cluster,media,synthetic
BEACON-0002714,2024-03-09,2024-03-10,GEO,Georgia,HPAI,0.396,unverified,media_cluster,media;official,synthetic
BEACON-0002715,2024-03-04,2024-03-06,EGY,Egypt,HPAI,0.442,unverified,trade_alert,media;official,synthetic
BEACON-0002716,2024-03-11,2024-03-13,FRA,France,HPAI,0.668,unverified,unusual_mortality,media,synthetic
BEACON-0002717,2024-03-11,2024-03-11,BEL,Belgium,HPAI,0.43,verified,unusual_mortality,official,synthetic
BEACON-0002718,2024-03-16,2024-03-16,ITA,Italy,HPAI,0.279,verified,media_cluster,official,synthetic
BEACON-0002719,2024-03-15,2024-03-15,POL,Poland,HPAI,0.148,unverified,unusual_mortality,media,synthetic
BEACON-0002720,2024-03-16,2024-03-16,HUN,Hungary,HPAI,0.756,unverified,media_cluster,official,synthetic
BEACON-0002721,2024-03-12,2024-03-12,SRB,Serbia,HPAI,0.317,verified,media_cluster,official,synthetic
BEACON-0002722,2024-03-16,2024-03-16,UKR,Ukraine,HPAI,0.71,verified,media_cluster,official,synthetic
BEACON-0002723,2024-03-11,2024-03-11,MDA,Moldova,HPAI,0.474,unverified,trade_alert,official,synthetic
BEACON-0002724,2024-03-16,2024-03-18,RUS,Russian Federation,HPAI,0.155,verified,media_cluster,media;official,synthetic
BEACON-0002725,2024-03-14,2024-03-15,GEO,Georgia,HPAI,0.276,unverified,media_cluster,media;official,synthetic
BEACON-0002726,2024-03-16,2024-03-16,TUN,Tunisia,HPAI,0.344,unverified,media_cluster,official,synthetic
BEACON-0002727,2024-03-23,2024-03-23,FRA,France,HPAI,0.337,verified,media_cluster,media;official,synthetic
BEACON-0002728,2024-03-23,2024-03-24,DEU,Germany,HPAI,0.674,verified,media_cluster,media;official,synthetic
BEACON-0002729,2024-03-20,2024-03-20,NLD,Netherlands,HPAI,0.397,unverified,unusual_mortality,official,synthetic
BEACON-0002730,2024-03-20,2024-03-22,ITA,Italy,HPAI,0.143,unverified,media_cluster,media,synthetic
BEACON-0002731,2024-03-23,2024-03-24,ITA,Italy,HPAI,0.948,unverified,media_cluster,media,synthetic
BEACON-0002732,2024-03-22,2024-03-24,BGR,Bulgaria,HPAI,0.338,unverified,unusual_mortality,media;official,synthetic
BEACON-0002733,2024-03-23,2024-03-23,SRB,Serbia,HPAI,0.552,unverified,media_cluster,media;official,synthetic
BEACON-0002734,2024-03-22,2024-03-22,UKR,Ukraine,HPAI,0.357,unverified,unusual_mortality,media,synthetic
BEACON-0002735,2024-03-20,2024-03-22,UKR,Ukraine,HPAI,0.449,verified,media_cluster,media;official,synthetic
BEACON-0002736,2024-03-22,2024-03-23,MDA,Moldova,HPAI,0.63,unverified,trade_alert,media,synthetic
BEACON-0002737,2024-03-21,2024-03-22,ISR,Israel,HPAI,0.45,unverified,syndromic,media,synthetic
BEACON-0002738,2024-03-21,2024-03-22,MAR,Morocco,HPAI,0.218,unverified,unusual_mortality,media,synthetic
BEACON-0002739,2024-03-20,2024-03-22,MAR,Morocco,HPAI,0.064,unverified,unusual_mortality,media,synthetic
BEACON-0002740,2024-03-26,2024-03-28,ESP,Spain,HPAI,0.271,verified,syndromic,media,synthetic
BEACON-0002741,2024-03-28,2024-03-29,POL,Poland,HPAI,0.703,verified,media_cluster,official,synthetic
BEACON-0002742,2024-03-26,2024-03-26,RUS,Russian Federation,HPAI,0.129,unverified,media_cluster,media,synthetic
BEACON-0002743,2024-03-30,2024-04-01,TUR,Türkiye,HPAI,0.512,unverified,unusual_mortality,official,synthetic
BEACON-0002744,2024-03-30,2024-03-31,TUR,Türkiye,HPAI,0.78,verified,trade_alert,official,synthetic
BEACON-0002745,2024-03-27,2024-03-28,GEO,Georgia,HPAI,0.06,unverified,media_cluster,media;official,synthetic
BEACON-0002746,2024-03-27,2024-03-27,EGY,Egypt,HPAI,0.385,unverified,trade_alert,media;official,synthetic
BEACON-0002747,2024-03-26,2024-03-26,MAR,Morocco,HPAI,0.375,verified,unusual_mortality,media;official,synthetic
BEACON-0002748,2024-03-26,2024-03-26,MAR,Morocco,HPAI,0.663,verified,media_cluster,media,synthetic
BEACON-0002749,2024-03-30,2024-04-01,MAR,Morocco,HPAI,0.632,unverified,unusual_mortality,field,synthetic
BEACON-0002750,2024-04-05,2024-04-05,FRA,France,HPAI,0.444,unverified,unusual_mortality,media,synthetic
BEACON-0002751,2024-04-01,2024-04-01,ITA,Italy,HPAI,0.332,unverified,syndromic,media,synthetic
BEACON-0002752,2024-04-01,2024-04-01,ESP,Spain,HPAI,0.122,unverified,media_cluster,media,synthetic
BEACON-0002753,2024-04-03,2024-04-05,POL,Poland,HPAI,0.209,unverified,media_cluster,media;official,synthetic
BEACON-0002754,2024-04-05,2024-04-07,HUN,Hungary,HPAI,0.662,unverified,unusual_mortality,official,synthetic
BEACON-0002755,2024-04-04,2024-04-04,BGR,Bulgaria,HPAI,0.352,verified,unusual_mortality,media;official,synthetic
BEACON-0002756,2024-04-05,2024-04-05,UKR,Ukraine,HPAI,0.289,unverified,unusual_mortality,media;official,synthetic
BEACON-0002757,2024-04-09,2024-04-10,FRA,France,HPAI,0.296,verified,syndromic,media,synthetic
BEACON-0002758,2024-04-12,2024-04-13,FRA,France,HPAI,0.598,unverified,media_cluster,media,synthetic
BEACON-0002759,2024-04-08,2024-04-10,DEU,Germany,HPAI,0.495,unverified,syndromic,media,synthetic
BEACON-0002760,2024-04-09,2024-04-10,NLD,Netherlands,HPAI,0.36,unverified,syndromic,media,synthetic
BEACON-0002761,2024-04-11,2024-04-11,ITA,Italy,HPAI,0.389,verified,unusual_mortality,media;official,synthetic
BEACON-0002762,2024-04-08,2024-04-10,POL,Poland,HPAI,0.644,verified,trade_alert,official,synthetic
BEACON-0002763,2024-04-13,2024-04-14,POL,Poland,HPAI,0.474,unverified,media_cluster,media,synthetic
BEACON-0002764,2024-04-09,2024-04-11,HUN,Hungary,HPAI,0.428,unverified,syndromic,media,synthetic
BEACON-0002765,2024-04-12,2024-04-13,BGR,Bulgaria,HPAI,0.817,unverified,unusual_mortality,media,synthetic
BEACON-0002766,2024-04-08,2024-04-08,UKR,Ukraine,HPAI,0.356,unverified,media_cluster,field,synthetic
BEACON-0002767,2024-04-12,2024-04-13,GEO,Georgia,HPAI,0.329,unverified,media_cluster,official,synthetic
BEACON-0002768,2024-04-12,2024-04-14,GEO,Georgia,HPAI,0.23,unverified,unusual_mortality,media,synthetic
BEACON-0002769,2024-04-09,2024-04-11,MAR,Morocco,HPAI,0.399,verified,trade_alert,media,synthetic
BEACON-0002770,2024-04-11,2024-04-12,MAR,Morocco,HPAI,0.557,unverified,trade_alert,media,synthetic
BEACON-0002771,2024-04-15,2024-04-17,FRA,France,HPAI,0.355,unverified,syndromic,media;official,synthetic
BEACON-0002772,2024-04-20,2024-04-20,FRA,France,HPAI,0.234,verified,unusual_mortality,field,synthetic
BEACON-0002773,2024-04-17,2024-04-19,NLD,Netherlands,HPAI,0.797,verified,media_cluster,media,synthetic
BEACON-0002774,2024-04-19,2024-04-21,BEL,Belgium,HPAI,0.418,unverified,trade_alert,media,synthetic
BEACON-0002775,2024-04-18,2024-04-18,ITA,Italy,HPAI,0.484,verified,media_cluster,field,synthetic
BEACON-0002776,2024-04-15,2024-04-16,ITA,Italy,HPAI,0.491,unverified,unusual_mortality,media,synthetic
BEACON-0002777,2024-04-15,2024-04-15,HUN,Hungary,HPAI,0.655,unverified,media_cluster,field,synthetic
BEACON-0002778,2024-04-16,2024-04-16,UKR,Ukraine,HPAI,0.41,verified,media_cluster,media,synthetic
BEACON-0002779,2024-04-19,2024-04-21,UKR,Ukraine,HPAI,0.124,unverified,unusual_mortality,official,synthetic
BEACON-0002780,2024-04-19,2024-04-19,TUR,Türkiye,HPAI,0.351,verified,syndromic,media;official,synthetic
BEACON-0002781,2024-04-16,2024-04-18,GEO,Georgia,HPAI,0.424,unverified,media_cluster,media;official,synthetic
BEACON-0002782,2024-04-18,2024-04-20,MAR,Morocco,HPAI,0.28,unverified,trade_alert,official,synthetic
BEACON-0002783,2024-04-22,2024-04-23,FRA,France,HPAI,0.465,verified,media_cluster,field,synthetic
BEACON-0002784,2024-04-24,2024-04-26,FRA,France,HPAI,0.454,unverified,unusual_mortality,media;official,synthetic
BEACON-0002785,2024-04-27,2024-04-29,DEU,Germany,HPAI,0.28,unverified,syndromic,official,synthetic
BEACON-0002786,2024-04-25,2024-04-27,NLD,Netherlands,HPAI,0.122,verified,syndromic,media,synthetic
BEACON-0002787,2024-04-23,2024-04-24,NLD,Netherlands,HPAI,0.375,unverified,syndromic,media,synthetic
BEACON-0002788,2024-04-23,2024-04-24,BEL,Belgium,HPAI,0.127,unverified,unusual_mortality,media,synthetic
BEACON-0002789,2024-04-27,2024-04-29,ITA,Italy,HPAI,0.158,unverified,media_cluster,media,synthetic
BEACON-0002790,2024-04-23,2024-04-25,BGR,Bulgaria,HPAI,0.616,verified,trade_alert,media,synthetic
BEACON-0002791,2024-04-24,2024-04-24,UKR,Ukraine,HPAI,0.271,unverified,media_cluster,media,synthetic
BEACON-0002792,2024-04-27,2024-04-28,RUS,Russian Federation,HPAI,0.375,unverified,media_cluster,media,synthetic
BEACON-0002793,2024-04-25,2024-04-25,EGY,Egypt,HPAI,0.335,verified,syndromic,media,synthetic
BEACON-0002794,2024-04-23,2024-04-24,MAR,Morocco,HPAI,0.718,unverified,syndromic,media,synthetic
BEACON-0002795,2024-05-04,2024-05-05,NLD,Netherlands,HPAI,0.335,verified,syndromic,media,synthetic
BEACON-0002796,2024-05-01,2024-05-03,ROU,Romania,HPAI,0.185,unverified,media_cluster,media;official,synthetic
BEACON-0002797,2024-05-01,2024-05-01,BGR,Bulgaria,HPAI,0.617,verified,unusual_mortality,field,synthetic
BEACON-0002798,2024-05-04,2024-05-04,GEO,Georgia,HPAI,0.602,verified,media_cluster,media,synthetic
BEACON-0002799,2024-05-02,2024-05-03,ISR,Israel,HPAI,0.244,unverified,media_cluster,media,synthetic
BEACON-0002800,2024-04-30,2024-04-30,EGY,Egypt,HPAI,0.362,unverified,trade_alert,media,synthetic
BEACON-0002801,2024-05-02,2024-05-04,MAR,Morocco,HPAI,0.772,unverified,media_cluster,media,synthetic
BEACON-0002802,2024-05-10,2024-05-10,DEU,Germany,HPAI,0.284,unverified,media_cluster,official,synthetic
BEACON-0002803,2024-05-08,2024-05-08,BEL,Belgium,HPAI,0.63,unverified,media_cluster,media,synthetic
BEACON-0002804,2024-05-08,2024-05-08,BEL,Belgium,HPAI,0.204,verified,media_cluster,media;official,synthetic
BEACON-0002805,2024-05-10,2024-05-12,BEL,Belgium,HPAI,0.366,verified,unusual_mortality,media;official,synthetic
BEACON-0002806,2024-05-09,2024-05-10,ROU,Romania,HPAI,0.334,verified,media_cluster,media,synthetic
BEACON-0002807,2024-05-07,2024-05-08,BGR,Bulgaria,HPAI,0.246,unverified,media_cluster,media,synthetic
BEACON-0002808,2024-05-10,2024-05-10,BGR,Bulgaria,HPAI,0.339,unverified,syndromic,media;official,synthetic
BEACON-0002809,2024-05-11,2024-05-12,BGR,Bulgaria,HPAI,0.65,unverified,trade_alert,media;official,synthetic
BEACON-0002810,2024-05-11,2024-05-12,MDA,Moldova,HPAI,0.147,verified,trade_alert,media,synthetic
BEACON-0002811,2024-05-11,2024-05-12,ISR,Israel,HPAI,0.667,unverified,syndromic,media,synthetic
BEACON-0002812,2024-05-11,2024-05-13,ISR,Israel,HPAI,0.243,verified,media_cluster,media;official,synthetic
BEACON-0002813,2024-05-11,2024-05-11,MAR,Morocco,HPAI,0.316,unverified,media_cluster,official,synthetic
BEACON-0002814,2024-05-13,2024-05-14,FRA,France,HPAI,0.213,unverified,trade_alert,official,synthetic
BEACON-0002815,2024-05-14,2024-05-15,DEU,Germany,HPAI,0.582,verified,unusual_mortality,official,synthetic
BEACON-0002816,2024-05-17,2024-05-17,NLD,Netherlands,HPAI,0.361,unverified,media_cluster,media,synthetic
BEACON-0002817,2024-05-14,2024-05-14,ESP,Spain,HPAI,0.209,verified,syndromic,media;official,synthetic
BEACON-0002818,2024-05-15,2024-05-15,POL,Poland,HPAI,0.47,verified,media_cluster,media,synthetic
BEACON-0002819,2024-05-15,2024-05-16,HUN,Hungary,HPAI,0.628,unverified,syndromic,media,synthetic
BEACON-0002820,2024-05-16,2024-05-18,ROU,Romania,HPAI,0.639,unverified,media_cluster,media,synthetic
BEACON-0002821,2024-05-18,2024-05-18,ROU,Romania,HPAI,0.192,unverified,unusual_mortality,media;official,synthetic
BEACON-0002822,2024-05-14,2024-05-14,RUS,Russian Federation,HPAI,0.454,verified,unusual_mortality,field,synthetic
BEACON-0002823,2024-05-18,2024-05-19,EGY,Egypt,HPAI,0.404,unverified,syndromic,media,synthetic
BEACON-0002824,2024-05-13,2024-05-14,MAR,Morocco,HPAI,0.239,unverified,media_cluster,official,synthetic
BEACON-0002825,2024-05-20,2024-05-22,FRA,France,HPAI,0.32,unverified,media_cluster,field,synthetic
BEACON-0002826,2024-05-24,2024-05-25,ESP,Spain,HPAI,0.735,unverified,syndromic,field,synthetic
BEACON-0002827,2024-05-25,2024-05-25,ESP,Spain,HPAI,0.07,unverified,media_cluster,media,synthetic
BEACON-0002828,2024-05-25,2024-05-27,MDA,Moldova,HPAI,0.264,verified,media_cluster,media,synthetic
BEACON-0002829,2024-05-24,2024-05-25,GEO,Georgia,HPAI,0.547,verified,unusual_mortality,media;official,synthetic
BEACON-0002830,2024-05-22,2024-05-24,MAR,Morocco,HPAI,0.058,verified,trade_alert,media,synthetic
BEACON-0002831,2024-05-21,2024-05-22,MAR,Morocco,HPAI,0.257,verified,unusual_mortality,media;official,synthetic
BEACON-0002832,2024-05-27,2024-05-29,ROU,Romania,HPAI,0.585,unverified,syndromic,media,synthetic
BEACON-0002833,2024-05-28,2024-05-29,BGR,Bulgaria,HPAI,0.238,verified,media_cluster,media,synthetic
BEACON-0002834,2024-05-29,2024-05-31,MDA,Moldova,HPAI,0.057,unverified,media_cluster,field,synthetic
BEACON-0002835,2024-05-31,2024-05-31,MDA,Moldova,HPAI,0.694,unverified,media_cluster,media,synthetic
BEACON-0002836,2024-05-28,2024-05-29,GEO,Georgia,HPAI,0.521,unverified,unusual_mortality,media,synthetic
BEACON-0002837,2024-06-03,2024-06-04,DEU,Germany,HPAI,0.301,unverified,syndromic,media,synthetic
BEACON-0002838,2024-06-04,2024-06-04,BEL,Belgium,HPAI,0.605,unverified,trade_alert,field,synthetic
BEACON-0002839,2024-06-07,2024-06-08,POL,Poland,HPAI,0.576,unverified,trade_alert,official,synthetic
BEACON-0002840,2024-06-06,2024-06-07,HUN,Hungary,HPAI,0.174,unverified,media_cluster,official,synthetic
BEACON-0002841,2024-06-07,2024-06-07,HUN,Hungary,HPAI,0.391,unverified,unusual_mortality,media,synthetic
BEACON-0002842,2024-06-03,2024-06-03,SRB,Serbia,HPAI,0.288,unverified,media_cluster,media,synthetic
BEACON-0002843,2024-06-03,2024-06-04,RUS,Russian Federation,HPAI,0.282,unverified,unusual_mortality,media;official,synthetic
BEACON-0002844,2024-06-06,2024-06-06,RUS,Russian Federation,HPAI,0.26,unverified,trade_alert,field,synthetic
BEACON-0002845,2024-06-05,2024-06-06,ISR,Israel,HPAI,0.397,unverified,trade_alert,field,synthetic
BEACON-0002846,2024-06-11,2024-06-11,DEU,Germany,HPAI,0.503,unverified,media_cluster,media;official,synthetic
BEACON-0002847,2024-06-13,2024-06-14,POL,Poland,HPAI,0.536,unverified,media_cluster,media;official,synthetic
BEACON-0002848,2024-06-11,2024-06-12,UKR,Ukraine,HPAI,0.155,unverified,syndromic,media,synthetic
BEACON-0002849,2024-06-11,2024-06-11,MDA,Moldova,HPAI,0.201,unverified,media_cluster,official,synthetic
BEACON-0002850,2024-06-13,2024-06-14,MDA,Moldova,HPAI,0.469,unverified,unusual_mortality,media,synthetic
BEACON-0002851,2024-06-14,2024-06-15,RUS,Russian Federation,HPAI,0.569,verified,trade_alert,media;official,synthetic
BEACON-0002852,2024-06-15,2024-06-16,RUS,Russian Federation,HPAI,0.252,unverified,media_cluster,media;official,synthetic
BEACON-0002853,2024-06-12,2024-06-14,RUS,Russian Federation,HPAI,0.148,unverified,unusual_mortality,media,synthetic
BEACON-0002854,2024-06-11,2024-06-12,RUS,Russian Federation,HPAI,0.433,verified,media_cluster,media,synthetic
BEACON-0002855,2024-06-13,2024-06-14,TUR,Türkiye,HPAI,0.767,verified,media_cluster,media,synthetic
BEACON-0002856,2024-06-11,2024-06-11,ISR,Israel,HPAI,0.352,unverified,unusual_mortality,field,synthetic
BEACON-0002857,2024-06-13,2024-06-15,EGY,Egypt,HPAI,0.555,verified,unusual_mortality,media,synthetic
BEACON-0002858,2024-06-18,2024-06-18,ITA,Italy,HPAI,0.208,unverified,media_cluster,media;official,synthetic
BEACON-0002859,2024-06-22,2024-06-23,ESP,Spain,HPAI,0.55,unverified,unusual_mortality,media,synthetic
BEACON-0002860,2024-06-19,2024-06-21,SRB,Serbia,HPAI,0.298,unverified,trade_alert,media;official,synthetic
BEACON-0002861,2024-06-19,2024-06-20,UKR,Ukraine,HPAI,0.35,unverified,media_cluster,media;official,synthetic
BEACON-0002862,2024-06-19,2024-06-19,RUS,Russian Federation,HPAI,0.174,unverified,media_cluster,media,synthetic
BEACON-0002863,2024-06-20,2024-06-21,TUR,Türkiye,HPAI,0.16,unverified,unusual_mortality,media;official,synthetic
BEACON-0002864,2024-06-17,2024-06-18,EGY,Egypt,HPAI,0.468,unverified,syndromic,field,synthetic
BEACON-0002865,2024-06-21,2024-06-21,MAR,Morocco,HPAI,0.177,unverified,syndromic,media,synthetic
BEACON-0002866,2024-06-18,2024-06-18,MAR,Morocco,HPAI,0.604,verified,media_cluster,official,synthetic
BEACON-0002867,2024-06-27,2024-06-28,DEU,Germany,HPAI,0.154,verified,syndromic,media,synthetic
BEACON-0002868,2024-06-24,2024-06-24,DEU,Germany,HPAI,0.248,unverified,media_cluster,official,synthetic
BEACON-0002869,2024-06-28,2024-06-28,ITA,Italy,HPAI,0.416,verified,trade_alert,official,synthetic
BEACON-0002870,2024-06-27,2024-06-29,ITA,Italy,HPAI,0.13,unverified,unusual_mortality,media,synthetic
BEACON-0002871,2024-06-25,2024-06-27,ESP,Spain,HPAI,0.704,unverified,syndromic,field,synthetic
BEACON-0002872,2024-06-29,2024-07-01,SRB,Serbia,HPAI,0.401,verified,syndromic,media,synthetic
BEACON-0002873,2024-06-26,2024-06-28,UKR,Ukraine,HPAI,0.613,unverified,unusual_mortality,media;official,synthetic
BEACON-0002874,2024-06-27,2024-06-29,TUR,Türkiye,HPAI,0.363,verified,syndromic,official,synthetic
BEACON-0002875,2024-06-25,2024-06-27,TUR,Türkiye,HPAI,0.376,unverified,media_cluster,media,synthetic
BEACON-0002876,2024-06-25,2024-06-27,GEO,Georgia,HPAI,0.332,unverified,unusual_mortality,media,synthetic
BEACON-0002877,2024-06-28,2024-06-28,ISR,Israel,HPAI,0.098,verified,trade_alert,media,synthetic
BEACON-0002878,2024-07-02,2024-07-02,FRA,France,HPAI,0.337,unverified,syndromic,media,synthetic
BEACON-0002879,2024-07-04,2024-07-05,DEU,Germany,HPAI,0.832,verified,media_cluster,media,synthetic
BEACON-0002880,2024-07-04,2024-07-04,DEU,Germany,HPAI,0.651,unverified,media_cluster,media,synthetic
BEACON-0002881,2024-07-02,2024-07-04,NLD,Netherlands,HPAI,0.443,unverified,syndromic,official,synthetic
BEACON-0002882,2024-07-05,2024-07-06,ESP,Spain,HPAI,0.502,unverified,media_cluster,field,synthetic
BEACON-0002883,2024-07-02,2024-07-02,HUN,Hungary,HPAI,0.576,verified,media_cluster,official,synthetic
BEACON-0002884,2024-07-05,2024-07-06,SRB,Serbia,HPAI,0.707,unverified,media_cluster,media;official,synthetic
BEACON-0002885,2024-07-03,2024-07-05,RUS,Russian Federation,HPAI,0.494,unverified,unusual_mortality,field,synthetic
BEACON-0002886,2024-07-03,2024-07-05,TUR,Türkiye,HPAI,0.442,unverified,trade_alert,media,synthetic
BEACON-0002887,2024-07-05,2024-07-07,EGY,Egypt,HPAI,0.197,unverified,unusual_mortality,media,synthetic
BEACON-0002888,2024-07-11,2024-07-12,FRA,France,HPAI,0.405,verified,unusual_mortality,media,synthetic
BEACON-0002889,2024-07-11,2024-07-11,FRA,France,HPAI,0.597,verified,media_cluster,media,synthetic
BEACON-0002890,2024-07-13,2024-07-14,ESP,Spain,HPAI,0.573,unverified,unusual_mortality,media;official,synthetic
BEACON-0002891,2024-07-09,2024-07-11,POL,Poland,HPAI,0.691,verified,trade_alert,official,synthetic
BEACON-0002892,2024-07-09,2024-07-11,POL,Poland,HPAI,0.102,verified,media_cluster,media,synthetic
BEACON-0002893,2024-07-12,2024-07-13,ROU,Romania,HPAI,0.306,verified,trade_alert,field,synthetic
BEACON-0002894,2024-07-12,2024-07-13,BGR,Bulgaria,HPAI,0.345,unverified,media_cluster,media;official,synthetic
BEACON-0002895,2024-07-13,2024-07-13,UKR,Ukraine,HPAI,0.29,unverified,unusual_mortality,media;official,synthetic
BEACON-0002896,2024-07-12,2024-07-13,MDA,Moldova,HPAI,0.406,unverified,media_cluster,official,synthetic
BEACON-0002897,2024-07-10,2024-07-11,EGY,Egypt,HPAI,0.383,unverified,media_cluster,media,synthetic
BEACON-0002898,2024-07-12,2024-07-12,EGY,Egypt,HPAI,0.281,unverified,syndromic,media,synthetic
BEACON-0002899,2024-07-20,2024-07-21,FRA,France,HPAI,0.428,unverified,unusual_mortality,media,synthetic
BEACON-0002900,2024-07-15,2024-07-16,BEL,Belgium,HPAI,0.564,unverified,unusual_mortality,media,synthetic
BEACON-0002901,2024-07-18,2024-07-20,POL,Poland,HPAI,0.314,unverified,media_cluster,field,synthetic
BEACON-0002902,2024-07-18,2024-07-18,POL,Poland,HPAI,0.314,unverified,media_cluster,media,synthetic
BEACON-0002903,2024-07-20,2024-07-20,HUN,Hungary,HPAI,0.27,unverified,syndromic,media,synthetic
BEACON-0002904,2024-07-20,2024-07-21,ROU,Romania,HPAI,0.635,unverified,media_cluster,field,synthetic
BEACON-0002905,2024-07-16,2024-07-16,SRB,Serbia,HPAI,0.334,verified,media_cluster,media,synthetic
BEACON-0002906,2024-07-18,2024-07-18,UKR,Ukraine,HPAI,0.573,unverified,unusual_mortality,media;official,synthetic
BEACON-0002907,2024-07-15,2024-07-15,UKR,Ukraine,HPAI,0.867,unverified,media_cluster,media,synthetic
BEACON-0002908,2024-07-18,2024-07-20,MDA,Moldova,HPAI,0.189,verified,syndromic,media,synthetic
BEACON-0002909,2024-07-20,2024-07-21,EGY,Egypt,HPAI,0.374,verified,unusual_mortality,media,synthetic
BEACON-0002910,2024-07-20,2024-07-20,TUN,Tunisia,HPAI,0.256,unverified,unusual_mortality,official,synthetic
BEACON-0002911,2024-07-24,2024-07-26,ESP,Spain,HPAI,0.681,verified,syndromic,media,synthetic
BEACON-0002912,2024-07-23,2024-07-23,ROU,Romania,HPAI,0.579,verified,media_cluster,media,synthetic
BEACON-0002913,2024-07-27,2024-07-27,ROU,Romania,HPAI,0.306,verified,unusual_mortality,media;official,synthetic
BEACON-0002914,2024-07-23,2024-07-25,ROU,Romania,HPAI,0.76,unverified,media_cluster,media,synthetic
BEACON-0002915,2024-07-26,2024-07-27,MDA,Moldova,HPAI,0.782,unverified,media_cluster,field,synthetic
BEACON-0002916,2024-07-23,2024-07-25,ISR,Israel,HPAI,0.885,unverified,unusual_mortality,media;official,synthetic
BEACON-0002917,2024-07-24,2024-07-25,EGY,Egypt,HPAI,0.054,unverified,media_cluster,media;official,synthetic
BEACON-0002918,2024-07-24,2024-07-24,EGY,Egypt,HPAI,0.576,unverified,unusual_mortality,media;official,synthetic
BEACON-0002919,2024-07-25,2024-07-25,MAR,Morocco,HPAI,0.301,unverified,unusual_mortality,media,synthetic
BEACON-0002920,2024-07-31,2024-07-31,NLD,Netherlands,HPAI,0.618,verified,unusual_mortality,field,synthetic
BEACON-0002921,2024-08-02,2024-08-04,BEL,Belgium,HPAI,0.675,verified,unusual_mortality,media,synthetic
BEACON-0002922,2024-07-30,2024-07-31,ESP,Spain,HPAI,0.359,verified,unusual_mortality,media,synthetic
BEACON-0002923,2024-07-29,2024-07-31,POL,Poland,HPAI,0.14,unverified,unusual_mortality,media;official,synthetic
BEACON-0002924,2024-08-02,2024-08-03,SRB,Serbia,HPAI,0.413,unverified,media_cluster,media;official,synthetic
BEACON-0002925,2024-07-29,2024-07-31,SRB,Serbia,HPAI,0.575,unverified,unusual_mortality,media,synthetic
BEACON-0002926,2024-08-02,2024-08-04,UKR,Ukraine,HPAI,0.709,verified,unusual_mortality,media,synthetic
BEACON-0002927,2024-07-30,2024-07-30,MDA,Moldova,HPAI,0.366,verified,media_cluster,official,synthetic
BEACON-0002928,2024-08-02,2024-08-03,TUR,Türkiye,HPAI,0.605,unverified,trade_alert,official,synthetic
BEACON-0002929,2024-08-01,2024-08-02,TUR,Türkiye,HPAI,0.379,verified,unusual_mortality,media;official,synthetic
BEACON-0002930,2024-07-31,2024-08-02,GEO,Georgia,HPAI,0.117,verified,unusual_mortality,field,synthetic
BEACON-0002931,2024-07-30,2024-08-01,ISR,Israel,HPAI,0.511,verified,media_cluster,media;official,synthetic
BEACON-0002932,2024-07-30,2024-07-30,ISR,Israel,HPAI,0.617,unverified,trade_alert,official,synthetic
BEACON-0002933,2024-08-03,2024-08-04,EGY,Egypt,HPAI,0.092,unverified,syndromic,official,synthetic
BEACON-0002934,2024-07-31,2024-08-01,EGY,Egypt,HPAI,0.252,verified,media_cluster,media;official,synthetic
BEACON-0002935,2024-08-06,2024-08-06,FRA,France,HPAI,0.425,unverified,syndromic,media,synthetic
BEACON-0002936,2024-08-06,2024-08-07,NLD,Netherlands,HPAI,0.394,unverified,unusual_mortality,media,synthetic
BEACON-0002937,2024-08-08,2024-08-10,ITA,Italy,HPAI,0.083,unverified,unusual_mortality,media,synthetic
BEACON-0002938,2024-08-05,2024-08-05,ITA,Italy,HPAI,0.579,unverified,unusual_mortality,media,synthetic
BEACON-0002939,2024-08-07,2024-08-07,ESP,Spain,HPAI,0.337,unverified,media_cluster,media,synthetic
BEACON-0002940,2024-08-06,2024-08-08,ROU,Romania,HPAI,0.207,unverified,unusual_mortality,media,synthetic
BEACON-0002941,2024-08-09,2024-08-09,MDA,Moldova,HPAI,0.708,verified,media_cluster,media;official,synthetic
BEACON-0002942,2024-08-09,2024-08-10,MDA,Moldova,HPAI,0.145,unverified,media_cluster,media;official,synthetic
BEACON-0002943,2024-08-09,2024-08-09,RUS,Russian Federation,HPAI,0.47,unverified,unusual_mortality,media,synthetic
BEACON-0002944,2024-08-10,2024-08-10,TUR,Türkiye,HPAI,0.451,verified,media_cluster,media,synthetic
BEACON-0002945,2024-08-06,2024-08-06,EGY,Egypt,HPAI,0.127,verified,unusual_mortality,media,synthetic
BEACON-0002946,2024-08-15,2024-08-16,DEU,Germany,HPAI,0.46,verified,media_cluster,media;official,synthetic
BEACON-0002947,2024-08-15,2024-08-17,NLD,Netherlands,HPAI,0.239,verified,media_cluster,media;official,synthetic
BEACON-0002948,2024-08-17,2024-08-18,ESP,Spain,HPAI,0.705,unverified,media_cluster,official,synthetic
BEACON-0002949,2024-08-14,2024-08-14,SRB,Serbia,HPAI,0.512,unverified,media_cluster,official,synthetic
BEACON-0002950,2024-08-17,2024-08-18,RUS,Russian Federation,HPAI,0.393,unverified,media_cluster,media,synthetic
BEACON-0002951,2024-08-12,2024-08-14,TUR,Türkiye,HPAI,0.115,verified,media_cluster,media,synthetic
BEACON-0002952,2024-08-15,2024-08-16,EGY,Egypt,HPAI,0.194,verified,media_cluster,media,synthetic
BEACON-0002953,2024-08-17,2024-08-18,EGY,Egypt,HPAI,0.032,unverified,unusual_mortality,media,synthetic
BEACON-0002954,2024-08-13,2024-08-13,EGY,Egypt,HPAI,0.498,unverified,unusual_mortality,official,synthetic
BEACON-0002955,2024-08-14,2024-08-14,TUN,Tunisia,HPAI,0.269,unverified,unusual_mortality,official,synthetic
BEACON-0002956,2024-08-14,2024-08-14,MAR,Morocco,HPAI,0.592,verified,unusual_mortality,media;official,synthetic
BEACON-0002957,2024-08-22,2024-08-23,FRA,France,HPAI,0.319,unverified,media_cluster,media,synthetic
BEACON-0002958,2024-08-19,2024-08-21,FRA,France,HPAI,0.298,unverified,syndromic,field,synthetic
BEACON-0002959,2024-08-20,2024-08-22,DEU,Germany,HPAI,0.126,unverified,unusual_mortality,media,synthetic
BEACON-0002960,2024-08-24,2024-08-26,BEL,Belgium,HPAI,0.677,unverified,media_cluster,field,synthetic
BEACON-0002961,2024-08-23,2024-08-24,ESP,Spain,HPAI,0.12,verified,media_cluster,media,synthetic
BEACON-0002962,2024-08-19,2024-08-21,BGR,Bulgaria,HPAI,0.444,verified,unusual_mortality,official,synthetic
BEACON-0002963,2024-08-23,2024-08-24,UKR,Ukraine,HPAI,0.484,unverified,syndromic,media,synthetic
BEACON-0002964,2024-08-24,2024-08-26,MDA,Moldova,HPAI,0.212,verified,media_cluster,media,synthetic
BEACON-0002965,2024-08-23,2024-08-24,ISR,Israel,HPAI,0.502,unverified,unusual_mortality,field,synthetic
BEACON-0002966,2024-08-23,2024-08-25,ISR,Israel,HPAI,0.392,verified,media_cluster,media;official,synthetic
BEACON-0002967,2024-08-30,2024-08-30,DEU,Germany,HPAI,0.485,unverified,media_cluster,media,synthetic
BEACON-0002968,2024-08-26,2024-08-26,POL,Poland,HPAI,0.29,unverified,unusual_mortality,media;official,synthetic
BEACON-0002969,2024-08-31,2024-09-01,ROU,Romania,HPAI,0.06,unverified,unusual_mortality,media,synthetic
BEACON-0002970,2024-08-28,2024-08-28,BGR,Bulgaria,HPAI,0.319,unverified,media_cluster,media,synthetic
BEACON-0002971,2024-08-30,2024-09-01,SRB,Serbia,HPAI,0.153,verified,unusual_mortality,official,synthetic
BEACON-0002972,2024-08-27,2024-08-29,UKR,Ukraine,HPAI,0.561,verified,unusual_mortality,media,synthetic
BEACON-0002973,2024-08-28,2024-08-28,EGY,Egypt,HPAI,0.576,unverified,media_cluster,media,synthetic
BEACON-0002974,2024-08-31,2024-09-01,MAR,Morocco,HPAI,0.497,verified,syndromic,media,synthetic
BEACON-0002975,2024-09-06,2024-09-06,DEU,Germany,HPAI,0.424,unverified,unusual_mortality,media,synthetic
BEACON-0002976,2024-09-02,2024-09-02,DEU,Germany,HPAI,0.388,unverified,trade_alert,media,synthetic
BEACON-0002977,2024-09-06,2024-09-08,DEU,Germany,HPAI,0.747,unverified,unusual_mortality,media,synthetic
BEACON-0002978,2024-09-02,2024-09-02,NLD,Netherlands,HPAI,0.335,unverified,media_cluster,official,synthetic
BEACON-0002979,2024-09-02,2024-09-04,NLD,Netherlands,HPAI,0.415,unverified,unusual_mortality,media;official,synthetic
BEACON-0002980,2024-09-02,2024-09-04,ESP,Spain,HPAI,0.221,verified,unusual_mortality,media,synthetic
BEACON-0002981,2024-09-02,2024-09-02,POL,Poland,HPAI,0.17,unverified,media_cluster,media;official,synthetic
BEACON-0002982,2024-09-07,2024-09-09,POL,Poland,HPAI,0.347,verified,media_cluster,media;official,synthetic
BEACON-0002983,2024-09-05,2024-09-06,ROU,Romania,HPAI,0.639,unverified,media_cluster,media;official,synthetic
BEACON-0002984,2024-09-06,2024-09-07,UKR,Ukraine,HPAI,0.767,unverified,unusual_mortality,official,synthetic
BEACON-0002985,2024-09-04,2024-09-04,MDA,Moldova,HPAI,0.767,verified,unusual_mortality,media,synthetic
BEACON-0002986,2024-09-06,2024-09-06,RUS,Russian Federation,HPAI,0.38,unverified,unusual_mortality,media,synthetic
BEACON-0002987,2024-09-02,2024-09-02,TUR,Türkiye,HPAI,0.61,unverified,media_cluster,media;official,synthetic
BEACON-0002988,2024-09-07,2024-09-08,EGY,Egypt,HPAI,0.598,unverified,syndromic,media,synthetic
BEACON-0002989,2024-09-05,2024-09-05,EGY,Egypt,HPAI,0.603,unverified,media_cluster,media,synthetic
BEACON-0002990,2024-09-09,2024-09-11,FRA,France,HPAI,0.37,verified,media_cluster,media,synthetic
BEACON-0002991,2024-09-11,2024-09-11,DEU,Germany,HPAI,0.374,verified,unusual_mortality,field,synthetic
BEACON-0002992,2024-09-11,2024-09-12,NLD,Netherlands,HPAI,0.185,unverified,media_cluster,official,synthetic
BEACON-0002993,2024-09-13,2024-09-15,NLD,Netherlands,HPAI,0.475,unverified,media_cluster,media;official,synthetic
BEACON-0002994,2024-09-09,2024-09-10,BEL,Belgium,HPAI,0.085,verified,media_cluster,media,synthetic
BEACON-0002995,2024-09-09,2024-09-10,MDA,Moldova,HPAI,0.367,unverified,media_cluster,media,synthetic
BEACON-0002996,2024-09-12,2024-09-14,RUS,Russian Federation,HPAI,0.19,verified,unusual_mortality,official,synthetic
BEACON-0002997,2024-09-10,2024-09-12,TUR,Türkiye,HPAI,0.72,unverified,unusual_mortality,media;official,synthetic
BEACON-0002998,2024-09-11,2024-09-11,EGY,Egypt,HPAI,0.071,unverified,syndromic,media,synthetic
BEACON-0002999,2024-09-19,2024-09-19,BEL,Belgium,HPAI,0.598,unverified,syndromic,official,synthetic
BEACON-0003000,2024-09-18,2024-09-18,POL,Poland,HPAI,0.171,unverified,unusual_mortality,media;official,synthetic
BEACON-0003001,2024-09-16,2024-09-17,HUN,Hungary,HPAI,0.677,unverified,media_cluster,official,synthetic
BEACON-0003002,2024-09-21,2024-09-22,ROU,Romania,HPAI,0.515,verified,media_cluster,media,synthetic
BEACON-0003003,2024-09-19,2024-09-20,UKR,Ukraine,HPAI,0.656,unverified,trade_alert,official,synthetic
BEACON-0003004,2024-09-16,2024-09-18,UKR,Ukraine,HPAI,0.154,unverified,media_cluster,official,synthetic
BEACON-0003005,2024-09-19,2024-09-19,RUS,Russian Federation,HPAI,0.478,unverified,unusual_mortality,media,synthetic
BEACON-0003006,2024-09-16,2024-09-16,MAR,Morocco,HPAI,0.688,unverified,media_cluster,media,synthetic
BEACON-0003007,2024-09-19,2024-09-19,MAR,Morocco,HPAI,0.427,verified,unusual_mortality,media,synthetic
BEACON-0003008,2024-09-25,2024-09-25,FRA,France,HPAI,0.426,unverified,media_cluster,media,synthetic
BEACON-0003009,2024-09-24,2024-09-26,NLD,Netherlands,HPAI,0.412,verified,media_cluster,field,synthetic
BEACON-0003010,2024-09-23,2024-09-25,NLD,Netherlands,HPAI,0.175,unverified,unusual_mortality,media,synthetic
BEACON-0003011,2024-09-24,2024-09-24,ESP,Spain,HPAI,0.749,unverified,syndromic,media,synthetic
BEACON-0003012,2024-09-27,2024-09-29,ESP,Spain,HPAI,0.367,verified,unusual_mortality,media,synthetic
BEACON-0003013,2024-09-25,2024-09-26,POL,Poland,HPAI,0.14,unverified,media_cluster,official,synthetic
BEACON-0003014,2024-09-26,2024-09-28,HUN,Hungary,HPAI,0.509,unverified,media_cluster,media,synthetic
BEACON-0003015,2024-09-25,2024-09-25,SRB,Serbia,HPAI,0.525,unverified,media_cluster,field,synthetic
BEACON-0003016,2024-09-27,2024-09-29,SRB,Serbia,HPAI,0.633,verified,media_cluster,field,synthetic
BEACON-0003017,2024-09-28,2024-09-29,SRB,Serbia,HPAI,0.22,verified,media_cluster,media;official,synthetic
BEACON-0003018,2024-09-26,2024-09-27,UKR,Ukraine,HPAI,0.462,unverified,media_cluster,media;official,synthetic
BEACON-0003019,2024-09-23,2024-09-23,RUS,Russian Federation,HPAI,0.614,unverified,media_cluster,media;official,synthetic
BEACON-0003020,2024-09-27,2024-09-29,TUR,Türkiye,HPAI,0.413,verified,unusual_mortality,media,synthetic
BEACON-0003021,2024-09-27,2024-09-27,GEO,Georgia,HPAI,0.256,unverified,media_cluster,field,synthetic
BEACON-0003022,2024-09-23,2024-09-23,ISR,Israel,HPAI,0.032,unverified,unusual_mortality,media,synthetic
BEACON-0003023,2024-09-28,2024-09-29,MAR,Morocco,HPAI,0.08,verified,media_cluster,media,synthetic
BEACON-0003024,2024-10-03,2024-10-05,FRA,France,HPAI,0.602,unverified,media_cluster,media;official,synthetic
BEACON-0003025,2024-09-30,2024-09-30,ITA,Italy,HPAI,0.346,verified,unusual_mortality,media;official,synthetic
BEACON-0003026,2024-10-02,2024-10-04,HUN,Hungary,HPAI,0.408,verified,trade_alert,media,synthetic
BEACON-0003027,2024-09-30,2024-09-30,ROU,Romania,HPAI,0.451,unverified,unusual_mortality,media,synthetic
BEACON-0003028,2024-10-01,2024-10-02,MDA,Moldova,HPAI,0.347,unverified,trade_alert,official,synthetic
BEACON-0003029,2024-10-04,2024-10-06,GEO,Georgia,HPAI,0.43,verified,media_cluster,media,synthetic
BEACON-0003030,2024-10-09,2024-10-10,BEL,Belgium,HPAI,0.441,unverified,media_cluster,media,synthetic
BEACON-0003031,2024-10-07,2024-10-09,ITA,Italy,HPAI,0.582,verified,unusual_mortality,media,synthetic
BEACON-0003032,2024-10-10,2024-10-12,ITA,Italy,HPAI,0.689,unverified,unusual_mortality,official,synthetic
BEACON-0003033,2024-10-11,2024-10-11,ESP,Spain,HPAI,0.54,verified,media_cluster,media,synthetic
BEACON-0003034,2024-10-10,2024-10-10,POL,Poland,HPAI,0.162,unverified,syndromic,media,synthetic
BEACON-0003035,2024-10-08,2024-10-10,ROU,Romania,HPAI,0.224,unverified,media_cluster,media,synthetic
BEACON-0003036,2024-10-10,2024-10-11,ROU,Romania,HPAI,0.574,verified,media_cluster,field,synthetic
BEACON-0003037,2024-10-09,2024-10-10,UKR,Ukraine,HPAI,0.454,unverified,unusual_mortality,media;official,synthetic
BEACON-0003038,2024-10-09,2024-10-10,GEO,Georgia,HPAI,0.189,unverified,media_cluster,media;official,synthetic
BEACON-0003039,2024-10-17,2024-10-18,DEU,Germany,HPAI,0.229,verified,trade_alert,media;official,synthetic
BEACON-0003040,2024-10-17,2024-10-18,ITA,Italy,HPAI,0.276,verified,syndromic,media,synthetic
BEACON-0003041,2024-10-14,2024-10-16,HUN,Hungary,HPAI,0.432,verified,media_cluster,media,synthetic
BEACON-0003042,2024-10-17,2024-10-19,BGR,Bulgaria,HPAI,0.141,unverified,media_cluster,media,synthetic
BEACON-0003043,2024-10-14,2024-10-15,SRB,Serbia,HPAI,0.159,unverified,syndromic,media,synthetic
BEACON-0003044,2024-10-14,2024-10-14,SRB,Serbia,HPAI,0.292,verified,unusual_mortality,media,synthetic
BEACON-0003045,2024-10-19,2024-10-19,MDA,Moldova,HPAI,0.499,unverified,media_cluster,field,synthetic
BEACON-0003046,2024-10-14,2024-10-15,MDA,Moldova,HPAI,0.35,verified,media_cluster,media,synthetic
BEACON-0003047,2024-10-16,2024-10-18,TUR,Türkiye,HPAI,0.503,unverified,unusual_mortality,media,synthetic
BEACON-0003048,2024-10-17,2024-10-19,GEO,Georgia,HPAI,0.351,verified,media_cluster,media,synthetic
BEACON-0003049,2024-10-14,2024-10-14,GEO,Georgia,HPAI,0.535,unverified,trade_alert,media,synthetic
BEACON-0003050,2024-10-18,2024-10-20,EGY,Egypt,HPAI,0.696,unverified,syndromic,media,synthetic
BEACON-0003051,2024-10-15,2024-10-15,EGY,Egypt,HPAI,0.555,unverified,unusual_mortality,media,synthetic
BEACON-0003052,2024-10-21,2024-10-22,BEL,Belgium,HPAI,0.413,verified,media_cluster,media,synthetic
BEACON-0003053,2024-10-23,2024-10-23,BEL,Belgium,HPAI,0.673,verified,syndromic,media;official,synthetic
BEACON-0003054,2024-10-24,2024-10-25,ITA,Italy,HPAI,0.849,unverified,media_cluster,media,synthetic
BEACON-0003055,2024-10-22,2024-10-22,ITA,Italy,HPAI,0.303,unverified,media_cluster,official,synthetic
BEACON-0003056,2024-10-22,2024-10-22,HUN,Hungary,HPAI,0.463,verified,unusual_mortality,official,synthetic
BEACON-0003057,2024-10-24,2024-10-26,ROU,Romania,HPAI,0.141,unverified,trade_alert,official,synthetic
BEACON-0003058,2024-10-26,2024-10-27,MDA,Moldova,HPAI,0.514,unverified,syndromic,field,synthetic
BEACON-0003059,2024-10-24,2024-10-25,RUS,Russian Federation,HPAI,0.765,verified,media_cluster,official,synthetic
BEACON-0003060,2024-10-21,2024-10-22,RUS,Russian Federation,HPAI,0.166,verified,trade_alert,field,synthetic
BEACON-0003061,2024-10-23,2024-10-25,TUR,Türkiye,HPAI,0.358,unverified,unusual_mortality,media,synthetic
BEACON-0003062,2024-10-22,2024-10-23,GEO,Georgia,HPAI,0.935,unverified,trade_alert,field,synthetic
BEACON-0003063,2024-10-23,2024-10-23,EGY,Egypt,HPAI,0.689,verified,unusual_mortality,media,synthetic
BEACON-0003064,2024-11-01,2024-11-01,FRA,France,HPAI,0.421,unverified,unusual_mortality,media;official,synthetic
BEACON-0003065,2024-11-02,2024-11-04,DEU,Germany,HPAI,0.383,unverified,syndromic,media,synthetic
BEACON-0003066,2024-10-29,2024-10-29,NLD,Netherlands,HPAI,0.768,unverified,media_cluster,media,synthetic
BEACON-0003067,2024-11-02,2024-11-03,NLD,Netherlands,HPAI,0.5,verified,media_cluster,media,synthetic
BEACON-0003068,2024-11-01,2024-11-01,BGR,Bulgaria,HPAI,0.32,verified,media_cluster,media;official,synthetic
BEACON-0003069,2024-11-02,2024-11-02,BGR,Bulgaria,HPAI,0.466,unverified,syndromic,media,synthetic
BEACON-0003070,2024-10-28,2024-10-30,SRB,Serbia,HPAI,0.501,verified,trade_alert,media,synthetic
BEACON-0003071,2024-11-01,2024-11-01,SRB,Serbia,HPAI,0.219,verified,syndromic,media;official,synthetic
BEACON-0003072,2024-10-31,2024-10-31,UKR,Ukraine,HPAI,0.36,verified,syndromic,media;official,synthetic
BEACON-0003073,2024-10-29,2024-10-31,MDA,Moldova,HPAI,0.201,verified,syndromic,media,synthetic
BEACON-0003074,2024-10-29,2024-10-30,MDA,Moldova,HPAI,0.282,verified,syndromic,media,synthetic
BEACON-0003075,2024-10-30,2024-11-01,RUS,Russian Federation,HPAI,0.856,unverified,media_cluster,media,synthetic
BEACON-0003076,2024-10-31,2024-11-02,TUN,Tunisia,HPAI,0.48,verified,unusual_mortality,media,synthetic
BEACON-0003077,2024-10-28,2024-10-29,TUN,Tunisia,HPAI,0.594,verified,unusual_mortality,media,synthetic
BEACON-0003078,2024-11-04,2024-11-05,FRA,France,HPAI,0.354,unverified,trade_alert,media,synthetic
BEACON-0003079,2024-11-05,2024-11-05,FRA,France,HPAI,0.623,unverified,media_cluster,media;official,synthetic
BEACON-0003080,2024-11-04,2024-11-04,DEU,Germany,HPAI,0.217,unverified,media_cluster,media,synthetic
BEACON-0003081,2024-11-08,2024-11-10,DEU,Germany,HPAI,0.584,unverified,media_cluster,media;official,synthetic
BEACON-0003082,2024-11-05,2024-11-07,DEU,Germany,HPAI,0.742,unverified,trade_alert,media,synthetic
BEACON-0003083,2024-11-06,2024-11-08,NLD,Netherlands,HPAI,1.0,verified,media_cluster,media;official,synthetic
BEACON-0003084,2024-11-04,2024-11-06,BEL,Belgium,HPAI,0.861,unverified,syndromic,media,synthetic
BEACON-0003085,2024-11-08,2024-11-08,BEL,Belgium,HPAI,0.391,unverified,syndromic,official,synthetic
BEACON-0003086,2024-11-04,2024-11-04,ITA,Italy,HPAI,0.587,verified,trade_alert,media,synthetic
BEACON-0003087,2024-11-05,2024-11-05,ITA,Italy,HPAI,0.31,unverified,media_cluster,media;official,synthetic
BEACON-0003088,2024-11-07,2024-11-09,POL,Poland,HPAI,0.415,unverified,unusual_mortality,media,synthetic
BEACON-0003089,2024-11-07,2024-11-09,ROU,Romania,HPAI,0.509,verified,media_cluster,media;official,synthetic
BEACON-0003090,2024-11-07,2024-11-07,ROU,Romania,HPAI,0.781,unverified,media_cluster,media,synthetic
BEACON-0003091,2024-11-07,2024-11-08,MDA,Moldova,HPAI,0.673,verified,media_cluster,media;official,synthetic
BEACON-0003092,2024-11-04,2024-11-05,MDA,Moldova,HPAI,0.458,unverified,unusual_mortality,media,synthetic
BEACON-0003093,2024-11-04,2024-11-06,EGY,Egypt,HPAI,0.852,unverified,trade_alert,media;official,synthetic
BEACON-0003094,2024-11-05,2024-11-05,EGY,Egypt,HPAI,0.463,unverified,trade_alert,media,synthetic
BEACON-0003095,2024-11-06,2024-11-06,MAR,Morocco,HPAI,0.72,unverified,syndromic,official,synthetic
BEACON-0003096,2024-11-14,2024-11-15,DEU,Germany,HPAI,0.969,verified,media_cluster,official,synthetic
BEACON-0003097,2024-11-11,2024-11-13,NLD,Netherlands,HPAI,1.0,unverified,unusual_mortality,media,synthetic
BEACON-0003098,2024-11-13,2024-11-13,NLD,Netherlands,HPAI,0.873,unverified,unusual_mortality,field,synthetic
BEACON-0003099,2024-11-14,2024-11-15,NLD,Netherlands,HPAI,0.766,verified,media_cluster,field,synthetic
BEACON-0003100,2024-11-11,2024-11-11,NLD,Netherlands,HPAI,0.837,verified,unusual_mortality,media,synthetic
BEACON-0003101,2024-11-14,2024-11-14,BEL,Belgium,HPAI,0.894,verified,syndromic,media,synthetic
BEACON-0003102,2024-11-16,2024-11-16,BEL,Belgium,HPAI,0.547,verified,syndromic,media,synthetic
BEACON-0003103,2024-11-15,2024-11-17,ITA,Italy,HPAI,0.405,unverified,media_cluster,media;official,synthetic
BEACON-0003104,2024-11-14,2024-11-15,ROU,Romania,HPAI,0.48,unverified,trade_alert,field,synthetic
BEACON-0003105,2024-11-15,2024-11-17,UKR,Ukraine,HPAI,0.483,unverified,media_cluster,media,synthetic
BEACON-0003106,2024-11-16,2024-11-18,MDA,Moldova,HPAI,0.2,verified,unusual_mortality,media,synthetic
BEACON-0003107,2024-11-12,2024-11-14,TUR,Türkiye,HPAI,0.497,unverified,media_cluster,media,synthetic
BEACON-0003108,2024-11-11,2024-11-12,ISR,Israel,HPAI,0.287,verified,syndromic,official,synthetic
BEACON-0003109,2024-11-16,2024-11-16,TUN,Tunisia,HPAI,0.348,verified,unusual_mortality,media;official,synthetic
BEACON-0003110,2024-11-22,2024-11-23,FRA,France,HPAI,0.885,unverified,media_cluster,media,synthetic
BEACON-0003111,2024-11-20,2024-11-21,NLD,Netherlands,HPAI,0.706,verified,media_cluster,official,synthetic
BEACON-0003112,2024-11-23,2024-11-24,NLD,Netherlands,HPAI,0.452,verified,media_cluster,media;official,synthetic
BEACON-0003113,2024-11-22,2024-11-23,BEL,Belgium,HPAI,0.872,unverified,syndromic,media;official,synthetic
BEACON-0003114,2024-11-18,2024-11-19,BEL,Belgium,HPAI,0.896,unverified,media_cluster,media;official,synthetic
BEACON-0003115,2024-11-23,2024-11-25,ITA,Italy,HPAI,0.217,verified,unusual_mortality,official,synthetic
BEACON-0003116,2024-11-19,2024-11-21,POL,Poland,HPAI,0.775,verified,unusual_mortality,media,synthetic
BEACON-0003117,2024-11-20,2024-11-21,POL,Poland,HPAI,1.0,verified,unusual_mortality,official,synthetic
BEACON-0003118,2024-11-18,2024-11-19,POL,Poland,HPAI,0.251,unverified,media_cluster,media,synthetic
BEACON-0003119,2024-11-22,2024-11-23,ROU,Romania,HPAI,0.596,unverified,trade_alert,field,synthetic
BEACON-0003120,2024-11-20,2024-11-21,ROU,Romania,HPAI,0.52,unverified,unusual_mortality,media,synthetic
BEACON-0003121,2024-11-19,2024-11-20,ROU,Romania,HPAI,0.341,unverified,unusual_mortality,field,synthetic
BEACON-0003122,2024-11-18,2024-11-18,ROU,Romania,HPAI,0.521,verified,media_cluster,official,synthetic
BEACON-0003123,2024-11-21,2024-11-21,SRB,Serbia,HPAI,0.52,unverified,media_cluster,media,synthetic
BEACON-0003124,2024-11-21,2024-11-23,SRB,Serbia,HPAI,0.69,unverified,unusual_mortality,official,synthetic
BEACON-0003125,2024-11-21,2024-11-21,UKR,Ukraine,HPAI,0.356,unverified,media_cluster,media;official,synthetic
BEACON-0003126,2024-11-22,2024-11-22,TUR,Türkiye,HPAI,0.506,unverified,media_cluster,media,synthetic
BEACON-0003127,2024-11-21,2024-11-23,ISR,Israel,HPAI,0.275,unverified,media_cluster,official,synthetic
BEACON-0003128,2024-11-26,2024-11-27,FRA,France,HPAI,0.694,unverified,unusual_mortality,official,synthetic
BEACON-0003129,2024-11-27,2024-11-28,DEU,Germany,HPAI,0.64,unverified,syndromic,media;official,synthetic
BEACON-0003130,2024-11-30,2024-11-30,NLD,Netherlands,HPAI,0.515,verified,trade_alert,media,synthetic
BEACON-0003131,2024-11-25,2024-11-27,NLD,Netherlands,HPAI,0.654,unverified,syndromic,media,synthetic
BEACON-0003132,2024-11-29,2024-11-30,NLD,Netherlands,HPAI,0.902,unverified,media_cluster,media;official,synthetic
BEACON-0003133,2024-11-25,2024-11-26,NLD,Netherlands,HPAI,0.727,verified,unusual_mortality,media,synthetic
BEACON-0003134,2024-11-29,2024-12-01,NLD,Netherlands,HPAI,0.572,verified,unusual_mortality,official,synthetic
BEACON-0003135,2024-11-28,2024-11-28,BEL,Belgium,HPAI,0.781,unverified,unusual_mortality,media,synthetic
BEACON-0003136,2024-11-25,2024-11-27,BEL,Belgium,HPAI,0.738,unverified,unusual_mortality,media;official,synthetic
BEACON-0003137,2024-11-25,2024-11-25,BEL,Belgium,HPAI,1.0,unverified,syndromic,media,synthetic
BEACON-0003138,2024-11-30,2024-12-02,ESP,Spain,HPAI,0.432,unverified,unusual_mortality,media,synthetic
BEACON-0003139,2024-11-26,2024-11-28,POL,Poland,HPAI,0.617,verified,media_cluster,media,synthetic
BEACON-0003140,2024-11-25,2024-11-25,POL,Poland,HPAI,0.455,unverified,syndromic,media,synthetic
BEACON-0003141,2024-11-26,2024-11-27,HUN,Hungary,HPAI,0.695,verified,unusual_mortality,media,synthetic
BEACON-0003142,2024-11-29,2024-11-30,HUN,Hungary,HPAI,0.501,unverified,media_cluster,media,synthetic
BEACON-0003143,2024-11-28,2024-11-28,ROU,Romania,HPAI,0.503,verified,media_cluster,media,synthetic
BEACON-0003144,2024-11-29,2024-11-30,RUS,Russian Federation,HPAI,0.5,unverified,media_cluster,field,synthetic
BEACON-0003145,2024-11-25,2024-11-27,GEO,Georgia,HPAI,0.421,unverified,unusual_mortality,official,synthetic
BEACON-0003146,2024-11-29,2024-12-01,TUN,Tunisia,HPAI,0.468,unverified,media_cluster,media,synthetic
BEACON-0003147,2024-12-02,2024-12-04,DEU,Germany,HPAI,0.817,unverified,syndromic,media;official,synthetic
BEACON-0003148,2024-12-04,2024-12-06,NLD,Netherlands,HPAI,1.0,verified,syndromic,media,synthetic
BEACON-0003149,2024-12-06,2024-12-06,NLD,Netherlands,HPAI,0.72,unverified,media_cluster,media,synthetic
BEACON-0003150,2024-12-05,2024-12-06,NLD,Netherlands,HPAI,1.0,unverified,unusual_mortality,media;official,synthetic
BEACON-0003151,2024-12-06,2024-12-06,NLD,Netherlands,HPAI,1.0,unverified,unusual_mortality,media,synthetic
BEACON-0003152,2024-12-04,2024-12-05,BEL,Belgium,HPAI,0.662,verified,media_cluster,media,synthetic
BEACON-0003153,2024-12-05,2024-12-05,ITA,Italy,HPAI,0.339,unverified,syndromic,media,synthetic
BEACON-0003154,2024-12-06,2024-12-06,ESP,Spain,HPAI,0.257,unverified,syndromic,field,synthetic
BEACON-0003155,2024-12-05,2024-12-07,ROU,Romania,HPAI,0.932,unverified,syndromic,media,synthetic
BEACON-0003156,2024-12-02,2024-12-03,SRB,Serbia,HPAI,0.699,unverified,trade_alert,media;official,synthetic
BEACON-0003157,2024-12-02,2024-12-04,SRB,Serbia,HPAI,0.394,verified,media_cluster,media,synthetic
BEACON-0003158,2024-12-06,2024-12-08,SRB,Serbia,HPAI,0.501,unverified,syndromic,media,synthetic
BEACON-0003159,2024-12-04,2024-12-06,GEO,Georgia,HPAI,0.559,unverified,media_cluster,media,synthetic
BEACON-0003160,2024-12-02,2024-12-04,GEO,Georgia,HPAI,0.427,unverified,media_cluster,media,synthetic
BEACON-0003161,2024-12-05,2024-12-05,TUN,Tunisia,HPAI,0.613,verified,syndromic,field,synthetic
BEACON-0003162,2024-12-04,2024-12-06,TUN,Tunisia,HPAI,0.479,unverified,unusual_mortality,media,synthetic
BEACON-0003163,2024-12-02,2024-12-04,TUN,Tunisia,HPAI,0.186,unverified,trade_alert,official,synthetic
BEACON-0003164,2024-12-14,2024-12-15,FRA,France,HPAI,0.147,unverified,syndromic,media,synthetic
BEACON-0003165,2024-12-10,2024-12-11,DEU,Germany,HPAI,0.673,unverified,unusual_mortality,media;official,synthetic
BEACON-0003166,2024-12-09,2024-12-09,DEU,Germany,HPAI,0.953,unverified,unusual_mortality,official,synthetic
BEACON-0003167,2024-12-11,2024-12-11,DEU,Germany,HPAI,0.89,unverified,media_cluster,media,synthetic
BEACON-0003168,2024-12-11,2024-12-11,DEU,Germany,HPAI,0.906,unverified,media_cluster,media;official,synthetic
BEACON-0003169,2024-12-09,2024-12-09,DEU,Germany,HPAI,0.517,verified,media_cluster,media;official,synthetic
BEACON-0003170,2024-12-14,2024-12-14,NLD,Netherlands,HPAI,0.627,unverified,syndromic,media,synthetic
BEACON-0003171,2024-12-13,2024-12-13,NLD,Netherlands,HPAI,0.815,verified,unusual_mortality,media;official,synthetic
BEACON-0003172,2024-12-14,2024-12-15,BEL,Belgium,HPAI,1.0,unverified,media_cluster,media,synthetic
BEACON-0003173,2024-12-11,2024-12-12,BEL,Belgium,HPAI,1.0,verified,unusual_mortality,media,synthetic
BEACON-0003174,2024-12-14,2024-12-15,BEL,Belgium,HPAI,0.685,verified,trade_alert,media;official,synthetic
BEACON-0003175,2024-12-14,2024-12-14,BEL,Belgium,HPAI,0.986,unverified,unusual_mortality,media,synthetic
BEACON-0003176,2024-12-12,2024-12-12,ITA,Italy,HPAI,0.923,unverified,trade_alert,media,synthetic
BEACON-0003177,2024-12-12,2024-12-13,ESP,Spain,HPAI,0.313,verified,trade_alert,official,synthetic
BEACON-0003178,2024-12-09,2024-12-10,ESP,Spain,HPAI,0.391,unverified,trade_alert,official,synthetic
BEACON-0003179,2024-12-09,2024-12-11,ESP,Spain,HPAI,0.474,unverified,media_cluster,media,synthetic
BEACON-0003180,2024-12-11,2024-12-11,POL,Poland,HPAI,0.682,verified,media_cluster,official,synthetic
BEACON-0003181,2024-12-10,2024-12-12,HUN,Hungary,HPAI,0.597,unverified,unusual_mortality,official,synthetic
BEACON-0003182,2024-12-10,2024-12-12,ROU,Romania,HPAI,0.598,verified,media_cluster,official,synthetic
BEACON-0003183,2024-12-14,2024-12-16,ROU,Romania,HPAI,0.674,unverified,unusual_mortality,media,synthetic
BEACON-0003184,2024-12-10,2024-12-12,BGR,Bulgaria,HPAI,0.586,verified,trade_alert,media,synthetic
BEACON-0003185,2024-12-11,2024-12-12,SRB,Serbia,HPAI,0.461,unverified,media_cluster,field,synthetic
BEACON-0003186,2024-12-11,2024-12-11,SRB,Serbia,HPAI,0.624,unverified,unusual_mortality,media,synthetic
BEACON-0003187,2024-12-14,2024-12-16,MDA,Moldova,HPAI,0.291,verified,media_cluster,media;official,synthetic
BEACON-0003188,2024-12-10,2024-12-11,GEO,Georgia,HPAI,0.22,verified,media_cluster,media,synthetic
BEACON-0003189,2024-12-11,2024-12-11,ISR,Israel,HPAI,0.734,verified,unusual_mortality,media,synthetic
BEACON-0003190,2024-12-09,2024-12-10,EGY,Egypt,HPAI,0.461,verified,unusual_mortality,official,synthetic
BEACON-0003191,2024-12-12,2024-12-12,MAR,Morocco,HPAI,0.251,verified,unusual_mortality,media,synthetic
BEACON-0003192,2024-12-11,2024-12-12,MAR,Morocco,HPAI,0.395,verified,media_cluster,media;official,synthetic
BEACON-0003193,2024-12-18,2024-12-19,FRA,France,HPAI,0.86,unverified,media_cluster,media,synthetic
BEACON-0003194,2024-12-19,2024-12-21,FRA,France,HPAI,0.871,verified,media_cluster,media,synthetic
BEACON-0003195,2024-12-21,2024-12-23,DEU,Germany,HPAI,0.442,verified,media_cluster,media,synthetic
BEACON-0003196,2024-12-17,2024-12-17,DEU,Germany,HPAI,0.348,unverified,media_cluster,official,synthetic
BEACON-0003197,2024-12-19,2024-12-20,NLD,Netherlands,HPAI,0.501,verified,unusual_mortality,media,synthetic
BEACON-0003198,2024-12-20,2024-12-21,NLD,Netherlands,HPAI,0.513,verified,trade_alert,media,synthetic
BEACON-0003199,2024-12-18,2024-12-18,BEL,Belgium,HPAI,0.456,unverified,media_cluster,media,synthetic
BEACON-0003200,2024-12-21,2024-12-22,BEL,Belgium,HPAI,0.651,unverified,trade_alert,media;official,synthetic
BEACON-0003201,2024-12-18,2024-12-20,ITA,Italy,HPAI,0.645,unverified,syndromic,media;official,synthetic
BEACON-0003202,2024-12-18,2024-12-20,ITA,Italy,HPAI,0.505,unverified,media_cluster,official,synthetic
BEACON-0003203,2024-12-19,2024-12-20,ITA,Italy,HPAI,0.604,unverified,media_cluster,media,synthetic
BEACON-0003204,2024-12-17,2024-12-18,ESP,Spain,HPAI,0.565,verified,unusual_mortality,media,synthetic
BEACON-0003205,2024-12-21,2024-12-23,ESP,Spain,HPAI,0.55,verified,media_cluster,media,synthetic
BEACON-0003206,2024-12-17,2024-12-17,ESP,Spain,HPAI,0.334,verified,media_cluster,media,synthetic
BEACON-0003207,2024-12-16,2024-12-18,POL,Poland,HPAI,0.95,unverified,syndromic,field,synthetic
BEACON-0003208,2024-12-17,2024-12-17,POL,Poland,HPAI,0.938,verified,media_cluster,media;official,synthetic
BEACON-0003209,2024-12-21,2024-12-23,POL,Poland,HPAI,0.444,unverified,unusual_mortality,media,synthetic
BEACON-0003210,2024-12-16,2024-12-17,HUN,Hungary,HPAI,0.447,verified,media_cluster,media;official,synthetic
BEACON-0003211,2024-12-18,2024-12-18,HUN,Hungary,HPAI,0.475,unverified,unusual_mortality,media;official,synthetic
BEACON-0003212,2024-12-18,2024-12-19,BGR,Bulgaria,HPAI,0.869,unverified,unusual_mortality,media,synthetic
BEACON-0003213,2024-12-17,2024-12-17,BGR,Bulgaria,HPAI,0.348,verified,unusual_mortality,media,synthetic
BEACON-0003214,2024-12-19,2024-12-20,BGR,Bulgaria,HPAI,0.334,unverified,media_cluster,media,synthetic
BEACON-0003215,2024-12-19,2024-12-21,BGR,Bulgaria,HPAI,0.385,unverified,media_cluster,media,synthetic
BEACON-0003216,2024-12-19,2024-12-19,UKR,Ukraine,HPAI,0.636,unverified,media_cluster,media;official,synthetic
BEACON-0003217,2024-12-17,2024-12-17,UKR,Ukraine,HPAI,0.721,unverified,syndromic,media,synthetic
BEACON-0003218,2024-12-17,2024-12-18,MDA,Moldova,HPAI,0.128,unverified,media_cluster,media,synthetic
BEACON-0003219,2024-12-17,2024-12-18,RUS,Russian Federation,HPAI,0.516,verified,media_cluster,media,synthetic
BEACON-0003220,2024-12-20,2024-12-21,RUS,Russian Federation,HPAI,0.519,unverified,media_cluster,media;official,synthetic
BEACON-0003221,2024-12-21,2024-12-22,RUS,Russian Federation,HPAI,0.627,verified,media_cluster,media;official,synthetic
BEACON-0003222,2024-12-16,2024-12-18,TUR,Türkiye,HPAI,0.54,unverified,media_cluster,media,synthetic
BEACON-0003223,2024-12-18,2024-12-18,TUR,Türkiye,HPAI,0.777,unverified,media_cluster,media,synthetic
BEACON-0003224,2024-12-21,2024-12-21,ISR,Israel,HPAI,0.529,unverified,media_cluster,official,synthetic
BEACON-0003225,2024-12-21,2024-12-23,TUN,Tunisia,HPAI,0.522,verified,media_cluster,media,synthetic
BEACON-0003226,2024-12-18,2024-12-19,TUN,Tunisia,HPAI,0.613,verified,unusual_mortality,media,synthetic
BEACON-0003227,2024-12-17,2024-12-18,TUN,Tunisia,HPAI,0.438,unverified,syndromic,media;official,synthetic
BEACON-0003228,2024-12-20,2024-12-21,TUN,Tunisia,HPAI,0.602,unverified,media_cluster,media;official,synthetic
BEACON-0003229,2024-12-19,2024-12-20,MAR,Morocco,HPAI,0.432,verified,syndromic,official,synthetic
BEACON-0003230,2024-12-21,2024-12-23,MAR,Morocco,HPAI,0.714,verified,syndromic,media,synthetic
BEACON-0003231,2024-12-23,2024-12-24,FRA,France,HPAI,0.739,verified,media_cluster,media;official,synthetic
BEACON-0003232,2024-12-25,2024-12-26,FRA,France,HPAI,0.663,verified,unusual_mortality,media,synthetic
BEACON-0003233,2024-12-23,2024-12-24,FRA,France,HPAI,0.618,verified,unusual_mortality,media;official,synthetic
BEACON-0003234,2024-12-23,2024-12-25,NLD,Netherlands,HPAI,0.432,verified,media_cluster,media,synthetic
BEACON-0003235,2024-12-27,2024-12-29,BEL,Belgium,HPAI,0.371,verified,media_cluster,media;official,synthetic
BEACON-0003236,2024-12-27,2024-12-29,ITA,Italy,HPAI,0.748,unverified,media_cluster,media,synthetic
BEACON-0003237,2024-12-25,2024-12-25,ITA,Italy,HPAI,0.738,verified,unusual_mortality,media,synthetic
BEACON-0003238,2024-12-28,2024-12-30,ITA,Italy,HPAI,0.626,unverified,media_cluster,media;official,synthetic
BEACON-0003239,2024-12-26,2024-12-28,POL,Poland,HPAI,0.579,unverified,trade_alert,media;official,synthetic
BEACON-0003240,2024-12-25,2024-12-26,ROU,Romania,HPAI,0.628,verified,trade_alert,media,synthetic
BEACON-0003241,2024-12-28,2024-12-30,BGR,Bulgaria,HPAI,0.487,unverified,unusual_mortality,media,synthetic
BEACON-0003242,2024-12-25,2024-12-26,BGR,Bulgaria,HPAI,0.605,verified,media_cluster,media,synthetic
BEACON-0003243,2024-12-25,2024-12-25,GEO,Georgia,HPAI,0.66,verified,media_cluster,media,synthetic
BEACON-0003244,2024-12-26,2024-12-28,GEO,Georgia,HPAI,0.163,verified,trade_alert,media;official,synthetic
BEACON-0003245,2024-12-25,2024-12-26,EGY,Egypt,HPAI,0.715,verified,trade_alert,media;official,synthetic
BEACON-0003246,2024-12-27,2024-12-27,TUN,Tunisia,HPAI,0.297,unverified,unusual_mortality,media,synthetic
BEACON-0003247,2024-12-27,2024-12-28,MAR,Morocco,HPAI,0.106,unverified,unusual_mortality,media;official,synthetic
BEACON-0003248,2024-12-26,2024-12-27,MAR,Morocco,HPAI,0.669,verified,media_cluster,media,synthetic
BEACON-0003249,2024-12-28,2024-12-29,MAR,Morocco,HPAI,0.597,verified,unusual_mortality,official,synthetic
BEACON-0003250,2024-12-30,2024-12-31,FRA,France,HPAI,0.44,unverified,unusual_mortality,media,synthetic
BEACON-0003251,2025-01-01,2025-01-03,NLD,Netherlands,HPAI,0.633,verified,unusual_mortality,media,synthetic
BEACON-0003252,2025-01-03,2025-01-05,BEL,Belgium,HPAI,0.276,verified,unusual_mortality,media,synthetic
BEACON-0003253,2025-01-03,2025-01-04,BEL,Belgium,HPAI,0.545,unverified,media_cluster,media,synthetic
BEACON-0003254,2024-12-30,2025-01-01,ITA,Italy,HPAI,0.985,verified,syndromic,media,synthetic
BEACON-0003255,2025-01-01,2025-01-02,ESP,Spain,HPAI,0.592,unverified,unusual_mortality,media,synthetic
BEACON-0003256,2025-01-03,2025-01-03,ESP,Spain,HPAI,0.715,verified,unusual_mortality,field,synthetic
BEACON-0003257,2025-01-04,2025-01-04,ESP,Spain,HPAI,0.691,verified,syndromic,media,synthetic
BEACON-0003258,2024-12-31,2025-01-01,POL,Poland,HPAI,0.208,verified,unusual_mortality,media;official,synthetic
BEACON-0003259,2025-01-01,2025-01-01,POL,Poland,HPAI,0.485,unverified,unusual_mortality,media;official,synthetic
BEACON-0003260,2024-12-30,2024-12-30,HUN,Hungary,HPAI,0.524,verified,media_cluster,media;official,synthetic
BEACON-0003261,2025-01-03,2025-01-03,BGR,Bulgaria,HPAI,0.714,verified,unusual_mortality,official,synthetic
BEACON-0003262,2024-12-31,2024-12-31,SRB,Serbia,HPAI,0.288,unverified,media_cluster,media,synthetic
BEACON-0003263,2025-01-03,2025-01-04,SRB,Serbia,HPAI,0.293,verified,media_cluster,field,synthetic
BEACON-0003264,2025-01-02,2025-01-04,TUR,Türkiye,HPAI,0.381,unverified,unusual_mortality,media,synthetic
BEACON-0003265,2024-12-31,2024-12-31,GEO,Georgia,HPAI,0.727,unverified,syndromic,media,synthetic
BEACON-0003266,2025-01-02,2025-01-03,EGY,Egypt,HPAI,0.283,unverified,syndromic,media,synthetic
BEACON-0003267,2025-01-06,2025-01-06,NLD,Netherlands,HPAI,0.189,verified,unusual_mortality,media;official,synthetic
BEACON-0003268,2025-01-11,2025-01-13,BEL,Belgium,HPAI,0.278,verified,unusual_mortality,official,synthetic
BEACON-0003269,2025-01-08,2025-01-08,BEL,Belgium,HPAI,0.534,verified,media_cluster,media;official,synthetic
BEACON-0003270,2025-01-07,2025-01-09,ESP,Spain,HPAI,1.0,verified,unusual_mortality,media;official,synthetic
BEACON-0003271,2025-01-08,2025-01-09,ESP,Spain,HPAI,0.869,unverified,media_cluster,media,synthetic
BEACON-0003272,2025-01-10,2025-01-10,POL,Poland,HPAI,0.838,unverified,unusual_mortality,media,synthetic
BEACON-0003273,2025-01-06,2025-01-06,POL,Poland,HPAI,0.476,unverified,unusual_mortality,media,synthetic
BEACON-0003274,2025-01-10,2025-01-10,ROU,Romania,HPAI,0.448,unverified,media_cluster,media,synthetic
BEACON-0003275,2025-01-07,2025-01-09,ROU,Romania,HPAI,0.531,unverified,media_cluster,media,synthetic
BEACON-0003276,2025-01-06,2025-01-07,SRB,Serbia,HPAI,0.223,verified,media_cluster,official,synthetic
BEACON-0003277,2025-01-09,2025-01-11,UKR,Ukraine,HPAI,0.708,verified,unusual_mortality,media;official,synthetic
BEACON-0003278,2025-01-07,2025-01-09,UKR,Ukraine,HPAI,0.738,unverified,unusual_mortality,field,synthetic
BEACON-0003279,2025-01-10,2025-01-12,MDA,Moldova,HPAI,0.418,verified,unusual_mortality,media,synthetic
BEACON-0003280,2025-01-07,2025-01-07,TUR,Türkiye,HPAI,0.356,unverified,syndromic,media,synthetic
BEACON-0003281,2025-01-11,2025-01-11,GEO,Georgia,HPAI,0.315,unverified,media_cluster,media,synthetic
BEACON-0003282,2025-01-11,2025-01-13,ISR,Israel,HPAI,0.146,unverified,syndromic,media,synthetic
BEACON-0003283,2025-01-08,2025-01-08,TUN,Tunisia,HPAI,0.301,verified,media_cluster,media,synthetic
BEACON-0003284,2025-01-14,2025-01-14,NLD,Netherlands,HPAI,0.421,verified,media_cluster,media,synthetic
BEACON-0003285,2025-01-16,2025-01-17,ITA,Italy,HPAI,0.54,unverified,media_cluster,official,synthetic
BEACON-0003286,2025-01-13,2025-01-14,ITA,Italy,HPAI,0.269,unverified,trade_alert,media,synthetic
BEACON-0003287,2025-01-18,2025-01-18,ITA,Italy,HPAI,0.668,unverified,media_cluster,official,synthetic
BEACON-0003288,2025-01-15,2025-01-17,ITA,Italy,HPAI,0.883,unverified,unusual_mortality,official,synthetic
BEACON-0003289,2025-01-17,2025-01-18,ESP,Spain,HPAI,0.336,verified,media_cluster,media,synthetic
BEACON-0003290,2025-01-18,2025-01-20,ESP,Spain,HPAI,0.419,unverified,unusual_mortality,media;official,synthetic
BEACON-0003291,2025-01-13,2025-01-13,HUN,Hungary,HPAI,0.125,unverified,unusual_mortality,media,synthetic
BEACON-0003292,2025-01-13,2025-01-13,BGR,Bulgaria,HPAI,0.655,unverified,media_cluster,official,synthetic
BEACON-0003293,2025-01-14,2025-01-16,SRB,Serbia,HPAI,0.463,verified,media_cluster,media,synthetic
BEACON-0003294,2025-01-13,2025-01-15,RUS,Russian Federation,HPAI,0.324,unverified,syndromic,media,synthetic
BEACON-0003295,2025-01-23,2025-01-23,DEU,Germany,HPAI,0.543,unverified,media_cluster,media,synthetic
BEACON-0003296,2025-01-21,2025-01-21,BEL,Belgium,HPAI,0.579,unverified,unusual_mortality,media,synthetic
BEACON-0003297,2025-01-23,2025-01-25,ITA,Italy,HPAI,0.593,verified,media_cluster,media,synthetic
BEACON-0003298,2025-01-25,2025-01-25,ESP,Spain,HPAI,0.945,unverified,unusual_mortality,field,synthetic
BEACON-0003299,2025-01-23,2025-01-25,HUN,Hungary,HPAI,0.39,unverified,media_cluster,media,synthetic
BEACON-0003300,2025-01-22,2025-01-23,ROU,Romania,HPAI,0.694,verified,unusual_mortality,media;official,synthetic
BEACON-0003301,2025-01-21,2025-01-21,ROU,Romania,HPAI,0.664,unverified,unusual_mortality,field,synthetic
BEACON-0003302,2025-01-24,2025-01-25,SRB,Serbia,HPAI,0.314,verified,media_cluster,official,synthetic
BEACON-0003303,2025-01-20,2025-01-20,UKR,Ukraine,HPAI,0.562,verified,unusual_mortality,media,synthetic
BEACON-0003304,2025-01-25,2025-01-26,MDA,Moldova,HPAI,0.496,unverified,media_cluster,field,synthetic
BEACON-0003305,2025-01-25,2025-01-27,RUS,Russian Federation,HPAI,0.667,verified,unusual_mortality,official,synthetic
BEACON-0003306,2025-01-24,2025-01-24,RUS,Russian Federation,HPAI,0.393,unverified,media_cluster,media,synthetic
BEACON-0003307,2025-01-22,2025-01-22,GEO,Georgia,HPAI,0.781,unverified,media_cluster,media;official,synthetic
BEACON-0003308,2025-01-24,2025-01-26,GEO,Georgia,HPAI,0.639,unverified,media_cluster,media;official,synthetic
BEACON-0003309,2025-01-21,2025-01-22,TUN,Tunisia,HPAI,0.449,unverified,media_cluster,media;official,synthetic
BEACON-0003310,2025-01-22,2025-01-24,MAR,Morocco,HPAI,0.861,verified,unusual_mortality,media;official,synthetic
BEACON-0003311,2025-01-29,2025-01-30,NLD,Netherlands,HPAI,0.103,unverified,media_cluster,media,synthetic
BEACON-0003312,2025-01-30,2025-02-01,NLD,Netherlands,HPAI,0.21,unverified,unusual_mortality,media,synthetic
BEACON-0003313,2025-01-30,2025-01-31,BEL,Belgium,HPAI,0.518,unverified,unusual_mortality,media;official,synthetic
BEACON-0003314,2025-01-28,2025-01-29,ITA,Italy,HPAI,0.571,unverified,unusual_mortality,media,synthetic
BEACON-0003315,2025-01-28,2025-01-28,ITA,Italy,HPAI,0.592,verified,unusual_mortality,official,synthetic
BEACON-0003316,2025-02-01,2025-02-03,POL,Poland,HPAI,0.21,unverified,media_cluster,media,synthetic
BEACON-0003317,2025-01-29,2025-01-30,BGR,Bulgaria,HPAI,0.302,unverified,media_cluster,media;official,synthetic
BEACON-0003318,2025-01-29,2025-01-30,SRB,Serbia,HPAI,0.591,unverified,media_cluster,media;official,synthetic
BEACON-0003319,2025-02-01,2025-02-02,UKR,Ukraine,HPAI,0.444,verified,media_cluster,media,synthetic
BEACON-0003320,2025-02-01,2025-02-03,UKR,Ukraine,HPAI,0.032,unverified,media_cluster,media,synthetic
BEACON-0003321,2025-01-31,2025-02-01,UKR,Ukraine,HPAI,0.682,unverified,syndromic,media;official,synthetic
BEACON-0003322,2025-01-28,2025-01-28,UKR,Ukraine,HPAI,0.443,verified,media_cluster,field,synthetic
BEACON-0003323,2025-01-30,2025-01-31,MDA,Moldova,HPAI,0.169,verified,media_cluster,media,synthetic
BEACON-0003324,2025-01-30,2025-01-30,RUS,Russian Federation,HPAI,0.07,unverified,media_cluster,media;official,synthetic
BEACON-0003325,2025-02-01,2025-02-03,TUR,Türkiye,HPAI,0.564,unverified,syndromic,official,synthetic
BEACON-0003326,2025-01-27,2025-01-28,TUR,Türkiye,HPAI,0.38,unverified,unusual_mortality,media;official,synthetic
BEACON-0003327,2025-01-27,2025-01-28,GEO,Georgia,HPAI,0.947,verified,media_cluster,media;official,synthetic
BEACON-0003328,2025-01-29,2025-01-29,ISR,Israel,HPAI,0.609,unverified,media_cluster,field,synthetic
BEACON-0003329,2025-01-28,2025-01-30,EGY,Egypt,HPAI,0.702,verified,unusual_mortality,media,synthetic
BEACON-0003330,2025-02-07,2025-02-07,FRA,France,HPAI,0.477,unverified,unusual_mortality,media,synthetic
BEACON-0003331,2025-02-03,2025-02-05,FRA,France,HPAI,0.624,unverified,media_cluster,media,synthetic
BEACON-0003332,2025-02-06,2025-02-06,NLD,Netherlands,HPAI,0.272,unverified,media_cluster,official,synthetic
BEACON-0003333,2025-02-07,2025-02-09,ITA,Italy,HPAI,0.437,unverified,media_cluster,official,synthetic
BEACON-0003334,2025-02-04,2025-02-06,ESP,Spain,HPAI,0.888,verified,unusual_mortality,official,synthetic
BEACON-0003335,2025-02-07,2025-02-07,ESP,Spain,HPAI,0.148,unverified,media_cluster,media,synthetic
BEACON-0003336,2025-02-07,2025-02-09,ESP,Spain,HPAI,0.345,unverified,unusual_mortality,media,synthetic
BEACON-0003337,2025-02-07,2025-02-09,ESP,Spain,HPAI,0.402,unverified,media_cluster,media,synthetic
BEACON-0003338,2025-02-03,2025-02-05,POL,Poland,HPAI,0.701,verified,media_cluster,official,synthetic
BEACON-0003339,2025-02-04,2025-02-05,POL,Poland,HPAI,0.664,verified,trade_alert,media,synthetic
BEACON-0003340,2025-02-03,2025-02-04,POL,Poland,HPAI,0.804,unverified,media_cluster,media;official,synthetic
BEACON-0003341,2025-02-06,2025-02-07,HUN,Hungary,HPAI,0.362,unverified,unusual_mortality,media,synthetic
BEACON-0003342,2025-02-08,2025-02-10,ROU,Romania,HPAI,0.341,unverified,unusual_mortality,media,synthetic
BEACON-0003343,2025-02-03,2025-02-05,BGR,Bulgaria,HPAI,0.308,verified,media_cluster,media;official,synthetic
BEACON-0003344,2025-02-05,2025-02-07,SRB,Serbia,HPAI,0.508,unverified,trade_alert,media,synthetic
BEACON-0003345,2025-02-08,2025-02-08,UKR,Ukraine,HPAI,0.401,unverified,syndromic,media,synthetic
BEACON-0003346,2025-02-04,2025-02-04,UKR,Ukraine,HPAI,0.738,unverified,media_cluster,media,synthetic
BEACON-0003347,2025-02-05,2025-02-05,RUS,Russian Federation,HPAI,0.714,unverified,unusual_mortality,media;official,synthetic
BEACON-0003348,2025-02-03,2025-02-04,TUR,Türkiye,HPAI,0.514,unverified,media_cluster,media,synthetic
BEACON-0003349,2025-02-06,2025-02-06,TUR,Türkiye,HPAI,0.533,unverified,media_cluster,media,synthetic
BEACON-0003350,2025-02-03,2025-02-04,TUR,Türkiye,HPAI,0.563,verified,media_cluster,media,synthetic
BEACON-0003351,2025-02-03,2025-02-03,GEO,Georgia,HPAI,0.679,unverified,media_cluster,official,synthetic
BEACON-0003352,2025-02-08,2025-02-10,EGY,Egypt,HPAI,0.201,unverified,unusual_mortality,media,synthetic
BEACON-0003353,2025-02-04,2025-02-04,EGY,Egypt,HPAI,0.343,unverified,unusual_mortality,media;official,synthetic
BEACON-0003354,2025-02-10,2025-02-10,FRA,France,HPAI,0.686,unverified,unusual_mortality,media;official,synthetic
BEACON-0003355,2025-02-12,2025-02-13,DEU,Germany,HPAI,0.225,unverified,unusual_mortality,media,synthetic
BEACON-0003356,2025-02-10,2025-02-10,BGR,Bulgaria,HPAI,0.73,verified,media_cluster,media;official,synthetic
BEACON-0003357,2025-02-13,2025-02-14,MDA,Moldova,HPAI,0.402,verified,syndromic,media,synthetic
BEACON-0003358,2025-02-13,2025-02-14,TUR,Türkiye,HPAI,0.38,verified,unusual_mortality,field,synthetic
BEACON-0003359,2025-02-15,2025-02-15,TUN,Tunisia,HPAI,0.148,verified,syndromic,media;official,synthetic
BEACON-0003360,2025-02-19,2025-02-20,FRA,France,HPAI,0.562,verified,unusual_mortality,media,synthetic
BEACON-0003361,2025-02-19,2025-02-21,DEU,Germany,HPAI,0.222,verified,syndromic,media,synthetic
BEACON-0003362,2025-02-20,2025-02-21,NLD,Netherlands,HPAI,0.269,unverified,media_cluster,media,synthetic
BEACON-0003363,2025-02-20,2025-02-20,BEL,Belgium,HPAI,0.755,verified,media_cluster,media,synthetic
BEACON-0003364,2025-02-18,2025-02-18,ITA,Italy,HPAI,0.299,unverified,media_cluster,official,synthetic
BEACON-0003365,2025-02-18,2025-02-19,HUN,Hungary,HPAI,0.517,unverified,syndromic,media,synthetic
BEACON-0003366,2025-02-22,2025-02-22,HUN,Hungary,HPAI,0.53,unverified,media_cluster,media,synthetic
BEACON-0003367,2025-02-21,2025-02-22,SRB,Serbia,HPAI,0.238,unverified,syndromic,media,synthetic
BEACON-0003368,2025-02-21,2025-02-21,UKR,Ukraine,HPAI,0.611,unverified,unusual_mortality,official,synthetic
BEACON-0003369,2025-02-18,2025-02-19,MDA,Moldova,HPAI,0.4,unverified,unusual_mortality,media;official,synthetic
BEACON-0003370,2025-02-19,2025-02-21,TUR,Türkiye,HPAI,0.762,unverified,unusual_mortality,media;official,synthetic
BEACON-0003371,2025-02-17,2025-02-19,GEO,Georgia,HPAI,0.431,unverified,media_cluster,official,synthetic
BEACON-0003372,2025-02-19,2025-02-19,GEO,Georgia,HPAI,0.316,verified,unusual_mortality,media,synthetic
BEACON-0003373,2025-02-21,2025-02-22,ISR,Israel,HPAI,0.796,unverified,unusual_mortality,media,synthetic
BEACON-0003374,2025-02-19,2025-02-20,EGY,Egypt,HPAI,0.389,verified,unusual_mortality,media,synthetic
BEACON-0003375,2025-02-18,2025-02-18,TUN,Tunisia,HPAI,0.451,unverified,media_cluster,official,synthetic
BEACON-0003376,2025-02-17,2025-02-18,MAR,Morocco,HPAI,0.099,unverified,trade_alert,media,synthetic
BEACON-0003377,2025-02-27,2025-02-28,ESP,Spain,HPAI,0.549,verified,syndromic,media;official,synthetic
BEACON-0003378,2025-02-28,2025-02-28,ESP,Spain,HPAI,0.117,unverified,unusual_mortality,official,synthetic
BEACON-0003379,2025-02-27,2025-02-27,POL,Poland,HPAI,0.201,unverified,media_cluster,official,synthetic
BEACON-0003380,2025-02-27,2025-03-01,POL,Poland,HPAI,0.725,verified,unusual_mortality,media,synthetic
BEACON-0003381,2025-02-26,2025-02-28,HUN,Hungary,HPAI,0.382,unverified,unusual_mortality,media;official,synthetic
BEACON-0003382,2025-03-01,2025-03-02,ROU,Romania,HPAI,0.14,unverified,media_cluster,media,synthetic
BEACON-0003383,2025-02-25,2025-02-25,BGR,Bulgaria,HPAI,0.08,verified,unusual_mortality,official,synthetic
BEACON-0003384,2025-03-01,2025-03-03,MDA,Moldova,HPAI,0.363,verified,syndromic,field,synthetic
BEACON-0003385,2025-03-01,2025-03-02,RUS,Russian Federation,HPAI,0.086,unverified,unusual_mortality,media;official,synthetic
BEACON-0003386,2025-02-24,2025-02-26,TUR,Türkiye,HPAI,0.283,unverified,media_cluster,field,synthetic
BEACON-0003387,2025-02-25,2025-02-27,TUN,Tunisia,HPAI,0.427,verified,syndromic,media,synthetic
BEACON-0003388,2025-02-24,2025-02-25,MAR,Morocco,HPAI,0.085,verified,syndromic,media,synthetic
BEACON-0003389,2025-03-05,2025-03-07,FRA,France,HPAI,0.528,unverified,unusual_mortality,media,synthetic
BEACON-0003390,2025-03-08,2025-03-09,FRA,France,HPAI,0.651,unverified,media_cluster,field,synthetic
BEACON-0003391,2025-03-08,2025-03-10,DEU,Germany,HPAI,0.351,unverified,syndromic,media,synthetic
BEACON-0003392,2025-03-08,2025-03-10,DEU,Germany,HPAI,0.293,verified,media_cluster,media;official,synthetic
BEACON-0003393,2025-03-08,2025-03-08,BEL,Belgium,HPAI,0.619,unverified,media_cluster,media,synthetic
BEACON-0003394,2025-03-08,2025-03-09,BEL,Belgium,HPAI,0.367,verified,unusual_mortality,media,synthetic
BEACON-0003395,2025-03-03,2025-03-04,POL,Poland,HPAI,0.416,verified,media_cluster,official,synthetic
BEACON-0003396,2025-03-05,2025-03-05,HUN,Hungary,HPAI,0.772,unverified,syndromic,media;official,synthetic
BEACON-0003397,2025-03-08,2025-03-10,HUN,Hungary,HPAI,0.534,unverified,media_cluster,media,synthetic
BEACON-0003398,2025-03-04,2025-03-06,ROU,Romania,HPAI,0.291,unverified,media_cluster,media,synthetic
BEACON-0003399,2025-03-07,2025-03-07,ROU,Romania,HPAI,0.872,unverified,unusual_mortality,field,synthetic
BEACON-0003400,2025-03-07,2025-03-08,UKR,Ukraine,HPAI,0.401,verified,media_cluster,field,synthetic
BEACON-0003401,2025-03-08,2025-03-08,UKR,Ukraine,HPAI,0.3,verified,unusual_mortality,media;official,synthetic
BEACON-0003402,2025-03-06,2025-03-08,UKR,Ukraine,HPAI,0.394,unverified,unusual_mortality,media,synthetic
BEACON-0003403,2025-03-06,2025-03-07,MDA,Moldova,HPAI,0.184,verified,media_cluster,media,synthetic
BEACON-0003404,2025-03-05,2025-03-07,MDA,Moldova,HPAI,0.235,unverified,syndromic,media,synthetic
BEACON-0003405,2025-03-06,2025-03-08,RUS,Russian Federation,HPAI,0.172,unverified,media_cluster,media,synthetic
BEACON-0003406,2025-03-04,2025-03-04,ISR,Israel,HPAI,0.383,unverified,unusual_mortality,media,synthetic
BEACON-0003407,2025-03-03,2025-03-03,EGY,Egypt,HPAI,0.487,verified,media_cluster,media;official,synthetic
BEACON-0003408,2025-03-08,2025-03-08,TUN,Tunisia,HPAI,0.785,unverified,media_cluster,official,synthetic
BEACON-0003409,2025-03-13,2025-03-14,FRA,France,HPAI,0.417,unverified,syndromic,media,synthetic
BEACON-0003410,2025-03-11,2025-03-13,BEL,Belgium,HPAI,0.25,verified,unusual_mortality,media,synthetic
BEACON-0003411,2025-03-12,2025-03-12,BEL,Belgium,HPAI,0.347,verified,media_cluster,media,synthetic
BEACON-0003412,2025-03-10,2025-03-11,ESP,Spain,HPAI,0.398,unverified,syndromic,media,synthetic
BEACON-0003413,2025-03-13,2025-03-14,SRB,Serbia,HPAI,0.625,unverified,unusual_mortality,media,synthetic
BEACON-0003414,2025-03-15,2025-03-16,UKR,Ukraine,HPAI,0.421,unverified,syndromic,official,synthetic
BEACON-0003415,2025-03-10,2025-03-10,MDA,Moldova,HPAI,0.201,verified,unusual_mortality,media,synthetic
BEACON-0003416,2025-03-14,2025-03-14,RUS,Russian Federation,HPAI,0.794,verified,unusual_mortality,media,synthetic
BEACON-0003417,2025-03-13,2025-03-15,TUR,Türkiye,HPAI,0.531,unverified,unusual_mortality,media,synthetic
BEACON-0003418,2025-03-10,2025-03-10,TUR,Türkiye,HPAI,0.244,unverified,unusual_mortality,media,synthetic
BEACON-0003419,2025-03-13,2025-03-13,GEO,Georgia,HPAI,0.602,unverified,media_cluster,media,synthetic
BEACON-0003420,2025-03-13,2025-03-15,ISR,Israel,HPAI,0.439,verified,syndromic,media,synthetic
BEACON-0003421,2025-03-12,2025-03-14,ISR,Israel,HPAI,0.372,unverified,unusual_mortality,media,synthetic
BEACON-0003422,2025-03-20,2025-03-20,ITA,Italy,HPAI,0.26,verified,media_cluster,media,synthetic
BEACON-0003423,2025-03-18,2025-03-19,HUN,Hungary,HPAI,0.285,unverified,unusual_mortality,field,synthetic
BEACON-0003424,2025-03-21,2025-03-22,ROU,Romania,HPAI,0.367,unverified,media_cluster,media,synthetic
BEACON-0003425,2025-03-20,2025-03-22,BGR,Bulgaria,HPAI,0.289,unverified,unusual_mortality,media,synthetic
BEACON-0003426,2025-03-22,2025-03-23,BGR,Bulgaria,HPAI,0.418,unverified,unusual_mortality,media,synthetic
BEACON-0003427,2025-03-17,2025-03-17,SRB,Serbia,HPAI,0.387,verified,media_cluster,official,synthetic
BEACON-0003428,2025-03-19,2025-03-19,GEO,Georgia,HPAI,0.949,verified,unusual_mortality,media,synthetic
BEACON-0003429,2025-03-22,2025-03-23,ISR,Israel,HPAI,0.867,unverified,unusual_mortality,official,synthetic
BEACON-0003430,2025-03-26,2025-03-28,DEU,Germany,HPAI,0.173,verified,media_cluster,media,synthetic
BEACON-0003431,2025-03-24,2025-03-25,DEU,Germany,HPAI,0.505,unverified,unusual_mortality,media,synthetic
BEACON-0003432,2025-03-29,2025-03-31,NLD,Netherlands,HPAI,0.254,unverified,media_cluster,media,synthetic
BEACON-0003433,2025-03-27,2025-03-29,ITA,Italy,HPAI,0.419,unverified,unusual_mortality,media;official,synthetic
BEACON-0003434,2025-03-27,2025-03-29,POL,Poland,HPAI,0.362,unverified,unusual_mortality,official,synthetic
BEACON-0003435,2025-03-28,2025-03-28,ROU,Romania,HPAI,0.201,verified,media_cluster,media,synthetic
BEACON-0003436,2025-03-26,2025-03-26,ROU,Romania,HPAI,0.454,unverified,unusual_mortality,media;official,synthetic
BEACON-0003437,2025-03-25,2025-03-26,BGR,Bulgaria,HPAI,0.371,verified,media_cluster,media,synthetic
BEACON-0003438,2025-03-27,2025-03-28,GEO,Georgia,HPAI,0.558,unverified,syndromic,media,synthetic
BEACON-0003439,2025-03-27,2025-03-27,TUN,Tunisia,HPAI,0.088,verified,unusual_mortality,media,synthetic
BEACON-0003440,2025-03-27,2025-03-27,MAR,Morocco,HPAI,0.462,unverified,unusual_mortality,media;official,synthetic
BEACON-0003441,2025-04-01,2025-04-02,FRA,France,HPAI,0.387,verified,syndromic,official,synthetic
BEACON-0003442,2025-04-04,2025-04-06,DEU,Germany,HPAI,0.441,unverified,trade_alert,media,synthetic
BEACON-0003443,2025-04-04,2025-04-05,BEL,Belgium,HPAI,0.131,unverified,media_cluster,media;official,synthetic
BEACON-0003444,2025-03-31,2025-04-02,ITA,Italy,HPAI,0.202,unverified,media_cluster,media,synthetic
BEACON-0003445,2025-03-31,2025-04-01,ITA,Italy,HPAI,0.262,unverified,trade_alert,official,synthetic
BEACON-0003446,2025-04-05,2025-04-07,ESP,Spain,HPAI,0.324,unverified,syndromic,field,synthetic
BEACON-0003447,2025-04-03,2025-04-04,POL,Poland,HPAI,0.741,unverified,trade_alert,media,synthetic
BEACON-0003448,2025-04-05,2025-04-06,ROU,Romania,HPAI,0.613,unverified,trade_alert,field,synthetic
BEACON-0003449,2025-03-31,2025-04-02,MDA,Moldova,HPAI,0.747,unverified,media_cluster,media,synthetic
BEACON-0003450,2025-04-02,2025-04-04,MDA,Moldova,HPAI,0.288,unverified,unusual_mortality,media,synthetic
BEACON-0003451,2025-04-02,2025-04-02,TUR,Türkiye,HPAI,0.279,verified,media_cluster,media;official,synthetic
BEACON-0003452,2025-04-03,2025-04-03,TUR,Türkiye,HPAI,0.242,verified,media_cluster,media,synthetic
BEACON-0003453,2025-04-03,2025-04-04,ISR,Israel,HPAI,0.195,unverified,trade_alert,official,synthetic
BEACON-0003454,2025-04-04,2025-04-05,EGY,Egypt,HPAI,0.392,unverified,media_cluster,media,synthetic
BEACON-0003455,2025-04-05,2025-04-05,EGY,Egypt,HPAI,0.745,verified,unusual_mortality,media;official,synthetic
BEACON-0003456,2025-04-05,2025-04-06,TUN,Tunisia,HPAI,0.138,verified,unusual_mortality,media,synthetic
BEACON-0003457,2025-04-03,2025-04-05,MAR,Morocco,HPAI,0.018,unverified,syndromic,media,synthetic
BEACON-0003458,2025-04-09,2025-04-10,DEU,Germany,HPAI,0.584,unverified,media_cluster,media,synthetic
BEACON-0003459,2025-04-11,2025-04-12,DEU,Germany,HPAI,0.456,verified,media_cluster,official,synthetic
BEACON-0003460,2025-04-12,2025-04-13,ITA,Italy,HPAI,0.477,unverified,media_cluster,media,synthetic
BEACON-0003461,2025-04-11,2025-04-12,ITA,Italy,HPAI,0.626,unverified,media_cluster,field,synthetic
BEACON-0003462,2025-04-10,2025-04-12,ESP,Spain,HPAI,0.102,unverified,media_cluster,media,synthetic
BEACON-0003463,2025-04-11,2025-04-12,ESP,Spain,HPAI,0.837,verified,trade_alert,official,synthetic
BEACON-0003464,2025-04-11,2025-04-13,ESP,Spain,HPAI,0.436,unverified,unusual_mortality,field,synthetic
BEACON-0003465,2025-04-07,2025-04-09,ESP,Spain,HPAI,0.235,verified,unusual_mortality,field,synthetic
BEACON-0003466,2025-04-08,2025-04-08,HUN,Hungary,HPAI,0.339,verified,syndromic,media;official,synthetic
BEACON-0003467,2025-04-09,2025-04-09,ROU,Romania,HPAI,0.444,unverified,media_cluster,media,synthetic
BEACON-0003468,2025-04-09,2025-04-10,BGR,Bulgaria,HPAI,0.148,verified,unusual_mortality,media,synthetic
BEACON-0003469,2025-04-09,2025-04-09,SRB,Serbia,HPAI,0.8,unverified,unusual_mortality,media;official,synthetic
BEACON-0003470,2025-04-08,2025-04-09,MDA,Moldova,HPAI,0.577,unverified,media_cluster,official,synthetic
BEACON-0003471,2025-04-07,2025-04-08,RUS,Russian Federation,HPAI,0.158,verified,media_cluster,media,synthetic
BEACON-0003472,2025-04-12,2025-04-12,TUR,Türkiye,HPAI,0.484,verified,unusual_mortality,field,synthetic
BEACON-0003473,2025-04-12,2025-04-13,TUN,Tunisia,HPAI,0.482,verified,unusual_mortality,field,synthetic
BEACON-0003474,2025-04-16,2025-04-16,FRA,France,HPAI,0.751,verified,media_cluster,media,synthetic
BEACON-0003475,2025-04-19,2025-04-20,DEU,Germany,HPAI,0.748,unverified,unusual_mortality,media;official,synthetic
BEACON-0003476,2025-04-16,2025-04-18,NLD,Netherlands,HPAI,0.369,verified,trade_alert,media,synthetic
BEACON-0003477,2025-04-18,2025-04-20,NLD,Netherlands,HPAI,0.265,unverified,media_cluster,official,synthetic
BEACON-0003478,2025-04-18,2025-04-18,ESP,Spain,HPAI,0.521,unverified,media_cluster,media,synthetic
BEACON-0003479,2025-04-15,2025-04-17,ROU,Romania,HPAI,0.151,unverified,trade_alert,media,synthetic
BEACON-0003480,2025-04-17,2025-04-18,BGR,Bulgaria,HPAI,0.346,verified,media_cluster,media,synthetic
BEACON-0003481,2025-04-19,2025-04-21,BGR,Bulgaria,HPAI,0.332,unverified,media_cluster,media;official,synthetic
BEACON-0003482,2025-04-18,2025-04-20,MDA,Moldova,HPAI,0.266,unverified,media_cluster,media,synthetic
BEACON-0003483,2025-04-15,2025-04-17,RUS,Russian Federation,HPAI,0.252,verified,media_cluster,media;official,synthetic
BEACON-0003484,2025-04-18,2025-04-19,TUN,Tunisia,HPAI,0.042,verified,unusual_mortality,official,synthetic
BEACON-0003485,2025-04-24,2025-04-24,FRA,France,HPAI,0.191,verified,trade_alert,official,synthetic
BEACON-0003486,2025-04-24,2025-04-24,POL,Poland,HPAI,0.509,unverified,media_cluster,media,synthetic
BEACON-0003487,2025-04-25,2025-04-27,POL,Poland,HPAI,0.333,unverified,media_cluster,media;official,synthetic
BEACON-0003488,2025-04-25,2025-04-26,HUN,Hungary,HPAI,0.421,unverified,unusual_mortality,media,synthetic
BEACON-0003489,2025-04-26,2025-04-28,HUN,Hungary,HPAI,0.393,verified,trade_alert,media;official,synthetic
BEACON-0003490,2025-04-25,2025-04-26,ROU,Romania,HPAI,0.529,unverified,syndromic,field,synthetic
BEACON-0003491,2025-04-25,2025-04-25,BGR,Bulgaria,HPAI,0.183,unverified,syndromic,media,synthetic
BEACON-0003492,2025-04-26,2025-04-27,MDA,Moldova,HPAI,0.704,verified,media_cluster,media,synthetic
BEACON-0003493,2025-04-24,2025-04-25,RUS,Russian Federation,HPAI,0.694,verified,trade_alert,media;official,synthetic
BEACON-0003494,2025-04-23,2025-04-24,TUR,Türkiye,HPAI,0.55,verified,unusual_mortality,media,synthetic
BEACON-0003495,2025-04-21,2025-04-22,GEO,Georgia,HPAI,0.117,unverified,trade_alert,media,synthetic
BEACON-0003496,2025-05-02,2025-05-04,DEU,Germany,HPAI,0.466,verified,unusual_mortality,field,synthetic
BEACON-0003497,2025-04-29,2025-04-30,NLD,Netherlands,HPAI,0.512,unverified,unusual_mortality,media;official,synthetic
BEACON-0003498,2025-04-28,2025-04-28,ESP,Spain,HPAI,0.396,unverified,media_cluster,media;official,synthetic
BEACON-0003499,2025-04-28,2025-04-28,POL,Poland,HPAI,0.836,unverified,trade_alert,media,synthetic
BEACON-0003500,2025-04-28,2025-04-30,POL,Poland,HPAI,0.719,verified,media_cluster,media;official,synthetic
BEACON-0003501,2025-05-02,2025-05-03,UKR,Ukraine,HPAI,0.564,unverified,media_cluster,field,synthetic
BEACON-0003502,2025-04-30,2025-05-02,TUR,Türkiye,HPAI,0.567,verified,unusual_mortality,official,synthetic
BEACON-0003503,2025-05-03,2025-05-03,ISR,Israel,HPAI,0.6,verified,unusual_mortality,media,synthetic
BEACON-0003504,2025-04-30,2025-04-30,ISR,Israel,HPAI,0.432,unverified,unusual_mortality,media,synthetic
BEACON-0003505,2025-05-05,2025-05-07,FRA,France,HPAI,0.443,verified,media_cluster,official,synthetic
BEACON-0003506,2025-05-08,2025-05-10,FRA,France,HPAI,0.361,unverified,syndromic,media;official,synthetic
BEACON-0003507,2025-05-05,2025-05-07,BEL,Belgium,HPAI,0.655,unverified,unusual_mortality,media,synthetic
BEACON-0003508,2025-05-10,2025-05-12,POL,Poland,HPAI,0.193,verified,unusual_mortality,media,synthetic
BEACON-0003509,2025-05-06,2025-05-07,POL,Poland,HPAI,0.661,verified,media_cluster,media,synthetic
BEACON-0003510,2025-05-09,2025-05-11,UKR,Ukraine,HPAI,0.269,unverified,trade_alert,media,synthetic
BEACON-0003511,2025-05-06,2025-05-06,UKR,Ukraine,HPAI,0.241,unverified,unusual_mortality,official,synthetic
BEACON-0003512,2025-05-05,2025-05-05,TUR,Türkiye,HPAI,0.092,verified,unusual_mortality,official,synthetic
BEACON-0003513,2025-05-05,2025-05-06,ISR,Israel,HPAI,0.372,unverified,media_cluster,media,synthetic
BEACON-0003514,2025-05-05,2025-05-06,ISR,Israel,HPAI,0.879,verified,unusual_mortality,official,synthetic
BEACON-0003515,2025-05-08,2025-05-10,EGY,Egypt,HPAI,0.566,unverified,media_cluster,media,synthetic
BEACON-0003516,2025-05-07,2025-05-08,TUN,Tunisia,HPAI,0.486,unverified,media_cluster,media;official,synthetic
BEACON-0003517,2025-05-14,2025-05-15,NLD,Netherlands,HPAI,0.495,verified,syndromic,field,synthetic
BEACON-0003518,2025-05-13,2025-05-14,NLD,Netherlands,HPAI,0.532,verified,media_cluster,media,synthetic
BEACON-0003519,2025-05-13,2025-05-13,ITA,Italy,HPAI,0.546,unverified,unusual_mortality,media,synthetic
BEACON-0003520,2025-05-16,2025-05-17,ESP,Spain,HPAI,0.177,verified,media_cluster,media,synthetic
BEACON-0003521,2025-05-14,2025-05-15,UKR,Ukraine,HPAI,0.321,verified,media_cluster,official,synthetic
BEACON-0003522,2025-05-17,2025-05-19,UKR,Ukraine,HPAI,0.432,unverified,unusual_mortality,media;official,synthetic
BEACON-0003523,2025-05-14,2025-05-15,TUR,Türkiye,HPAI,0.168,verified,syndromic,media,synthetic
BEACON-0003524,2025-05-14,2025-05-16,TUR,Türkiye,HPAI,0.467,unverified,media_cluster,official,synthetic
BEACON-0003525,2025-05-16,2025-05-18,TUR,Türkiye,HPAI,0.187,unverified,trade_alert,official,synthetic
BEACON-0003526,2025-05-14,2025-05-16,GEO,Georgia,HPAI,0.552,unverified,media_cluster,media,synthetic
BEACON-0003527,2025-05-12,2025-05-14,ISR,Israel,HPAI,0.227,verified,unusual_mortality,field,synthetic
BEACON-0003528,2025-05-14,2025-05-16,EGY,Egypt,HPAI,0.581,verified,media_cluster,media,synthetic
BEACON-0003529,2025-05-22,2025-05-22,DEU,Germany,HPAI,0.372,verified,unusual_mortality,official,synthetic
BEACON-0003530,2025-05-19,2025-05-21,NLD,Netherlands,HPAI,0.803,unverified,unusual_mortality,official,synthetic
BEACON-0003531,2025-05-22,2025-05-22,NLD,Netherlands,HPAI,0.631,verified,media_cluster,media,synthetic
BEACON-0003532,2025-05-24,2025-05-26,ITA,Italy,HPAI,0.52,verified,unusual_mortality,media,synthetic
BEACON-0003533,2025-05-19,2025-05-21,HUN,Hungary,HPAI,0.183,verified,syndromic,field,synthetic
BEACON-0003534,2025-05-21,2025-05-23,HUN,Hungary,HPAI,0.474,unverified,unusual_mortality,media,synthetic
BEACON-0003535,2025-05-20,2025-05-20,ROU,Romania,HPAI,0.221,verified,media_cluster,media,synthetic
BEACON-0003536,2025-05-23,2025-05-25,ROU,Romania,HPAI,0.366,unverified,trade_alert,media,synthetic
BEACON-0003537,2025-05-24,2025-05-26,MDA,Moldova,HPAI,0.174,verified,trade_alert,media;official,synthetic
BEACON-0003538,2025-05-22,2025-05-22,MDA,Moldova,HPAI,0.34,unverified,syndromic,official,synthetic
BEACON-0003539,2025-05-24,2025-05-25,RUS,Russian Federation,HPAI,0.9,verified,media_cluster,official,synthetic
BEACON-0003540,2025-05-21,2025-05-21,EGY,Egypt,HPAI,0.275,unverified,media_cluster,official,synthetic
BEACON-0003541,2025-05-23,2025-05-25,EGY,Egypt,HPAI,0.426,unverified,media_cluster,official,synthetic
BEACON-0003542,2025-05-23,2025-05-25,MAR,Morocco,HPAI,0.481,unverified,unusual_mortality,field,synthetic
BEACON-0003543,2025-05-31,2025-05-31,DEU,Germany,HPAI,0.36,unverified,media_cluster,media;official,synthetic
BEACON-0003544,2025-05-30,2025-05-31,NLD,Netherlands,HPAI,0.082,unverified,unusual_mortality,media,synthetic
BEACON-0003545,2025-05-27,2025-05-27,NLD,Netherlands,HPAI,0.22,verified,media_cluster,media;official,synthetic
BEACON-0003546,2025-05-29,2025-05-29,BEL,Belgium,HPAI,0.614,unverified,syndromic,media,synthetic
BEACON-0003547,2025-05-27,2025-05-29,ITA,Italy,HPAI,0.508,unverified,media_cluster,media,synthetic
BEACON-0003548,2025-05-30,2025-06-01,ITA,Italy,HPAI,0.339,unverified,unusual_mortality,media;official,synthetic
BEACON-0003549,2025-05-30,2025-05-31,POL,Poland,HPAI,0.329,verified,syndromic,media,synthetic
BEACON-0003550,2025-05-29,2025-05-29,POL,Poland,HPAI,0.744,unverified,unusual_mortality,media;official,synthetic
BEACON-0003551,2025-05-31,2025-06-01,BGR,Bulgaria,HPAI,0.253,unverified,media_cluster,media,synthetic
BEACON-0003552,2025-05-28,2025-05-30,SRB,Serbia,HPAI,0.158,unverified,media_cluster,media,synthetic
BEACON-0003553,2025-05-31,2025-06-02,SRB,Serbia,HPAI,0.593,unverified,media_cluster,field,synthetic
BEACON-0003554,2025-05-31,2025-06-01,TUR,Türkiye,HPAI,0.121,unverified,media_cluster,media,synthetic
BEACON-0003555,2025-05-31,2025-05-31,GEO,Georgia,HPAI,0.654,unverified,trade_alert,media,synthetic
BEACON-0003556,2025-05-26,2025-05-26,EGY,Egypt,HPAI,0.147,unverified,unusual_mortality,official,synthetic
BEACON-0003557,2025-05-30,2025-05-31,EGY,Egypt,HPAI,0.332,verified,media_cluster,media,synthetic
BEACON-0003558,2025-06-06,2025-06-08,DEU,Germany,HPAI,0.157,unverified,media_cluster,media,synthetic
BEACON-0003559,2025-06-03,2025-06-03,ROU,Romania,HPAI,0.467,unverified,unusual_mortality,media,synthetic
BEACON-0003560,2025-06-07,2025-06-08,GEO,Georgia,HPAI,0.532,unverified,unusual_mortality,media,synthetic
BEACON-0003561,2025-06-05,2025-06-05,ISR,Israel,HPAI,0.355,unverified,media_cluster,media,synthetic
BEACON-0003562,2025-06-06,2025-06-07,TUN,Tunisia,HPAI,0.333,verified,media_cluster,media,synthetic
BEACON-0003563,2025-06-06,2025-06-06,MAR,Morocco,HPAI,0.204,verified,unusual_mortality,media,synthetic
BEACON-0003564,2025-06-11,2025-06-11,FRA,France,HPAI,0.467,unverified,unusual_mortality,official,synthetic
BEACON-0003565,2025-06-13,2025-06-14,DEU,Germany,HPAI,0.237,verified,media_cluster,media,synthetic
BEACON-0003566,2025-06-14,2025-06-14,ITA,Italy,HPAI,0.224,unverified,syndromic,media,synthetic
BEACON-0003567,2025-06-10,2025-06-11,ESP,Spain,HPAI,0.38,verified,media_cluster,media,synthetic
BEACON-0003568,2025-06-11,2025-06-12,HUN,Hungary,HPAI,0.828,verified,media_cluster,media;official,synthetic
BEACON-0003569,2025-06-14,2025-06-15,BGR,Bulgaria,HPAI,0.509,verified,media_cluster,media;official,synthetic
BEACON-0003570,2025-06-10,2025-06-11,SRB,Serbia,HPAI,0.402,unverified,unusual_mortality,official,synthetic
BEACON-0003571,2025-06-10,2025-06-12,UKR,Ukraine,HPAI,0.154,verified,syndromic,media,synthetic
BEACON-0003572,2025-06-13,2025-06-13,MDA,Moldova,HPAI,0.264,verified,unusual_mortality,media,synthetic
BEACON-0003573,2025-06-12,2025-06-12,RUS,Russian Federation,HPAI,0.125,unverified,unusual_mortality,official,synthetic
BEACON-0003574,2025-06-14,2025-06-16,RUS,Russian Federation,HPAI,0.542,unverified,unusual_mortality,official,synthetic
BEACON-0003575,2025-06-14,2025-06-14,GEO,Georgia,HPAI,0.266,unverified,media_cluster,media,synthetic
BEACON-0003576,2025-06-12,2025-06-12,GEO,Georgia,HPAI,0.216,unverified,media_cluster,media;official,synthetic
BEACON-0003577,2025-06-14,2025-06-15,ISR,Israel,HPAI,0.401,unverified,unusual_mortality,media;official,synthetic
BEACON-0003578,2025-06-14,2025-06-16,EGY,Egypt,HPAI,0.325,unverified,trade_alert,media;official,synthetic
BEACON-0003579,2025-06-14,2025-06-14,MAR,Morocco,HPAI,0.674,unverified,unusual_mortality,media,synthetic
BEACON-0003580,2025-06-20,2025-06-22,ESP,Spain,HPAI,0.419,unverified,unusual_mortality,field,synthetic
BEACON-0003581,2025-06-17,2025-06-17,ESP,Spain,HPAI,0.423,verified,unusual_mortality,media,synthetic
BEACON-0003582,2025-06-19,2025-06-20,POL,Poland,HPAI,0.304,unverified,media_cluster,media;official,synthetic
BEACON-0003583,2025-06-17,2025-06-19,BGR,Bulgaria,HPAI,0.518,unverified,media_cluster,media,synthetic
BEACON-0003584,2025-06-17,2025-06-17,SRB,Serbia,HPAI,0.079,verified,unusual_mortality,official,synthetic
BEACON-0003585,2025-06-20,2025-06-22,RUS,Russian Federation,HPAI,0.434,unverified,media_cluster,official,synthetic
BEACON-0003586,2025-06-18,2025-06-18,TUR,Türkiye,HPAI,0.378,unverified,syndromic,media,synthetic
BEACON-0003587,2025-06-19,2025-06-19,ISR,Israel,HPAI,0.194,unverified,trade_alert,media,synthetic
BEACON-0003588,2025-06-16,2025-06-16,TUN,Tunisia,HPAI,0.471,unverified,unusual_mortality,media;official,synthetic
BEACON-0003589,2025-06-17,2025-06-17,MAR,Morocco,HPAI,0.514,unverified,media_cluster,media;official,synthetic
BEACON-0003590,2025-06-26,2025-06-26,FRA,France,HPAI,0.52,unverified,unusual_mortality,media;official,synthetic
BEACON-0003591,2025-06-24,2025-06-26,FRA,France,HPAI,0.573,unverified,media_cluster,field,synthetic
BEACON-0003592,2025-06-25,2025-06-25,DEU,Germany,HPAI,0.65,unverified,media_cluster,media,synthetic
BEACON-0003593,2025-06-26,2025-06-27,BEL,Belgium,HPAI,0.526,verified,trade_alert,field,synthetic
BEACON-0003594,2025-06-27,2025-06-27,ESP,Spain,HPAI,0.193,verified,media_cluster,media,synthetic
BEACON-0003595,2025-06-23,2025-06-24,RUS,Russian Federation,HPAI,0.435,verified,syndromic,field,synthetic
BEACON-0003596,2025-06-25,2025-06-26,TUR,Türkiye,HPAI,0.545,verified,syndromic,field,synthetic
BEACON-0003597,2025-06-23,2025-06-24,MAR,Morocco,HPAI,0.325,unverified,media_cluster,official,synthetic
BEACON-0003598,2025-07-01,2025-07-01,FRA,France,HPAI,0.366,verified,trade_alert,media;official,synthetic
BEACON-0003599,2025-07-02,2025-07-04,ROU,Romania,HPAI,0.331,unverified,media_cluster,media,synthetic
BEACON-0003600,2025-07-04,2025-07-04,UKR,Ukraine,HPAI,0.183,unverified,syndromic,media,synthetic
BEACON-0003601,2025-07-04,2025-07-05,TUR,Türkiye,HPAI,0.345,unverified,media_cluster,media;official,synthetic
BEACON-0003602,2025-07-02,2025-07-03,MAR,Morocco,HPAI,0.468,verified,unusual_mortality,media,synthetic
BEACON-0003603,2025-07-02,2025-07-04,MAR,Morocco,HPAI,0.191,verified,trade_alert,media,synthetic
BEACON-0003604,2025-07-04,2025-07-04,MAR,Morocco,HPAI,0.503,verified,syndromic,official,synthetic
BEACON-0003605,2025-07-07,2025-07-07,ITA,Italy,HPAI,0.469,unverified,trade_alert,media,synthetic
BEACON-0003606,2025-07-10,2025-07-11,ESP,Spain,HPAI,0.39,unverified,trade_alert,media;official,synthetic
BEACON-0003607,2025-07-12,2025-07-14,HUN,Hungary,HPAI,0.369,unverified,unusual_mortality,media;official,synthetic
BEACON-0003608,2025-07-12,2025-07-12,UKR,Ukraine,HPAI,0.557,unverified,syndromic,media,synthetic
BEACON-0003609,2025-07-11,2025-07-11,TUR,Türkiye,HPAI,0.332,unverified,media_cluster,official,synthetic
BEACON-0003610,2025-07-10,2025-07-10,TUN,Tunisia,HPAI,0.517,unverified,unusual_mortality,field,synthetic
BEACON-0003611,2025-07-12,2025-07-13,TUN,Tunisia,HPAI,0.296,unverified,trade_alert,official,synthetic
BEACON-0003612,2025-07-08,2025-07-10,MAR,Morocco,HPAI,0.428,unverified,unusual_mortality,media,synthetic
BEACON-0003613,2025-07-14,2025-07-16,NLD,Netherlands,HPAI,0.426,unverified,syndromic,media,synthetic
BEACON-0003614,2025-07-17,2025-07-17,ESP,Spain,HPAI,0.56,unverified,media_cluster,field,synthetic
BEACON-0003615,2025-07-17,2025-07-17,ROU,Romania,HPAI,0.323,verified,media_cluster,media,synthetic
BEACON-0003616,2025-07-18,2025-07-20,BGR,Bulgaria,HPAI,0.216,unverified,media_cluster,media,synthetic
BEACON-0003617,2025-07-14,2025-07-14,SRB,Serbia,HPAI,0.492,verified,media_cluster,media,synthetic
BEACON-0003618,2025-07-19,2025-07-21,MDA,Moldova,HPAI,0.181,unverified,unusual_mortality,media,synthetic
BEACON-0003619,2025-07-14,2025-07-16,TUR,Türkiye,HPAI,0.947,verified,syndromic,media;official,synthetic
BEACON-0003620,2025-07-14,2025-07-14,TUR,Türkiye,HPAI,0.199,unverified,media_cluster,field,synthetic
BEACON-0003621,2025-07-15,2025-07-16,ISR,Israel,HPAI,0.404,verified,syndromic,media,synthetic
BEACON-0003622,2025-07-18,2025-07-18,EGY,Egypt,HPAI,0.375,verified,media_cluster,media,synthetic
BEACON-0003623,2025-07-15,2025-07-17,TUN,Tunisia,HPAI,0.219,verified,trade_alert,media;official,synthetic
BEACON-0003624,2025-07-16,2025-07-18,MAR,Morocco,HPAI,0.219,unverified,trade_alert,media;official,synthetic
BEACON-0003625,2025-07-23,2025-07-23,NLD,Netherlands,HPAI,0.542,verified,unusual_mortality,field,synthetic
BEACON-0003626,2025-07-23,2025-07-24,NLD,Netherlands,HPAI,0.482,unverified,unusual_mortality,media,synthetic
BEACON-0003627,2025-07-26,2025-07-27,POL,Poland,HPAI,0.32,unverified,syndromic,media;official,synthetic
BEACON-0003628,2025-07-26,2025-07-28,HUN,Hungary,HPAI,0.506,verified,unusual_mortality,field,synthetic
BEACON-0003629,2025-07-22,2025-07-23,MDA,Moldova,HPAI,0.529,unverified,unusual_mortality,official,synthetic
BEACON-0003630,2025-07-22,2025-07-22,RUS,Russian Federation,HPAI,0.061,unverified,unusual_mortality,official,synthetic
BEACON-0003631,2025-07-23,2025-07-23,TUR,Türkiye,HPAI,0.583,verified,unusual_mortality,official,synthetic
BEACON-0003632,2025-07-22,2025-07-23,TUR,Türkiye,HPAI,0.494,unverified,media_cluster,media,synthetic
BEACON-0003633,2025-07-24,2025-07-24,TUN,Tunisia,HPAI,0.316,verified,media_cluster,official,synthetic
BEACON-0003634,2025-07-25,2025-07-26,MAR,Morocco,HPAI,0.477,verified,unusual_mortality,media,synthetic
BEACON-0003635,2025-07-26,2025-07-28,MAR,Morocco,HPAI,0.176,unverified,unusual_mortality,media,synthetic
BEACON-0003636,2025-07-30,2025-07-30,NLD,Netherlands,HPAI,0.3,unverified,unusual_mortality,media;official,synthetic
BEACON-0003637,2025-07-30,2025-07-31,BEL,Belgium,HPAI,0.356,unverified,unusual_mortality,field,synthetic
BEACON-0003638,2025-07-30,2025-07-30,ESP,Spain,HPAI,0.564,unverified,unusual_mortality,media;official,synthetic
BEACON-0003639,2025-07-29,2025-07-31,ROU,Romania,HPAI,0.483,unverified,unusual_mortality,field,synthetic
BEACON-0003640,2025-07-30,2025-08-01,SRB,Serbia,HPAI,0.426,unverified,unusual_mortality,media,synthetic
BEACON-0003641,2025-07-31,2025-08-01,RUS,Russian Federation,HPAI,0.276,unverified,media_cluster,official,synthetic
BEACON-0003642,2025-07-31,2025-08-01,RUS,Russian Federation,HPAI,0.498,verified,media_cluster,official,synthetic
BEACON-0003643,2025-08-08,2025-08-10,FRA,France,HPAI,0.512,unverified,unusual_mortality,media;official,synthetic
BEACON-0003644,2025-08-06,2025-08-07,BEL,Belgium,HPAI,0.371,unverified,unusual_mortality,official,synthetic
BEACON-0003645,2025-08-08,2025-08-09,ITA,Italy,HPAI,0.743,unverified,unusual_mortality,media,synthetic
BEACON-0003646,2025-08-09,2025-08-09,POL,Poland,HPAI,0.046,verified,syndromic,media,synthetic
BEACON-0003647,2025-08-04,2025-08-06,ROU,Romania,HPAI,0.067,unverified,media_cluster,media;official,synthetic
BEACON-0003648,2025-08-05,2025-08-07,UKR,Ukraine,HPAI,0.111,unverified,unusual_mortality,field,synthetic
BEACON-0003649,2025-08-13,2025-08-15,FRA,France,HPAI,0.784,unverified,unusual_mortality,media;official,synthetic
BEACON-0003650,2025-08-14,2025-08-15,DEU,Germany,HPAI,0.65,unverified,unusual_mortality,media;official,synthetic
BEACON-0003651,2025-08-11,2025-08-13,BEL,Belgium,HPAI,0.32,verified,trade_alert,media;official,synthetic
BEACON-0003652,2025-08-13,2025-08-15,ITA,Italy,HPAI,0.382,unverified,unusual_mortality,official,synthetic
BEACON-0003653,2025-08-14,2025-08-15,ITA,Italy,HPAI,0.366,verified,media_cluster,media;official,synthetic
BEACON-0003654,2025-08-13,2025-08-15,POL,Poland,HPAI,0.592,unverified,unusual_mortality,media,synthetic
BEACON-0003655,2025-08-16,2025-08-16,HUN,Hungary,HPAI,0.43,verified,unusual_mortality,official,synthetic
BEACON-0003656,2025-08-15,2025-08-16,ROU,Romania,HPAI,0.459,unverified,unusual_mortality,field,synthetic
BEACON-0003657,2025-08-11,2025-08-11,ROU,Romania,HPAI,0.249,unverified,unusual_mortality,media,synthetic
BEACON-0003658,2025-08-12,2025-08-12,BGR,Bulgaria,HPAI,0.403,unverified,syndromic,field,synthetic
BEACON-0003659,2025-08-15,2025-08-16,UKR,Ukraine,HPAI,0.313,verified,syndromic,media,synthetic
BEACON-0003660,2025-08-15,2025-08-17,RUS,Russian Federation,HPAI,0.393,unverified,media_cluster,field,synthetic
BEACON-0003661,2025-08-14,2025-08-15,TUR,Türkiye,HPAI,0.318,unverified,media_cluster,media,synthetic
BEACON-0003662,2025-08-16,2025-08-18,EGY,Egypt,HPAI,0.32,unverified,unusual_mortality,field,synthetic
BEACON-0003663,2025-08-21,2025-08-22,DEU,Germany,HPAI,0.383,unverified,media_cluster,media,synthetic
BEACON-0003664,2025-08-22,2025-08-23,NLD,Netherlands,HPAI,0.134,unverified,unusual_mortality,media,synthetic
BEACON-0003665,2025-08-23,2025-08-23,ESP,Spain,HPAI,0.337,unverified,media_cluster,media,synthetic
BEACON-0003666,2025-08-20,2025-08-21,HUN,Hungary,HPAI,0.68,verified,media_cluster,media,synthetic
BEACON-0003667,2025-08-23,2025-08-23,TUR,Türkiye,HPAI,0.55,verified,media_cluster,official,synthetic
BEACON-0003668,2025-08-22,2025-08-24,TUR,Türkiye,HPAI,0.235,unverified,unusual_mortality,media;official,synthetic
BEACON-0003669,2025-08-18,2025-08-20,GEO,Georgia,HPAI,0.434,unverified,unusual_mortality,media,synthetic
BEACON-0003670,2025-08-22,2025-08-23,EGY,Egypt,HPAI,0.599,unverified,media_cluster,media,synthetic
BEACON-0003671,2025-08-23,2025-08-24,TUN,Tunisia,HPAI,0.471,unverified,unusual_mortality,media;official,synthetic
BEACON-0003672,2025-08-23,2025-08-24,TUN,Tunisia,HPAI,0.406,unverified,unusual_mortality,media,synthetic
BEACON-0003673,2025-08-22,2025-08-23,TUN,Tunisia,HPAI,0.421,verified,media_cluster,media,synthetic
BEACON-0003674,2025-08-26,2025-08-28,FRA,France,HPAI,0.384,unverified,syndromic,media,synthetic
BEACON-0003675,2025-08-28,2025-08-30,NLD,Netherlands,HPAI,0.811,unverified,media_cluster,field,synthetic
BEACON-0003676,2025-08-30,2025-08-31,BEL,Belgium,HPAI,0.309,unverified,unusual_mortality,media,synthetic
BEACON-0003677,2025-08-26,2025-08-27,ITA,Italy,HPAI,0.592,unverified,unusual_mortality,media;official,synthetic
BEACON-0003678,2025-08-30,2025-08-30,POL,Poland,HPAI,0.249,unverified,unusual_mortality,media;official,synthetic
BEACON-0003679,2025-08-25,2025-08-27,POL,Poland,HPAI,0.117,unverified,trade_alert,media;official,synthetic
BEACON-0003680,2025-08-27,2025-08-29,HUN,Hungary,HPAI,0.399,unverified,unusual_mortality,official,synthetic
BEACON-0003681,2025-08-29,2025-08-29,RUS,Russian Federation,HPAI,0.847,unverified,media_cluster,media,synthetic
BEACON-0003682,2025-08-28,2025-08-28,TUR,Türkiye,HPAI,0.203,verified,unusual_mortality,media,synthetic
BEACON-0003683,2025-08-28,2025-08-29,ISR,Israel,HPAI,0.407,unverified,unusual_mortality,media,synthetic
BEACON-0003684,2025-08-25,2025-08-27,EGY,Egypt,HPAI,0.368,unverified,trade_alert,media,synthetic
BEACON-0003685,2025-08-26,2025-08-27,MAR,Morocco,HPAI,0.261,unverified,trade_alert,media,synthetic
BEACON-0003686,2025-09-06,2025-09-08,HUN,Hungary,HPAI,0.646,verified,unusual_mortality,media,synthetic
BEACON-0003687,2025-09-04,2025-09-06,HUN,Hungary,HPAI,0.312,verified,media_cluster,media,synthetic
BEACON-0003688,2025-09-05,2025-09-07,BGR,Bulgaria,HPAI,0.523,unverified,unusual_mortality,field,synthetic
BEACON-0003689,2025-09-05,2025-09-07,SRB,Serbia,HPAI,0.361,unverified,syndromic,media,synthetic
BEACON-0003690,2025-09-05,2025-09-06,TUR,Türkiye,HPAI,0.645,verified,unusual_mortality,media;official,synthetic
BEACON-0003691,2025-09-04,2025-09-04,ISR,Israel,HPAI,0.469,verified,syndromic,official,synthetic
BEACON-0003692,2025-09-02,2025-09-03,MAR,Morocco,HPAI,0.364,unverified,media_cluster,media,synthetic
BEACON-0003693,2025-09-11,2025-09-12,DEU,Germany,HPAI,0.291,unverified,media_cluster,media;official,synthetic
BEACON-0003694,2025-09-11,2025-09-13,DEU,Germany,HPAI,0.281,verified,syndromic,media,synthetic
BEACON-0003695,2025-09-13,2025-09-13,NLD,Netherlands,HPAI,0.385,unverified,unusual_mortality,media,synthetic
BEACON-0003696,2025-09-10,2025-09-11,BEL,Belgium,HPAI,0.654,unverified,unusual_mortality,media;official,synthetic
BEACON-0003697,2025-09-09,2025-09-10,POL,Poland,HPAI,0.103,unverified,trade_alert,official,synthetic
BEACON-0003698,2025-09-08,2025-09-10,BGR,Bulgaria,HPAI,0.833,verified,media_cluster,field,synthetic
BEACON-0003699,2025-09-11,2025-09-11,SRB,Serbia,HPAI,0.401,unverified,media_cluster,media;official,synthetic
BEACON-0003700,2025-09-12,2025-09-12,UKR,Ukraine,HPAI,0.495,verified,syndromic,media;official,synthetic
BEACON-0003701,2025-09-08,2025-09-09,MDA,Moldova,HPAI,0.634,verified,media_cluster,media,synthetic
BEACON-0003702,2025-09-11,2025-09-13,ISR,Israel,HPAI,0.433,verified,unusual_mortality,official,synthetic
BEACON-0003703,2025-09-11,2025-09-11,EGY,Egypt,HPAI,0.291,unverified,unusual_mortality,media,synthetic
BEACON-0003704,2025-09-08,2025-09-10,EGY,Egypt,HPAI,0.16,verified,media_cluster,media;official,synthetic
BEACON-0003705,2025-09-16,2025-09-17,NLD,Netherlands,HPAI,0.175,unverified,media_cluster,media,synthetic
BEACON-0003706,2025-09-15,2025-09-15,BEL,Belgium,HPAI,0.596,unverified,unusual_mortality,media;official,synthetic
BEACON-0003707,2025-09-20,2025-09-22,POL,Poland,HPAI,0.33,unverified,media_cluster,official,synthetic
BEACON-0003708,2025-09-18,2025-09-18,MDA,Moldova,HPAI,0.416,verified,unusual_mortality,media;official,synthetic
BEACON-0003709,2025-09-16,2025-09-16,TUR,Türkiye,HPAI,0.359,verified,syndromic,media,synthetic
BEACON-0003710,2025-09-19,2025-09-19,GEO,Georgia,HPAI,0.18,verified,media_cluster,media;official,synthetic
BEACON-0003711,2025-09-18,2025-09-18,GEO,Georgia,HPAI,0.455,unverified,unusual_mortality,media,synthetic
BEACON-0003712,2025-09-20,2025-09-22,EGY,Egypt,HPAI,0.307,unverified,media_cluster,media;official,synthetic
BEACON-0003713,2025-09-19,2025-09-19,MAR,Morocco,HPAI,0.696,unverified,media_cluster,media,synthetic
BEACON-0003714,2025-09-27,2025-09-27,BEL,Belgium,HPAI,0.519,verified,media_cluster,media,synthetic
BEACON-0003715,2025-09-27,2025-09-27,ITA,Italy,HPAI,0.486,unverified,unusual_mortality,media;official,synthetic
BEACON-0003716,2025-09-24,2025-09-25,ESP,Spain,HPAI,0.115,verified,unusual_mortality,media,synthetic
BEACON-0003717,2025-09-27,2025-09-29,POL,Poland,HPAI,0.259,verified,media_cluster,media,synthetic
BEACON-0003718,2025-09-25,2025-09-26,ROU,Romania,HPAI,0.238,unverified,unusual_mortality,media,synthetic
BEACON-0003719,2025-09-26,2025-09-26,UKR,Ukraine,HPAI,0.218,unverified,syndromic,field,synthetic
BEACON-0003720,2025-09-23,2025-09-25,RUS,Russian Federation,HPAI,0.187,verified,syndromic,media,synthetic
BEACON-0003721,2025-09-27,2025-09-28,RUS,Russian Federation,HPAI,0.535,unverified,syndromic,official,synthetic
BEACON-0003722,2025-09-24,2025-09-25,ISR,Israel,HPAI,0.339,verified,unusual_mortality,field,synthetic
BEACON-0003723,2025-09-25,2025-09-26,TUN,Tunisia,HPAI,0.231,verified,media_cluster,media,synthetic
BEACON-0003724,2025-09-24,2025-09-26,MAR,Morocco,HPAI,0.345,verified,media_cluster,media;official,synthetic
BEACON-0003725,2025-09-30,2025-09-30,DEU,Germany,HPAI,0.157,verified,trade_alert,media;official,synthetic
BEACON-0003726,2025-09-29,2025-10-01,NLD,Netherlands,HPAI,0.355,unverified,syndromic,official,synthetic
BEACON-0003727,2025-10-04,2025-10-04,ESP,Spain,HPAI,0.315,unverified,unusual_mortality,media,synthetic
BEACON-0003728,2025-10-04,2025-10-05,HUN,Hungary,HPAI,0.13,unverified,media_cluster,media;official,synthetic
BEACON-0003729,2025-10-03,2025-10-05,BGR,Bulgaria,HPAI,0.565,verified,unusual_mortality,official,synthetic
BEACON-0003730,2025-10-04,2025-10-06,SRB,Serbia,HPAI,0.214,unverified,media_cluster,official,synthetic
BEACON-0003731,2025-10-03,2025-10-04,UKR,Ukraine,HPAI,0.098,verified,media_cluster,media,synthetic
BEACON-0003732,2025-10-02,2025-10-03,TUR,Türkiye,HPAI,0.678,verified,media_cluster,media,synthetic
BEACON-0003733,2025-10-01,2025-10-03,ISR,Israel,HPAI,0.68,unverified,media_cluster,media,synthetic
BEACON-0003734,2025-09-29,2025-09-30,ISR,Israel,HPAI,0.103,verified,syndromic,media,synthetic
BEACON-0003735,2025-10-06,2025-10-07,FRA,France,HPAI,0.426,unverified,media_cluster,media;official,synthetic
BEACON-0003736,2025-10-10,2025-10-11,DEU,Germany,HPAI,0.451,unverified,syndromic,media,synthetic
BEACON-0003737,2025-10-11,2025-10-13,ITA,Italy,HPAI,0.17,verified,unusual_mortality,media,synthetic
BEACON-0003738,2025-10-08,2025-10-10,ROU,Romania,HPAI,0.602,verified,unusual_mortality,media,synthetic
BEACON-0003739,2025-10-06,2025-10-07,SRB,Serbia,HPAI,0.462,unverified,unusual_mortality,media,synthetic
BEACON-0003740,2025-10-09,2025-10-09,UKR,Ukraine,HPAI,0.754,verified,unusual_mortality,media,synthetic
BEACON-0003741,2025-10-10,2025-10-11,UKR,Ukraine,HPAI,0.569,unverified,syndromic,media,synthetic
BEACON-0003742,2025-10-11,2025-10-11,MDA,Moldova,HPAI,0.371,unverified,media_cluster,media,synthetic
BEACON-0003743,2025-10-07,2025-10-07,MDA,Moldova,HPAI,0.266,unverified,unusual_mortality,official,synthetic
BEACON-0003744,2025-10-10,2025-10-10,EGY,Egypt,HPAI,0.08,unverified,syndromic,media,synthetic
BEACON-0003745,2025-10-07,2025-10-08,EGY,Egypt,HPAI,0.122,verified,trade_alert,media,synthetic
BEACON-0003746,2025-10-10,2025-10-12,MAR,Morocco,HPAI,0.467,verified,media_cluster,media,synthetic
BEACON-0003747,2025-10-14,2025-10-14,NLD,Netherlands,HPAI,0.323,verified,unusual_mortality,media,synthetic
BEACON-0003748,2025-10-14,2025-10-14,NLD,Netherlands,HPAI,0.147,unverified,media_cluster,field,synthetic
BEACON-0003749,2025-10-14,2025-10-14,ITA,Italy,HPAI,0.918,unverified,syndromic,media,synthetic
BEACON-0003750,2025-10-16,2025-10-18,TUR,Türkiye,HPAI,0.178,unverified,media_cluster,official,synthetic
BEACON-0003751,2025-10-13,2025-10-15,GEO,Georgia,HPAI,0.242,unverified,syndromic,media;official,synthetic
BEACON-0003752,2025-10-14,2025-10-14,EGY,Egypt,HPAI,0.306,unverified,media_cluster,media,synthetic
BEACON-0003753,2025-10-17,2025-10-17,MAR,Morocco,HPAI,0.446,verified,media_cluster,media,synthetic
BEACON-0003754,2025-10-23,2025-10-23,NLD,Netherlands,HPAI,0.527,verified,media_cluster,media,synthetic
BEACON-0003755,2025-10-24,2025-10-25,NLD,Netherlands,HPAI,0.105,verified,media_cluster,official,synthetic
BEACON-0003756,2025-10-25,2025-10-27,ESP,Spain,HPAI,0.315,unverified,unusual_mortality,field,synthetic
BEACON-0003757,2025-10-21,2025-10-22,POL,Poland,HPAI,0.469,unverified,trade_alert,field,synthetic
BEACON-0003758,2025-10-25,2025-10-26,HUN,Hungary,HPAI,0.433,unverified,media_cluster,media,synthetic
BEACON-0003759,2025-10-20,2025-10-22,MDA,Moldova,HPAI,0.554,verified,unusual_mortality,media,synthetic
BEACON-0003760,2025-10-22,2025-10-24,RUS,Russian Federation,HPAI,0.707,verified,media_cluster,official,synthetic
BEACON-0003761,2025-10-21,2025-10-23,RUS,Russian Federation,HPAI,0.46,verified,trade_alert,official,synthetic
BEACON-0003762,2025-10-25,2025-10-25,RUS,Russian Federation,HPAI,0.309,verified,unusual_mortality,field,synthetic
BEACON-0003763,2025-10-20,2025-10-20,GEO,Georgia,HPAI,0.424,unverified,syndromic,media;official,synthetic
BEACON-0003764,2025-10-22,2025-10-24,GEO,Georgia,HPAI,0.692,verified,media_cluster,media,synthetic
BEACON-0003765,2025-10-20,2025-10-22,EGY,Egypt,HPAI,0.322,unverified,unusual_mortality,field,synthetic
BEACON-0003766,2025-10-25,2025-10-26,MAR,Morocco,HPAI,0.061,unverified,trade_alert,media,synthetic
BEACON-0003767,2025-10-24,2025-10-26,MAR,Morocco,HPAI,0.365,unverified,unusual_mortality,media,synthetic
BEACON-0003768,2025-10-30,2025-10-30,DEU,Germany,HPAI,0.472,verified,media_cluster,field,synthetic
BEACON-0003769,2025-10-27,2025-10-27,NLD,Netherlands,HPAI,0.815,unverified,syndromic,media;official,synthetic
BEACON-0003770,2025-11-01,2025-11-02,BEL,Belgium,HPAI,0.502,verified,unusual_mortality,media,synthetic
BEACON-0003771,2025-11-01,2025-11-02,ITA,Italy,HPAI,0.337,unverified,media_cluster,media;official,synthetic
BEACON-0003772,2025-10-31,2025-11-01,ITA,Italy,HPAI,0.977,unverified,trade_alert,media;official,synthetic
BEACON-0003773,2025-10-29,2025-10-31,POL,Poland,HPAI,0.446,verified,media_cluster,official,synthetic
BEACON-0003774,2025-11-01,2025-11-02,POL,Poland,HPAI,0.676,verified,syndromic,media;official,synthetic
BEACON-0003775,2025-10-30,2025-11-01,ROU,Romania,HPAI,0.896,unverified,media_cluster,official,synthetic
BEACON-0003776,2025-10-29,2025-10-29,SRB,Serbia,HPAI,0.375,unverified,media_cluster,field,synthetic
BEACON-0003777,2025-10-29,2025-10-30,UKR,Ukraine,HPAI,0.396,verified,unusual_mortality,media;official,synthetic
BEACON-0003778,2025-10-27,2025-10-27,UKR,Ukraine,HPAI,0.565,verified,syndromic,field,synthetic
BEACON-0003779,2025-10-30,2025-10-31,MDA,Moldova,HPAI,0.559,unverified,unusual_mortality,media,synthetic
BEACON-0003780,2025-11-01,2025-11-01,RUS,Russian Federation,HPAI,0.122,unverified,unusual_mortality,field,synthetic
BEACON-0003781,2025-10-28,2025-10-30,GEO,Georgia,HPAI,0.36,verified,trade_alert,media,synthetic
BEACON-0003782,2025-10-31,2025-11-02,ISR,Israel,HPAI,0.351,unverified,unusual_mortality,media;official,synthetic
BEACON-0003783,2025-10-29,2025-10-29,TUN,Tunisia,HPAI,0.568,verified,unusual_mortality,official,synthetic
BEACON-0003784,2025-11-08,2025-11-10,NLD,Netherlands,HPAI,0.285,unverified,media_cluster,field,synthetic
BEACON-0003785,2025-11-03,2025-11-03,BEL,Belgium,HPAI,0.115,unverified,media_cluster,media,synthetic
BEACON-0003786,2025-11-04,2025-11-05,BEL,Belgium,HPAI,0.475,unverified,unusual_mortality,official,synthetic
BEACON-0003787,2025-11-05,2025-11-05,POL,Poland,HPAI,0.378,unverified,syndromic,media;official,synthetic
BEACON-0003788,2025-11-08,2025-11-10,POL,Poland,HPAI,0.589,unverified,syndromic,media,synthetic
BEACON-0003789,2025-11-05,2025-11-05,HUN,Hungary,HPAI,0.526,verified,media_cluster,media,synthetic
BEACON-0003790,2025-11-08,2025-11-09,ROU,Romania,HPAI,0.587,unverified,media_cluster,media,synthetic
BEACON-0003791,2025-11-07,2025-11-07,ROU,Romania,HPAI,0.422,unverified,media_cluster,media,synthetic
BEACON-0003792,2025-11-08,2025-11-09,BGR,Bulgaria,HPAI,0.267,verified,unusual_mortality,media;official,synthetic
BEACON-0003793,2025-11-08,2025-11-10,BGR,Bulgaria,HPAI,0.144,unverified,unusual_mortality,media,synthetic
BEACON-0003794,2025-11-03,2025-11-05,UKR,Ukraine,HPAI,0.74,unverified,syndromic,media;official,synthetic
BEACON-0003795,2025-11-06,2025-11-08,TUR,Türkiye,HPAI,0.434,unverified,media_cluster,official,synthetic
BEACON-0003796,2025-11-08,2025-11-08,GEO,Georgia,HPAI,0.33,unverified,media_cluster,media,synthetic
BEACON-0003797,2025-11-05,2025-11-06,EGY,Egypt,HPAI,0.421,verified,media_cluster,media,synthetic
BEACON-0003798,2025-11-05,2025-11-05,EGY,Egypt,HPAI,0.045,verified,media_cluster,official,synthetic
BEACON-0003799,2025-11-07,2025-11-08,MAR,Morocco,HPAI,0.341,verified,media_cluster,media;official,synthetic
BEACON-0003800,2025-11-15,2025-11-16,NLD,Netherlands,HPAI,0.364,unverified,syndromic,official,synthetic
BEACON-0003801,2025-11-12,2025-11-12,BEL,Belgium,HPAI,0.813,verified,unusual_mortality,media,synthetic
BEACON-0003802,2025-11-14,2025-11-16,BEL,Belgium,HPAI,0.415,verified,media_cluster,media,synthetic
BEACON-0003803,2025-11-10,2025-11-10,ITA,Italy,HPAI,0.742,unverified,unusual_mortality,media,synthetic
BEACON-0003804,2025-11-10,2025-11-10,ITA,Italy,HPAI,0.352,verified,media_cluster,media,synthetic
BEACON-0003805,2025-11-15,2025-11-16,POL,Poland,HPAI,1.0,unverified,media_cluster,media,synthetic
BEACON-0003806,2025-11-13,2025-11-13,POL,Poland,HPAI,0.874,unverified,unusual_mortality,media,synthetic
BEACON-0003807,2025-11-13,2025-11-15,POL,Poland,HPAI,0.86,unverified,unusual_mortality,media;official,synthetic
BEACON-0003808,2025-11-11,2025-11-13,POL,Poland,HPAI,0.913,unverified,trade_alert,media,synthetic
BEACON-0003809,2025-11-12,2025-11-12,POL,Poland,HPAI,0.943,unverified,syndromic,media,synthetic
BEACON-0003810,2025-11-10,2025-11-12,HUN,Hungary,HPAI,0.6,verified,media_cluster,media,synthetic
BEACON-0003811,2025-11-14,2025-11-15,HUN,Hungary,HPAI,0.807,unverified,trade_alert,media;official,synthetic
BEACON-0003812,2025-11-13,2025-11-14,ROU,Romania,HPAI,0.436,verified,media_cluster,official,synthetic
BEACON-0003813,2025-11-14,2025-11-15,SRB,Serbia,HPAI,0.65,verified,unusual_mortality,media,synthetic
BEACON-0003814,2025-11-14,2025-11-15,UKR,Ukraine,HPAI,0.963,unverified,media_cluster,media,synthetic
BEACON-0003815,2025-11-10,2025-11-12,UKR,Ukraine,HPAI,0.828,verified,media_cluster,field,synthetic
BEACON-0003816,2025-11-12,2025-11-12,UKR,Ukraine,HPAI,1.0,verified,media_cluster,official,synthetic
BEACON-0003817,2025-11-11,2025-11-11,RUS,Russian Federation,HPAI,0.593,unverified,media_cluster,official,synthetic
BEACON-0003818,2025-11-15,2025-11-15,RUS,Russian Federation,HPAI,0.545,unverified,trade_alert,media;official,synthetic
BEACON-0003819,2025-11-12,2025-11-14,TUR,Türkiye,HPAI,0.347,verified,unusual_mortality,media;official,synthetic
BEACON-0003820,2025-11-13,2025-11-15,EGY,Egypt,HPAI,0.519,verified,media_cluster,media;official,synthetic
BEACON-0003821,2025-11-11,2025-11-12,EGY,Egypt,HPAI,0.395,unverified,media_cluster,media;official,synthetic
BEACON-0003822,2025-11-15,2025-11-17,MAR,Morocco,HPAI,0.597,verified,media_cluster,field,synthetic
BEACON-0003823,2025-11-19,2025-11-21,FRA,France,HPAI,0.42,unverified,trade_alert,media,synthetic
BEACON-0003824,2025-11-20,2025-11-21,DEU,Germany,HPAI,0.447,unverified,media_cluster,field,synthetic
BEACON-0003825,2025-11-17,2025-11-17,DEU,Germany,HPAI,0.726,unverified,media_cluster,media;official,synthetic
BEACON-0003826,2025-11-21,2025-11-23,DEU,Germany,HPAI,0.451,unverified,unusual_mortality,official,synthetic
BEACON-0003827,2025-11-17,2025-11-17,NLD,Netherlands,HPAI,1.0,verified,media_cluster,field,synthetic
BEACON-0003828,2025-11-20,2025-11-20,NLD,Netherlands,HPAI,1.0,unverified,syndromic,official,synthetic
BEACON-0003829,2025-11-19,2025-11-20,NLD,Netherlands,HPAI,1.0,verified,unusual_mortality,media,synthetic
BEACON-0003830,2025-11-21,2025-11-21,NLD,Netherlands,HPAI,0.39,unverified,unusual_mortality,media;official,synthetic
BEACON-0003831,2025-11-21,2025-11-22,NLD,Netherlands,HPAI,0.571,verified,syndromic,official,synthetic
BEACON-0003832,2025-11-21,2025-11-23,NLD,Netherlands,HPAI,0.845,unverified,syndromic,media;official,synthetic
BEACON-0003833,2025-11-22,2025-11-23,BEL,Belgium,HPAI,0.742,verified,trade_alert,media;official,synthetic
BEACON-0003834,2025-11-17,2025-11-17,ESP,Spain,HPAI,0.369,unverified,media_cluster,field,synthetic
BEACON-0003835,2025-11-17,2025-11-17,POL,Poland,HPAI,0.561,unverified,media_cluster,media,synthetic
BEACON-0003836,2025-11-17,2025-11-18,POL,Poland,HPAI,0.39,unverified,media_cluster,official,synthetic
BEACON-0003837,2025-11-18,2025-11-18,POL,Poland,HPAI,0.57,unverified,media_cluster,media,synthetic
BEACON-0003838,2025-11-19,2025-11-19,HUN,Hungary,HPAI,1.0,verified,media_cluster,media,synthetic
BEACON-0003839,2025-11-17,2025-11-18,ROU,Romania,HPAI,0.46,verified,unusual_mortality,official,synthetic
BEACON-0003840,2025-11-21,2025-11-23,SRB,Serbia,HPAI,0.409,unverified,media_cluster,official,synthetic
BEACON-0003841,2025-11-17,2025-11-17,UKR,Ukraine,HPAI,1.0,unverified,media_cluster,official,synthetic
BEACON-0003842,2025-11-17,2025-11-19,UKR,Ukraine,HPAI,0.839,verified,unusual_mortality,official,synthetic
BEACON-0003843,2025-11-19,2025-11-21,UKR,Ukraine,HPAI,1.0,unverified,syndromic,media,synthetic
BEACON-0003844,2025-11-17,2025-11-18,MDA,Moldova,HPAI,0.687,verified,unusual_mortality,media,synthetic
BEACON-0003845,2025-11-22,2025-11-24,MDA,Moldova,HPAI,0.416,unverified,syndromic,media,synthetic
BEACON-0003846,2025-11-22,2025-11-23,RUS,Russian Federation,HPAI,0.636,verified,syndromic,media,synthetic
BEACON-0003847,2025-11-22,2025-11-22,TUR,Türkiye,HPAI,0.377,unverified,media_cluster,media,synthetic
BEACON-0003848,2025-11-17,2025-11-17,TUR,Türkiye,HPAI,0.211,verified,unusual_mortality,media,synthetic
BEACON-0003849,2025-11-21,2025-11-23,GEO,Georgia,HPAI,0.531,unverified,media_cluster,official,synthetic
BEACON-0003850,2025-11-21,2025-11-21,ISR,Israel,HPAI,0.251,verified,media_cluster,media,synthetic
BEACON-0003851,2025-11-19,2025-11-21,ISR,Israel,HPAI,0.46,unverified,media_cluster,official,synthetic
BEACON-0003852,2025-11-17,2025-11-18,EGY,Egypt,HPAI,0.038,unverified,media_cluster,media,synthetic
BEACON-0003853,2025-11-19,2025-11-19,MAR,Morocco,HPAI,0.55,verified,syndromic,media,synthetic
BEACON-0003854,2025-11-26,2025-11-27,FRA,France,HPAI,0.616,unverified,trade_alert,media,synthetic
BEACON-0003855,2025-11-24,2025-11-26,FRA,France,HPAI,0.444,verified,trade_alert,media,synthetic
BEACON-0003856,2025-11-29,2025-11-29,NLD,Netherlands,HPAI,0.805,unverified,media_cluster,media,synthetic
BEACON-0003857,2025-11-29,2025-11-30,BEL,Belgium,HPAI,0.454,verified,unusual_mortality,media,synthetic
BEACON-0003858,2025-11-25,2025-11-27,BEL,Belgium,HPAI,0.48,unverified,media_cluster,media,synthetic
BEACON-0003859,2025-11-28,2025-11-28,BEL,Belgium,HPAI,0.779,verified,unusual_mortality,media,synthetic
BEACON-0003860,2025-11-28,2025-11-29,ITA,Italy,HPAI,0.49,unverified,unusual_mortality,media,synthetic
BEACON-0003861,2025-11-25,2025-11-27,ESP,Spain,HPAI,0.3,unverified,media_cluster,media,synthetic
BEACON-0003862,2025-11-29,2025-11-29,ESP,Spain,HPAI,0.247,unverified,syndromic,official,synthetic
BEACON-0003863,2025-11-29,2025-11-29,POL,Poland,HPAI,1.0,verified,media_cluster,media;official,synthetic
BEACON-0003864,2025-11-24,2025-11-25,POL,Poland,HPAI,0.599,unverified,trade_alert,official,synthetic
BEACON-0003865,2025-11-27,2025-11-27,POL,Poland,HPAI,1.0,unverified,syndromic,media,synthetic
BEACON-0003866,2025-11-28,2025-11-29,POL,Poland,HPAI,0.632,verified,syndromic,media;official,synthetic
BEACON-0003867,2025-11-26,2025-11-27,POL,Poland,HPAI,0.698,unverified,unusual_mortality,media;official,synthetic
BEACON-0003868,2025-11-29,2025-11-29,BGR,Bulgaria,HPAI,0.72,verified,syndromic,media;official,synthetic
BEACON-0003869,2025-11-27,2025-11-28,SRB,Serbia,HPAI,0.434,unverified,trade_alert,media,synthetic
BEACON-0003870,2025-11-27,2025-11-28,UKR,Ukraine,HPAI,1.0,verified,unusual_mortality,official,synthetic
BEACON-0003871,2025-11-28,2025-11-30,MDA,Moldova,HPAI,1.0,unverified,unusual_mortality,media;official,synthetic
BEACON-0003872,2025-11-26,2025-11-28,MDA,Moldova,HPAI,0.488,unverified,unusual_mortality,official,synthetic
BEACON-0003873,2025-11-24,2025-11-25,MDA,Moldova,HPAI,0.655,verified,media_cluster,field,synthetic
BEACON-0003874,2025-11-25,2025-11-25,MDA,Moldova,HPAI,0.753,unverified,media_cluster,field,synthetic
BEACON-0003875,2025-11-24,2025-11-26,MDA,Moldova,HPAI,0.592,unverified,unusual_mortality,media,synthetic
BEACON-0003876,2025-11-28,2025-11-28,RUS,Russian Federation,HPAI,0.524,unverified,unusual_mortality,official,synthetic
BEACON-0003877,2025-11-26,2025-11-26,RUS,Russian Federation,HPAI,0.747,verified,unusual_mortality,media,synthetic
BEACON-0003878,2025-11-26,2025-11-28,RUS,Russian Federation,HPAI,0.823,unverified,unusual_mortality,media,synthetic
BEACON-0003879,2025-11-27,2025-11-27,EGY,Egypt,HPAI,0.203,unverified,media_cluster,media,synthetic
BEACON-0003880,2025-12-02,2025-12-04,FRA,France,HPAI,0.812,unverified,media_cluster,official,synthetic
BEACON-0003881,2025-12-01,2025-12-02,DEU,Germany,HPAI,0.641,unverified,media_cluster,official,synthetic
BEACON-0003882,2025-12-03,2025-12-04,NLD,Netherlands,HPAI,0.962,unverified,unusual_mortality,media;official,synthetic
BEACON-0003883,2025-12-01,2025-12-02,NLD,Netherlands,HPAI,0.895,verified,unusual_mortality,media;official,synthetic
BEACON-0003884,2025-12-04,2025-12-06,NLD,Netherlands,HPAI,0.544,unverified,unusual_mortality,media;official,synthetic
BEACON-0003885,2025-12-01,2025-12-03,BEL,Belgium,HPAI,0.599,unverified,trade_alert,media,synthetic
BEACON-0003886,2025-12-01,2025-12-01,BEL,Belgium,HPAI,0.86,verified,unusual_mortality,official,synthetic
BEACON-0003887,2025-12-02,2025-12-03,BEL,Belgium,HPAI,0.554,unverified,trade_alert,official,synthetic
BEACON-0003888,2025-12-06,2025-12-08,ITA,Italy,HPAI,0.574,verified,unusual_mortality,media;official,synthetic
BEACON-0003889,2025-12-04,2025-12-04,POL,Poland,HPAI,1.0,verified,trade_alert,media,synthetic
BEACON-0003890,2025-12-05,2025-12-05,HUN,Hungary,HPAI,0.845,unverified,media_cluster,media,synthetic
BEACON-0003891,2025-12-04,2025-12-04,SRB,Serbia,HPAI,0.616,unverified,media_cluster,media;official,synthetic
BEACON-0003892,2025-12-02,2025-12-04,UKR,Ukraine,HPAI,1.0,unverified,media_cluster,media,synthetic
BEACON-0003893,2025-12-03,2025-12-04,MDA,Moldova,HPAI,0.527,unverified,unusual_mortality,media,synthetic
BEACON-0003894,2025-12-06,2025-12-06,MDA,Moldova,HPAI,0.51,verified,unusual_mortality,media,synthetic
BEACON-0003895,2025-12-02,2025-12-04,RUS,Russian Federation,HPAI,0.683,verified,media_cluster,media;official,synthetic
BEACON-0003896,2025-12-06,2025-12-08,RUS,Russian Federation,HPAI,0.784,verified,unusual_mortality,media,synthetic
BEACON-0003897,2025-12-05,2025-12-06,RUS,Russian Federation,HPAI,0.537,verified,syndromic,official,synthetic
BEACON-0003898,2025-12-03,2025-12-03,RUS,Russian Federation,HPAI,0.756,verified,unusual_mortality,media,synthetic
BEACON-0003899,2025-12-01,2025-12-03,TUN,Tunisia,HPAI,0.63,verified,media_cluster,media,synthetic
BEACON-0003900,2025-12-13,2025-12-13,FRA,France,HPAI,0.364,verified,media_cluster,field,synthetic
BEACON-0003901,2025-12-13,2025-12-14,DEU,Germany,HPAI,0.717,unverified,unusual_mortality,media;official,synthetic
BEACON-0003902,2025-12-11,2025-12-13,DEU,Germany,HPAI,0.406,unverified,unusual_mortality,media,synthetic
BEACON-0003903,2025-12-13,2025-12-13,NLD,Netherlands,HPAI,1.0,verified,trade_alert,media;official,synthetic
BEACON-0003904,2025-12-08,2025-12-09,NLD,Netherlands,HPAI,0.866,unverified,unusual_mortality,media;official,synthetic
BEACON-0003905,2025-12-08,2025-12-08,BEL,Belgium,HPAI,1.0,unverified,unusual_mortality,field,synthetic
BEACON-0003906,2025-12-11,2025-12-12,BEL,Belgium,HPAI,0.685,unverified,media_cluster,media,synthetic
BEACON-0003907,2025-12-11,2025-12-11,ITA,Italy,HPAI,0.453,unverified,unusual_mortality,media,synthetic
BEACON-0003908,2025-12-11,2025-12-13,ITA,Italy,HPAI,1.0,unverified,media_cluster,official,synthetic
BEACON-0003909,2025-12-10,2025-12-11,ITA,Italy,HPAI,0.371,verified,media_cluster,media,synthetic
BEACON-0003910,2025-12-12,2025-12-13,ITA,Italy,HPAI,0.777,unverified,unusual_mortality,media,synthetic
BEACON-0003911,2025-12-08,2025-12-09,ESP,Spain,HPAI,0.768,verified,media_cluster,media;official,synthetic
BEACON-0003912,2025-12-09,2025-12-10,POL,Poland,HPAI,1.0,unverified,media_cluster,field,synthetic
BEACON-0003913,2025-12-13,2025-12-14,POL,Poland,HPAI,0.895,verified,media_cluster,official,synthetic
BEACON-0003914,2025-12-09,2025-12-11,POL,Poland,HPAI,0.868,verified,syndromic,media,synthetic
BEACON-0003915,2025-12-09,2025-12-11,POL,Poland,HPAI,0.839,verified,syndromic,media,synthetic
BEACON-0003916,2025-12-12,2025-12-12,HUN,Hungary,HPAI,0.489,unverified,trade_alert,media,synthetic
BEACON-0003917,2025-12-09,2025-12-11,HUN,Hungary,HPAI,0.589,unverified,syndromic,field,synthetic
BEACON-0003918,2025-12-09,2025-12-10,HUN,Hungary,HPAI,0.288,verified,unusual_mortality,media,synthetic
BEACON-0003919,2025-12-12,2025-12-12,HUN,Hungary,HPAI,0.473,unverified,media_cluster,media,synthetic
BEACON-0003920,2025-12-09,2025-12-09,ROU,Romania,HPAI,0.642,verified,unusual_mortality,official,synthetic
BEACON-0003921,2025-12-10,2025-12-12,ROU,Romania,HPAI,0.72,unverified,unusual_mortality,media,synthetic
BEACON-0003922,2025-12-12,2025-12-12,ROU,Romania,HPAI,0.558,verified,unusual_mortality,media;official,synthetic
BEACON-0003923,2025-12-12,2025-12-13,BGR,Bulgaria,HPAI,0.5,verified,unusual_mortality,field,synthetic
BEACON-0003924,2025-12-12,2025-12-13,BGR,Bulgaria,HPAI,0.57,unverified,unusual_mortality,media,synthetic
BEACON-0003925,2025-12-11,2025-12-11,SRB,Serbia,HPAI,0.993,verified,media_cluster,field,synthetic
BEACON-0003926,2025-12-10,2025-12-12,UKR,Ukraine,HPAI,0.748,unverified,unusual_mortality,official,synthetic
BEACON-0003927,2025-12-13,2025-12-14,UKR,Ukraine,HPAI,0.609,verified,media_cluster,media;official,synthetic
BEACON-0003928,2025-12-11,2025-12-12,UKR,Ukraine,HPAI,0.651,verified,media_cluster,media;official,synthetic
BEACON-0003929,2025-12-08,2025-12-09,UKR,Ukraine,HPAI,0.68,unverified,unusual_mortality,media;official,synthetic
BEACON-0003930,2025-12-10,2025-12-12,MDA,Moldova,HPAI,0.516,unverified,media_cluster,official,synthetic
BEACON-0003931,2025-12-08,2025-12-09,RUS,Russian Federation,HPAI,0.604,unverified,syndromic,media,synthetic
BEACON-0003932,2025-12-17,2025-12-17,FRA,France,HPAI,0.749,unverified,media_cluster,official,synthetic
BEACON-0003933,2025-12-17,2025-12-17,DEU,Germany,HPAI,0.757,unverified,unusual_mortality,field,synthetic
BEACON-0003934,2025-12-20,2025-12-22,DEU,Germany,HPAI,1.0,unverified,unusual_mortality,field,synthetic
BEACON-0003935,2025-12-19,2025-12-21,NLD,Netherlands,HPAI,0.381,unverified,trade_alert,media;official,synthetic
BEACON-0003936,2025-12-20,2025-12-21,BEL,Belgium,HPAI,0.529,verified,media_cluster,official,synthetic
BEACON-0003937,2025-12-20,2025-12-22,BEL,Belgium,HPAI,1.0,verified,media_cluster,media,synthetic
BEACON-0003938,2025-12-17,2025-12-18,ITA,Italy,HPAI,0.55,verified,media_cluster,media,synthetic
BEACON-0003939,2025-12-16,2025-12-17,ITA,Italy,HPAI,0.966,unverified,unusual_mortality,media,synthetic
BEACON-0003940,2025-12-15,2025-12-17,ITA,Italy,HPAI,0.404,unverified,unusual_mortality,media;official,synthetic
BEACON-0003941,2025-12-19,2025-12-21,ESP,Spain,HPAI,0.403,unverified,trade_alert,media,synthetic
BEACON-0003942,2025-12-15,2025-12-17,ESP,Spain,HPAI,0.69,verified,media_cluster,media,synthetic
BEACON-0003943,2025-12-15,2025-12-15,ESP,Spain,HPAI,0.749,unverified,unusual_mortality,media;official,synthetic
BEACON-0003944,2025-12-19,2025-12-21,HUN,Hungary,HPAI,1.0,verified,media_cluster,media,synthetic
BEACON-0003945,2025-12-18,2025-12-19,UKR,Ukraine,HPAI,1.0,unverified,unusual_mortality,official,synthetic
BEACON-0003946,2025-12-17,2025-12-18,UKR,Ukraine,HPAI,0.744,unverified,unusual_mortality,media,synthetic
BEACON-0003947,2025-12-20,2025-12-21,MDA,Moldova,HPAI,0.409,verified,unusual_mortality,field,synthetic
BEACON-0003948,2025-12-19,2025-12-19,TUR,Türkiye,HPAI,0.521,unverified,media_cluster,media;official,synthetic
BEACON-0003949,2025-12-19,2025-12-20,GEO,Georgia,HPAI,0.481,unverified,unusual_mortality,media,synthetic
BEACON-0003950,2025-12-15,2025-12-17,GEO,Georgia,HPAI,0.746,verified,syndromic,media,synthetic
BEACON-0003951,2025-12-17,2025-12-18,GEO,Georgia,HPAI,0.241,verified,syndromic,field,synthetic
BEACON-0003952,2025-12-18,2025-12-20,ISR,Israel,HPAI,0.219,unverified,unusual_mortality,media,synthetic
BEACON-0003953,2025-12-20,2025-12-21,TUN,Tunisia,HPAI,0.514,unverified,syndromic,media;official,synthetic
BEACON-0003954,2025-12-20,2025-12-20,MAR,Morocco,HPAI,0.523,verified,media_cluster,media;official,synthetic
BEACON-0003955,2025-12-27,2025-12-27,FRA,France,HPAI,0.921,verified,media_cluster,official,synthetic
BEACON-0003956,2025-12-23,2025-12-25,FRA,France,HPAI,0.628,verified,unusual_mortality,media,synthetic
BEACON-0003957,2025-12-25,2025-12-26,DEU,Germany,HPAI,0.631,verified,media_cluster,media,synthetic
BEACON-0003958,2025-12-25,2025-12-26,DEU,Germany,HPAI,0.343,verified,media_cluster,official,synthetic
BEACON-0003959,2025-12-23,2025-12-25,NLD,Netherlands,HPAI,0.411,verified,syndromic,media,synthetic
BEACON-0003960,2025-12-27,2025-12-29,ITA,Italy,HPAI,1.0,verified,unusual_mortality,media,synthetic
BEACON-0003961,2025-12-25,2025-12-27,ITA,Italy,HPAI,1.0,verified,syndromic,field,synthetic
BEACON-0003962,2025-12-27,2025-12-28,ITA,Italy,HPAI,0.779,unverified,media_cluster,media,synthetic
BEACON-0003963,2025-12-24,2025-12-26,ITA,Italy,HPAI,0.843,unverified,unusual_mortality,media;official,synthetic
BEACON-0003964,2025-12-25,2025-12-25,ITA,Italy,HPAI,1.0,verified,unusual_mortality,media;official,synthetic
BEACON-0003965,2025-12-25,2025-12-25,ESP,Spain,HPAI,0.809,verified,media_cluster,field,synthetic
BEACON-0003966,2025-12-27,2025-12-29,ESP,Spain,HPAI,1.0,unverified,media_cluster,media,synthetic
BEACON-0003967,2025-12-22,2025-12-22,ESP,Spain,HPAI,0.579,verified,media_cluster,field,synthetic
BEACON-0003968,2025-12-27,2025-12-29,ESP,Spain,HPAI,0.771,verified,unusual_mortality,media;official,synthetic
BEACON-0003969,2025-12-26,2025-12-26,ESP,Spain,HPAI,0.561,verified,media_cluster,official,synthetic
BEACON-0003970,2025-12-25,2025-12-26,POL,Poland,HPAI,0.513,unverified,media_cluster,media,synthetic
BEACON-0003971,2025-12-23,2025-12-23,POL,Poland,HPAI,0.489,verified,unusual_mortality,media,synthetic
BEACON-0003972,2025-12-22,2025-12-24,POL,Poland,HPAI,0.468,unverified,media_cluster,media,synthetic
BEACON-0003973,2025-12-26,2025-12-28,POL,Poland,HPAI,0.869,unverified,trade_alert,media,synthetic
BEACON-0003974,2025-12-26,2025-12-26,HUN,Hungary,HPAI,0.541,unverified,syndromic,field,synthetic
BEACON-0003975,2025-12-23,2025-12-24,ROU,Romania,HPAI,0.508,unverified,media_cluster,official,synthetic
BEACON-0003976,2025-12-26,2025-12-28,UKR,Ukraine,HPAI,0.48,unverified,unusual_mortality,media;official,synthetic
BEACON-0003977,2025-12-23,2025-12-25,UKR,Ukraine,HPAI,1.0,unverified,unusual_mortality,media,synthetic
BEACON-0003978,2025-12-26,2025-12-28,MDA,Moldova,HPAI,0.251,verified,media_cluster,media;official,synthetic
BEACON-0003979,2025-12-26,2025-12-26,MDA,Moldova,HPAI,1.0,unverified,unusual_mortality,media,synthetic
BEACON-0003980,2025-12-24,2025-12-25,RUS,Russian Federation,HPAI,0.424,unverified,media_cluster,media,synthetic
BEACON-0003981,2025-12-27,2025-12-27,RUS,Russian Federation,HPAI,0.164,unverified,media_cluster,official,synthetic
BEACON-0003982,2025-12-26,2025-12-26,TUR,Türkiye,HPAI,1.0,unverified,syndromic,official,synthetic
BEACON-0003983,2025-12-24,2025-12-26,TUR,Türkiye,HPAI,0.946,unverified,unusual_mortality,media,synthetic
BEACON-0003986,2025-12-29,2025-12-31,ITA,Italy,HPAI,1.0,unverified,trade_alert,media;official,synthetic
BEACON-0003988,2025-12-29,2025-12-30,ITA,Italy,HPAI,1.0,verified,unusual_mortality,media;official,synthetic
BEACON-0003997,2020-01-08,2020-01-09,DEU,Germany,ASF,0.178,unverified,media_cluster,media,synthetic
BEACON-0003998,2020-01-06,2020-01-07,DEU,Germany,ASF,0.509,verified,media_cluster,media;official,synthetic
BEACON-0003999,2020-01-07,2020-01-07,DEU,Germany,ASF,0.267,verified,media_cluster,media;official,synthetic
BEACON-0004000,2020-01-10,2020-01-12,ESP,Spain,ASF,0.431,verified,unusual_mortality,media,synthetic
BEACON-0004001,2020-01-06,2020-01-07,HUN,Hungary,ASF,0.197,unverified,media_cluster,official,synthetic
BEACON-0004002,2020-01-07,2020-01-07,SRB,Serbia,ASF,0.528,unverified,media_cluster,official,synthetic
BEACON-0004003,2020-01-07,2020-01-07,UKR,Ukraine,ASF,0.778,verified,syndromic,field,synthetic
BEACON-0004004,2020-01-08,2020-01-08,ISR,Israel,ASF,0.29,verified,unusual_mortality,official,synthetic
BEACON-0004005,2020-01-08,2020-01-08,TUN,Tunisia,ASF,0.709,verified,media_cluster,media;official,synthetic
BEACON-0004006,2020-01-09,2020-01-11,MAR,Morocco,ASF,0.232,unverified,media_cluster,official,synthetic
BEACON-0004007,2020-01-10,2020-01-10,MAR,Morocco,ASF,0.463,verified,unusual_mortality,media,synthetic
BEACON-0004008,2020-01-14,2020-01-16,NLD,Netherlands,ASF,0.167,unverified,unusual_mortality,official,synthetic
BEACON-0004009,2020-01-13,2020-01-13,ESP,Spain,ASF,0.355,unverified,unusual_mortality,media,synthetic
BEACON-0004010,2020-01-16,2020-01-17,ESP,Spain,ASF,0.582,verified,media_cluster,media,synthetic
BEACON-0004011,2020-01-16,2020-01-16,ROU,Romania,ASF,0.366,unverified,syndromic,media,synthetic
BEACON-0004012,2020-01-16,2020-01-16,SRB,Serbia,ASF,0.506,unverified,syndromic,media,synthetic
BEACON-0004013,2020-01-14,2020-01-14,RUS,Russian Federation,ASF,0.226,unverified,media_cluster,official,synthetic
BEACON-0004014,2020-01-18,2020-01-20,GEO,Georgia,ASF,0.215,unverified,media_cluster,media,synthetic
BEACON-0004015,2020-01-18,2020-01-19,ISR,Israel,ASF,0.106,unverified,trade_alert,media,synthetic
BEACON-0004016,2020-01-16,2020-01-17,ISR,Israel,ASF,0.628,verified,trade_alert,media,synthetic
BEACON-0004017,2020-01-24,2020-01-24,FRA,France,ASF,0.221,unverified,unusual_mortality,media;official,synthetic
BEACON-0004018,2020-01-22,2020-01-22,DEU,Germany,ASF,0.359,unverified,media_cluster,official,synthetic
BEACON-0004019,2020-01-22,2020-01-22,NLD,Netherlands,ASF,0.282,unverified,unusual_mortality,media,synthetic
BEACON-0004020,2020-01-23,2020-01-24,ROU,Romania,ASF,0.574,verified,unusual_mortality,media;official,synthetic
BEACON-0004021,2020-01-22,2020-01-23,BGR,Bulgaria,ASF,0.486,unverified,media_cluster,media;official,synthetic
BEACON-0004022,2020-01-25,2020-01-26,UKR,Ukraine,ASF,0.663,unverified,media_cluster,media,synthetic
BEACON-0004023,2020-01-23,2020-01-25,RUS,Russian Federation,ASF,0.272,unverified,unusual_mortality,official,synthetic
BEACON-0004024,2020-01-20,2020-01-21,RUS,Russian Federation,ASF,0.293,verified,media_cluster,media;official,synthetic
BEACON-0004025,2020-01-25,2020-01-27,TUR,Türkiye,ASF,0.053,unverified,syndromic,field,synthetic
BEACON-0004026,2020-01-23,2020-01-25,GEO,Georgia,ASF,0.511,unverified,unusual_mortality,media,synthetic
BEACON-0004027,2020-01-24,2020-01-26,ISR,Israel,ASF,0.154,verified,unusual_mortality,media,synthetic
BEACON-0004028,2020-01-20,2020-01-22,MAR,Morocco,ASF,0.405,unverified,media_cluster,official,synthetic
BEACON-0004029,2020-01-22,2020-01-23,MAR,Morocco,ASF,0.694,verified,syndromic,media,synthetic
BEACON-0004030,2020-01-27,2020-01-27,DEU,Germany,ASF,0.558,verified,unusual_mortality,media,synthetic
BEACON-0004031,2020-01-27,2020-01-28,ROU,Romania,ASF,0.602,unverified,media_cluster,media,synthetic
BEACON-0004032,2020-01-27,2020-01-29,SRB,Serbia,ASF,0.08,verified,unusual_mortality,media,synthetic
BEACON-0004033,2020-01-30,2020-01-31,UKR,Ukraine,ASF,0.252,unverified,unusual_mortality,media;official,synthetic
BEACON-0004034,2020-01-28,2020-01-30,TUR,Türkiye,ASF,0.267,verified,unusual_mortality,media,synthetic
BEACON-0004035,2020-01-27,2020-01-27,GEO,Georgia,ASF,0.531,unverified,syndromic,media;official,synthetic
BEACON-0004036,2020-01-28,2020-01-28,EGY,Egypt,ASF,0.122,unverified,media_cluster,media,synthetic
BEACON-0004037,2020-02-01,2020-02-01,TUN,Tunisia,ASF,0.11,unverified,syndromic,field,synthetic
BEACON-0004038,2020-02-06,2020-02-08,FRA,France,ASF,0.364,unverified,media_cluster,media,synthetic
BEACON-0004039,2020-02-03,2020-02-04,FRA,France,ASF,0.42,unverified,unusual_mortality,media;official,synthetic
BEACON-0004040,2020-02-03,2020-02-04,BEL,Belgium,ASF,0.099,unverified,unusual_mortality,media,synthetic
BEACON-0004041,2020-02-07,2020-02-07,ESP,Spain,ASF,0.068,unverified,unusual_mortality,media,synthetic
BEACON-0004042,2020-02-08,2020-02-10,HUN,Hungary,ASF,0.464,verified,media_cluster,media,synthetic
BEACON-0004043,2020-02-04,2020-02-06,ROU,Romania,ASF,0.388,verified,unusual_mortality,field,synthetic
BEACON-0004044,2020-02-05,2020-02-05,ROU,Romania,ASF,0.326,unverified,unusual_mortality,media;official,synthetic
BEACON-0004045,2020-02-08,2020-02-09,BGR,Bulgaria,ASF,0.318,unverified,media_cluster,media;official,synthetic
BEACON-0004046,2020-02-04,2020-02-06,SRB,Serbia,ASF,0.459,unverified,media_cluster,media,synthetic
BEACON-0004047,2020-02-06,2020-02-07,UKR,Ukraine,ASF,0.257,unverified,syndromic,media;official,synthetic
BEACON-0004048,2020-02-07,2020-02-09,TUR,Türkiye,ASF,0.182,verified,media_cluster,media,synthetic
BEACON-0004049,2020-02-08,2020-02-08,TUR,Türkiye,ASF,0.766,unverified,trade_alert,official,synthetic
BEACON-0004050,2020-02-04,2020-02-06,GEO,Georgia,ASF,0.088,unverified,media_cluster,media,synthetic
BEACON-0004051,2020-02-03,2020-02-03,ISR,Israel,ASF,0.17,unverified,unusual_mortality,media;official,synthetic
BEACON-0004052,2020-02-08,2020-02-10,MAR,Morocco,ASF,0.623,verified,unusual_mortality,media;official,synthetic
BEACON-0004053,2020-02-14,2020-02-16,POL,Poland,ASF,0.498,verified,unusual_mortality,media,synthetic
BEACON-0004054,2020-02-13,2020-02-14,BGR,Bulgaria,ASF,0.586,unverified,media_cluster,official,synthetic
BEACON-0004055,2020-02-14,2020-02-16,BGR,Bulgaria,ASF,0.378,unverified,syndromic,media,synthetic
BEACON-0004056,2020-02-14,2020-02-16,MDA,Moldova,ASF,0.781,unverified,unusual_mortality,media,synthetic
BEACON-0004057,2020-02-10,2020-02-10,MDA,Moldova,ASF,0.264,verified,media_cluster,media,synthetic
BEACON-0004058,2020-02-10,2020-02-12,RUS,Russian Federation,ASF,0.724,unverified,media_cluster,official,synthetic
BEACON-0004059,2020-02-11,2020-02-12,TUR,Türkiye,ASF,0.525,verified,media_cluster,media;official,synthetic
BEACON-0004060,2020-02-21,2020-02-22,FRA,France,ASF,0.444,verified,unusual_mortality,media,synthetic
BEACON-0004061,2020-02-20,2020-02-21,DEU,Germany,ASF,0.3,unverified,media_cluster,media;official,synthetic
BEACON-0004062,2020-02-17,2020-02-17,NLD,Netherlands,ASF,0.376,unverified,syndromic,official,synthetic
BEACON-0004063,2020-02-21,2020-02-22,BEL,Belgium,ASF,0.825,verified,media_cluster,official,synthetic
BEACON-0004064,2020-02-19,2020-02-19,BEL,Belgium,ASF,0.546,unverified,media_cluster,media,synthetic
BEACON-0004065,2020-02-20,2020-02-22,ROU,Romania,ASF,0.596,unverified,unusual_mortality,media,synthetic
BEACON-0004066,2020-02-20,2020-02-20,UKR,Ukraine,ASF,0.576,verified,media_cluster,media,synthetic
BEACON-0004067,2020-02-21,2020-02-21,UKR,Ukraine,ASF,0.507,verified,trade_alert,media,synthetic
BEACON-0004068,2020-02-18,2020-02-18,UKR,Ukraine,ASF,0.392,unverified,syndromic,media;official,synthetic
BEACON-0004069,2020-02-17,2020-02-17,TUR,Türkiye,ASF,0.594,verified,syndromic,media,synthetic
BEACON-0004070,2020-02-19,2020-02-20,TUR,Türkiye,ASF,0.737,unverified,trade_alert,media;official,synthetic
BEACON-0004071,2020-02-21,2020-02-23,GEO,Georgia,ASF,0.584,verified,unusual_mortality,media,synthetic
BEACON-0004072,2020-02-17,2020-02-18,ISR,Israel,ASF,0.332,unverified,media_cluster,media,synthetic
BEACON-0004073,2020-02-18,2020-02-19,MAR,Morocco,ASF,0.359,verified,media_cluster,official,synthetic
BEACON-0004074,2020-02-25,2020-02-26,ESP,Spain,ASF,0.458,unverified,unusual_mortality,field,synthetic
BEACON-0004075,2020-02-27,2020-02-27,ESP,Spain,ASF,0.28,verified,media_cluster,media;official,synthetic
BEACON-0004076,2020-02-29,2020-03-01,ROU,Romania,ASF,0.201,unverified,syndromic,media,synthetic
BEACON-0004077,2020-02-26,2020-02-26,UKR,Ukraine,ASF,0.203,unverified,unusual_mortality,media,synthetic
BEACON-0004078,2020-02-27,2020-02-27,RUS,Russian Federation,ASF,0.279,unverified,trade_alert,media;official,synthetic
BEACON-0004079,2020-02-29,2020-03-02,RUS,Russian Federation,ASF,0.182,unverified,media_cluster,media,synthetic
BEACON-0004080,2020-02-28,2020-03-01,TUR,Türkiye,ASF,0.225,unverified,syndromic,official,synthetic
BEACON-0004081,2020-02-26,2020-02-27,ISR,Israel,ASF,0.209,unverified,media_cluster,media;official,synthetic
BEACON-0004082,2020-03-06,2020-03-08,FRA,France,ASF,0.36,verified,media_cluster,media;official,synthetic
BEACON-0004083,2020-03-02,2020-03-02,POL,Poland,ASF,0.68,unverified,unusual_mortality,media,synthetic
BEACON-0004084,2020-03-04,2020-03-04,HUN,Hungary,ASF,0.27,verified,media_cluster,media;official,synthetic
BEACON-0004085,2020-03-03,2020-03-04,BGR,Bulgaria,ASF,0.238,unverified,unusual_mortality,official,synthetic
BEACON-0004086,2020-03-06,2020-03-07,BGR,Bulgaria,ASF,0.359,verified,media_cluster,media,synthetic
BEACON-0004087,2020-03-07,2020-03-07,RUS,Russian Federation,ASF,0.599,verified,media_cluster,media;official,synthetic
BEACON-0004088,2020-03-07,2020-03-09,RUS,Russian Federation,ASF,0.361,unverified,unusual_mortality,media,synthetic
BEACON-0004089,2020-03-06,2020-03-08,RUS,Russian Federation,ASF,0.292,verified,media_cluster,media,synthetic
BEACON-0004090,2020-03-02,2020-03-03,GEO,Georgia,ASF,0.268,unverified,syndromic,official,synthetic
BEACON-0004091,2020-03-05,2020-03-06,TUN,Tunisia,ASF,0.653,unverified,trade_alert,official,synthetic
BEACON-0004092,2020-03-13,2020-03-15,ITA,Italy,ASF,0.459,unverified,media_cluster,media,synthetic
BEACON-0004093,2020-03-10,2020-03-10,ESP,Spain,ASF,0.363,unverified,unusual_mortality,field,synthetic
BEACON-0004094,2020-03-14,2020-03-16,POL,Poland,ASF,0.425,verified,unusual_mortality,media,synthetic
BEACON-0004095,2020-03-11,2020-03-13,POL,Poland,ASF,0.833,unverified,media_cluster,media,synthetic
BEACON-0004096,2020-03-14,2020-03-16,RUS,Russian Federation,ASF,0.361,unverified,syndromic,media,synthetic
BEACON-0004097,2020-03-12,2020-03-12,EGY,Egypt,ASF,0.173,verified,unusual_mortality,media;official,synthetic
BEACON-0004098,2020-03-20,2020-03-21,NLD,Netherlands,ASF,0.259,unverified,unusual_mortality,media;official,synthetic
BEACON-0004099,2020-03-17,2020-03-18,BEL,Belgium,ASF,0.502,unverified,media_cluster,media,synthetic
BEACON-0004100,2020-03-21,2020-03-23,POL,Poland,ASF,0.587,verified,unusual_mortality,media;official,synthetic
BEACON-0004101,2020-03-21,2020-03-21,POL,Poland,ASF,0.376,verified,media_cluster,official,synthetic
BEACON-0004102,2020-03-20,2020-03-22,HUN,Hungary,ASF,0.51,unverified,syndromic,media,synthetic
BEACON-0004103,2020-03-18,2020-03-19,RUS,Russian Federation,ASF,0.388,verified,media_cluster,media;official,synthetic
BEACON-0004104,2020-03-24,2020-03-25,ITA,Italy,ASF,0.508,unverified,media_cluster,official,synthetic
BEACON-0004105,2020-03-24,2020-03-26,ITA,Italy,ASF,0.539,verified,media_cluster,media,synthetic
BEACON-0004106,2020-03-25,2020-03-26,HUN,Hungary,ASF,0.309,unverified,trade_alert,media;official,synthetic
BEACON-0004107,2020-03-28,2020-03-28,UKR,Ukraine,ASF,0.489,unverified,unusual_mortality,media;official,synthetic
BEACON-0004108,2020-03-25,2020-03-26,RUS,Russian Federation,ASF,0.674,unverified,unusual_mortality,media,synthetic
BEACON-0004109,2020-03-28,2020-03-29,TUR,Türkiye,ASF,0.636,unverified,unusual_mortality,media,synthetic
BEACON-0004110,2020-03-23,2020-03-24,EGY,Egypt,ASF,0.099,unverified,trade_alert,media,synthetic
BEACON-0004111,2020-03-25,2020-03-25,TUN,Tunisia,ASF,0.492,unverified,media_cluster,media,synthetic
BEACON-0004112,2020-03-27,2020-03-27,MAR,Morocco,ASF,0.416,verified,unusual_mortality,media,synthetic
BEACON-0004113,2020-03-27,2020-03-28,MAR,Morocco,ASF,0.133,unverified,trade_alert,official,synthetic
BEACON-0004114,2020-04-04,2020-04-06,NLD,Netherlands,ASF,0.227,verified,media_cluster,media,synthetic
BEACON-0004115,2020-04-02,2020-04-03,ITA,Italy,ASF,0.379,verified,unusual_mortality,media,synthetic
BEACON-0004116,2020-03-30,2020-03-30,SRB,Serbia,ASF,0.441,unverified,syndromic,field,synthetic
BEACON-0004117,2020-03-30,2020-04-01,MDA,Moldova,ASF,0.686,unverified,unusual_mortality,field,synthetic
BEACON-0004118,2020-03-30,2020-03-31,TUR,Türkiye,ASF,0.407,unverified,trade_alert,media,synthetic
BEACON-0004119,2020-03-30,2020-04-01,GEO,Georgia,ASF,0.465,unverified,media_cluster,media;official,synthetic
BEACON-0004120,2020-03-31,2020-04-01,ISR,Israel,ASF,0.585,unverified,unusual_mortality,media;official,synthetic
BEACON-0004121,2020-04-10,2020-04-10,DEU,Germany,ASF,0.475,unverified,media_cluster,media,synthetic
BEACON-0004122,2020-04-11,2020-04-13,DEU,Germany,ASF,0.388,verified,unusual_mortality,media,synthetic
BEACON-0004123,2020-04-11,2020-04-12,NLD,Netherlands,ASF,0.848,unverified,media_cluster,media,synthetic
BEACON-0004124,2020-04-07,2020-04-09,UKR,Ukraine,ASF,0.303,unverified,unusual_mortality,media;official,synthetic
BEACON-0004125,2020-04-11,2020-04-11,GEO,Georgia,ASF,0.284,unverified,syndromic,media,synthetic
BEACON-0004126,2020-04-10,2020-04-10,ISR,Israel,ASF,0.255,unverified,unusual_mortality,field,synthetic
BEACON-0004127,2020-04-10,2020-04-12,EGY,Egypt,ASF,0.536,unverified,media_cluster,media;official,synthetic
BEACON-0004128,2020-04-14,2020-04-14,ITA,Italy,ASF,0.53,verified,unusual_mortality,field,synthetic
BEACON-0004129,2020-04-17,2020-04-19,HUN,Hungary,ASF,0.351,verified,media_cluster,media;official,synthetic
BEACON-0004130,2020-04-17,2020-04-19,ROU,Romania,ASF,0.316,verified,trade_alert,media,synthetic
BEACON-0004131,2020-04-17,2020-04-17,SRB,Serbia,ASF,0.544,unverified,unusual_mortality,media;official,synthetic
BEACON-0004132,2020-04-18,2020-04-19,SRB,Serbia,ASF,0.31,unverified,syndromic,media,synthetic
BEACON-0004133,2020-04-17,2020-04-19,SRB,Serbia,ASF,0.444,unverified,media_cluster,official,synthetic
BEACON-0004134,2020-04-13,2020-04-15,MDA,Moldova,ASF,0.236,unverified,unusual_mortality,media,synthetic
BEACON-0004135,2020-04-18,2020-04-20,RUS,Russian Federation,ASF,0.476,unverified,media_cluster,media,synthetic
BEACON-0004136,2020-04-18,2020-04-19,TUR,Türkiye,ASF,0.586,verified,trade_alert,official,synthetic
BEACON-0004137,2020-04-15,2020-04-16,TUR,Türkiye,ASF,0.803,verified,media_cluster,official,synthetic
BEACON-0004138,2020-04-14,2020-04-15,GEO,Georgia,ASF,0.467,verified,media_cluster,media;official,synthetic
BEACON-0004139,2020-04-25,2020-04-25,FRA,France,ASF,0.409,unverified,media_cluster,media;official,synthetic
BEACON-0004140,2020-04-25,2020-04-27,DEU,Germany,ASF,0.083,verified,unusual_mortality,media,synthetic
BEACON-0004141,2020-04-24,2020-04-24,NLD,Netherlands,ASF,0.436,verified,unusual_mortality,media,synthetic
BEACON-0004142,2020-04-20,2020-04-21,NLD,Netherlands,ASF,0.163,verified,unusual_mortality,media,synthetic
BEACON-0004143,2020-04-21,2020-04-22,ESP,Spain,ASF,0.575,unverified,media_cluster,media;official,synthetic
BEACON-0004144,2020-04-20,2020-04-22,ROU,Romania,ASF,0.234,unverified,syndromic,media,synthetic
BEACON-0004145,2020-04-25,2020-04-25,TUR,Türkiye,ASF,0.119,unverified,syndromic,media,synthetic
BEACON-0004146,2020-04-25,2020-04-26,GEO,Georgia,ASF,0.6,unverified,unusual_mortality,media;official,synthetic
BEACON-0004147,2020-04-23,2020-04-24,TUN,Tunisia,ASF,0.014,verified,unusual_mortality,media;official,synthetic
BEACON-0004148,2020-05-02,2020-05-02,NLD,Netherlands,ASF,0.63,unverified,syndromic,official,synthetic
BEACON-0004149,2020-04-30,2020-05-02,POL,Poland,ASF,0.835,unverified,syndromic,media,synthetic
BEACON-0004150,2020-05-02,2020-05-04,HUN,Hungary,ASF,0.252,verified,trade_alert,official,synthetic
BEACON-0004151,2020-04-29,2020-04-30,BGR,Bulgaria,ASF,0.032,verified,trade_alert,field,synthetic
BEACON-0004152,2020-04-28,2020-04-30,BGR,Bulgaria,ASF,0.44,unverified,media_cluster,media;official,synthetic
BEACON-0004153,2020-05-01,2020-05-01,UKR,Ukraine,ASF,0.092,verified,unusual_mortality,media,synthetic
BEACON-0004154,2020-04-30,2020-05-01,TUR,Türkiye,ASF,0.2,verified,unusual_mortality,media,synthetic
BEACON-0004155,2020-05-01,2020-05-03,EGY,Egypt,ASF,0.423,unverified,media_cluster,field,synthetic
BEACON-0004156,2020-05-07,2020-05-07,BEL,Belgium,ASF,0.122,unverified,trade_alert,official,synthetic
BEACON-0004157,2020-05-04,2020-05-05,POL,Poland,ASF,0.181,unverified,unusual_mortality,media,synthetic
BEACON-0004158,2020-05-06,2020-05-07,ROU,Romania,ASF,0.169,unverified,unusual_mortality,official,synthetic
BEACON-0004159,2020-05-08,2020-05-09,BGR,Bulgaria,ASF,0.281,verified,syndromic,field,synthetic
BEACON-0004160,2020-05-08,2020-05-10,MDA,Moldova,ASF,0.324,verified,trade_alert,media,synthetic
BEACON-0004161,2020-05-06,2020-05-06,MDA,Moldova,ASF,0.097,unverified,media_cluster,media;official,synthetic
BEACON-0004162,2020-05-08,2020-05-10,RUS,Russian Federation,ASF,0.518,verified,unusual_mortality,field,synthetic
BEACON-0004163,2020-05-05,2020-05-05,MAR,Morocco,ASF,0.485,verified,media_cluster,field,synthetic
BEACON-0004164,2020-05-07,2020-05-07,MAR,Morocco,ASF,0.44,unverified,unusual_mortality,media;official,synthetic
BEACON-0004165,2020-05-04,2020-05-06,MAR,Morocco,ASF,0.116,unverified,unusual_mortality,media;official,synthetic
BEACON-0004166,2020-05-11,2020-05-13,BEL,Belgium,ASF,0.259,unverified,trade_alert,media,synthetic
BEACON-0004167,2020-05-12,2020-05-13,POL,Poland,ASF,0.584,unverified,media_cluster,field,synthetic
BEACON-0004168,2020-05-15,2020-05-15,HUN,Hungary,ASF,0.451,unverified,media_cluster,official,synthetic
BEACON-0004169,2020-05-11,2020-05-12,HUN,Hungary,ASF,0.901,verified,unusual_mortality,media;official,synthetic
BEACON-0004170,2020-05-15,2020-05-15,ROU,Romania,ASF,0.201,verified,syndromic,media,synthetic
BEACON-0004171,2020-05-13,2020-05-14,SRB,Serbia,ASF,0.651,unverified,trade_alert,media,synthetic
BEACON-0004172,2020-05-14,2020-05-14,MDA,Moldova,ASF,0.323,unverified,unusual_mortality,media,synthetic
BEACON-0004173,2020-05-11,2020-05-12,ISR,Israel,ASF,0.415,unverified,trade_alert,media,synthetic
BEACON-0004174,2020-05-22,2020-05-23,DEU,Germany,ASF,0.85,verified,unusual_mortality,media,synthetic
BEACON-0004175,2020-05-18,2020-05-20,DEU,Germany,ASF,0.429,unverified,media_cluster,official,synthetic
BEACON-0004176,2020-05-22,2020-05-23,BEL,Belgium,ASF,0.554,verified,unusual_mortality,media,synthetic
BEACON-0004177,2020-05-22,2020-05-22,BEL,Belgium,ASF,0.719,unverified,unusual_mortality,field,synthetic
BEACON-0004178,2020-05-22,2020-05-23,SRB,Serbia,ASF,0.46,verified,unusual_mortality,official,synthetic
BEACON-0004179,2020-05-21,2020-05-23,SRB,Serbia,ASF,0.401,unverified,unusual_mortality,media,synthetic
BEACON-0004180,2020-05-19,2020-05-19,UKR,Ukraine,ASF,0.425,verified,unusual_mortality,official,synthetic
BEACON-0004181,2020-05-20,2020-05-22,ISR,Israel,ASF,0.509,verified,media_cluster,media;official,synthetic
BEACON-0004182,2020-05-30,2020-06-01,FRA,France,ASF,0.88,unverified,unusual_mortality,media,synthetic
BEACON-0004183,2020-05-30,2020-05-30,DEU,Germany,ASF,0.64,unverified,syndromic,media;official,synthetic
BEACON-0004184,2020-05-25,2020-05-26,BEL,Belgium,ASF,0.545,unverified,syndromic,media;official,synthetic
BEACON-0004185,2020-05-25,2020-05-25,BEL,Belgium,ASF,0.358,verified,media_cluster,media;official,synthetic
BEACON-0004186,2020-05-28,2020-05-29,BEL,Belgium,ASF,0.827,unverified,media_cluster,official,synthetic
BEACON-0004187,2020-05-26,2020-05-27,ITA,Italy,ASF,0.468,unverified,syndromic,field,synthetic
BEACON-0004188,2020-05-26,2020-05-27,ITA,Italy,ASF,0.652,unverified,unusual_mortality,official,synthetic
BEACON-0004189,2020-05-28,2020-05-30,ITA,Italy,ASF,0.328,unverified,media_cluster,media;official,synthetic
BEACON-0004190,2020-05-27,2020-05-29,ITA,Italy,ASF,0.433,unverified,media_cluster,field,synthetic
BEACON-0004191,2020-05-28,2020-05-30,ESP,Spain,ASF,0.139,unverified,media_cluster,media,synthetic
BEACON-0004192,2020-05-26,2020-05-28,POL,Poland,ASF,0.318,verified,unusual_mortality,media,synthetic
BEACON-0004193,2020-05-28,2020-05-28,POL,Poland,ASF,0.451,unverified,media_cluster,field,synthetic
BEACON-0004194,2020-05-30,2020-05-31,POL,Poland,ASF,0.337,verified,media_cluster,field,synthetic
BEACON-0004195,2020-05-29,2020-05-30,HUN,Hungary,ASF,0.644,unverified,unusual_mortality,media;official,synthetic
BEACON-0004196,2020-05-25,2020-05-26,HUN,Hungary,ASF,0.574,unverified,media_cluster,media,synthetic
BEACON-0004197,2020-05-28,2020-05-30,HUN,Hungary,ASF,0.466,verified,media_cluster,media;official,synthetic
BEACON-0004198,2020-05-30,2020-06-01,ROU,Romania,ASF,0.744,verified,syndromic,official,synthetic
BEACON-0004199,2020-05-30,2020-05-31,ROU,Romania,ASF,0.626,verified,media_cluster,official,synthetic
BEACON-0004200,2020-05-30,2020-05-30,SRB,Serbia,ASF,1.0,unverified,media_cluster,official,synthetic
BEACON-0004201,2020-05-29,2020-05-30,SRB,Serbia,ASF,0.49,unverified,media_cluster,official,synthetic
BEACON-0004202,2020-05-25,2020-05-26,MDA,Moldova,ASF,0.615,verified,unusual_mortality,media,synthetic
BEACON-0004203,2020-05-29,2020-05-30,MDA,Moldova,ASF,0.223,unverified,unusual_mortality,media,synthetic
BEACON-0004204,2020-05-28,2020-05-28,TUR,Türkiye,ASF,0.379,unverified,media_cluster,field,synthetic
BEACON-0004205,2020-05-25,2020-05-26,TUR,Türkiye,ASF,0.552,verified,media_cluster,media,synthetic
BEACON-0004206,2020-05-25,2020-05-27,MAR,Morocco,ASF,0.323,verified,syndromic,field,synthetic
BEACON-0004207,2020-06-05,2020-06-07,DEU,Germany,ASF,0.578,unverified,unusual_mortality,media,synthetic
BEACON-0004208,2020-06-01,2020-06-01,BEL,Belgium,ASF,0.599,verified,trade_alert,media,synthetic
BEACON-0004209,2020-06-03,2020-06-03,BEL,Belgium,ASF,0.444,unverified,unusual_mortality,media;official,synthetic
BEACON-0004210,2020-06-04,2020-06-05,BEL,Belgium,ASF,0.425,unverified,media_cluster,media,synthetic
BEACON-0004211,2020-06-04,2020-06-04,ITA,Italy,ASF,0.626,unverified,unusual_mortality,media;official,synthetic
BEACON-0004212,2020-06-05,2020-06-07,ESP,Spain,ASF,0.274,unverified,media_cluster,media;official,synthetic
BEACON-0004213,2020-06-03,2020-06-05,HUN,Hungary,ASF,0.997,unverified,unusual_mortality,media;official,synthetic
BEACON-0004214,2020-06-04,2020-06-05,ROU,Romania,ASF,0.988,verified,media_cluster,media,synthetic
BEACON-0004215,2020-06-04,2020-06-06,ROU,Romania,ASF,0.684,verified,unusual_mortality,media;official,synthetic
BEACON-0004216,2020-06-03,2020-06-05,BGR,Bulgaria,ASF,0.183,verified,unusual_mortality,media,synthetic
BEACON-0004217,2020-06-01,2020-06-01,SRB,Serbia,ASF,1.0,unverified,media_cluster,media,synthetic
BEACON-0004218,2020-06-04,2020-06-05,SRB,Serbia,ASF,1.0,unverified,media_cluster,media,synthetic
BEACON-0004219,2020-06-02,2020-06-04,SRB,Serbia,ASF,1.0,unverified,syndromic,media;official,synthetic
BEACON-0004220,2020-06-06,2020-06-06,UKR,Ukraine,ASF,0.64,unverified,unusual_mortality,media;official,synthetic
BEACON-0004221,2020-06-01,2020-06-03,MDA,Moldova,ASF,0.408,verified,unusual_mortality,official,synthetic
BEACON-0004222,2020-06-06,2020-06-06,RUS,Russian Federation,ASF,0.621,verified,unusual_mortality,media;official,synthetic
BEACON-0004223,2020-06-05,2020-06-07,EGY,Egypt,ASF,0.722,unverified,unusual_mortality,media,synthetic
BEACON-0004224,2020-06-03,2020-06-03,TUN,Tunisia,ASF,0.158,unverified,unusual_mortality,media,synthetic
BEACON-0004225,2020-06-06,2020-06-08,MAR,Morocco,ASF,0.21,unverified,media_cluster,field,synthetic
BEACON-0004226,2020-06-08,2020-06-08,FRA,France,ASF,0.688,unverified,unusual_mortality,media,synthetic
BEACON-0004227,2020-06-13,2020-06-15,DEU,Germany,ASF,0.787,verified,syndromic,media,synthetic
BEACON-0004228,2020-06-08,2020-06-10,NLD,Netherlands,ASF,0.55,unverified,media_cluster,media;official,synthetic
BEACON-0004229,2020-06-09,2020-06-11,NLD,Netherlands,ASF,0.625,verified,syndromic,media,synthetic
BEACON-0004230,2020-06-13,2020-06-15,BEL,Belgium,ASF,0.775,unverified,media_cluster,media,synthetic
BEACON-0004231,2020-06-12,2020-06-13,BEL,Belgium,ASF,0.283,verified,media_cluster,media,synthetic
BEACON-0004232,2020-06-11,2020-06-13,BEL,Belgium,ASF,0.367,unverified,trade_alert,media;official,synthetic
BEACON-0004233,2020-06-08,2020-06-10,ITA,Italy,ASF,1.0,verified,syndromic,media;official,synthetic
BEACON-0004234,2020-06-11,2020-06-11,POL,Poland,ASF,0.924,unverified,media_cluster,field,synthetic
BEACON-0004235,2020-06-13,2020-06-13,POL,Poland,ASF,0.797,unverified,unusual_mortality,media;official,synthetic
BEACON-0004236,2020-06-13,2020-06-13,POL,Poland,ASF,0.901,unverified,unusual_mortality,official,synthetic
BEACON-0004237,2020-06-09,2020-06-11,POL,Poland,ASF,0.942,unverified,media_cluster,official,synthetic
BEACON-0004238,2020-06-13,2020-06-14,HUN,Hungary,ASF,1.0,unverified,unusual_mortality,media,synthetic
BEACON-0004239,2020-06-13,2020-06-13,HUN,Hungary,ASF,0.971,unverified,media_cluster,media;official,synthetic
BEACON-0004240,2020-06-08,2020-06-09,ROU,Romania,ASF,1.0,unverified,media_cluster,media,synthetic
BEACON-0004241,2020-06-12,2020-06-13,ROU,Romania,ASF,1.0,unverified,media_cluster,media,synthetic
BEACON-0004242,2020-06-12,2020-06-13,SRB,Serbia,ASF,1.0,unverified,media_cluster,media;official,synthetic
BEACON-0004243,2020-06-13,2020-06-13,SRB,Serbia,ASF,1.0,unverified,unusual_mortality,media,synthetic
BEACON-0004244,2020-06-10,2020-06-11,SRB,Serbia,ASF,1.0,unverified,unusual_mortality,media,synthetic
BEACON-0004245,2020-06-10,2020-06-10,SRB,Serbia,ASF,1.0,verified,unusual_mortality,media;official,synthetic
BEACON-0004246,2020-06-11,2020-06-13,SRB,Serbia,ASF,1.0,unverified,media_cluster,field,synthetic
BEACON-0004247,2020-06-12,2020-06-13,UKR,Ukraine,ASF,0.782,unverified,media_cluster,official,synthetic
BEACON-0004248,2020-06-09,2020-06-09,UKR,Ukraine,ASF,0.578,verified,media_cluster,official,synthetic
BEACON-0004249,2020-06-10,2020-06-10,UKR,Ukraine,ASF,0.747,unverified,trade_alert,official,synthetic
BEACON-0004250,2020-06-08,2020-06-09,MDA,Moldova,ASF,1.0,unverified,unusual_mortality,media;official,synthetic
BEACON-0004251,2020-06-12,2020-06-12,RUS,Russian Federation,ASF,0.536,unverified,media_cluster,media,synthetic
BEACON-0004252,2020-06-08,2020-06-10,TUR,Türkiye,ASF,0.515,unverified,syndromic,field,synthetic
BEACON-0004253,2020-06-11,2020-06-11,GEO,Georgia,ASF,0.532,unverified,unusual_mortality,media;official,synthetic
BEACON-0004254,2020-06-12,2020-06-14,GEO,Georgia,ASF,0.493,unverified,media_cluster,media,synthetic
BEACON-0004255,2020-06-09,2020-06-09,ISR,Israel,ASF,0.49,unverified,syndromic,media,synthetic
BEACON-0004256,2020-06-13,2020-06-13,TUN,Tunisia,ASF,0.461,unverified,media_cluster,media,synthetic
BEACON-0004257,2020-06-13,2020-06-14,TUN,Tunisia,ASF,0.835,unverified,media_cluster,media,synthetic
BEACON-0004258,2020-06-19,2020-06-20,FRA,France,ASF,0.637,verified,syndromic,field,synthetic
BEACON-0004259,2020-06-15,2020-06-17,FRA,France,ASF,0.695,verified,unusual_mortality,media;official,synthetic
BEACON-0004260,2020-06-16,2020-06-18,DEU,Germany,ASF,0.821,verified,unusual_mortality,media;official,synthetic
BEACON-0004261,2020-06-15,2020-06-15,NLD,Netherlands,ASF,1.0,unverified,unusual_mortality,media;official,synthetic
BEACON-0004262,2020-06-17,2020-06-18,NLD,Netherlands,ASF,1.0,unverified,trade_alert,field,synthetic
BEACON-0004263,2020-06-18,2020-06-20,NLD,Netherlands,ASF,1.0,verified,media_cluster,media,synthetic
BEACON-0004264,2020-06-18,2020-06-20,BEL,Belgium,ASF,1.0,verified,unusual_mortality,media,synthetic
BEACON-0004265,2020-06-19,2020-06-19,BEL,Belgium,ASF,1.0,unverified,unusual_mortality,media;official,synthetic
BEACON-0004266,2020-06-15,2020-06-17,BEL,Belgium,ASF,1.0,verified,syndromic,media,synthetic
BEACON-0004267,2020-06-18,2020-06-19,BEL,Belgium,ASF,1.0,verified,unusual_mortality,media;official,synthetic
BEACON-0004268,2020-06-16,2020-06-17,BEL,Belgium,ASF,1.0,unverified,media_cluster,media,synthetic
BEACON-0004269,2020-06-17,2020-06-17,ITA,Italy,ASF,1.0,verified,unusual_mortality,media;official,synthetic
BEACON-0004270,2020-06-15,2020-06-16,ITA,Italy,ASF,1.0,verified,media_cluster,media;official,synthetic
BEACON-0004271,2020-06-15,2020-06-16,ITA,Italy,ASF,1.0,verified,media_cluster,field,synthetic
BEACON-0004272,2020-06-18,2020-06-20,ITA,Italy,ASF,1.0,unverified,syndromic,official,synthetic
BEACON-0004273,2020-06-18,2020-06-18,ITA,Italy,ASF,1.0,unverified,media_cluster,field,synthetic
BEACON-0004274,2020-06-17,2020-06-19,ESP,Spain,ASF,0.72,verified,trade_alert,media;official,synthetic
BEACON-0004275,2020-06-17,2020-06-19,ESP,Spain,ASF,0.788,unverified,unusual_mortality,official,synthetic
BEACON-0004276,2020-06-19,2020-06-19,POL,Poland,ASF,1.0,unverified,media_cluster,media,synthetic
BEACON-0004277,2020-06-17,2020-06-17,POL,Poland,ASF,1.0,verified,media_cluster,media;official,synthetic
BEACON-0004278,2020-06-18,2020-06-19,POL,Poland,ASF,1.0,verified,media_cluster,media;official,synthetic
BEACON-0004279,2020-06-17,2020-06-19,POL,Poland,ASF,1.0,unverified,media_cluster,media,synthetic
BEACON-0004280,2020-06-19,2020-06-19,POL,Poland,ASF,1.0,verified,media_cluster,official,synthetic
BEACON-0004281,2020-06-18,2020-06-19,POL,Poland,ASF,1.0,unverified,syndromic,media,synthetic
BEACON-0004282,2020-06-16,2020-06-17,POL,Poland,ASF,1.0,verified,media_cluster,media;official,synthetic
BEACON-0004283,2020-06-16,2020-06-18,POL,Poland,ASF,1.0,verified,unusual_mortality,media;official,synthetic
BEACON-0004284,2020-06-20,2020-06-21,POL,Poland,ASF,1.0,unverified,media_cluster,media;official,synthetic
BEACON-0004285,2020-06-16,2020-06-17,HUN,Hungary,ASF,1.0,verified,media_cluster,media;official,synthetic
BEACON-0004286,2020-06-19,2020-06-20,HUN,Hungary,ASF,0.952,verified,media_cluster,media,synthetic
BEACON-0004287,2020-06-16,2020-06-17,ROU,Romania,ASF,1.0,verified,media_cluster,official,synthetic
BEACON-0004288,2020-06-15,2020-06-16,ROU,Romania,ASF,1.0,unverified,media_cluster,media,synthetic
BEACON-0004289,2020-06-19,2020-06-19,ROU,Romania,ASF,0.937,unverified,trade_alert,media;official,synthetic
BEACON-0004290,2020-06-17,2020-06-19,ROU,Romania,ASF,1.0,verified,media_cluster,media;official,synthetic
BEACON-0004291,2020-06-18,2020-06-19,BGR,Bulgaria,ASF,1.0,verified,media_cluster,media,synthetic
BEACON-0004292,2020-06-19,2020-06-19,BGR,Bulgaria,ASF,1.0,verified,syndromic,field,synthetic
BEACON-0004293,2020-06-18,2020-06-20,BGR,Bulgaria,ASF,1.0,unverified,media_cluster,media,synthetic
BEACON-0004294,2020-06-17,2020-06-19,SRB,Serbia,ASF,1.0,unverified,media_cluster,media;official,synthetic
BEACON-0004295,2020-06-16,2020-06-16,SRB,Serbia,ASF,1.0,unverified,trade_alert,media,synthetic
BEACON-0004296,2020-06-18,2020-06-20,UKR,Ukraine,ASF,0.86,unverified,unusual_mortality,media,synthetic
BEACON-0004297,2020-06-19,2020-06-21,UKR,Ukraine,ASF,1.0,unverified,trade_alert,media,synthetic
BEACON-0004298,2020-06-16,2020-06-18,UKR,Ukraine,ASF,0.846,unverified,unusual_mortality,media,synthetic
BEACON-0004299,2020-06-19,2020-06-20,UKR,Ukraine,ASF,1.0,unverified,unusual_mortality,field,synthetic
BEACON-0004300,2020-06-15,2020-06-15,MDA,Moldova,ASF,0.959,verified,syndromic,media;official,synthetic
BEACON-0004301,2020-06-16,2020-06-17,RUS,Russian Federation,ASF,1.0,verified,media_cluster,media;official,synthetic
BEACON-0004302,2020-06-18,2020-06-20,TUR,Türkiye,ASF,0.418,verified,media_cluster,field,synthetic
BEACON-0004303,2020-06-18,2020-06-20,TUR,Türkiye,ASF,0.557,unverified,unusual_mortality,field,synthetic
BEACON-0004304,2020-06-15,2020-06-16,ISR,Israel,ASF,0.536,verified,unusual_mortality,media;official,synthetic
BEACON-0004305,2020-06-20,2020-06-20,ISR,Israel,ASF,0.095,unverified,media_cluster,media,synthetic
BEACON-0004306,2020-06-16,2020-06-16,EGY,Egypt,ASF,0.852,unverified,media_cluster,media;official,synthetic
BEACON-0004307,2020-06-16,2020-06-17,EGY,Egypt,ASF,0.641,unverified,media_cluster,media,synthetic
BEACON-0004308,2020-06-18,2020-06-19,TUN,Tunisia,ASF,0.164,unverified,trade_alert,media,synthetic
BEACON-0004309,2020-06-17,2020-06-18,TUN,Tunisia,ASF,0.699,verified,syndromic,media,synthetic
BEACON-0004310,2020-06-16,2020-06-16,MAR,Morocco,ASF,0.619,unverified,media_cluster,media,synthetic
BEACON-0004311,2020-06-26,2020-06-28,FRA,France,ASF,0.532,unverified,media_cluster,media,synthetic
BEACON-0004312,2020-06-26,2020-06-27,FRA,France,ASF,1.0,unverified,unusual_mortality,media,synthetic
BEACON-0004313,2020-06-26,2020-06-26,FRA,France,ASF,0.647,unverified,media_cluster,media,synthetic
BEACON-0004314,2020-06-23,2020-06-24,FRA,France,ASF,0.672,verified,syndromic,field,synthetic
BEACON-0004315,2020-06-23,2020-06-24,FRA,France,ASF,1.0,unverified,media_cluster,media,synthetic
BEACON-0004316,2020-06-24,2020-06-26,FRA,France,ASF,0.623,verified,unusual_mortality,media,synthetic
BEACON-0004317,2020-06-25,2020-06-27,FRA,France,ASF,0.746,verified,unusual_mortality,media,synthetic
BEACON-0004318,2020-06-27,2020-06-27,FRA,France,ASF,1.0,unverified,media_cluster,media,synthetic
BEACON-0004319,2020-06-22,2020-06-22,DEU,Germany,ASF,1.0,unverified,media_cluster,media,synthetic
BEACON-0004320,2020-06-27,2020-06-28,DEU,Germany,ASF,1.0,verified,trade_alert,media,synthetic
BEACON-0004321,2020-06-22,2020-06-22,DEU,Germany,ASF,1.0,unverified,unusual_mortality,media,synthetic
BEACON-0004322,2020-06-26,2020-06-27,DEU,Germany,ASF,1.0,unverified,media_cluster,media;official,synthetic
BEACON-0004323,2020-06-22,2020-06-22,DEU,Germany,ASF,1.0,verified,media_cluster,media,synthetic
BEACON-0004324,2020-06-23,2020-06-24,NLD,Netherlands,ASF,1.0,verified,unusual_mortality,media,synthetic
BEACON-0004325,2020-06-26,2020-06-27,NLD,Netherlands,ASF,1.0,unverified,syndromic,media,synthetic
BEACON-0004326,2020-06-26,2020-06-28,NLD,Netherlands,ASF,1.0,verified,trade_alert,media,synthetic
BEACON-0004327,2020-06-23,2020-06-25,NLD,Netherlands,ASF,1.0,unverified,syndromic,media,synthetic
BEACON-0004328,2020-06-24,2020-06-25,NLD,Netherlands,ASF,1.0,verified,media_cluster,media,synthetic
BEACON-0004329,2020-06-22,2020-06-24,BEL,Belgium,ASF,1.0,unverified,media_cluster,media,synthetic
BEACON-0004330,2020-06-25,2020-06-26,BEL,Belgium,ASF,1.0,unverified,trade_alert,media;official,synthetic
BEACON-0004331,2020-06-26,2020-06-27,BEL,Belgium,ASF,1.0,verified,unusual_mortality,media,synthetic
BEACON-0004332,2020-06-22,2020-06-22,BEL,Belgium,ASF,1.0,unverified,unusual_mortality,media;official,synthetic
BEACON-0004333,2020-06-25,2020-06-25,ITA,Italy,ASF,1.0,verified,trade_alert,official,synthetic
BEACON-0004334,2020-06-24,2020-06-25,ITA,Italy,ASF,1.0,verified,media_cluster,media,synthetic
BEACON-0004335,2020-06-27,2020-06-29,ITA,Italy,ASF,0.902,unverified,unusual_mortality,media,synthetic
BEACON-0004336,2020-06-22,2020-06-24,ESP,Spain,ASF,0.84,unverified,syndromic,media,synthetic
BEACON-0004337,2020-06-27,2020-06-28,ESP,Spain,ASF,0.997,verified,unusual_mortality,media;official,synthetic
BEACON-0004338,2020-06-22,2020-06-23,POL,Poland,ASF,1.0,unverified,unusual_mortality,media,synthetic
BEACON-0004339,2020-06-23,2020-06-23,POL,Poland,ASF,1.0,verified,media_cluster,media;official,synthetic
BEACON-0004340,2020-06-27,2020-06-29,POL,Poland,ASF,1.0,unverified,unusual_mortality,media,synthetic
BEACON-0004341,2020-06-27,2020-06-29,POL,Poland,ASF,1.0,verified,trade_alert,field,synthetic
BEACON-0004342,2020-06-25,2020-06-27,POL,Poland,ASF,1.0,unverified,media_cluster,field,synthetic
BEACON-0004343,2020-06-26,2020-06-28,HUN,Hungary,ASF,0.939,unverified,media_cluster,media,synthetic
BEACON-0004344,2020-06-24,2020-06-25,HUN,Hungary,ASF,1.0,unverified,unusual_mortality,media,synthetic
BEACON-0004345,2020-06-22,2020-06-22,HUN,Hungary,ASF,1.0,unverified,syndromic,media,synthetic
BEACON-0004346,2020-06-23,2020-06-23,ROU,Romania,ASF,1.0,unverified,unusual_mortality,official,synthetic
BEACON-0004347,2020-06-22,2020-06-23,ROU,Romania,ASF,0.985,verified,media_cluster,media,synthetic
BEACON-0004348,2020-06-23,2020-06-24,ROU,Romania,ASF,1.0,verified,unusual_mortality,media,synthetic
BEACON-0004349,2020-06-25,2020-06-26,ROU,Romania,ASF,1.0,unverified,syndromic,field,synthetic
BEACON-0004350,2020-06-26,2020-06-26,BGR,Bulgaria,ASF,1.0,unverified,media_cluster,media,synthetic
BEACON-0004351,2020-06-22,2020-06-24,BGR,Bulgaria,ASF,1.0,unverified,media_cluster,media,synthetic
BEACON-0004352,2020-06-24,2020-06-25,BGR,Bulgaria,ASF,1.0,verified,unusual_mortality,media,synthetic
BEACON-0004353,2020-06-24,2020-06-25,BGR,Bulgaria,ASF,1.0,unverified,media_cluster,media;official,synthetic
BEACON-0004354,2020-06-23,2020-06-25,BGR,Bulgaria,ASF,1.0,verified,syndromic,media;official,synthetic
BEACON-0004355,2020-06-25,2020-06-27,BGR,Bulgaria,ASF,1.0,unverified,trade_alert,official,synthetic
BEACON-0004356,2020-06-27,2020-06-27,BGR,Bulgaria,ASF,1.0,verified,media_cluster,media,synthetic
BEACON-0004357,2020-06-22,2020-06-22,SRB,Serbia,ASF,1.0,verified,media_cluster,media,synthetic
BEACON-0004358,2020-06-27,2020-06-28,SRB,Serbia,ASF,1.0,unverified,media_cluster,media;official,synthetic
BEACON-0004359,2020-06-23,2020-06-25,UKR,Ukraine,ASF,1.0,unverified,media_cluster,media;official,synthetic
BEACON-0004360,2020-06-27,2020-06-28,UKR,Ukraine,ASF,1.0,unverified,media_cluster,media;official,synthetic
BEACON-0004361,2020-06-25,2020-06-26,UKR,Ukraine,ASF,1.0,verified,trade_alert,media;official,synthetic
BEACON-0004362,2020-06-26,2020-06-26,MDA,Moldova,ASF,1.0,unverified,media_cluster,media,synthetic
BEACON-0004363,2020-06-26,2020-06-27,MDA,Moldova,ASF,1.0,verified,media_cluster,media;official,synthetic
BEACON-0004364,2020-06-24,2020-06-24,MDA,Moldova,ASF,1.0,verified,syndromic,field,synthetic
BEACON-0004365,2020-06-24,2020-06-26,MDA,Moldova,ASF,1.0,unverified,unusual_mortality,media,synthetic
BEACON-0004366,2020-06-24,2020-06-25,RUS,Russian Federation,ASF,1.0,unverified,unusual_mortality,media;official,synthetic
BEACON-0004367,2020-06-27,2020-06-29,RUS,Russian Federation,ASF,1.0,unverified,unusual_mortality,official,synthetic
BEACON-0004368,2020-06-24,2020-06-25,RUS,Russian Federation,ASF,1.0,unverified,unusual_mortality,media;official,synthetic
BEACON-0004369,2020-06-27,2020-06-29,TUR,Türkiye,ASF,0.792,verified,syndromic,official,synthetic
BEACON-0004370,2020-06-25,2020-06-27,GEO,Georgia,ASF,0.565,unverified,trade_alert,media,synthetic
BEACON-0004371,2020-06-24,2020-06-24,GEO,Georgia,ASF,0.791,unverified,unusual_mortality,media,synthetic
BEACON-0004372,2020-06-27,2020-06-28,TUN,Tunisia,ASF,0.546,unverified,syndromic,media,synthetic
BEACON-0004373,2020-06-22,2020-06-22,MAR,Morocco,ASF,0.502,unverified,unusual_mortality,media,synthetic
BEACON-0004374,2020-06-29,2020-07-01,FRA,France,ASF,1.0,unverified,media_cluster,media;official,synthetic
BEACON-0004375,2020-06-30,2020-06-30,FRA,France,ASF,0.918,unverified,media_cluster,media,synthetic
BEACON-0004376,2020-07-04,2020-07-05,FRA,France,ASF,1.0,unverified,trade_alert,field,synthetic
BEACON-0004377,2020-07-02,2020-07-02,FRA,France,ASF,0.979,verified,unusual_mortality,field,synthetic
BEACON-0004378,2020-06-30,2020-07-01,FRA,France,ASF,1.0,unverified,media_cluster,media;official,synthetic
BEACON-0004379,2020-06-30,2020-07-01,DEU,Germany,ASF,1.0,verified,media_cluster,media,synthetic
BEACON-0004380,2020-06-29,2020-06-29,DEU,Germany,ASF,1.0,unverified,media_cluster,media,synthetic
BEACON-0004381,2020-06-30,2020-07-02,DEU,Germany,ASF,1.0,unverified,media_cluster,media,synthetic
BEACON-0004382,2020-07-04,2020-07-06,DEU,Germany,ASF,1.0,unverified,media_cluster,field,synthetic
BEACON-0004383,2020-06-29,2020-07-01,NLD,Netherlands,ASF,1.0,unverified,media_cluster,official,synthetic
BEACON-0004384,2020-07-04,2020-07-06,NLD,Netherlands,ASF,1.0,verified,media_cluster,media;official,synthetic
BEACON-0004385,2020-07-03,2020-07-04,NLD,Netherlands,ASF,1.0,unverified,trade_alert,media;official,synthetic
BEACON-0004386,2020-06-29,2020-07-01,NLD,Netherlands,ASF,1.0,verified,unusual_mortality,media,synthetic
BEACON-0004387,2020-07-02,2020-07-03,NLD,Netherlands,ASF,1.0,unverified,trade_alert,media,synthetic
BEACON-0004388,2020-06-29,2020-07-01,NLD,Netherlands,ASF,1.0,unverified,syndromic,media,synthetic
BEACON-0004389,2020-06-30,2020-07-01,NLD,Netherlands,ASF,1.0,unverified,unusual_mortality,field,synthetic
BEACON-0004390,2020-07-01,2020-07-02,NLD,Netherlands,ASF,1.0,verified,media_cluster,media;official,synthetic
BEACON-0004391,2020-07-02,2020-07-04,NLD,Netherlands,ASF,1.0,unverified,media_cluster,media,synthetic
BEACON-0004392,2020-06-30,2020-07-02,BEL,Belgium,ASF,1.0,unverified,unusual_mortality,media,synthetic
BEACON-0004393,2020-07-03,2020-07-04,BEL,Belgium,ASF,1.0,unverified,syndromic,media;official,synthetic
BEACON-0004394,2020-07-02,2020-07-04,BEL,Belgium,ASF,1.0,unverified,media_cluster,media;official,synthetic
BEACON-0004395,2020-06-30,2020-06-30,BEL,Belgium,ASF,1.0,unverified,media_cluster,media;official,synthetic
BEACON-0004396,2020-07-01,2020-07-01,BEL,Belgium,ASF,1.0,unverified,media_cluster,field,synthetic
BEACON-0004397,2020-07-03,2020-07-03,BEL,Belgium,ASF,1.0,unverified,media_cluster,official,synthetic
BEACON-0004398,2020-07-02,2020-07-02,ITA,Italy,ASF,1.0,verified,syndromic,media;official,synthetic
BEACON-0004399,2020-06-30,2020-07-02,ITA,Italy,ASF,1.0,verified,unusual_mortality,official,synthetic
BEACON-0004400,2020-06-30,2020-07-02,ITA,Italy,ASF,1.0,unverified,syndromic,media,synthetic
BEACON-0004401,2020-07-01,2020-07-01,ITA,Italy,ASF,1.0,verified,media_cluster,media;official,synthetic
BEACON-0004402,2020-07-01,2020-07-01,ITA,Italy,ASF,1.0,verified,unusual_mortality,media;official,synthetic
BEACON-0004403,2020-07-03,2020-07-03,ITA,Italy,ASF,1.0,unverified,unusual_mortality,media,synthetic
BEACON-0004404,2020-06-30,2020-07-01,ITA,Italy,ASF,1.0,verified,media_cluster,media,synthetic
BEACON-0004405,2020-06-29,2020-07-01,ITA,Italy,ASF,1.0,verified,unusual_mortality,media,synthetic
BEACON-0004406,2020-06-29,2020-06-29,ITA,Italy,ASF,1.0,verified,media_cluster,media;official,synthetic
BEACON-0004407,2020-07-03,2020-07-03,ITA,Italy,ASF,1.0,unverified,unusual_mortality,media,synthetic
BEACON-0004408,2020-07-03,2020-07-03,ESP,Spain,ASF,1.0,verified,unusual_mortality,media;official,synthetic
BEACON-0004409,2020-07-02,2020-07-03,ESP,Spain,ASF,0.72,verified,syndromic,official,synthetic
BEACON-0004410,2020-07-01,2020-07-02,POL,Poland,ASF,1.0,unverified,trade_alert,media;official,synthetic
BEACON-0004411,2020-06-29,2020-06-29,POL,Poland,ASF,1.0,unverified,syndromic,official,synthetic
BEACON-0004412,2020-07-04,2020-07-06,POL,Poland,ASF,1.0,unverified,syndromic,media,synthetic
BEACON-0004413,2020-06-30,2020-07-02,POL,Poland,ASF,1.0,verified,trade_alert,media,synthetic
BEACON-0004414,2020-07-02,2020-07-02,POL,Poland,ASF,1.0,unverified,media_cluster,media;official,synthetic
BEACON-0004415,2020-07-01,2020-07-03,POL,Poland,ASF,1.0,verified,media_cluster,media,synthetic
BEACON-0004416,2020-07-02,2020-07-03,HUN,Hungary,ASF,1.0,verified,unusual_mortality,official,synthetic
BEACON-0004417,2020-06-30,2020-07-01,HUN,Hungary,ASF,0.899,verified,media_cluster,media,synthetic
BEACON-0004418,2020-07-04,2020-07-06,HUN,Hungary,ASF,0.812,unverified,media_cluster,media,synthetic
BEACON-0004419,2020-07-01,2020-07-02,ROU,Romania,ASF,1.0,unverified,media_cluster,media,synthetic
BEACON-0004420,2020-07-01,2020-07-01,ROU,Romania,ASF,1.0,unverified,unusual_mortality,media,synthetic
BEACON-0004421,2020-06-29,2020-06-29,ROU,Romania,ASF,1.0,verified,unusual_mortality,media,synthetic
BEACON-0004422,2020-07-02,2020-07-02,ROU,Romania,ASF,1.0,unverified,unusual_mortality,media;official,synthetic
BEACON-0004423,2020-06-29,2020-06-29,ROU,Romania,ASF,1.0,verified,unusual_mortality,field,synthetic
BEACON-0004424,2020-06-30,2020-07-01,ROU,Romania,ASF,1.0,unverified,syndromic,media,synthetic
BEACON-0004425,2020-06-29,2020-07-01,BGR,Bulgaria,ASF,1.0,verified,unusual_mortality,media,synthetic
BEACON-0004426,2020-06-29,2020-06-29,SRB,Serbia,ASF,1.0,unverified,syndromic,media,synthetic
BEACON-0004427,2020-06-29,2020-07-01,SRB,Serbia,ASF,1.0,unverified,unusual_mortality,field,synthetic
BEACON-0004428,2020-07-02,2020-07-03,SRB,Serbia,ASF,1.0,verified,media_cluster,media;official,synthetic
BEACON-0004429,2020-07-03,2020-07-05,SRB,Serbia,ASF,1.0,unverified,media_cluster,media;official,synthetic
BEACON-0004430,2020-07-03,2020-07-03,UKR,Ukraine,ASF,1.0,unverified,unusual_mortality,media;official,synthetic
BEACON-0004431,2020-07-02,2020-07-03,UKR,Ukraine,ASF,1.0,unverified,unusual_mortality,media,synthetic
BEACON-0004432,2020-07-01,2020-07-02,UKR,Ukraine,ASF,1.0,unverified,media_cluster,media,synthetic
BEACON-0004433,2020-07-04,2020-07-04,UKR,Ukraine,ASF,1.0,unverified,unusual_mortality,media,synthetic
BEACON-0004434,2020-07-03,2020-07-05,UKR,Ukraine,ASF,1.0,verified,media_cluster,media,synthetic
BEACON-0004435,2020-07-01,2020-07-02,MDA,Moldova,ASF,1.0,unverified,unusual_mortality,media,synthetic
BEACON-0004436,2020-07-03,2020-07-05,MDA,Moldova,ASF,1.0,verified,syndromic,media;official,synthetic
BEACON-0004437,2020-06-30,2020-06-30,MDA,Moldova,ASF,1.0,verified,trade_alert,media,synthetic
BEACON-0004438,2020-07-04,2020-07-04,MDA,Moldova,ASF,1.0,unverified,unusual_mortality,media,synthetic
BEACON-0004439,2020-07-01,2020-07-03,MDA,Moldova,ASF,1.0,unverified,media_cluster,media,synthetic
BEACON-0004440,2020-07-02,2020-07-03,MDA,Moldova,ASF,1.0,unverified,unusual_mortality,media,synthetic
BEACON-0004441,2020-06-30,2020-06-30,MDA,Moldova,ASF,1.0,verified,media_cluster,media;official,synthetic
BEACON-0004442,2020-07-03,2020-07-05,MDA,Moldova,ASF,1.0,unverified,media_cluster,media,synthetic
BEACON-0004443,2020-07-04,2020-07-05,MDA,Moldova,ASF,1.0,unverified,unusual_mortality,media;official,synthetic
BEACON-0004444,2020-07-03,2020-07-04,MDA,Moldova,ASF,1.0,unverified,unusual_mortality,media;official,synthetic
BEACON-0004445,2020-07-02,2020-07-02,RUS,Russian Federation,ASF,1.0,verified,syndromic,media,synthetic
BEACON-0004446,2020-07-01,2020-07-01,RUS,Russian Federation,ASF,1.0,unverified,syndromic,media,synthetic
BEACON-0004447,2020-07-04,2020-07-04,RUS,Russian Federation,ASF,1.0,unverified,syndromic,media,synthetic
BEACON-0004448,2020-06-29,2020-06-29,RUS,Russian Federation,ASF,1.0,unverified,media_cluster,official,synthetic
BEACON-0004449,2020-07-04,2020-07-05,RUS,Russian Federation,ASF,1.0,unverified,trade_alert,official,synthetic
BEACON-0004450,2020-06-29,2020-06-30,TUR,Türkiye,ASF,0.58,verified,syndromic,media;official,synthetic
BEACON-0004451,2020-07-02,2020-07-02,TUR,Türkiye,ASF,1.0,verified,media_cluster,field,synthetic
BEACON-0004452,2020-07-03,2020-07-04,TUR,Türkiye,ASF,1.0,verified,unusual_mortality,media,synthetic
BEACON-0004453,2020-07-02,2020-07-02,TUR,Türkiye,ASF,1.0,unverified,unusual_mortality,field,synthetic
BEACON-0004454,2020-07-04,2020-07-06,TUR,Türkiye,ASF,0.98,verified,media_cluster,media,synthetic
BEACON-0004455,2020-07-01,2020-07-03,GEO,Georgia,ASF,0.894,verified,media_cluster,media,synthetic
BEACON-0004456,2020-06-29,2020-06-30,GEO,Georgia,ASF,1.0,unverified,trade_alert,field,synthetic
BEACON-0004457,2020-07-03,2020-07-03,GEO,Georgia,ASF,0.933,unverified,syndromic,media,synthetic
BEACON-0004458,2020-07-01,2020-07-01,GEO,Georgia,ASF,1.0,unverified,trade_alert,official,synthetic
BEACON-0004459,2020-07-04,2020-07-04,GEO,Georgia,ASF,0.882,unverified,media_cluster,media;official,synthetic
BEACON-0004460,2020-06-29,2020-07-01,GEO,Georgia,ASF,0.882,verified,syndromic,media,synthetic
BEACON-0004461,2020-07-04,2020-07-06,GEO,Georgia,ASF,0.895,verified,unusual_mortality,field,synthetic
BEACON-0004462,2020-06-30,2020-07-01,GEO,Georgia,ASF,0.954,unverified,unusual_mortality,media;official,synthetic
BEACON-0004463,2020-07-01,2020-07-02,ISR,Israel,ASF,0.92,verified,media_cluster,media;official,synthetic
BEACON-0004464,2020-07-02,2020-07-03,ISR,Israel,ASF,0.621,unverified,media_cluster,official,synthetic
BEACON-0004465,2020-07-02,2020-07-04,ISR,Israel,ASF,0.893,verified,media_cluster,media;official,synthetic
BEACON-0004466,2020-07-02,2020-07-03,EGY,Egypt,ASF,0.259,verified,unusual_mortality,media,synthetic
BEACON-0004467,2020-06-30,2020-06-30,TUN,Tunisia,ASF,1.0,unverified,media_cluster,media,synthetic
BEACON-0004468,2020-06-29,2020-06-29,TUN,Tunisia,ASF,0.566,unverified,unusual_mortality,media,synthetic
BEACON-0004469,2020-06-29,2020-06-30,MAR,Morocco,ASF,0.235,unverified,syndromic,media;official,synthetic
BEACON-0004470,2020-07-01,2020-07-03,MAR,Morocco,ASF,0.656,verified,unusual_mortality,media,synthetic
BEACON-0004471,2020-07-06,2020-07-08,FRA,France,ASF,1.0,verified,unusual_mortality,media;official,synthetic
BEACON-0004472,2020-07-08,2020-07-09,FRA,France,ASF,0.789,unverified,unusual_mortality,media,synthetic
BEACON-0004473,2020-07-10,2020-07-10,FRA,France,ASF,0.932,unverified,unusual_mortality,media,synthetic
BEACON-0004474,2020-07-07,2020-07-07,FRA,France,ASF,0.843,unverified,trade_alert,media;official,synthetic
BEACON-0004475,2020-07-08,2020-07-08,FRA,France,ASF,1.0,verified,unusual_mortality,media;official,synthetic
BEACON-0004476,2020-07-08,2020-07-10,FRA,France,ASF,1.0,verified,unusual_mortality,official,synthetic
BEACON-0004477,2020-07-07,2020-07-08,DEU,Germany,ASF,1.0,unverified,media_cluster,official,synthetic
BEACON-0004478,2020-07-08,2020-07-08,DEU,Germany,ASF,1.0,unverified,media_cluster,official,synthetic
BEACON-0004479,2020-07-11,2020-07-12,DEU,Germany,ASF,1.0,verified,media_cluster,media,synthetic
BEACON-0004480,2020-07-06,2020-07-06,DEU,Germany,ASF,1.0,unverified,unusual_mortality,media,synthetic
BEACON-0004481,2020-07-10,2020-07-12,DEU,Germany,ASF,1.0,unverified,unusual_mortality,official,synthetic
BEACON-0004482,2020-07-07,2020-07-08,DEU,Germany,ASF,1.0,verified,media_cluster,media,synthetic
BEACON-0004483,2020-07-10,2020-07-11,DEU,Germany,ASF,1.0,verified,unusual_mortality,media;official,synthetic
BEACON-0004484,2020-07-08,2020-07-09,NLD,Netherlands,ASF,1.0,unverified,trade_alert,media;official,synthetic
BEACON-0004485,2020-07-09,2020-07-09,NLD,Netherlands,ASF,1.0,unverified,media_cluster,media;official,synthetic
BEACON-0004486,2020-07-11,2020-07-11,NLD,Netherlands,ASF,1.0,unverified,media_cluster,media;official,synthetic
BEACON-0004487,2020-07-10,2020-07-10,NLD,Netherlands,ASF,1.0,verified,media_cluster,media,synthetic
BEACON-0004488,2020-07-10,2020-07-11,NLD,Netherlands,ASF,1.0,unverified,media_cluster,media,synthetic
BEACON-0004489,2020-07-11,2020-07-13,NLD,Netherlands,ASF,1.0,unverified,syndromic,official,synthetic
BEACON-0004490,2020-07-11,2020-07-11,NLD,Netherlands,ASF,1.0,verified,media_cluster,media;official,synthetic
BEACON-0004491,2020-07-06,2020-07-08,BEL,Belgium,ASF,1.0,unverified,media_cluster,official,synthetic
BEACON-0004492,2020-07-10,2020-07-12,BEL,Belgium,ASF,1.0,unverified,trade_alert,media,synthetic
BEACON-0004493,2020-07-08,2020-07-10,BEL,Belgium,ASF,1.0,unverified,media_cluster,media;official,synthetic
BEACON-0004494,2020-07-11,2020-07-12,BEL,Belgium,ASF,1.0,verified,syndromic,field,synthetic
BEACON-0004495,2020-07-10,2020-07-10,BEL,Belgium,ASF,1.0,unverified,unusual_mortality,media,synthetic
BEACON-0004496,2020-07-06,2020-07-07,ITA,Italy,ASF,1.0,unverified,trade_alert,media,synthetic
BEACON-0004497,2020-07-09,2020-07-09,ITA,Italy,ASF,1.0,unverified,media_cluster,media;official,synthetic
BEACON-0004498,2020-07-06,2020-07-07,ITA,Italy,ASF,1.0,unverified,trade_alert,media;official,synthetic
BEACON-0004499,2020-07-06,2020-07-08,ITA,Italy,ASF,1.0,unverified,unusual_mortality,media;official,synthetic
BEACON-0004500,2020-07-10,2020-07-10,ITA,Italy,ASF,1.0,unverified,syndromic,official,synthetic
BEACON-0004501,2020-07-10,2020-07-10,ITA,Italy,ASF,1.0,unverified,trade_alert,media,synthetic
BEACON-0004502,2020-07-07,2020-07-08,ITA,Italy,ASF,1.0,verified,media_cluster,media;official,synthetic
BEACON-0004503,2020-07-10,2020-07-11,ITA,Italy,ASF,1.0,unverified,syndromic,media,synthetic
BEACON-0004504,2020-07-11,2020-07-13,ITA,Italy,ASF,1.0,verified,unusual_mortality,media,synthetic
BEACON-0004505,2020-07-06,2020-07-06,ITA,Italy,ASF,1.0,verified,unusual_mortality,official,synthetic
BEACON-0004506,2020-07-08,2020-07-08,ITA,Italy,ASF,1.0,unverified,syndromic,media,synthetic
BEACON-0004507,2020-07-10,2020-07-12,ESP,Spain,ASF,1.0,verified,media_cluster,media,synthetic
BEACON-0004508,2020-07-11,2020-07-13,ESP,Spain,ASF,0.832,unverified,trade_alert,official,synthetic
BEACON-0004509,2020-07-08,2020-07-10,ESP,Spain,ASF,0.771,verified,media_cluster,media,synthetic
BEACON-0004510,2020-07-08,2020-07-08,POL,Poland,ASF,1.0,verified,syndromic,media;official,synthetic
BEACON-0004511,2020-07-06,2020-07-08,POL,Poland,ASF,1.0,verified,unusual_mortality,official,synthetic
BEACON-0004512,2020-07-06,2020-07-07,POL,Poland,ASF,1.0,verified,media_cluster,media,synthetic
BEACON-0004513,2020-07-10,2020-07-11,POL,Poland,ASF,1.0,unverified,media_cluster,field,synthetic
BEACON-0004514,2020-07-10,2020-07-11,POL,Poland,ASF,1.0,unverified,media_cluster,media,synthetic
BEACON-0004515,2020-07-08,2020-07-10,POL,Poland,ASF,1.0,verified,unusual_mortality,media;official,synthetic
BEACON-0004516,2020-07-07,2020-07-08,POL,Poland,ASF,1.0,verified,syndromic,media,synthetic
BEACON-0004517,2020-07-09,2020-07-09,POL,Poland,ASF,1.0,unverified,unusual_mortality,official,synthetic
BEACON-0004518,2020-07-07,2020-07-08,POL,Poland,ASF,1.0,verified,media_cluster,media,synthetic
BEACON-0004519,2020-07-11,2020-07-12,POL,Poland,ASF,1.0,unverified,syndromic,field,synthetic
BEACON-0004520,2020-07-11,2020-07-13,POL,Poland,ASF,1.0,unverified,media_cluster,media,synthetic
BEACON-0004521,2020-07-06,2020-07-07,HUN,Hungary,ASF,1.0,verified,media_cluster,media,synthetic
BEACON-0004522,2020-07-10,2020-07-12,HUN,Hungary,ASF,1.0,verified,media_cluster,media,synthetic
BEACON-0004523,2020-07-08,2020-07-10,HUN,Hungary,ASF,1.0,unverified,trade_alert,official,synthetic
BEACON-0004524,2020-07-06,2020-07-07,HUN,Hungary,ASF,1.0,verified,unusual_mortality,media,synthetic
BEACON-0004525,2020-07-06,2020-07-06,HUN,Hungary,ASF,1.0,unverified,unusual_mortality,official,synthetic
BEACON-0004526,2020-07-11,2020-07-13,HUN,Hungary,ASF,1.0,unverified,unusual_mortality,media;official,synthetic
BEACON-0004527,2020-07-08,2020-07-09,HUN,Hungary,ASF,1.0,verified,media_cluster,field,synthetic
BEACON-0004528,2020-07-11,2020-07-11,ROU,Romania,ASF,1.0,unverified,trade_alert,media;official,synthetic
BEACON-0004529,2020-07-09,2020-07-10,ROU,Romania,ASF,1.0,verified,syndromic,media;official,synthetic
BEACON-0004530,2020-07-11,2020-07-11,ROU,Romania,ASF,1.0,verified,unusual_mortality,field,synthetic
BEACON-0004531,2020-07-06,2020-07-08,ROU,Romania,ASF,1.0,unverified,media_cluster,official,synthetic
BEACON-0004532,2020-07-08,2020-07-08,BGR,Bulgaria,ASF,1.0,unverified,unusual_mortality,official,synthetic
BEACON-0004533,2020-07-09,2020-07-09,BGR,Bulgaria,ASF,1.0,verified,syndromic,media;official,synthetic
BEACON-0004534,2020-07-10,2020-07-11,BGR,Bulgaria,ASF,1.0,verified,media_cluster,media,synthetic
BEACON-0004535,2020-07-07,2020-07-07,BGR,Bulgaria,ASF,1.0,unverified,media_cluster,media,synthetic
BEACON-0004536,2020-07-08,2020-07-09,SRB,Serbia,ASF,1.0,verified,unusual_mortality,media,synthetic
BEACON-0004537,2020-07-11,2020-07-13,SRB,Serbia,ASF,1.0,unverified,trade_alert,official,synthetic
BEACON-0004538,2020-07-10,2020-07-10,SRB,Serbia,ASF,1.0,unverified,unusual_mortality,media;official,synthetic
BEACON-0004539,2020-07-11,2020-07-11,SRB,Serbia,ASF,0.921,verified,unusual_mortality,media,synthetic
BEACON-0004540,2020-07-11,2020-07-12,UKR,Ukraine,ASF,1.0,unverified,unusual_mortality,media,synthetic
BEACON-0004541,2020-07-08,2020-07-09,UKR,Ukraine,ASF,1.0,verified,syndromic,media,synthetic
BEACON-0004542,2020-07-09,2020-07-10,UKR,Ukraine,ASF,1.0,verified,unusual_mortality,media;official,synthetic
BEACON-0004543,2020-07-07,2020-07-09,UKR,Ukraine,ASF,1.0,unverified,trade_alert,official,synthetic
BEACON-0004544,2020-07-08,2020-07-10,UKR,Ukraine,ASF,1.0,unverified,media_cluster,media,synthetic
BEACON-0004545,2020-07-10,2020-07-10,UKR,Ukraine,ASF,1.0,verified,trade_alert,media;official,synthetic
BEACON-0004546,2020-07-08,2020-07-08,UKR,Ukraine,ASF,1.0,verified,media_cluster,media,synthetic
BEACON-0004547,2020-07-09,2020-07-11,UKR,Ukraine,ASF,1.0,verified,media_cluster,field,synthetic
BEACON-0004548,2020-07-10,2020-07-12,UKR,Ukraine,ASF,1.0,verified,trade_alert,media,synthetic
BEACON-0004549,2020-07-07,2020-07-09,MDA,Moldova,ASF,1.0,unverified,unusual_mortality,official,synthetic
BEACON-0004550,2020-07-06,2020-07-07,MDA,Moldova,ASF,1.0,unverified,media_cluster,media;official,synthetic
BEACON-0004551,2020-07-07,2020-07-07,MDA,Moldova,ASF,1.0,verified,trade_alert,media,synthetic
BEACON-0004552,2020-07-11,2020-07-11,MDA,Moldova,ASF,1.0,unverified,syndromic,official,synthetic
BEACON-0004553,2020-07-07,2020-07-07,MDA,Moldova,ASF,1.0,verified,unusual_mortality,field,synthetic
BEACON-0004554,2020-07-08,2020-07-09,MDA,Moldova,ASF,1.0,unverified,unusual_mortality,media;official,synthetic
BEACON-0004555,2020-07-09,2020-07-09,MDA,Moldova,ASF,1.0,unverified,unusual_mortality,media,synthetic
BEACON-0004556,2020-07-09,2020-07-10,RUS,Russian Federation,ASF,1.0,verified,media_cluster,media,synthetic
BEACON-0004557,2020-07-09,2020-07-09,RUS,Russian Federation,ASF,1.0,unverified,media_cluster,media;official,synthetic
BEACON-0004558,2020-07-07,2020-07-09,RUS,Russian Federation,ASF,1.0,unverified,unusual_mortality,field,synthetic
BEACON-0004559,2020-07-11,2020-07-11,RUS,Russian Federation,ASF,1.0,verified,media_cluster,media,synthetic
BEACON-0004560,2020-07-09,2020-07-10,TUR,Türkiye,ASF,0.986,unverified,media_cluster,media,synthetic
BEACON-0004561,2020-07-08,2020-07-09,TUR,Türkiye,ASF,0.83,verified,media_cluster,media,synthetic
BEACON-0004562,2020-07-08,2020-07-10,TUR,Türkiye,ASF,0.975,unverified,media_cluster,media;official,synthetic
BEACON-0004563,2020-07-11,2020-07-11,TUR,Türkiye,ASF,1.0,unverified,syndromic,media;official,synthetic
BEACON-0004564,2020-07-11,2020-07-13,GEO,Georgia,ASF,1.0,unverified,unusual_mortality,media;official,synthetic
BEACON-0004565,2020-07-07,2020-07-07,GEO,Georgia,ASF,1.0,verified,media_cluster,media,synthetic
BEACON-0004566,2020-07-11,2020-07-11,GEO,Georgia,ASF,1.0,verified,media_cluster,media;official,synthetic
BEACON-0004567,2020-07-09,2020-07-09,GEO,Georgia,ASF,1.0,unverified,unusual_mortality,media;official,synthetic
BEACON-0004568,2020-07-11,2020-07-13,GEO,Georgia,ASF,1.0,verified,unusual_mortality,media,synthetic
BEACON-0004569,2020-07-08,2020-07-10,GEO,Georgia,ASF,1.0,unverified,media_cluster,field,synthetic
BEACON-0004570,2020-07-06,2020-07-06,TUN,Tunisia,ASF,0.277,unverified,trade_alert,media,synthetic
BEACON-0004571,2020-07-06,2020-07-06,TUN,Tunisia,ASF,0.462,unverified,unusual_mortality,official,synthetic
BEACON-0004572,2020-07-11,2020-07-13,MAR,Morocco,ASF,0.372,verified,media_cluster,official,synthetic
BEACON-0004573,2020-07-16,2020-07-18,FRA,France,ASF,1.0,verified,media_cluster,media,synthetic
BEACON-0004574,2020-07-18,2020-07-19,FRA,France,ASF,1.0,verified,media_cluster,media,synthetic
BEACON-0004575,2020-07-14,2020-07-14,FRA,France,ASF,1.0,verified,unusual_mortality,media;official,synthetic
BEACON-0004576,2020-07-17,2020-07-17,FRA,France,ASF,1.0,unverified,unusual_mortality,media;official,synthetic
BEACON-0004577,2020-07-17,2020-07-17,DEU,Germany,ASF,0.959,unverified,media_cluster,media,synthetic
BEACON-0004578,2020-07-14,2020-07-15,DEU,Germany,ASF,1.0,verified,syndromic,official,synthetic
BEACON-0004579,2020-07-16,2020-07-16,DEU,Germany,ASF,1.0,unverified,unusual_mortality,media;official,synthetic
BEACON-0004580,2020-07-16,2020-07-16,DEU,Germany,ASF,0.791,verified,unusual_mortality,media;official,synthetic
BEACON-0004581,2020-07-16,2020-07-18,NLD,Netherlands,ASF,1.0,unverified,media_cluster,media,synthetic
BEACON-0004582,2020-07-13,2020-07-13,NLD,Netherlands,ASF,1.0,unverified,trade_alert,media,synthetic
BEACON-0004583,2020-07-15,2020-07-16,NLD,Netherlands,ASF,1.0,verified,unusual_mortality,media;official,synthetic
BEACON-0004584,2020-07-16,2020-07-18,BEL,Belgium,ASF,1.0,unverified,media_cluster,official,synthetic
BEACON-0004585,2020-07-18,2020-07-20,BEL,Belgium,ASF,1.0,unverified,unusual_mortality,media;official,synthetic
BEACON-0004586,2020-07-14,2020-07-15,BEL,Belgium,ASF,1.0,verified,media_cluster,media,synthetic
BEACON-0004587,2020-07-15,2020-07-16,BEL,Belgium,ASF,1.0,verified,media_cluster,media,synthetic
BEACON-0004588,2020-07-17,2020-07-19,BEL,Belgium,ASF,1.0,verified,unusual_mortality,media,synthetic
BEACON-0004589,2020-07-18,2020-07-18,BEL,Belgium,ASF,1.0,verified,unusual_mortality,media,synthetic
BEACON-0004590,2020-07-15,2020-07-16,BEL,Belgium,ASF,1.0,verified,unusual_mortality,media;official,synthetic
BEACON-0004591,2020-07-14,2020-07-15,BEL,Belgium,ASF,1.0,unverified,media_cluster,media;official,synthetic
BEACON-0004592,2020-07-18,2020-07-20,ITA,Italy,ASF,1.0,verified,media_cluster,media;official,synthetic
BEACON-0004593,2020-07-18,2020-07-18,ITA,Italy,ASF,1.0,unverified,media_cluster,media,synthetic
BEACON-0004594,2020-07-14,2020-07-16,ITA,Italy,ASF,0.93,verified,syndromic,media;official,synthetic
BEACON-0004595,2020-07-14,2020-07-14,ITA,Italy,ASF,1.0,unverified,unusual_mortality,media,synthetic
BEACON-0004596,2020-07-18,2020-07-19,ITA,Italy,ASF,1.0,unverified,media_cluster,media,synthetic
BEACON-0004597,2020-07-16,2020-07-18,ITA,Italy,ASF,1.0,verified,unusual_mortality,media,synthetic
BEACON-0004598,2020-07-15,2020-07-15,ITA,Italy,ASF,1.0,unverified,media_cluster,field,synthetic
BEACON-0004599,2020-07-15,2020-07-16,ESP,Spain,ASF,0.869,unverified,media_cluster,media;official,synthetic
BEACON-0004600,2020-07-14,2020-07-14,ESP,Spain,ASF,1.0,verified,media_cluster,official,synthetic
BEACON-0004601,2020-07-17,2020-07-17,POL,Poland,ASF,1.0,unverified,unusual_mortality,media;official,synthetic
BEACON-0004602,2020-07-16,2020-07-17,POL,Poland,ASF,1.0,verified,unusual_mortality,official,synthetic
BEACON-0004603,2020-07-16,2020-07-18,POL,Poland,ASF,1.0,unverified,unusual_mortality,media,synthetic
BEACON-0004604,2020-07-14,2020-07-14,POL,Poland,ASF,1.0,unverified,media_cluster,field,synthetic
BEACON-0004605,2020-07-16,2020-07-18,POL,Poland,ASF,1.0,unverified,media_cluster,media,synthetic
BEACON-0004606,2020-07-14,2020-07-16,HUN,Hungary,ASF,1.0,unverified,unusual_mortality,media;official,synthetic
BEACON-0004607,2020-07-16,2020-07-16,HUN,Hungary,ASF,1.0,unverified,unusual_mortality,field,synthetic
BEACON-0004608,2020-07-18,2020-07-20,HUN,Hungary,ASF,1.0,verified,unusual_mortality,field,synthetic
BEACON-0004609,2020-07-15,2020-07-17,HUN,Hungary,ASF,1.0,verified,unusual_mortality,media,synthetic
BEACON-0004610,2020-07-17,2020-07-19,HUN,Hungary,ASF,1.0,unverified,unusual_mortality,media;official,synthetic
BEACON-0004611,2020-07-15,2020-07-15,HUN,Hungary,ASF,1.0,unverified,trade_alert,media,synthetic
BEACON-0004612,2020-07-13,2020-07-15,HUN,Hungary,ASF,1.0,verified,trade_alert,media;official,synthetic
BEACON-0004613,2020-07-17,2020-07-18,ROU,Romania,ASF,1.0,verified,unusual_mortality,media,synthetic
BEACON-0004614,2020-07-13,2020-07-14,ROU,Romania,ASF,1.0,verified,unusual_mortality,media;official,synthetic
BEACON-0004615,2020-07-15,2020-07-15,ROU,Romania,ASF,1.0,unverified,media_cluster,media;official,synthetic
BEACON-0004616,2020-07-16,2020-07-18,ROU,Romania,ASF,1.0,unverified,unusual_mortality,official,synthetic
BEACON-0004617,2020-07-14,2020-07-14,ROU,Romania,ASF,1.0,verified,unusual_mortality,media;official,synthetic
BEACON-0004618,2020-07-18,2020-07-19,BGR,Bulgaria,ASF,1.0,unverified,media_cluster,official,synthetic
BEACON-0004619,2020-07-18,2020-07-19,BGR,Bulgaria,ASF,1.0,verified,unusual_mortality,media,synthetic
BEACON-0004620,2020-07-15,2020-07-16,BGR,Bulgaria,ASF,1.0,unverified,media_cluster,media,synthetic
BEACON-0004621,2020-07-15,2020-07-17,SRB,Serbia,ASF,1.0,unverified,trade_alert,media;official,synthetic
BEACON-0004622,2020-07-16,2020-07-16,SRB,Serbia,ASF,1.0,verified,unusual_mortality,media,synthetic
BEACON-0004623,2020-07-13,2020-07-14,SRB,Serbia,ASF,0.99,verified,syndromic,media,synthetic
BEACON-0004624,2020-07-16,2020-07-18,UKR,Ukraine,ASF,1.0,unverified,media_cluster,media;official,synthetic
BEACON-0004625,2020-07-16,2020-07-16,UKR,Ukraine,ASF,1.0,unverified,media_cluster,media,synthetic
BEACON-0004626,2020-07-16,2020-07-16,UKR,Ukraine,ASF,1.0,unverified,syndromic,media;official,synthetic
BEACON-0004627,2020-07-16,2020-07-16,UKR,Ukraine,ASF,1.0,verified,trade_alert,media,synthetic
BEACON-0004628,2020-07-13,2020-07-14,UKR,Ukraine,ASF,1.0,unverified,syndromic,media;official,synthetic
BEACON-0004629,2020-07-14,2020-07-14,UKR,Ukraine,ASF,1.0,verified,syndromic,field,synthetic
BEACON-0004630,2020-07-18,2020-07-18,MDA,Moldova,ASF,1.0,unverified,trade_alert,media,synthetic
BEACON-0004631,2020-07-14,2020-07-16,MDA,Moldova,ASF,1.0,unverified,unusual_mortality,media,synthetic
BEACON-0004632,2020-07-17,2020-07-18,MDA,Moldova,ASF,0.999,unverified,trade_alert,official,synthetic
BEACON-0004633,2020-07-13,2020-07-13,MDA,Moldova,ASF,1.0,unverified,unusual_mortality,media,synthetic
BEACON-0004634,2020-07-17,2020-07-18,RUS,Russian Federation,ASF,1.0,unverified,unusual_mortality,media,synthetic
BEACON-0004635,2020-07-17,2020-07-17,RUS,Russian Federation,ASF,1.0,unverified,media_cluster,official,synthetic
BEACON-0004636,2020-07-17,2020-07-19,RUS,Russian Federation,ASF,1.0,verified,media_cluster,media,synthetic
BEACON-0004637,2020-07-18,2020-07-18,RUS,Russian Federation,ASF,1.0,verified,media_cluster,media,synthetic
BEACON-0004638,2020-07-15,2020-07-15,RUS,Russian Federation,ASF,1.0,unverified,unusual_mortality,media;official,synthetic
BEACON-0004639,2020-07-15,2020-07-17,RUS,Russian Federation,ASF,1.0,verified,unusual_mortality,media,synthetic
BEACON-0004640,2020-07-14,2020-07-16,RUS,Russian Federation,ASF,1.0,verified,media_cluster,official,synthetic
BEACON-0004641,2020-07-18,2020-07-19,RUS,Russian Federation,ASF,1.0,unverified,media_cluster,field,synthetic
BEACON-0004642,2020-07-14,2020-07-14,RUS,Russian Federation,ASF,1.0,unverified,media_cluster,media;official,synthetic
BEACON-0004643,2020-07-13,2020-07-15,RUS,Russian Federation,ASF,1.0,verified,unusual_mortality,media,synthetic
BEACON-0004644,2020-07-16,2020-07-17,TUR,Türkiye,ASF,0.799,unverified,unusual_mortality,media,synthetic
BEACON-0004645,2020-07-16,2020-07-17,TUR,Türkiye,ASF,0.706,unverified,media_cluster,media,synthetic
BEACON-0004646,2020-07-16,2020-07-18,GEO,Georgia,ASF,1.0,verified,media_cluster,media,synthetic
BEACON-0004647,2020-07-14,2020-07-14,GEO,Georgia,ASF,0.748,verified,unusual_mortality,media,synthetic
BEACON-0004648,2020-07-13,2020-07-13,GEO,Georgia,ASF,1.0,unverified,unusual_mortality,media;official,synthetic
BEACON-0004649,2020-07-17,2020-07-18,GEO,Georgia,ASF,0.619,verified,unusual_mortality,media,synthetic
BEACON-0004650,2020-07-13,2020-07-14,ISR,Israel,ASF,0.853,unverified,media_cluster,media;official,synthetic
BEACON-0004651,2020-07-13,2020-07-15,ISR,Israel,ASF,0.386,unverified,media_cluster,media;official,synthetic
BEACON-0004652,2020-07-15,2020-07-15,TUN,Tunisia,ASF,0.796,verified,media_cluster,media,synthetic
BEACON-0004653,2020-07-18,2020-07-20,MAR,Morocco,ASF,0.389,unverified,syndromic,official,synthetic
BEACON-0004654,2020-07-23,2020-07-23,FRA,France,ASF,1.0,unverified,media_cluster,official,synthetic
BEACON-0004655,2020-07-22,2020-07-24,FRA,France,ASF,1.0,unverified,trade_alert,media,synthetic
BEACON-0004656,2020-07-25,2020-07-26,FRA,France,ASF,1.0,unverified,unusual_mortality,media,synthetic
BEACON-0004657,2020-07-25,2020-07-25,FRA,France,ASF,1.0,unverified,media_cluster,field,synthetic
BEACON-0004658,2020-07-22,2020-07-23,DEU,Germany,ASF,0.958,unverified,media_cluster,media,synthetic
BEACON-0004659,2020-07-23,2020-07-23,DEU,Germany,ASF,0.77,unverified,media_cluster,media;official,synthetic
BEACON-0004660,2020-07-23,2020-07-23,NLD,Netherlands,ASF,1.0,verified,trade_alert,media,synthetic
BEACON-0004661,2020-07-23,2020-07-25,NLD,Netherlands,ASF,1.0,verified,syndromic,media;official,synthetic
BEACON-0004662,2020-07-24,2020-07-25,NLD,Netherlands,ASF,0.849,unverified,unusual_mortality,media,synthetic
BEACON-0004663,2020-07-20,2020-07-22,NLD,Netherlands,ASF,0.924,verified,media_cluster,media;official,synthetic
BEACON-0004664,2020-07-23,2020-07-24,NLD,Netherlands,ASF,1.0,unverified,unusual_mortality,media;official,synthetic
BEACON-0004665,2020-07-23,2020-07-23,NLD,Netherlands,ASF,1.0,unverified,media_cluster,media,synthetic
BEACON-0004666,2020-07-24,2020-07-26,BEL,Belgium,ASF,1.0,verified,media_cluster,official,synthetic
BEACON-0004667,2020-07-24,2020-07-26,BEL,Belgium,ASF,0.992,unverified,media_cluster,media,synthetic
BEACON-0004668,2020-07-22,2020-07-22,BEL,Belgium,ASF,1.0,verified,media_cluster,media,synthetic
BEACON-0004669,2020-07-25,2020-07-26,BEL,Belgium,ASF,1.0,verified,syndromic,official,synthetic
BEACON-0004670,2020-07-24,2020-07-24,BEL,Belgium,ASF,1.0,unverified,trade_alert,media,synthetic
BEACON-0004671,2020-07-23,2020-07-23,BEL,Belgium,ASF,1.0,verified,media_cluster,media,synthetic
BEACON-0004672,2020-07-22,2020-07-22,BEL,Belgium,ASF,1.0,unverified,syndromic,media;official,synthetic
BEACON-0004673,2020-07-21,2020-07-21,ITA,Italy,ASF,1.0,unverified,unusual_mortality,media,synthetic
BEACON-0004674,2020-07-21,2020-07-22,ITA,Italy,ASF,1.0,unverified,media_cluster,media,synthetic
BEACON-0004675,2020-07-22,2020-07-23,ESP,Spain,ASF,0.88,verified,unusual_mortality,media;official,synthetic
BEACON-0004676,2020-07-25,2020-07-25,ESP,Spain,ASF,0.922,unverified,unusual_mortality,media;official,synthetic
BEACON-0004677,2020-07-22,2020-07-23,POL,Poland,ASF,1.0,unverified,media_cluster,official,synthetic
BEACON-0004678,2020-07-25,2020-07-25,POL,Poland,ASF,1.0,verified,syndromic,media,synthetic
BEACON-0004679,2020-07-20,2020-07-22,POL,Poland,ASF,1.0,verified,media_cluster,media;official,synthetic
BEACON-0004680,2020-07-22,2020-07-23,POL,Poland,ASF,1.0,verified,media_cluster,media,synthetic
BEACON-0004681,2020-07-22,2020-07-24,HUN,Hungary,ASF,1.0,unverified,media_cluster,media,synthetic
BEACON-0004682,2020-07-24,2020-07-25,HUN,Hungary,ASF,1.0,unverified,media_cluster,official,synthetic
BEACON-0004683,2020-07-22,2020-07-23,ROU,Romania,ASF,1.0,unverified,unusual_mortality,media,synthetic
BEACON-0004684,2020-07-24,2020-07-25,ROU,Romania,ASF,1.0,unverified,media_cluster,media;official,synthetic
BEACON-0004685,2020-07-24,2020-07-26,ROU,Romania,ASF,1.0,unverified,trade_alert,media;official,synthetic
BEACON-0004686,2020-07-24,2020-07-25,BGR,Bulgaria,ASF,0.705,unverified,unusual_mortality,media,synthetic
BEACON-0004687,2020-07-21,2020-07-23,BGR,Bulgaria,ASF,1.0,unverified,unusual_mortality,media,synthetic
BEACON-0004688,2020-07-22,2020-07-22,BGR,Bulgaria,ASF,0.797,verified,unusual_mortality,media,synthetic
BEACON-0004689,2020-07-24,2020-07-26,BGR,Bulgaria,ASF,1.0,unverified,media_cluster,media;official,synthetic
BEACON-0004690,2020-07-23,2020-07-24,SRB,Serbia,ASF,1.0,unverified,media_cluster,field,synthetic
BEACON-0004691,2020-07-22,2020-07-22,SRB,Serbia,ASF,1.0,unverified,syndromic,media;official,synthetic
BEACON-0004692,2020-07-24,2020-07-24,SRB,Serbia,ASF,1.0,unverified,media_cluster,media,synthetic
BEACON-0004693,2020-07-21,2020-07-21,SRB,Serbia,ASF,1.0,unverified,media_cluster,field,synthetic
BEACON-0004694,2020-07-25,2020-07-25,UKR,Ukraine,ASF,1.0,verified,unusual_mortality,field,synthetic
BEACON-0004695,2020-07-24,2020-07-24,UKR,Ukraine,ASF,1.0,unverified,media_cluster,media,synthetic
BEACON-0004696,2020-07-21,2020-07-23,UKR,Ukraine,ASF,1.0,verified,trade_alert,media;official,synthetic
BEACON-0004697,2020-07-23,2020-07-25,UKR,Ukraine,ASF,1.0,verified,media_cluster,media,synthetic
BEACON-0004698,2020-07-23,2020-07-25,MDA,Moldova,ASF,1.0,verified,unusual_mortality,media,synthetic
BEACON-0004699,2020-07-25,2020-07-25,MDA,Moldova,ASF,1.0,verified,media_cluster,media,synthetic
BEACON-0004700,2020-07-20,2020-07-22,MDA,Moldova,ASF,1.0,unverified,media_cluster,media;official,synthetic
BEACON-0004701,2020-07-25,2020-07-27,MDA,Moldova,ASF,1.0,unverified,unusual_mortality,media;official,synthetic
BEACON-0004702,2020-07-22,2020-07-24,MDA,Moldova,ASF,1.0,unverified,media_cluster,media;official,synthetic
BEACON-0004703,2020-07-22,2020-07-23,MDA,Moldova,ASF,1.0,unverified,unusual_mortality,media,synthetic
BEACON-0004704,2020-07-23,2020-07-24,MDA,Moldova,ASF,1.0,verified,media_cluster,media,synthetic
BEACON-0004705,2020-07-25,2020-07-26,RUS,Russian Federation,ASF,1.0,verified,media_cluster,field,synthetic
BEACON-0004706,2020-07-20,2020-07-21,RUS,Russian Federation,ASF,1.0,verified,unusual_mortality,media;official,synthetic
BEACON-0004707,2020-07-22,2020-07-23,GEO,Georgia,ASF,0.764,verified,unusual_mortality,media,synthetic
BEACON-0004708,2020-07-20,2020-07-22,GEO,Georgia,ASF,1.0,unverified,media_cluster,media,synthetic
BEACON-0004709,2020-07-20,2020-07-20,ISR,Israel,ASF,0.465,verified,syndromic,media;official,synthetic
BEACON-0004710,2020-07-24,2020-07-24,ISR,Israel,ASF,0.219,verified,media_cluster,official,synthetic
BEACON-0004711,2020-07-20,2020-07-22,EGY,Egypt,ASF,0.309,verified,unusual_mortality,media,synthetic
BEACON-0004712,2020-07-23,2020-07-23,EGY,Egypt,ASF,0.257,unverified,unusual_mortality,media;official,synthetic
BEACON-0004713,2020-07-25,2020-07-25,EGY,Egypt,ASF,0.152,unverified,unusual_mortality,official,synthetic
BEACON-0004714,2020-07-25,2020-07-25,TUN,Tunisia,ASF,0.41,verified,syndromic,media;official,synthetic
BEACON-0004715,2020-07-21,2020-07-22,TUN,Tunisia,ASF,0.698,verified,unusual_mortality,media,synthetic
BEACON-0004716,2020-07-20,2020-07-20,MAR,Morocco,ASF,0.337,verified,media_cluster,media,synthetic
BEACON-0004717,2020-07-30,2020-07-31,FRA,France,ASF,0.97,unverified,unusual_mortality,media,synthetic
BEACON-0004718,2020-07-29,2020-07-30,FRA,France,ASF,1.0,unverified,media_cluster,field,synthetic
BEACON-0004719,2020-07-30,2020-07-31,FRA,France,ASF,1.0,verified,syndromic,official,synthetic
BEACON-0004720,2020-07-27,2020-07-28,FRA,France,ASF,0.739,verified,media_cluster,media,synthetic
BEACON-0004721,2020-08-01,2020-08-02,DEU,Germany,ASF,1.0,verified,unusual_mortality,official,synthetic
BEACON-0004722,2020-07-27,2020-07-27,DEU,Germany,ASF,1.0,unverified,media_cluster,media,synthetic
BEACON-0004723,2020-07-30,2020-08-01,DEU,Germany,ASF,1.0,unverified,syndromic,field,synthetic
BEACON-0004724,2020-08-01,2020-08-03,DEU,Germany,ASF,1.0,verified,media_cluster,field,synthetic
BEACON-0004725,2020-07-27,2020-07-28,DEU,Germany,ASF,1.0,unverified,media_cluster,media,synthetic
BEACON-0004726,2020-07-29,2020-07-31,DEU,Germany,ASF,1.0,unverified,media_cluster,media;official,synthetic
BEACON-0004727,2020-07-31,2020-08-01,DEU,Germany,ASF,1.0,unverified,media_cluster,official,synthetic
BEACON-0004728,2020-07-27,2020-07-28,NLD,Netherlands,ASF,0.866,unverified,media_cluster,media,synthetic
BEACON-0004729,2020-07-31,2020-07-31,BEL,Belgium,ASF,1.0,unverified,media_cluster,media,synthetic
BEACON-0004730,2020-07-28,2020-07-28,BEL,Belgium,ASF,0.826,verified,media_cluster,media,synthetic
BEACON-0004731,2020-07-28,2020-07-28,ITA,Italy,ASF,1.0,unverified,unusual_mortality,media,synthetic
BEACON-0004732,2020-07-29,2020-07-29,ITA,Italy,ASF,1.0,verified,syndromic,media,synthetic
BEACON-0004733,2020-07-27,2020-07-27,ITA,Italy,ASF,1.0,verified,media_cluster,field,synthetic
BEACON-0004734,2020-07-30,2020-07-31,ESP,Spain,ASF,0.518,verified,trade_alert,media,synthetic
BEACON-0004735,2020-07-29,2020-07-31,POL,Poland,ASF,1.0,unverified,unusual_mortality,media;official,synthetic
BEACON-0004736,2020-07-28,2020-07-29,POL,Poland,ASF,0.698,unverified,media_cluster,official,synthetic
BEACON-0004737,2020-07-27,2020-07-28,POL,Poland,ASF,0.998,unverified,trade_alert,media,synthetic
BEACON-0004738,2020-07-30,2020-08-01,POL,Poland,ASF,0.92,unverified,media_cluster,media,synthetic
BEACON-0004739,2020-07-28,2020-07-29,HUN,Hungary,ASF,1.0,verified,media_cluster,media,synthetic
BEACON-0004740,2020-07-31,2020-07-31,HUN,Hungary,ASF,0.982,verified,unusual_mortality,media;official,synthetic
BEACON-0004741,2020-07-31,2020-08-02,HUN,Hungary,ASF,1.0,unverified,unusual_mortality,media,synthetic
BEACON-0004742,2020-07-30,2020-08-01,ROU,Romania,ASF,1.0,unverified,trade_alert,media;official,synthetic
BEACON-0004743,2020-07-27,2020-07-28,ROU,Romania,ASF,1.0,unverified,media_cluster,media,synthetic
BEACON-0004744,2020-07-31,2020-08-01,ROU,Romania,ASF,1.0,unverified,trade_alert,official,synthetic
BEACON-0004745,2020-08-01,2020-08-01,ROU,Romania,ASF,1.0,unverified,unusual_mortality,media,synthetic
BEACON-0004746,2020-07-31,2020-08-01,BGR,Bulgaria,ASF,0.513,verified,trade_alert,official,synthetic
BEACON-0004747,2020-08-01,2020-08-03,BGR,Bulgaria,ASF,1.0,unverified,unusual_mortality,field,synthetic
BEACON-0004748,2020-07-31,2020-08-01,BGR,Bulgaria,ASF,0.874,unverified,unusual_mortality,official,synthetic
BEACON-0004749,2020-07-29,2020-07-30,SRB,Serbia,ASF,0.809,unverified,unusual_mortality,media;official,synthetic
BEACON-0004750,2020-08-01,2020-08-02,SRB,Serbia,ASF,1.0,unverified,unusual_mortality,field,synthetic
BEACON-0004751,2020-07-29,2020-07-29,SRB,Serbia,ASF,0.957,unverified,trade_alert,media;official,synthetic
BEACON-0004752,2020-07-31,2020-08-02,SRB,Serbia,ASF,1.0,unverified,syndromic,media;official,synthetic
BEACON-0004753,2020-07-27,2020-07-28,SRB,Serbia,ASF,1.0,unverified,unusual_mortality,media;official,synthetic
BEACON-0004754,2020-08-01,2020-08-01,SRB,Serbia,ASF,1.0,verified,media_cluster,media,synthetic
BEACON-0004755,2020-07-28,2020-07-29,SRB,Serbia,ASF,1.0,verified,media_cluster,media,synthetic
BEACON-0004756,2020-07-31,2020-08-01,UKR,Ukraine,ASF,1.0,verified,media_cluster,media,synthetic
BEACON-0004757,2020-07-30,2020-07-31,UKR,Ukraine,ASF,1.0,verified,media_cluster,field,synthetic
BEACON-0004758,2020-08-01,2020-08-03,UKR,Ukraine,ASF,1.0,unverified,trade_alert,media;official,synthetic
BEACON-0004759,2020-08-01,2020-08-03,MDA,Moldova,ASF,0.832,verified,unusual_mortality,media;official,synthetic
BEACON-0004760,2020-07-30,2020-08-01,MDA,Moldova,ASF,1.0,unverified,unusual_mortality,media,synthetic
BEACON-0004761,2020-07-28,2020-07-29,MDA,Moldova,ASF,0.881,verified,media_cluster,media,synthetic
BEACON-0004762,2020-08-01,2020-08-03,MDA,Moldova,ASF,0.893,verified,media_cluster,media,synthetic
BEACON-0004763,2020-08-01,2020-08-01,MDA,Moldova,ASF,0.709,unverified,unusual_mortality,media,synthetic
BEACON-0004764,2020-08-01,2020-08-02,MDA,Moldova,ASF,1.0,verified,media_cluster,media,synthetic
BEACON-0004765,2020-07-31,2020-08-02,MDA,Moldova,ASF,0.843,verified,media_cluster,media;official,synthetic
BEACON-0004766,2020-08-01,2020-08-03,RUS,Russian Federation,ASF,1.0,unverified,media_cluster,media,synthetic
BEACON-0004767,2020-07-27,2020-07-28,RUS,Russian Federation,ASF,1.0,unverified,unusual_mortality,media,synthetic
BEACON-0004768,2020-07-29,2020-07-30,RUS,Russian Federation,ASF,1.0,verified,trade_alert,media,synthetic
BEACON-0004769,2020-07-29,2020-07-30,RUS,Russian Federation,ASF,1.0,unverified,media_cluster,official,synthetic
BEACON-0004770,2020-07-30,2020-07-30,RUS,Russian Federation,ASF,1.0,unverified,media_cluster,official,synthetic
BEACON-0004771,2020-07-28,2020-07-30,TUR,Türkiye,ASF,0.523,verified,unusual_mortality,media,synthetic
BEACON-0004772,2020-08-01,2020-08-03,TUR,Türkiye,ASF,0.802,unverified,unusual_mortality,media;official,synthetic
BEACON-0004773,2020-07-27,2020-07-29,TUR,Türkiye,ASF,0.576,unverified,syndromic,media,synthetic
BEACON-0004774,2020-07-27,2020-07-28,GEO,Georgia,ASF,0.962,unverified,unusual_mortality,media;official,synthetic
BEACON-0004775,2020-07-30,2020-08-01,GEO,Georgia,ASF,0.7,verified,media_cluster,media,synthetic
BEACON-0004776,2020-07-31,2020-08-01,ISR,Israel,ASF,0.317,unverified,media_cluster,media;official,synthetic
BEACON-0004777,2020-08-01,2020-08-01,EGY,Egypt,ASF,0.303,unverified,media_cluster,media;official,synthetic
BEACON-0004778,2020-08-01,2020-08-01,TUN,Tunisia,ASF,0.588,unverified,media_cluster,official,synthetic
BEACON-0004779,2020-08-01,2020-08-01,TUN,Tunisia,ASF,0.709,unverified,media_cluster,media;official,synthetic
BEACON-0004780,2020-08-07,2020-08-08,FRA,France,ASF,0.897,unverified,unusual_mortality,field,synthetic
BEACON-0004781,2020-08-05,2020-08-06,FRA,France,ASF,0.681,verified,syndromic,media,synthetic
BEACON-0004782,2020-08-08,2020-08-10,FRA,France,ASF,0.735,unverified,trade_alert,media;official,synthetic
BEACON-0004783,2020-08-05,2020-08-07,DEU,Germany,ASF,1.0,verified,unusual_mortality,media,synthetic
BEACON-0004784,2020-08-06,2020-08-08,DEU,Germany,ASF,0.764,unverified,media_cluster,media,synthetic
BEACON-0004785,2020-08-07,2020-08-07,DEU,Germany,ASF,1.0,verified,media_cluster,media;official,synthetic
BEACON-0004786,2020-08-08,2020-08-09,DEU,Germany,ASF,1.0,unverified,syndromic,media,synthetic
BEACON-0004787,2020-08-05,2020-08-06,DEU,Germany,ASF,1.0,unverified,syndromic,media;official,synthetic
BEACON-0004788,2020-08-05,2020-08-06,NLD,Netherlands,ASF,1.0,unverified,unusual_mortality,media,synthetic
BEACON-0004789,2020-08-06,2020-08-08,BEL,Belgium,ASF,1.0,unverified,unusual_mortality,media,synthetic
BEACON-0004790,2020-08-06,2020-08-07,BEL,Belgium,ASF,1.0,unverified,trade_alert,media,synthetic
BEACON-0004791,2020-08-05,2020-08-06,BEL,Belgium,ASF,1.0,verified,unusual_mortality,media,synthetic
BEACON-0004792,2020-08-05,2020-08-06,BEL,Belgium,ASF,1.0,unverified,unusual_mortality,media,synthetic
BEACON-0004793,2020-08-06,2020-08-06,BEL,Belgium,ASF,0.86,unverified,unusual_mortality,media,synthetic
BEACON-0004794,2020-08-08,2020-08-10,ITA,Italy,ASF,0.687,unverified,unusual_mortality,media,synthetic
BEACON-0004795,2020-08-06,2020-08-07,ITA,Italy,ASF,1.0,verified,media_cluster,media;official,synthetic
BEACON-0004796,2020-08-03,2020-08-03,ESP,Spain,ASF,1.0,unverified,syndromic,field,synthetic
BEACON-0004797,2020-08-07,2020-08-07,POL,Poland,ASF,0.648,verified,trade_alert,official,synthetic
BEACON-0004798,2020-08-07,2020-08-09,POL,Poland,ASF,0.706,unverified,trade_alert,media;official,synthetic
BEACON-0004799,2020-08-03,2020-08-05,HUN,Hungary,ASF,0.539,unverified,unusual_mortality,media,synthetic
BEACON-0004800,2020-08-04,2020-08-06,ROU,Romania,ASF,1.0,verified,media_cluster,field,synthetic
BEACON-0004801,2020-08-05,2020-08-05,ROU,Romania,ASF,0.652,unverified,unusual_mortality,official,synthetic
BEACON-0004802,2020-08-07,2020-08-09,ROU,Romania,ASF,1.0,unverified,syndromic,field,synthetic
BEACON-0004803,2020-08-03,2020-08-04,ROU,Romania,ASF,1.0,unverified,unusual_mortality,media,synthetic
BEACON-0004804,2020-08-04,2020-08-04,ROU,Romania,ASF,1.0,unverified,syndromic,media;official,synthetic
BEACON-0004805,2020-08-06,2020-08-08,ROU,Romania,ASF,0.646,verified,media_cluster,media,synthetic
BEACON-0004806,2020-08-03,2020-08-03,BGR,Bulgaria,ASF,1.0,unverified,trade_alert,media,synthetic
BEACON-0004807,2020-08-03,2020-08-05,SRB,Serbia,ASF,0.542,unverified,syndromic,media,synthetic
BEACON-0004808,2020-08-03,2020-08-03,UKR,Ukraine,ASF,1.0,verified,media_cluster,media,synthetic
BEACON-0004809,2020-08-08,2020-08-08,UKR,Ukraine,ASF,1.0,unverified,unusual_mortality,media,synthetic
BEACON-0004810,2020-08-05,2020-08-06,UKR,Ukraine,ASF,1.0,unverified,media_cluster,official,synthetic
BEACON-0004811,2020-08-04,2020-08-04,UKR,Ukraine,ASF,1.0,verified,media_cluster,media,synthetic
BEACON-0004812,2020-08-07,2020-08-07,MDA,Moldova,ASF,1.0,unverified,media_cluster,media,synthetic
BEACON-0004813,2020-08-03,2020-08-03,MDA,Moldova,ASF,1.0,verified,media_cluster,media,synthetic
BEACON-0004814,2020-08-06,2020-08-06,RUS,Russian Federation,ASF,1.0,verified,trade_alert,media,synthetic
BEACON-0004815,2020-08-07,2020-08-08,RUS,Russian Federation,ASF,0.941,verified,unusual_mortality,media;official,synthetic
BEACON-0004816,2020-08-05,2020-08-05,RUS,Russian Federation,ASF,0.861,unverified,media_cluster,media,synthetic
BEACON-0004817,2020-08-07,2020-08-08,RUS,Russian Federation,ASF,0.523,unverified,media_cluster,official,synthetic
BEACON-0004818,2020-08-06,2020-08-08,RUS,Russian Federation,ASF,0.648,unverified,unusual_mortality,media;official,synthetic
BEACON-0004819,2020-08-04,2020-08-06,TUR,Türkiye,ASF,0.526,unverified,unusual_mortality,media,synthetic
BEACON-0004820,2020-08-05,2020-08-07,TUR,Türkiye,ASF,0.823,verified,syndromic,media,synthetic
BEACON-0004821,2020-08-07,2020-08-07,GEO,Georgia,ASF,0.462,unverified,media_cluster,official,synthetic
BEACON-0004822,2020-08-04,2020-08-06,ISR,Israel,ASF,0.442,unverified,unusual_mortality,media;official,synthetic
BEACON-0004823,2020-08-08,2020-08-09,EGY,Egypt,ASF,0.868,unverified,media_cluster,media;official,synthetic
BEACON-0004824,2020-08-07,2020-08-08,EGY,Egypt,ASF,0.655,unverified,unusual_mortality,media,synthetic
BEACON-0004825,2020-08-06,2020-08-08,EGY,Egypt,ASF,0.475,verified,unusual_mortality,media;official,synthetic
BEACON-0004826,2020-08-07,2020-08-08,EGY,Egypt,ASF,0.625,unverified,media_cluster,media;official,synthetic
BEACON-0004827,2020-08-13,2020-08-15,FRA,France,ASF,0.423,verified,media_cluster,media;official,synthetic
BEACON-0004828,2020-08-15,2020-08-15,FRA,France,ASF,0.911,unverified,syndromic,official,synthetic
BEACON-0004829,2020-08-14,2020-08-14,DEU,Germany,ASF,1.0,unverified,unusual_mortality,field,synthetic
BEACON-0004830,2020-08-11,2020-08-11,DEU,Germany,ASF,0.764,unverified,unusual_mortality,media,synthetic
BEACON-0004831,2020-08-10,2020-08-11,NLD,Netherlands,ASF,0.594,unverified,trade_alert,media,synthetic
BEACON-0004832,2020-08-11,2020-08-13,NLD,Netherlands,ASF,0.642,unverified,unusual_mortality,media,synthetic
BEACON-0004833,2020-08-14,2020-08-15,BEL,Belgium,ASF,1.0,verified,trade_alert,media,synthetic
BEACON-0004834,2020-08-14,2020-08-16,BEL,Belgium,ASF,0.805,verified,unusual_mortality,media,synthetic
BEACON-0004835,2020-08-10,2020-08-10,BEL,Belgium,ASF,0.668,verified,unusual_mortality,media,synthetic
BEACON-0004836,2020-08-10,2020-08-11,BEL,Belgium,ASF,0.81,unverified,media_cluster,official,synthetic
BEACON-0004837,2020-08-14,2020-08-16,ITA,Italy,ASF,0.568,verified,unusual_mortality,official,synthetic
BEACON-0004838,2020-08-15,2020-08-16,ITA,Italy,ASF,0.816,verified,unusual_mortality,media,synthetic
BEACON-0004839,2020-08-14,2020-08-16,ESP,Spain,ASF,0.271,unverified,media_cluster,media,synthetic
BEACON-0004840,2020-08-10,2020-08-11,POL,Poland,ASF,0.866,verified,media_cluster,media,synthetic
BEACON-0004841,2020-08-12,2020-08-14,POL,Poland,ASF,1.0,unverified,unusual_mortality,official,synthetic
BEACON-0004842,2020-08-12,2020-08-13,POL,Poland,ASF,0.988,unverified,unusual_mortality,media,synthetic
BEACON-0004843,2020-08-12,2020-08-12,POL,Poland,ASF,0.825,unverified,syndromic,field,synthetic
BEACON-0004844,2020-08-13,2020-08-15,HUN,Hungary,ASF,0.698,unverified,unusual_mortality,media,synthetic
BEACON-0004845,2020-08-13,2020-08-15,HUN,Hungary,ASF,0.946,unverified,syndromic,media,synthetic
BEACON-0004846,2020-08-11,2020-08-12,HUN,Hungary,ASF,0.68,unverified,media_cluster,media;official,synthetic
BEACON-0004847,2020-08-11,2020-08-13,ROU,Romania,ASF,1.0,unverified,media_cluster,media,synthetic
BEACON-0004848,2020-08-14,2020-08-14,ROU,Romania,ASF,1.0,verified,media_cluster,media,synthetic
BEACON-0004849,2020-08-11,2020-08-13,ROU,Romania,ASF,1.0,unverified,media_cluster,media;official,synthetic
BEACON-0004850,2020-08-12,2020-08-13,ROU,Romania,ASF,1.0,unverified,unusual_mortality,media;official,synthetic
BEACON-0004851,2020-08-15,2020-08-17,ROU,Romania,ASF,0.972,unverified,unusual_mortality,media;official,synthetic
BEACON-0004852,2020-08-10,2020-08-10,ROU,Romania,ASF,1.0,unverified,syndromic,media;official,synthetic
BEACON-0004853,2020-08-14,2020-08-15,ROU,Romania,ASF,1.0,unverified,unusual_mortality,media,synthetic
BEACON-0004854,2020-08-15,2020-08-17,BGR,Bulgaria,ASF,1.0,unverified,unusual_mortality,media;official,synthetic
BEACON-0004855,2020-08-15,2020-08-15,BGR,Bulgaria,ASF,1.0,unverified,media_cluster,media;official,synthetic
BEACON-0004856,2020-08-15,2020-08-17,BGR,Bulgaria,ASF,1.0,verified,unusual_mortality,media,synthetic
BEACON-0004857,2020-08-14,2020-08-16,BGR,Bulgaria,ASF,0.873,unverified,unusual_mortality,media,synthetic
BEACON-0004858,2020-08-13,2020-08-14,BGR,Bulgaria,ASF,0.933,unverified,media_cluster,media;official,synthetic
BEACON-0004859,2020-08-10,2020-08-11,BGR,Bulgaria,ASF,1.0,verified,media_cluster,media,synthetic
BEACON-0004860,2020-08-12,2020-08-14,BGR,Bulgaria,ASF,0.777,unverified,media_cluster,field,synthetic
BEACON-0004861,2020-08-12,2020-08-14,SRB,Serbia,ASF,0.903,unverified,syndromic,media;official,synthetic
BEACON-0004862,2020-08-10,2020-08-12,SRB,Serbia,ASF,0.724,unverified,syndromic,media;official,synthetic
BEACON-0004863,2020-08-13,2020-08-15,SRB,Serbia,ASF,0.876,verified,syndromic,official,synthetic
BEACON-0004864,2020-08-15,2020-08-15,SRB,Serbia,ASF,0.538,unverified,media_cluster,media;official,synthetic
BEACON-0004865,2020-08-10,2020-08-11,UKR,Ukraine,ASF,1.0,verified,unusual_mortality,media;official,synthetic
BEACON-0004866,2020-08-13,2020-08-15,UKR,Ukraine,ASF,1.0,verified,unusual_mortality,official,synthetic
BEACON-0004867,2020-08-14,2020-08-16,MDA,Moldova,ASF,1.0,unverified,media_cluster,field,synthetic
BEACON-0004868,2020-08-11,2020-08-13,MDA,Moldova,ASF,1.0,verified,unusual_mortality,media,synthetic
BEACON-0004869,2020-08-13,2020-08-14,MDA,Moldova,ASF,1.0,unverified,media_cluster,media,synthetic
BEACON-0004870,2020-08-15,2020-08-15,RUS,Russian Federation,ASF,0.324,verified,unusual_mortality,media;official,synthetic
BEACON-0004871,2020-08-12,2020-08-13,RUS,Russian Federation,ASF,0.528,unverified,media_cluster,media,synthetic
BEACON-0004872,2020-08-13,2020-08-14,TUR,Türkiye,ASF,0.79,verified,media_cluster,media;official,synthetic
BEACON-0004873,2020-08-14,2020-08-15,TUR,Türkiye,ASF,0.465,verified,unusual_mortality,media,synthetic
BEACON-0004874,2020-08-12,2020-08-14,GEO,Georgia,ASF,0.558,verified,media_cluster,media,synthetic
BEACON-0004875,2020-08-13,2020-08-14,GEO,Georgia,ASF,0.829,verified,syndromic,media,synthetic
BEACON-0004876,2020-08-12,2020-08-13,ISR,Israel,ASF,0.816,unverified,unusual_mortality,official,synthetic
BEACON-0004877,2020-08-10,2020-08-11,ISR,Israel,ASF,0.696,verified,unusual_mortality,media,synthetic
BEACON-0004878,2020-08-14,2020-08-16,EGY,Egypt,ASF,0.465,unverified,trade_alert,media,synthetic
BEACON-0004879,2020-08-15,2020-08-16,EGY,Egypt,ASF,0.696,unverified,syndromic,field,synthetic
BEACON-0004880,2020-08-11,2020-08-13,TUN,Tunisia,ASF,0.382,unverified,media_cluster,media,synthetic
BEACON-0004881,2020-08-12,2020-08-12,TUN,Tunisia,ASF,0.332,verified,unusual_mortality,official,synthetic
BEACON-0004882,2020-08-11,2020-08-11,TUN,Tunisia,ASF,0.526,verified,trade_alert,media,synthetic
BEACON-0004883,2020-08-10,2020-08-10,TUN,Tunisia,ASF,0.369,unverified,media_cluster,media,synthetic
BEACON-0004884,2020-08-13,2020-08-15,MAR,Morocco,ASF,0.329,unverified,media_cluster,media,synthetic
BEACON-0004885,2020-08-11,2020-08-13,MAR,Morocco,ASF,0.797,verified,trade_alert,media;official,synthetic
BEACON-0004886,2020-08-17,2020-08-17,DEU,Germany,ASF,1.0,unverified,trade_alert,media;official,synthetic
BEACON-0004887,2020-08-20,2020-08-20,DEU,Germany,ASF,1.0,verified,media_cluster,media,synthetic
BEACON-0004888,2020-08-18,2020-08-18,NLD,Netherlands,ASF,0.24,unverified,media_cluster,media,synthetic
BEACON-0004889,2020-08-19,2020-08-20,NLD,Netherlands,ASF,0.441,verified,media_cluster,media,synthetic
BEACON-0004890,2020-08-22,2020-08-23,NLD,Netherlands,ASF,0.775,verified,unusual_mortality,media,synthetic
BEACON-0004891,2020-08-19,2020-08-20,BEL,Belgium,ASF,1.0,unverified,unusual_mortality,media;official,synthetic
BEACON-0004892,2020-08-18,2020-08-20,BEL,Belgium,ASF,0.722,unverified,unusual_mortality,media,synthetic
BEACON-0004893,2020-08-17,2020-08-17,ESP,Spain,ASF,0.868,unverified,unusual_mortality,media,synthetic
BEACON-0004894,2020-08-21,2020-08-21,POL,Poland,ASF,0.761,unverified,media_cluster,media,synthetic
BEACON-0004895,2020-08-22,2020-08-23,HUN,Hungary,ASF,0.953,unverified,unusual_mortality,media,synthetic
BEACON-0004896,2020-08-22,2020-08-24,HUN,Hungary,ASF,0.489,verified,media_cluster,media;official,synthetic
BEACON-0004897,2020-08-19,2020-08-19,HUN,Hungary,ASF,0.448,verified,unusual_mortality,media,synthetic
BEACON-0004898,2020-08-18,2020-08-18,HUN,Hungary,ASF,0.722,verified,media_cluster,official,synthetic
BEACON-0004899,2020-08-18,2020-08-18,ROU,Romania,ASF,0.409,verified,media_cluster,media;official,synthetic
BEACON-0004900,2020-08-21,2020-08-23,ROU,Romania,ASF,0.993,unverified,media_cluster,official,synthetic
BEACON-0004901,2020-08-21,2020-08-21,BGR,Bulgaria,ASF,0.584,verified,media_cluster,media,synthetic
BEACON-0004902,2020-08-18,2020-08-19,BGR,Bulgaria,ASF,0.479,unverified,unusual_mortality,field,synthetic
BEACON-0004903,2020-08-18,2020-08-20,BGR,Bulgaria,ASF,0.97,unverified,media_cluster,media;official,synthetic
BEACON-0004904,2020-08-18,2020-08-18,SRB,Serbia,ASF,0.26,unverified,unusual_mortality,media,synthetic
BEACON-0004905,2020-08-20,2020-08-20,UKR,Ukraine,ASF,0.942,unverified,unusual_mortality,official,synthetic
BEACON-0004906,2020-08-20,2020-08-21,MDA,Moldova,ASF,0.6,unverified,syndromic,official,synthetic
BEACON-0004907,2020-08-22,2020-08-24,MDA,Moldova,ASF,0.758,verified,trade_alert,media;official,synthetic
BEACON-0004908,2020-08-20,2020-08-21,MDA,Moldova,ASF,0.777,unverified,trade_alert,media,synthetic
BEACON-0004909,2020-08-20,2020-08-22,MDA,Moldova,ASF,0.612,verified,media_cluster,media,synthetic
BEACON-0004910,2020-08-22,2020-08-24,RUS,Russian Federation,ASF,0.571,unverified,unusual_mortality,media,synthetic
BEACON-0004911,2020-08-19,2020-08-19,RUS,Russian Federation,ASF,0.387,verified,media_cluster,media,synthetic
BEACON-0004912,2020-08-19,2020-08-19,RUS,Russian Federation,ASF,0.32,unverified,media_cluster,media,synthetic
BEACON-0004913,2020-08-20,2020-08-21,TUR,Türkiye,ASF,0.78,verified,syndromic,media,synthetic
BEACON-0004914,2020-08-21,2020-08-23,TUR,Türkiye,ASF,0.563,verified,media_cluster,media;official,synthetic
BEACON-0004915,2020-08-20,2020-08-21,TUR,Türkiye,ASF,0.498,unverified,media_cluster,media;official,synthetic
BEACON-0004916,2020-08-18,2020-08-20,GEO,Georgia,ASF,0.602,unverified,unusual_mortality,media,synthetic
BEACON-0004917,2020-08-21,2020-08-22,GEO,Georgia,ASF,0.436,verified,unusual_mortality,media;official,synthetic
BEACON-0004918,2020-08-22,2020-08-24,GEO,Georgia,ASF,0.775,unverified,media_cluster,media,synthetic
BEACON-0004919,2020-08-22,2020-08-22,MAR,Morocco,ASF,0.3,unverified,media_cluster,media;official,synthetic
BEACON-0004920,2020-08-26,2020-08-26,FRA,France,ASF,0.514,verified,unusual_mortality,media;official,synthetic
BEACON-0004921,2020-08-25,2020-08-27,DEU,Germany,ASF,0.877,unverified,unusual_mortality,official,synthetic
BEACON-0004922,2020-08-26,2020-08-26,DEU,Germany,ASF,0.849,unverified,media_cluster,media;official,synthetic
BEACON-0004923,2020-08-29,2020-08-31,DEU,Germany,ASF,0.62,verified,media_cluster,official,synthetic
BEACON-0004924,2020-08-27,2020-08-29,DEU,Germany,ASF,0.874,unverified,syndromic,media;official,synthetic
BEACON-0004925,2020-08-26,2020-08-27,DEU,Germany,ASF,0.558,unverified,syndromic,media;official,synthetic
BEACON-0004926,2020-08-26,2020-08-28,DEU,Germany,ASF,0.891,verified,unusual_mortality,media,synthetic
BEACON-0004927,2020-08-25,2020-08-25,NLD,Netherlands,ASF,0.654,unverified,media_cluster,media,synthetic
BEACON-0004928,2020-08-29,2020-08-30,NLD,Netherlands,ASF,0.599,unverified,unusual_mortality,official,synthetic
BEACON-0004929,2020-08-26,2020-08-27,NLD,Netherlands,ASF,0.822,verified,trade_alert,media,synthetic
BEACON-0004930,2020-08-25,2020-08-27,NLD,Netherlands,ASF,0.466,unverified,media_cluster,official,synthetic
BEACON-0004931,2020-08-25,2020-08-26,BEL,Belgium,ASF,1.0,verified,unusual_mortality,media,synthetic
BEACON-0004932,2020-08-24,2020-08-26,HUN,Hungary,ASF,1.0,unverified,trade_alert,media;official,synthetic
BEACON-0004933,2020-08-24,2020-08-26,HUN,Hungary,ASF,0.853,unverified,media_cluster,official,synthetic
BEACON-0004934,2020-08-26,2020-08-28,ROU,Romania,ASF,0.684,unverified,unusual_mortality,media,synthetic
BEACON-0004935,2020-08-27,2020-08-29,BGR,Bulgaria,ASF,0.378,unverified,media_cluster,media,synthetic
BEACON-0004936,2020-08-24,2020-08-26,BGR,Bulgaria,ASF,0.654,verified,syndromic,media;official,synthetic
BEACON-0004937,2020-08-26,2020-08-27,SRB,Serbia,ASF,0.607,unverified,media_cluster,media,synthetic
BEACON-0004938,2020-08-29,2020-08-31,SRB,Serbia,ASF,0.432,unverified,unusual_mortality,official,synthetic
BEACON-0004939,2020-08-29,2020-08-29,UKR,Ukraine,ASF,0.326,verified,media_cluster,media,synthetic
BEACON-0004940,2020-08-25,2020-08-26,MDA,Moldova,ASF,0.526,unverified,unusual_mortality,media,synthetic
BEACON-0004941,2020-08-27,2020-08-27,RUS,Russian Federation,ASF,0.309,unverified,media_cluster,official,synthetic
BEACON-0004942,2020-08-26,2020-08-27,GEO,Georgia,ASF,0.755,unverified,media_cluster,official,synthetic
BEACON-0004943,2020-08-28,2020-08-29,ISR,Israel,ASF,0.82,unverified,media_cluster,media,synthetic
BEACON-0004944,2020-09-04,2020-09-05,FRA,France,ASF,0.259,verified,unusual_mortality,media,synthetic
BEACON-0004945,2020-09-03,2020-09-05,FRA,France,ASF,0.242,verified,media_cluster,media,synthetic
BEACON-0004946,2020-09-04,2020-09-05,DEU,Germany,ASF,0.439,verified,media_cluster,media,synthetic
BEACON-0004947,2020-09-03,2020-09-03,DEU,Germany,ASF,0.383,unverified,trade_alert,media;official,synthetic
BEACON-0004948,2020-09-02,2020-09-02,DEU,Germany,ASF,0.764,verified,media_cluster,media;official,synthetic
BEACON-0004949,2020-09-04,2020-09-04,DEU,Germany,ASF,0.68,unverified,trade_alert,field,synthetic
BEACON-0004950,2020-09-05,2020-09-06,ITA,Italy,ASF,0.634,verified,media_cluster,media,synthetic
BEACON-0004951,2020-09-03,2020-09-03,ITA,Italy,ASF,0.312,verified,unusual_mortality,media;official,synthetic
BEACON-0004952,2020-09-03,2020-09-04,ITA,Italy,ASF,0.722,verified,trade_alert,field,synthetic
BEACON-0004953,2020-09-04,2020-09-04,ITA,Italy,ASF,0.973,verified,unusual_mortality,media;official,synthetic
BEACON-0004954,2020-08-31,2020-09-02,ESP,Spain,ASF,0.491,unverified,media_cluster,media,synthetic
BEACON-0004955,2020-09-03,2020-09-03,ESP,Spain,ASF,0.356,unverified,unusual_mortality,media,synthetic
BEACON-0004956,2020-09-03,2020-09-04,POL,Poland,ASF,0.428,unverified,trade_alert,field,synthetic
BEACON-0004957,2020-09-01,2020-09-03,POL,Poland,ASF,0.521,unverified,media_cluster,media;official,synthetic
BEACON-0004958,2020-09-03,2020-09-03,HUN,Hungary,ASF,0.61,unverified,unusual_mortality,media,synthetic
BEACON-0004959,2020-09-05,2020-09-07,ROU,Romania,ASF,0.382,unverified,unusual_mortality,media;official,synthetic
BEACON-0004960,2020-09-03,2020-09-05,BGR,Bulgaria,ASF,0.824,verified,media_cluster,media,synthetic
BEACON-0004961,2020-09-04,2020-09-06,BGR,Bulgaria,ASF,0.613,verified,unusual_mortality,media;official,synthetic
BEACON-0004962,2020-09-04,2020-09-04,UKR,Ukraine,ASF,0.523,unverified,syndromic,official,synthetic
BEACON-0004963,2020-09-02,2020-09-02,UKR,Ukraine,ASF,0.302,verified,media_cluster,media;official,synthetic
BEACON-0004964,2020-09-04,2020-09-05,MDA,Moldova,ASF,0.274,unverified,unusual_mortality,media,synthetic
BEACON-0004965,2020-08-31,2020-09-01,RUS,Russian Federation,ASF,0.879,verified,unusual_mortality,official,synthetic
BEACON-0004966,2020-09-03,2020-09-04,RUS,Russian Federation,ASF,0.502,unverified,unusual_mortality,media,synthetic
BEACON-0004967,2020-09-02,2020-09-03,RUS,Russian Federation,ASF,0.699,verified,media_cluster,media,synthetic
BEACON-0004968,2020-09-02,2020-09-03,RUS,Russian Federation,ASF,0.782,verified,media_cluster,media,synthetic
BEACON-0004969,2020-09-02,2020-09-04,ISR,Israel,ASF,0.235,unverified,unusual_mortality,media,synthetic
BEACON-0004970,2020-09-03,2020-09-04,EGY,Egypt,ASF,0.244,unverified,unusual_mortality,field,synthetic
BEACON-0004971,2020-08-31,2020-09-02,TUN,Tunisia,ASF,0.466,unverified,unusual_mortality,official,synthetic
BEACON-0004972,2020-09-03,2020-09-03,MAR,Morocco,ASF,0.394,verified,trade_alert,official,synthetic
BEACON-0004973,2020-09-10,2020-09-11,FRA,France,ASF,0.347,unverified,media_cluster,media,synthetic
BEACON-0004974,2020-09-07,2020-09-07,DEU,Germany,ASF,0.524,verified,media_cluster,official,synthetic
BEACON-0004975,2020-09-11,2020-09-12,DEU,Germany,ASF,0.755,verified,unusual_mortality,media,synthetic
BEACON-0004976,2020-09-09,2020-09-09,DEU,Germany,ASF,0.997,unverified,unusual_mortality,media,synthetic
BEACON-0004977,2020-09-07,2020-09-09,BEL,Belgium,ASF,0.769,verified,media_cluster,media,synthetic
BEACON-0004978,2020-09-09,2020-09-10,BEL,Belgium,ASF,0.689,unverified,syndromic,official,synthetic
BEACON-0004979,2020-09-07,2020-09-08,BEL,Belgium,ASF,0.56,unverified,unusual_mortality,media,synthetic
BEACON-0004980,2020-09-12,2020-09-12,ESP,Spain,ASF,0.435,verified,unusual_mortality,media,synthetic
BEACON-0004981,2020-09-09,2020-09-11,POL,Poland,ASF,0.476,verified,media_cluster,media,synthetic
BEACON-0004982,2020-09-07,2020-09-08,POL,Poland,ASF,0.578,unverified,media_cluster,media;official,synthetic
BEACON-0004983,2020-09-11,2020-09-11,POL,Poland,ASF,0.269,verified,media_cluster,media,synthetic
BEACON-0004984,2020-09-09,2020-09-09,HUN,Hungary,ASF,0.17,unverified,syndromic,media,synthetic
BEACON-0004985,2020-09-10,2020-09-10,SRB,Serbia,ASF,0.834,verified,unusual_mortality,media,synthetic
BEACON-0004986,2020-09-12,2020-09-12,RUS,Russian Federation,ASF,0.248,unverified,unusual_mortality,media;official,synthetic
BEACON-0004987,2020-09-10,2020-09-12,TUR,Türkiye,ASF,0.223,unverified,unusual_mortality,field,synthetic
BEACON-0004988,2020-09-12,2020-09-13,EGY,Egypt,ASF,0.148,verified,syndromic,media,synthetic
BEACON-0004989,2020-09-11,2020-09-13,EGY,Egypt,ASF,0.409,unverified,media_cluster,field,synthetic
BEACON-0004990,2020-09-07,2020-09-07,TUN,Tunisia,ASF,0.475,unverified,unusual_mortality,media,synthetic
BEACON-0004991,2020-09-12,2020-09-12,MAR,Morocco,ASF,0.547,unverified,media_cluster,media,synthetic
BEACON-0004992,2020-09-16,2020-09-18,DEU,Germany,ASF,0.596,verified,syndromic,media,synthetic
BEACON-0004993,2020-09-17,2020-09-17,DEU,Germany,ASF,0.759,unverified,unusual_mortality,media;official,synthetic
BEACON-0004994,2020-09-19,2020-09-20,DEU,Germany,ASF,0.281,unverified,media_cluster,media;official,synthetic
BEACON-0004995,2020-09-16,2020-09-16,NLD,Netherlands,ASF,0.437,verified,unusual_mortality,media,synthetic
BEACON-0004996,2020-09-18,2020-09-19,ITA,Italy,ASF,0.547,unverified,media_cluster,media,synthetic
BEACON-0004997,2020-09-18,2020-09-19,ESP,Spain,ASF,0.611,verified,unusual_mortality,media,synthetic
BEACON-0004998,2020-09-19,2020-09-21,ESP,Spain,ASF,0.978,unverified,unusual_mortality,media;official,synthetic
BEACON-0004999,2020-09-18,2020-09-18,ESP,Spain,ASF,0.383,verified,unusual_mortality,official,synthetic
BEACON-0005000,2020-09-17,2020-09-19,POL,Poland,ASF,0.372,unverified,unusual_mortality,media;official,synthetic
BEACON-0005001,2020-09-16,2020-09-18,POL,Poland,ASF,0.095,verified,media_cluster,field,synthetic
BEACON-0005002,2020-09-16,2020-09-18,BGR,Bulgaria,ASF,0.484,unverified,media_cluster,media;official,synthetic
BEACON-0005003,2020-09-19,2020-09-21,UKR,Ukraine,ASF,0.926,unverified,trade_alert,field,synthetic
BEACON-0005004,2020-09-18,2020-09-19,MDA,Moldova,ASF,0.627,unverified,media_cluster,media,synthetic
BEACON-0005005,2020-09-19,2020-09-19,GEO,Georgia,ASF,0.541,verified,media_cluster,media,synthetic
BEACON-0005006,2020-09-15,2020-09-17,GEO,Georgia,ASF,0.475,unverified,media_cluster,official,synthetic
BEACON-0005007,2020-09-19,2020-09-19,GEO,Georgia,ASF,0.497,unverified,unusual_mortality,media,synthetic
BEACON-0005008,2020-09-17,2020-09-18,MAR,Morocco,ASF,0.438,unverified,syndromic,media,synthetic
BEACON-0005009,2020-09-26,2020-09-27,DEU,Germany,ASF,0.633,unverified,syndromic,media;official,synthetic
BEACON-0005010,2020-09-23,2020-09-24,NLD,Netherlands,ASF,0.545,unverified,unusual_mortality,media,synthetic
BEACON-0005011,2020-09-24,2020-09-25,ITA,Italy,ASF,0.945,unverified,unusual_mortality,media,synthetic
BEACON-0005012,2020-09-26,2020-09-28,ITA,Italy,ASF,0.834,unverified,unusual_mortality,media,synthetic
BEACON-0005013,2020-09-26,2020-09-28,POL,Poland,ASF,0.312,verified,unusual_mortality,media;official,synthetic
BEACON-0005014,2020-09-24,2020-09-24,HUN,Hungary,ASF,0.356,verified,syndromic,field,synthetic
BEACON-0005015,2020-09-25,2020-09-26,ROU,Romania,ASF,0.413,verified,media_cluster,media,synthetic
BEACON-0005016,2020-09-21,2020-09-22,ROU,Romania,ASF,0.736,unverified,media_cluster,media;official,synthetic
BEACON-0005017,2020-09-21,2020-09-22,BGR,Bulgaria,ASF,0.638,verified,syndromic,media,synthetic
BEACON-0005018,2020-09-24,2020-09-24,UKR,Ukraine,ASF,0.441,unverified,media_cluster,media;official,synthetic
BEACON-0005019,2020-09-23,2020-09-24,MDA,Moldova,ASF,0.259,unverified,media_cluster,media,synthetic
BEACON-0005020,2020-09-23,2020-09-24,TUR,Türkiye,ASF,0.471,unverified,unusual_mortality,field,synthetic
BEACON-0005021,2020-09-21,2020-09-22,TUR,Türkiye,ASF,0.587,unverified,unusual_mortality,media,synthetic
BEACON-0005022,2020-09-25,2020-09-26,EGY,Egypt,ASF,0.334,unverified,unusual_mortality,media;official,synthetic
BEACON-0005023,2020-09-26,2020-09-26,TUN,Tunisia,ASF,0.263,unverified,unusual_mortality,media,synthetic
BEACON-0005024,2020-09-24,2020-09-25,TUN,Tunisia,ASF,0.225,verified,media_cluster,media;official,synthetic
BEACON-0005025,2020-09-24,2020-09-24,TUN,Tunisia,ASF,0.475,verified,unusual_mortality,media;official,synthetic
BEACON-0005026,2020-09-29,2020-09-30,BEL,Belgium,ASF,0.638,unverified,trade_alert,media,synthetic
BEACON-0005027,2020-09-28,2020-09-30,ITA,Italy,ASF,0.58,unverified,unusual_mortality,media,synthetic
BEACON-0005028,2020-10-01,2020-10-01,ESP,Spain,ASF,0.574,verified,unusual_mortality,media,synthetic
BEACON-0005029,2020-10-02,2020-10-02,ESP,Spain,ASF,0.089,verified,unusual_mortality,official,synthetic
BEACON-0005030,2020-09-29,2020-10-01,UKR,Ukraine,ASF,0.474,unverified,media_cluster,media;official,synthetic
BEACON-0005031,2020-10-03,2020-10-05,UKR,Ukraine,ASF,0.481,unverified,media_cluster,media;official,synthetic
BEACON-0005032,2020-10-03,2020-10-04,UKR,Ukraine,ASF,0.605,unverified,unusual_mortality,media,synthetic
BEACON-0005033,2020-10-03,2020-10-05,MDA,Moldova,ASF,0.696,unverified,syndromic,field,synthetic
BEACON-0005034,2020-10-03,2020-10-05,RUS,Russian Federation,ASF,0.674,unverified,media_cluster,media;official,synthetic
BEACON-0005035,2020-10-03,2020-10-04,ISR,Israel,ASF,0.223,unverified,syndromic,media,synthetic
BEACON-0005036,2020-10-02,2020-10-04,EGY,Egypt,ASF,0.672,verified,media_cluster,field,synthetic
BEACON-0005037,2020-10-03,2020-10-03,TUN,Tunisia,ASF,0.283,unverified,media_cluster,media,synthetic
BEACON-0005038,2020-10-03,2020-10-05,MAR,Morocco,ASF,0.536,unverified,syndromic,media,synthetic
BEACON-0005039,2020-10-08,2020-10-10,FRA,France,ASF,0.145,unverified,unusual_mortality,official,synthetic
BEACON-0005040,2020-10-05,2020-10-06,ESP,Spain,ASF,0.426,verified,media_cluster,media,synthetic
BEACON-0005041,2020-10-06,2020-10-06,HUN,Hungary,ASF,0.123,unverified,unusual_mortality,field,synthetic
BEACON-0005042,2020-10-05,2020-10-07,HUN,Hungary,ASF,0.422,unverified,media_cluster,media;official,synthetic
BEACON-0005043,2020-10-05,2020-10-06,UKR,Ukraine,ASF,0.706,verified,media_cluster,media;official,synthetic
BEACON-0005044,2020-10-05,2020-10-07,UKR,Ukraine,ASF,0.313,unverified,media_cluster,official,synthetic
BEACON-0005045,2020-10-07,2020-10-09,MDA,Moldova,ASF,0.576,unverified,unusual_mortality,media,synthetic
BEACON-0005046,2020-10-05,2020-10-07,MDA,Moldova,ASF,0.554,unverified,syndromic,official,synthetic
BEACON-0005047,2020-10-05,2020-10-06,RUS,Russian Federation,ASF,0.757,verified,media_cluster,field,synthetic
BEACON-0005048,2020-10-05,2020-10-06,RUS,Russian Federation,ASF,0.274,unverified,unusual_mortality,media,synthetic
BEACON-0005049,2020-10-06,2020-10-06,RUS,Russian Federation,ASF,0.403,verified,trade_alert,media;official,synthetic
BEACON-0005050,2020-10-07,2020-10-09,TUR,Türkiye,ASF,0.639,unverified,media_cluster,media,synthetic
BEACON-0005051,2020-10-09,2020-10-10,TUN,Tunisia,ASF,0.398,unverified,media_cluster,media;official,synthetic
BEACON-0005052,2020-10-14,2020-10-16,FRA,France,ASF,0.121,verified,syndromic,official,synthetic
BEACON-0005053,2020-10-12,2020-10-12,BEL,Belgium,ASF,0.641,verified,media_cluster,official,synthetic
BEACON-0005054,2020-10-17,2020-10-18,ESP,Spain,ASF,0.543,unverified,unusual_mortality,field,synthetic
BEACON-0005055,2020-10-14,2020-10-14,BGR,Bulgaria,ASF,0.207,unverified,unusual_mortality,media;official,synthetic
BEACON-0005056,2020-10-17,2020-10-17,BGR,Bulgaria,ASF,0.478,verified,unusual_mortality,media,synthetic
BEACON-0005057,2020-10-16,2020-10-16,UKR,Ukraine,ASF,0.17,verified,unusual_mortality,media,synthetic
BEACON-0005058,2020-10-13,2020-10-13,UKR,Ukraine,ASF,0.35,unverified,unusual_mortality,media;official,synthetic
BEACON-0005059,2020-10-13,2020-10-13,RUS,Russian Federation,ASF,0.524,unverified,trade_alert,official,synthetic
BEACON-0005060,2020-10-14,2020-10-15,GEO,Georgia,ASF,0.156,unverified,syndromic,official,synthetic
BEACON-0005061,2020-10-12,2020-10-12,EGY,Egypt,ASF,0.742,unverified,unusual_mortality,media,synthetic
BEACON-0005062,2020-10-13,2020-10-14,TUN,Tunisia,ASF,0.431,verified,syndromic,media;official,synthetic
BEACON-0005063,2020-10-17,2020-10-19,MAR,Morocco,ASF,0.352,verified,unusual_mortality,media,synthetic
BEACON-0005064,2020-10-12,2020-10-12,MAR,Morocco,ASF,0.952,verified,media_cluster,media,synthetic
BEACON-0005065,2020-10-20,2020-10-20,FRA,France,ASF,0.587,unverified,unusual_mortality,media,synthetic
BEACON-0005066,2020-10-24,2020-10-25,FRA,France,ASF,0.628,unverified,unusual_mortality,media,synthetic
BEACON-0005067,2020-10-20,2020-10-22,DEU,Germany,ASF,0.748,unverified,media_cluster,media;official,synthetic
BEACON-0005068,2020-10-21,2020-10-23,NLD,Netherlands,ASF,0.333,unverified,media_cluster,media,synthetic
BEACON-0005069,2020-10-21,2020-10-23,BEL,Belgium,ASF,0.447,unverified,trade_alert,media,synthetic
BEACON-0005070,2020-10-21,2020-10-21,ESP,Spain,ASF,0.24,unverified,unusual_mortality,official,synthetic
BEACON-0005071,2020-10-19,2020-10-20,ESP,Spain,ASF,0.256,verified,unusual_mortality,media,synthetic
BEACON-0005072,2020-10-22,2020-10-22,UKR,Ukraine,ASF,0.488,unverified,syndromic,official,synthetic
BEACON-0005073,2020-10-21,2020-10-22,UKR,Ukraine,ASF,0.505,verified,unusual_mortality,media,synthetic
BEACON-0005074,2020-10-20,2020-10-20,UKR,Ukraine,ASF,0.277,verified,media_cluster,media;official,synthetic
BEACON-0005075,2020-10-22,2020-10-24,RUS,Russian Federation,ASF,0.405,unverified,media_cluster,media;official,synthetic
BEACON-0005076,2020-10-20,2020-10-20,EGY,Egypt,ASF,0.448,unverified,media_cluster,official,synthetic
BEACON-0005077,2020-10-26,2020-10-26,ESP,Spain,ASF,0.725,verified,media_cluster,official,synthetic
BEACON-0005078,2020-10-30,2020-10-30,ESP,Spain,ASF,0.231,verified,syndromic,official,synthetic
BEACON-0005079,2020-10-31,2020-11-01,POL,Poland,ASF,0.369,verified,media_cluster,official,synthetic
BEACON-0005080,2020-10-28,2020-10-29,ROU,Romania,ASF,0.234,verified,media_cluster,media;official,synthetic
BEACON-0005081,2020-10-31,2020-10-31,ISR,Israel,ASF,0.676,verified,syndromic,media,synthetic
BEACON-0005082,2020-10-30,2020-10-31,MAR,Morocco,ASF,0.221,verified,media_cluster,field,synthetic
BEACON-0005083,2020-11-04,2020-11-06,FRA,France,ASF,0.555,verified,unusual_mortality,media,synthetic
BEACON-0005084,2020-11-06,2020-11-07,BEL,Belgium,ASF,0.154,verified,media_cluster,official,synthetic
BEACON-0005085,2020-11-07,2020-11-08,ITA,Italy,ASF,0.904,verified,unusual_mortality,media;official,synthetic
BEACON-0005086,2020-11-07,2020-11-08,ESP,Spain,ASF,0.509,verified,trade_alert,media,synthetic
BEACON-0005087,2020-11-02,2020-11-02,UKR,Ukraine,ASF,0.26,verified,media_cluster,official,synthetic
BEACON-0005088,2020-11-04,2020-11-06,UKR,Ukraine,ASF,0.554,verified,media_cluster,media,synthetic
BEACON-0005089,2020-11-05,2020-11-07,MDA,Moldova,ASF,0.537,unverified,syndromic,official,synthetic
BEACON-0005090,2020-11-07,2020-11-07,RUS,Russian Federation,ASF,0.352,verified,syndromic,media;official,synthetic
BEACON-0005091,2020-11-03,2020-11-05,RUS,Russian Federation,ASF,0.787,unverified,media_cluster,media;official,synthetic
BEACON-0005092,2020-11-05,2020-11-06,ISR,Israel,ASF,0.221,verified,unusual_mortality,media;official,synthetic
BEACON-0005093,2020-11-02,2020-11-03,EGY,Egypt,ASF,0.231,unverified,media_cluster,media,synthetic
BEACON-0005094,2020-11-07,2020-11-09,EGY,Egypt,ASF,0.416,unverified,unusual_mortality,media,synthetic
BEACON-0005095,2020-11-12,2020-11-14,FRA,France,ASF,0.565,unverified,unusual_mortality,media,synthetic
BEACON-0005096,2020-11-12,2020-11-14,DEU,Germany,ASF,0.287,unverified,media_cluster,media,synthetic
BEACON-0005097,2020-11-09,2020-11-11,NLD,Netherlands,ASF,0.543,unverified,media_cluster,media,synthetic
BEACON-0005098,2020-11-11,2020-11-12,BEL,Belgium,ASF,0.452,verified,unusual_mortality,media,synthetic
BEACON-0005099,2020-11-13,2020-11-13,BEL,Belgium,ASF,0.277,verified,media_cluster,media;official,synthetic
BEACON-0005100,2020-11-13,2020-11-15,POL,Poland,ASF,0.108,unverified,syndromic,field,synthetic
BEACON-0005101,2020-11-12,2020-11-12,BGR,Bulgaria,ASF,0.284,unverified,syndromic,media;official,synthetic
BEACON-0005102,2020-11-13,2020-11-14,BGR,Bulgaria,ASF,0.223,unverified,unusual_mortality,media,synthetic
BEACON-0005103,2020-11-11,2020-11-12,SRB,Serbia,ASF,0.095,unverified,media_cluster,media,synthetic
BEACON-0005104,2020-11-14,2020-11-16,UKR,Ukraine,ASF,0.528,unverified,media_cluster,media,synthetic
BEACON-0005105,2020-11-13,2020-11-15,MDA,Moldova,ASF,0.397,verified,syndromic,media,synthetic
BEACON-0005106,2020-11-10,2020-11-12,MDA,Moldova,ASF,0.427,unverified,unusual_mortality,official,synthetic
BEACON-0005107,2020-11-14,2020-11-16,RUS,Russian Federation,ASF,0.205,unverified,media_cluster,media,synthetic
BEACON-0005108,2020-11-10,2020-11-11,TUR,Türkiye,ASF,0.31,unverified,trade_alert,media,synthetic
BEACON-0005109,2020-11-11,2020-11-11,GEO,Georgia,ASF,0.327,unverified,unusual_mortality,media,synthetic
BEACON-0005110,2020-11-11,2020-11-11,EGY,Egypt,ASF,0.254,verified,syndromic,media;official,synthetic
BEACON-0005111,2020-11-16,2020-11-18,FRA,France,ASF,0.725,unverified,media_cluster,media;official,synthetic
BEACON-0005112,2020-11-20,2020-11-22,FRA,France,ASF,0.693,unverified,media_cluster,official,synthetic
BEACON-0005113,2020-11-16,2020-11-18,BEL,Belgium,ASF,0.496,unverified,syndromic,media;official,synthetic
BEACON-0005114,2020-11-18,2020-11-18,ITA,Italy,ASF,0.361,unverified,unusual_mortality,media,synthetic
BEACON-0005115,2020-11-17,2020-11-17,POL,Poland,ASF,0.292,verified,media_cluster,media,synthetic
BEACON-0005116,2020-11-18,2020-11-18,HUN,Hungary,ASF,0.218,unverified,media_cluster,media;official,synthetic
BEACON-0005117,2020-11-16,2020-11-17,MDA,Moldova,ASF,0.343,unverified,unusual_mortality,media,synthetic
BEACON-0005118,2020-11-17,2020-11-19,EGY,Egypt,ASF,0.563,verified,unusual_mortality,media,synthetic
BEACON-0005119,2020-11-26,2020-11-27,FRA,France,ASF,0.424,unverified,media_cluster,official,synthetic
BEACON-0005120,2020-11-27,2020-11-28,BEL,Belgium,ASF,0.735,unverified,media_cluster,media,synthetic
BEACON-0005121,2020-11-25,2020-11-27,ESP,Spain,ASF,0.416,verified,media_cluster,media,synthetic
BEACON-0005122,2020-11-28,2020-11-29,HUN,Hungary,ASF,0.16,unverified,unusual_mortality,official,synthetic
BEACON-0005123,2020-11-27,2020-11-29,UKR,Ukraine,ASF,0.314,unverified,syndromic,field,synthetic
BEACON-0005124,2020-11-27,2020-11-29,UKR,Ukraine,ASF,0.227,verified,media_cluster,media;official,synthetic
BEACON-0005125,2020-11-24,2020-11-25,RUS,Russian Federation,ASF,0.502,unverified,media_cluster,media,synthetic
BEACON-0005126,2020-11-24,2020-11-25,GEO,Georgia,ASF,0.352,unverified,media_cluster,media,synthetic
BEACON-0005127,2020-11-26,2020-11-26,ISR,Israel,ASF,0.203,verified,trade_alert,media,synthetic
BEACON-0005128,2020-11-27,2020-11-28,EGY,Egypt,ASF,0.129,verified,media_cluster,media,synthetic
BEACON-0005129,2020-11-23,2020-11-24,EGY,Egypt,ASF,0.351,verified,unusual_mortality,media,synthetic
BEACON-0005130,2020-11-24,2020-11-26,EGY,Egypt,ASF,0.733,unverified,unusual_mortality,media,synthetic
BEACON-0005131,2020-11-23,2020-11-25,EGY,Egypt,ASF,0.373,unverified,media_cluster,media,synthetic
BEACON-0005132,2020-11-23,2020-11-25,MAR,Morocco,ASF,0.271,verified,unusual_mortality,media,synthetic
BEACON-0005133,2020-12-02,2020-12-02,DEU,Germany,ASF,0.456,verified,unusual_mortality,media,synthetic
BEACON-0005134,2020-11-30,2020-12-02,HUN,Hungary,ASF,0.408,unverified,media_cluster,media,synthetic
BEACON-0005135,2020-12-01,2020-12-01,HUN,Hungary,ASF,0.693,verified,syndromic,official,synthetic
BEACON-0005136,2020-12-01,2020-12-03,UKR,Ukraine,ASF,0.608,verified,media_cluster,media,synthetic
BEACON-0005137,2020-12-01,2020-12-03,RUS,Russian Federation,ASF,0.757,verified,unusual_mortality,media,synthetic
BEACON-0005138,2020-12-02,2020-12-03,ISR,Israel,ASF,0.402,verified,unusual_mortality,media,synthetic
BEACON-0005139,2020-12-09,2020-12-10,ITA,Italy,ASF,0.437,unverified,syndromic,media,synthetic
BEACON-0005140,2020-12-10,2020-12-10,ESP,Spain,ASF,0.628,unverified,trade_alert,field,synthetic
BEACON-0005141,2020-12-11,2020-12-11,ESP,Spain,ASF,0.527,verified,media_cluster,media,synthetic
BEACON-0005142,2020-12-08,2020-12-08,POL,Poland,ASF,0.434,unverified,unusual_mortality,media,synthetic
BEACON-0005143,2020-12-12,2020-12-14,POL,Poland,ASF,0.38,unverified,syndromic,media;official,synthetic
BEACON-0005144,2020-12-08,2020-12-08,HUN,Hungary,ASF,0.318,unverified,unusual_mortality,field,synthetic
BEACON-0005145,2020-12-08,2020-12-10,ROU,Romania,ASF,0.679,unverified,unusual_mortality,media,synthetic
BEACON-0005146,2020-12-08,2020-12-10,TUR,Türkiye,ASF,0.576,verified,media_cluster,field,synthetic
BEACON-0005147,2020-12-12,2020-12-12,TUR,Türkiye,ASF,0.459,unverified,media_cluster,media,synthetic
BEACON-0005148,2020-12-07,2020-12-09,GEO,Georgia,ASF,0.277,unverified,syndromic,media;official,synthetic
BEACON-0005149,2020-12-11,2020-12-11,EGY,Egypt,ASF,0.68,unverified,syndromic,media,synthetic
BEACON-0005150,2020-12-07,2020-12-07,MAR,Morocco,ASF,0.501,unverified,unusual_mortality,media,synthetic
BEACON-0005151,2020-12-17,2020-12-19,FRA,France,ASF,0.459,unverified,media_cluster,media,synthetic
BEACON-0005152,2020-12-16,2020-12-17,NLD,Netherlands,ASF,0.401,verified,media_cluster,media,synthetic
BEACON-0005153,2020-12-17,2020-12-18,BEL,Belgium,ASF,0.571,unverified,unusual_mortality,media,synthetic
BEACON-0005154,2020-12-14,2020-12-16,ITA,Italy,ASF,0.47,unverified,unusual_mortality,media,synthetic
BEACON-0005155,2020-12-14,2020-12-15,ROU,Romania,ASF,0.72,verified,media_cluster,media,synthetic
BEACON-0005156,2020-12-19,2020-12-21,ROU,Romania,ASF,0.293,unverified,unusual_mortality,media;official,synthetic
BEACON-0005157,2020-12-16,2020-12-17,SRB,Serbia,ASF,0.236,verified,syndromic,media,synthetic
BEACON-0005158,2020-12-14,2020-12-14,SRB,Serbia,ASF,0.147,unverified,media_cluster,field,synthetic
BEACON-0005159,2020-12-18,2020-12-19,GEO,Georgia,ASF,0.367,verified,syndromic,media;official,synthetic
BEACON-0005160,2020-12-16,2020-12-16,ISR,Israel,ASF,0.771,verified,unusual_mortality,media,synthetic
BEACON-0005161,2020-12-18,2020-12-19,EGY,Egypt,ASF,0.733,unverified,media_cluster,media;official,synthetic
BEACON-0005162,2020-12-19,2020-12-21,TUN,Tunisia,ASF,0.183,unverified,media_cluster,media,synthetic
BEACON-0005163,2020-12-26,2020-12-28,DEU,Germany,ASF,0.405,unverified,syndromic,media,synthetic
BEACON-0005164,2020-12-21,2020-12-23,DEU,Germany,ASF,0.232,unverified,unusual_mortality,media,synthetic
BEACON-0005165,2020-12-24,2020-12-24,BGR,Bulgaria,ASF,0.415,verified,unusual_mortality,media;official,synthetic
BEACON-0005166,2020-12-26,2020-12-27,SRB,Serbia,ASF,0.698,unverified,unusual_mortality,official,synthetic
BEACON-0005167,2020-12-24,2020-12-26,MDA,Moldova,ASF,0.765,unverified,unusual_mortality,media;official,synthetic
BEACON-0005168,2020-12-22,2020-12-24,RUS,Russian Federation,ASF,0.287,verified,media_cluster,field,synthetic
BEACON-0005169,2020-12-24,2020-12-26,ISR,Israel,ASF,0.204,unverified,syndromic,media;official,synthetic
BEACON-0005170,2020-12-22,2020-12-22,EGY,Egypt,ASF,0.511,verified,media_cluster,media,synthetic
BEACON-0005171,2020-12-31,2021-01-02,FRA,France,ASF,0.478,unverified,media_cluster,media;official,synthetic
BEACON-0005172,2020-12-30,2021-01-01,DEU,Germany,ASF,0.347,verified,media_cluster,field,synthetic
BEACON-0005173,2020-12-29,2020-12-30,POL,Poland,ASF,0.071,unverified,media_cluster,field,synthetic
BEACON-0005174,2020-12-29,2020-12-30,BGR,Bulgaria,ASF,0.502,unverified,unusual_mortality,media,synthetic
BEACON-0005175,2020-12-28,2020-12-30,SRB,Serbia,ASF,0.563,unverified,syndromic,official,synthetic
BEACON-0005176,2020-12-28,2020-12-28,SRB,Serbia,ASF,0.341,unverified,media_cluster,official,synthetic
BEACON-0005177,2020-12-31,2021-01-02,MDA,Moldova,ASF,0.34,unverified,syndromic,media;official,synthetic
BEACON-0005178,2021-01-02,2021-01-03,MDA,Moldova,ASF,0.624,unverified,unusual_mortality,media;official,synthetic
BEACON-0005179,2020-12-28,2020-12-30,ISR,Israel,ASF,0.62,unverified,syndromic,media,synthetic
BEACON-0005180,2020-12-28,2020-12-29,EGY,Egypt,ASF,0.559,unverified,media_cluster,media;official,synthetic
BEACON-0005181,2020-12-31,2020-12-31,EGY,Egypt,ASF,0.756,unverified,unusual_mortality,official,synthetic
BEACON-0005182,2020-12-28,2020-12-28,EGY,Egypt,ASF,0.259,verified,unusual_mortality,media,synthetic
BEACON-0005183,2021-01-04,2021-01-05,FRA,France,ASF,0.784,unverified,syndromic,field,synthetic
BEACON-0005184,2021-01-05,2021-01-05,ITA,Italy,ASF,0.25,verified,trade_alert,media;official,synthetic
BEACON-0005185,2021-01-07,2021-01-07,HUN,Hungary,ASF,0.181,unverified,trade_alert,media,synthetic
BEACON-0005186,2021-01-08,2021-01-10,BGR,Bulgaria,ASF,0.465,verified,syndromic,media,synthetic
BEACON-0005187,2021-01-08,2021-01-09,MDA,Moldova,ASF,0.072,unverified,media_cluster,field,synthetic
BEACON-0005188,2021-01-08,2021-01-10,MDA,Moldova,ASF,0.803,verified,media_cluster,media,synthetic
BEACON-0005189,2021-01-04,2021-01-06,TUR,Türkiye,ASF,0.067,unverified,syndromic,field,synthetic
BEACON-0005190,2021-01-08,2021-01-10,TUN,Tunisia,ASF,0.386,unverified,unusual_mortality,field,synthetic
BEACON-0005191,2021-01-15,2021-01-16,FRA,France,ASF,0.296,verified,media_cluster,media;official,synthetic
BEACON-0005192,2021-01-15,2021-01-17,FRA,France,ASF,0.739,verified,media_cluster,media,synthetic
BEACON-0005193,2021-01-15,2021-01-16,BEL,Belgium,ASF,0.135,unverified,unusual_mortality,field,synthetic
BEACON-0005194,2021-01-16,2021-01-18,ITA,Italy,ASF,0.536,unverified,unusual_mortality,media,synthetic
BEACON-0005195,2021-01-13,2021-01-15,POL,Poland,ASF,0.488,unverified,trade_alert,media;official,synthetic
BEACON-0005196,2021-01-11,2021-01-12,HUN,Hungary,ASF,0.486,unverified,unusual_mortality,media,synthetic
BEACON-0005197,2021-01-12,2021-01-14,BGR,Bulgaria,ASF,0.249,unverified,unusual_mortality,media;official,synthetic
BEACON-0005198,2021-01-13,2021-01-13,BGR,Bulgaria,ASF,0.213,unverified,unusual_mortality,media,synthetic
BEACON-0005199,2021-01-16,2021-01-16,BGR,Bulgaria,ASF,0.407,unverified,unusual_mortality,media,synthetic
BEACON-0005200,2021-01-13,2021-01-14,SRB,Serbia,ASF,0.759,unverified,media_cluster,media,synthetic
BEACON-0005201,2021-01-15,2021-01-17,UKR,Ukraine,ASF,0.37,unverified,unusual_mortality,media,synthetic
BEACON-0005202,2021-01-14,2021-01-16,UKR,Ukraine,ASF,0.269,unverified,syndromic,media,synthetic
BEACON-0005203,2021-01-11,2021-01-11,EGY,Egypt,ASF,0.328,verified,unusual_mortality,media,synthetic
BEACON-0005204,2021-01-13,2021-01-15,TUN,Tunisia,ASF,0.689,verified,media_cluster,field,synthetic
BEACON-0005205,2021-01-12,2021-01-12,TUN,Tunisia,ASF,0.454,unverified,media_cluster,media;official,synthetic
BEACON-0005206,2021-01-23,2021-01-23,ESP,Spain,ASF,0.3,verified,unusual_mortality,field,synthetic
BEACON-0005207,2021-01-22,2021-01-23,ESP,Spain,ASF,0.388,unverified,unusual_mortality,media,synthetic
BEACON-0005208,2021-01-19,2021-01-21,SRB,Serbia,ASF,0.48,unverified,unusual_mortality,media;official,synthetic
BEACON-0005209,2021-01-21,2021-01-21,UKR,Ukraine,ASF,0.234,verified,unusual_mortality,official,synthetic
BEACON-0005210,2021-01-22,2021-01-23,MDA,Moldova,ASF,0.629,unverified,trade_alert,media,synthetic
BEACON-0005211,2021-01-20,2021-01-20,MDA,Moldova,ASF,0.26,unverified,media_cluster,media;official,synthetic
BEACON-0005212,2021-01-23,2021-01-23,TUR,Türkiye,ASF,0.635,unverified,unusual_mortality,media;official,synthetic
BEACON-0005213,2021-01-20,2021-01-21,TUR,Türkiye,ASF,0.845,unverified,unusual_mortality,media;official,synthetic
BEACON-0005214,2021-01-23,2021-01-25,GEO,Georgia,ASF,0.452,unverified,media_cluster,media,synthetic
BEACON-0005215,2021-01-22,2021-01-22,EGY,Egypt,ASF,0.549,unverified,media_cluster,field,synthetic
BEACON-0005216,2021-01-27,2021-01-29,NLD,Netherlands,ASF,0.186,unverified,unusual_mortality,official,synthetic
BEACON-0005217,2021-01-25,2021-01-26,ESP,Spain,ASF,0.636,verified,trade_alert,media;official,synthetic
BEACON-0005218,2021-01-28,2021-01-30,POL,Poland,ASF,0.89,unverified,media_cluster,media;official,synthetic
BEACON-0005219,2021-01-25,2021-01-26,GEO,Georgia,ASF,0.596,verified,unusual_mortality,field,synthetic
BEACON-0005220,2021-02-02,2021-02-03,DEU,Germany,ASF,0.336,unverified,media_cluster,media;official,synthetic
BEACON-0005221,2021-02-03,2021-02-03,NLD,Netherlands,ASF,0.281,verified,unusual_mortality,media;official,synthetic
BEACON-0005222,2021-02-02,2021-02-02,ESP,Spain,ASF,0.591,unverified,media_cluster,media,synthetic
BEACON-0005223,2021-02-05,2021-02-07,HUN,Hungary,ASF,0.21,verified,unusual_mortality,official,synthetic
BEACON-0005224,2021-02-06,2021-02-06,ROU,Romania,ASF,0.631,unverified,unusual_mortality,media;official,synthetic
BEACON-0005225,2021-02-06,2021-02-06,BGR,Bulgaria,ASF,0.389,unverified,unusual_mortality,media;official,synthetic
BEACON-0005226,2021-02-01,2021-02-01,UKR,Ukraine,ASF,0.561,unverified,unusual_mortality,media;official,synthetic
BEACON-0005227,2021-02-01,2021-02-03,UKR,Ukraine,ASF,0.381,unverified,unusual_mortality,media,synthetic
BEACON-0005228,2021-02-06,2021-02-08,UKR,Ukraine,ASF,0.406,unverified,media_cluster,media,synthetic
BEACON-0005229,2021-02-03,2021-02-05,GEO,Georgia,ASF,0.441,verified,trade_alert,official,synthetic
BEACON-0005230,2021-02-05,2021-02-06,ISR,Israel,ASF,0.436,unverified,unusual_mortality,media,synthetic
BEACON-0005231,2021-02-06,2021-02-07,EGY,Egypt,ASF,0.078,unverified,media_cluster,media,synthetic
BEACON-0005232,2021-02-02,2021-02-04,TUN,Tunisia,ASF,0.678,unverified,media_cluster,media;official,synthetic
BEACON-0005233,2021-02-06,2021-02-07,TUN,Tunisia,ASF,0.45,verified,media_cluster,field,synthetic
BEACON-0005234,2021-02-03,2021-02-04,MAR,Morocco,ASF,0.164,unverified,unusual_mortality,media,synthetic
BEACON-0005235,2021-02-03,2021-02-03,MAR,Morocco,ASF,0.333,verified,media_cluster,media,synthetic
BEACON-0005236,2021-02-12,2021-02-13,NLD,Netherlands,ASF,0.573,verified,media_cluster,media,synthetic
BEACON-0005237,2021-02-10,2021-02-11,POL,Poland,ASF,0.479,verified,unusual_mortality,media;official,synthetic
BEACON-0005238,2021-02-12,2021-02-13,GEO,Georgia,ASF,0.173,unverified,unusual_mortality,media;official,synthetic
BEACON-0005239,2021-02-13,2021-02-13,GEO,Georgia,ASF,0.279,unverified,trade_alert,field,synthetic
BEACON-0005240,2021-02-13,2021-02-14,EGY,Egypt,ASF,0.57,unverified,unusual_mortality,official,synthetic
BEACON-0005241,2021-02-10,2021-02-10,EGY,Egypt,ASF,0.253,verified,media_cluster,official,synthetic
BEACON-0005242,2021-02-16,2021-02-16,ITA,Italy,ASF,0.34,unverified,media_cluster,media,synthetic
BEACON-0005243,2021-02-17,2021-02-19,POL,Poland,ASF,0.308,unverified,unusual_mortality,official,synthetic
BEACON-0005244,2021-02-17,2021-02-17,ROU,Romania,ASF,0.336,unverified,media_cluster,media;official,synthetic
BEACON-0005245,2021-02-15,2021-02-16,BGR,Bulgaria,ASF,0.804,unverified,media_cluster,media,synthetic
BEACON-0005246,2021-02-19,2021-02-21,SRB,Serbia,ASF,0.21,unverified,media_cluster,media,synthetic
BEACON-0005247,2021-02-20,2021-02-21,MAR,Morocco,ASF,0.307,verified,trade_alert,media,synthetic
BEACON-0005248,2021-02-20,2021-02-21,MAR,Morocco,ASF,0.449,verified,media_cluster,official,synthetic
BEACON-0005249,2021-02-17,2021-02-18,MAR,Morocco,ASF,0.33,unverified,syndromic,media;official,synthetic
BEACON-0005250,2021-02-26,2021-02-28,DEU,Germany,ASF,0.59,unverified,media_cluster,official,synthetic
BEACON-0005251,2021-02-24,2021-02-26,DEU,Germany,ASF,0.38,unverified,media_cluster,media,synthetic
BEACON-0005252,2021-02-26,2021-02-28,DEU,Germany,ASF,0.677,verified,media_cluster,media,synthetic
BEACON-0005253,2021-02-23,2021-02-24,NLD,Netherlands,ASF,0.363,unverified,syndromic,media;official,synthetic
BEACON-0005254,2021-02-27,2021-02-27,ITA,Italy,ASF,0.514,unverified,media_cluster,field,synthetic
BEACON-0005255,2021-02-24,2021-02-25,ESP,Spain,ASF,0.415,unverified,unusual_mortality,media;official,synthetic
BEACON-0005256,2021-02-22,2021-02-24,ROU,Romania,ASF,0.408,unverified,syndromic,media,synthetic
BEACON-0005257,2021-02-27,2021-03-01,BGR,Bulgaria,ASF,0.111,unverified,media_cluster,media;official,synthetic
BEACON-0005258,2021-02-27,2021-02-28,UKR,Ukraine,ASF,0.3,unverified,trade_alert,media,synthetic
BEACON-0005259,2021-02-23,2021-02-25,MDA,Moldova,ASF,0.545,unverified,media_cluster,media,synthetic
BEACON-0005260,2021-02-22,2021-02-24,MDA,Moldova,ASF,0.298,verified,unusual_mortality,media;official,synthetic
BEACON-0005261,2021-02-24,2021-02-26,TUR,Türkiye,ASF,0.267,verified,media_cluster,media,synthetic
BEACON-0005262,2021-02-25,2021-02-25,EGY,Egypt,ASF,0.24,unverified,media_cluster,media,synthetic
BEACON-0005263,2021-03-05,2021-03-05,FRA,France,ASF,0.244,unverified,media_cluster,media,synthetic
BEACON-0005264,2021-03-01,2021-03-02,BGR,Bulgaria,ASF,0.56,verified,media_cluster,field,synthetic
BEACON-0005265,2021-03-05,2021-03-05,TUR,Türkiye,ASF,0.224,unverified,unusual_mortality,media;official,synthetic
BEACON-0005266,2021-03-05,2021-03-06,TUR,Türkiye,ASF,0.184,unverified,media_cluster,official,synthetic
BEACON-0005267,2021-03-03,2021-03-04,EGY,Egypt,ASF,0.528,unverified,unusual_mortality,media,synthetic
BEACON-0005268,2021-03-01,2021-03-01,TUN,Tunisia,ASF,0.606,unverified,syndromic,field,synthetic
BEACON-0005269,2021-03-09,2021-03-09,DEU,Germany,ASF,0.069,verified,unusual_mortality,media;official,synthetic
BEACON-0005270,2021-03-09,2021-03-10,DEU,Germany,ASF,0.075,verified,media_cluster,media,synthetic
BEACON-0005271,2021-03-09,2021-03-10,ITA,Italy,ASF,0.561,unverified,trade_alert,media;official,synthetic
BEACON-0005272,2021-03-12,2021-03-13,ESP,Spain,ASF,0.504,verified,media_cluster,media;official,synthetic
BEACON-0005273,2021-03-12,2021-03-14,SRB,Serbia,ASF,0.147,unverified,unusual_mortality,media;official,synthetic
BEACON-0005274,2021-03-11,2021-03-12,UKR,Ukraine,ASF,0.187,verified,media_cluster,media,synthetic
BEACON-0005275,2021-03-12,2021-03-13,TUR,Türkiye,ASF,0.28,unverified,unusual_mortality,media;official,synthetic
BEACON-0005276,2021-03-11,2021-03-12,ISR,Israel,ASF,0.228,unverified,trade_alert,field,synthetic
BEACON-0005277,2021-03-12,2021-03-12,EGY,Egypt,ASF,0.504,unverified,media_cluster,media;official,synthetic
BEACON-0005278,2021-03-17,2021-03-18,FRA,France,ASF,0.033,unverified,unusual_mortality,media,synthetic
BEACON-0005279,2021-03-19,2021-03-19,NLD,Netherlands,ASF,0.637,unverified,syndromic,media;official,synthetic
BEACON-0005280,2021-03-18,2021-03-20,POL,Poland,ASF,0.035,verified,syndromic,media;official,synthetic
BEACON-0005281,2021-03-18,2021-03-19,SRB,Serbia,ASF,0.694,unverified,unusual_mortality,media,synthetic
BEACON-0005282,2021-03-19,2021-03-20,UKR,Ukraine,ASF,0.491,verified,media_cluster,media,synthetic
BEACON-0005283,2021-03-15,2021-03-16,ISR,Israel,ASF,0.4,verified,media_cluster,media;official,synthetic
BEACON-0005284,2021-03-15,2021-03-16,EGY,Egypt,ASF,0.369,verified,unusual_mortality,media,synthetic
BEACON-0005285,2021-03-18,2021-03-18,EGY,Egypt,ASF,0.339,unverified,unusual_mortality,media,synthetic
BEACON-0005286,2021-03-18,2021-03-19,MAR,Morocco,ASF,0.196,verified,syndromic,media;official,synthetic
BEACON-0005287,2021-03-16,2021-03-17,MAR,Morocco,ASF,0.257,verified,unusual_mortality,media,synthetic
BEACON-0005288,2021-03-24,2021-03-26,DEU,Germany,ASF,0.294,unverified,unusual_mortality,media;official,synthetic
BEACON-0005289,2021-03-24,2021-03-24,DEU,Germany,ASF,0.194,unverified,unusual_mortality,media,synthetic
BEACON-0005290,2021-03-23,2021-03-23,BEL,Belgium,ASF,0.648,verified,media_cluster,media,synthetic
BEACON-0005291,2021-03-26,2021-03-28,ESP,Spain,ASF,0.357,verified,unusual_mortality,media,synthetic
BEACON-0005292,2021-03-23,2021-03-23,ESP,Spain,ASF,0.363,unverified,unusual_mortality,media;official,synthetic
BEACON-0005293,2021-03-24,2021-03-25,POL,Poland,ASF,0.281,verified,media_cluster,field,synthetic
BEACON-0005294,2021-03-26,2021-03-28,HUN,Hungary,ASF,0.619,unverified,unusual_mortality,media,synthetic
BEACON-0005295,2021-03-26,2021-03-27,ROU,Romania,ASF,0.309,verified,media_cluster,media,synthetic
BEACON-0005296,2021-03-25,2021-03-26,ROU,Romania,ASF,0.622,verified,media_cluster,media;official,synthetic
BEACON-0005297,2021-03-27,2021-03-27,SRB,Serbia,ASF,0.406,unverified,unusual_mortality,media;official,synthetic
BEACON-0005298,2021-03-27,2021-03-29,UKR,Ukraine,ASF,0.428,unverified,unusual_mortality,media,synthetic
BEACON-0005299,2021-03-25,2021-03-25,MDA,Moldova,ASF,0.63,unverified,media_cluster,media,synthetic
BEACON-0005300,2021-03-23,2021-03-25,TUR,Türkiye,ASF,0.615,verified,syndromic,media;official,synthetic
BEACON-0005301,2021-03-27,2021-03-28,GEO,Georgia,ASF,0.727,unverified,media_cluster,media,synthetic
BEACON-0005302,2021-03-22,2021-03-24,MAR,Morocco,ASF,0.563,unverified,unusual_mortality,media;official,synthetic
BEACON-0005303,2021-03-24,2021-03-26,MAR,Morocco,ASF,0.314,unverified,syndromic,media,synthetic
BEACON-0005304,2021-03-22,2021-03-24,MAR,Morocco,ASF,0.231,verified,unusual_mortality,media;official,synthetic
BEACON-0005305,2021-03-29,2021-03-29,NLD,Netherlands,ASF,0.421,verified,unusual_mortality,media;official,synthetic
BEACON-0005306,2021-03-30,2021-03-31,BEL,Belgium,ASF,0.595,verified,media_cluster,media;official,synthetic
BEACON-0005307,2021-04-03,2021-04-05,ITA,Italy,ASF,0.532,unverified,unusual_mortality,field,synthetic
BEACON-0005308,2021-04-02,2021-04-03,HUN,Hungary,ASF,0.545,unverified,media_cluster,official,synthetic
BEACON-0005309,2021-04-03,2021-04-04,BGR,Bulgaria,ASF,0.092,verified,media_cluster,media;official,synthetic
BEACON-0005310,2021-03-31,2021-03-31,SRB,Serbia,ASF,0.462,unverified,syndromic,media;official,synthetic
BEACON-0005311,2021-03-31,2021-04-02,TUR,Türkiye,ASF,0.147,unverified,syndromic,media,synthetic
BEACON-0005312,2021-04-03,2021-04-03,EGY,Egypt,ASF,0.864,unverified,media_cluster,media;official,synthetic
BEACON-0005313,2021-04-03,2021-04-05,MAR,Morocco,ASF,0.46,unverified,unusual_mortality,media;official,synthetic
BEACON-0005314,2021-04-02,2021-04-04,MAR,Morocco,ASF,0.426,verified,media_cluster,media,synthetic
BEACON-0005315,2021-04-09,2021-04-11,FRA,France,ASF,0.241,unverified,media_cluster,field,synthetic
BEACON-0005316,2021-04-10,2021-04-10,FRA,France,ASF,0.23,unverified,trade_alert,media;official,synthetic
BEACON-0005317,2021-04-07,2021-04-09,ITA,Italy,ASF,0.235,unverified,trade_alert,media;official,synthetic
BEACON-0005318,2021-04-08,2021-04-08,ESP,Spain,ASF,0.188,unverified,unusual_mortality,official,synthetic
BEACON-0005319,2021-04-05,2021-04-06,SRB,Serbia,ASF,0.384,verified,syndromic,media,synthetic
BEACON-0005320,2021-04-07,2021-04-09,MDA,Moldova,ASF,0.359,unverified,unusual_mortality,media;official,synthetic
BEACON-0005321,2021-04-07,2021-04-08,TUR,Türkiye,ASF,0.259,unverified,unusual_mortality,media,synthetic
BEACON-0005322,2021-04-08,2021-04-09,GEO,Georgia,ASF,0.451,unverified,unusual_mortality,media;official,synthetic
BEACON-0005323,2021-04-07,2021-04-08,MAR,Morocco,ASF,0.304,verified,unusual_mortality,media,synthetic
BEACON-0005324,2021-04-07,2021-04-09,MAR,Morocco,ASF,0.468,unverified,unusual_mortality,official,synthetic
BEACON-0005325,2021-04-15,2021-04-15,ITA,Italy,ASF,0.383,unverified,unusual_mortality,media,synthetic
BEACON-0005326,2021-04-17,2021-04-17,POL,Poland,ASF,0.16,unverified,media_cluster,media,synthetic
BEACON-0005327,2021-04-17,2021-04-19,HUN,Hungary,ASF,0.606,unverified,media_cluster,field,synthetic
BEACON-0005328,2021-04-13,2021-04-15,ROU,Romania,ASF,0.272,unverified,syndromic,media,synthetic
BEACON-0005329,2021-04-12,2021-04-12,BGR,Bulgaria,ASF,0.065,verified,unusual_mortality,media;official,synthetic
BEACON-0005330,2021-04-16,2021-04-18,SRB,Serbia,ASF,0.512,unverified,unusual_mortality,media,synthetic
BEACON-0005331,2021-04-12,2021-04-12,SRB,Serbia,ASF,0.322,unverified,unusual_mortality,media;official,synthetic
BEACON-0005332,2021-04-16,2021-04-17,TUR,Türkiye,ASF,0.287,unverified,media_cluster,media,synthetic
BEACON-0005333,2021-04-16,2021-04-17,EGY,Egypt,ASF,0.265,unverified,unusual_mortality,media,synthetic
BEACON-0005334,2021-04-14,2021-04-14,MAR,Morocco,ASF,0.385,verified,unusual_mortality,official,synthetic
BEACON-0005335,2021-04-22,2021-04-23,FRA,France,ASF,0.381,verified,media_cluster,media;official,synthetic
BEACON-0005336,2021-04-21,2021-04-22,FRA,France,ASF,0.6,unverified,media_cluster,media,synthetic
BEACON-0005337,2021-04-21,2021-04-21,BEL,Belgium,ASF,0.53,verified,media_cluster,media,synthetic
BEACON-0005338,2021-04-19,2021-04-20,BEL,Belgium,ASF,0.326,unverified,unusual_mortality,field,synthetic
BEACON-0005339,2021-04-20,2021-04-22,ITA,Italy,ASF,0.072,verified,syndromic,media,synthetic
BEACON-0005340,2021-04-23,2021-04-24,HUN,Hungary,ASF,0.179,verified,unusual_mortality,media;official,synthetic
BEACON-0005341,2021-04-22,2021-04-22,BGR,Bulgaria,ASF,0.553,verified,syndromic,media,synthetic
BEACON-0005342,2021-04-19,2021-04-21,UKR,Ukraine,ASF,0.178,verified,syndromic,media,synthetic
BEACON-0005343,2021-04-23,2021-04-25,MDA,Moldova,ASF,0.272,verified,syndromic,media;official,synthetic
BEACON-0005344,2021-04-19,2021-04-19,GEO,Georgia,ASF,0.015,unverified,unusual_mortality,field,synthetic
BEACON-0005345,2021-04-23,2021-04-25,ISR,Israel,ASF,0.42,unverified,media_cluster,media;official,synthetic
BEACON-0005346,2021-04-21,2021-04-21,TUN,Tunisia,ASF,0.456,unverified,unusual_mortality,media,synthetic
BEACON-0005347,2021-04-30,2021-04-30,NLD,Netherlands,ASF,0.748,verified,unusual_mortality,media;official,synthetic
BEACON-0005348,2021-04-27,2021-04-28,ESP,Spain,ASF,0.115,unverified,unusual_mortality,media;official,synthetic
BEACON-0005349,2021-04-26,2021-04-27,HUN,Hungary,ASF,0.659,unverified,media_cluster,media;official,synthetic
BEACON-0005350,2021-05-01,2021-05-01,ROU,Romania,ASF,0.692,unverified,unusual_mortality,official,synthetic
BEACON-0005351,2021-04-29,2021-04-29,BGR,Bulgaria,ASF,0.277,unverified,syndromic,media,synthetic
BEACON-0005352,2021-04-27,2021-04-29,BGR,Bulgaria,ASF,0.431,verified,trade_alert,media,synthetic
BEACON-0005353,2021-04-27,2021-04-27,RUS,Russian Federation,ASF,0.243,verified,unusual_mortality,official,synthetic
BEACON-0005354,2021-04-29,2021-04-30,TUR,Türkiye,ASF,0.141,unverified,media_cluster,media,synthetic
BEACON-0005355,2021-04-27,2021-04-27,GEO,Georgia,ASF,0.704,unverified,syndromic,media,synthetic
BEACON-0005356,2021-04-29,2021-05-01,GEO,Georgia,ASF,0.183,unverified,media_cluster,media;official,synthetic
BEACON-0005357,2021-04-26,2021-04-28,GEO,Georgia,ASF,0.161,unverified,syndromic,media;official,synthetic
BEACON-0005358,2021-04-30,2021-05-01,TUN,Tunisia,ASF,0.532,unverified,media_cluster,media;official,synthetic
BEACON-0005359,2021-05-07,2021-05-08,DEU,Germany,ASF,0.445,unverified,trade_alert,media;official,synthetic
BEACON-0005360,2021-05-06,2021-05-06,NLD,Netherlands,ASF,0.164,unverified,unusual_mortality,official,synthetic
BEACON-0005361,2021-05-07,2021-05-08,BEL,Belgium,ASF,0.259,verified,unusual_mortality,field,synthetic
BEACON-0005362,2021-05-08,2021-05-09,BEL,Belgium,ASF,0.619,unverified,syndromic,media,synthetic
BEACON-0005363,2021-05-05,2021-05-05,BGR,Bulgaria,ASF,0.153,unverified,media_cluster,official,synthetic
BEACON-0005364,2021-05-03,2021-05-05,UKR,Ukraine,ASF,0.388,unverified,unusual_mortality,media,synthetic
BEACON-0005365,2021-05-05,2021-05-05,GEO,Georgia,ASF,0.678,unverified,syndromic,media;official,synthetic
BEACON-0005366,2021-05-15,2021-05-15,NLD,Netherlands,ASF,0.482,verified,unusual_mortality,media,synthetic
BEACON-0005367,2021-05-11,2021-05-12,BEL,Belgium,ASF,0.321,verified,unusual_mortality,official,synthetic
BEACON-0005368,2021-05-13,2021-05-15,BEL,Belgium,ASF,0.096,unverified,media_cluster,media;official,synthetic
BEACON-0005369,2021-05-15,2021-05-17,ITA,Italy,ASF,0.358,verified,trade_alert,media,synthetic
BEACON-0005370,2021-05-11,2021-05-12,ESP,Spain,ASF,0.345,verified,media_cluster,media;official,synthetic
BEACON-0005371,2021-05-11,2021-05-13,HUN,Hungary,ASF,0.428,unverified,media_cluster,media,synthetic
BEACON-0005372,2021-05-13,2021-05-15,ROU,Romania,ASF,0.367,verified,media_cluster,media;official,synthetic
BEACON-0005373,2021-05-13,2021-05-15,BGR,Bulgaria,ASF,0.555,unverified,media_cluster,media,synthetic
BEACON-0005374,2021-05-15,2021-05-15,SRB,Serbia,ASF,0.447,verified,unusual_mortality,media;official,synthetic
BEACON-0005375,2021-05-12,2021-05-13,MDA,Moldova,ASF,0.899,unverified,media_cluster,media,synthetic
BEACON-0005376,2021-05-11,2021-05-11,MDA,Moldova,ASF,0.54,unverified,unusual_mortality,official,synthetic
BEACON-0005377,2021-05-13,2021-05-14,ISR,Israel,ASF,0.515,verified,media_cluster,media;official,synthetic
BEACON-0005378,2021-05-11,2021-05-13,EGY,Egypt,ASF,0.208,unverified,syndromic,official,synthetic
BEACON-0005379,2021-05-14,2021-05-16,TUN,Tunisia,ASF,0.044,unverified,unusual_mortality,field,synthetic
BEACON-0005380,2021-05-21,2021-05-21,FRA,France,ASF,0.523,verified,media_cluster,media,synthetic
BEACON-0005381,2021-05-19,2021-05-20,NLD,Netherlands,ASF,0.244,unverified,unusual_mortality,official,synthetic
BEACON-0005382,2021-05-19,2021-05-19,NLD,Netherlands,ASF,0.532,verified,media_cluster,media,synthetic
BEACON-0005383,2021-05-19,2021-05-20,ESP,Spain,ASF,0.057,unverified,media_cluster,media,synthetic
BEACON-0005384,2021-05-17,2021-05-18,ESP,Spain,ASF,0.376,verified,media_cluster,media,synthetic
BEACON-0005385,2021-05-18,2021-05-19,ESP,Spain,ASF,0.605,unverified,unusual_mortality,media,synthetic
BEACON-0005386,2021-05-19,2021-05-21,POL,Poland,ASF,0.44,unverified,media_cluster,field,synthetic
BEACON-0005387,2021-05-22,2021-05-22,SRB,Serbia,ASF,0.163,unverified,media_cluster,media,synthetic
BEACON-0005388,2021-05-22,2021-05-22,UKR,Ukraine,ASF,0.794,unverified,syndromic,media,synthetic
BEACON-0005389,2021-05-18,2021-05-19,UKR,Ukraine,ASF,0.251,verified,media_cluster,media,synthetic
BEACON-0005390,2021-05-21,2021-05-22,MDA,Moldova,ASF,0.564,unverified,media_cluster,media,synthetic
BEACON-0005391,2021-05-19,2021-05-20,TUR,Türkiye,ASF,0.452,verified,unusual_mortality,media,synthetic
BEACON-0005392,2021-05-21,2021-05-21,GEO,Georgia,ASF,0.173,verified,syndromic,media,synthetic
BEACON-0005393,2021-05-29,2021-05-31,DEU,Germany,ASF,0.79,unverified,unusual_mortality,field,synthetic
BEACON-0005394,2021-05-25,2021-05-27,DEU,Germany,ASF,0.313,unverified,trade_alert,media;official,synthetic
BEACON-0005395,2021-05-24,2021-05-25,BEL,Belgium,ASF,0.381,verified,unusual_mortality,official,synthetic
BEACON-0005396,2021-05-29,2021-05-29,BEL,Belgium,ASF,0.066,unverified,trade_alert,media;official,synthetic
BEACON-0005397,2021-05-28,2021-05-28,BEL,Belgium,ASF,0.111,unverified,unusual_mortality,media;official,synthetic
BEACON-0005398,2021-05-26,2021-05-26,POL,Poland,ASF,0.263,verified,unusual_mortality,media,synthetic
BEACON-0005399,2021-05-25,2021-05-25,HUN,Hungary,ASF,0.089,verified,media_cluster,official,synthetic
BEACON-0005400,2021-05-26,2021-05-28,HUN,Hungary,ASF,0.242,verified,syndromic,media,synthetic
BEACON-0005401,2021-05-24,2021-05-24,ROU,Romania,ASF,0.287,unverified,unusual_mortality,media,synthetic
BEACON-0005402,2021-05-26,2021-05-28,ROU,Romania,ASF,0.517,unverified,unusual_mortality,media;official,synthetic
BEACON-0005403,2021-05-24,2021-05-25,BGR,Bulgaria,ASF,0.044,unverified,syndromic,media,synthetic
BEACON-0005404,2021-05-27,2021-05-27,SRB,Serbia,ASF,0.192,verified,media_cluster,media;official,synthetic
BEACON-0005405,2021-05-29,2021-05-29,RUS,Russian Federation,ASF,0.543,verified,syndromic,official,synthetic
BEACON-0005406,2021-05-26,2021-05-27,ISR,Israel,ASF,0.373,verified,media_cluster,media,synthetic
BEACON-0005407,2021-05-25,2021-05-27,EGY,Egypt,ASF,0.417,unverified,media_cluster,field,synthetic
BEACON-0005408,2021-06-01,2021-06-03,ESP,Spain,ASF,0.245,unverified,media_cluster,media,synthetic
BEACON-0005409,2021-06-02,2021-06-04,ESP,Spain,ASF,0.239,unverified,trade_alert,media;official,synthetic
BEACON-0005410,2021-05-31,2021-05-31,SRB,Serbia,ASF,0.346,unverified,syndromic,field,synthetic
BEACON-0005411,2021-05-31,2021-05-31,RUS,Russian Federation,ASF,0.313,unverified,syndromic,media,synthetic
BEACON-0005412,2021-06-02,2021-06-03,TUR,Türkiye,ASF,0.668,unverified,syndromic,media;official,synthetic
BEACON-0005413,2021-06-03,2021-06-03,TUR,Türkiye,ASF,0.717,verified,media_cluster,media,synthetic
BEACON-0005414,2021-06-02,2021-06-02,TUR,Türkiye,ASF,0.689,verified,syndromic,media,synthetic
BEACON-0005415,2021-06-05,2021-06-05,EGY,Egypt,ASF,0.304,verified,syndromic,official,synthetic
BEACON-0005416,2021-06-12,2021-06-13,FRA,France,ASF,0.239,verified,media_cluster,media,synthetic
BEACON-0005417,2021-06-08,2021-06-08,BEL,Belgium,ASF,0.246,unverified,media_cluster,media,synthetic
BEACON-0005418,2021-06-07,2021-06-08,BEL,Belgium,ASF,0.452,verified,media_cluster,media;official,synthetic
BEACON-0005419,2021-06-07,2021-06-07,POL,Poland,ASF,0.346,unverified,unusual_mortality,media;official,synthetic
BEACON-0005420,2021-06-10,2021-06-11,HUN,Hungary,ASF,0.183,unverified,trade_alert,media,synthetic
BEACON-0005421,2021-06-11,2021-06-11,BGR,Bulgaria,ASF,0.328,verified,media_cluster,media,synthetic
BEACON-0005422,2021-06-10,2021-06-11,MDA,Moldova,ASF,0.475,unverified,media_cluster,media,synthetic
BEACON-0005423,2021-06-08,2021-06-09,MDA,Moldova,ASF,0.382,unverified,media_cluster,media,synthetic
BEACON-0005424,2021-06-09,2021-06-11,RUS,Russian Federation,ASF,0.44,unverified,trade_alert,field,synthetic
BEACON-0005425,2021-06-12,2021-06-14,RUS,Russian Federation,ASF,0.534,unverified,media_cluster,media,synthetic
BEACON-0005426,2021-06-19,2021-06-19,DEU,Germany,ASF,0.664,unverified,unusual_mortality,official,synthetic
BEACON-0005427,2021-06-18,2021-06-18,NLD,Netherlands,ASF,0.26,unverified,syndromic,media,synthetic
BEACON-0005428,2021-06-19,2021-06-19,NLD,Netherlands,ASF,0.48,unverified,media_cluster,media,synthetic
BEACON-0005429,2021-06-15,2021-06-17,BEL,Belgium,ASF,0.413,unverified,media_cluster,media,synthetic
BEACON-0005430,2021-06-19,2021-06-20,ESP,Spain,ASF,0.379,unverified,trade_alert,field,synthetic
BEACON-0005431,2021-06-18,2021-06-20,HUN,Hungary,ASF,0.784,unverified,media_cluster,media,synthetic
BEACON-0005432,2021-06-16,2021-06-18,HUN,Hungary,ASF,0.228,unverified,media_cluster,media,synthetic
BEACON-0005433,2021-06-18,2021-06-19,BGR,Bulgaria,ASF,0.422,unverified,syndromic,media;official,synthetic
BEACON-0005434,2021-06-19,2021-06-19,BGR,Bulgaria,ASF,0.829,unverified,syndromic,media,synthetic
BEACON-0005435,2021-06-17,2021-06-18,SRB,Serbia,ASF,0.486,unverified,media_cluster,media;official,synthetic
BEACON-0005436,2021-06-23,2021-06-24,FRA,France,ASF,0.512,unverified,media_cluster,media,synthetic
BEACON-0005437,2021-06-25,2021-06-25,DEU,Germany,ASF,0.528,unverified,unusual_mortality,media,synthetic
BEACON-0005438,2021-06-25,2021-06-26,DEU,Germany,ASF,0.1,verified,media_cluster,official,synthetic
BEACON-0005439,2021-06-25,2021-06-27,BEL,Belgium,ASF,0.137,unverified,unusual_mortality,media;official,synthetic
BEACON-0005440,2021-06-26,2021-06-28,BEL,Belgium,ASF,0.398,unverified,media_cluster,media,synthetic
BEACON-0005441,2021-06-25,2021-06-26,ITA,Italy,ASF,0.3,verified,media_cluster,media,synthetic
BEACON-0005442,2021-06-26,2021-06-28,POL,Poland,ASF,0.458,unverified,syndromic,media;official,synthetic
BEACON-0005443,2021-06-25,2021-06-25,POL,Poland,ASF,0.539,unverified,media_cluster,media;official,synthetic
BEACON-0005444,2021-06-25,2021-06-25,ROU,Romania,ASF,0.739,unverified,unusual_mortality,media;official,synthetic
BEACON-0005445,2021-06-22,2021-06-24,BGR,Bulgaria,ASF,0.411,verified,unusual_mortality,media,synthetic
BEACON-0005446,2021-06-21,2021-06-21,SRB,Serbia,ASF,0.27,unverified,media_cluster,field,synthetic
BEACON-0005447,2021-06-23,2021-06-24,SRB,Serbia,ASF,0.749,unverified,unusual_mortality,field,synthetic
BEACON-0005448,2021-06-23,2021-06-23,RUS,Russian Federation,ASF,0.409,verified,syndromic,media,synthetic
BEACON-0005449,2021-07-01,2021-07-02,FRA,France,ASF,0.582,unverified,unusual_mortality,official,synthetic
BEACON-0005450,2021-06-29,2021-06-29,NLD,Netherlands,ASF,0.352,unverified,media_cluster,media,synthetic
BEACON-0005451,2021-06-29,2021-06-30,ESP,Spain,ASF,0.687,unverified,media_cluster,official,synthetic
BEACON-0005452,2021-06-29,2021-07-01,POL,Poland,ASF,0.471,verified,media_cluster,media,synthetic
BEACON-0005453,2021-07-03,2021-07-05,HUN,Hungary,ASF,0.237,unverified,media_cluster,media,synthetic
BEACON-0005454,2021-06-30,2021-06-30,ROU,Romania,ASF,0.8,verified,unusual_mortality,media;official,synthetic
BEACON-0005455,2021-07-02,2021-07-02,RUS,Russian Federation,ASF,0.194,unverified,trade_alert,media,synthetic
BEACON-0005456,2021-06-30,2021-07-01,RUS,Russian Federation,ASF,0.426,verified,syndromic,media,synthetic
BEACON-0005457,2021-07-02,2021-07-02,ISR,Israel,ASF,0.544,verified,unusual_mortality,media,synthetic
BEACON-0005458,2021-07-01,2021-07-01,MAR,Morocco,ASF,0.557,unverified,media_cluster,media;official,synthetic
BEACON-0005459,2021-07-07,2021-07-09,DEU,Germany,ASF,0.624,verified,unusual_mortality,field,synthetic
BEACON-0005460,2021-07-08,2021-07-08,ITA,Italy,ASF,0.689,verified,media_cluster,media,synthetic
BEACON-0005461,2021-07-09,2021-07-11,ESP,Spain,ASF,0.617,unverified,media_cluster,media;official,synthetic
BEACON-0005462,2021-07-07,2021-07-08,HUN,Hungary,ASF,0.11,unverified,unusual_mortality,media;official,synthetic
BEACON-0005463,2021-07-07,2021-07-07,BGR,Bulgaria,ASF,0.265,unverified,unusual_mortality,media,synthetic
BEACON-0005464,2021-07-06,2021-07-06,BGR,Bulgaria,ASF,0.342,unverified,media_cluster,media,synthetic
BEACON-0005465,2021-07-07,2021-07-08,BGR,Bulgaria,ASF,0.785,verified,media_cluster,media,synthetic
BEACON-0005466,2021-07-05,2021-07-07,SRB,Serbia,ASF,0.274,verified,syndromic,media,synthetic
BEACON-0005467,2021-07-10,2021-07-12,RUS,Russian Federation,ASF,0.57,unverified,media_cluster,media,synthetic
BEACON-0005468,2021-07-07,2021-07-08,EGY,Egypt,ASF,0.308,unverified,trade_alert,media,synthetic
BEACON-0005469,2021-07-08,2021-07-09,EGY,Egypt,ASF,0.54,verified,media_cluster,media;official,synthetic
BEACON-0005470,2021-07-14,2021-07-16,FRA,France,ASF,0.389,unverified,unusual_mortality,field,synthetic
BEACON-0005471,2021-07-15,2021-07-15,BEL,Belgium,ASF,0.292,verified,media_cluster,media;official,synthetic
BEACON-0005472,2021-07-17,2021-07-19,ITA,Italy,ASF,0.699,verified,unusual_mortality,media,synthetic
BEACON-0005473,2021-07-12,2021-07-14,ESP,Spain,ASF,0.105,unverified,unusual_mortality,media;official,synthetic
BEACON-0005474,2021-07-15,2021-07-17,HUN,Hungary,ASF,0.205,verified,unusual_mortality,media,synthetic
BEACON-0005475,2021-07-12,2021-07-12,BGR,Bulgaria,ASF,0.528,unverified,media_cluster,official,synthetic
BEACON-0005476,2021-07-16,2021-07-16,BGR,Bulgaria,ASF,0.225,unverified,media_cluster,media,synthetic
BEACON-0005477,2021-07-15,2021-07-15,SRB,Serbia,ASF,0.256,unverified,media_cluster,media,synthetic
BEACON-0005478,2021-07-15,2021-07-17,UKR,Ukraine,ASF,0.672,unverified,syndromic,media,synthetic
BEACON-0005479,2021-07-12,2021-07-12,UKR,Ukraine,ASF,0.196,unverified,unusual_mortality,media;official,synthetic
BEACON-0005480,2021-07-16,2021-07-17,MDA,Moldova,ASF,0.342,verified,media_cluster,official,synthetic
BEACON-0005481,2021-07-12,2021-07-13,RUS,Russian Federation,ASF,0.029,verified,media_cluster,media,synthetic
BEACON-0005482,2021-07-16,2021-07-16,TUR,Türkiye,ASF,0.838,unverified,media_cluster,official,synthetic
BEACON-0005483,2021-07-13,2021-07-14,GEO,Georgia,ASF,0.239,unverified,unusual_mortality,media;official,synthetic
BEACON-0005484,2021-07-17,2021-07-19,ISR,Israel,ASF,0.396,verified,media_cluster,official,synthetic
BEACON-0005485,2021-07-12,2021-07-13,ISR,Israel,ASF,0.669,verified,unusual_mortality,media;official,synthetic
BEACON-0005486,2021-07-24,2021-07-26,DEU,Germany,ASF,0.297,unverified,media_cluster,media,synthetic
BEACON-0005487,2021-07-20,2021-07-21,DEU,Germany,ASF,0.984,unverified,unusual_mortality,media;official,synthetic
BEACON-0005488,2021-07-22,2021-07-23,NLD,Netherlands,ASF,0.88,unverified,unusual_mortality,media,synthetic
BEACON-0005489,2021-07-24,2021-07-24,NLD,Netherlands,ASF,0.502,unverified,media_cluster,official,synthetic
BEACON-0005490,2021-07-22,2021-07-23,NLD,Netherlands,ASF,0.324,verified,trade_alert,official,synthetic
BEACON-0005491,2021-07-23,2021-07-24,HUN,Hungary,ASF,0.675,verified,media_cluster,media;official,synthetic
BEACON-0005492,2021-07-24,2021-07-25,ROU,Romania,ASF,0.572,unverified,unusual_mortality,media,synthetic
BEACON-0005493,2021-07-22,2021-07-24,ROU,Romania,ASF,0.42,unverified,unusual_mortality,media,synthetic
BEACON-0005494,2021-07-21,2021-07-23,SRB,Serbia,ASF,0.683,unverified,media_cluster,media,synthetic
BEACON-0005495,2021-07-24,2021-07-24,SRB,Serbia,ASF,0.573,unverified,media_cluster,media;official,synthetic
BEACON-0005496,2021-07-21,2021-07-23,SRB,Serbia,ASF,0.353,unverified,media_cluster,media;official,synthetic
BEACON-0005497,2021-07-23,2021-07-23,RUS,Russian Federation,ASF,0.178,verified,syndromic,media,synthetic
BEACON-0005498,2021-07-24,2021-07-26,GEO,Georgia,ASF,0.253,unverified,media_cluster,media,synthetic
BEACON-0005499,2021-07-24,2021-07-24,ISR,Israel,ASF,0.055,verified,syndromic,media,synthetic
BEACON-0005500,2021-07-21,2021-07-23,EGY,Egypt,ASF,0.746,unverified,media_cluster,media;official,synthetic
BEACON-0005501,2021-07-24,2021-07-24,EGY,Egypt,ASF,0.49,verified,trade_alert,media;official,synthetic
BEACON-0005502,2021-07-21,2021-07-23,MAR,Morocco,ASF,0.489,unverified,unusual_mortality,official,synthetic
BEACON-0005503,2021-07-20,2021-07-20,MAR,Morocco,ASF,0.065,unverified,syndromic,media;official,synthetic
BEACON-0005504,2021-07-31,2021-07-31,DEU,Germany,ASF,0.317,unverified,trade_alert,media;official,synthetic
BEACON-0005505,2021-07-27,2021-07-28,NLD,Netherlands,ASF,0.406,verified,unusual_mortality,media,synthetic
BEACON-0005506,2021-07-31,2021-08-01,BEL,Belgium,ASF,0.518,unverified,media_cluster,media;official,synthetic
BEACON-0005507,2021-07-26,2021-07-26,SRB,Serbia,ASF,0.472,unverified,unusual_mortality,media;official,synthetic
BEACON-0005508,2021-07-28,2021-07-28,UKR,Ukraine,ASF,0.301,unverified,media_cluster,media;official,synthetic
BEACON-0005509,2021-07-30,2021-07-30,TUN,Tunisia,ASF,0.149,unverified,media_cluster,media,synthetic
BEACON-0005510,2021-08-02,2021-08-02,DEU,Germany,ASF,0.46,unverified,media_cluster,media,synthetic
BEACON-0005511,2021-08-03,2021-08-05,NLD,Netherlands,ASF,0.38,verified,syndromic,media,synthetic
BEACON-0005512,2021-08-05,2021-08-05,ITA,Italy,ASF,0.389,unverified,media_cluster,media,synthetic
BEACON-0005513,2021-08-05,2021-08-05,ESP,Spain,ASF,0.641,unverified,media_cluster,media,synthetic
BEACON-0005514,2021-08-02,2021-08-04,SRB,Serbia,ASF,0.471,verified,unusual_mortality,media,synthetic
BEACON-0005515,2021-08-03,2021-08-05,RUS,Russian Federation,ASF,0.383,unverified,media_cluster,media;official,synthetic
BEACON-0005516,2021-08-03,2021-08-05,TUR,Türkiye,ASF,0.498,unverified,media_cluster,field,synthetic
BEACON-0005517,2021-08-03,2021-08-05,EGY,Egypt,ASF,0.279,verified,unusual_mortality,media;official,synthetic
BEACON-0005518,2021-08-03,2021-08-05,EGY,Egypt,ASF,0.314,unverified,media_cluster,media;official,synthetic
BEACON-0005519,2021-08-06,2021-08-08,MAR,Morocco,ASF,0.678,unverified,media_cluster,official,synthetic
BEACON-0005520,2021-08-14,2021-08-14,FRA,France,ASF,0.709,unverified,unusual_mortality,media,synthetic
BEACON-0005521,2021-08-13,2021-08-13,FRA,France,ASF,0.79,unverified,media_cluster,media;official,synthetic
BEACON-0005522,2021-08-14,2021-08-15,DEU,Germany,ASF,0.529,verified,syndromic,media;official,synthetic
BEACON-0005523,2021-08-14,2021-08-14,DEU,Germany,ASF,0.115,unverified,media_cluster,media,synthetic
BEACON-0005524,2021-08-10,2021-08-10,NLD,Netherlands,ASF,0.526,verified,media_cluster,media,synthetic
BEACON-0005525,2021-08-14,2021-08-16,NLD,Netherlands,ASF,0.167,unverified,unusual_mortality,official,synthetic
BEACON-0005526,2021-08-10,2021-08-11,POL,Poland,ASF,0.45,unverified,unusual_mortality,media,synthetic
BEACON-0005527,2021-08-14,2021-08-14,HUN,Hungary,ASF,0.419,verified,unusual_mortality,official,synthetic
BEACON-0005528,2021-08-11,2021-08-12,SRB,Serbia,ASF,0.345,unverified,media_cluster,official,synthetic
BEACON-0005529,2021-08-11,2021-08-11,RUS,Russian Federation,ASF,0.353,unverified,unusual_mortality,media;official,synthetic
BEACON-0005530,2021-08-11,2021-08-13,RUS,Russian Federation,ASF,0.407,unverified,media_cluster,media,synthetic
BEACON-0005531,2021-08-14,2021-08-14,RUS,Russian Federation,ASF,0.252,unverified,media_cluster,official,synthetic
BEACON-0005532,2021-08-13,2021-08-14,ISR,Israel,ASF,0.737,verified,unusual_mortality,media,synthetic
BEACON-0005533,2021-08-12,2021-08-12,EGY,Egypt,ASF,0.115,verified,syndromic,media,synthetic
BEACON-0005534,2021-08-09,2021-08-11,MAR,Morocco,ASF,0.75,unverified,syndromic,media,synthetic
BEACON-0005535,2021-08-17,2021-08-18,FRA,France,ASF,0.542,verified,media_cluster,official,synthetic
BEACON-0005536,2021-08-19,2021-08-20,DEU,Germany,ASF,0.089,verified,media_cluster,official,synthetic
BEACON-0005537,2021-08-18,2021-08-18,BEL,Belgium,ASF,0.697,unverified,syndromic,field,synthetic
BEACON-0005538,2021-08-18,2021-08-19,BEL,Belgium,ASF,0.957,verified,unusual_mortality,official,synthetic
BEACON-0005539,2021-08-16,2021-08-16,ITA,Italy,ASF,0.259,verified,media_cluster,media;official,synthetic
BEACON-0005540,2021-08-19,2021-08-21,ITA,Italy,ASF,0.385,unverified,trade_alert,field,synthetic
BEACON-0005541,2021-08-20,2021-08-20,ESP,Spain,ASF,0.496,verified,media_cluster,media,synthetic
BEACON-0005542,2021-08-16,2021-08-17,ESP,Spain,ASF,0.33,unverified,unusual_mortality,field,synthetic
BEACON-0005543,2021-08-21,2021-08-23,ROU,Romania,ASF,0.696,unverified,syndromic,official,synthetic
BEACON-0005544,2021-08-19,2021-08-21,BGR,Bulgaria,ASF,0.194,unverified,syndromic,media,synthetic
BEACON-0005545,2021-08-20,2021-08-21,SRB,Serbia,ASF,0.133,unverified,unusual_mortality,field,synthetic
BEACON-0005546,2021-08-17,2021-08-19,UKR,Ukraine,ASF,0.519,unverified,media_cluster,media,synthetic
BEACON-0005547,2021-08-21,2021-08-21,RUS,Russian Federation,ASF,0.754,unverified,media_cluster,media;official,synthetic
BEACON-0005548,2021-08-19,2021-08-19,TUR,Türkiye,ASF,0.695,verified,media_cluster,media;official,synthetic
BEACON-0005549,2021-08-16,2021-08-18,TUN,Tunisia,ASF,0.253,verified,media_cluster,media,synthetic
BEACON-0005550,2021-08-17,2021-08-17,MAR,Morocco,ASF,0.054,unverified,media_cluster,official,synthetic
BEACON-0005551,2021-08-21,2021-08-23,MAR,Morocco,ASF,0.794,verified,media_cluster,field,synthetic
BEACON-0005552,2021-08-27,2021-08-28,NLD,Netherlands,ASF,0.158,verified,trade_alert,official,synthetic
BEACON-0005553,2021-08-26,2021-08-26,BEL,Belgium,ASF,0.293,unverified,media_cluster,media,synthetic
BEACON-0005554,2021-08-27,2021-08-29,HUN,Hungary,ASF,0.281,unverified,media_cluster,official,synthetic
BEACON-0005555,2021-08-27,2021-08-27,ROU,Romania,ASF,0.559,verified,media_cluster,official,synthetic
BEACON-0005556,2021-08-25,2021-08-26,BGR,Bulgaria,ASF,0.07,unverified,syndromic,media;official,synthetic
BEACON-0005557,2021-08-28,2021-08-28,MDA,Moldova,ASF,0.897,unverified,trade_alert,media,synthetic
BEACON-0005558,2021-08-23,2021-08-24,MDA,Moldova,ASF,0.347,verified,media_cluster,media,synthetic
BEACON-0005559,2021-08-27,2021-08-27,TUR,Türkiye,ASF,0.086,unverified,unusual_mortality,official,synthetic
BEACON-0005560,2021-08-27,2021-08-29,TUR,Türkiye,ASF,0.192,verified,media_cluster,media,synthetic
BEACON-0005561,2021-08-25,2021-08-27,MAR,Morocco,ASF,0.208,unverified,media_cluster,media,synthetic
BEACON-0005562,2021-09-01,2021-09-03,FRA,France,ASF,0.492,unverified,media_cluster,official,synthetic
BEACON-0005563,2021-09-02,2021-09-04,NLD,Netherlands,ASF,0.55,unverified,trade_alert,media,synthetic
BEACON-0005564,2021-08-31,2021-09-01,BEL,Belgium,ASF,0.474,unverified,syndromic,official,synthetic
BEACON-0005565,2021-09-01,2021-09-03,BEL,Belgium,ASF,0.271,unverified,unusual_mortality,media;official,synthetic
BEACON-0005566,2021-09-04,2021-09-05,POL,Poland,ASF,0.29,verified,unusual_mortality,media,synthetic
BEACON-0005567,2021-09-03,2021-09-05,HUN,Hungary,ASF,0.306,unverified,unusual_mortality,media,synthetic
BEACON-0005568,2021-08-31,2021-09-02,ROU,Romania,ASF,0.237,unverified,unusual_mortality,media,synthetic
BEACON-0005569,2021-09-02,2021-09-03,ROU,Romania,ASF,0.41,verified,unusual_mortality,media,synthetic
BEACON-0005570,2021-09-03,2021-09-04,UKR,Ukraine,ASF,0.812,unverified,syndromic,official,synthetic
BEACON-0005571,2021-09-03,2021-09-03,UKR,Ukraine,ASF,0.445,unverified,syndromic,official,synthetic
BEACON-0005572,2021-08-30,2021-08-30,RUS,Russian Federation,ASF,0.125,unverified,unusual_mortality,media,synthetic
BEACON-0005573,2021-09-09,2021-09-09,NLD,Netherlands,ASF,1.0,verified,syndromic,media,synthetic
BEACON-0005574,2021-09-11,2021-09-13,NLD,Netherlands,ASF,0.56,unverified,unusual_mortality,official,synthetic
BEACON-0005575,2021-09-06,2021-09-06,NLD,Netherlands,ASF,0.404,unverified,unusual_mortality,media;official,synthetic
BEACON-0005576,2021-09-08,2021-09-08,BEL,Belgium,ASF,0.123,unverified,unusual_mortality,media,synthetic
BEACON-0005577,2021-09-11,2021-09-13,BEL,Belgium,ASF,0.718,verified,media_cluster,media,synthetic
BEACON-0005578,2021-09-10,2021-09-12,POL,Poland,ASF,0.392,unverified,trade_alert,media;official,synthetic
BEACON-0005579,2021-09-09,2021-09-10,ROU,Romania,ASF,0.307,unverified,unusual_mortality,media,synthetic
BEACON-0005580,2021-09-09,2021-09-11,ROU,Romania,ASF,0.593,verified,media_cluster,media,synthetic
BEACON-0005581,2021-09-11,2021-09-13,ROU,Romania,ASF,0.499,unverified,syndromic,media,synthetic
BEACON-0005582,2021-09-07,2021-09-09,UKR,Ukraine,ASF,0.565,unverified,unusual_mortality,media;official,synthetic
BEACON-0005583,2021-09-10,2021-09-12,MDA,Moldova,ASF,0.762,verified,unusual_mortality,media;official,synthetic
BEACON-0005584,2021-09-10,2021-09-12,EGY,Egypt,ASF,0.293,unverified,syndromic,media,synthetic
BEACON-0005585,2021-09-09,2021-09-10,TUN,Tunisia,ASF,0.311,unverified,media_cluster,media,synthetic
BEACON-0005586,2021-09-14,2021-09-15,FRA,France,ASF,0.329,verified,media_cluster,media,synthetic
BEACON-0005587,2021-09-18,2021-09-19,FRA,France,ASF,0.36,unverified,unusual_mortality,media,synthetic
BEACON-0005588,2021-09-17,2021-09-19,FRA,France,ASF,0.133,unverified,media_cluster,media,synthetic
BEACON-0005589,2021-09-18,2021-09-19,DEU,Germany,ASF,0.792,unverified,syndromic,media;official,synthetic
BEACON-0005590,2021-09-15,2021-09-16,NLD,Netherlands,ASF,0.981,unverified,media_cluster,media,synthetic
BEACON-0005591,2021-09-14,2021-09-16,NLD,Netherlands,ASF,0.852,unverified,media_cluster,media,synthetic
BEACON-0005592,2021-09-17,2021-09-17,NLD,Netherlands,ASF,0.702,unverified,syndromic,media;official,synthetic
BEACON-0005593,2021-09-18,2021-09-19,NLD,Netherlands,ASF,0.674,unverified,media_cluster,media,synthetic
BEACON-0005594,2021-09-18,2021-09-18,HUN,Hungary,ASF,0.719,verified,media_cluster,media,synthetic
BEACON-0005595,2021-09-15,2021-09-15,ROU,Romania,ASF,0.302,unverified,media_cluster,media,synthetic
BEACON-0005596,2021-09-13,2021-09-13,ROU,Romania,ASF,0.542,unverified,unusual_mortality,official,synthetic
BEACON-0005597,2021-09-15,2021-09-16,ROU,Romania,ASF,0.874,unverified,trade_alert,official,synthetic
BEACON-0005598,2021-09-13,2021-09-14,BGR,Bulgaria,ASF,0.807,verified,media_cluster,media,synthetic
BEACON-0005599,2021-09-13,2021-09-15,MDA,Moldova,ASF,0.793,unverified,unusual_mortality,official,synthetic
BEACON-0005600,2021-09-13,2021-09-14,TUR,Türkiye,ASF,0.189,verified,media_cluster,media;official,synthetic
BEACON-0005601,2021-09-13,2021-09-14,ISR,Israel,ASF,0.735,unverified,unusual_mortality,official,synthetic
BEACON-0005602,2021-09-14,2021-09-16,EGY,Egypt,ASF,0.485,verified,syndromic,field,synthetic
BEACON-0005603,2021-09-16,2021-09-17,MAR,Morocco,ASF,0.249,unverified,syndromic,media,synthetic
BEACON-0005604,2021-09-23,2021-09-24,DEU,Germany,ASF,0.183,unverified,syndromic,media;official,synthetic
BEACON-0005605,2021-09-22,2021-09-24,NLD,Netherlands,ASF,0.844,unverified,media_cluster,official,synthetic
BEACON-0005606,2021-09-22,2021-09-24,NLD,Netherlands,ASF,0.609,verified,syndromic,media,synthetic
BEACON-0005607,2021-09-23,2021-09-24,NLD,Netherlands,ASF,0.445,verified,syndromic,media;official,synthetic
BEACON-0005608,2021-09-20,2021-09-21,BEL,Belgium,ASF,0.673,unverified,media_cluster,media,synthetic
BEACON-0005609,2021-09-20,2021-09-22,BEL,Belgium,ASF,0.925,unverified,unusual_mortality,media,synthetic
BEACON-0005610,2021-09-23,2021-09-24,BEL,Belgium,ASF,0.88,verified,unusual_mortality,media,synthetic
BEACON-0005611,2021-09-20,2021-09-20,ESP,Spain,ASF,0.696,verified,unusual_mortality,media,synthetic
BEACON-0005612,2021-09-23,2021-09-25,ESP,Spain,ASF,0.411,unverified,media_cluster,official,synthetic
BEACON-0005613,2021-09-22,2021-09-23,POL,Poland,ASF,0.46,unverified,media_cluster,media;official,synthetic
BEACON-0005614,2021-09-21,2021-09-22,POL,Poland,ASF,0.801,verified,syndromic,media;official,synthetic
BEACON-0005615,2021-09-25,2021-09-25,POL,Poland,ASF,0.776,verified,unusual_mortality,media,synthetic
BEACON-0005616,2021-09-21,2021-09-23,POL,Poland,ASF,0.641,verified,trade_alert,media,synthetic
BEACON-0005617,2021-09-23,2021-09-25,POL,Poland,ASF,0.954,verified,media_cluster,media;official,synthetic
BEACON-0005618,2021-09-21,2021-09-23,HUN,Hungary,ASF,0.763,unverified,media_cluster,media,synthetic
BEACON-0005619,2021-09-24,2021-09-26,HUN,Hungary,ASF,0.172,verified,media_cluster,field,synthetic
BEACON-0005620,2021-09-24,2021-09-26,ROU,Romania,ASF,0.481,verified,unusual_mortality,media,synthetic
BEACON-0005621,2021-09-20,2021-09-22,ROU,Romania,ASF,0.511,verified,syndromic,media,synthetic
BEACON-0005622,2021-09-23,2021-09-25,BGR,Bulgaria,ASF,0.713,unverified,media_cluster,media;official,synthetic
BEACON-0005623,2021-09-23,2021-09-24,UKR,Ukraine,ASF,0.249,verified,unusual_mortality,media,synthetic
BEACON-0005624,2021-09-20,2021-09-21,RUS,Russian Federation,ASF,0.646,unverified,media_cluster,media;official,synthetic
BEACON-0005625,2021-09-20,2021-09-20,TUR,Türkiye,ASF,0.723,verified,syndromic,media;official,synthetic
BEACON-0005626,2021-09-24,2021-09-24,ISR,Israel,ASF,0.605,unverified,unusual_mortality,media;official,synthetic
BEACON-0005627,2021-09-25,2021-09-26,EGY,Egypt,ASF,0.355,verified,media_cluster,media;official,synthetic
BEACON-0005628,2021-09-23,2021-09-25,TUN,Tunisia,ASF,0.466,unverified,media_cluster,media,synthetic
BEACON-0005629,2021-09-21,2021-09-21,MAR,Morocco,ASF,0.365,unverified,media_cluster,media;official,synthetic
BEACON-0005630,2021-09-29,2021-09-29,FRA,France,ASF,0.464,unverified,unusual_mortality,field,synthetic
BEACON-0005631,2021-10-01,2021-10-01,DEU,Germany,ASF,0.677,unverified,media_cluster,official,synthetic
BEACON-0005632,2021-09-27,2021-09-28,DEU,Germany,ASF,0.503,verified,media_cluster,official,synthetic
BEACON-0005633,2021-09-29,2021-09-30,BEL,Belgium,ASF,0.669,verified,media_cluster,media,synthetic
BEACON-0005634,2021-09-30,2021-10-01,BEL,Belgium,ASF,0.728,verified,unusual_mortality,media;official,synthetic
BEACON-0005635,2021-09-29,2021-09-29,ITA,Italy,ASF,0.757,unverified,media_cluster,media;official,synthetic
BEACON-0005636,2021-09-28,2021-09-28,ESP,Spain,ASF,0.413,unverified,trade_alert,media,synthetic
BEACON-0005637,2021-09-28,2021-09-30,ESP,Spain,ASF,0.383,unverified,trade_alert,media,synthetic
BEACON-0005638,2021-09-30,2021-10-02,ESP,Spain,ASF,0.657,unverified,unusual_mortality,media,synthetic
BEACON-0005639,2021-10-01,2021-10-02,HUN,Hungary,ASF,0.527,verified,unusual_mortality,media;official,synthetic
BEACON-0005640,2021-09-27,2021-09-28,ROU,Romania,ASF,0.341,unverified,unusual_mortality,media,synthetic
BEACON-0005641,2021-09-29,2021-09-29,ROU,Romania,ASF,0.234,verified,unusual_mortality,official,synthetic
BEACON-0005642,2021-09-27,2021-09-29,ROU,Romania,ASF,0.436,unverified,trade_alert,media,synthetic
BEACON-0005643,2021-09-30,2021-10-01,BGR,Bulgaria,ASF,0.456,unverified,syndromic,official,synthetic
BEACON-0005644,2021-10-02,2021-10-03,SRB,Serbia,ASF,0.681,unverified,unusual_mortality,official,synthetic
BEACON-0005645,2021-09-29,2021-09-29,UKR,Ukraine,ASF,0.625,verified,trade_alert,media;official,synthetic
BEACON-0005646,2021-09-30,2021-10-02,MDA,Moldova,ASF,0.829,verified,unusual_mortality,media,synthetic
BEACON-0005647,2021-09-27,2021-09-28,MDA,Moldova,ASF,0.764,unverified,media_cluster,media,synthetic
BEACON-0005648,2021-10-02,2021-10-04,RUS,Russian Federation,ASF,0.678,verified,trade_alert,field,synthetic
BEACON-0005649,2021-09-27,2021-09-28,RUS,Russian Federation,ASF,0.7,unverified,unusual_mortality,field,synthetic
BEACON-0005650,2021-10-02,2021-10-04,GEO,Georgia,ASF,0.364,unverified,media_cluster,media,synthetic
BEACON-0005651,2021-10-02,2021-10-03,ISR,Israel,ASF,0.755,unverified,media_cluster,media,synthetic
BEACON-0005652,2021-10-02,2021-10-02,EGY,Egypt,ASF,0.45,unverified,media_cluster,media,synthetic
BEACON-0005653,2021-09-29,2021-09-29,EGY,Egypt,ASF,0.109,unverified,media_cluster,media,synthetic
BEACON-0005654,2021-09-28,2021-09-28,TUN,Tunisia,ASF,0.661,unverified,media_cluster,field,synthetic
BEACON-0005655,2021-10-01,2021-10-01,MAR,Morocco,ASF,0.426,verified,syndromic,official,synthetic
BEACON-0005656,2021-10-04,2021-10-04,DEU,Germany,ASF,1.0,unverified,unusual_mortality,media;official,synthetic
BEACON-0005657,2021-10-06,2021-10-06,DEU,Germany,ASF,0.61,verified,unusual_mortality,field,synthetic
BEACON-0005658,2021-10-06,2021-10-08,DEU,Germany,ASF,0.678,verified,unusual_mortality,media,synthetic
BEACON-0005659,2021-10-08,2021-10-08,BEL,Belgium,ASF,0.781,unverified,trade_alert,field,synthetic
BEACON-0005660,2021-10-08,2021-10-09,ITA,Italy,ASF,1.0,verified,unusual_mortality,media,synthetic
BEACON-0005661,2021-10-07,2021-10-08,POL,Poland,ASF,0.577,unverified,unusual_mortality,official,synthetic
BEACON-0005662,2021-10-09,2021-10-09,POL,Poland,ASF,0.525,verified,trade_alert,media,synthetic
BEACON-0005663,2021-10-05,2021-10-07,POL,Poland,ASF,0.66,unverified,syndromic,media;official,synthetic
BEACON-0005664,2021-10-07,2021-10-08,HUN,Hungary,ASF,0.643,unverified,media_cluster,official,synthetic
BEACON-0005665,2021-10-04,2021-10-06,ROU,Romania,ASF,0.284,unverified,unusual_mortality,media,synthetic
BEACON-0005666,2021-10-04,2021-10-05,BGR,Bulgaria,ASF,0.409,unverified,media_cluster,media,synthetic
BEACON-0005667,2021-10-06,2021-10-06,BGR,Bulgaria,ASF,0.378,verified,syndromic,media,synthetic
BEACON-0005668,2021-10-05,2021-10-05,UKR,Ukraine,ASF,0.104,unverified,media_cluster,media,synthetic
BEACON-0005669,2021-10-05,2021-10-05,MDA,Moldova,ASF,1.0,unverified,trade_alert,media,synthetic
BEACON-0005670,2021-10-04,2021-10-04,RUS,Russian Federation,ASF,0.734,unverified,unusual_mortality,media;official,synthetic
BEACON-0005671,2021-10-05,2021-10-05,RUS,Russian Federation,ASF,0.875,unverified,media_cluster,official,synthetic
BEACON-0005672,2021-10-06,2021-10-06,TUR,Türkiye,ASF,0.231,unverified,trade_alert,media,synthetic
BEACON-0005673,2021-10-07,2021-10-08,TUR,Türkiye,ASF,0.632,unverified,media_cluster,media,synthetic
BEACON-0005674,2021-10-05,2021-10-06,TUN,Tunisia,ASF,0.242,unverified,trade_alert,media,synthetic
BEACON-0005675,2021-10-04,2021-10-05,TUN,Tunisia,ASF,0.429,unverified,unusual_mortality,media,synthetic
BEACON-0005676,2021-10-06,2021-10-08,MAR,Morocco,ASF,0.325,unverified,unusual_mortality,media,synthetic
BEACON-0005677,2021-10-12,2021-10-13,FRA,France,ASF,0.515,unverified,trade_alert,media;official,synthetic
BEACON-0005678,2021-10-12,2021-10-13,FRA,France,ASF,0.756,verified,unusual_mortality,media,synthetic
BEACON-0005679,2021-10-12,2021-10-13,NLD,Netherlands,ASF,0.129,unverified,media_cluster,media;official,synthetic
BEACON-0005680,2021-10-15,2021-10-15,BEL,Belgium,ASF,0.957,verified,media_cluster,media,synthetic
BEACON-0005681,2021-10-15,2021-10-17,ESP,Spain,ASF,0.607,verified,media_cluster,media;official,synthetic
BEACON-0005682,2021-10-13,2021-10-15,ESP,Spain,ASF,0.558,verified,media_cluster,media,synthetic
BEACON-0005683,2021-10-14,2021-10-15,ROU,Romania,ASF,0.489,unverified,unusual_mortality,media;official,synthetic
BEACON-0005684,2021-10-14,2021-10-16,ROU,Romania,ASF,0.357,unverified,media_cluster,media;official,synthetic
BEACON-0005685,2021-10-16,2021-10-18,ROU,Romania,ASF,0.284,unverified,unusual_mortality,media,synthetic
BEACON-0005686,2021-10-14,2021-10-14,BGR,Bulgaria,ASF,0.666,unverified,syndromic,media,synthetic
BEACON-0005687,2021-10-14,2021-10-15,BGR,Bulgaria,ASF,0.432,unverified,media_cluster,media;official,synthetic
BEACON-0005688,2021-10-11,2021-10-13,UKR,Ukraine,ASF,0.74,unverified,trade_alert,media,synthetic
BEACON-0005689,2021-10-13,2021-10-15,UKR,Ukraine,ASF,0.534,unverified,unusual_mortality,media,synthetic
BEACON-0005690,2021-10-14,2021-10-15,MDA,Moldova,ASF,0.372,verified,unusual_mortality,media;official,synthetic
BEACON-0005691,2021-10-15,2021-10-17,TUR,Türkiye,ASF,0.175,unverified,unusual_mortality,media;official,synthetic
BEACON-0005692,2021-10-11,2021-10-11,TUR,Türkiye,ASF,0.556,verified,unusual_mortality,media,synthetic
BEACON-0005693,2021-10-11,2021-10-11,TUR,Türkiye,ASF,0.687,verified,media_cluster,media;official,synthetic
BEACON-0005694,2021-10-16,2021-10-17,GEO,Georgia,ASF,0.182,unverified,syndromic,media;official,synthetic
BEACON-0005695,2021-10-14,2021-10-16,ISR,Israel,ASF,0.846,unverified,unusual_mortality,media;official,synthetic
BEACON-0005696,2021-10-15,2021-10-17,EGY,Egypt,ASF,0.323,unverified,unusual_mortality,media;official,synthetic
BEACON-0005697,2021-10-12,2021-10-13,TUN,Tunisia,ASF,0.363,verified,unusual_mortality,media,synthetic
BEACON-0005698,2021-10-16,2021-10-17,MAR,Morocco,ASF,0.404,unverified,media_cluster,media,synthetic
BEACON-0005699,2021-10-14,2021-10-16,MAR,Morocco,ASF,0.647,unverified,syndromic,media,synthetic
BEACON-0005700,2021-10-23,2021-10-25,FRA,France,ASF,0.639,unverified,media_cluster,media,synthetic
BEACON-0005701,2021-10-21,2021-10-23,DEU,Germany,ASF,0.698,unverified,media_cluster,media;official,synthetic
BEACON-0005702,2021-10-18,2021-10-19,DEU,Germany,ASF,0.482,verified,syndromic,media,synthetic
BEACON-0005703,2021-10-23,2021-10-25,ITA,Italy,ASF,0.495,verified,trade_alert,media,synthetic
BEACON-0005704,2021-10-19,2021-10-20,ESP,Spain,ASF,0.316,unverified,media_cluster,media,synthetic
BEACON-0005705,2021-10-22,2021-10-23,POL,Poland,ASF,0.491,unverified,unusual_mortality,official,synthetic
BEACON-0005706,2021-10-23,2021-10-24,POL,Poland,ASF,0.987,unverified,media_cluster,media;official,synthetic
BEACON-0005707,2021-10-19,2021-10-21,POL,Poland,ASF,0.7,unverified,media_cluster,media;official,synthetic
BEACON-0005708,2021-10-22,2021-10-23,POL,Poland,ASF,1.0,unverified,unusual_mortality,media,synthetic
BEACON-0005709,2021-10-20,2021-10-20,HUN,Hungary,ASF,0.512,unverified,unusual_mortality,field,synthetic
BEACON-0005710,2021-10-23,2021-10-25,ROU,Romania,ASF,0.675,unverified,media_cluster,media;official,synthetic
BEACON-0005711,2021-10-21,2021-10-23,ROU,Romania,ASF,0.6,verified,trade_alert,media,synthetic
BEACON-0005712,2021-10-18,2021-10-20,BGR,Bulgaria,ASF,0.311,unverified,unusual_mortality,media,synthetic
BEACON-0005713,2021-10-18,2021-10-19,SRB,Serbia,ASF,0.63,unverified,media_cluster,media,synthetic
BEACON-0005714,2021-10-20,2021-10-21,UKR,Ukraine,ASF,0.541,unverified,unusual_mortality,media,synthetic
BEACON-0005715,2021-10-23,2021-10-24,UKR,Ukraine,ASF,0.776,verified,trade_alert,official,synthetic
BEACON-0005716,2021-10-20,2021-10-22,GEO,Georgia,ASF,0.149,unverified,syndromic,official,synthetic
BEACON-0005717,2021-10-20,2021-10-20,ISR,Israel,ASF,0.284,unverified,unusual_mortality,media;official,synthetic
BEACON-0005718,2021-10-20,2021-10-21,TUN,Tunisia,ASF,0.853,verified,unusual_mortality,media,synthetic
BEACON-0005719,2021-10-22,2021-10-22,MAR,Morocco,ASF,0.367,unverified,media_cluster,media,synthetic
BEACON-0005720,2021-10-27,2021-10-27,FRA,France,ASF,0.24,verified,unusual_mortality,media,synthetic
BEACON-0005721,2021-10-26,2021-10-26,DEU,Germany,ASF,0.599,verified,syndromic,media,synthetic
BEACON-0005722,2021-10-26,2021-10-28,NLD,Netherlands,ASF,0.814,unverified,unusual_mortality,media,synthetic
BEACON-0005723,2021-10-28,2021-10-29,NLD,Netherlands,ASF,0.358,verified,unusual_mortality,media,synthetic
BEACON-0005724,2021-10-29,2021-10-29,ITA,Italy,ASF,0.415,verified,media_cluster,media,synthetic
BEACON-0005725,2021-10-27,2021-10-27,ESP,Spain,ASF,0.576,verified,syndromic,official,synthetic
BEACON-0005726,2021-10-28,2021-10-29,POL,Poland,ASF,0.784,unverified,trade_alert,media,synthetic
BEACON-0005727,2021-10-29,2021-10-29,POL,Poland,ASF,0.628,unverified,syndromic,media;official,synthetic
BEACON-0005728,2021-10-28,2021-10-28,HUN,Hungary,ASF,0.535,unverified,syndromic,media,synthetic
BEACON-0005729,2021-10-26,2021-10-27,ROU,Romania,ASF,0.215,verified,media_cluster,media;official,synthetic
BEACON-0005730,2021-10-25,2021-10-25,ROU,Romania,ASF,0.11,unverified,media_cluster,official,synthetic
BEACON-0005731,2021-10-30,2021-11-01,MDA,Moldova,ASF,0.901,unverified,unusual_mortality,media;official,synthetic
BEACON-0005732,2021-10-28,2021-10-30,RUS,Russian Federation,ASF,0.667,verified,media_cluster,media,synthetic
BEACON-0005733,2021-10-28,2021-10-30,TUR,Türkiye,ASF,0.141,unverified,unusual_mortality,media,synthetic
BEACON-0005734,2021-10-26,2021-10-26,TUN,Tunisia,ASF,0.268,verified,unusual_mortality,official,synthetic
BEACON-0005735,2021-11-05,2021-11-06,FRA,France,ASF,0.624,verified,syndromic,media,synthetic
BEACON-0005736,2021-11-04,2021-11-06,NLD,Netherlands,ASF,0.215,unverified,trade_alert,field,synthetic
BEACON-0005737,2021-11-02,2021-11-03,BEL,Belgium,ASF,0.549,unverified,unusual_mortality,media,synthetic
BEACON-0005738,2021-11-06,2021-11-08,BEL,Belgium,ASF,0.577,verified,unusual_mortality,media,synthetic
BEACON-0005739,2021-11-06,2021-11-07,BEL,Belgium,ASF,0.464,unverified,unusual_mortality,media;official,synthetic
BEACON-0005740,2021-11-01,2021-11-01,BEL,Belgium,ASF,0.49,unverified,media_cluster,field,synthetic
BEACON-0005741,2021-11-02,2021-11-04,ITA,Italy,ASF,0.458,verified,unusual_mortality,media,synthetic
BEACON-0005742,2021-11-03,2021-11-04,ITA,Italy,ASF,0.67,unverified,unusual_mortality,media,synthetic
BEACON-0005743,2021-11-03,2021-11-03,ITA,Italy,ASF,0.73,unverified,unusual_mortality,media,synthetic
BEACON-0005744,2021-11-02,2021-11-02,ITA,Italy,ASF,0.311,unverified,trade_alert,media;official,synthetic
BEACON-0005745,2021-11-03,2021-11-04,ESP,Spain,ASF,0.356,verified,unusual_mortality,official,synthetic
BEACON-0005746,2021-11-04,2021-11-04,POL,Poland,ASF,0.18,verified,media_cluster,media,synthetic
BEACON-0005747,2021-11-03,2021-11-04,HUN,Hungary,ASF,0.679,unverified,media_cluster,media,synthetic
BEACON-0005748,2021-11-01,2021-11-03,HUN,Hungary,ASF,0.455,verified,syndromic,media;official,synthetic
BEACON-0005749,2021-11-05,2021-11-07,BGR,Bulgaria,ASF,0.616,unverified,syndromic,media,synthetic
BEACON-0005750,2021-11-05,2021-11-07,SRB,Serbia,ASF,0.673,unverified,media_cluster,media,synthetic
BEACON-0005751,2021-11-04,2021-11-05,SRB,Serbia,ASF,0.326,unverified,media_cluster,official,synthetic
BEACON-0005752,2021-11-03,2021-11-05,UKR,Ukraine,ASF,0.153,unverified,media_cluster,media;official,synthetic
BEACON-0005753,2021-11-02,2021-11-04,MDA,Moldova,ASF,0.417,unverified,unusual_mortality,media,synthetic
BEACON-0005754,2021-11-03,2021-11-05,RUS,Russian Federation,ASF,0.499,verified,unusual_mortality,official,synthetic
BEACON-0005755,2021-11-02,2021-11-02,TUR,Türkiye,ASF,0.876,unverified,syndromic,field,synthetic
BEACON-0005756,2021-11-03,2021-11-03,TUR,Türkiye,ASF,0.481,unverified,unusual_mortality,media,synthetic
BEACON-0005757,2021-11-06,2021-11-06,GEO,Georgia,ASF,0.444,unverified,media_cluster,official,synthetic
BEACON-0005758,2021-11-06,2021-11-06,ISR,Israel,ASF,0.656,unverified,unusual_mortality,media,synthetic
BEACON-0005759,2021-11-06,2021-11-08,EGY,Egypt,ASF,0.243,unverified,media_cluster,media,synthetic
BEACON-0005760,2021-11-12,2021-11-13,DEU,Germany,ASF,0.411,unverified,media_cluster,media;official,synthetic
BEACON-0005761,2021-11-13,2021-11-14,DEU,Germany,ASF,0.233,unverified,media_cluster,media,synthetic
BEACON-0005762,2021-11-13,2021-11-13,BEL,Belgium,ASF,0.359,unverified,unusual_mortality,media;official,synthetic
BEACON-0005763,2021-11-10,2021-11-11,BEL,Belgium,ASF,0.155,verified,media_cluster,official,synthetic
BEACON-0005764,2021-11-11,2021-11-12,ITA,Italy,ASF,0.569,verified,unusual_mortality,media,synthetic
BEACON-0005765,2021-11-09,2021-11-09,HUN,Hungary,ASF,0.575,verified,syndromic,field,synthetic
BEACON-0005766,2021-11-11,2021-11-12,HUN,Hungary,ASF,0.424,verified,trade_alert,field,synthetic
BEACON-0005767,2021-11-13,2021-11-14,HUN,Hungary,ASF,0.294,verified,media_cluster,media;official,synthetic
BEACON-0005768,2021-11-10,2021-11-10,BGR,Bulgaria,ASF,0.136,verified,unusual_mortality,official,synthetic
BEACON-0005769,2021-11-09,2021-11-09,UKR,Ukraine,ASF,0.313,verified,unusual_mortality,media;official,synthetic
BEACON-0005770,2021-11-09,2021-11-11,UKR,Ukraine,ASF,0.725,unverified,unusual_mortality,media,synthetic
BEACON-0005771,2021-11-10,2021-11-10,MDA,Moldova,ASF,0.228,verified,media_cluster,media,synthetic
BEACON-0005772,2021-11-13,2021-11-14,MDA,Moldova,ASF,0.231,unverified,media_cluster,media;official,synthetic
BEACON-0005773,2021-11-10,2021-11-11,TUR,Türkiye,ASF,0.203,unverified,trade_alert,media;official,synthetic
BEACON-0005774,2021-11-12,2021-11-12,TUR,Türkiye,ASF,0.695,unverified,media_cluster,media,synthetic
BEACON-0005775,2021-11-13,2021-11-13,TUN,Tunisia,ASF,0.379,unverified,syndromic,field,synthetic
BEACON-0005776,2021-11-09,2021-11-11,TUN,Tunisia,ASF,0.534,unverified,trade_alert,media;official,synthetic
BEACON-0005777,2021-11-09,2021-11-10,MAR,Morocco,ASF,0.465,verified,syndromic,media;official,synthetic
BEACON-0005778,2021-11-16,2021-11-18,FRA,France,ASF,0.406,unverified,trade_alert,media,synthetic
BEACON-0005779,2021-11-20,2021-11-22,FRA,France,ASF,0.739,verified,media_cluster,media,synthetic
BEACON-0005780,2021-11-20,2021-11-20,DEU,Germany,ASF,0.74,unverified,unusual_mortality,official,synthetic
BEACON-0005781,2021-11-20,2021-11-21,DEU,Germany,ASF,0.321,unverified,unusual_mortality,media,synthetic
BEACON-0005782,2021-11-17,2021-11-19,DEU,Germany,ASF,0.575,unverified,unusual_mortality,media,synthetic
BEACON-0005783,2021-11-16,2021-11-17,BEL,Belgium,ASF,0.637,unverified,unusual_mortality,media;official,synthetic
BEACON-0005784,2021-11-16,2021-11-16,ITA,Italy,ASF,0.385,unverified,media_cluster,media;official,synthetic
BEACON-0005785,2021-11-16,2021-11-16,ESP,Spain,ASF,0.614,verified,syndromic,media,synthetic
BEACON-0005786,2021-11-19,2021-11-21,ESP,Spain,ASF,0.572,unverified,syndromic,media,synthetic
BEACON-0005787,2021-11-19,2021-11-20,HUN,Hungary,ASF,0.65,unverified,trade_alert,media,synthetic
BEACON-0005788,2021-11-19,2021-11-20,BGR,Bulgaria,ASF,0.552,unverified,media_cluster,media;official,synthetic
BEACON-0005789,2021-11-15,2021-11-17,BGR,Bulgaria,ASF,0.629,verified,media_cluster,media;official,synthetic
BEACON-0005790,2021-11-19,2021-11-20,SRB,Serbia,ASF,0.525,verified,unusual_mortality,media;official,synthetic
BEACON-0005791,2021-11-17,2021-11-18,EGY,Egypt,ASF,0.679,unverified,syndromic,media,synthetic
BEACON-0005792,2021-11-26,2021-11-26,ITA,Italy,ASF,0.323,unverified,unusual_mortality,field,synthetic
BEACON-0005793,2021-11-23,2021-11-24,ROU,Romania,ASF,0.473,unverified,media_cluster,media,synthetic
BEACON-0005794,2021-11-25,2021-11-26,TUR,Türkiye,ASF,0.558,verified,unusual_mortality,media;official,synthetic
BEACON-0005795,2021-11-25,2021-11-27,TUR,Türkiye,ASF,0.167,unverified,media_cluster,media;official,synthetic
BEACON-0005796,2021-11-27,2021-11-29,TUR,Türkiye,ASF,0.079,verified,media_cluster,media;official,synthetic
BEACON-0005797,2021-11-24,2021-11-24,EGY,Egypt,ASF,0.411,unverified,media_cluster,media;official,synthetic
BEACON-0005798,2021-12-04,2021-12-06,DEU,Germany,ASF,0.463,verified,trade_alert,media;official,synthetic
BEACON-0005799,2021-12-04,2021-12-06,POL,Poland,ASF,0.254,unverified,media_cluster,media,synthetic
BEACON-0005800,2021-12-01,2021-12-01,POL,Poland,ASF,0.251,unverified,unusual_mortality,field,synthetic
BEACON-0005801,2021-11-30,2021-12-01,POL,Poland,ASF,0.614,unverified,syndromic,media;official,synthetic
BEACON-0005802,2021-12-02,2021-12-02,HUN,Hungary,ASF,0.745,verified,media_cluster,media;official,synthetic
BEACON-0005803,2021-12-04,2021-12-04,SRB,Serbia,ASF,0.534,unverified,unusual_mortality,media,synthetic
BEACON-0005804,2021-11-30,2021-12-01,MDA,Moldova,ASF,0.485,unverified,trade_alert,media;official,synthetic
BEACON-0005805,2021-12-01,2021-12-03,RUS,Russian Federation,ASF,0.336,unverified,unusual_mortality,media,synthetic
BEACON-0005806,2021-12-04,2021-12-06,TUR,Türkiye,ASF,0.204,unverified,media_cluster,media;official,synthetic
BEACON-0005807,2021-12-03,2021-12-05,TUR,Türkiye,ASF,0.319,unverified,trade_alert,media,synthetic
BEACON-0005808,2021-12-04,2021-12-06,ISR,Israel,ASF,0.31,verified,media_cluster,media,synthetic
BEACON-0005809,2021-12-03,2021-12-05,EGY,Egypt,ASF,0.345,unverified,syndromic,media;official,synthetic
BEACON-0005810,2021-12-11,2021-12-11,FRA,France,ASF,0.134,verified,media_cluster,official,synthetic
BEACON-0005811,2021-12-10,2021-12-10,DEU,Germany,ASF,0.433,verified,unusual_mortality,media,synthetic
BEACON-0005812,2021-12-07,2021-12-09,BEL,Belgium,ASF,0.165,unverified,unusual_mortality,official,synthetic
BEACON-0005813,2021-12-08,2021-12-08,ITA,Italy,ASF,0.348,unverified,media_cluster,media;official,synthetic
BEACON-0005814,2021-12-08,2021-12-10,ROU,Romania,ASF,0.707,unverified,unusual_mortality,media;official,synthetic
BEACON-0005815,2021-12-11,2021-12-13,ROU,Romania,ASF,0.221,unverified,media_cluster,media,synthetic
BEACON-0005816,2021-12-10,2021-12-11,ROU,Romania,ASF,0.401,verified,unusual_mortality,media,synthetic
BEACON-0005817,2021-12-10,2021-12-12,BGR,Bulgaria,ASF,0.788,unverified,syndromic,official,synthetic
BEACON-0005818,2021-12-06,2021-12-07,SRB,Serbia,ASF,0.383,unverified,unusual_mortality,media,synthetic
BEACON-0005819,2021-12-07,2021-12-08,RUS,Russian Federation,ASF,0.128,verified,trade_alert,field,synthetic
BEACON-0005820,2021-12-09,2021-12-11,GEO,Georgia,ASF,0.467,unverified,media_cluster,media,synthetic
BEACON-0005821,2021-12-11,2021-12-11,EGY,Egypt,ASF,0.458,unverified,media_cluster,media,synthetic
BEACON-0005822,2021-12-17,2021-12-18,FRA,France,ASF,0.445,unverified,media_cluster,media,synthetic
BEACON-0005823,2021-12-13,2021-12-14,NLD,Netherlands,ASF,0.46,verified,media_cluster,media,synthetic
BEACON-0005824,2021-12-13,2021-12-15,ESP,Spain,ASF,0.592,unverified,unusual_mortality,media;official,synthetic
BEACON-0005825,2021-12-18,2021-12-18,HUN,Hungary,ASF,0.47,verified,syndromic,media;official,synthetic
BEACON-0005826,2021-12-16,2021-12-17,MDA,Moldova,ASF,0.238,unverified,unusual_mortality,media;official,synthetic
BEACON-0005827,2021-12-16,2021-12-17,MDA,Moldova,ASF,0.162,unverified,media_cluster,media,synthetic
BEACON-0005828,2021-12-14,2021-12-14,RUS,Russian Federation,ASF,0.299,unverified,media_cluster,media;official,synthetic
BEACON-0005829,2021-12-17,2021-12-19,TUR,Türkiye,ASF,0.343,unverified,media_cluster,media,synthetic
BEACON-0005830,2021-12-15,2021-12-17,TUR,Türkiye,ASF,0.285,unverified,unusual_mortality,official,synthetic
BEACON-0005831,2021-12-13,2021-12-14,ISR,Israel,ASF,0.313,unverified,unusual_mortality,media,synthetic
BEACON-0005832,2021-12-16,2021-12-18,MAR,Morocco,ASF,0.501,unverified,unusual_mortality,media,synthetic
BEACON-0005833,2021-12-13,2021-12-13,MAR,Morocco,ASF,0.04,verified,media_cluster,media,synthetic
BEACON-0005834,2021-12-20,2021-12-21,FRA,France,ASF,0.476,unverified,syndromic,media;official,synthetic
BEACON-0005835,2021-12-25,2021-12-25,DEU,Germany,ASF,0.741,unverified,unusual_mortality,media;official,synthetic
BEACON-0005836,2021-12-23,2021-12-25,BEL,Belgium,ASF,0.454,unverified,syndromic,media;official,synthetic
BEACON-0005837,2021-12-20,2021-12-22,POL,Poland,ASF,0.498,unverified,media_cluster,field,synthetic
BEACON-0005838,2021-12-25,2021-12-27,HUN,Hungary,ASF,0.649,unverified,unusual_mortality,official,synthetic
BEACON-0005839,2021-12-20,2021-12-22,TUR,Türkiye,ASF,0.513,unverified,unusual_mortality,field,synthetic
BEACON-0005840,2021-12-25,2021-12-25,TUR,Türkiye,ASF,0.328,unverified,media_cluster,media,synthetic
BEACON-0005841,2021-12-22,2021-12-23,TUN,Tunisia,ASF,0.381,verified,media_cluster,media;official,synthetic
BEACON-0005842,2021-12-20,2021-12-21,TUN,Tunisia,ASF,0.261,verified,unusual_mortality,media,synthetic
BEACON-0005843,2021-12-30,2021-12-31,FRA,France,ASF,0.414,unverified,media_cluster,media,synthetic
BEACON-0005844,2021-12-27,2021-12-27,FRA,France,ASF,0.434,unverified,unusual_mortality,media,synthetic
BEACON-0005845,2021-12-31,2021-12-31,DEU,Germany,ASF,0.134,unverified,syndromic,media,synthetic
BEACON-0005846,2021-12-28,2021-12-29,ESP,Spain,ASF,0.295,unverified,media_cluster,media,synthetic
BEACON-0005847,2021-12-30,2021-12-31,POL,Poland,ASF,0.829,unverified,unusual_mortality,media,synthetic
BEACON-0005848,2021-12-31,2022-01-02,SRB,Serbia,ASF,0.453,unverified,trade_alert,media,synthetic
BEACON-0005849,2022-01-01,2022-01-01,SRB,Serbia,ASF,0.331,unverified,trade_alert,media;official,synthetic
BEACON-0005850,2022-01-01,2022-01-03,UKR,Ukraine,ASF,0.476,verified,trade_alert,media,synthetic
BEACON-0005851,2021-12-27,2021-12-28,TUR,Türkiye,ASF,0.564,unverified,media_cluster,media;official,synthetic
BEACON-0005852,2022-01-01,2022-01-03,MAR,Morocco,ASF,0.308,verified,media_cluster,media;official,synthetic
BEACON-0005853,2022-01-07,2022-01-08,ESP,Spain,ASF,0.376,verified,trade_alert,media;official,synthetic
BEACON-0005854,2022-01-07,2022-01-09,BGR,Bulgaria,ASF,0.282,unverified,media_cluster,media,synthetic
BEACON-0005855,2022-01-07,2022-01-09,UKR,Ukraine,ASF,0.889,unverified,syndromic,media,synthetic
BEACON-0005856,2022-01-07,2022-01-08,MDA,Moldova,ASF,0.536,unverified,media_cluster,media,synthetic
BEACON-0005857,2022-01-07,2022-01-08,EGY,Egypt,ASF,0.602,unverified,trade_alert,field,synthetic
BEACON-0005858,2022-01-03,2022-01-04,MAR,Morocco,ASF,0.432,verified,trade_alert,official,synthetic
BEACON-0005859,2022-01-11,2022-01-12,NLD,Netherlands,ASF,0.247,unverified,trade_alert,media,synthetic
BEACON-0005860,2022-01-12,2022-01-12,ESP,Spain,ASF,0.46,unverified,media_cluster,media;official,synthetic
BEACON-0005861,2022-01-14,2022-01-14,SRB,Serbia,ASF,0.343,verified,media_cluster,media,synthetic
BEACON-0005862,2022-01-11,2022-01-13,RUS,Russian Federation,ASF,0.258,unverified,media_cluster,media,synthetic
BEACON-0005863,2022-01-12,2022-01-12,MAR,Morocco,ASF,0.654,verified,media_cluster,media,synthetic
BEACON-0005864,2022-01-21,2022-01-22,POL,Poland,ASF,0.602,verified,unusual_mortality,media,synthetic
BEACON-0005865,2022-01-18,2022-01-18,BGR,Bulgaria,ASF,0.397,unverified,unusual_mortality,media,synthetic
BEACON-0005866,2022-01-17,2022-01-18,UKR,Ukraine,ASF,0.41,unverified,media_cluster,media,synthetic
BEACON-0005867,2022-01-21,2022-01-23,UKR,Ukraine,ASF,0.167,verified,unusual_mortality,media,synthetic
BEACON-0005868,2022-01-17,2022-01-18,RUS,Russian Federation,ASF,0.515,verified,media_cluster,media;official,synthetic
BEACON-0005869,2022-01-18,2022-01-20,ISR,Israel,ASF,0.696,unverified,media_cluster,media,synthetic
BEACON-0005870,2022-01-20,2022-01-20,MAR,Morocco,ASF,0.344,unverified,unusual_mortality,media;official,synthetic
BEACON-0005871,2022-01-29,2022-01-30,BEL,Belgium,ASF,0.35,unverified,media_cluster,official,synthetic
BEACON-0005872,2022-01-28,2022-01-28,ESP,Spain,ASF,0.173,verified,media_cluster,media,synthetic
BEACON-0005873,2022-01-24,2022-01-26,ESP,Spain,ASF,0.724,unverified,unusual_mortality,media;official,synthetic
BEACON-0005874,2022-01-25,2022-01-26,POL,Poland,ASF,0.398,unverified,syndromic,official,synthetic
BEACON-0005875,2022-01-24,2022-01-25,POL,Poland,ASF,0.368,unverified,media_cluster,media,synthetic
BEACON-0005876,2022-01-28,2022-01-29,ROU,Romania,ASF,0.132,verified,syndromic,field,synthetic
BEACON-0005877,2022-01-24,2022-01-25,ROU,Romania,ASF,0.329,unverified,syndromic,media;official,synthetic
BEACON-0005878,2022-01-29,2022-01-31,EGY,Egypt,ASF,0.17,verified,syndromic,media;official,synthetic
BEACON-0005879,2022-01-25,2022-01-25,MAR,Morocco,ASF,0.12,verified,syndromic,field,synthetic
BEACON-0005880,2022-02-03,2022-02-04,FRA,France,ASF,0.472,unverified,media_cluster,media;official,synthetic
BEACON-0005881,2022-02-05,2022-02-05,ITA,Italy,ASF,0.429,verified,unusual_mortality,media;official,synthetic
BEACON-0005882,2022-02-05,2022-02-07,POL,Poland,ASF,0.397,unverified,syndromic,field,synthetic
BEACON-0005883,2022-02-05,2022-02-07,MDA,Moldova,ASF,0.641,unverified,unusual_mortality,field,synthetic
BEACON-0005884,2022-02-02,2022-02-03,MDA,Moldova,ASF,0.523,verified,unusual_mortality,media,synthetic
BEACON-0005885,2022-02-05,2022-02-07,MDA,Moldova,ASF,0.594,verified,unusual_mortality,media;official,synthetic
BEACON-0005886,2022-02-04,2022-02-06,RUS,Russian Federation,ASF,0.029,unverified,syndromic,media,synthetic
BEACON-0005887,2022-02-03,2022-02-05,RUS,Russian Federation,ASF,0.138,verified,media_cluster,media;official,synthetic
BEACON-0005888,2022-02-05,2022-02-06,GEO,Georgia,ASF,0.528,unverified,unusual_mortality,media,synthetic
BEACON-0005889,2022-02-03,2022-02-03,GEO,Georgia,ASF,0.534,unverified,media_cluster,media,synthetic
BEACON-0005890,2022-02-04,2022-02-06,ISR,Israel,ASF,0.432,unverified,unusual_mortality,media;official,synthetic
BEACON-0005891,2022-02-03,2022-02-03,ISR,Israel,ASF,0.375,verified,media_cluster,media;official,synthetic
BEACON-0005892,2022-02-02,2022-02-03,TUN,Tunisia,ASF,0.357,unverified,unusual_mortality,media,synthetic
BEACON-0005893,2022-02-04,2022-02-04,MAR,Morocco,ASF,0.092,unverified,unusual_mortality,media;official,synthetic
BEACON-0005894,2022-02-09,2022-02-10,FRA,France,ASF,0.264,verified,unusual_mortality,media;official,synthetic
BEACON-0005895,2022-02-07,2022-02-08,ITA,Italy,ASF,0.291,verified,media_cluster,media,synthetic
BEACON-0005896,2022-02-09,2022-02-11,HUN,Hungary,ASF,0.302,verified,media_cluster,media,synthetic
BEACON-0005897,2022-02-12,2022-02-12,ROU,Romania,ASF,0.538,unverified,syndromic,media,synthetic
BEACON-0005898,2022-02-10,2022-02-11,RUS,Russian Federation,ASF,0.149,unverified,trade_alert,media,synthetic
BEACON-0005899,2022-02-10,2022-02-11,TUR,Türkiye,ASF,0.189,unverified,media_cluster,media,synthetic
BEACON-0005900,2022-02-09,2022-02-10,GEO,Georgia,ASF,0.545,unverified,unusual_mortality,media,synthetic
BEACON-0005901,2022-02-09,2022-02-11,TUN,Tunisia,ASF,0.618,unverified,syndromic,media,synthetic
BEACON-0005902,2022-02-12,2022-02-12,MAR,Morocco,ASF,0.075,verified,media_cluster,media,synthetic
BEACON-0005903,2022-02-19,2022-02-19,DEU,Germany,ASF,0.196,verified,media_cluster,media,synthetic
BEACON-0005904,2022-02-17,2022-02-19,NLD,Netherlands,ASF,0.668,unverified,media_cluster,media,synthetic
BEACON-0005905,2022-02-16,2022-02-17,NLD,Netherlands,ASF,0.355,unverified,media_cluster,official,synthetic
BEACON-0005906,2022-02-19,2022-02-19,BEL,Belgium,ASF,0.129,verified,media_cluster,media;official,synthetic
BEACON-0005907,2022-02-19,2022-02-21,HUN,Hungary,ASF,0.339,unverified,media_cluster,official,synthetic
BEACON-0005908,2022-02-16,2022-02-17,HUN,Hungary,ASF,0.271,unverified,trade_alert,official,synthetic
BEACON-0005909,2022-02-18,2022-02-20,EGY,Egypt,ASF,0.252,unverified,syndromic,official,synthetic
BEACON-0005910,2022-02-26,2022-02-26,NLD,Netherlands,ASF,0.192,unverified,unusual_mortality,field,synthetic
BEACON-0005911,2022-02-23,2022-02-23,NLD,Netherlands,ASF,0.48,unverified,syndromic,field,synthetic
BEACON-0005912,2022-02-24,2022-02-24,ITA,Italy,ASF,0.359,unverified,unusual_mortality,media,synthetic
BEACON-0005913,2022-02-22,2022-02-24,ESP,Spain,ASF,0.153,unverified,unusual_mortality,media,synthetic
BEACON-0005914,2022-02-21,2022-02-23,POL,Poland,ASF,0.559,unverified,media_cluster,media,synthetic
BEACON-0005915,2022-02-24,2022-02-26,POL,Poland,ASF,0.36,unverified,media_cluster,media,synthetic
BEACON-0005916,2022-02-23,2022-02-24,POL,Poland,ASF,0.359,unverified,unusual_mortality,media,synthetic
BEACON-0005917,2022-02-26,2022-02-28,POL,Poland,ASF,0.211,verified,media_cluster,media;official,synthetic
BEACON-0005918,2022-02-26,2022-02-28,HUN,Hungary,ASF,0.382,verified,media_cluster,media,synthetic
BEACON-0005919,2022-02-26,2022-02-28,BGR,Bulgaria,ASF,0.598,verified,media_cluster,media,synthetic
BEACON-0005920,2022-02-25,2022-02-25,BGR,Bulgaria,ASF,0.375,unverified,media_cluster,media,synthetic
BEACON-0005921,2022-02-25,2022-02-25,RUS,Russian Federation,ASF,0.527,verified,unusual_mortality,media;official,synthetic
BEACON-0005922,2022-02-26,2022-02-27,TUR,Türkiye,ASF,0.247,verified,unusual_mortality,media;official,synthetic
BEACON-0005923,2022-02-23,2022-02-24,EGY,Egypt,ASF,0.201,verified,trade_alert,official,synthetic
BEACON-0005924,2022-02-26,2022-02-28,MAR,Morocco,ASF,0.739,verified,unusual_mortality,media,synthetic
BEACON-0005925,2022-03-01,2022-03-02,DEU,Germany,ASF,0.207,unverified,syndromic,official,synthetic
BEACON-0005926,2022-03-02,2022-03-02,NLD,Netherlands,ASF,0.084,unverified,media_cluster,media;official,synthetic
BEACON-0005927,2022-03-04,2022-03-05,BEL,Belgium,ASF,0.195,unverified,unusual_mortality,media,synthetic
BEACON-0005928,2022-03-01,2022-03-02,ITA,Italy,ASF,0.571,unverified,media_cluster,media,synthetic
BEACON-0005929,2022-03-01,2022-03-03,ITA,Italy,ASF,0.185,verified,trade_alert,media;official,synthetic
BEACON-0005930,2022-03-03,2022-03-04,ROU,Romania,ASF,0.365,unverified,media_cluster,media;official,synthetic
BEACON-0005931,2022-03-04,2022-03-04,GEO,Georgia,ASF,0.573,unverified,trade_alert,field,synthetic
BEACON-0005932,2022-03-04,2022-03-05,EGY,Egypt,ASF,0.352,verified,media_cluster,media;official,synthetic
BEACON-0005933,2022-03-03,2022-03-03,EGY,Egypt,ASF,0.346,unverified,media_cluster,field,synthetic
BEACON-0005934,2022-03-03,2022-03-03,EGY,Egypt,ASF,0.414,unverified,unusual_mortality,media,synthetic
BEACON-0005935,2022-02-28,2022-03-01,EGY,Egypt,ASF,0.388,unverified,unusual_mortality,media;official,synthetic
BEACON-0005936,2022-03-01,2022-03-03,TUN,Tunisia,ASF,0.504,unverified,media_cluster,field,synthetic
BEACON-0005937,2022-03-09,2022-03-11,DEU,Germany,ASF,0.708,unverified,trade_alert,official,synthetic
BEACON-0005938,2022-03-08,2022-03-09,DEU,Germany,ASF,0.406,verified,unusual_mortality,media,synthetic
BEACON-0005939,2022-03-07,2022-03-09,NLD,Netherlands,ASF,0.125,unverified,media_cluster,official,synthetic
BEACON-0005940,2022-03-09,2022-03-11,NLD,Netherlands,ASF,0.644,unverified,media_cluster,media;official,synthetic
BEACON-0005941,2022-03-11,2022-03-11,HUN,Hungary,ASF,0.25,verified,media_cluster,official,synthetic
BEACON-0005942,2022-03-11,2022-03-12,HUN,Hungary,ASF,0.324,unverified,media_cluster,media;official,synthetic
BEACON-0005943,2022-03-12,2022-03-14,HUN,Hungary,ASF,0.359,verified,unusual_mortality,official,synthetic
BEACON-0005944,2022-03-08,2022-03-10,ROU,Romania,ASF,0.573,verified,syndromic,media;official,synthetic
BEACON-0005945,2022-03-11,2022-03-13,SRB,Serbia,ASF,0.168,unverified,unusual_mortality,media;official,synthetic
BEACON-0005946,2022-03-09,2022-03-09,RUS,Russian Federation,ASF,0.404,unverified,media_cluster,media,synthetic
BEACON-0005947,2022-03-10,2022-03-12,MAR,Morocco,ASF,0.203,verified,syndromic,media,synthetic
BEACON-0005948,2022-03-19,2022-03-20,FRA,France,ASF,0.051,verified,trade_alert,media;official,synthetic
BEACON-0005949,2022-03-16,2022-03-16,BGR,Bulgaria,ASF,0.633,unverified,media_cluster,media;official,synthetic
BEACON-0005950,2022-03-19,2022-03-20,SRB,Serbia,ASF,0.689,unverified,unusual_mortality,media;official,synthetic
BEACON-0005951,2022-03-14,2022-03-16,UKR,Ukraine,ASF,0.427,unverified,media_cluster,media;official,synthetic
BEACON-0005952,2022-03-16,2022-03-18,MDA,Moldova,ASF,0.588,verified,media_cluster,media;official,synthetic
BEACON-0005953,2022-03-17,2022-03-17,ISR,Israel,ASF,0.146,verified,media_cluster,official,synthetic
BEACON-0005954,2022-03-15,2022-03-17,EGY,Egypt,ASF,0.722,verified,trade_alert,media;official,synthetic
BEACON-0005955,2022-03-16,2022-03-16,MAR,Morocco,ASF,0.422,verified,media_cluster,media,synthetic
BEACON-0005956,2022-03-25,2022-03-25,FRA,France,ASF,0.125,unverified,media_cluster,media,synthetic
BEACON-0005957,2022-03-23,2022-03-23,BEL,Belgium,ASF,0.492,unverified,unusual_mortality,media;official,synthetic
BEACON-0005958,2022-03-22,2022-03-23,ESP,Spain,ASF,0.453,verified,syndromic,media,synthetic
BEACON-0005959,2022-03-22,2022-03-24,BGR,Bulgaria,ASF,0.738,unverified,syndromic,media;official,synthetic
BEACON-0005960,2022-03-21,2022-03-22,UKR,Ukraine,ASF,0.647,unverified,media_cluster,field,synthetic
BEACON-0005961,2022-03-22,2022-03-24,RUS,Russian Federation,ASF,0.527,verified,unusual_mortality,media,synthetic
BEACON-0005962,2022-03-21,2022-03-22,TUR,Türkiye,ASF,0.695,unverified,media_cluster,field,synthetic
BEACON-0005963,2022-03-22,2022-03-23,MAR,Morocco,ASF,0.254,unverified,unusual_mortality,official,synthetic
BEACON-0005964,2022-03-23,2022-03-24,MAR,Morocco,ASF,0.321,unverified,media_cluster,media,synthetic
BEACON-0005965,2022-03-31,2022-03-31,FRA,France,ASF,0.398,unverified,unusual_mortality,media,synthetic
BEACON-0005966,2022-03-29,2022-03-31,DEU,Germany,ASF,0.22,unverified,trade_alert,media;official,synthetic
BEACON-0005967,2022-03-31,2022-04-01,DEU,Germany,ASF,0.26,verified,media_cluster,official,synthetic
BEACON-0005968,2022-03-30,2022-03-30,BEL,Belgium,ASF,0.506,unverified,media_cluster,media,synthetic
BEACON-0005969,2022-04-01,2022-04-03,ITA,Italy,ASF,0.238,unverified,media_cluster,official,synthetic
BEACON-0005970,2022-04-01,2022-04-01,ITA,Italy,ASF,0.544,unverified,media_cluster,media,synthetic
BEACON-0005971,2022-03-28,2022-03-28,ROU,Romania,ASF,0.273,unverified,media_cluster,media,synthetic
BEACON-0005972,2022-04-02,2022-04-04,SRB,Serbia,ASF,0.136,verified,unusual_mortality,media;official,synthetic
BEACON-0005973,2022-03-31,2022-04-01,TUR,Türkiye,ASF,0.487,unverified,media_cluster,media,synthetic
BEACON-0005974,2022-04-02,2022-04-02,EGY,Egypt,ASF,0.136,unverified,unusual_mortality,media,synthetic
BEACON-0005975,2022-04-01,2022-04-02,MAR,Morocco,ASF,0.228,verified,media_cluster,media,synthetic
BEACON-0005976,2022-04-06,2022-04-08,BEL,Belgium,ASF,0.467,verified,media_cluster,media;official,synthetic
BEACON-0005977,2022-04-09,2022-04-11,BEL,Belgium,ASF,0.521,unverified,syndromic,media,synthetic
BEACON-0005978,2022-04-04,2022-04-05,HUN,Hungary,ASF,0.453,unverified,unusual_mortality,media,synthetic
BEACON-0005979,2022-04-09,2022-04-09,BGR,Bulgaria,ASF,0.503,unverified,unusual_mortality,media,synthetic
BEACON-0005980,2022-04-08,2022-04-08,MAR,Morocco,ASF,0.29,unverified,media_cluster,media,synthetic
BEACON-0005981,2022-04-11,2022-04-13,FRA,France,ASF,0.426,unverified,unusual_mortality,media,synthetic
BEACON-0005982,2022-04-11,2022-04-12,NLD,Netherlands,ASF,0.666,verified,media_cluster,media;official,synthetic
BEACON-0005983,2022-04-12,2022-04-12,NLD,Netherlands,ASF,0.621,verified,unusual_mortality,media;official,synthetic
BEACON-0005984,2022-04-12,2022-04-13,ESP,Spain,ASF,0.844,verified,media_cluster,field,synthetic
BEACON-0005985,2022-04-12,2022-04-13,ROU,Romania,ASF,0.843,unverified,media_cluster,media;official,synthetic
BEACON-0005986,2022-04-16,2022-04-17,MDA,Moldova,ASF,0.721,verified,media_cluster,media,synthetic
BEACON-0005987,2022-04-12,2022-04-14,TUR,Türkiye,ASF,0.806,unverified,syndromic,media,synthetic
BEACON-0005988,2022-04-16,2022-04-17,GEO,Georgia,ASF,0.129,unverified,unusual_mortality,media;official,synthetic
BEACON-0005989,2022-04-15,2022-04-15,ISR,Israel,ASF,0.538,verified,media_cluster,media;official,synthetic
BEACON-0005990,2022-04-14,2022-04-14,TUN,Tunisia,ASF,0.269,unverified,unusual_mortality,official,synthetic
BEACON-0005991,2022-04-18,2022-04-18,FRA,France,ASF,0.275,verified,media_cluster,media;official,synthetic
BEACON-0005992,2022-04-22,2022-04-22,DEU,Germany,ASF,0.754,verified,media_cluster,media;official,synthetic
BEACON-0005993,2022-04-22,2022-04-24,BGR,Bulgaria,ASF,0.601,unverified,media_cluster,media,synthetic
BEACON-0005994,2022-04-23,2022-04-25,BGR,Bulgaria,ASF,0.277,unverified,syndromic,media;official,synthetic
BEACON-0005995,2022-04-18,2022-04-20,MDA,Moldova,ASF,0.679,verified,syndromic,media,synthetic
BEACON-0005996,2022-04-22,2022-04-23,TUN,Tunisia,ASF,0.257,verified,unusual_mortality,media;official,synthetic
BEACON-0005997,2022-04-26,2022-04-28,BGR,Bulgaria,ASF,0.273,unverified,unusual_mortality,media;official,synthetic
BEACON-0005998,2022-04-25,2022-04-27,BGR,Bulgaria,ASF,0.254,unverified,media_cluster,media;official,synthetic
BEACON-0005999,2022-04-27,2022-04-28,TUR,Türkiye,ASF,0.093,verified,trade_alert,media;official,synthetic
BEACON-0006000,2022-04-27,2022-04-27,GEO,Georgia,ASF,0.489,unverified,media_cluster,media,synthetic
BEACON-0006001,2022-04-25,2022-04-25,EGY,Egypt,ASF,0.2,verified,media_cluster,media;official,synthetic
BEACON-0006002,2022-04-27,2022-04-28,TUN,Tunisia,ASF,0.161,verified,unusual_mortality,media;official,synthetic
BEACON-0006003,2022-05-07,2022-05-09,NLD,Netherlands,ASF,0.106,unverified,unusual_mortality,official,synthetic
BEACON-0006004,2022-05-05,2022-05-07,BEL,Belgium,ASF,0.418,verified,media_cluster,media,synthetic
BEACON-0006005,2022-05-04,2022-05-05,ROU,Romania,ASF,0.546,unverified,media_cluster,media;official,synthetic
BEACON-0006006,2022-05-06,2022-05-08,ROU,Romania,ASF,0.61,unverified,unusual_mortality,media;official,synthetic
BEACON-0006007,2022-05-02,2022-05-02,UKR,Ukraine,ASF,0.393,verified,media_cluster,field,synthetic
BEACON-0006008,2022-05-06,2022-05-07,UKR,Ukraine,ASF,0.604,verified,syndromic,official,synthetic
BEACON-0006009,2022-05-02,2022-05-04,TUR,Türkiye,ASF,0.734,verified,unusual_mortality,media,synthetic
BEACON-0006010,2022-05-04,2022-05-05,MAR,Morocco,ASF,0.814,verified,syndromic,media,synthetic
BEACON-0006011,2022-05-14,2022-05-15,ESP,Spain,ASF,0.452,unverified,media_cluster,media,synthetic
BEACON-0006012,2022-05-09,2022-05-09,POL,Poland,ASF,0.324,unverified,media_cluster,field,synthetic
BEACON-0006013,2022-05-13,2022-05-13,POL,Poland,ASF,0.501,unverified,media_cluster,official,synthetic
BEACON-0006014,2022-05-12,2022-05-14,BGR,Bulgaria,ASF,0.705,verified,media_cluster,media,synthetic
BEACON-0006015,2022-05-13,2022-05-15,EGY,Egypt,ASF,0.412,verified,unusual_mortality,media,synthetic
BEACON-0006016,2022-05-09,2022-05-09,EGY,Egypt,ASF,0.351,unverified,media_cluster,media;official,synthetic
BEACON-0006017,2022-05-09,2022-05-10,MAR,Morocco,ASF,0.455,verified,media_cluster,media,synthetic
BEACON-0006018,2022-05-16,2022-05-17,ITA,Italy,ASF,0.48,unverified,media_cluster,media;official,synthetic
BEACON-0006019,2022-05-20,2022-05-22,ITA,Italy,ASF,0.353,verified,media_cluster,official,synthetic
BEACON-0006020,2022-05-17,2022-05-19,POL,Poland,ASF,0.363,verified,syndromic,media;official,synthetic
BEACON-0006021,2022-05-18,2022-05-18,POL,Poland,ASF,0.437,unverified,trade_alert,media;official,synthetic
BEACON-0006022,2022-05-17,2022-05-18,ROU,Romania,ASF,0.557,unverified,unusual_mortality,media;official,synthetic
BEACON-0006023,2022-05-19,2022-05-20,BGR,Bulgaria,ASF,0.086,verified,media_cluster,media,synthetic
BEACON-0006024,2022-05-16,2022-05-16,SRB,Serbia,ASF,0.171,unverified,unusual_mortality,media,synthetic
BEACON-0006025,2022-05-19,2022-05-19,SRB,Serbia,ASF,0.54,unverified,unusual_mortality,media;official,synthetic
BEACON-0006026,2022-05-20,2022-05-20,UKR,Ukraine,ASF,0.371,unverified,media_cluster,media,synthetic
BEACON-0006027,2022-05-18,2022-05-19,MDA,Moldova,ASF,0.342,unverified,unusual_mortality,field,synthetic
BEACON-0006028,2022-05-20,2022-05-22,RUS,Russian Federation,ASF,0.358,unverified,unusual_mortality,media,synthetic
BEACON-0006029,2022-05-21,2022-05-21,TUR,Türkiye,ASF,0.605,unverified,media_cluster,media;official,synthetic
BEACON-0006030,2022-05-21,2022-05-23,GEO,Georgia,ASF,0.102,verified,unusual_mortality,media,synthetic
BEACON-0006031,2022-05-21,2022-05-21,GEO,Georgia,ASF,0.444,verified,unusual_mortality,media,synthetic
BEACON-0006032,2022-05-28,2022-05-30,FRA,France,ASF,0.233,unverified,trade_alert,media;official,synthetic
BEACON-0006033,2022-05-23,2022-05-24,NLD,Netherlands,ASF,0.139,unverified,unusual_mortality,media,synthetic
BEACON-0006034,2022-05-28,2022-05-28,ITA,Italy,ASF,0.396,verified,unusual_mortality,media,synthetic
BEACON-0006035,2022-05-26,2022-05-26,POL,Poland,ASF,0.601,verified,syndromic,media,synthetic
BEACON-0006036,2022-05-25,2022-05-26,BGR,Bulgaria,ASF,0.448,unverified,trade_alert,media,synthetic
BEACON-0006037,2022-05-23,2022-05-23,BGR,Bulgaria,ASF,0.371,unverified,syndromic,official,synthetic
BEACON-0006038,2022-05-25,2022-05-25,UKR,Ukraine,ASF,0.863,unverified,unusual_mortality,media;official,synthetic
BEACON-0006039,2022-05-27,2022-05-27,TUR,Türkiye,ASF,0.036,unverified,media_cluster,media,synthetic
BEACON-0006040,2022-05-26,2022-05-26,TUR,Türkiye,ASF,0.244,unverified,unusual_mortality,official,synthetic
BEACON-0006041,2022-05-24,2022-05-24,EGY,Egypt,ASF,0.448,unverified,media_cluster,media,synthetic
BEACON-0006042,2022-05-24,2022-05-25,MAR,Morocco,ASF,0.2,verified,media_cluster,official,synthetic
BEACON-0006043,2022-06-03,2022-06-05,FRA,France,ASF,0.358,verified,media_cluster,media,synthetic
BEACON-0006044,2022-06-04,2022-06-06,DEU,Germany,ASF,0.298,verified,media_cluster,media;official,synthetic
BEACON-0006045,2022-06-01,2022-06-01,ITA,Italy,ASF,0.471,unverified,media_cluster,media,synthetic
BEACON-0006046,2022-05-31,2022-06-02,SRB,Serbia,ASF,0.246,unverified,unusual_mortality,official,synthetic
BEACON-0006047,2022-05-31,2022-06-01,UKR,Ukraine,ASF,0.277,verified,syndromic,media,synthetic
BEACON-0006048,2022-06-03,2022-06-04,UKR,Ukraine,ASF,0.449,verified,media_cluster,media,synthetic
BEACON-0006049,2022-06-03,2022-06-03,GEO,Georgia,ASF,0.51,unverified,unusual_mortality,media,synthetic
BEACON-0006050,2022-06-04,2022-06-04,EGY,Egypt,ASF,0.401,unverified,unusual_mortality,media;official,synthetic
BEACON-0006051,2022-06-02,2022-06-02,MAR,Morocco,ASF,0.158,unverified,media_cluster,media,synthetic
BEACON-0006052,2022-06-10,2022-06-12,NLD,Netherlands,ASF,0.387,unverified,syndromic,media;official,synthetic
BEACON-0006053,2022-06-10,2022-06-10,ITA,Italy,ASF,0.251,unverified,syndromic,media,synthetic
BEACON-0006054,2022-06-10,2022-06-12,ITA,Italy,ASF,0.303,unverified,unusual_mortality,media;official,synthetic
BEACON-0006055,2022-06-06,2022-06-06,ITA,Italy,ASF,0.222,unverified,unusual_mortality,media;official,synthetic
BEACON-0006056,2022-06-06,2022-06-08,HUN,Hungary,ASF,0.216,verified,unusual_mortality,field,synthetic
BEACON-0006057,2022-06-10,2022-06-11,ROU,Romania,ASF,0.509,unverified,syndromic,media,synthetic
BEACON-0006058,2022-06-09,2022-06-10,ROU,Romania,ASF,0.503,unverified,unusual_mortality,media;official,synthetic
BEACON-0006059,2022-06-06,2022-06-07,EGY,Egypt,ASF,0.249,unverified,unusual_mortality,official,synthetic
BEACON-0006060,2022-06-10,2022-06-11,EGY,Egypt,ASF,0.467,unverified,trade_alert,media;official,synthetic
BEACON-0006061,2022-06-09,2022-06-11,TUN,Tunisia,ASF,0.549,unverified,unusual_mortality,media;official,synthetic
BEACON-0006062,2022-06-07,2022-06-08,TUN,Tunisia,ASF,0.645,unverified,media_cluster,media,synthetic
BEACON-0006063,2022-06-15,2022-06-15,NLD,Netherlands,ASF,0.822,verified,trade_alert,media,synthetic
BEACON-0006064,2022-06-17,2022-06-19,NLD,Netherlands,ASF,0.517,unverified,media_cluster,media,synthetic
BEACON-0006065,2022-06-16,2022-06-17,BEL,Belgium,ASF,0.217,unverified,media_cluster,field,synthetic
BEACON-0006066,2022-06-14,2022-06-15,BEL,Belgium,ASF,0.477,verified,unusual_mortality,media,synthetic
BEACON-0006067,2022-06-15,2022-06-15,BEL,Belgium,ASF,0.463,verified,unusual_mortality,official,synthetic
BEACON-0006068,2022-06-17,2022-06-18,BEL,Belgium,ASF,0.424,unverified,media_cluster,official,synthetic
BEACON-0006069,2022-06-18,2022-06-19,ITA,Italy,ASF,1.0,verified,media_cluster,media,synthetic
BEACON-0006070,2022-06-14,2022-06-16,ESP,Spain,ASF,0.405,unverified,media_cluster,field,synthetic
BEACON-0006071,2022-06-15,2022-06-17,ESP,Spain,ASF,0.12,unverified,unusual_mortality,field,synthetic
BEACON-0006072,2022-06-17,2022-06-18,POL,Poland,ASF,0.25,unverified,unusual_mortality,media,synthetic
BEACON-0006073,2022-06-15,2022-06-17,BGR,Bulgaria,ASF,0.298,verified,syndromic,media;official,synthetic
BEACON-0006074,2022-06-18,2022-06-20,SRB,Serbia,ASF,0.501,verified,unusual_mortality,media,synthetic
BEACON-0006075,2022-06-14,2022-06-16,MAR,Morocco,ASF,0.702,verified,media_cluster,media;official,synthetic
BEACON-0006076,2022-06-18,2022-06-20,MAR,Morocco,ASF,0.228,unverified,syndromic,media;official,synthetic
BEACON-0006077,2022-06-24,2022-06-26,FRA,France,ASF,0.185,verified,unusual_mortality,official,synthetic
BEACON-0006078,2022-06-21,2022-06-21,NLD,Netherlands,ASF,0.346,unverified,media_cluster,media,synthetic
BEACON-0006079,2022-06-21,2022-06-21,BEL,Belgium,ASF,0.711,unverified,unusual_mortality,official,synthetic
BEACON-0006080,2022-06-22,2022-06-22,BEL,Belgium,ASF,0.674,verified,trade_alert,media,synthetic
BEACON-0006081,2022-06-20,2022-06-21,ITA,Italy,ASF,1.0,unverified,unusual_mortality,official,synthetic
BEACON-0006082,2022-06-23,2022-06-25,BGR,Bulgaria,ASF,0.41,unverified,unusual_mortality,media;official,synthetic
BEACON-0006083,2022-06-23,2022-06-25,MDA,Moldova,ASF,0.634,verified,media_cluster,official,synthetic
BEACON-0006084,2022-06-23,2022-06-23,GEO,Georgia,ASF,0.233,unverified,media_cluster,media,synthetic
BEACON-0006085,2022-06-23,2022-06-23,GEO,Georgia,ASF,0.721,unverified,unusual_mortality,media;official,synthetic
BEACON-0006086,2022-06-24,2022-06-24,TUN,Tunisia,ASF,0.208,unverified,syndromic,media,synthetic
BEACON-0006087,2022-07-02,2022-07-03,ITA,Italy,ASF,0.5,verified,media_cluster,official,synthetic
BEACON-0006088,2022-06-27,2022-06-29,ROU,Romania,ASF,0.599,unverified,unusual_mortality,media;official,synthetic
BEACON-0006089,2022-06-29,2022-07-01,BGR,Bulgaria,ASF,0.304,unverified,media_cluster,field,synthetic
BEACON-0006090,2022-06-27,2022-06-29,MDA,Moldova,ASF,0.619,unverified,media_cluster,field,synthetic
BEACON-0006091,2022-06-29,2022-07-01,MDA,Moldova,ASF,0.387,unverified,syndromic,media,synthetic
BEACON-0006092,2022-07-02,2022-07-04,RUS,Russian Federation,ASF,0.51,unverified,media_cluster,media,synthetic
BEACON-0006093,2022-06-28,2022-06-28,RUS,Russian Federation,ASF,0.756,unverified,unusual_mortality,official,synthetic
BEACON-0006094,2022-06-30,2022-07-02,TUR,Türkiye,ASF,0.438,verified,unusual_mortality,media,synthetic
BEACON-0006095,2022-07-02,2022-07-03,TUR,Türkiye,ASF,0.248,verified,media_cluster,media,synthetic
BEACON-0006096,2022-07-01,2022-07-03,TUR,Türkiye,ASF,0.484,unverified,unusual_mortality,media,synthetic
BEACON-0006097,2022-07-01,2022-07-03,GEO,Georgia,ASF,0.14,unverified,unusual_mortality,media,synthetic
BEACON-0006098,2022-06-28,2022-06-30,GEO,Georgia,ASF,0.422,unverified,syndromic,media;official,synthetic
BEACON-0006099,2022-06-30,2022-06-30,EGY,Egypt,ASF,0.487,unverified,unusual_mortality,media,synthetic
BEACON-0006100,2022-07-09,2022-07-11,DEU,Germany,ASF,0.898,unverified,syndromic,media;official,synthetic
BEACON-0006101,2022-07-07,2022-07-08,BEL,Belgium,ASF,0.363,unverified,unusual_mortality,media;official,synthetic
BEACON-0006102,2022-07-04,2022-07-04,ESP,Spain,ASF,0.234,unverified,unusual_mortality,media,synthetic
BEACON-0006103,2022-07-09,2022-07-09,HUN,Hungary,ASF,0.248,unverified,syndromic,media,synthetic
BEACON-0006104,2022-07-09,2022-07-10,SRB,Serbia,ASF,0.791,verified,media_cluster,media,synthetic
BEACON-0006105,2022-07-05,2022-07-06,UKR,Ukraine,ASF,0.666,verified,unusual_mortality,media,synthetic
BEACON-0006106,2022-07-06,2022-07-07,MDA,Moldova,ASF,0.502,verified,syndromic,media;official,synthetic
BEACON-0006107,2022-07-05,2022-07-07,MDA,Moldova,ASF,0.381,unverified,unusual_mortality,media;official,synthetic
BEACON-0006108,2022-07-06,2022-07-07,MDA,Moldova,ASF,0.893,verified,unusual_mortality,media,synthetic
BEACON-0006109,2022-07-09,2022-07-11,RUS,Russian Federation,ASF,0.447,verified,syndromic,media;official,synthetic
BEACON-0006110,2022-07-06,2022-07-07,RUS,Russian Federation,ASF,0.65,unverified,media_cluster,media,synthetic
BEACON-0006111,2022-07-09,2022-07-09,RUS,Russian Federation,ASF,0.967,unverified,unusual_mortality,media,synthetic
BEACON-0006112,2022-07-08,2022-07-10,TUR,Türkiye,ASF,0.495,unverified,media_cluster,field,synthetic
BEACON-0006113,2022-07-05,2022-07-07,TUR,Türkiye,ASF,0.268,unverified,unusual_mortality,media,synthetic
BEACON-0006114,2022-07-15,2022-07-16,DEU,Germany,ASF,0.257,unverified,unusual_mortality,official,synthetic
BEACON-0006115,2022-07-12,2022-07-14,BEL,Belgium,ASF,0.211,verified,unusual_mortality,official,synthetic
BEACON-0006116,2022-07-12,2022-07-13,BEL,Belgium,ASF,0.031,unverified,media_cluster,field,synthetic
BEACON-0006117,2022-07-15,2022-07-15,ESP,Spain,ASF,0.233,verified,unusual_mortality,field,synthetic
BEACON-0006118,2022-07-14,2022-07-16,POL,Poland,ASF,0.471,unverified,unusual_mortality,official,synthetic
BEACON-0006119,2022-07-13,2022-07-14,POL,Poland,ASF,0.845,unverified,trade_alert,media,synthetic
BEACON-0006120,2022-07-13,2022-07-13,POL,Poland,ASF,0.195,verified,unusual_mortality,media,synthetic
BEACON-0006121,2022-07-16,2022-07-18,ROU,Romania,ASF,0.811,unverified,unusual_mortality,media,synthetic
BEACON-0006122,2022-07-14,2022-07-14,ROU,Romania,ASF,0.578,unverified,trade_alert,field,synthetic
BEACON-0006123,2022-07-12,2022-07-13,ROU,Romania,ASF,0.537,verified,unusual_mortality,media,synthetic
BEACON-0006124,2022-07-12,2022-07-13,BGR,Bulgaria,ASF,0.772,unverified,media_cluster,media,synthetic
BEACON-0006125,2022-07-12,2022-07-13,BGR,Bulgaria,ASF,0.411,verified,media_cluster,media,synthetic
BEACON-0006126,2022-07-16,2022-07-17,UKR,Ukraine,ASF,0.798,unverified,trade_alert,official,synthetic
BEACON-0006127,2022-07-16,2022-07-18,UKR,Ukraine,ASF,0.895,unverified,media_cluster,field,synthetic
BEACON-0006128,2022-07-13,2022-07-13,MDA,Moldova,ASF,0.627,verified,unusual_mortality,media,synthetic
BEACON-0006129,2022-07-11,2022-07-11,RUS,Russian Federation,ASF,0.864,unverified,unusual_mortality,media,synthetic
BEACON-0006130,2022-07-15,2022-07-15,RUS,Russian Federation,ASF,0.845,verified,media_cluster,media;official,synthetic
BEACON-0006131,2022-07-16,2022-07-18,RUS,Russian Federation,ASF,0.928,verified,syndromic,official,synthetic
BEACON-0006132,2022-07-13,2022-07-13,TUR,Türkiye,ASF,0.27,verified,syndromic,media,synthetic
BEACON-0006133,2022-07-13,2022-07-13,GEO,Georgia,ASF,1.0,unverified,unusual_mortality,media,synthetic
BEACON-0006134,2022-07-15,2022-07-17,EGY,Egypt,ASF,0.586,unverified,media_cluster,media,synthetic
BEACON-0006135,2022-07-19,2022-07-20,FRA,France,ASF,0.858,verified,media_cluster,media;official,synthetic
BEACON-0006136,2022-07-18,2022-07-18,FRA,France,ASF,0.648,verified,trade_alert,media,synthetic
BEACON-0006137,2022-07-19,2022-07-21,DEU,Germany,ASF,0.59,unverified,syndromic,media,synthetic
BEACON-0006138,2022-07-19,2022-07-21,DEU,Germany,ASF,0.63,unverified,media_cluster,media;official,synthetic
BEACON-0006139,2022-07-19,2022-07-21,NLD,Netherlands,ASF,0.252,verified,media_cluster,media,synthetic
BEACON-0006140,2022-07-18,2022-07-18,NLD,Netherlands,ASF,0.34,unverified,media_cluster,media,synthetic
BEACON-0006141,2022-07-18,2022-07-18,BEL,Belgium,ASF,0.378,verified,unusual_mortality,official,synthetic
BEACON-0006142,2022-07-18,2022-07-20,ESP,Spain,ASF,0.617,unverified,media_cluster,media,synthetic
BEACON-0006143,2022-07-19,2022-07-19,POL,Poland,ASF,0.613,unverified,media_cluster,media,synthetic
BEACON-0006144,2022-07-19,2022-07-20,HUN,Hungary,ASF,0.549,unverified,trade_alert,field,synthetic
BEACON-0006145,2022-07-22,2022-07-22,HUN,Hungary,ASF,0.465,unverified,media_cluster,field,synthetic
BEACON-0006146,2022-07-23,2022-07-23,ROU,Romania,ASF,0.833,unverified,media_cluster,media,synthetic
BEACON-0006147,2022-07-19,2022-07-20,ROU,Romania,ASF,0.89,unverified,trade_alert,media,synthetic
BEACON-0006148,2022-07-21,2022-07-23,BGR,Bulgaria,ASF,0.654,unverified,unusual_mortality,official,synthetic
BEACON-0006149,2022-07-21,2022-07-21,BGR,Bulgaria,ASF,0.901,verified,media_cluster,media,synthetic
BEACON-0006150,2022-07-20,2022-07-21,SRB,Serbia,ASF,0.425,unverified,media_cluster,media;official,synthetic
BEACON-0006151,2022-07-23,2022-07-25,UKR,Ukraine,ASF,0.559,unverified,trade_alert,media;official,synthetic
BEACON-0006152,2022-07-21,2022-07-22,UKR,Ukraine,ASF,0.779,verified,syndromic,field,synthetic
BEACON-0006153,2022-07-20,2022-07-21,UKR,Ukraine,ASF,0.664,verified,unusual_mortality,media,synthetic
BEACON-0006154,2022-07-21,2022-07-21,UKR,Ukraine,ASF,0.641,verified,media_cluster,media,synthetic
BEACON-0006155,2022-07-20,2022-07-20,MDA,Moldova,ASF,0.843,verified,unusual_mortality,media;official,synthetic
BEACON-0006156,2022-07-18,2022-07-19,RUS,Russian Federation,ASF,0.681,unverified,unusual_mortality,media;official,synthetic
BEACON-0006157,2022-07-23,2022-07-24,RUS,Russian Federation,ASF,0.572,verified,unusual_mortality,media,synthetic
BEACON-0006158,2022-07-21,2022-07-23,RUS,Russian Federation,ASF,0.793,verified,media_cluster,media,synthetic
BEACON-0006159,2022-07-20,2022-07-20,RUS,Russian Federation,ASF,0.445,unverified,unusual_mortality,official,synthetic
BEACON-0006160,2022-07-22,2022-07-22,MAR,Morocco,ASF,0.213,unverified,unusual_mortality,media,synthetic
BEACON-0006161,2022-07-25,2022-07-26,FRA,France,ASF,0.663,unverified,unusual_mortality,media,synthetic
BEACON-0006162,2022-07-25,2022-07-26,NLD,Netherlands,ASF,0.325,unverified,media_cluster,media,synthetic
BEACON-0006163,2022-07-28,2022-07-28,NLD,Netherlands,ASF,0.343,unverified,media_cluster,media;official,synthetic
BEACON-0006164,2022-07-29,2022-07-31,NLD,Netherlands,ASF,0.561,unverified,trade_alert,media,synthetic
BEACON-0006165,2022-07-25,2022-07-25,ITA,Italy,ASF,0.675,verified,media_cluster,media,synthetic
BEACON-0006166,2022-07-27,2022-07-29,POL,Poland,ASF,0.451,unverified,unusual_mortality,media,synthetic
BEACON-0006167,2022-07-27,2022-07-29,POL,Poland,ASF,0.42,verified,unusual_mortality,media,synthetic
BEACON-0006168,2022-07-28,2022-07-29,HUN,Hungary,ASF,1.0,verified,media_cluster,media;official,synthetic
BEACON-0006169,2022-07-29,2022-07-29,ROU,Romania,ASF,0.707,unverified,syndromic,official,synthetic
BEACON-0006170,2022-07-26,2022-07-26,ROU,Romania,ASF,0.797,verified,media_cluster,field,synthetic
BEACON-0006171,2022-07-28,2022-07-30,ROU,Romania,ASF,1.0,unverified,media_cluster,media,synthetic
BEACON-0006172,2022-07-30,2022-07-31,ROU,Romania,ASF,1.0,unverified,trade_alert,media,synthetic
BEACON-0006173,2022-07-26,2022-07-28,ROU,Romania,ASF,0.97,verified,media_cluster,media,synthetic
BEACON-0006174,2022-07-28,2022-07-28,BGR,Bulgaria,ASF,0.359,unverified,unusual_mortality,media;official,synthetic
BEACON-0006175,2022-07-25,2022-07-27,BGR,Bulgaria,ASF,0.47,verified,unusual_mortality,media,synthetic
BEACON-0006176,2022-07-28,2022-07-30,BGR,Bulgaria,ASF,0.595,verified,unusual_mortality,media,synthetic
BEACON-0006177,2022-07-27,2022-07-29,BGR,Bulgaria,ASF,0.88,unverified,media_cluster,media,synthetic
BEACON-0006178,2022-07-28,2022-07-30,SRB,Serbia,ASF,0.676,verified,unusual_mortality,media,synthetic
BEACON-0006179,2022-07-27,2022-07-28,SRB,Serbia,ASF,0.717,verified,syndromic,media;official,synthetic
BEACON-0006180,2022-07-30,2022-07-30,SRB,Serbia,ASF,1.0,verified,media_cluster,media,synthetic
BEACON-0006181,2022-07-26,2022-07-28,UKR,Ukraine,ASF,0.889,unverified,media_cluster,field,synthetic
BEACON-0006182,2022-07-30,2022-08-01,MDA,Moldova,ASF,1.0,verified,media_cluster,media,synthetic
BEACON-0006183,2022-07-30,2022-07-30,MDA,Moldova,ASF,1.0,unverified,unusual_mortality,media;official,synthetic
BEACON-0006184,2022-07-27,2022-07-29,MDA,Moldova,ASF,0.644,unverified,media_cluster,media,synthetic
BEACON-0006185,2022-07-25,2022-07-26,MDA,Moldova,ASF,0.819,verified,media_cluster,media,synthetic
BEACON-0006186,2022-07-27,2022-07-28,GEO,Georgia,ASF,0.493,unverified,media_cluster,media,synthetic
BEACON-0006187,2022-07-28,2022-07-29,GEO,Georgia,ASF,0.636,unverified,media_cluster,media,synthetic
BEACON-0006188,2022-07-30,2022-07-31,EGY,Egypt,ASF,0.159,unverified,media_cluster,media;official,synthetic
BEACON-0006189,2022-07-28,2022-07-28,MAR,Morocco,ASF,0.424,unverified,media_cluster,media,synthetic
BEACON-0006190,2022-07-29,2022-07-31,MAR,Morocco,ASF,0.598,unverified,syndromic,official,synthetic
BEACON-0006191,2022-07-29,2022-07-30,MAR,Morocco,ASF,0.571,verified,media_cluster,media,synthetic
BEACON-0006192,2022-08-02,2022-08-02,DEU,Germany,ASF,0.303,verified,unusual_mortality,media;official,synthetic
BEACON-0006193,2022-08-06,2022-08-06,NLD,Netherlands,ASF,0.269,unverified,unusual_mortality,media,synthetic
BEACON-0006194,2022-08-06,2022-08-06,BEL,Belgium,ASF,0.486,unverified,unusual_mortality,field,synthetic
BEACON-0006195,2022-08-04,2022-08-05,ITA,Italy,ASF,0.401,unverified,media_cluster,media,synthetic
BEACON-0006196,2022-08-01,2022-08-01,ITA,Italy,ASF,0.83,verified,media_cluster,official,synthetic
BEACON-0006197,2022-08-03,2022-08-03,POL,Poland,ASF,0.978,unverified,media_cluster,media,synthetic
BEACON-0006198,2022-08-01,2022-08-02,POL,Poland,ASF,1.0,unverified,unusual_mortality,field,synthetic
BEACON-0006199,2022-08-02,2022-08-03,POL,Poland,ASF,1.0,unverified,media_cluster,media,synthetic
BEACON-0006200,2022-08-01,2022-08-02,ROU,Romania,ASF,0.845,verified,syndromic,media;official,synthetic
BEACON-0006201,2022-08-04,2022-08-04,ROU,Romania,ASF,1.0,unverified,unusual_mortality,media,synthetic
BEACON-0006202,2022-08-01,2022-08-03,ROU,Romania,ASF,0.963,unverified,syndromic,official,synthetic
BEACON-0006203,2022-08-03,2022-08-05,ROU,Romania,ASF,0.672,verified,syndromic,media;official,synthetic
BEACON-0006204,2022-08-05,2022-08-07,ROU,Romania,ASF,1.0,unverified,unusual_mortality,media;official,synthetic
BEACON-0006205,2022-08-04,2022-08-05,SRB,Serbia,ASF,0.606,verified,trade_alert,media,synthetic
BEACON-0006206,2022-08-06,2022-08-06,UKR,Ukraine,ASF,1.0,unverified,syndromic,media;official,synthetic
BEACON-0006207,2022-08-02,2022-08-04,UKR,Ukraine,ASF,0.944,unverified,trade_alert,media,synthetic
BEACON-0006208,2022-08-04,2022-08-06,UKR,Ukraine,ASF,0.955,unverified,unusual_mortality,media,synthetic
BEACON-0006209,2022-08-06,2022-08-06,UKR,Ukraine,ASF,0.794,unverified,media_cluster,media;official,synthetic
BEACON-0006210,2022-08-05,2022-08-06,UKR,Ukraine,ASF,0.775,verified,unusual_mortality,media,synthetic
BEACON-0006211,2022-08-05,2022-08-05,MDA,Moldova,ASF,0.512,unverified,unusual_mortality,media,synthetic
BEACON-0006212,2022-08-04,2022-08-05,RUS,Russian Federation,ASF,0.408,verified,syndromic,media,synthetic
BEACON-0006213,2022-08-05,2022-08-07,RUS,Russian Federation,ASF,0.407,unverified,unusual_mortality,media,synthetic
BEACON-0006214,2022-08-03,2022-08-05,TUR,Türkiye,ASF,0.329,unverified,media_cluster,media;official,synthetic
BEACON-0006215,2022-08-06,2022-08-07,GEO,Georgia,ASF,0.447,unverified,unusual_mortality,media;official,synthetic
BEACON-0006216,2022-08-02,2022-08-03,GEO,Georgia,ASF,0.407,unverified,syndromic,media,synthetic
BEACON-0006217,2022-08-03,2022-08-04,ISR,Israel,ASF,0.373,unverified,media_cluster,media,synthetic
BEACON-0006218,2022-08-06,2022-08-07,ISR,Israel,ASF,0.397,unverified,media_cluster,field,synthetic
BEACON-0006219,2022-08-04,2022-08-04,ISR,Israel,ASF,0.626,unverified,syndromic,media;official,synthetic
BEACON-0006220,2022-08-06,2022-08-06,ISR,Israel,ASF,0.311,unverified,media_cluster,media;official,synthetic
BEACON-0006221,2022-08-05,2022-08-06,EGY,Egypt,ASF,0.336,unverified,media_cluster,media;official,synthetic
BEACON-0006222,2022-08-06,2022-08-06,TUN,Tunisia,ASF,0.592,verified,unusual_mortality,field,synthetic
BEACON-0006223,2022-08-10,2022-08-11,FRA,France,ASF,0.121,verified,unusual_mortality,field,synthetic
BEACON-0006224,2022-08-12,2022-08-13,FRA,France,ASF,0.343,verified,media_cluster,media,synthetic
BEACON-0006225,2022-08-12,2022-08-14,FRA,France,ASF,0.511,unverified,unusual_mortality,media,synthetic
BEACON-0006226,2022-08-12,2022-08-14,DEU,Germany,ASF,0.488,verified,unusual_mortality,media,synthetic
BEACON-0006227,2022-08-13,2022-08-13,NLD,Netherlands,ASF,0.455,verified,unusual_mortality,media;official,synthetic
BEACON-0006228,2022-08-13,2022-08-13,ESP,Spain,ASF,0.609,unverified,media_cluster,media,synthetic
BEACON-0006229,2022-08-13,2022-08-13,POL,Poland,ASF,0.847,unverified,media_cluster,media,synthetic
BEACON-0006230,2022-08-13,2022-08-15,POL,Poland,ASF,0.714,unverified,media_cluster,official,synthetic
BEACON-0006231,2022-08-12,2022-08-12,HUN,Hungary,ASF,0.839,unverified,syndromic,media;official,synthetic
BEACON-0006232,2022-08-09,2022-08-11,ROU,Romania,ASF,0.813,verified,unusual_mortality,field,synthetic
BEACON-0006233,2022-08-10,2022-08-11,ROU,Romania,ASF,1.0,verified,unusual_mortality,media,synthetic
BEACON-0006234,2022-08-12,2022-08-12,ROU,Romania,ASF,1.0,unverified,media_cluster,media,synthetic
BEACON-0006235,2022-08-09,2022-08-11,BGR,Bulgaria,ASF,0.534,unverified,unusual_mortality,media,synthetic
BEACON-0006236,2022-08-12,2022-08-12,BGR,Bulgaria,ASF,0.503,verified,syndromic,media,synthetic
BEACON-0006237,2022-08-08,2022-08-09,BGR,Bulgaria,ASF,0.43,unverified,unusual_mortality,official,synthetic
BEACON-0006238,2022-08-10,2022-08-12,BGR,Bulgaria,ASF,0.945,verified,media_cluster,media,synthetic
BEACON-0006239,2022-08-09,2022-08-10,SRB,Serbia,ASF,0.889,verified,media_cluster,media;official,synthetic
BEACON-0006240,2022-08-10,2022-08-10,SRB,Serbia,ASF,0.864,unverified,media_cluster,official,synthetic
BEACON-0006241,2022-08-08,2022-08-09,SRB,Serbia,ASF,0.74,unverified,media_cluster,media,synthetic
BEACON-0006242,2022-08-10,2022-08-12,SRB,Serbia,ASF,0.613,unverified,syndromic,media;official,synthetic
BEACON-0006243,2022-08-10,2022-08-11,SRB,Serbia,ASF,1.0,unverified,media_cluster,media,synthetic
BEACON-0006244,2022-08-09,2022-08-09,UKR,Ukraine,ASF,0.652,unverified,unusual_mortality,media,synthetic
BEACON-0006245,2022-08-13,2022-08-15,UKR,Ukraine,ASF,0.628,unverified,media_cluster,media,synthetic
BEACON-0006246,2022-08-13,2022-08-15,MDA,Moldova,ASF,1.0,verified,media_cluster,media,synthetic
BEACON-0006247,2022-08-10,2022-08-12,RUS,Russian Federation,ASF,0.82,unverified,unusual_mortality,official,synthetic
BEACON-0006248,2022-08-12,2022-08-13,TUR,Türkiye,ASF,0.236,verified,unusual_mortality,media,synthetic
BEACON-0006249,2022-08-09,2022-08-09,TUR,Türkiye,ASF,0.405,unverified,media_cluster,media,synthetic
BEACON-0006250,2022-08-09,2022-08-09,TUR,Türkiye,ASF,0.324,unverified,unusual_mortality,media,synthetic
BEACON-0006251,2022-08-13,2022-08-15,ISR,Israel,ASF,0.348,verified,unusual_mortality,media;official,synthetic
BEACON-0006252,2022-08-13,2022-08-13,ISR,Israel,ASF,0.516,verified,media_cluster,media,synthetic
BEACON-0006253,2022-08-08,2022-08-09,ISR,Israel,ASF,0.56,unverified,media_cluster,media;official,synthetic
BEACON-0006254,2022-08-13,2022-08-15,MAR,Morocco,ASF,0.313,unverified,unusual_mortality,media,synthetic
BEACON-0006255,2022-08-16,2022-08-18,FRA,France,ASF,0.671,unverified,media_cluster,field,synthetic
BEACON-0006256,2022-08-20,2022-08-21,DEU,Germany,ASF,0.91,verified,unusual_mortality,media,synthetic
BEACON-0006257,2022-08-20,2022-08-22,BEL,Belgium,ASF,0.834,unverified,media_cluster,media,synthetic
BEACON-0006258,2022-08-20,2022-08-22,ITA,Italy,ASF,0.554,unverified,unusual_mortality,media;official,synthetic
BEACON-0006259,2022-08-16,2022-08-16,ITA,Italy,ASF,0.51,unverified,syndromic,media;official,synthetic
BEACON-0006260,2022-08-19,2022-08-19,ITA,Italy,ASF,0.459,unverified,unusual_mortality,official,synthetic
BEACON-0006261,2022-08-15,2022-08-15,ESP,Spain,ASF,0.666,verified,unusual_mortality,media;official,synthetic
BEACON-0006262,2022-08-16,2022-08-18,POL,Poland,ASF,1.0,unverified,unusual_mortality,media,synthetic
BEACON-0006263,2022-08-17,2022-08-19,POL,Poland,ASF,0.845,unverified,trade_alert,official,synthetic
BEACON-0006264,2022-08-18,2022-08-18,POL,Poland,ASF,1.0,verified,unusual_mortality,media;official,synthetic
BEACON-0006265,2022-08-20,2022-08-20,HUN,Hungary,ASF,0.685,unverified,trade_alert,media,synthetic
BEACON-0006266,2022-08-16,2022-08-16,HUN,Hungary,ASF,1.0,unverified,syndromic,media,synthetic
BEACON-0006267,2022-08-18,2022-08-18,HUN,Hungary,ASF,1.0,verified,media_cluster,media,synthetic
BEACON-0006268,2022-08-16,2022-08-18,HUN,Hungary,ASF,1.0,unverified,unusual_mortality,media,synthetic
BEACON-0006269,2022-08-15,2022-08-17,HUN,Hungary,ASF,1.0,unverified,syndromic,field,synthetic
BEACON-0006270,2022-08-20,2022-08-21,HUN,Hungary,ASF,0.994,unverified,unusual_mortality,media;official,synthetic
BEACON-0006271,2022-08-19,2022-08-19,ROU,Romania,ASF,0.891,unverified,syndromic,media,synthetic
BEACON-0006272,2022-08-17,2022-08-17,ROU,Romania,ASF,0.985,unverified,trade_alert,media;official,synthetic
BEACON-0006273,2022-08-17,2022-08-19,ROU,Romania,ASF,0.96,verified,media_cluster,media,synthetic
BEACON-0006274,2022-08-19,2022-08-21,ROU,Romania,ASF,0.945,unverified,media_cluster,field,synthetic
BEACON-0006275,2022-08-20,2022-08-21,ROU,Romania,ASF,1.0,verified,trade_alert,media,synthetic
BEACON-0006276,2022-08-17,2022-08-17,BGR,Bulgaria,ASF,0.411,unverified,unusual_mortality,media;official,synthetic
BEACON-0006277,2022-08-15,2022-08-15,BGR,Bulgaria,ASF,0.883,unverified,unusual_mortality,media,synthetic
BEACON-0006278,2022-08-17,2022-08-18,SRB,Serbia,ASF,1.0,unverified,media_cluster,media;official,synthetic
BEACON-0006279,2022-08-17,2022-08-19,SRB,Serbia,ASF,1.0,verified,unusual_mortality,media,synthetic
BEACON-0006280,2022-08-17,2022-08-18,SRB,Serbia,ASF,0.865,verified,media_cluster,media,synthetic
BEACON-0006281,2022-08-17,2022-08-19,SRB,Serbia,ASF,0.937,unverified,unusual_mortality,media;official,synthetic
BEACON-0006282,2022-08-20,2022-08-21,SRB,Serbia,ASF,1.0,unverified,trade_alert,media,synthetic
BEACON-0006283,2022-08-15,2022-08-16,UKR,Ukraine,ASF,0.4,unverified,media_cluster,media,synthetic
BEACON-0006284,2022-08-18,2022-08-19,UKR,Ukraine,ASF,0.642,unverified,trade_alert,media;official,synthetic
BEACON-0006285,2022-08-20,2022-08-22,MDA,Moldova,ASF,0.39,verified,syndromic,field,synthetic
BEACON-0006286,2022-08-17,2022-08-19,MDA,Moldova,ASF,0.733,unverified,media_cluster,official,synthetic
BEACON-0006287,2022-08-16,2022-08-16,MDA,Moldova,ASF,0.682,verified,unusual_mortality,media,synthetic
BEACON-0006288,2022-08-17,2022-08-18,MDA,Moldova,ASF,0.79,unverified,unusual_mortality,media,synthetic
BEACON-0006289,2022-08-20,2022-08-21,RUS,Russian Federation,ASF,0.592,verified,unusual_mortality,official,synthetic
BEACON-0006290,2022-08-19,2022-08-20,RUS,Russian Federation,ASF,0.901,unverified,media_cluster,media,synthetic
BEACON-0006291,2022-08-19,2022-08-19,RUS,Russian Federation,ASF,0.878,unverified,media_cluster,media;official,synthetic
BEACON-0006292,2022-08-18,2022-08-20,TUR,Türkiye,ASF,0.316,unverified,media_cluster,media;official,synthetic
BEACON-0006293,2022-08-16,2022-08-16,TUR,Türkiye,ASF,0.56,verified,syndromic,media,synthetic
BEACON-0006294,2022-08-20,2022-08-21,GEO,Georgia,ASF,0.404,verified,unusual_mortality,media;official,synthetic
BEACON-0006295,2022-08-20,2022-08-20,EGY,Egypt,ASF,0.779,unverified,media_cluster,media;official,synthetic
BEACON-0006296,2022-08-16,2022-08-18,TUN,Tunisia,ASF,0.335,unverified,trade_alert,field,synthetic
BEACON-0006297,2022-08-24,2022-08-24,FRA,France,ASF,0.67,verified,unusual_mortality,field,synthetic
BEACON-0006298,2022-08-25,2022-08-27,FRA,France,ASF,0.805,verified,syndromic,media,synthetic
BEACON-0006299,2022-08-22,2022-08-24,FRA,France,ASF,0.541,unverified,unusual_mortality,media,synthetic
BEACON-0006300,2022-08-25,2022-08-25,DEU,Germany,ASF,0.614,unverified,unusual_mortality,media,synthetic
BEACON-0006301,2022-08-24,2022-08-24,DEU,Germany,ASF,0.521,verified,unusual_mortality,media,synthetic
BEACON-0006302,2022-08-25,2022-08-26,NLD,Netherlands,ASF,0.802,verified,media_cluster,media,synthetic
BEACON-0006303,2022-08-26,2022-08-27,NLD,Netherlands,ASF,0.707,unverified,syndromic,media;official,synthetic
BEACON-0006304,2022-08-25,2022-08-25,NLD,Netherlands,ASF,1.0,verified,syndromic,media;official,synthetic
BEACON-0006305,2022-08-22,2022-08-23,ITA,Italy,ASF,0.442,verified,unusual_mortality,media;official,synthetic
BEACON-0006306,2022-08-24,2022-08-24,ITA,Italy,ASF,0.817,verified,unusual_mortality,media;official,synthetic
BEACON-0006307,2022-08-25,2022-08-26,ESP,Spain,ASF,0.69,verified,unusual_mortality,media;official,synthetic
BEACON-0006308,2022-08-23,2022-08-24,ESP,Spain,ASF,0.347,unverified,media_cluster,media;official,synthetic
BEACON-0006309,2022-08-22,2022-08-23,ESP,Spain,ASF,0.327,unverified,unusual_mortality,media;official,synthetic
BEACON-0006310,2022-08-22,2022-08-23,POL,Poland,ASF,0.72,verified,unusual_mortality,media,synthetic
BEACON-0006311,2022-08-23,2022-08-25,HUN,Hungary,ASF,0.368,verified,media_cluster,media;official,synthetic
BEACON-0006312,2022-08-25,2022-08-27,HUN,Hungary,ASF,0.372,unverified,syndromic,media,synthetic
BEACON-0006313,2022-08-24,2022-08-24,ROU,Romania,ASF,1.0,unverified,unusual_mortality,media;official,synthetic
BEACON-0006314,2022-08-25,2022-08-25,ROU,Romania,ASF,1.0,verified,unusual_mortality,media;official,synthetic
BEACON-0006315,2022-08-24,2022-08-24,ROU,Romania,ASF,0.953,verified,syndromic,official,synthetic
BEACON-0006316,2022-08-24,2022-08-24,ROU,Romania,ASF,1.0,unverified,unusual_mortality,media,synthetic
BEACON-0006317,2022-08-25,2022-08-27,BGR,Bulgaria,ASF,0.708,unverified,syndromic,media,synthetic
BEACON-0006318,2022-08-26,2022-08-27,BGR,Bulgaria,ASF,0.4,unverified,media_cluster,field,synthetic
BEACON-0006319,2022-08-22,2022-08-23,SRB,Serbia,ASF,0.484,unverified,unusual_mortality,media;official,synthetic
BEACON-0006320,2022-08-26,2022-08-28,SRB,Serbia,ASF,0.438,unverified,unusual_mortality,media,synthetic
BEACON-0006321,2022-08-24,2022-08-24,SRB,Serbia,ASF,0.466,verified,unusual_mortality,media,synthetic
BEACON-0006322,2022-08-23,2022-08-24,SRB,Serbia,ASF,0.795,unverified,trade_alert,media,synthetic
BEACON-0006323,2022-08-23,2022-08-25,UKR,Ukraine,ASF,0.483,verified,media_cluster,official,synthetic
BEACON-0006324,2022-08-24,2022-08-25,MDA,Moldova,ASF,1.0,verified,media_cluster,media,synthetic
BEACON-0006325,2022-08-24,2022-08-26,MDA,Moldova,ASF,1.0,unverified,unusual_mortality,media,synthetic
BEACON-0006326,2022-08-24,2022-08-26,MDA,Moldova,ASF,0.966,unverified,media_cluster,media;official,synthetic
BEACON-0006327,2022-08-25,2022-08-27,RUS,Russian Federation,ASF,0.728,unverified,media_cluster,media,synthetic
BEACON-0006328,2022-08-24,2022-08-25,RUS,Russian Federation,ASF,0.816,unverified,media_cluster,media,synthetic
BEACON-0006329,2022-08-22,2022-08-22,RUS,Russian Federation,ASF,0.782,unverified,syndromic,media,synthetic
BEACON-0006330,2022-08-22,2022-08-24,RUS,Russian Federation,ASF,0.603,unverified,media_cluster,media,synthetic
BEACON-0006331,2022-08-23,2022-08-25,TUR,Türkiye,ASF,0.643,unverified,media_cluster,media,synthetic
BEACON-0006332,2022-08-25,2022-08-25,TUR,Türkiye,ASF,0.662,verified,unusual_mortality,media;official,synthetic
BEACON-0006333,2022-08-25,2022-08-27,GEO,Georgia,ASF,0.806,unverified,syndromic,media,synthetic
BEACON-0006334,2022-08-23,2022-08-25,GEO,Georgia,ASF,0.64,unverified,syndromic,media,synthetic
BEACON-0006335,2022-08-24,2022-08-25,EGY,Egypt,ASF,0.222,verified,media_cluster,media,synthetic
BEACON-0006336,2022-08-27,2022-08-28,EGY,Egypt,ASF,0.634,verified,unusual_mortality,official,synthetic
BEACON-0006337,2022-08-22,2022-08-23,MAR,Morocco,ASF,0.391,unverified,unusual_mortality,media;official,synthetic
BEACON-0006338,2022-09-03,2022-09-04,FRA,France,ASF,1.0,unverified,unusual_mortality,media;official,synthetic
BEACON-0006339,2022-08-31,2022-09-01,DEU,Germany,ASF,0.746,unverified,media_cluster,media,synthetic
BEACON-0006340,2022-08-30,2022-08-31,DEU,Germany,ASF,0.955,unverified,unusual_mortality,media,synthetic
BEACON-0006341,2022-08-29,2022-08-29,NLD,Netherlands,ASF,0.59,unverified,media_cluster,field,synthetic
BEACON-0006342,2022-09-03,2022-09-05,NLD,Netherlands,ASF,0.711,unverified,unusual_mortality,media;official,synthetic
BEACON-0006343,2022-08-29,2022-08-30,NLD,Netherlands,ASF,0.42,verified,media_cluster,media,synthetic
BEACON-0006344,2022-08-30,2022-09-01,NLD,Netherlands,ASF,0.615,unverified,unusual_mortality,media;official,synthetic
BEACON-0006345,2022-09-03,2022-09-05,BEL,Belgium,ASF,0.324,unverified,media_cluster,media;official,synthetic
BEACON-0006346,2022-08-29,2022-08-30,ESP,Spain,ASF,0.693,verified,media_cluster,media,synthetic
BEACON-0006347,2022-09-03,2022-09-04,ESP,Spain,ASF,0.205,verified,unusual_mortality,media,synthetic
BEACON-0006348,2022-09-02,2022-09-04,POL,Poland,ASF,1.0,verified,trade_alert,media,synthetic
BEACON-0006349,2022-08-29,2022-08-29,POL,Poland,ASF,0.904,unverified,syndromic,media,synthetic
BEACON-0006350,2022-09-01,2022-09-01,POL,Poland,ASF,0.971,unverified,media_cluster,media;official,synthetic
BEACON-0006351,2022-08-30,2022-08-30,POL,Poland,ASF,0.925,verified,media_cluster,media;official,synthetic
BEACON-0006352,2022-09-03,2022-09-04,HUN,Hungary,ASF,0.804,unverified,syndromic,media;official,synthetic
BEACON-0006353,2022-08-30,2022-08-31,BGR,Bulgaria,ASF,0.577,unverified,unusual_mortality,media;official,synthetic
BEACON-0006354,2022-09-03,2022-09-04,SRB,Serbia,ASF,0.699,unverified,media_cluster,media,synthetic
BEACON-0006355,2022-09-03,2022-09-05,SRB,Serbia,ASF,1.0,verified,media_cluster,media,synthetic
BEACON-0006356,2022-09-01,2022-09-02,UKR,Ukraine,ASF,0.467,unverified,unusual_mortality,media;official,synthetic
BEACON-0006357,2022-09-01,2022-09-02,MDA,Moldova,ASF,1.0,unverified,media_cluster,media,synthetic
BEACON-0006358,2022-09-01,2022-09-02,MDA,Moldova,ASF,0.971,verified,media_cluster,media,synthetic
BEACON-0006359,2022-08-29,2022-08-31,MDA,Moldova,ASF,1.0,unverified,syndromic,media,synthetic
BEACON-0006360,2022-08-31,2022-09-01,RUS,Russian Federation,ASF,0.845,verified,media_cluster,media;official,synthetic
BEACON-0006361,2022-09-02,2022-09-04,RUS,Russian Federation,ASF,1.0,unverified,unusual_mortality,media,synthetic
BEACON-0006362,2022-09-01,2022-09-02,RUS,Russian Federation,ASF,0.964,verified,unusual_mortality,official,synthetic
BEACON-0006363,2022-08-29,2022-08-29,TUR,Türkiye,ASF,1.0,unverified,trade_alert,media,synthetic
BEACON-0006364,2022-09-03,2022-09-05,TUR,Türkiye,ASF,0.444,unverified,unusual_mortality,field,synthetic
BEACON-0006365,2022-09-03,2022-09-05,TUR,Türkiye,ASF,0.452,unverified,syndromic,media,synthetic
BEACON-0006366,2022-08-31,2022-09-01,EGY,Egypt,ASF,0.908,unverified,media_cluster,media,synthetic
BEACON-0006367,2022-09-01,2022-09-01,TUN,Tunisia,ASF,0.103,unverified,unusual_mortality,media,synthetic
BEACON-0006368,2022-08-30,2022-08-31,TUN,Tunisia,ASF,0.253,verified,media_cluster,media;official,synthetic
BEACON-0006369,2022-09-07,2022-09-08,DEU,Germany,ASF,0.731,unverified,media_cluster,media;official,synthetic
BEACON-0006370,2022-09-09,2022-09-11,NLD,Netherlands,ASF,0.561,unverified,media_cluster,media,synthetic
BEACON-0006371,2022-09-09,2022-09-10,ITA,Italy,ASF,0.766,verified,media_cluster,media;official,synthetic
BEACON-0006372,2022-09-06,2022-09-06,ITA,Italy,ASF,0.593,unverified,media_cluster,official,synthetic
BEACON-0006373,2022-09-06,2022-09-06,ITA,Italy,ASF,0.68,verified,unusual_mortality,media,synthetic
BEACON-0006374,2022-09-09,2022-09-11,ESP,Spain,ASF,0.584,unverified,media_cluster,official,synthetic
BEACON-0006375,2022-09-08,2022-09-09,POL,Poland,ASF,1.0,verified,unusual_mortality,media,synthetic
BEACON-0006376,2022-09-08,2022-09-10,POL,Poland,ASF,0.948,verified,unusual_mortality,media,synthetic
BEACON-0006377,2022-09-08,2022-09-08,POL,Poland,ASF,0.754,unverified,unusual_mortality,media,synthetic
BEACON-0006378,2022-09-07,2022-09-08,POL,Poland,ASF,0.719,unverified,media_cluster,media,synthetic
BEACON-0006379,2022-09-07,2022-09-08,HUN,Hungary,ASF,0.853,unverified,trade_alert,media,synthetic
BEACON-0006380,2022-09-08,2022-09-08,HUN,Hungary,ASF,1.0,unverified,media_cluster,media;official,synthetic
BEACON-0006381,2022-09-06,2022-09-07,HUN,Hungary,ASF,0.785,verified,media_cluster,media,synthetic
BEACON-0006382,2022-09-08,2022-09-10,HUN,Hungary,ASF,1.0,verified,unusual_mortality,media,synthetic
BEACON-0006383,2022-09-08,2022-09-10,ROU,Romania,ASF,0.665,unverified,unusual_mortality,media,synthetic
BEACON-0006384,2022-09-07,2022-09-09,ROU,Romania,ASF,1.0,unverified,unusual_mortality,media,synthetic
BEACON-0006385,2022-09-10,2022-09-10,BGR,Bulgaria,ASF,0.375,unverified,unusual_mortality,media,synthetic
BEACON-0006386,2022-09-07,2022-09-09,BGR,Bulgaria,ASF,0.677,unverified,trade_alert,official,synthetic
BEACON-0006387,2022-09-08,2022-09-10,SRB,Serbia,ASF,0.79,verified,unusual_mortality,media,synthetic
BEACON-0006388,2022-09-09,2022-09-10,SRB,Serbia,ASF,0.536,verified,unusual_mortality,media;official,synthetic
BEACON-0006389,2022-09-08,2022-09-09,SRB,Serbia,ASF,0.637,unverified,unusual_mortality,field,synthetic
BEACON-0006390,2022-09-08,2022-09-10,UKR,Ukraine,ASF,0.575,unverified,unusual_mortality,media,synthetic
BEACON-0006391,2022-09-09,2022-09-11,UKR,Ukraine,ASF,0.376,unverified,unusual_mortality,official,synthetic
BEACON-0006392,2022-09-08,2022-09-08,UKR,Ukraine,ASF,0.261,verified,trade_alert,media,synthetic
BEACON-0006393,2022-09-07,2022-09-09,UKR,Ukraine,ASF,0.595,unverified,syndromic,media,synthetic
BEACON-0006394,2022-09-10,2022-09-11,MDA,Moldova,ASF,0.87,unverified,unusual_mortality,media;official,synthetic
BEACON-0006395,2022-09-09,2022-09-09,MDA,Moldova,ASF,1.0,unverified,unusual_mortality,media;official,synthetic
BEACON-0006396,2022-09-06,2022-09-06,MDA,Moldova,ASF,0.587,unverified,media_cluster,official,synthetic
BEACON-0006397,2022-09-08,2022-09-08,MDA,Moldova,ASF,0.825,verified,media_cluster,official,synthetic
BEACON-0006398,2022-09-05,2022-09-05,RUS,Russian Federation,ASF,0.651,unverified,trade_alert,media,synthetic
BEACON-0006399,2022-09-06,2022-09-08,RUS,Russian Federation,ASF,0.743,unverified,trade_alert,field,synthetic
BEACON-0006400,2022-09-06,2022-09-08,GEO,Georgia,ASF,0.566,unverified,unusual_mortality,official,synthetic
BEACON-0006401,2022-09-10,2022-09-12,TUN,Tunisia,ASF,0.121,unverified,unusual_mortality,media,synthetic
BEACON-0006402,2022-09-06,2022-09-08,TUN,Tunisia,ASF,0.716,unverified,media_cluster,media;official,synthetic
BEACON-0006403,2022-09-14,2022-09-14,FRA,France,ASF,0.844,verified,trade_alert,media,synthetic
BEACON-0006404,2022-09-16,2022-09-17,FRA,France,ASF,0.539,unverified,media_cluster,official,synthetic
BEACON-0006405,2022-09-17,2022-09-19,DEU,Germany,ASF,0.917,unverified,media_cluster,media;official,synthetic
BEACON-0006406,2022-09-14,2022-09-15,NLD,Netherlands,ASF,0.863,verified,trade_alert,media,synthetic
BEACON-0006407,2022-09-15,2022-09-16,NLD,Netherlands,ASF,0.628,verified,unusual_mortality,official,synthetic
BEACON-0006408,2022-09-16,2022-09-18,NLD,Netherlands,ASF,0.994,unverified,unusual_mortality,media,synthetic
BEACON-0006409,2022-09-17,2022-09-17,NLD,Netherlands,ASF,0.321,verified,trade_alert,media,synthetic
BEACON-0006410,2022-09-13,2022-09-14,ITA,Italy,ASF,0.786,unverified,unusual_mortality,media,synthetic
BEACON-0006411,2022-09-12,2022-09-14,ITA,Italy,ASF,0.574,unverified,media_cluster,media,synthetic
BEACON-0006412,2022-09-17,2022-09-19,ITA,Italy,ASF,0.453,unverified,unusual_mortality,media;official,synthetic
BEACON-0006413,2022-09-12,2022-09-14,ESP,Spain,ASF,0.343,unverified,media_cluster,media;official,synthetic
BEACON-0006414,2022-09-12,2022-09-12,HUN,Hungary,ASF,0.67,verified,media_cluster,media,synthetic
BEACON-0006415,2022-09-14,2022-09-14,ROU,Romania,ASF,1.0,verified,syndromic,media,synthetic
BEACON-0006416,2022-09-15,2022-09-15,BGR,Bulgaria,ASF,0.822,unverified,unusual_mortality,media,synthetic
BEACON-0006417,2022-09-17,2022-09-17,BGR,Bulgaria,ASF,0.597,unverified,media_cluster,media,synthetic
BEACON-0006418,2022-09-15,2022-09-16,UKR,Ukraine,ASF,1.0,verified,trade_alert,media,synthetic
BEACON-0006419,2022-09-14,2022-09-14,MDA,Moldova,ASF,0.363,verified,unusual_mortality,media,synthetic
BEACON-0006420,2022-09-13,2022-09-15,RUS,Russian Federation,ASF,0.349,unverified,syndromic,media,synthetic
BEACON-0006421,2022-09-13,2022-09-14,GEO,Georgia,ASF,0.629,unverified,syndromic,field,synthetic
BEACON-0006422,2022-09-14,2022-09-15,GEO,Georgia,ASF,0.531,unverified,media_cluster,media,synthetic
BEACON-0006423,2022-09-15,2022-09-17,ISR,Israel,ASF,0.43,unverified,syndromic,media;official,synthetic
BEACON-0006424,2022-09-16,2022-09-16,TUN,Tunisia,ASF,0.787,verified,media_cluster,media,synthetic
BEACON-0006425,2022-09-19,2022-09-20,FRA,France,ASF,0.593,unverified,syndromic,media,synthetic
BEACON-0006426,2022-09-21,2022-09-21,FRA,France,ASF,1.0,unverified,media_cluster,media,synthetic
BEACON-0006427,2022-09-21,2022-09-21,FRA,France,ASF,1.0,unverified,unusual_mortality,media;official,synthetic
BEACON-0006428,2022-09-23,2022-09-25,FRA,France,ASF,0.82,unverified,trade_alert,official,synthetic
BEACON-0006429,2022-09-23,2022-09-25,DEU,Germany,ASF,0.635,unverified,media_cluster,media,synthetic
BEACON-0006430,2022-09-22,2022-09-23,DEU,Germany,ASF,0.901,unverified,media_cluster,media,synthetic
BEACON-0006431,2022-09-22,2022-09-23,NLD,Netherlands,ASF,0.782,unverified,media_cluster,media;official,synthetic
BEACON-0006432,2022-09-24,2022-09-26,NLD,Netherlands,ASF,0.563,unverified,media_cluster,media;official,synthetic
BEACON-0006433,2022-09-20,2022-09-21,NLD,Netherlands,ASF,0.735,verified,syndromic,official,synthetic
BEACON-0006434,2022-09-24,2022-09-24,NLD,Netherlands,ASF,0.857,unverified,unusual_mortality,official,synthetic
BEACON-0006435,2022-09-22,2022-09-23,BEL,Belgium,ASF,0.063,verified,media_cluster,media,synthetic
BEACON-0006436,2022-09-21,2022-09-23,ITA,Italy,ASF,0.626,unverified,media_cluster,media,synthetic
BEACON-0006437,2022-09-21,2022-09-23,ITA,Italy,ASF,0.957,unverified,media_cluster,media,synthetic
BEACON-0006438,2022-09-23,2022-09-23,ITA,Italy,ASF,0.937,unverified,syndromic,field,synthetic
BEACON-0006439,2022-09-20,2022-09-21,ITA,Italy,ASF,0.765,verified,media_cluster,field,synthetic
BEACON-0006440,2022-09-24,2022-09-24,ITA,Italy,ASF,0.876,verified,unusual_mortality,media;official,synthetic
BEACON-0006441,2022-09-20,2022-09-21,ITA,Italy,ASF,0.765,unverified,media_cluster,media,synthetic
BEACON-0006442,2022-09-24,2022-09-24,ESP,Spain,ASF,0.519,verified,unusual_mortality,media,synthetic
BEACON-0006443,2022-09-22,2022-09-24,POL,Poland,ASF,0.707,verified,unusual_mortality,media;official,synthetic
BEACON-0006444,2022-09-19,2022-09-19,HUN,Hungary,ASF,0.368,unverified,unusual_mortality,media,synthetic
BEACON-0006445,2022-09-21,2022-09-22,HUN,Hungary,ASF,0.274,unverified,media_cluster,media;official,synthetic
BEACON-0006446,2022-09-21,2022-09-23,ROU,Romania,ASF,0.389,unverified,media_cluster,media;official,synthetic
BEACON-0006447,2022-09-22,2022-09-22,ROU,Romania,ASF,0.531,verified,unusual_mortality,media,synthetic
BEACON-0006448,2022-09-20,2022-09-21,ROU,Romania,ASF,0.535,verified,media_cluster,media;official,synthetic
BEACON-0006449,2022-09-21,2022-09-22,ROU,Romania,ASF,0.297,verified,media_cluster,official,synthetic
BEACON-0006450,2022-09-24,2022-09-25,SRB,Serbia,ASF,0.715,unverified,media_cluster,field,synthetic
BEACON-0006451,2022-09-19,2022-09-19,SRB,Serbia,ASF,0.812,unverified,unusual_mortality,media,synthetic
BEACON-0006452,2022-09-20,2022-09-21,UKR,Ukraine,ASF,0.681,unverified,unusual_mortality,media;official,synthetic
BEACON-0006453,2022-09-19,2022-09-19,MDA,Moldova,ASF,0.989,unverified,syndromic,media;official,synthetic
BEACON-0006454,2022-09-22,2022-09-24,TUR,Türkiye,ASF,0.364,verified,trade_alert,media,synthetic
BEACON-0006455,2022-09-21,2022-09-22,GEO,Georgia,ASF,0.151,unverified,unusual_mortality,media;official,synthetic
BEACON-0006456,2022-09-21,2022-09-23,GEO,Georgia,ASF,0.427,verified,media_cluster,media,synthetic
BEACON-0006457,2022-09-19,2022-09-20,GEO,Georgia,ASF,0.406,unverified,syndromic,media,synthetic
BEACON-0006458,2022-09-19,2022-09-19,GEO,Georgia,ASF,0.549,verified,trade_alert,media,synthetic
BEACON-0006459,2022-09-24,2022-09-24,EGY,Egypt,ASF,0.515,verified,media_cluster,media,synthetic
BEACON-0006460,2022-09-19,2022-09-21,TUN,Tunisia,ASF,0.351,unverified,unusual_mortality,media,synthetic
BEACON-0006461,2022-09-23,2022-09-24,TUN,Tunisia,ASF,0.38,unverified,media_cluster,media;official,synthetic
BEACON-0006462,2022-09-24,2022-09-24,MAR,Morocco,ASF,0.733,unverified,media_cluster,media,synthetic
BEACON-0006463,2022-09-22,2022-09-23,MAR,Morocco,ASF,0.812,unverified,syndromic,official,synthetic
BEACON-0006464,2022-09-24,2022-09-25,MAR,Morocco,ASF,0.554,verified,media_cluster,media;official,synthetic
BEACON-0006465,2022-09-24,2022-09-25,MAR,Morocco,ASF,0.877,unverified,unusual_mortality,media,synthetic
BEACON-0006466,2022-09-30,2022-10-01,FRA,France,ASF,0.76,unverified,media_cluster,official,synthetic
BEACON-0006467,2022-09-29,2022-10-01,DEU,Germany,ASF,0.559,verified,syndromic,media,synthetic
BEACON-0006468,2022-09-29,2022-09-30,DEU,Germany,ASF,0.753,verified,media_cluster,media,synthetic
BEACON-0006469,2022-09-30,2022-09-30,NLD,Netherlands,ASF,0.807,unverified,media_cluster,field,synthetic
BEACON-0006470,2022-10-01,2022-10-02,NLD,Netherlands,ASF,0.462,verified,trade_alert,media,synthetic
BEACON-0006471,2022-09-29,2022-09-30,NLD,Netherlands,ASF,0.401,unverified,unusual_mortality,official,synthetic
BEACON-0006472,2022-09-26,2022-09-26,NLD,Netherlands,ASF,0.54,verified,media_cluster,media;official,synthetic
BEACON-0006473,2022-09-26,2022-09-27,NLD,Netherlands,ASF,0.627,verified,syndromic,media;official,synthetic
BEACON-0006474,2022-09-27,2022-09-27,BEL,Belgium,ASF,0.573,verified,media_cluster,media;official,synthetic
BEACON-0006475,2022-09-28,2022-09-28,BEL,Belgium,ASF,0.37,unverified,unusual_mortality,field,synthetic
BEACON-0006476,2022-09-29,2022-09-29,ITA,Italy,ASF,0.899,unverified,unusual_mortality,field,synthetic
BEACON-0006477,2022-09-29,2022-09-29,ITA,Italy,ASF,0.663,unverified,media_cluster,media,synthetic
BEACON-0006478,2022-10-01,2022-10-02,ITA,Italy,ASF,0.368,verified,media_cluster,media;official,synthetic
BEACON-0006479,2022-09-29,2022-09-30,ITA,Italy,ASF,0.462,verified,syndromic,media,synthetic
BEACON-0006480,2022-09-26,2022-09-26,POL,Poland,ASF,0.633,unverified,syndromic,media,synthetic
BEACON-0006481,2022-09-29,2022-09-29,POL,Poland,ASF,0.963,verified,unusual_mortality,media,synthetic
BEACON-0006482,2022-09-29,2022-09-29,POL,Poland,ASF,0.851,verified,unusual_mortality,media,synthetic
BEACON-0006483,2022-09-28,2022-09-29,HUN,Hungary,ASF,0.65,verified,trade_alert,media,synthetic
BEACON-0006484,2022-10-01,2022-10-02,HUN,Hungary,ASF,1.0,verified,syndromic,official,synthetic
BEACON-0006485,2022-09-29,2022-09-30,HUN,Hungary,ASF,0.615,unverified,media_cluster,official,synthetic
BEACON-0006486,2022-09-27,2022-09-28,ROU,Romania,ASF,0.491,verified,unusual_mortality,media,synthetic
BEACON-0006487,2022-09-27,2022-09-28,BGR,Bulgaria,ASF,0.569,unverified,media_cluster,official,synthetic
BEACON-0006488,2022-09-29,2022-09-30,BGR,Bulgaria,ASF,0.59,unverified,trade_alert,media,synthetic
BEACON-0006489,2022-10-01,2022-10-01,UKR,Ukraine,ASF,0.258,unverified,trade_alert,media,synthetic
BEACON-0006490,2022-09-27,2022-09-29,UKR,Ukraine,ASF,0.458,verified,syndromic,media,synthetic
BEACON-0006491,2022-09-30,2022-09-30,UKR,Ukraine,ASF,0.377,verified,media_cluster,media,synthetic
BEACON-0006492,2022-09-26,2022-09-27,MDA,Moldova,ASF,0.285,verified,unusual_mortality,media;official,synthetic
BEACON-0006493,2022-09-29,2022-10-01,MDA,Moldova,ASF,0.656,unverified,unusual_mortality,field,synthetic
BEACON-0006494,2022-09-27,2022-09-29,RUS,Russian Federation,ASF,0.515,unverified,media_cluster,media;official,synthetic
BEACON-0006495,2022-09-29,2022-10-01,RUS,Russian Federation,ASF,0.316,verified,unusual_mortality,media;official,synthetic
BEACON-0006496,2022-09-29,2022-09-30,GEO,Georgia,ASF,0.687,unverified,unusual_mortality,field,synthetic
BEACON-0006497,2022-09-27,2022-09-29,ISR,Israel,ASF,0.186,verified,syndromic,media;official,synthetic
BEACON-0006498,2022-09-30,2022-09-30,ISR,Israel,ASF,0.254,unverified,syndromic,media;official,synthetic
BEACON-0006499,2022-09-29,2022-09-29,EGY,Egypt,ASF,0.538,unverified,media_cluster,official,synthetic
BEACON-0006500,2022-09-27,2022-09-27,EGY,Egypt,ASF,0.585,unverified,media_cluster,media,synthetic
BEACON-0006501,2022-09-28,2022-09-30,TUN,Tunisia,ASF,0.307,verified,trade_alert,field,synthetic
BEACON-0006502,2022-10-01,2022-10-02,MAR,Morocco,ASF,0.41,unverified,trade_alert,official,synthetic
BEACON-0006503,2022-10-06,2022-10-06,FRA,France,ASF,0.56,unverified,unusual_mortality,media,synthetic
BEACON-0006504,2022-10-03,2022-10-03,DEU,Germany,ASF,0.718,verified,media_cluster,media,synthetic
BEACON-0006505,2022-10-07,2022-10-07,NLD,Netherlands,ASF,0.879,verified,trade_alert,official,synthetic
BEACON-0006506,2022-10-05,2022-10-06,NLD,Netherlands,ASF,0.652,unverified,media_cluster,field,synthetic
BEACON-0006507,2022-10-03,2022-10-05,BEL,Belgium,ASF,0.393,unverified,media_cluster,official,synthetic
BEACON-0006508,2022-10-04,2022-10-04,BEL,Belgium,ASF,0.264,verified,unusual_mortality,media,synthetic
BEACON-0006509,2022-10-05,2022-10-07,BEL,Belgium,ASF,0.702,unverified,media_cluster,media,synthetic
BEACON-0006510,2022-10-07,2022-10-07,BEL,Belgium,ASF,0.27,unverified,unusual_mortality,field,synthetic
BEACON-0006511,2022-10-03,2022-10-03,ESP,Spain,ASF,0.563,verified,unusual_mortality,field,synthetic
BEACON-0006512,2022-10-08,2022-10-09,POL,Poland,ASF,0.8,unverified,media_cluster,media;official,synthetic
BEACON-0006513,2022-10-06,2022-10-07,POL,Poland,ASF,0.798,unverified,media_cluster,media,synthetic
BEACON-0006514,2022-10-08,2022-10-09,HUN,Hungary,ASF,0.439,unverified,unusual_mortality,field,synthetic
BEACON-0006515,2022-10-07,2022-10-08,HUN,Hungary,ASF,0.764,unverified,media_cluster,field,synthetic
BEACON-0006516,2022-10-05,2022-10-05,HUN,Hungary,ASF,0.743,unverified,unusual_mortality,media,synthetic
BEACON-0006517,2022-10-07,2022-10-09,HUN,Hungary,ASF,0.402,unverified,unusual_mortality,field,synthetic
BEACON-0006518,2022-10-08,2022-10-08,BGR,Bulgaria,ASF,0.308,unverified,unusual_mortality,media,synthetic
BEACON-0006519,2022-10-08,2022-10-09,BGR,Bulgaria,ASF,0.515,unverified,media_cluster,field,synthetic
BEACON-0006520,2022-10-07,2022-10-08,SRB,Serbia,ASF,0.433,verified,media_cluster,media,synthetic
BEACON-0006521,2022-10-06,2022-10-08,RUS,Russian Federation,ASF,0.483,verified,trade_alert,media;official,synthetic
BEACON-0006522,2022-10-03,2022-10-04,RUS,Russian Federation,ASF,0.353,unverified,media_cluster,field,synthetic
BEACON-0006523,2022-10-07,2022-10-08,RUS,Russian Federation,ASF,0.57,unverified,media_cluster,media,synthetic
BEACON-0006524,2022-10-05,2022-10-06,TUR,Türkiye,ASF,0.721,unverified,media_cluster,media;official,synthetic
BEACON-0006525,2022-10-08,2022-10-10,GEO,Georgia,ASF,0.486,unverified,syndromic,media,synthetic
BEACON-0006526,2022-10-06,2022-10-06,TUN,Tunisia,ASF,0.372,verified,trade_alert,media;official,synthetic
BEACON-0006527,2022-10-03,2022-10-04,TUN,Tunisia,ASF,0.707,unverified,unusual_mortality,media,synthetic
BEACON-0006528,2022-10-11,2022-10-12,FRA,France,ASF,0.634,unverified,unusual_mortality,media;official,synthetic
BEACON-0006529,2022-10-14,2022-10-15,DEU,Germany,ASF,0.366,verified,syndromic,media;official,synthetic
BEACON-0006530,2022-10-10,2022-10-12,NLD,Netherlands,ASF,0.379,verified,media_cluster,media,synthetic
BEACON-0006531,2022-10-13,2022-10-15,NLD,Netherlands,ASF,0.48,unverified,syndromic,official,synthetic
BEACON-0006532,2022-10-13,2022-10-15,NLD,Netherlands,ASF,0.373,verified,unusual_mortality,media,synthetic
BEACON-0006533,2022-10-10,2022-10-10,NLD,Netherlands,ASF,0.627,verified,unusual_mortality,media;official,synthetic
BEACON-0006534,2022-10-12,2022-10-13,BEL,Belgium,ASF,0.687,unverified,trade_alert,media,synthetic
BEACON-0006535,2022-10-15,2022-10-15,POL,Poland,ASF,0.121,unverified,media_cluster,media,synthetic
BEACON-0006536,2022-10-13,2022-10-13,HUN,Hungary,ASF,0.336,unverified,media_cluster,field,synthetic
BEACON-0006537,2022-10-11,2022-10-12,HUN,Hungary,ASF,0.784,verified,media_cluster,official,synthetic
BEACON-0006538,2022-10-10,2022-10-11,HUN,Hungary,ASF,0.362,unverified,media_cluster,media,synthetic
BEACON-0006539,2022-10-14,2022-10-15,SRB,Serbia,ASF,0.533,unverified,unusual_mortality,media;official,synthetic
BEACON-0006540,2022-10-11,2022-10-12,SRB,Serbia,ASF,0.851,verified,media_cluster,media;official,synthetic
BEACON-0006541,2022-10-15,2022-10-16,UKR,Ukraine,ASF,0.56,unverified,trade_alert,media,synthetic
BEACON-0006542,2022-10-15,2022-10-17,RUS,Russian Federation,ASF,0.281,verified,syndromic,media;official,synthetic
BEACON-0006543,2022-10-12,2022-10-14,RUS,Russian Federation,ASF,0.402,unverified,trade_alert,media,synthetic
BEACON-0006544,2022-10-10,2022-10-12,TUR,Türkiye,ASF,0.293,unverified,unusual_mortality,media,synthetic
BEACON-0006545,2022-10-14,2022-10-16,GEO,Georgia,ASF,0.091,unverified,unusual_mortality,media;official,synthetic
BEACON-0006546,2022-10-13,2022-10-13,ISR,Israel,ASF,0.426,verified,unusual_mortality,media,synthetic
BEACON-0006547,2022-10-13,2022-10-15,ISR,Israel,ASF,0.353,unverified,unusual_mortality,media;official,synthetic
BEACON-0006548,2022-10-10,2022-10-11,TUN,Tunisia,ASF,0.238,unverified,trade_alert,field,synthetic
BEACON-0006549,2022-10-10,2022-10-12,MAR,Morocco,ASF,0.206,unverified,syndromic,media;official,synthetic
BEACON-0006550,2022-10-19,2022-10-19,FRA,France,ASF,0.231,unverified,unusual_mortality,media,synthetic
BEACON-0006551,2022-10-22,2022-10-22,DEU,Germany,ASF,0.352,unverified,media_cluster,field,synthetic
BEACON-0006552,2022-10-22,2022-10-23,DEU,Germany,ASF,0.77,verified,media_cluster,media,synthetic
BEACON-0006553,2022-10-18,2022-10-18,DEU,Germany,ASF,0.814,unverified,media_cluster,field,synthetic
BEACON-0006554,2022-10-21,2022-10-21,DEU,Germany,ASF,0.368,unverified,media_cluster,media;official,synthetic
BEACON-0006555,2022-10-20,2022-10-21,NLD,Netherlands,ASF,0.442,unverified,unusual_mortality,media,synthetic
BEACON-0006556,2022-10-21,2022-10-21,NLD,Netherlands,ASF,0.913,unverified,media_cluster,media,synthetic
BEACON-0006557,2022-10-21,2022-10-22,BEL,Belgium,ASF,0.762,verified,unusual_mortality,media,synthetic
BEACON-0006558,2022-10-20,2022-10-20,POL,Poland,ASF,0.248,unverified,syndromic,official,synthetic
BEACON-0006559,2022-10-19,2022-10-20,ROU,Romania,ASF,0.553,unverified,media_cluster,media;official,synthetic
BEACON-0006560,2022-10-19,2022-10-20,ROU,Romania,ASF,0.55,verified,media_cluster,media;official,synthetic
BEACON-0006561,2022-10-22,2022-10-24,BGR,Bulgaria,ASF,0.225,unverified,syndromic,media,synthetic
BEACON-0006562,2022-10-19,2022-10-21,SRB,Serbia,ASF,0.221,verified,unusual_mortality,media;official,synthetic
BEACON-0006563,2022-10-17,2022-10-18,UKR,Ukraine,ASF,0.197,verified,media_cluster,media;official,synthetic
BEACON-0006564,2022-10-17,2022-10-19,MDA,Moldova,ASF,0.504,unverified,unusual_mortality,media,synthetic
BEACON-0006565,2022-10-19,2022-10-21,MDA,Moldova,ASF,0.405,verified,media_cluster,media,synthetic
BEACON-0006566,2022-10-20,2022-10-21,MDA,Moldova,ASF,0.384,unverified,media_cluster,media;official,synthetic
BEACON-0006567,2022-10-18,2022-10-19,RUS,Russian Federation,ASF,0.833,verified,unusual_mortality,media,synthetic
BEACON-0006568,2022-10-20,2022-10-20,RUS,Russian Federation,ASF,0.364,unverified,syndromic,official,synthetic
BEACON-0006569,2022-10-20,2022-10-22,TUR,Türkiye,ASF,0.615,unverified,unusual_mortality,media,synthetic
BEACON-0006570,2022-10-20,2022-10-21,GEO,Georgia,ASF,0.62,unverified,trade_alert,media,synthetic
BEACON-0006571,2022-10-18,2022-10-20,EGY,Egypt,ASF,0.208,verified,unusual_mortality,field,synthetic
BEACON-0006572,2022-10-17,2022-10-17,TUN,Tunisia,ASF,0.336,unverified,syndromic,media,synthetic
BEACON-0006573,2022-10-21,2022-10-21,TUN,Tunisia,ASF,0.823,verified,syndromic,media,synthetic
BEACON-0006574,2022-10-28,2022-10-29,FRA,France,ASF,0.576,unverified,trade_alert,media;official,synthetic
BEACON-0006575,2022-10-24,2022-10-24,DEU,Germany,ASF,0.742,unverified,trade_alert,official,synthetic
BEACON-0006576,2022-10-29,2022-10-30,DEU,Germany,ASF,0.213,verified,media_cluster,media,synthetic
BEACON-0006577,2022-10-27,2022-10-27,ITA,Italy,ASF,0.53,unverified,unusual_mortality,media,synthetic
BEACON-0006578,2022-10-26,2022-10-27,ITA,Italy,ASF,0.234,verified,syndromic,official,synthetic
BEACON-0006579,2022-10-27,2022-10-27,ITA,Italy,ASF,0.621,verified,unusual_mortality,media;official,synthetic
BEACON-0006580,2022-10-28,2022-10-29,ITA,Italy,ASF,0.78,unverified,syndromic,media,synthetic
BEACON-0006581,2022-10-24,2022-10-24,ESP,Spain,ASF,0.272,verified,syndromic,media;official,synthetic
BEACON-0006582,2022-10-27,2022-10-27,ESP,Spain,ASF,0.189,unverified,media_cluster,official,synthetic
BEACON-0006583,2022-10-26,2022-10-28,POL,Poland,ASF,0.302,unverified,syndromic,media;official,synthetic
BEACON-0006584,2022-10-26,2022-10-27,HUN,Hungary,ASF,0.484,verified,media_cluster,media,synthetic
BEACON-0006585,2022-10-25,2022-10-25,ROU,Romania,ASF,0.427,verified,unusual_mortality,field,synthetic
BEACON-0006586,2022-10-25,2022-10-26,BGR,Bulgaria,ASF,0.133,unverified,unusual_mortality,media,synthetic
BEACON-0006587,2022-10-25,2022-10-25,SRB,Serbia,ASF,0.775,verified,syndromic,media,synthetic
BEACON-0006588,2022-10-26,2022-10-27,UKR,Ukraine,ASF,0.46,verified,media_cluster,media;official,synthetic
BEACON-0006589,2022-10-29,2022-10-29,UKR,Ukraine,ASF,0.613,verified,media_cluster,media,synthetic
BEACON-0006590,2022-10-28,2022-10-28,UKR,Ukraine,ASF,0.47,unverified,media_cluster,media,synthetic
BEACON-0006591,2022-10-25,2022-10-25,MDA,Moldova,ASF,0.225,verified,unusual_mortality,media,synthetic
BEACON-0006592,2022-10-24,2022-10-25,EGY,Egypt,ASF,0.388,verified,media_cluster,media;official,synthetic
BEACON-0006593,2022-10-29,2022-10-29,MAR,Morocco,ASF,0.338,unverified,media_cluster,field,synthetic
BEACON-0006594,2022-10-26,2022-10-28,MAR,Morocco,ASF,0.485,unverified,media_cluster,media,synthetic
BEACON-0006595,2022-11-01,2022-11-03,FRA,France,ASF,0.507,verified,media_cluster,media;official,synthetic
BEACON-0006596,2022-11-01,2022-11-02,FRA,France,ASF,0.468,unverified,unusual_mortality,official,synthetic
BEACON-0006597,2022-10-31,2022-10-31,FRA,France,ASF,0.58,unverified,unusual_mortality,field,synthetic
BEACON-0006598,2022-11-05,2022-11-06,NLD,Netherlands,ASF,0.219,unverified,unusual_mortality,official,synthetic
BEACON-0006599,2022-11-04,2022-11-05,NLD,Netherlands,ASF,0.353,unverified,unusual_mortality,media,synthetic
BEACON-0006600,2022-11-05,2022-11-05,BEL,Belgium,ASF,0.659,unverified,media_cluster,media;official,synthetic
BEACON-0006601,2022-11-04,2022-11-05,ITA,Italy,ASF,0.441,verified,syndromic,media,synthetic
BEACON-0006602,2022-11-05,2022-11-05,POL,Poland,ASF,0.263,verified,syndromic,media,synthetic
BEACON-0006603,2022-11-04,2022-11-05,POL,Poland,ASF,0.796,unverified,unusual_mortality,media,synthetic
BEACON-0006604,2022-11-02,2022-11-04,ROU,Romania,ASF,0.588,verified,unusual_mortality,field,synthetic
BEACON-0006605,2022-11-04,2022-11-06,RUS,Russian Federation,ASF,0.215,unverified,trade_alert,media,synthetic
BEACON-0006606,2022-11-04,2022-11-04,TUR,Türkiye,ASF,0.363,unverified,unusual_mortality,media,synthetic
BEACON-0006607,2022-11-09,2022-11-09,FRA,France,ASF,0.208,unverified,media_cluster,media,synthetic
BEACON-0006608,2022-11-12,2022-11-12,FRA,France,ASF,0.877,unverified,unusual_mortality,media;official,synthetic
BEACON-0006609,2022-11-12,2022-11-14,FRA,France,ASF,0.472,unverified,media_cluster,media,synthetic
BEACON-0006610,2022-11-07,2022-11-08,BEL,Belgium,ASF,0.333,unverified,syndromic,media,synthetic
BEACON-0006611,2022-11-09,2022-11-10,BEL,Belgium,ASF,0.436,verified,unusual_mortality,media,synthetic
BEACON-0006612,2022-11-09,2022-11-10,ESP,Spain,ASF,0.273,verified,unusual_mortality,media;official,synthetic
BEACON-0006613,2022-11-07,2022-11-07,POL,Poland,ASF,0.563,unverified,media_cluster,official,synthetic
BEACON-0006614,2022-11-09,2022-11-10,SRB,Serbia,ASF,0.105,verified,syndromic,field,synthetic
BEACON-0006615,2022-11-09,2022-11-09,UKR,Ukraine,ASF,0.616,unverified,trade_alert,official,synthetic
BEACON-0006616,2022-11-11,2022-11-12,RUS,Russian Federation,ASF,0.807,unverified,media_cluster,media;official,synthetic
BEACON-0006617,2022-11-07,2022-11-09,RUS,Russian Federation,ASF,0.387,verified,syndromic,media,synthetic
BEACON-0006618,2022-11-07,2022-11-08,TUR,Türkiye,ASF,0.809,unverified,media_cluster,media,synthetic
BEACON-0006619,2022-11-12,2022-11-12,TUN,Tunisia,ASF,0.236,unverified,media_cluster,official,synthetic
BEACON-0006620,2022-11-18,2022-11-20,BEL,Belgium,ASF,0.696,unverified,unusual_mortality,media;official,synthetic
BEACON-0006621,2022-11-16,2022-11-17,HUN,Hungary,ASF,0.344,unverified,trade_alert,media,synthetic
BEACON-0006622,2022-11-14,2022-11-16,ROU,Romania,ASF,0.343,unverified,unusual_mortality,media;official,synthetic
BEACON-0006623,2022-11-18,2022-11-20,ROU,Romania,ASF,0.521,unverified,unusual_mortality,media;official,synthetic
BEACON-0006624,2022-11-19,2022-11-20,SRB,Serbia,ASF,0.376,verified,unusual_mortality,media,synthetic
BEACON-0006625,2022-11-19,2022-11-20,SRB,Serbia,ASF,0.16,unverified,media_cluster,media,synthetic
BEACON-0006626,2022-11-17,2022-11-19,RUS,Russian Federation,ASF,0.413,unverified,media_cluster,media;official,synthetic
BEACON-0006627,2022-11-15,2022-11-16,ISR,Israel,ASF,0.265,verified,unusual_mortality,media,synthetic
BEACON-0006628,2022-11-16,2022-11-16,ISR,Israel,ASF,0.58,unverified,unusual_mortality,media,synthetic
BEACON-0006629,2022-11-15,2022-11-17,EGY,Egypt,ASF,0.793,unverified,media_cluster,media,synthetic
BEACON-0006630,2022-11-17,2022-11-17,EGY,Egypt,ASF,0.313,unverified,trade_alert,media;official,synthetic
BEACON-0006631,2022-11-16,2022-11-18,EGY,Egypt,ASF,0.175,verified,unusual_mortality,media,synthetic
BEACON-0006632,2022-11-24,2022-11-25,FRA,France,ASF,0.103,unverified,unusual_mortality,media,synthetic
BEACON-0006633,2022-11-21,2022-11-23,DEU,Germany,ASF,0.325,unverified,unusual_mortality,media,synthetic
BEACON-0006634,2022-11-23,2022-11-24,BEL,Belgium,ASF,0.336,verified,trade_alert,media;official,synthetic
BEACON-0006635,2022-11-23,2022-11-24,POL,Poland,ASF,0.592,verified,media_cluster,media,synthetic
BEACON-0006636,2022-11-25,2022-11-26,POL,Poland,ASF,0.622,verified,media_cluster,media,synthetic
BEACON-0006637,2022-11-23,2022-11-25,UKR,Ukraine,ASF,0.162,unverified,trade_alert,media,synthetic
BEACON-0006638,2022-11-21,2022-11-23,UKR,Ukraine,ASF,0.223,verified,media_cluster,media,synthetic
BEACON-0006639,2022-11-24,2022-11-24,UKR,Ukraine,ASF,0.466,unverified,syndromic,media,synthetic
BEACON-0006640,2022-11-22,2022-11-22,MDA,Moldova,ASF,0.421,unverified,unusual_mortality,media,synthetic
BEACON-0006641,2022-11-21,2022-11-22,GEO,Georgia,ASF,0.079,unverified,unusual_mortality,official,synthetic
BEACON-0006642,2022-11-26,2022-11-28,ISR,Israel,ASF,0.548,verified,media_cluster,official,synthetic
BEACON-0006643,2022-11-24,2022-11-26,EGY,Egypt,ASF,0.429,verified,unusual_mortality,media;official,synthetic
BEACON-0006644,2022-11-23,2022-11-25,MAR,Morocco,ASF,0.341,verified,media_cluster,media,synthetic
BEACON-0006645,2022-12-03,2022-12-04,NLD,Netherlands,ASF,0.291,unverified,syndromic,field,synthetic
BEACON-0006646,2022-12-03,2022-12-05,BEL,Belgium,ASF,0.564,verified,unusual_mortality,media,synthetic
BEACON-0006647,2022-12-03,2022-12-03,BEL,Belgium,ASF,0.41,unverified,unusual_mortality,media,synthetic
BEACON-0006648,2022-12-02,2022-12-02,ESP,Spain,ASF,0.099,verified,unusual_mortality,official,synthetic
BEACON-0006649,2022-12-01,2022-12-01,HUN,Hungary,ASF,0.646,unverified,media_cluster,media,synthetic
BEACON-0006650,2022-12-03,2022-12-04,BGR,Bulgaria,ASF,0.102,verified,media_cluster,media,synthetic
BEACON-0006651,2022-11-28,2022-11-30,BGR,Bulgaria,ASF,0.545,verified,unusual_mortality,official,synthetic
BEACON-0006652,2022-11-29,2022-12-01,SRB,Serbia,ASF,0.598,unverified,trade_alert,media;official,synthetic
BEACON-0006653,2022-12-02,2022-12-02,UKR,Ukraine,ASF,0.35,unverified,unusual_mortality,media;official,synthetic
BEACON-0006654,2022-12-02,2022-12-04,UKR,Ukraine,ASF,0.491,verified,media_cluster,media;official,synthetic
BEACON-0006655,2022-12-03,2022-12-04,UKR,Ukraine,ASF,0.232,unverified,unusual_mortality,official,synthetic
BEACON-0006656,2022-12-02,2022-12-03,GEO,Georgia,ASF,0.538,verified,media_cluster,media,synthetic
BEACON-0006657,2022-12-02,2022-12-04,GEO,Georgia,ASF,0.261,verified,media_cluster,field,synthetic
BEACON-0006658,2022-12-05,2022-12-07,FRA,France,ASF,0.308,verified,unusual_mortality,media,synthetic
BEACON-0006659,2022-12-06,2022-12-08,DEU,Germany,ASF,0.366,verified,trade_alert,media,synthetic
BEACON-0006660,2022-12-07,2022-12-08,BEL,Belgium,ASF,0.256,verified,unusual_mortality,media,synthetic
BEACON-0006661,2022-12-10,2022-12-12,SRB,Serbia,ASF,0.135,unverified,media_cluster,field,synthetic
BEACON-0006662,2022-12-07,2022-12-07,RUS,Russian Federation,ASF,0.37,unverified,media_cluster,media;official,synthetic
BEACON-0006663,2022-12-08,2022-12-10,RUS,Russian Federation,ASF,0.512,verified,media_cluster,media;official,synthetic
BEACON-0006664,2022-12-10,2022-12-12,GEO,Georgia,ASF,0.279,unverified,unusual_mortality,field,synthetic
BEACON-0006665,2022-12-09,2022-12-10,ISR,Israel,ASF,0.631,unverified,syndromic,media;official,synthetic
BEACON-0006666,2022-12-06,2022-12-06,EGY,Egypt,ASF,0.426,unverified,media_cluster,media,synthetic
BEACON-0006667,2022-12-16,2022-12-18,BEL,Belgium,ASF,0.521,unverified,trade_alert,media;official,synthetic
BEACON-0006668,2022-12-15,2022-12-17,SRB,Serbia,ASF,0.039,verified,trade_alert,media,synthetic
BEACON-0006669,2022-12-12,2022-12-13,TUR,Türkiye,ASF,0.101,verified,unusual_mortality,media,synthetic
BEACON-0006670,2022-12-13,2022-12-14,GEO,Georgia,ASF,0.392,verified,media_cluster,official,synthetic
BEACON-0006671,2022-12-17,2022-12-17,ISR,Israel,ASF,0.51,unverified,syndromic,media,synthetic
BEACON-0006672,2022-12-24,2022-12-24,ITA,Italy,ASF,0.467,unverified,unusual_mortality,media;official,synthetic
BEACON-0006673,2022-12-19,2022-12-21,ROU,Romania,ASF,0.647,unverified,syndromic,media,synthetic
BEACON-0006674,2022-12-21,2022-12-23,SRB,Serbia,ASF,0.252,unverified,unusual_mortality,media,synthetic
BEACON-0006675,2022-12-22,2022-12-23,SRB,Serbia,ASF,0.594,unverified,media_cluster,media,synthetic
BEACON-0006676,2022-12-20,2022-12-21,TUR,Türkiye,ASF,0.262,verified,media_cluster,field,synthetic
BEACON-0006677,2022-12-24,2022-12-25,TUR,Türkiye,ASF,0.428,verified,media_cluster,media,synthetic
BEACON-0006678,2022-12-24,2022-12-26,TUR,Türkiye,ASF,0.399,unverified,trade_alert,field,synthetic
BEACON-0006679,2022-12-24,2022-12-25,ISR,Israel,ASF,0.249,verified,syndromic,media,synthetic
BEACON-0006680,2022-12-26,2022-12-28,FRA,France,ASF,0.212,unverified,unusual_mortality,media,synthetic
BEACON-0006681,2022-12-26,2022-12-28,FRA,France,ASF,0.406,unverified,media_cluster,media;official,synthetic
BEACON-0006682,2022-12-30,2022-12-30,FRA,France,ASF,0.775,verified,media_cluster,media,synthetic
BEACON-0006683,2022-12-27,2022-12-27,DEU,Germany,ASF,0.1,unverified,media_cluster,media;official,synthetic
BEACON-0006684,2022-12-31,2022-12-31,NLD,Netherlands,ASF,0.28,unverified,unusual_mortality,official,synthetic
BEACON-0006685,2022-12-28,2022-12-29,ITA,Italy,ASF,0.488,unverified,syndromic,field,synthetic
BEACON-0006686,2022-12-30,2022-12-30,HUN,Hungary,ASF,0.039,unverified,unusual_mortality,official,synthetic
BEACON-0006687,2022-12-30,2022-12-31,ROU,Romania,ASF,0.415,verified,unusual_mortality,media;official,synthetic
BEACON-0006688,2022-12-29,2022-12-29,ROU,Romania,ASF,0.455,unverified,unusual_mortality,media;official,synthetic
BEACON-0006689,2022-12-26,2022-12-28,SRB,Serbia,ASF,0.173,verified,unusual_mortality,media,synthetic
BEACON-0006690,2022-12-27,2022-12-27,RUS,Russian Federation,ASF,0.399,unverified,syndromic,media;official,synthetic
BEACON-0006691,2022-12-28,2022-12-30,TUR,Türkiye,ASF,0.23,verified,media_cluster,media,synthetic
BEACON-0006692,2023-01-06,2023-01-06,DEU,Germany,ASF,0.481,unverified,media_cluster,media,synthetic
BEACON-0006693,2023-01-06,2023-01-06,NLD,Netherlands,ASF,0.528,unverified,media_cluster,media;official,synthetic
BEACON-0006694,2023-01-03,2023-01-04,ITA,Italy,ASF,0.525,unverified,media_cluster,media,synthetic
BEACON-0006695,2023-01-04,2023-01-05,ITA,Italy,ASF,0.207,verified,media_cluster,media,synthetic
BEACON-0006696,2023-01-02,2023-01-03,BGR,Bulgaria,ASF,0.39,unverified,unusual_mortality,media,synthetic
BEACON-0006697,2023-01-03,2023-01-04,SRB,Serbia,ASF,0.376,unverified,unusual_mortality,media,synthetic
BEACON-0006698,2023-01-05,2023-01-07,UKR,Ukraine,ASF,0.235,verified,unusual_mortality,official,synthetic
BEACON-0006699,2023-01-02,2023-01-04,UKR,Ukraine,ASF,0.68,verified,media_cluster,field,synthetic
BEACON-0006700,2023-01-06,2023-01-08,UKR,Ukraine,ASF,0.374,unverified,media_cluster,field,synthetic
BEACON-0006701,2023-01-07,2023-01-09,TUR,Türkiye,ASF,0.687,unverified,media_cluster,media,synthetic
BEACON-0006702,2023-01-07,2023-01-07,EGY,Egypt,ASF,0.181,unverified,unusual_mortality,media,synthetic
BEACON-0006703,2023-01-02,2023-01-04,TUN,Tunisia,ASF,0.278,verified,media_cluster,media;official,synthetic
BEACON-0006704,2023-01-02,2023-01-03,MAR,Morocco,ASF,0.6,verified,unusual_mortality,media,synthetic
BEACON-0006705,2023-01-10,2023-01-10,ESP,Spain,ASF,0.358,unverified,media_cluster,field,synthetic
BEACON-0006706,2023-01-09,2023-01-10,ESP,Spain,ASF,0.262,unverified,syndromic,official,synthetic
BEACON-0006707,2023-01-14,2023-01-14,POL,Poland,ASF,0.591,unverified,media_cluster,media;official,synthetic
BEACON-0006708,2023-01-09,2023-01-09,ROU,Romania,ASF,0.547,verified,media_cluster,media;official,synthetic
BEACON-0006709,2023-01-09,2023-01-11,SRB,Serbia,ASF,0.314,verified,unusual_mortality,media,synthetic
BEACON-0006710,2023-01-13,2023-01-15,MDA,Moldova,ASF,0.558,unverified,media_cluster,media,synthetic
BEACON-0006711,2023-01-09,2023-01-09,RUS,Russian Federation,ASF,0.418,unverified,syndromic,official,synthetic
BEACON-0006712,2023-01-10,2023-01-10,TUR,Türkiye,ASF,0.267,verified,unusual_mortality,media,synthetic
BEACON-0006713,2023-01-10,2023-01-12,GEO,Georgia,ASF,0.431,verified,unusual_mortality,media,synthetic
BEACON-0006714,2023-01-11,2023-01-11,TUN,Tunisia,ASF,0.393,unverified,unusual_mortality,media,synthetic
BEACON-0006715,2023-01-10,2023-01-10,MAR,Morocco,ASF,0.112,unverified,media_cluster,media,synthetic
BEACON-0006716,2023-01-12,2023-01-12,MAR,Morocco,ASF,0.443,verified,unusual_mortality,media;official,synthetic
BEACON-0006717,2023-01-17,2023-01-19,DEU,Germany,ASF,0.28,unverified,trade_alert,media;official,synthetic
BEACON-0006718,2023-01-21,2023-01-22,BEL,Belgium,ASF,0.283,unverified,unusual_mortality,media,synthetic
BEACON-0006719,2023-01-21,2023-01-21,ITA,Italy,ASF,0.505,verified,media_cluster,media,synthetic
BEACON-0006720,2023-01-20,2023-01-22,BGR,Bulgaria,ASF,0.364,verified,unusual_mortality,media,synthetic
BEACON-0006721,2023-01-19,2023-01-19,BGR,Bulgaria,ASF,0.218,unverified,media_cluster,media,synthetic
BEACON-0006722,2023-01-21,2023-01-23,SRB,Serbia,ASF,0.265,unverified,syndromic,official,synthetic
BEACON-0006723,2023-01-21,2023-01-23,MDA,Moldova,ASF,0.393,unverified,media_cluster,media;official,synthetic
BEACON-0006724,2023-01-18,2023-01-20,TUR,Türkiye,ASF,0.715,unverified,media_cluster,media,synthetic
BEACON-0006725,2023-01-19,2023-01-19,ISR,Israel,ASF,0.581,unverified,media_cluster,official,synthetic
BEACON-0006726,2023-01-19,2023-01-19,ISR,Israel,ASF,0.083,unverified,media_cluster,media,synthetic
BEACON-0006727,2023-01-19,2023-01-19,EGY,Egypt,ASF,0.426,unverified,syndromic,official,synthetic
BEACON-0006728,2023-01-18,2023-01-18,EGY,Egypt,ASF,0.216,unverified,unusual_mortality,media,synthetic
BEACON-0006729,2023-01-27,2023-01-29,FRA,France,ASF,0.027,verified,media_cluster,media;official,synthetic
BEACON-0006730,2023-01-26,2023-01-28,NLD,Netherlands,ASF,0.607,unverified,media_cluster,media;official,synthetic
BEACON-0006731,2023-01-25,2023-01-25,BGR,Bulgaria,ASF,0.264,verified,syndromic,media;official,synthetic
BEACON-0006732,2023-01-24,2023-01-26,RUS,Russian Federation,ASF,0.346,unverified,media_cluster,media,synthetic
BEACON-0006733,2023-01-26,2023-01-27,EGY,Egypt,ASF,0.477,unverified,media_cluster,field,synthetic
BEACON-0006734,2023-01-28,2023-01-29,MAR,Morocco,ASF,0.608,verified,trade_alert,media,synthetic
BEACON-0006735,2023-01-30,2023-01-30,ESP,Spain,ASF,0.547,unverified,media_cluster,media,synthetic
BEACON-0006736,2023-02-01,2023-02-03,POL,Poland,ASF,0.562,verified,media_cluster,media;official,synthetic
BEACON-0006737,2023-02-02,2023-02-02,ROU,Romania,ASF,0.561,unverified,media_cluster,official,synthetic
BEACON-0006738,2023-02-04,2023-02-06,GEO,Georgia,ASF,0.467,unverified,media_cluster,media,synthetic
BEACON-0006739,2023-02-02,2023-02-04,GEO,Georgia,ASF,0.646,unverified,unusual_mortality,media;official,synthetic
BEACON-0006740,2023-02-03,2023-02-05,ISR,Israel,ASF,0.505,verified,media_cluster,media,synthetic
BEACON-0006741,2023-01-30,2023-01-31,MAR,Morocco,ASF,0.321,verified,media_cluster,media;official,synthetic
BEACON-0006742,2023-02-10,2023-02-11,ESP,Spain,ASF,0.26,verified,media_cluster,media;official,synthetic
BEACON-0006743,2023-02-06,2023-02-06,HUN,Hungary,ASF,0.143,verified,media_cluster,official,synthetic
BEACON-0006744,2023-02-09,2023-02-10,SRB,Serbia,ASF,0.432,verified,media_cluster,official,synthetic
BEACON-0006745,2023-02-10,2023-02-11,UKR,Ukraine,ASF,0.775,unverified,unusual_mortality,media,synthetic
BEACON-0006746,2023-02-08,2023-02-10,TUR,Türkiye,ASF,0.21,verified,media_cluster,media,synthetic
BEACON-0006747,2023-02-09,2023-02-09,MAR,Morocco,ASF,0.815,unverified,unusual_mortality,field,synthetic
BEACON-0006748,2023-02-15,2023-02-16,FRA,France,ASF,0.299,unverified,syndromic,media,synthetic
BEACON-0006749,2023-02-13,2023-02-13,ESP,Spain,ASF,0.562,verified,media_cluster,media,synthetic
BEACON-0006750,2023-02-13,2023-02-15,ESP,Spain,ASF,0.344,unverified,media_cluster,official,synthetic
BEACON-0006751,2023-02-18,2023-02-18,HUN,Hungary,ASF,0.09,unverified,media_cluster,official,synthetic
BEACON-0006752,2023-02-17,2023-02-18,BGR,Bulgaria,ASF,0.245,unverified,media_cluster,field,synthetic
BEACON-0006753,2023-02-17,2023-02-17,BGR,Bulgaria,ASF,0.072,verified,trade_alert,media,synthetic
BEACON-0006754,2023-02-18,2023-02-18,SRB,Serbia,ASF,0.331,unverified,syndromic,media,synthetic
BEACON-0006755,2023-02-14,2023-02-15,TUR,Türkiye,ASF,0.371,unverified,media_cluster,field,synthetic
BEACON-0006756,2023-02-18,2023-02-18,GEO,Georgia,ASF,0.557,unverified,media_cluster,media;official,synthetic
BEACON-0006757,2023-02-16,2023-02-18,ISR,Israel,ASF,0.604,unverified,syndromic,media,synthetic
BEACON-0006758,2023-02-14,2023-02-14,EGY,Egypt,ASF,0.163,unverified,unusual_mortality,media,synthetic
BEACON-0006759,2023-02-13,2023-02-13,EGY,Egypt,ASF,0.426,verified,unusual_mortality,media,synthetic
BEACON-0006760,2023-02-14,2023-02-16,TUN,Tunisia,ASF,0.664,verified,syndromic,official,synthetic
BEACON-0006761,2023-02-14,2023-02-14,MAR,Morocco,ASF,0.118,unverified,unusual_mortality,media,synthetic
BEACON-0006762,2023-02-23,2023-02-24,FRA,France,ASF,0.361,unverified,trade_alert,media,synthetic
BEACON-0006763,2023-02-21,2023-02-23,BEL,Belgium,ASF,0.344,unverified,media_cluster,media,synthetic
BEACON-0006764,2023-02-23,2023-02-24,POL,Poland,ASF,0.721,verified,media_cluster,media;official,synthetic
BEACON-0006765,2023-02-23,2023-02-25,POL,Poland,ASF,0.277,verified,unusual_mortality,media,synthetic
BEACON-0006766,2023-02-25,2023-02-27,ROU,Romania,ASF,0.575,verified,syndromic,media,synthetic
BEACON-0006767,2023-02-20,2023-02-21,RUS,Russian Federation,ASF,0.161,unverified,syndromic,media;official,synthetic
BEACON-0006768,2023-02-20,2023-02-21,TUR,Türkiye,ASF,0.718,verified,media_cluster,media,synthetic
BEACON-0006769,2023-02-20,2023-02-22,GEO,Georgia,ASF,0.366,unverified,syndromic,media,synthetic
BEACON-0006770,2023-02-23,2023-02-23,ISR,Israel,ASF,0.27,verified,media_cluster,media,synthetic
BEACON-0006771,2023-02-21,2023-02-23,EGY,Egypt,ASF,0.302,unverified,media_cluster,media,synthetic
BEACON-0006772,2023-02-24,2023-02-25,TUN,Tunisia,ASF,0.133,verified,syndromic,media,synthetic
BEACON-0006773,2023-02-27,2023-03-01,FRA,France,ASF,0.223,unverified,media_cluster,official,synthetic
BEACON-0006774,2023-03-03,2023-03-05,POL,Poland,ASF,0.271,unverified,media_cluster,media,synthetic
BEACON-0006775,2023-03-02,2023-03-03,POL,Poland,ASF,0.437,verified,media_cluster,official,synthetic
BEACON-0006776,2023-02-27,2023-03-01,HUN,Hungary,ASF,0.311,unverified,unusual_mortality,official,synthetic
BEACON-0006777,2023-03-04,2023-03-06,UKR,Ukraine,ASF,0.519,verified,trade_alert,media,synthetic
BEACON-0006778,2023-03-03,2023-03-03,EGY,Egypt,ASF,0.819,verified,media_cluster,media,synthetic
BEACON-0006779,2023-03-03,2023-03-04,MAR,Morocco,ASF,0.635,verified,media_cluster,media;official,synthetic
BEACON-0006780,2023-03-07,2023-03-08,BEL,Belgium,ASF,0.468,verified,unusual_mortality,media,synthetic
BEACON-0006781,2023-03-07,2023-03-07,ITA,Italy,ASF,0.585,unverified,media_cluster,media,synthetic
BEACON-0006782,2023-03-11,2023-03-11,ESP,Spain,ASF,0.148,unverified,media_cluster,media,synthetic
BEACON-0006783,2023-03-06,2023-03-06,POL,Poland,ASF,0.524,unverified,media_cluster,official,synthetic
BEACON-0006784,2023-03-09,2023-03-09,POL,Poland,ASF,0.316,verified,media_cluster,media,synthetic
BEACON-0006785,2023-03-06,2023-03-08,POL,Poland,ASF,0.022,verified,media_cluster,media,synthetic
BEACON-0006786,2023-03-07,2023-03-09,SRB,Serbia,ASF,0.632,verified,media_cluster,media,synthetic
BEACON-0006787,2023-03-08,2023-03-09,TUR,Türkiye,ASF,0.588,unverified,syndromic,media,synthetic
BEACON-0006788,2023-03-08,2023-03-10,TUR,Türkiye,ASF,0.521,verified,syndromic,media;official,synthetic
BEACON-0006789,2023-03-10,2023-03-11,TUR,Türkiye,ASF,0.438,unverified,unusual_mortality,official,synthetic
BEACON-0006790,2023-03-15,2023-03-17,DEU,Germany,ASF,0.248,verified,unusual_mortality,media,synthetic
BEACON-0006791,2023-03-18,2023-03-20,BEL,Belgium,ASF,0.677,unverified,unusual_mortality,media,synthetic
BEACON-0006792,2023-03-18,2023-03-18,ITA,Italy,ASF,0.257,verified,media_cluster,media;official,synthetic
BEACON-0006793,2023-03-18,2023-03-18,HUN,Hungary,ASF,0.41,verified,media_cluster,media,synthetic
BEACON-0006794,2023-03-15,2023-03-17,ROU,Romania,ASF,0.371,unverified,unusual_mortality,media,synthetic
BEACON-0006795,2023-03-16,2023-03-16,SRB,Serbia,ASF,0.704,unverified,media_cluster,official,synthetic
BEACON-0006796,2023-03-18,2023-03-20,MDA,Moldova,ASF,0.299,unverified,media_cluster,field,synthetic
BEACON-0006797,2023-03-15,2023-03-15,RUS,Russian Federation,ASF,0.097,unverified,unusual_mortality,media,synthetic
BEACON-0006798,2023-03-18,2023-03-19,GEO,Georgia,ASF,0.541,unverified,trade_alert,media,synthetic
BEACON-0006799,2023-03-16,2023-03-17,TUN,Tunisia,ASF,0.281,unverified,media_cluster,media,synthetic
BEACON-0006800,2023-03-24,2023-03-26,BEL,Belgium,ASF,0.412,unverified,syndromic,media,synthetic
BEACON-0006801,2023-03-21,2023-03-23,ITA,Italy,ASF,0.291,verified,unusual_mortality,media,synthetic
BEACON-0006802,2023-03-21,2023-03-23,ROU,Romania,ASF,0.552,unverified,syndromic,media,synthetic
BEACON-0006803,2023-03-20,2023-03-21,BGR,Bulgaria,ASF,0.646,unverified,unusual_mortality,media,synthetic
BEACON-0006804,2023-03-22,2023-03-24,SRB,Serbia,ASF,0.402,unverified,media_cluster,media,synthetic
BEACON-0006805,2023-03-22,2023-03-23,RUS,Russian Federation,ASF,0.518,unverified,media_cluster,official,synthetic
BEACON-0006806,2023-03-24,2023-03-25,GEO,Georgia,ASF,0.546,unverified,media_cluster,media;official,synthetic
BEACON-0006807,2023-03-25,2023-03-27,GEO,Georgia,ASF,0.074,verified,syndromic,media,synthetic
BEACON-0006808,2023-03-25,2023-03-25,EGY,Egypt,ASF,0.56,verified,unusual_mortality,official,synthetic
BEACON-0006809,2023-03-27,2023-03-27,FRA,France,ASF,0.391,unverified,media_cluster,media,synthetic
BEACON-0006810,2023-03-28,2023-03-30,DEU,Germany,ASF,0.879,verified,trade_alert,media,synthetic
BEACON-0006811,2023-03-27,2023-03-28,DEU,Germany,ASF,0.452,verified,unusual_mortality,media,synthetic
BEACON-0006812,2023-03-27,2023-03-28,DEU,Germany,ASF,0.843,verified,syndromic,media,synthetic
BEACON-0006813,2023-03-28,2023-03-29,NLD,Netherlands,ASF,0.602,unverified,media_cluster,media,synthetic
BEACON-0006814,2023-03-30,2023-03-31,ESP,Spain,ASF,0.319,unverified,media_cluster,media,synthetic
BEACON-0006815,2023-03-28,2023-03-28,ESP,Spain,ASF,0.256,verified,media_cluster,field,synthetic
BEACON-0006816,2023-03-30,2023-03-31,POL,Poland,ASF,0.25,unverified,unusual_mortality,media;official,synthetic
BEACON-0006817,2023-03-30,2023-03-31,POL,Poland,ASF,0.722,verified,syndromic,media;official,synthetic
BEACON-0006818,2023-03-27,2023-03-28,HUN,Hungary,ASF,0.884,unverified,unusual_mortality,media,synthetic
BEACON-0006819,2023-03-31,2023-04-01,UKR,Ukraine,ASF,0.576,unverified,media_cluster,media;official,synthetic
BEACON-0006820,2023-03-30,2023-03-31,UKR,Ukraine,ASF,0.593,verified,unusual_mortality,media,synthetic
BEACON-0006821,2023-03-28,2023-03-30,EGY,Egypt,ASF,0.721,verified,unusual_mortality,media,synthetic
BEACON-0006822,2023-04-01,2023-04-01,TUN,Tunisia,ASF,0.186,unverified,unusual_mortality,media,synthetic
BEACON-0006823,2023-03-28,2023-03-29,TUN,Tunisia,ASF,0.239,unverified,media_cluster,media,synthetic
BEACON-0006824,2023-03-31,2023-04-01,TUN,Tunisia,ASF,0.235,verified,unusual_mortality,official,synthetic
BEACON-0006825,2023-03-27,2023-03-28,MAR,Morocco,ASF,0.468,unverified,media_cluster,media;official,synthetic
BEACON-0006826,2023-04-06,2023-04-08,FRA,France,ASF,0.417,verified,unusual_mortality,field,synthetic
BEACON-0006827,2023-04-07,2023-04-09,DEU,Germany,ASF,0.849,unverified,unusual_mortality,media;official,synthetic
BEACON-0006828,2023-04-08,2023-04-08,DEU,Germany,ASF,0.525,verified,media_cluster,media;official,synthetic
BEACON-0006829,2023-04-05,2023-04-06,UKR,Ukraine,ASF,0.464,verified,media_cluster,media;official,synthetic
BEACON-0006830,2023-04-04,2023-04-05,MDA,Moldova,ASF,0.623,unverified,media_cluster,media;official,synthetic
BEACON-0006831,2023-04-06,2023-04-07,GEO,Georgia,ASF,0.391,unverified,trade_alert,media;official,synthetic
BEACON-0006832,2023-04-07,2023-04-08,ISR,Israel,ASF,0.443,unverified,media_cluster,media;official,synthetic
BEACON-0006833,2023-04-08,2023-04-08,MAR,Morocco,ASF,0.822,verified,media_cluster,official,synthetic
BEACON-0006834,2023-04-03,2023-04-05,MAR,Morocco,ASF,0.412,verified,unusual_mortality,media,synthetic
BEACON-0006835,2023-04-10,2023-04-12,FRA,France,ASF,0.204,verified,unusual_mortality,official,synthetic
BEACON-0006836,2023-04-14,2023-04-14,DEU,Germany,ASF,0.214,unverified,syndromic,field,synthetic
BEACON-0006837,2023-04-13,2023-04-15,DEU,Germany,ASF,0.385,unverified,media_cluster,media;official,synthetic
BEACON-0006838,2023-04-11,2023-04-12,BEL,Belgium,ASF,0.252,unverified,media_cluster,media,synthetic
BEACON-0006839,2023-04-11,2023-04-13,BEL,Belgium,ASF,0.339,unverified,syndromic,media,synthetic
BEACON-0006840,2023-04-11,2023-04-13,ROU,Romania,ASF,0.214,unverified,unusual_mortality,media,synthetic
BEACON-0006841,2023-04-13,2023-04-13,ROU,Romania,ASF,0.719,unverified,unusual_mortality,media;official,synthetic
BEACON-0006842,2023-04-12,2023-04-12,BGR,Bulgaria,ASF,0.373,unverified,media_cluster,field,synthetic
BEACON-0006843,2023-04-14,2023-04-16,UKR,Ukraine,ASF,0.351,unverified,trade_alert,media;official,synthetic
BEACON-0006844,2023-04-15,2023-04-16,MDA,Moldova,ASF,0.294,verified,media_cluster,media,synthetic
BEACON-0006845,2023-04-13,2023-04-15,TUR,Türkiye,ASF,0.516,verified,trade_alert,media;official,synthetic
BEACON-0006846,2023-04-11,2023-04-13,GEO,Georgia,ASF,0.49,unverified,media_cluster,media,synthetic
BEACON-0006847,2023-04-15,2023-04-16,ISR,Israel,ASF,0.195,unverified,syndromic,media,synthetic
BEACON-0006848,2023-04-11,2023-04-12,ISR,Israel,ASF,0.505,unverified,trade_alert,official,synthetic
BEACON-0006849,2023-04-14,2023-04-15,EGY,Egypt,ASF,0.478,verified,unusual_mortality,media,synthetic
BEACON-0006850,2023-04-12,2023-04-14,EGY,Egypt,ASF,0.055,unverified,media_cluster,official,synthetic
BEACON-0006851,2023-04-10,2023-04-12,MAR,Morocco,ASF,0.374,unverified,media_cluster,field,synthetic
BEACON-0006852,2023-04-18,2023-04-19,FRA,France,ASF,0.361,verified,unusual_mortality,media,synthetic
BEACON-0006853,2023-04-22,2023-04-24,FRA,France,ASF,0.404,verified,media_cluster,media;official,synthetic
BEACON-0006854,2023-04-17,2023-04-17,FRA,France,ASF,0.154,unverified,media_cluster,media,synthetic
BEACON-0006855,2023-04-22,2023-04-24,FRA,France,ASF,0.132,verified,syndromic,media,synthetic
BEACON-0006856,2023-04-19,2023-04-19,ESP,Spain,ASF,0.177,unverified,unusual_mortality,media,synthetic
BEACON-0006857,2023-04-20,2023-04-20,POL,Poland,ASF,0.589,unverified,syndromic,media,synthetic
BEACON-0006858,2023-04-18,2023-04-20,HUN,Hungary,ASF,0.339,unverified,media_cluster,media,synthetic
BEACON-0006859,2023-04-17,2023-04-18,ROU,Romania,ASF,0.381,verified,trade_alert,media,synthetic
BEACON-0006860,2023-04-17,2023-04-18,UKR,Ukraine,ASF,0.385,verified,media_cluster,media,synthetic
BEACON-0006861,2023-04-18,2023-04-19,EGY,Egypt,ASF,0.31,unverified,trade_alert,field,synthetic
BEACON-0006862,2023-04-22,2023-04-24,TUN,Tunisia,ASF,0.548,unverified,media_cluster,media,synthetic
BEACON-0006863,2023-04-26,2023-04-28,FRA,France,ASF,0.86,unverified,syndromic,media;official,synthetic
BEACON-0006864,2023-04-25,2023-04-26,DEU,Germany,ASF,0.06,verified,unusual_mortality,media;official,synthetic
BEACON-0006865,2023-04-28,2023-04-28,BGR,Bulgaria,ASF,0.77,unverified,media_cluster,media;official,synthetic
BEACON-0006866,2023-04-27,2023-04-29,MDA,Moldova,ASF,0.605,verified,media_cluster,media;official,synthetic
BEACON-0006867,2023-04-25,2023-04-25,GEO,Georgia,ASF,0.796,verified,unusual_mortality,official,synthetic
BEACON-0006868,2023-04-27,2023-04-27,GEO,Georgia,ASF,0.536,unverified,media_cluster,media,synthetic
BEACON-0006869,2023-04-28,2023-04-30,GEO,Georgia,ASF,0.802,unverified,unusual_mortality,media;official,synthetic
BEACON-0006870,2023-05-05,2023-05-05,FRA,France,ASF,0.618,unverified,trade_alert,media,synthetic
BEACON-0006871,2023-05-01,2023-05-02,FRA,France,ASF,0.227,verified,syndromic,media;official,synthetic
BEACON-0006872,2023-05-04,2023-05-04,NLD,Netherlands,ASF,0.301,verified,syndromic,media,synthetic
BEACON-0006873,2023-05-04,2023-05-06,ESP,Spain,ASF,0.296,unverified,media_cluster,media,synthetic
BEACON-0006874,2023-05-02,2023-05-03,SRB,Serbia,ASF,0.251,unverified,unusual_mortality,media;official,synthetic
BEACON-0006875,2023-05-03,2023-05-05,SRB,Serbia,ASF,0.256,unverified,syndromic,official,synthetic
BEACON-0006876,2023-05-05,2023-05-05,UKR,Ukraine,ASF,0.527,unverified,media_cluster,media,synthetic
BEACON-0006877,2023-05-02,2023-05-03,GEO,Georgia,ASF,0.471,verified,unusual_mortality,media;official,synthetic
BEACON-0006878,2023-05-04,2023-05-04,EGY,Egypt,ASF,0.428,verified,unusual_mortality,media,synthetic
BEACON-0006879,2023-05-03,2023-05-05,MAR,Morocco,ASF,0.638,unverified,unusual_mortality,media,synthetic
BEACON-0006880,2023-05-08,2023-05-09,FRA,France,ASF,0.346,verified,unusual_mortality,media,synthetic
BEACON-0006881,2023-05-13,2023-05-13,FRA,France,ASF,0.506,unverified,trade_alert,media,synthetic
BEACON-0006882,2023-05-09,2023-05-11,FRA,France,ASF,0.553,verified,unusual_mortality,official,synthetic
BEACON-0006883,2023-05-12,2023-05-12,DEU,Germany,ASF,0.115,unverified,trade_alert,official,synthetic
BEACON-0006884,2023-05-08,2023-05-10,DEU,Germany,ASF,0.2,unverified,syndromic,media;official,synthetic
BEACON-0006885,2023-05-13,2023-05-13,BEL,Belgium,ASF,0.77,verified,syndromic,media,synthetic
BEACON-0006886,2023-05-13,2023-05-15,BEL,Belgium,ASF,0.349,unverified,media_cluster,media,synthetic
BEACON-0006887,2023-05-10,2023-05-12,BEL,Belgium,ASF,0.07,unverified,media_cluster,media,synthetic
BEACON-0006888,2023-05-09,2023-05-11,POL,Poland,ASF,0.315,unverified,media_cluster,media,synthetic
BEACON-0006889,2023-05-12,2023-05-12,BGR,Bulgaria,ASF,0.107,verified,unusual_mortality,media;official,synthetic
BEACON-0006890,2023-05-11,2023-05-11,SRB,Serbia,ASF,0.47,unverified,media_cluster,official,synthetic
BEACON-0006891,2023-05-11,2023-05-12,UKR,Ukraine,ASF,0.235,verified,unusual_mortality,media,synthetic
BEACON-0006892,2023-05-10,2023-05-11,TUR,Türkiye,ASF,0.265,unverified,unusual_mortality,field,synthetic
BEACON-0006893,2023-05-10,2023-05-12,TUR,Türkiye,ASF,0.647,verified,syndromic,media;official,synthetic
BEACON-0006894,2023-05-16,2023-05-18,FRA,France,ASF,0.138,unverified,unusual_mortality,media,synthetic
BEACON-0006895,2023-05-19,2023-05-19,FRA,France,ASF,0.358,verified,media_cluster,field,synthetic
BEACON-0006896,2023-05-15,2023-05-16,BEL,Belgium,ASF,0.264,unverified,media_cluster,media;official,synthetic
BEACON-0006897,2023-05-16,2023-05-16,ITA,Italy,ASF,0.26,unverified,media_cluster,media,synthetic
BEACON-0006898,2023-05-18,2023-05-20,ESP,Spain,ASF,0.263,unverified,unusual_mortality,media;official,synthetic
BEACON-0006899,2023-05-15,2023-05-15,HUN,Hungary,ASF,0.655,verified,media_cluster,media,synthetic
BEACON-0006900,2023-05-16,2023-05-18,ROU,Romania,ASF,0.451,unverified,unusual_mortality,media;official,synthetic
BEACON-0006901,2023-05-18,2023-05-18,MDA,Moldova,ASF,0.68,unverified,syndromic,media;official,synthetic
BEACON-0006902,2023-05-15,2023-05-17,TUR,Türkiye,ASF,0.254,unverified,media_cluster,media,synthetic
BEACON-0006903,2023-05-16,2023-05-17,TUR,Türkiye,ASF,0.168,unverified,media_cluster,media,synthetic
BEACON-0006904,2023-05-19,2023-05-19,GEO,Georgia,ASF,0.475,verified,unusual_mortality,media,synthetic
BEACON-0006905,2023-05-17,2023-05-17,EGY,Egypt,ASF,0.591,unverified,media_cluster,media,synthetic
BEACON-0006906,2023-05-17,2023-05-17,MAR,Morocco,ASF,0.458,unverified,media_cluster,official,synthetic
BEACON-0006907,2023-05-23,2023-05-23,NLD,Netherlands,ASF,0.649,unverified,media_cluster,media,synthetic
BEACON-0006908,2023-05-26,2023-05-26,ROU,Romania,ASF,0.17,unverified,media_cluster,media,synthetic
BEACON-0006909,2023-05-27,2023-05-28,BGR,Bulgaria,ASF,0.176,unverified,media_cluster,media,synthetic
BEACON-0006910,2023-05-26,2023-05-28,GEO,Georgia,ASF,0.176,unverified,media_cluster,media;official,synthetic
BEACON-0006911,2023-05-23,2023-05-24,ISR,Israel,ASF,0.632,verified,media_cluster,media,synthetic
BEACON-0006912,2023-05-22,2023-05-22,TUN,Tunisia,ASF,0.651,unverified,media_cluster,media;official,synthetic
BEACON-0006913,2023-05-22,2023-05-23,MAR,Morocco,ASF,0.207,verified,unusual_mortality,field,synthetic
BEACON-0006914,2023-05-22,2023-05-23,MAR,Morocco,ASF,0.586,verified,trade_alert,field,synthetic
BEACON-0006915,2023-05-27,2023-05-29,MAR,Morocco,ASF,0.36,unverified,trade_alert,media,synthetic
BEACON-0006916,2023-06-02,2023-06-03,FRA,France,ASF,0.395,verified,media_cluster,field,synthetic
BEACON-0006917,2023-05-30,2023-05-31,ESP,Spain,ASF,0.37,unverified,trade_alert,media;official,synthetic
BEACON-0006918,2023-06-03,2023-06-03,POL,Poland,ASF,0.504,unverified,media_cluster,media;official,synthetic
BEACON-0006919,2023-05-29,2023-05-30,HUN,Hungary,ASF,0.188,unverified,media_cluster,media,synthetic
BEACON-0006920,2023-06-01,2023-06-03,BGR,Bulgaria,ASF,0.139,unverified,unusual_mortality,media,synthetic
BEACON-0006921,2023-06-01,2023-06-02,SRB,Serbia,ASF,0.32,unverified,media_cluster,media;official,synthetic
BEACON-0006922,2023-06-01,2023-06-02,RUS,Russian Federation,ASF,0.416,verified,unusual_mortality,official,synthetic
BEACON-0006923,2023-06-02,2023-06-02,RUS,Russian Federation,ASF,0.455,verified,media_cluster,official,synthetic
BEACON-0006924,2023-06-02,2023-06-03,RUS,Russian Federation,ASF,0.222,unverified,syndromic,media,synthetic
BEACON-0006925,2023-05-30,2023-06-01,TUR,Türkiye,ASF,0.36,unverified,trade_alert,media,synthetic
BEACON-0006926,2023-05-30,2023-05-30,TUR,Türkiye,ASF,0.6,unverified,syndromic,official,synthetic
BEACON-0006927,2023-06-03,2023-06-03,EGY,Egypt,ASF,0.647,unverified,syndromic,media;official,synthetic
BEACON-0006928,2023-05-31,2023-05-31,MAR,Morocco,ASF,0.339,unverified,media_cluster,media,synthetic
BEACON-0006929,2023-05-30,2023-05-30,MAR,Morocco,ASF,0.316,unverified,unusual_mortality,media,synthetic
BEACON-0006930,2023-06-07,2023-06-08,DEU,Germany,ASF,0.197,verified,unusual_mortality,media;official,synthetic
BEACON-0006931,2023-06-09,2023-06-11,ITA,Italy,ASF,0.672,unverified,media_cluster,media,synthetic
BEACON-0006932,2023-06-05,2023-06-06,POL,Poland,ASF,0.207,unverified,unusual_mortality,official,synthetic
BEACON-0006933,2023-06-08,2023-06-09,ROU,Romania,ASF,0.625,verified,unusual_mortality,media,synthetic
BEACON-0006934,2023-06-08,2023-06-09,ROU,Romania,ASF,0.561,unverified,syndromic,official,synthetic
BEACON-0006935,2023-06-08,2023-06-10,ROU,Romania,ASF,0.323,verified,unusual_mortality,media;official,synthetic
BEACON-0006936,2023-06-10,2023-06-10,ROU,Romania,ASF,0.417,verified,syndromic,official,synthetic
BEACON-0006937,2023-06-09,2023-06-10,UKR,Ukraine,ASF,0.249,verified,media_cluster,media;official,synthetic
BEACON-0006938,2023-06-08,2023-06-10,UKR,Ukraine,ASF,0.413,unverified,media_cluster,media,synthetic
BEACON-0006939,2023-06-09,2023-06-11,MDA,Moldova,ASF,0.851,unverified,unusual_mortality,media,synthetic
BEACON-0006940,2023-06-10,2023-06-10,RUS,Russian Federation,ASF,0.313,unverified,unusual_mortality,media,synthetic
BEACON-0006941,2023-06-07,2023-06-07,TUN,Tunisia,ASF,0.797,verified,unusual_mortality,media,synthetic
BEACON-0006942,2023-06-05,2023-06-06,TUN,Tunisia,ASF,0.297,unverified,media_cluster,official,synthetic
BEACON-0006943,2023-06-16,2023-06-17,DEU,Germany,ASF,0.198,unverified,media_cluster,media,synthetic
BEACON-0006944,2023-06-16,2023-06-17,DEU,Germany,ASF,0.495,unverified,media_cluster,media,synthetic
BEACON-0006945,2023-06-17,2023-06-17,ESP,Spain,ASF,0.343,verified,unusual_mortality,field,synthetic
BEACON-0006946,2023-06-14,2023-06-14,HUN,Hungary,ASF,0.255,verified,trade_alert,media;official,synthetic
BEACON-0006947,2023-06-17,2023-06-17,BGR,Bulgaria,ASF,0.24,unverified,syndromic,media,synthetic
BEACON-0006948,2023-06-16,2023-06-17,GEO,Georgia,ASF,0.49,verified,unusual_mortality,media;official,synthetic
BEACON-0006949,2023-06-16,2023-06-17,TUN,Tunisia,ASF,0.381,unverified,syndromic,official,synthetic
BEACON-0006950,2023-06-24,2023-06-24,FRA,France,ASF,0.634,unverified,media_cluster,media,synthetic
BEACON-0006951,2023-06-24,2023-06-24,ITA,Italy,ASF,0.284,unverified,unusual_mortality,media,synthetic
BEACON-0006952,2023-06-22,2023-06-22,POL,Poland,ASF,0.401,verified,unusual_mortality,media,synthetic
BEACON-0006953,2023-06-23,2023-06-25,POL,Poland,ASF,0.214,verified,media_cluster,media,synthetic
BEACON-0006954,2023-06-23,2023-06-23,HUN,Hungary,ASF,0.663,verified,media_cluster,official,synthetic
BEACON-0006955,2023-06-22,2023-06-24,UKR,Ukraine,ASF,0.962,verified,trade_alert,official,synthetic
BEACON-0006956,2023-06-23,2023-06-24,MDA,Moldova,ASF,0.504,unverified,unusual_mortality,media,synthetic
BEACON-0006957,2023-06-19,2023-06-21,GEO,Georgia,ASF,0.619,unverified,media_cluster,official,synthetic
BEACON-0006958,2023-06-22,2023-06-24,GEO,Georgia,ASF,0.191,unverified,media_cluster,field,synthetic
BEACON-0006959,2023-06-22,2023-06-23,TUN,Tunisia,ASF,0.014,unverified,syndromic,media,synthetic
BEACON-0006960,2023-06-28,2023-06-30,DEU,Germany,ASF,0.55,verified,unusual_mortality,official,synthetic
BEACON-0006961,2023-06-29,2023-06-30,NLD,Netherlands,ASF,0.559,verified,media_cluster,media,synthetic
BEACON-0006962,2023-06-29,2023-06-30,NLD,Netherlands,ASF,0.823,unverified,media_cluster,media;official,synthetic
BEACON-0006963,2023-06-28,2023-06-29,ITA,Italy,ASF,0.74,unverified,trade_alert,media,synthetic
BEACON-0006964,2023-06-26,2023-06-28,ITA,Italy,ASF,0.539,unverified,unusual_mortality,media,synthetic
BEACON-0006965,2023-06-28,2023-06-29,POL,Poland,ASF,0.492,unverified,media_cluster,field,synthetic
BEACON-0006966,2023-06-29,2023-06-29,ROU,Romania,ASF,0.433,unverified,media_cluster,media,synthetic
BEACON-0006967,2023-06-30,2023-06-30,BGR,Bulgaria,ASF,0.93,unverified,syndromic,official,synthetic
BEACON-0006968,2023-06-27,2023-06-28,UKR,Ukraine,ASF,0.584,verified,media_cluster,media,synthetic
BEACON-0006969,2023-06-29,2023-06-29,UKR,Ukraine,ASF,0.829,verified,media_cluster,media,synthetic
BEACON-0006970,2023-06-29,2023-06-29,MDA,Moldova,ASF,0.152,unverified,media_cluster,media;official,synthetic
BEACON-0006971,2023-06-28,2023-06-29,TUR,Türkiye,ASF,0.447,unverified,trade_alert,media,synthetic
BEACON-0006972,2023-06-30,2023-07-02,TUR,Türkiye,ASF,0.764,verified,unusual_mortality,media;official,synthetic
BEACON-0006973,2023-06-28,2023-06-28,ISR,Israel,ASF,0.192,unverified,trade_alert,official,synthetic
BEACON-0006974,2023-06-28,2023-06-29,EGY,Egypt,ASF,0.354,verified,trade_alert,media,synthetic
BEACON-0006975,2023-06-30,2023-07-01,TUN,Tunisia,ASF,0.573,verified,syndromic,media,synthetic
BEACON-0006976,2023-07-04,2023-07-04,BEL,Belgium,ASF,0.186,verified,trade_alert,official,synthetic
BEACON-0006977,2023-07-07,2023-07-08,ESP,Spain,ASF,0.666,verified,unusual_mortality,media,synthetic
BEACON-0006978,2023-07-06,2023-07-08,POL,Poland,ASF,0.795,unverified,media_cluster,media;official,synthetic
BEACON-0006979,2023-07-03,2023-07-03,HUN,Hungary,ASF,0.531,unverified,media_cluster,media,synthetic
BEACON-0006980,2023-07-03,2023-07-03,HUN,Hungary,ASF,0.346,unverified,media_cluster,media,synthetic
BEACON-0006981,2023-07-04,2023-07-04,HUN,Hungary,ASF,0.477,verified,media_cluster,media;official,synthetic
BEACON-0006982,2023-07-04,2023-07-04,ROU,Romania,ASF,0.68,unverified,unusual_mortality,media,synthetic
BEACON-0006983,2023-07-04,2023-07-05,ROU,Romania,ASF,0.469,verified,media_cluster,media;official,synthetic
BEACON-0006984,2023-07-03,2023-07-03,BGR,Bulgaria,ASF,0.019,unverified,media_cluster,media,synthetic
BEACON-0006985,2023-07-08,2023-07-10,RUS,Russian Federation,ASF,0.143,unverified,media_cluster,official,synthetic
BEACON-0006986,2023-07-06,2023-07-08,RUS,Russian Federation,ASF,0.476,verified,unusual_mortality,media,synthetic
BEACON-0006987,2023-07-07,2023-07-08,TUR,Türkiye,ASF,0.771,unverified,syndromic,media,synthetic
BEACON-0006988,2023-07-04,2023-07-06,GEO,Georgia,ASF,0.238,unverified,trade_alert,media,synthetic
BEACON-0006989,2023-07-03,2023-07-04,ISR,Israel,ASF,0.722,unverified,unusual_mortality,official,synthetic
BEACON-0006990,2023-07-07,2023-07-08,MAR,Morocco,ASF,0.25,unverified,media_cluster,media,synthetic
BEACON-0006991,2023-07-04,2023-07-05,MAR,Morocco,ASF,0.527,unverified,media_cluster,media,synthetic
BEACON-0006992,2023-07-14,2023-07-14,NLD,Netherlands,ASF,0.514,unverified,media_cluster,media,synthetic
BEACON-0006993,2023-07-13,2023-07-13,NLD,Netherlands,ASF,0.562,verified,syndromic,media,synthetic
BEACON-0006994,2023-07-13,2023-07-13,BEL,Belgium,ASF,0.376,unverified,syndromic,media;official,synthetic
BEACON-0006995,2023-07-13,2023-07-14,ITA,Italy,ASF,0.133,verified,unusual_mortality,media;official,synthetic
BEACON-0006996,2023-07-10,2023-07-10,ITA,Italy,ASF,0.323,unverified,media_cluster,field,synthetic
BEACON-0006997,2023-07-12,2023-07-14,ITA,Italy,ASF,0.642,verified,media_cluster,media,synthetic
BEACON-0006998,2023-07-15,2023-07-16,POL,Poland,ASF,0.188,unverified,unusual_mortality,official,synthetic
BEACON-0006999,2023-07-12,2023-07-14,POL,Poland,ASF,0.477,verified,media_cluster,official,synthetic
BEACON-0007000,2023-07-10,2023-07-12,HUN,Hungary,ASF,0.699,verified,unusual_mortality,media,synthetic
BEACON-0007001,2023-07-11,2023-07-11,SRB,Serbia,ASF,0.647,unverified,media_cluster,media;official,synthetic
BEACON-0007002,2023-07-10,2023-07-11,UKR,Ukraine,ASF,0.278,unverified,syndromic,media;official,synthetic
BEACON-0007003,2023-07-12,2023-07-14,MDA,Moldova,ASF,0.366,unverified,media_cluster,media,synthetic
BEACON-0007004,2023-07-14,2023-07-16,RUS,Russian Federation,ASF,0.449,verified,media_cluster,media,synthetic
BEACON-0007005,2023-07-15,2023-07-15,EGY,Egypt,ASF,0.23,verified,unusual_mortality,media;official,synthetic
BEACON-0007006,2023-07-13,2023-07-13,MAR,Morocco,ASF,0.283,unverified,syndromic,media,synthetic
BEACON-0007007,2023-07-17,2023-07-18,DEU,Germany,ASF,0.105,verified,media_cluster,media,synthetic
BEACON-0007008,2023-07-19,2023-07-20,DEU,Germany,ASF,0.442,unverified,unusual_mortality,field,synthetic
BEACON-0007009,2023-07-21,2023-07-21,BGR,Bulgaria,ASF,0.781,unverified,trade_alert,field,synthetic
BEACON-0007010,2023-07-20,2023-07-22,SRB,Serbia,ASF,0.221,unverified,media_cluster,media;official,synthetic
BEACON-0007011,2023-07-22,2023-07-22,UKR,Ukraine,ASF,0.607,verified,trade_alert,media;official,synthetic
BEACON-0007012,2023-07-22,2023-07-22,RUS,Russian Federation,ASF,0.344,unverified,unusual_mortality,media,synthetic
BEACON-0007013,2023-07-20,2023-07-21,GEO,Georgia,ASF,0.297,unverified,trade_alert,media;official,synthetic
BEACON-0007014,2023-07-17,2023-07-18,ISR,Israel,ASF,0.636,unverified,syndromic,field,synthetic
BEACON-0007015,2023-07-17,2023-07-18,EGY,Egypt,ASF,0.309,unverified,unusual_mortality,media,synthetic
BEACON-0007016,2023-07-18,2023-07-19,MAR,Morocco,ASF,0.701,verified,unusual_mortality,media;official,synthetic
BEACON-0007017,2023-07-17,2023-07-19,MAR,Morocco,ASF,0.138,verified,unusual_mortality,media,synthetic
BEACON-0007018,2023-07-25,2023-07-25,BEL,Belgium,ASF,0.317,unverified,syndromic,media,synthetic
BEACON-0007019,2023-07-25,2023-07-26,POL,Poland,ASF,0.298,verified,unusual_mortality,official,synthetic
BEACON-0007020,2023-07-28,2023-07-29,BGR,Bulgaria,ASF,0.726,verified,trade_alert,media;official,synthetic
BEACON-0007021,2023-07-26,2023-07-28,SRB,Serbia,ASF,0.593,verified,media_cluster,official,synthetic
BEACON-0007022,2023-07-24,2023-07-26,RUS,Russian Federation,ASF,0.849,unverified,media_cluster,media;official,synthetic
BEACON-0007023,2023-07-25,2023-07-27,TUR,Türkiye,ASF,0.307,unverified,unusual_mortality,official,synthetic
BEACON-0007024,2023-07-29,2023-07-31,GEO,Georgia,ASF,0.557,unverified,syndromic,media,synthetic
BEACON-0007025,2023-07-24,2023-07-25,MAR,Morocco,ASF,0.04,unverified,media_cluster,field,synthetic
BEACON-0007026,2023-08-03,2023-08-05,ITA,Italy,ASF,0.965,verified,media_cluster,media;official,synthetic
BEACON-0007027,2023-08-01,2023-08-03,ITA,Italy,ASF,0.373,unverified,unusual_mortality,media,synthetic
BEACON-0007028,2023-08-04,2023-08-05,ESP,Spain,ASF,0.772,verified,media_cluster,media,synthetic
BEACON-0007029,2023-08-05,2023-08-07,POL,Poland,ASF,0.462,unverified,unusual_mortality,media,synthetic
BEACON-0007030,2023-08-01,2023-08-02,POL,Poland,ASF,0.746,unverified,unusual_mortality,field,synthetic
BEACON-0007031,2023-08-05,2023-08-05,HUN,Hungary,ASF,0.231,verified,syndromic,media,synthetic
BEACON-0007032,2023-08-05,2023-08-05,BGR,Bulgaria,ASF,0.416,verified,unusual_mortality,official,synthetic
BEACON-0007033,2023-08-04,2023-08-04,MDA,Moldova,ASF,0.143,unverified,unusual_mortality,media;official,synthetic
BEACON-0007034,2023-08-03,2023-08-03,RUS,Russian Federation,ASF,0.514,unverified,unusual_mortality,media;official,synthetic
BEACON-0007035,2023-08-04,2023-08-06,TUR,Türkiye,ASF,0.469,verified,media_cluster,official,synthetic
BEACON-0007036,2023-08-03,2023-08-04,TUR,Türkiye,ASF,0.618,unverified,unusual_mortality,media,synthetic
BEACON-0007037,2023-08-02,2023-08-02,TUR,Türkiye,ASF,0.274,unverified,media_cluster,media;official,synthetic
BEACON-0007038,2023-08-01,2023-08-01,TUR,Türkiye,ASF,0.797,unverified,unusual_mortality,media,synthetic
BEACON-0007039,2023-08-02,2023-08-04,GEO,Georgia,ASF,0.287,verified,syndromic,media;official,synthetic
BEACON-0007040,2023-08-04,2023-08-04,GEO,Georgia,ASF,0.712,unverified,trade_alert,media,synthetic
BEACON-0007041,2023-07-31,2023-08-01,EGY,Egypt,ASF,0.597,unverified,syndromic,media,synthetic
BEACON-0007042,2023-08-02,2023-08-04,EGY,Egypt,ASF,0.24,unverified,syndromic,media,synthetic
BEACON-0007043,2023-08-11,2023-08-13,FRA,France,ASF,0.361,unverified,media_cluster,media,synthetic
BEACON-0007044,2023-08-08,2023-08-10,BEL,Belgium,ASF,0.548,verified,media_cluster,media;official,synthetic
BEACON-0007045,2023-08-07,2023-08-09,BEL,Belgium,ASF,0.504,verified,unusual_mortality,media,synthetic
BEACON-0007046,2023-08-11,2023-08-12,POL,Poland,ASF,0.406,unverified,syndromic,media;official,synthetic
BEACON-0007047,2023-08-09,2023-08-11,HUN,Hungary,ASF,0.658,unverified,media_cluster,official,synthetic
BEACON-0007048,2023-08-09,2023-08-10,HUN,Hungary,ASF,0.573,unverified,media_cluster,media,synthetic
BEACON-0007049,2023-08-09,2023-08-09,BGR,Bulgaria,ASF,0.388,unverified,trade_alert,media,synthetic
BEACON-0007050,2023-08-08,2023-08-08,SRB,Serbia,ASF,0.136,verified,media_cluster,media,synthetic
BEACON-0007051,2023-08-07,2023-08-08,RUS,Russian Federation,ASF,0.111,unverified,unusual_mortality,media;official,synthetic
BEACON-0007052,2023-08-08,2023-08-09,TUR,Türkiye,ASF,0.5,unverified,media_cluster,official,synthetic
BEACON-0007053,2023-08-08,2023-08-09,MAR,Morocco,ASF,0.576,unverified,unusual_mortality,media,synthetic
BEACON-0007054,2023-08-14,2023-08-15,NLD,Netherlands,ASF,0.539,verified,media_cluster,official,synthetic
BEACON-0007055,2023-08-14,2023-08-15,NLD,Netherlands,ASF,0.617,unverified,trade_alert,media,synthetic
BEACON-0007056,2023-08-19,2023-08-20,ITA,Italy,ASF,0.813,unverified,media_cluster,media,synthetic
BEACON-0007057,2023-08-18,2023-08-20,ESP,Spain,ASF,0.256,verified,unusual_mortality,official,synthetic
BEACON-0007058,2023-08-16,2023-08-18,POL,Poland,ASF,0.473,unverified,media_cluster,official,synthetic
BEACON-0007059,2023-08-14,2023-08-15,POL,Poland,ASF,0.869,verified,trade_alert,media;official,synthetic
BEACON-0007060,2023-08-18,2023-08-19,UKR,Ukraine,ASF,0.224,verified,unusual_mortality,field,synthetic
BEACON-0007061,2023-08-17,2023-08-17,MDA,Moldova,ASF,0.155,unverified,unusual_mortality,media,synthetic
BEACON-0007062,2023-08-17,2023-08-17,RUS,Russian Federation,ASF,0.491,verified,media_cluster,media,synthetic
BEACON-0007063,2023-08-17,2023-08-17,TUR,Türkiye,ASF,0.557,unverified,media_cluster,media,synthetic
BEACON-0007064,2023-08-15,2023-08-16,TUR,Türkiye,ASF,0.434,unverified,unusual_mortality,official,synthetic
BEACON-0007065,2023-08-14,2023-08-16,GEO,Georgia,ASF,0.479,verified,unusual_mortality,media;official,synthetic
BEACON-0007066,2023-08-14,2023-08-14,ISR,Israel,ASF,0.424,verified,media_cluster,official,synthetic
BEACON-0007067,2023-08-18,2023-08-19,EGY,Egypt,ASF,0.417,unverified,media_cluster,media,synthetic
BEACON-0007068,2023-08-15,2023-08-17,TUN,Tunisia,ASF,0.764,unverified,trade_alert,media,synthetic
BEACON-0007069,2023-08-19,2023-08-21,TUN,Tunisia,ASF,0.975,verified,unusual_mortality,media,synthetic
BEACON-0007070,2023-08-18,2023-08-19,MAR,Morocco,ASF,0.606,unverified,media_cluster,media;official,synthetic
BEACON-0007071,2023-08-16,2023-08-18,MAR,Morocco,ASF,0.537,unverified,media_cluster,media,synthetic
BEACON-0007072,2023-08-24,2023-08-26,DEU,Germany,ASF,0.475,verified,syndromic,media,synthetic
BEACON-0007073,2023-08-22,2023-08-24,DEU,Germany,ASF,0.641,unverified,syndromic,media,synthetic
BEACON-0007074,2023-08-26,2023-08-28,NLD,Netherlands,ASF,0.226,unverified,media_cluster,media,synthetic
BEACON-0007075,2023-08-23,2023-08-25,ROU,Romania,ASF,0.668,verified,unusual_mortality,official,synthetic
BEACON-0007076,2023-08-23,2023-08-23,UKR,Ukraine,ASF,0.762,unverified,syndromic,field,synthetic
BEACON-0007077,2023-08-25,2023-08-25,UKR,Ukraine,ASF,0.616,verified,media_cluster,media;official,synthetic
BEACON-0007078,2023-08-26,2023-08-27,TUR,Türkiye,ASF,0.441,verified,media_cluster,media,synthetic
BEACON-0007079,2023-08-21,2023-08-21,TUR,Türkiye,ASF,0.691,unverified,unusual_mortality,media;official,synthetic
BEACON-0007080,2023-08-25,2023-08-25,TUN,Tunisia,ASF,0.264,unverified,media_cluster,media,synthetic
BEACON-0007081,2023-08-25,2023-08-26,TUN,Tunisia,ASF,0.567,verified,media_cluster,media,synthetic
BEACON-0007082,2023-08-31,2023-09-02,DEU,Germany,ASF,0.9,unverified,media_cluster,media,synthetic
BEACON-0007083,2023-08-28,2023-08-29,BEL,Belgium,ASF,0.353,verified,media_cluster,media;official,synthetic
BEACON-0007084,2023-09-01,2023-09-03,ESP,Spain,ASF,0.437,verified,media_cluster,media,synthetic
BEACON-0007085,2023-09-02,2023-09-04,ESP,Spain,ASF,0.398,verified,trade_alert,media,synthetic
BEACON-0007086,2023-08-30,2023-09-01,ESP,Spain,ASF,0.406,unverified,trade_alert,media;official,synthetic
BEACON-0007087,2023-08-29,2023-08-31,POL,Poland,ASF,0.202,unverified,syndromic,media,synthetic
BEACON-0007088,2023-08-30,2023-08-30,POL,Poland,ASF,0.437,verified,trade_alert,official,synthetic
BEACON-0007089,2023-09-01,2023-09-01,HUN,Hungary,ASF,0.784,unverified,media_cluster,media;official,synthetic
BEACON-0007090,2023-08-29,2023-08-31,HUN,Hungary,ASF,0.391,unverified,unusual_mortality,official,synthetic
BEACON-0007091,2023-08-28,2023-08-30,ROU,Romania,ASF,0.78,unverified,unusual_mortality,official,synthetic
BEACON-0007092,2023-08-29,2023-08-29,SRB,Serbia,ASF,0.331,unverified,syndromic,media,synthetic
BEACON-0007093,2023-09-01,2023-09-02,MDA,Moldova,ASF,0.491,unverified,unusual_mortality,media;official,synthetic
BEACON-0007094,2023-08-29,2023-08-29,RUS,Russian Federation,ASF,0.444,verified,syndromic,media;official,synthetic
BEACON-0007095,2023-09-01,2023-09-01,GEO,Georgia,ASF,0.271,verified,syndromic,media,synthetic
BEACON-0007096,2023-09-02,2023-09-02,EGY,Egypt,ASF,0.145,unverified,media_cluster,media,synthetic
BEACON-0007097,2023-09-02,2023-09-02,MAR,Morocco,ASF,0.421,unverified,syndromic,official,synthetic
BEACON-0007098,2023-09-09,2023-09-10,FRA,France,ASF,0.24,verified,trade_alert,media,synthetic
BEACON-0007099,2023-09-06,2023-09-07,FRA,France,ASF,0.159,verified,unusual_mortality,media,synthetic
BEACON-0007100,2023-09-08,2023-09-10,DEU,Germany,ASF,0.582,unverified,unusual_mortality,media;official,synthetic
BEACON-0007101,2023-09-08,2023-09-10,DEU,Germany,ASF,0.342,verified,media_cluster,media;official,synthetic
BEACON-0007102,2023-09-06,2023-09-07,DEU,Germany,ASF,0.407,unverified,trade_alert,official,synthetic
BEACON-0007103,2023-09-05,2023-09-05,BEL,Belgium,ASF,0.711,verified,media_cluster,media,synthetic
BEACON-0007104,2023-09-07,2023-09-09,ITA,Italy,ASF,0.39,unverified,trade_alert,media;official,synthetic
BEACON-0007105,2023-09-09,2023-09-11,HUN,Hungary,ASF,0.527,unverified,syndromic,media,synthetic
BEACON-0007106,2023-09-05,2023-09-07,ROU,Romania,ASF,0.358,verified,trade_alert,field,synthetic
BEACON-0007107,2023-09-06,2023-09-07,ROU,Romania,ASF,0.758,verified,media_cluster,media,synthetic
BEACON-0007108,2023-09-09,2023-09-10,BGR,Bulgaria,ASF,0.738,verified,media_cluster,field,synthetic
BEACON-0007109,2023-09-04,2023-09-04,SRB,Serbia,ASF,0.612,unverified,unusual_mortality,media,synthetic
BEACON-0007110,2023-09-08,2023-09-08,SRB,Serbia,ASF,0.692,verified,unusual_mortality,media;official,synthetic
BEACON-0007111,2023-09-07,2023-09-07,SRB,Serbia,ASF,0.888,unverified,trade_alert,media,synthetic
BEACON-0007112,2023-09-07,2023-09-08,MDA,Moldova,ASF,0.539,unverified,syndromic,media,synthetic
BEACON-0007113,2023-09-04,2023-09-05,RUS,Russian Federation,ASF,0.884,unverified,syndromic,media;official,synthetic
BEACON-0007114,2023-09-04,2023-09-05,RUS,Russian Federation,ASF,0.349,unverified,media_cluster,field,synthetic
BEACON-0007115,2023-09-06,2023-09-07,GEO,Georgia,ASF,0.84,verified,media_cluster,media;official,synthetic
BEACON-0007116,2023-09-08,2023-09-08,EGY,Egypt,ASF,0.283,verified,media_cluster,official,synthetic
BEACON-0007117,2023-09-04,2023-09-04,TUN,Tunisia,ASF,0.124,unverified,unusual_mortality,field,synthetic
BEACON-0007118,2023-09-04,2023-09-04,TUN,Tunisia,ASF,0.582,verified,media_cluster,media,synthetic
BEACON-0007119,2023-09-05,2023-09-05,MAR,Morocco,ASF,0.405,verified,trade_alert,media,synthetic
BEACON-0007120,2023-09-07,2023-09-09,MAR,Morocco,ASF,0.357,unverified,unusual_mortality,media,synthetic
BEACON-0007121,2023-09-12,2023-09-13,DEU,Germany,ASF,0.429,verified,unusual_mortality,official,synthetic
BEACON-0007122,2023-09-16,2023-09-17,DEU,Germany,ASF,0.168,unverified,unusual_mortality,media,synthetic
BEACON-0007123,2023-09-12,2023-09-12,ITA,Italy,ASF,0.454,unverified,unusual_mortality,media,synthetic
BEACON-0007124,2023-09-11,2023-09-13,ITA,Italy,ASF,0.308,unverified,unusual_mortality,media,synthetic
BEACON-0007125,2023-09-15,2023-09-15,ESP,Spain,ASF,0.167,unverified,unusual_mortality,media,synthetic
BEACON-0007126,2023-09-12,2023-09-14,ESP,Spain,ASF,0.46,unverified,unusual_mortality,media;official,synthetic
BEACON-0007127,2023-09-16,2023-09-16,ESP,Spain,ASF,0.123,verified,unusual_mortality,media;official,synthetic
BEACON-0007128,2023-09-13,2023-09-13,HUN,Hungary,ASF,0.42,verified,media_cluster,field,synthetic
BEACON-0007129,2023-09-14,2023-09-15,ROU,Romania,ASF,0.787,unverified,syndromic,media,synthetic
BEACON-0007130,2023-09-13,2023-09-13,SRB,Serbia,ASF,0.221,unverified,media_cluster,official,synthetic
BEACON-0007131,2023-09-15,2023-09-16,SRB,Serbia,ASF,0.779,unverified,media_cluster,media;official,synthetic
BEACON-0007132,2023-09-16,2023-09-17,UKR,Ukraine,ASF,0.295,verified,media_cluster,media,synthetic
BEACON-0007133,2023-09-12,2023-09-14,RUS,Russian Federation,ASF,0.357,verified,trade_alert,media,synthetic
BEACON-0007134,2023-09-14,2023-09-14,GEO,Georgia,ASF,0.21,verified,trade_alert,media;official,synthetic
BEACON-0007135,2023-09-11,2023-09-12,ISR,Israel,ASF,0.808,verified,trade_alert,official,synthetic
BEACON-0007136,2023-09-11,2023-09-11,EGY,Egypt,ASF,0.439,unverified,media_cluster,media;official,synthetic
BEACON-0007137,2023-09-11,2023-09-13,EGY,Egypt,ASF,0.498,verified,unusual_mortality,media,synthetic
BEACON-0007138,2023-09-16,2023-09-16,MAR,Morocco,ASF,0.247,verified,unusual_mortality,media;official,synthetic
BEACON-0007139,2023-09-18,2023-09-18,FRA,France,ASF,0.558,verified,unusual_mortality,official,synthetic
BEACON-0007140,2023-09-20,2023-09-20,DEU,Germany,ASF,0.46,unverified,media_cluster,field,synthetic
BEACON-0007141,2023-09-22,2023-09-24,DEU,Germany,ASF,0.243,verified,unusual_mortality,media,synthetic
BEACON-0007142,2023-09-19,2023-09-19,DEU,Germany,ASF,0.117,verified,unusual_mortality,media;official,synthetic
BEACON-0007143,2023-09-21,2023-09-22,DEU,Germany,ASF,0.427,verified,unusual_mortality,media,synthetic
BEACON-0007144,2023-09-23,2023-09-25,BEL,Belgium,ASF,0.792,verified,media_cluster,media;official,synthetic
BEACON-0007145,2023-09-19,2023-09-21,POL,Poland,ASF,0.381,unverified,trade_alert,media,synthetic
BEACON-0007146,2023-09-21,2023-09-23,HUN,Hungary,ASF,0.957,verified,media_cluster,media,synthetic
BEACON-0007147,2023-09-23,2023-09-25,ROU,Romania,ASF,0.485,unverified,unusual_mortality,media,synthetic
BEACON-0007148,2023-09-20,2023-09-21,ROU,Romania,ASF,0.681,unverified,syndromic,media,synthetic
BEACON-0007149,2023-09-18,2023-09-18,BGR,Bulgaria,ASF,0.019,unverified,media_cluster,field,synthetic
BEACON-0007150,2023-09-21,2023-09-23,BGR,Bulgaria,ASF,0.4,unverified,syndromic,media,synthetic
BEACON-0007151,2023-09-18,2023-09-19,UKR,Ukraine,ASF,0.892,unverified,unusual_mortality,media,synthetic
BEACON-0007152,2023-09-23,2023-09-25,TUR,Türkiye,ASF,0.748,unverified,unusual_mortality,media,synthetic
BEACON-0007153,2023-09-21,2023-09-22,GEO,Georgia,ASF,0.791,unverified,unusual_mortality,media,synthetic
BEACON-0007154,2023-09-20,2023-09-20,GEO,Georgia,ASF,0.819,verified,media_cluster,media,synthetic
BEACON-0007155,2023-09-22,2023-09-24,TUN,Tunisia,ASF,0.129,unverified,media_cluster,official,synthetic
BEACON-0007156,2023-09-21,2023-09-23,MAR,Morocco,ASF,0.619,unverified,unusual_mortality,media,synthetic
BEACON-0007157,2023-09-25,2023-09-25,ESP,Spain,ASF,0.922,unverified,unusual_mortality,media,synthetic
BEACON-0007158,2023-09-29,2023-09-30,ESP,Spain,ASF,0.641,unverified,unusual_mortality,media;official,synthetic
BEACON-0007159,2023-09-25,2023-09-26,ESP,Spain,ASF,0.656,unverified,media_cluster,media;official,synthetic
BEACON-0007160,2023-09-29,2023-09-29,ESP,Spain,ASF,0.395,unverified,syndromic,media,synthetic
BEACON-0007161,2023-09-26,2023-09-28,POL,Poland,ASF,0.987,unverified,media_cluster,media,synthetic
BEACON-0007162,2023-09-25,2023-09-26,POL,Poland,ASF,0.427,unverified,unusual_mortality,media;official,synthetic
BEACON-0007163,2023-09-26,2023-09-28,POL,Poland,ASF,0.452,unverified,trade_alert,media,synthetic
BEACON-0007164,2023-09-26,2023-09-27,HUN,Hungary,ASF,0.432,unverified,media_cluster,media,synthetic
BEACON-0007165,2023-09-27,2023-09-29,HUN,Hungary,ASF,0.888,unverified,trade_alert,media,synthetic
BEACON-0007166,2023-09-28,2023-09-28,ROU,Romania,ASF,0.817,unverified,unusual_mortality,media,synthetic
BEACON-0007167,2023-09-26,2023-09-28,ROU,Romania,ASF,0.518,unverified,unusual_mortality,media,synthetic
BEACON-0007168,2023-09-30,2023-10-01,BGR,Bulgaria,ASF,0.486,verified,unusual_mortality,media;official,synthetic
BEACON-0007169,2023-09-25,2023-09-27,SRB,Serbia,ASF,0.529,unverified,syndromic,official,synthetic
BEACON-0007170,2023-09-28,2023-09-28,SRB,Serbia,ASF,0.432,unverified,media_cluster,media,synthetic
BEACON-0007171,2023-09-28,2023-09-28,SRB,Serbia,ASF,0.574,verified,unusual_mortality,media,synthetic
BEACON-0007172,2023-09-28,2023-09-30,MDA,Moldova,ASF,0.811,unverified,media_cluster,media,synthetic
BEACON-0007173,2023-09-25,2023-09-26,RUS,Russian Federation,ASF,0.437,verified,syndromic,field,synthetic
BEACON-0007174,2023-09-28,2023-09-28,TUN,Tunisia,ASF,0.553,unverified,media_cluster,media,synthetic
BEACON-0007175,2023-09-27,2023-09-27,TUN,Tunisia,ASF,0.403,verified,syndromic,media,synthetic
BEACON-0007176,2023-10-06,2023-10-06,FRA,France,ASF,0.226,verified,unusual_mortality,field,synthetic
BEACON-0007177,2023-10-05,2023-10-07,DEU,Germany,ASF,0.771,verified,trade_alert,media,synthetic
BEACON-0007178,2023-10-03,2023-10-03,DEU,Germany,ASF,1.0,verified,unusual_mortality,media,synthetic
BEACON-0007179,2023-10-07,2023-10-09,DEU,Germany,ASF,0.857,unverified,unusual_mortality,media,synthetic
BEACON-0007180,2023-10-03,2023-10-03,BEL,Belgium,ASF,0.427,verified,media_cluster,media,synthetic
BEACON-0007181,2023-10-05,2023-10-06,ITA,Italy,ASF,0.468,unverified,media_cluster,media;official,synthetic
BEACON-0007182,2023-10-05,2023-10-05,ESP,Spain,ASF,0.72,unverified,media_cluster,field,synthetic
BEACON-0007183,2023-10-04,2023-10-05,ESP,Spain,ASF,0.855,verified,media_cluster,field,synthetic
BEACON-0007184,2023-10-06,2023-10-08,HUN,Hungary,ASF,0.439,unverified,media_cluster,media,synthetic
BEACON-0007185,2023-10-05,2023-10-07,ROU,Romania,ASF,0.818,verified,unusual_mortality,media,synthetic
BEACON-0007186,2023-10-02,2023-10-02,SRB,Serbia,ASF,0.419,unverified,unusual_mortality,media,synthetic
BEACON-0007187,2023-10-03,2023-10-05,UKR,Ukraine,ASF,0.593,unverified,unusual_mortality,field,synthetic
BEACON-0007188,2023-10-07,2023-10-07,RUS,Russian Federation,ASF,0.359,verified,media_cluster,media;official,synthetic
BEACON-0007189,2023-10-07,2023-10-09,TUR,Türkiye,ASF,0.266,unverified,trade_alert,official,synthetic
BEACON-0007190,2023-10-06,2023-10-08,EGY,Egypt,ASF,0.549,unverified,unusual_mortality,media,synthetic
BEACON-0007191,2023-10-04,2023-10-06,TUN,Tunisia,ASF,0.396,unverified,media_cluster,media;official,synthetic
BEACON-0007192,2023-10-09,2023-10-11,FRA,France,ASF,0.57,verified,media_cluster,media;official,synthetic
BEACON-0007193,2023-10-09,2023-10-11,NLD,Netherlands,ASF,0.391,verified,unusual_mortality,media;official,synthetic
BEACON-0007194,2023-10-14,2023-10-16,BEL,Belgium,ASF,0.327,unverified,unusual_mortality,media,synthetic
BEACON-0007195,2023-10-10,2023-10-12,ESP,Spain,ASF,0.618,unverified,unusual_mortality,field,synthetic
BEACON-0007196,2023-10-11,2023-10-13,ESP,Spain,ASF,0.377,unverified,trade_alert,media,synthetic
BEACON-0007197,2023-10-10,2023-10-11,POL,Poland,ASF,0.554,unverified,media_cluster,media;official,synthetic
BEACON-0007198,2023-10-10,2023-10-11,ROU,Romania,ASF,0.525,unverified,media_cluster,media,synthetic
BEACON-0007199,2023-10-14,2023-10-16,ROU,Romania,ASF,0.305,unverified,unusual_mortality,media;official,synthetic
BEACON-0007200,2023-10-13,2023-10-15,BGR,Bulgaria,ASF,0.53,unverified,syndromic,official,synthetic
BEACON-0007201,2023-10-11,2023-10-11,SRB,Serbia,ASF,0.347,unverified,unusual_mortality,field,synthetic
BEACON-0007202,2023-10-12,2023-10-12,UKR,Ukraine,ASF,0.114,verified,unusual_mortality,media,synthetic
BEACON-0007203,2023-10-12,2023-10-13,MDA,Moldova,ASF,0.869,verified,unusual_mortality,official,synthetic
BEACON-0007204,2023-10-11,2023-10-13,MDA,Moldova,ASF,0.252,unverified,trade_alert,media,synthetic
BEACON-0007205,2023-10-12,2023-10-13,RUS,Russian Federation,ASF,0.402,verified,unusual_mortality,official,synthetic
BEACON-0007206,2023-10-13,2023-10-14,TUR,Türkiye,ASF,0.364,unverified,unusual_mortality,media,synthetic
BEACON-0007207,2023-10-14,2023-10-14,GEO,Georgia,ASF,0.893,unverified,unusual_mortality,media,synthetic
BEACON-0007208,2023-10-09,2023-10-09,EGY,Egypt,ASF,0.627,unverified,unusual_mortality,media,synthetic
BEACON-0007209,2023-10-13,2023-10-14,TUN,Tunisia,ASF,0.483,verified,media_cluster,media,synthetic
BEACON-0007210,2023-10-13,2023-10-15,MAR,Morocco,ASF,0.287,unverified,media_cluster,media;official,synthetic
BEACON-0007211,2023-10-17,2023-10-19,FRA,France,ASF,0.473,unverified,media_cluster,media;official,synthetic
BEACON-0007212,2023-10-20,2023-10-22,FRA,France,ASF,0.314,unverified,media_cluster,media,synthetic
BEACON-0007213,2023-10-18,2023-10-19,BEL,Belgium,ASF,0.767,unverified,unusual_mortality,media,synthetic
BEACON-0007214,2023-10-16,2023-10-18,BEL,Belgium,ASF,0.55,verified,unusual_mortality,official,synthetic
BEACON-0007215,2023-10-16,2023-10-17,ITA,Italy,ASF,0.374,unverified,unusual_mortality,field,synthetic
BEACON-0007216,2023-10-16,2023-10-16,POL,Poland,ASF,0.821,unverified,unusual_mortality,media;official,synthetic
BEACON-0007217,2023-10-17,2023-10-18,HUN,Hungary,ASF,0.395,unverified,unusual_mortality,media,synthetic
BEACON-0007218,2023-10-21,2023-10-23,ROU,Romania,ASF,0.102,verified,syndromic,media,synthetic
BEACON-0007219,2023-10-16,2023-10-18,BGR,Bulgaria,ASF,0.7,unverified,unusual_mortality,media;official,synthetic
BEACON-0007220,2023-10-19,2023-10-21,SRB,Serbia,ASF,0.395,verified,media_cluster,field,synthetic
BEACON-0007221,2023-10-19,2023-10-19,UKR,Ukraine,ASF,0.645,unverified,unusual_mortality,media,synthetic
BEACON-0007222,2023-10-18,2023-10-18,MDA,Moldova,ASF,0.405,unverified,unusual_mortality,official,synthetic
BEACON-0007223,2023-10-19,2023-10-20,RUS,Russian Federation,ASF,0.932,unverified,unusual_mortality,media,synthetic
BEACON-0007224,2023-10-21,2023-10-22,TUR,Türkiye,ASF,0.331,unverified,syndromic,media,synthetic
BEACON-0007225,2023-10-18,2023-10-20,TUR,Türkiye,ASF,0.795,unverified,media_cluster,field,synthetic
BEACON-0007226,2023-10-16,2023-10-17,TUR,Türkiye,ASF,0.275,verified,unusual_mortality,media,synthetic
BEACON-0007227,2023-10-16,2023-10-17,ISR,Israel,ASF,0.393,verified,media_cluster,official,synthetic
BEACON-0007228,2023-10-19,2023-10-21,ISR,Israel,ASF,0.257,unverified,unusual_mortality,media,synthetic
BEACON-0007229,2023-10-20,2023-10-20,EGY,Egypt,ASF,0.145,unverified,syndromic,field,synthetic
BEACON-0007230,2023-10-16,2023-10-17,TUN,Tunisia,ASF,0.296,unverified,unusual_mortality,media,synthetic
BEACON-0007231,2023-10-21,2023-10-21,TUN,Tunisia,ASF,0.612,unverified,media_cluster,media,synthetic
BEACON-0007232,2023-10-19,2023-10-19,TUN,Tunisia,ASF,0.42,verified,media_cluster,media,synthetic
BEACON-0007233,2023-10-25,2023-10-27,FRA,France,ASF,0.712,unverified,media_cluster,official,synthetic
BEACON-0007234,2023-10-23,2023-10-25,DEU,Germany,ASF,0.325,unverified,media_cluster,field,synthetic
BEACON-0007235,2023-10-27,2023-10-29,DEU,Germany,ASF,0.341,unverified,media_cluster,media;official,synthetic
BEACON-0007236,2023-10-26,2023-10-26,DEU,Germany,ASF,0.729,verified,media_cluster,media;official,synthetic
BEACON-0007237,2023-10-24,2023-10-25,NLD,Netherlands,ASF,0.394,unverified,unusual_mortality,media,synthetic
BEACON-0007238,2023-10-26,2023-10-27,BEL,Belgium,ASF,0.551,verified,unusual_mortality,official,synthetic
BEACON-0007239,2023-10-26,2023-10-28,ITA,Italy,ASF,0.18,unverified,unusual_mortality,media,synthetic
BEACON-0007240,2023-10-28,2023-10-30,ITA,Italy,ASF,0.497,unverified,trade_alert,media;official,synthetic
BEACON-0007241,2023-10-27,2023-10-28,POL,Poland,ASF,0.75,unverified,media_cluster,media,synthetic
BEACON-0007242,2023-10-25,2023-10-26,POL,Poland,ASF,0.618,verified,unusual_mortality,field,synthetic
BEACON-0007243,2023-10-27,2023-10-29,HUN,Hungary,ASF,0.286,unverified,media_cluster,field,synthetic
BEACON-0007244,2023-10-25,2023-10-25,ROU,Romania,ASF,0.144,unverified,media_cluster,media;official,synthetic
BEACON-0007245,2023-10-24,2023-10-26,RUS,Russian Federation,ASF,0.406,unverified,unusual_mortality,media,synthetic
BEACON-0007246,2023-10-27,2023-10-28,GEO,Georgia,ASF,0.904,unverified,media_cluster,media;official,synthetic
BEACON-0007247,2023-10-28,2023-10-30,TUN,Tunisia,ASF,0.54,verified,media_cluster,media;official,synthetic
BEACON-0007248,2023-10-27,2023-10-29,MAR,Morocco,ASF,0.363,verified,unusual_mortality,media,synthetic
BEACON-0007249,2023-11-04,2023-11-04,FRA,France,ASF,0.458,verified,unusual_mortality,field,synthetic
BEACON-0007250,2023-10-31,2023-11-01,NLD,Netherlands,ASF,0.665,unverified,media_cluster,media,synthetic
BEACON-0007251,2023-10-31,2023-10-31,ITA,Italy,ASF,0.138,verified,unusual_mortality,field,synthetic
BEACON-0007252,2023-11-01,2023-11-03,POL,Poland,ASF,0.57,verified,unusual_mortality,media,synthetic
BEACON-0007253,2023-11-03,2023-11-03,ROU,Romania,ASF,0.401,unverified,media_cluster,media,synthetic
BEACON-0007254,2023-11-04,2023-11-05,ROU,Romania,ASF,0.443,unverified,media_cluster,media;official,synthetic
BEACON-0007255,2023-11-01,2023-11-02,UKR,Ukraine,ASF,0.275,verified,media_cluster,media,synthetic
BEACON-0007256,2023-11-03,2023-11-04,RUS,Russian Federation,ASF,0.231,unverified,media_cluster,official,synthetic
BEACON-0007257,2023-10-31,2023-10-31,RUS,Russian Federation,ASF,0.387,unverified,trade_alert,media;official,synthetic
BEACON-0007258,2023-11-03,2023-11-05,TUR,Türkiye,ASF,0.775,unverified,media_cluster,field,synthetic
BEACON-0007259,2023-11-02,2023-11-02,GEO,Georgia,ASF,0.4,unverified,media_cluster,media,synthetic
BEACON-0007260,2023-10-30,2023-11-01,GEO,Georgia,ASF,0.489,verified,unusual_mortality,media;official,synthetic
BEACON-0007261,2023-11-02,2023-11-04,ISR,Israel,ASF,0.741,unverified,media_cluster,media;official,synthetic
BEACON-0007262,2023-11-04,2023-11-04,TUN,Tunisia,ASF,0.329,verified,syndromic,field,synthetic
BEACON-0007263,2023-11-10,2023-11-12,NLD,Netherlands,ASF,0.226,verified,media_cluster,media,synthetic
BEACON-0007264,2023-11-09,2023-11-10,BEL,Belgium,ASF,0.603,unverified,media_cluster,media,synthetic
BEACON-0007265,2023-11-07,2023-11-09,BEL,Belgium,ASF,0.693,verified,media_cluster,media,synthetic
BEACON-0007266,2023-11-09,2023-11-09,BEL,Belgium,ASF,0.446,unverified,media_cluster,media,synthetic
BEACON-0007267,2023-11-08,2023-11-09,ITA,Italy,ASF,0.222,verified,media_cluster,media,synthetic
BEACON-0007268,2023-11-07,2023-11-08,SRB,Serbia,ASF,0.465,unverified,media_cluster,media,synthetic
BEACON-0007269,2023-11-07,2023-11-08,MDA,Moldova,ASF,0.668,unverified,trade_alert,media,synthetic
BEACON-0007270,2023-11-08,2023-11-08,TUR,Türkiye,ASF,0.109,unverified,trade_alert,media;official,synthetic
BEACON-0007271,2023-11-09,2023-11-10,TUR,Türkiye,ASF,0.176,unverified,media_cluster,media;official,synthetic
BEACON-0007272,2023-11-08,2023-11-10,ISR,Israel,ASF,0.554,unverified,unusual_mortality,official,synthetic
BEACON-0007273,2023-11-17,2023-11-19,FRA,France,ASF,0.643,verified,media_cluster,media;official,synthetic
BEACON-0007274,2023-11-13,2023-11-13,FRA,France,ASF,0.61,unverified,unusual_mortality,media,synthetic
BEACON-0007275,2023-11-15,2023-11-16,BEL,Belgium,ASF,0.189,unverified,unusual_mortality,media,synthetic
BEACON-0007276,2023-11-13,2023-11-13,BEL,Belgium,ASF,0.417,unverified,trade_alert,media;official,synthetic
BEACON-0007277,2023-11-13,2023-11-14,ITA,Italy,ASF,0.162,verified,syndromic,media,synthetic
BEACON-0007278,2023-11-18,2023-11-19,POL,Poland,ASF,0.478,unverified,media_cluster,media,synthetic
BEACON-0007279,2023-11-17,2023-11-17,ROU,Romania,ASF,0.507,unverified,trade_alert,media;official,synthetic
BEACON-0007280,2023-11-18,2023-11-20,SRB,Serbia,ASF,0.566,verified,trade_alert,media,synthetic
BEACON-0007281,2023-11-15,2023-11-15,SRB,Serbia,ASF,0.26,unverified,media_cluster,media,synthetic
BEACON-0007282,2023-11-14,2023-11-15,UKR,Ukraine,ASF,0.496,verified,media_cluster,media,synthetic
BEACON-0007283,2023-11-14,2023-11-14,TUR,Türkiye,ASF,0.456,unverified,unusual_mortality,field,synthetic
BEACON-0007284,2023-11-14,2023-11-14,GEO,Georgia,ASF,0.486,verified,trade_alert,media;official,synthetic
BEACON-0007285,2023-11-13,2023-11-14,GEO,Georgia,ASF,0.447,verified,media_cluster,media,synthetic
BEACON-0007286,2023-11-13,2023-11-14,MAR,Morocco,ASF,0.342,verified,unusual_mortality,media;official,synthetic
BEACON-0007287,2023-11-23,2023-11-25,DEU,Germany,ASF,0.495,unverified,trade_alert,field,synthetic
BEACON-0007288,2023-11-23,2023-11-23,BEL,Belgium,ASF,0.44,unverified,syndromic,media,synthetic
BEACON-0007289,2023-11-23,2023-11-24,ESP,Spain,ASF,0.219,verified,unusual_mortality,official,synthetic
BEACON-0007290,2023-11-24,2023-11-25,ROU,Romania,ASF,0.107,verified,media_cluster,field,synthetic
BEACON-0007291,2023-11-20,2023-11-21,ROU,Romania,ASF,0.53,unverified,unusual_mortality,media;official,synthetic
BEACON-0007292,2023-11-25,2023-11-26,UKR,Ukraine,ASF,0.486,unverified,media_cluster,media,synthetic
BEACON-0007293,2023-11-23,2023-11-24,GEO,Georgia,ASF,0.217,unverified,media_cluster,media,synthetic
BEACON-0007294,2023-11-23,2023-11-25,GEO,Georgia,ASF,0.155,unverified,syndromic,media;official,synthetic
BEACON-0007295,2023-11-21,2023-11-23,ISR,Israel,ASF,0.921,unverified,trade_alert,official,synthetic
BEACON-0007296,2023-11-20,2023-11-21,ISR,Israel,ASF,0.945,unverified,media_cluster,official,synthetic
BEACON-0007297,2023-11-24,2023-11-25,MAR,Morocco,ASF,0.678,verified,unusual_mortality,official,synthetic
BEACON-0007298,2023-12-02,2023-12-02,FRA,France,ASF,0.672,verified,media_cluster,official,synthetic
BEACON-0007299,2023-11-29,2023-12-01,NLD,Netherlands,ASF,0.87,unverified,syndromic,media,synthetic
BEACON-0007300,2023-11-29,2023-11-29,NLD,Netherlands,ASF,0.389,unverified,unusual_mortality,official,synthetic
BEACON-0007301,2023-11-29,2023-11-30,NLD,Netherlands,ASF,0.622,unverified,syndromic,media,synthetic
BEACON-0007302,2023-11-27,2023-11-27,BEL,Belgium,ASF,0.595,unverified,unusual_mortality,media,synthetic
BEACON-0007303,2023-11-27,2023-11-29,HUN,Hungary,ASF,0.316,verified,unusual_mortality,official,synthetic
BEACON-0007304,2023-11-29,2023-12-01,ROU,Romania,ASF,0.183,unverified,media_cluster,media,synthetic
BEACON-0007305,2023-11-29,2023-12-01,GEO,Georgia,ASF,0.356,verified,trade_alert,media,synthetic
BEACON-0007306,2023-12-01,2023-12-01,EGY,Egypt,ASF,0.08,unverified,unusual_mortality,media,synthetic
BEACON-0007307,2023-12-01,2023-12-02,EGY,Egypt,ASF,0.305,unverified,unusual_mortality,media,synthetic
BEACON-0007308,2023-12-01,2023-12-03,TUN,Tunisia,ASF,0.291,unverified,syndromic,official,synthetic
BEACON-0007309,2023-12-05,2023-12-06,ITA,Italy,ASF,0.401,verified,unusual_mortality,media,synthetic
BEACON-0007310,2023-12-05,2023-12-07,HUN,Hungary,ASF,0.224,verified,syndromic,media;official,synthetic
BEACON-0007311,2023-12-06,2023-12-06,BGR,Bulgaria,ASF,0.617,verified,trade_alert,official,synthetic
BEACON-0007312,2023-12-04,2023-12-04,SRB,Serbia,ASF,0.557,verified,trade_alert,field,synthetic
BEACON-0007313,2023-12-05,2023-12-07,RUS,Russian Federation,ASF,0.564,unverified,unusual_mortality,field,synthetic
BEACON-0007314,2023-12-07,2023-12-07,TUR,Türkiye,ASF,0.489,unverified,media_cluster,field,synthetic
BEACON-0007315,2023-12-09,2023-12-10,ISR,Israel,ASF,0.585,verified,syndromic,media;official,synthetic
BEACON-0007316,2023-12-04,2023-12-05,EGY,Egypt,ASF,0.105,verified,unusual_mortality,media,synthetic
BEACON-0007317,2023-12-11,2023-12-11,FRA,France,ASF,0.451,unverified,media_cluster,media;official,synthetic
BEACON-0007318,2023-12-12,2023-12-14,DEU,Germany,ASF,0.138,unverified,media_cluster,media,synthetic
BEACON-0007319,2023-12-11,2023-12-11,NLD,Netherlands,ASF,0.193,unverified,media_cluster,media;official,synthetic
BEACON-0007320,2023-12-12,2023-12-14,SRB,Serbia,ASF,0.662,unverified,media_cluster,official,synthetic
BEACON-0007321,2023-12-12,2023-12-12,UKR,Ukraine,ASF,0.533,unverified,media_cluster,media;official,synthetic
BEACON-0007322,2023-12-11,2023-12-13,RUS,Russian Federation,ASF,0.437,unverified,unusual_mortality,official,synthetic
BEACON-0007323,2023-12-14,2023-12-16,TUR,Türkiye,ASF,0.324,verified,media_cluster,media;official,synthetic
BEACON-0007324,2023-12-18,2023-12-20,FRA,France,ASF,0.214,unverified,media_cluster,media,synthetic
BEACON-0007325,2023-12-20,2023-12-21,DEU,Germany,ASF,0.326,unverified,trade_alert,media,synthetic
BEACON-0007326,2023-12-21,2023-12-21,DEU,Germany,ASF,0.261,verified,unusual_mortality,media;official,synthetic
BEACON-0007327,2023-12-21,2023-12-23,BEL,Belgium,ASF,0.596,unverified,media_cluster,media;official,synthetic
BEACON-0007328,2023-12-22,2023-12-24,ITA,Italy,ASF,0.315,verified,unusual_mortality,field,synthetic
BEACON-0007329,2023-12-22,2023-12-23,ESP,Spain,ASF,0.734,unverified,trade_alert,media,synthetic
BEACON-0007330,2023-12-23,2023-12-25,ESP,Spain,ASF,0.48,unverified,syndromic,media,synthetic
BEACON-0007331,2023-12-19,2023-12-21,ROU,Romania,ASF,0.357,verified,media_cluster,media,synthetic
BEACON-0007332,2023-12-20,2023-12-20,ROU,Romania,ASF,0.794,verified,unusual_mortality,media;official,synthetic
BEACON-0007333,2023-12-21,2023-12-23,ROU,Romania,ASF,0.259,verified,media_cluster,media,synthetic
BEACON-0007334,2023-12-21,2023-12-21,SRB,Serbia,ASF,0.232,verified,unusual_mortality,official,synthetic
BEACON-0007335,2023-12-25,2023-12-26,NLD,Netherlands,ASF,0.111,unverified,media_cluster,media,synthetic
BEACON-0007336,2023-12-27,2023-12-28,ITA,Italy,ASF,0.63,unverified,media_cluster,official,synthetic
BEACON-0007337,2023-12-27,2023-12-28,ESP,Spain,ASF,0.472,unverified,media_cluster,media;official,synthetic
BEACON-0007338,2023-12-27,2023-12-28,ESP,Spain,ASF,0.393,unverified,unusual_mortality,media,synthetic
BEACON-0007339,2023-12-30,2024-01-01,ROU,Romania,ASF,0.681,unverified,unusual_mortality,media;official,synthetic
BEACON-0007340,2023-12-28,2023-12-29,BGR,Bulgaria,ASF,0.145,verified,media_cluster,media,synthetic
BEACON-0007341,2023-12-25,2023-12-26,UKR,Ukraine,ASF,0.227,unverified,media_cluster,official,synthetic
BEACON-0007342,2023-12-27,2023-12-29,MDA,Moldova,ASF,0.253,unverified,media_cluster,field,synthetic
BEACON-0007343,2023-12-27,2023-12-28,TUR,Türkiye,ASF,0.261,verified,media_cluster,media,synthetic
BEACON-0007344,2023-12-29,2023-12-29,TUR,Türkiye,ASF,0.731,verified,unusual_mortality,media,synthetic
BEACON-0007345,2024-01-01,2024-01-01,FRA,France,ASF,0.187,unverified,syndromic,media;official,synthetic
BEACON-0007346,2024-01-02,2024-01-02,DEU,Germany,ASF,0.369,unverified,media_cluster,media,synthetic
BEACON-0007347,2024-01-02,2024-01-02,BEL,Belgium,ASF,0.303,unverified,syndromic,media,synthetic
BEACON-0007348,2024-01-04,2024-01-04,HUN,Hungary,ASF,0.105,unverified,syndromic,media,synthetic
BEACON-0007349,2024-01-04,2024-01-06,GEO,Georgia,ASF,0.175,verified,trade_alert,media;official,synthetic
BEACON-0007350,2024-01-02,2024-01-02,ISR,Israel,ASF,0.554,unverified,trade_alert,media,synthetic
BEACON-0007351,2024-01-04,2024-01-06,EGY,Egypt,ASF,0.332,verified,syndromic,media,synthetic
BEACON-0007352,2024-01-02,2024-01-04,TUN,Tunisia,ASF,0.25,verified,syndromic,official,synthetic
BEACON-0007353,2024-01-09,2024-01-11,FRA,France,ASF,0.026,unverified,unusual_mortality,media,synthetic
BEACON-0007354,2024-01-11,2024-01-13,ESP,Spain,ASF,0.174,verified,unusual_mortality,media,synthetic
BEACON-0007355,2024-01-12,2024-01-14,POL,Poland,ASF,0.639,unverified,syndromic,media,synthetic
BEACON-0007356,2024-01-10,2024-01-10,POL,Poland,ASF,0.387,unverified,unusual_mortality,media,synthetic
BEACON-0007357,2024-01-10,2024-01-12,POL,Poland,ASF,0.767,unverified,unusual_mortality,media,synthetic
BEACON-0007358,2024-01-13,2024-01-15,POL,Poland,ASF,0.305,unverified,media_cluster,media,synthetic
BEACON-0007359,2024-01-12,2024-01-12,HUN,Hungary,ASF,0.067,verified,media_cluster,official,synthetic
BEACON-0007360,2024-01-11,2024-01-13,SRB,Serbia,ASF,0.326,verified,media_cluster,media,synthetic
BEACON-0007361,2024-01-10,2024-01-12,UKR,Ukraine,ASF,0.189,unverified,syndromic,media,synthetic
BEACON-0007362,2024-01-08,2024-01-10,RUS,Russian Federation,ASF,0.345,unverified,media_cluster,media,synthetic
BEACON-0007363,2024-01-13,2024-01-13,ISR,Israel,ASF,0.261,unverified,media_cluster,media;official,synthetic
BEACON-0007364,2024-01-16,2024-01-17,FRA,France,ASF,0.314,unverified,media_cluster,media,synthetic
BEACON-0007365,2024-01-17,2024-01-19,ESP,Spain,ASF,0.498,unverified,trade_alert,media;official,synthetic
BEACON-0007366,2024-01-19,2024-01-21,RUS,Russian Federation,ASF,0.25,unverified,trade_alert,media,synthetic
BEACON-0007367,2024-01-16,2024-01-18,TUN,Tunisia,ASF,0.133,unverified,unusual_mortality,media,synthetic
BEACON-0007368,2024-01-15,2024-01-17,MAR,Morocco,ASF,0.236,unverified,media_cluster,media,synthetic
BEACON-0007369,2024-01-26,2024-01-26,BEL,Belgium,ASF,0.123,unverified,trade_alert,media,synthetic
BEACON-0007370,2024-01-23,2024-01-24,ITA,Italy,ASF,0.39,verified,syndromic,official,synthetic
BEACON-0007371,2024-01-24,2024-01-24,POL,Poland,ASF,0.354,unverified,unusual_mortality,media,synthetic
BEACON-0007372,2024-01-24,2024-01-26,BGR,Bulgaria,ASF,0.285,unverified,unusual_mortality,official,synthetic
BEACON-0007373,2024-01-24,2024-01-26,UKR,Ukraine,ASF,0.305,verified,trade_alert,media;official,synthetic
BEACON-0007374,2024-01-22,2024-01-22,RUS,Russian Federation,ASF,0.205,unverified,unusual_mortality,media;official,synthetic
BEACON-0007375,2024-01-30,2024-02-01,NLD,Netherlands,ASF,0.698,unverified,unusual_mortality,media,synthetic
BEACON-0007376,2024-01-29,2024-01-30,ITA,Italy,ASF,0.107,unverified,unusual_mortality,media,synthetic
BEACON-0007377,2024-01-29,2024-01-31,POL,Poland,ASF,0.405,unverified,unusual_mortality,media,synthetic
BEACON-0007378,2024-01-29,2024-01-31,MDA,Moldova,ASF,0.489,unverified,media_cluster,media,synthetic
BEACON-0007379,2024-02-01,2024-02-03,GEO,Georgia,ASF,0.396,verified,trade_alert,media,synthetic
BEACON-0007380,2024-02-01,2024-02-03,ISR,Israel,ASF,0.667,verified,media_cluster,media,synthetic
BEACON-0007381,2024-02-02,2024-02-04,EGY,Egypt,ASF,0.323,unverified,unusual_mortality,media,synthetic
BEACON-0007382,2024-01-30,2024-01-30,EGY,Egypt,ASF,0.083,verified,unusual_mortality,media,synthetic
BEACON-0007383,2024-02-10,2024-02-12,ITA,Italy,ASF,0.21,unverified,media_cluster,media;official,synthetic
BEACON-0007384,2024-02-09,2024-02-09,HUN,Hungary,ASF,0.292,verified,media_cluster,media,synthetic
BEACON-0007385,2024-02-08,2024-02-09,RUS,Russian Federation,ASF,0.503,unverified,syndromic,media;official,synthetic
BEACON-0007386,2024-02-08,2024-02-09,MAR,Morocco,ASF,0.148,verified,media_cluster,media,synthetic
BEACON-0007387,2024-02-17,2024-02-19,ITA,Italy,ASF,0.473,unverified,unusual_mortality,media,synthetic
BEACON-0007388,2024-02-14,2024-02-15,ESP,Spain,ASF,0.123,unverified,media_cluster,media,synthetic
BEACON-0007389,2024-02-16,2024-02-18,RUS,Russian Federation,ASF,0.276,unverified,unusual_mortality,media;official,synthetic
BEACON-0007390,2024-02-17,2024-02-17,RUS,Russian Federation,ASF,0.518,verified,unusual_mortality,media;official,synthetic
BEACON-0007391,2024-02-16,2024-02-16,GEO,Georgia,ASF,0.145,unverified,media_cluster,media;official,synthetic
BEACON-0007392,2024-02-22,2024-02-22,NLD,Netherlands,ASF,0.329,unverified,media_cluster,media,synthetic
BEACON-0007393,2024-02-21,2024-02-22,ITA,Italy,ASF,0.278,verified,unusual_mortality,official,synthetic
BEACON-0007394,2024-02-19,2024-02-21,HUN,Hungary,ASF,0.761,unverified,media_cluster,media,synthetic
BEACON-0007395,2024-02-22,2024-02-22,BGR,Bulgaria,ASF,0.904,unverified,media_cluster,media,synthetic
BEACON-0007396,2024-02-21,2024-02-21,UKR,Ukraine,ASF,0.494,verified,media_cluster,media;official,synthetic
BEACON-0007397,2024-02-24,2024-02-24,UKR,Ukraine,ASF,0.373,unverified,media_cluster,official,synthetic
BEACON-0007398,2024-02-26,2024-02-26,ITA,Italy,ASF,0.606,verified,media_cluster,media,synthetic
BEACON-0007399,2024-02-26,2024-02-27,ESP,Spain,ASF,0.078,unverified,unusual_mortality,field,synthetic
BEACON-0007400,2024-02-28,2024-02-29,RUS,Russian Federation,ASF,0.547,unverified,unusual_mortality,media,synthetic
BEACON-0007401,2024-02-26,2024-02-26,RUS,Russian Federation,ASF,0.1,verified,unusual_mortality,media,synthetic
BEACON-0007402,2024-03-01,2024-03-01,TUR,Türkiye,ASF,0.264,unverified,trade_alert,official,synthetic
BEACON-0007403,2024-02-26,2024-02-28,MAR,Morocco,ASF,0.444,unverified,unusual_mortality,media,synthetic
BEACON-0007404,2024-02-27,2024-02-28,MAR,Morocco,ASF,0.136,unverified,unusual_mortality,field,synthetic
BEACON-0007405,2024-03-05,2024-03-07,FRA,France,ASF,0.107,unverified,media_cluster,official,synthetic
BEACON-0007406,2024-03-07,2024-03-08,FRA,France,ASF,0.201,unverified,media_cluster,media,synthetic
BEACON-0007407,2024-03-05,2024-03-07,ITA,Italy,ASF,0.823,verified,media_cluster,media,synthetic
BEACON-0007408,2024-03-04,2024-03-04,ITA,Italy,ASF,0.347,unverified,trade_alert,media,synthetic
BEACON-0007409,2024-03-08,2024-03-10,ITA,Italy,ASF,0.287,unverified,syndromic,field,synthetic
BEACON-0007410,2024-03-06,2024-03-08,HUN,Hungary,ASF,0.806,unverified,media_cluster,media;official,synthetic
BEACON-0007411,2024-03-05,2024-03-07,BGR,Bulgaria,ASF,0.357,unverified,unusual_mortality,media,synthetic
BEACON-0007412,2024-03-09,2024-03-09,SRB,Serbia,ASF,0.42,unverified,unusual_mortality,media;official,synthetic
BEACON-0007413,2024-03-09,2024-03-10,UKR,Ukraine,ASF,0.789,verified,media_cluster,media,synthetic
BEACON-0007414,2024-03-05,2024-03-06,MDA,Moldova,ASF,0.596,unverified,syndromic,media;official,synthetic
BEACON-0007415,2024-03-09,2024-03-11,RUS,Russian Federation,ASF,0.092,verified,trade_alert,media,synthetic
BEACON-0007416,2024-03-09,2024-03-11,TUR,Türkiye,ASF,0.208,unverified,media_cluster,media,synthetic
BEACON-0007417,2024-03-12,2024-03-13,FRA,France,ASF,0.106,unverified,media_cluster,media,synthetic
BEACON-0007418,2024-03-15,2024-03-16,DEU,Germany,ASF,0.481,verified,media_cluster,media,synthetic
BEACON-0007419,2024-03-13,2024-03-14,BEL,Belgium,ASF,0.112,verified,media_cluster,media,synthetic
BEACON-0007420,2024-03-11,2024-03-12,ESP,Spain,ASF,0.563,verified,unusual_mortality,official,synthetic
BEACON-0007421,2024-03-12,2024-03-14,HUN,Hungary,ASF,0.588,unverified,unusual_mortality,media,synthetic
BEACON-0007422,2024-03-12,2024-03-14,RUS,Russian Federation,ASF,0.669,verified,unusual_mortality,media;official,synthetic
BEACON-0007423,2024-03-12,2024-03-13,RUS,Russian Federation,ASF,0.354,unverified,media_cluster,media,synthetic
BEACON-0007424,2024-03-15,2024-03-16,TUN,Tunisia,ASF,0.317,verified,media_cluster,field,synthetic
BEACON-0007425,2024-03-13,2024-03-13,MAR,Morocco,ASF,0.306,unverified,unusual_mortality,media,synthetic
BEACON-0007426,2024-03-20,2024-03-21,NLD,Netherlands,ASF,0.158,verified,unusual_mortality,media,synthetic
BEACON-0007427,2024-03-19,2024-03-19,ESP,Spain,ASF,0.402,unverified,unusual_mortality,media;official,synthetic
BEACON-0007428,2024-03-23,2024-03-25,POL,Poland,ASF,0.315,unverified,unusual_mortality,official,synthetic
BEACON-0007429,2024-03-22,2024-03-23,BGR,Bulgaria,ASF,0.611,unverified,media_cluster,official,synthetic
BEACON-0007430,2024-03-20,2024-03-21,UKR,Ukraine,ASF,0.494,verified,trade_alert,media,synthetic
BEACON-0007431,2024-03-23,2024-03-25,RUS,Russian Federation,ASF,0.245,unverified,unusual_mortality,media,synthetic
BEACON-0007432,2024-03-21,2024-03-22,TUR,Türkiye,ASF,0.365,unverified,media_cluster,official,synthetic
BEACON-0007433,2024-03-23,2024-03-25,GEO,Georgia,ASF,0.599,unverified,unusual_mortality,media,synthetic
BEACON-0007434,2024-03-22,2024-03-22,ISR,Israel,ASF,0.291,unverified,syndromic,media,synthetic
BEACON-0007435,2024-03-30,2024-04-01,FRA,France,ASF,0.152,verified,syndromic,field,synthetic
BEACON-0007436,2024-03-25,2024-03-27,FRA,France,ASF,0.568,verified,unusual_mortality,media;official,synthetic
BEACON-0007437,2024-03-30,2024-04-01,NLD,Netherlands,ASF,0.249,unverified,unusual_mortality,media,synthetic
BEACON-0007438,2024-03-29,2024-03-29,ITA,Italy,ASF,0.322,unverified,media_cluster,media,synthetic
BEACON-0007439,2024-03-30,2024-03-30,RUS,Russian Federation,ASF,0.175,unverified,unusual_mortality,official,synthetic
BEACON-0007440,2024-03-27,2024-03-28,RUS,Russian Federation,ASF,0.197,unverified,unusual_mortality,media,synthetic
BEACON-0007441,2024-03-30,2024-03-30,ISR,Israel,ASF,0.391,verified,media_cluster,media;official,synthetic
BEACON-0007442,2024-03-29,2024-03-30,EGY,Egypt,ASF,0.501,verified,media_cluster,official,synthetic
BEACON-0007443,2024-04-03,2024-04-04,BEL,Belgium,ASF,0.256,verified,unusual_mortality,field,synthetic
BEACON-0007444,2024-04-01,2024-04-03,ITA,Italy,ASF,0.461,verified,syndromic,media;official,synthetic
BEACON-0007445,2024-04-05,2024-04-07,ESP,Spain,ASF,0.455,verified,media_cluster,media,synthetic
BEACON-0007446,2024-04-01,2024-04-02,POL,Poland,ASF,0.553,unverified,media_cluster,media,synthetic
BEACON-0007447,2024-04-02,2024-04-04,POL,Poland,ASF,0.153,unverified,media_cluster,media;official,synthetic
BEACON-0007448,2024-04-01,2024-04-03,HUN,Hungary,ASF,0.596,verified,trade_alert,media,synthetic
BEACON-0007449,2024-04-01,2024-04-02,ROU,Romania,ASF,0.48,verified,syndromic,media;official,synthetic
BEACON-0007450,2024-04-05,2024-04-06,UKR,Ukraine,ASF,0.613,unverified,trade_alert,media,synthetic
BEACON-0007451,2024-04-06,2024-04-06,UKR,Ukraine,ASF,0.129,unverified,unusual_mortality,media;official,synthetic
BEACON-0007452,2024-04-06,2024-04-08,MDA,Moldova,ASF,0.337,verified,unusual_mortality,media;official,synthetic
BEACON-0007453,2024-04-05,2024-04-06,TUR,Türkiye,ASF,0.171,unverified,media_cluster,media,synthetic
BEACON-0007454,2024-04-04,2024-04-06,EGY,Egypt,ASF,0.114,verified,trade_alert,media;official,synthetic
BEACON-0007455,2024-04-08,2024-04-10,FRA,France,ASF,0.438,unverified,media_cluster,media;official,synthetic
BEACON-0007456,2024-04-11,2024-04-13,DEU,Germany,ASF,0.589,verified,trade_alert,media,synthetic
BEACON-0007457,2024-04-09,2024-04-11,ESP,Spain,ASF,0.882,unverified,media_cluster,official,synthetic
BEACON-0007458,2024-04-10,2024-04-11,ESP,Spain,ASF,0.191,unverified,syndromic,media,synthetic
BEACON-0007459,2024-04-11,2024-04-12,HUN,Hungary,ASF,0.468,verified,media_cluster,media,synthetic
BEACON-0007460,2024-04-13,2024-04-15,ROU,Romania,ASF,0.577,verified,syndromic,media;official,synthetic
BEACON-0007461,2024-04-08,2024-04-08,BGR,Bulgaria,ASF,0.401,unverified,unusual_mortality,media;official,synthetic
BEACON-0007462,2024-04-08,2024-04-09,RUS,Russian Federation,ASF,0.341,unverified,unusual_mortality,official,synthetic
BEACON-0007463,2024-04-08,2024-04-08,TUR,Türkiye,ASF,0.273,unverified,unusual_mortality,media,synthetic
BEACON-0007464,2024-04-08,2024-04-10,TUR,Türkiye,ASF,0.248,unverified,media_cluster,media,synthetic
BEACON-0007465,2024-04-08,2024-04-08,TUR,Türkiye,ASF,0.482,verified,media_cluster,media,synthetic
BEACON-0007466,2024-04-13,2024-04-13,MAR,Morocco,ASF,0.449,unverified,trade_alert,media;official,synthetic
BEACON-0007467,2024-04-17,2024-04-19,DEU,Germany,ASF,0.038,unverified,media_cluster,official,synthetic
BEACON-0007468,2024-04-15,2024-04-16,NLD,Netherlands,ASF,0.324,unverified,media_cluster,field,synthetic
BEACON-0007469,2024-04-15,2024-04-17,NLD,Netherlands,ASF,0.24,unverified,media_cluster,media,synthetic
BEACON-0007470,2024-04-20,2024-04-22,POL,Poland,ASF,0.409,unverified,unusual_mortality,media;official,synthetic
BEACON-0007471,2024-04-19,2024-04-20,POL,Poland,ASF,0.656,verified,trade_alert,field,synthetic
BEACON-0007472,2024-04-18,2024-04-19,ROU,Romania,ASF,0.247,unverified,media_cluster,media,synthetic
BEACON-0007473,2024-04-18,2024-04-19,BGR,Bulgaria,ASF,0.471,unverified,trade_alert,media;official,synthetic
BEACON-0007474,2024-04-17,2024-04-17,RUS,Russian Federation,ASF,0.311,verified,syndromic,media,synthetic
BEACON-0007475,2024-04-15,2024-04-15,RUS,Russian Federation,ASF,0.68,verified,unusual_mortality,official,synthetic
BEACON-0007476,2024-04-17,2024-04-17,EGY,Egypt,ASF,0.336,unverified,unusual_mortality,media;official,synthetic
BEACON-0007477,2024-04-16,2024-04-17,MAR,Morocco,ASF,0.493,verified,syndromic,media;official,synthetic
BEACON-0007478,2024-04-22,2024-04-23,FRA,France,ASF,0.173,unverified,unusual_mortality,field,synthetic
BEACON-0007479,2024-04-25,2024-04-26,DEU,Germany,ASF,0.457,unverified,unusual_mortality,media;official,synthetic
BEACON-0007480,2024-04-24,2024-04-25,NLD,Netherlands,ASF,0.389,verified,media_cluster,media,synthetic
BEACON-0007481,2024-04-24,2024-04-24,BEL,Belgium,ASF,0.467,unverified,unusual_mortality,media,synthetic
BEACON-0007482,2024-04-24,2024-04-24,ESP,Spain,ASF,0.335,unverified,unusual_mortality,official,synthetic
BEACON-0007483,2024-04-25,2024-04-26,ROU,Romania,ASF,0.653,unverified,trade_alert,media,synthetic
BEACON-0007484,2024-04-27,2024-04-28,BGR,Bulgaria,ASF,0.648,verified,media_cluster,media,synthetic
BEACON-0007485,2024-04-23,2024-04-25,SRB,Serbia,ASF,0.312,unverified,syndromic,media,synthetic
BEACON-0007486,2024-05-03,2024-05-05,FRA,France,ASF,0.122,verified,media_cluster,media;official,synthetic
BEACON-0007487,2024-05-02,2024-05-04,FRA,France,ASF,0.229,unverified,unusual_mortality,media,synthetic
BEACON-0007488,2024-04-29,2024-04-29,BEL,Belgium,ASF,0.642,verified,media_cluster,media,synthetic
BEACON-0007489,2024-05-02,2024-05-03,BEL,Belgium,ASF,0.325,unverified,trade_alert,media,synthetic
BEACON-0007490,2024-04-29,2024-05-01,ITA,Italy,ASF,0.749,verified,unusual_mortality,media,synthetic
BEACON-0007491,2024-05-03,2024-05-03,ESP,Spain,ASF,0.35,verified,unusual_mortality,field,synthetic
BEACON-0007492,2024-04-30,2024-05-01,POL,Poland,ASF,0.201,verified,media_cluster,media,synthetic
BEACON-0007493,2024-05-02,2024-05-02,POL,Poland,ASF,0.462,unverified,media_cluster,field,synthetic
BEACON-0007494,2024-05-02,2024-05-03,POL,Poland,ASF,0.646,unverified,trade_alert,media,synthetic
BEACON-0007495,2024-05-03,2024-05-03,POL,Poland,ASF,0.255,unverified,unusual_mortality,media,synthetic
BEACON-0007496,2024-04-29,2024-04-29,POL,Poland,ASF,0.354,verified,unusual_mortality,media,synthetic
BEACON-0007497,2024-04-29,2024-04-29,HUN,Hungary,ASF,0.444,unverified,trade_alert,media,synthetic
BEACON-0007498,2024-05-02,2024-05-02,HUN,Hungary,ASF,0.763,unverified,syndromic,media;official,synthetic
BEACON-0007499,2024-05-02,2024-05-03,BGR,Bulgaria,ASF,0.323,unverified,syndromic,media,synthetic
BEACON-0007500,2024-04-29,2024-04-30,SRB,Serbia,ASF,0.309,verified,unusual_mortality,media;official,synthetic
BEACON-0007501,2024-05-01,2024-05-01,MDA,Moldova,ASF,0.705,unverified,media_cluster,official,synthetic
BEACON-0007502,2024-05-01,2024-05-03,RUS,Russian Federation,ASF,0.385,unverified,syndromic,field,synthetic
BEACON-0007503,2024-05-01,2024-05-01,TUR,Türkiye,ASF,0.497,unverified,unusual_mortality,media,synthetic
BEACON-0007504,2024-04-29,2024-04-30,TUR,Türkiye,ASF,0.24,unverified,media_cluster,media,synthetic
BEACON-0007505,2024-04-29,2024-05-01,GEO,Georgia,ASF,0.394,verified,syndromic,media,synthetic
BEACON-0007506,2024-05-02,2024-05-03,TUN,Tunisia,ASF,0.355,unverified,media_cluster,media,synthetic
BEACON-0007507,2024-04-29,2024-04-30,TUN,Tunisia,ASF,0.393,verified,unusual_mortality,official,synthetic
BEACON-0007508,2024-05-03,2024-05-04,MAR,Morocco,ASF,0.379,verified,trade_alert,media,synthetic
BEACON-0007509,2024-05-11,2024-05-12,FRA,France,ASF,0.158,unverified,media_cluster,media;official,synthetic
BEACON-0007510,2024-05-10,2024-05-12,DEU,Germany,ASF,0.43,unverified,media_cluster,media,synthetic
BEACON-0007511,2024-05-11,2024-05-13,NLD,Netherlands,ASF,0.066,unverified,media_cluster,official,synthetic
BEACON-0007512,2024-05-09,2024-05-11,ITA,Italy,ASF,0.656,verified,syndromic,media,synthetic
BEACON-0007513,2024-05-09,2024-05-09,ROU,Romania,ASF,0.429,unverified,media_cluster,media,synthetic
BEACON-0007514,2024-05-07,2024-05-09,SRB,Serbia,ASF,0.496,unverified,media_cluster,official,synthetic
BEACON-0007515,2024-05-06,2024-05-08,TUR,Türkiye,ASF,0.59,unverified,media_cluster,media,synthetic
BEACON-0007516,2024-05-07,2024-05-08,ISR,Israel,ASF,0.037,unverified,unusual_mortality,field,synthetic
BEACON-0007517,2024-05-10,2024-05-12,EGY,Egypt,ASF,0.529,unverified,media_cluster,media,synthetic
BEACON-0007518,2024-05-18,2024-05-20,ITA,Italy,ASF,0.205,unverified,unusual_mortality,field,synthetic
BEACON-0007519,2024-05-18,2024-05-19,POL,Poland,ASF,0.323,unverified,media_cluster,media,synthetic
BEACON-0007520,2024-05-15,2024-05-17,BGR,Bulgaria,ASF,0.169,unverified,media_cluster,media;official,synthetic
BEACON-0007521,2024-05-15,2024-05-16,SRB,Serbia,ASF,0.384,unverified,unusual_mortality,media;official,synthetic
BEACON-0007522,2024-05-14,2024-05-16,MDA,Moldova,ASF,0.466,verified,media_cluster,field,synthetic
BEACON-0007523,2024-05-13,2024-05-15,MDA,Moldova,ASF,0.8,unverified,media_cluster,media,synthetic
BEACON-0007524,2024-05-16,2024-05-16,MDA,Moldova,ASF,0.645,verified,unusual_mortality,media,synthetic
BEACON-0007525,2024-05-16,2024-05-16,MDA,Moldova,ASF,0.953,unverified,media_cluster,official,synthetic
BEACON-0007526,2024-05-14,2024-05-14,ISR,Israel,ASF,0.567,unverified,media_cluster,media,synthetic
BEACON-0007527,2024-05-13,2024-05-14,EGY,Egypt,ASF,0.398,unverified,trade_alert,media,synthetic
BEACON-0007528,2024-05-13,2024-05-14,TUN,Tunisia,ASF,0.491,verified,media_cluster,media,synthetic
BEACON-0007529,2024-05-21,2024-05-23,NLD,Netherlands,ASF,0.541,unverified,media_cluster,media,synthetic
BEACON-0007530,2024-05-22,2024-05-22,NLD,Netherlands,ASF,0.478,unverified,media_cluster,media,synthetic
BEACON-0007531,2024-05-25,2024-05-27,HUN,Hungary,ASF,0.523,unverified,unusual_mortality,field,synthetic
BEACON-0007532,2024-05-22,2024-05-23,ROU,Romania,ASF,0.268,verified,media_cluster,media,synthetic
BEACON-0007533,2024-05-24,2024-05-25,BGR,Bulgaria,ASF,0.484,unverified,unusual_mortality,media,synthetic
BEACON-0007534,2024-05-21,2024-05-22,MDA,Moldova,ASF,0.625,unverified,syndromic,media;official,synthetic
BEACON-0007535,2024-05-24,2024-05-26,MDA,Moldova,ASF,0.622,unverified,unusual_mortality,field,synthetic
BEACON-0007536,2024-05-23,2024-05-25,RUS,Russian Federation,ASF,0.494,unverified,media_cluster,media;official,synthetic
BEACON-0007537,2024-05-20,2024-05-20,ISR,Israel,ASF,0.315,verified,media_cluster,media,synthetic
BEACON-0007538,2024-05-28,2024-05-29,BEL,Belgium,ASF,0.225,unverified,media_cluster,media,synthetic
BEACON-0007539,2024-05-28,2024-05-29,BEL,Belgium,ASF,0.102,unverified,unusual_mortality,media,synthetic
BEACON-0007540,2024-05-27,2024-05-28,ITA,Italy,ASF,0.5,verified,syndromic,media,synthetic
BEACON-0007541,2024-05-27,2024-05-27,ESP,Spain,ASF,0.624,unverified,media_cluster,media;official,synthetic
BEACON-0007542,2024-05-30,2024-05-30,POL,Poland,ASF,0.349,unverified,media_cluster,media,synthetic
BEACON-0007543,2024-05-27,2024-05-28,POL,Poland,ASF,0.672,unverified,trade_alert,official,synthetic
BEACON-0007544,2024-05-30,2024-05-31,POL,Poland,ASF,0.32,unverified,unusual_mortality,media;official,synthetic
BEACON-0007545,2024-06-01,2024-06-01,HUN,Hungary,ASF,0.46,unverified,unusual_mortality,media,synthetic
BEACON-0007546,2024-06-01,2024-06-02,BGR,Bulgaria,ASF,0.669,verified,media_cluster,media,synthetic
BEACON-0007547,2024-06-01,2024-06-03,SRB,Serbia,ASF,0.377,unverified,unusual_mortality,official,synthetic
BEACON-0007548,2024-05-30,2024-05-30,UKR,Ukraine,ASF,0.312,unverified,unusual_mortality,media;official,synthetic
BEACON-0007549,2024-05-27,2024-05-27,MDA,Moldova,ASF,0.285,unverified,media_cluster,media,synthetic
BEACON-0007550,2024-05-28,2024-05-30,MDA,Moldova,ASF,0.551,unverified,media_cluster,media;official,synthetic
BEACON-0007551,2024-05-30,2024-06-01,MDA,Moldova,ASF,0.661,unverified,syndromic,media,synthetic
BEACON-0007552,2024-05-27,2024-05-27,RUS,Russian Federation,ASF,0.711,verified,syndromic,media;official,synthetic
BEACON-0007553,2024-05-30,2024-06-01,TUR,Türkiye,ASF,0.447,verified,media_cluster,media,synthetic
BEACON-0007554,2024-05-28,2024-05-30,TUR,Türkiye,ASF,0.08,verified,syndromic,media;official,synthetic
BEACON-0007555,2024-05-29,2024-05-30,TUR,Türkiye,ASF,0.429,unverified,unusual_mortality,media,synthetic
BEACON-0007556,2024-05-31,2024-05-31,ISR,Israel,ASF,0.226,verified,trade_alert,media,synthetic
BEACON-0007557,2024-05-29,2024-05-31,MAR,Morocco,ASF,0.765,unverified,media_cluster,media;official,synthetic
BEACON-0007558,2024-05-29,2024-05-29,MAR,Morocco,ASF,0.146,verified,trade_alert,media;official,synthetic
BEACON-0007559,2024-06-06,2024-06-06,DEU,Germany,ASF,0.859,verified,unusual_mortality,media;official,synthetic
BEACON-0007560,2024-06-08,2024-06-10,DEU,Germany,ASF,0.558,unverified,unusual_mortality,media,synthetic
BEACON-0007561,2024-06-04,2024-06-04,DEU,Germany,ASF,0.58,verified,media_cluster,media,synthetic
BEACON-0007562,2024-06-08,2024-06-10,NLD,Netherlands,ASF,0.235,unverified,syndromic,media,synthetic
BEACON-0007563,2024-06-04,2024-06-06,ITA,Italy,ASF,0.578,unverified,trade_alert,field,synthetic
BEACON-0007564,2024-06-08,2024-06-08,ITA,Italy,ASF,0.194,unverified,media_cluster,field,synthetic
BEACON-0007565,2024-06-06,2024-06-07,POL,Poland,ASF,0.621,verified,media_cluster,official,synthetic
BEACON-0007566,2024-06-03,2024-06-04,ROU,Romania,ASF,0.551,unverified,media_cluster,media;official,synthetic
BEACON-0007567,2024-06-06,2024-06-07,ROU,Romania,ASF,0.931,verified,media_cluster,media,synthetic
BEACON-0007568,2024-06-06,2024-06-07,SRB,Serbia,ASF,0.168,unverified,media_cluster,media;official,synthetic
BEACON-0007569,2024-06-06,2024-06-06,UKR,Ukraine,ASF,0.403,verified,unusual_mortality,official,synthetic
BEACON-0007570,2024-06-03,2024-06-03,UKR,Ukraine,ASF,0.811,unverified,syndromic,media,synthetic
BEACON-0007571,2024-06-03,2024-06-04,MDA,Moldova,ASF,0.71,unverified,media_cluster,media,synthetic
BEACON-0007572,2024-06-05,2024-06-07,MDA,Moldova,ASF,0.775,verified,syndromic,media,synthetic
BEACON-0007573,2024-06-07,2024-06-09,RUS,Russian Federation,ASF,0.49,unverified,media_cluster,media,synthetic
BEACON-0007574,2024-06-05,2024-06-05,RUS,Russian Federation,ASF,0.31,verified,unusual_mortality,media,synthetic
BEACON-0007575,2024-06-08,2024-06-10,RUS,Russian Federation,ASF,0.592,verified,media_cluster,media,synthetic
BEACON-0007576,2024-06-07,2024-06-08,TUR,Türkiye,ASF,0.498,unverified,trade_alert,media,synthetic
BEACON-0007577,2024-06-04,2024-06-04,TUN,Tunisia,ASF,0.214,unverified,unusual_mortality,field,synthetic
BEACON-0007578,2024-06-05,2024-06-07,MAR,Morocco,ASF,0.255,unverified,media_cluster,media;official,synthetic
BEACON-0007579,2024-06-14,2024-06-14,NLD,Netherlands,ASF,0.322,verified,media_cluster,media;official,synthetic
BEACON-0007580,2024-06-15,2024-06-15,NLD,Netherlands,ASF,0.45,verified,media_cluster,field,synthetic
BEACON-0007581,2024-06-14,2024-06-16,POL,Poland,ASF,0.387,verified,trade_alert,field,synthetic
BEACON-0007582,2024-06-10,2024-06-11,POL,Poland,ASF,1.0,unverified,unusual_mortality,media,synthetic
BEACON-0007583,2024-06-15,2024-06-17,HUN,Hungary,ASF,0.605,verified,media_cluster,media,synthetic
BEACON-0007584,2024-06-15,2024-06-16,BGR,Bulgaria,ASF,0.878,unverified,media_cluster,media,synthetic
BEACON-0007585,2024-06-13,2024-06-13,BGR,Bulgaria,ASF,0.414,unverified,unusual_mortality,media;official,synthetic
BEACON-0007586,2024-06-12,2024-06-13,SRB,Serbia,ASF,0.686,unverified,unusual_mortality,media,synthetic
BEACON-0007587,2024-06-12,2024-06-13,UKR,Ukraine,ASF,0.98,verified,unusual_mortality,media;official,synthetic
BEACON-0007588,2024-06-14,2024-06-15,UKR,Ukraine,ASF,0.839,unverified,trade_alert,media,synthetic
BEACON-0007589,2024-06-13,2024-06-14,GEO,Georgia,ASF,0.721,verified,media_cluster,media,synthetic
BEACON-0007590,2024-06-17,2024-06-17,DEU,Germany,ASF,0.662,unverified,unusual_mortality,media;official,synthetic
BEACON-0007591,2024-06-22,2024-06-23,DEU,Germany,ASF,0.945,unverified,syndromic,field,synthetic
BEACON-0007592,2024-06-19,2024-06-20,NLD,Netherlands,ASF,0.119,verified,unusual_mortality,field,synthetic
BEACON-0007593,2024-06-22,2024-06-23,ITA,Italy,ASF,0.578,unverified,syndromic,media,synthetic
BEACON-0007594,2024-06-21,2024-06-21,ITA,Italy,ASF,0.642,verified,trade_alert,media;official,synthetic
BEACON-0007595,2024-06-21,2024-06-21,ESP,Spain,ASF,0.189,unverified,media_cluster,media,synthetic
BEACON-0007596,2024-06-19,2024-06-20,POL,Poland,ASF,0.661,verified,media_cluster,field,synthetic
BEACON-0007597,2024-06-18,2024-06-20,POL,Poland,ASF,1.0,verified,media_cluster,media,synthetic
BEACON-0007598,2024-06-20,2024-06-22,POL,Poland,ASF,0.595,unverified,unusual_mortality,official,synthetic
BEACON-0007599,2024-06-22,2024-06-23,HUN,Hungary,ASF,0.888,unverified,unusual_mortality,media;official,synthetic
BEACON-0007600,2024-06-18,2024-06-19,HUN,Hungary,ASF,0.72,verified,syndromic,media;official,synthetic
BEACON-0007601,2024-06-21,2024-06-23,ROU,Romania,ASF,0.569,verified,media_cluster,media;official,synthetic
BEACON-0007602,2024-06-22,2024-06-23,ROU,Romania,ASF,1.0,unverified,media_cluster,media;official,synthetic
BEACON-0007603,2024-06-21,2024-06-22,UKR,Ukraine,ASF,0.529,unverified,media_cluster,media,synthetic
BEACON-0007604,2024-06-20,2024-06-20,UKR,Ukraine,ASF,0.932,verified,media_cluster,field,synthetic
BEACON-0007605,2024-06-19,2024-06-20,UKR,Ukraine,ASF,0.67,verified,unusual_mortality,media;official,synthetic
BEACON-0007606,2024-06-22,2024-06-24,MDA,Moldova,ASF,1.0,unverified,media_cluster,media,synthetic
BEACON-0007607,2024-06-21,2024-06-23,MDA,Moldova,ASF,0.624,verified,media_cluster,official,synthetic
BEACON-0007608,2024-06-21,2024-06-21,GEO,Georgia,ASF,0.266,verified,unusual_mortality,media,synthetic
BEACON-0007609,2024-06-17,2024-06-18,EGY,Egypt,ASF,0.311,unverified,unusual_mortality,official,synthetic
BEACON-0007610,2024-06-18,2024-06-18,MAR,Morocco,ASF,0.212,unverified,unusual_mortality,media,synthetic
BEACON-0007611,2024-06-24,2024-06-26,FRA,France,ASF,0.109,verified,media_cluster,media,synthetic
BEACON-0007612,2024-06-27,2024-06-29,FRA,France,ASF,0.248,verified,syndromic,media;official,synthetic
BEACON-0007613,2024-06-26,2024-06-28,BEL,Belgium,ASF,0.314,verified,unusual_mortality,media,synthetic
BEACON-0007614,2024-06-26,2024-06-27,BEL,Belgium,ASF,0.587,verified,unusual_mortality,media,synthetic
BEACON-0007615,2024-06-27,2024-06-29,ITA,Italy,ASF,0.549,unverified,media_cluster,official,synthetic
BEACON-0007616,2024-06-29,2024-06-29,ITA,Italy,ASF,0.746,verified,unusual_mortality,media,synthetic
BEACON-0007617,2024-06-28,2024-06-29,POL,Poland,ASF,0.501,unverified,unusual_mortality,media,synthetic
BEACON-0007618,2024-06-24,2024-06-25,HUN,Hungary,ASF,1.0,unverified,media_cluster,media;official,synthetic
BEACON-0007619,2024-06-25,2024-06-27,ROU,Romania,ASF,0.96,unverified,media_cluster,media;official,synthetic
BEACON-0007620,2024-06-24,2024-06-25,ROU,Romania,ASF,0.716,unverified,media_cluster,media,synthetic
BEACON-0007621,2024-06-24,2024-06-25,BGR,Bulgaria,ASF,0.544,unverified,unusual_mortality,media;official,synthetic
BEACON-0007622,2024-06-25,2024-06-26,SRB,Serbia,ASF,0.808,unverified,unusual_mortality,media,synthetic
BEACON-0007623,2024-06-28,2024-06-29,SRB,Serbia,ASF,1.0,unverified,trade_alert,media,synthetic
BEACON-0007624,2024-06-29,2024-07-01,UKR,Ukraine,ASF,1.0,verified,unusual_mortality,official,synthetic
BEACON-0007625,2024-06-29,2024-06-29,UKR,Ukraine,ASF,0.815,unverified,unusual_mortality,media,synthetic
BEACON-0007626,2024-06-29,2024-07-01,UKR,Ukraine,ASF,0.855,unverified,media_cluster,field,synthetic
BEACON-0007627,2024-06-24,2024-06-24,UKR,Ukraine,ASF,0.811,unverified,media_cluster,media,synthetic
BEACON-0007628,2024-06-25,2024-06-27,MDA,Moldova,ASF,1.0,unverified,unusual_mortality,media,synthetic
BEACON-0007629,2024-06-27,2024-06-29,RUS,Russian Federation,ASF,1.0,unverified,trade_alert,official,synthetic
BEACON-0007630,2024-06-27,2024-06-28,GEO,Georgia,ASF,0.395,verified,unusual_mortality,media,synthetic
BEACON-0007631,2024-06-26,2024-06-28,TUN,Tunisia,ASF,0.422,unverified,unusual_mortality,media,synthetic
BEACON-0007632,2024-06-27,2024-06-27,MAR,Morocco,ASF,0.436,verified,media_cluster,media;official,synthetic
BEACON-0007633,2024-07-04,2024-07-06,FRA,France,ASF,0.486,verified,media_cluster,media,synthetic
BEACON-0007634,2024-07-01,2024-07-01,DEU,Germany,ASF,0.653,verified,media_cluster,media,synthetic
BEACON-0007635,2024-07-06,2024-07-07,DEU,Germany,ASF,0.563,verified,syndromic,media,synthetic
BEACON-0007636,2024-07-05,2024-07-05,DEU,Germany,ASF,0.851,verified,trade_alert,media;official,synthetic
BEACON-0007637,2024-07-02,2024-07-03,NLD,Netherlands,ASF,0.828,verified,unusual_mortality,field,synthetic
BEACON-0007638,2024-07-02,2024-07-04,NLD,Netherlands,ASF,0.686,unverified,media_cluster,media;official,synthetic
BEACON-0007639,2024-07-03,2024-07-03,BEL,Belgium,ASF,0.756,unverified,media_cluster,official,synthetic
BEACON-0007640,2024-07-04,2024-07-06,ITA,Italy,ASF,0.394,unverified,media_cluster,media,synthetic
BEACON-0007641,2024-07-04,2024-07-05,ITA,Italy,ASF,0.511,unverified,unusual_mortality,media,synthetic
BEACON-0007642,2024-07-03,2024-07-03,ITA,Italy,ASF,0.796,verified,trade_alert,official,synthetic
BEACON-0007643,2024-07-03,2024-07-05,POL,Poland,ASF,1.0,unverified,trade_alert,media,synthetic
BEACON-0007644,2024-07-06,2024-07-08,POL,Poland,ASF,1.0,unverified,trade_alert,media;official,synthetic
BEACON-0007645,2024-07-02,2024-07-04,HUN,Hungary,ASF,0.785,unverified,unusual_mortality,media;official,synthetic
BEACON-0007646,2024-07-06,2024-07-06,HUN,Hungary,ASF,0.437,unverified,unusual_mortality,media,synthetic
BEACON-0007647,2024-07-02,2024-07-02,HUN,Hungary,ASF,0.868,verified,syndromic,media,synthetic
BEACON-0007648,2024-07-03,2024-07-03,HUN,Hungary,ASF,0.794,unverified,unusual_mortality,media,synthetic
BEACON-0007649,2024-07-05,2024-07-06,ROU,Romania,ASF,1.0,unverified,unusual_mortality,media,synthetic
BEACON-0007650,2024-07-01,2024-07-02,ROU,Romania,ASF,0.716,unverified,media_cluster,media,synthetic
BEACON-0007651,2024-07-05,2024-07-07,SRB,Serbia,ASF,0.223,unverified,syndromic,field,synthetic
BEACON-0007652,2024-07-06,2024-07-08,UKR,Ukraine,ASF,1.0,verified,media_cluster,media;official,synthetic
BEACON-0007653,2024-07-01,2024-07-02,UKR,Ukraine,ASF,1.0,verified,unusual_mortality,field,synthetic
BEACON-0007654,2024-07-06,2024-07-07,UKR,Ukraine,ASF,1.0,unverified,media_cluster,official,synthetic
BEACON-0007655,2024-07-01,2024-07-02,UKR,Ukraine,ASF,1.0,verified,syndromic,media,synthetic
BEACON-0007656,2024-07-03,2024-07-04,RUS,Russian Federation,ASF,0.726,verified,unusual_mortality,media,synthetic
BEACON-0007657,2024-07-02,2024-07-04,RUS,Russian Federation,ASF,0.496,verified,trade_alert,media,synthetic
BEACON-0007658,2024-07-02,2024-07-02,RUS,Russian Federation,ASF,1.0,unverified,media_cluster,media;official,synthetic
BEACON-0007659,2024-07-06,2024-07-08,ISR,Israel,ASF,0.648,unverified,media_cluster,media,synthetic
BEACON-0007660,2024-07-01,2024-07-02,ISR,Israel,ASF,0.539,unverified,media_cluster,media,synthetic
BEACON-0007661,2024-07-09,2024-07-11,FRA,France,ASF,0.498,verified,media_cluster,media,synthetic
BEACON-0007662,2024-07-13,2024-07-15,DEU,Germany,ASF,1.0,unverified,unusual_mortality,field,synthetic
BEACON-0007663,2024-07-10,2024-07-11,DEU,Germany,ASF,0.471,unverified,unusual_mortality,media,synthetic
BEACON-0007664,2024-07-08,2024-07-09,NLD,Netherlands,ASF,0.803,unverified,unusual_mortality,field,synthetic
BEACON-0007665,2024-07-10,2024-07-12,NLD,Netherlands,ASF,0.484,unverified,unusual_mortality,media,synthetic
BEACON-0007666,2024-07-09,2024-07-10,BEL,Belgium,ASF,0.338,unverified,unusual_mortality,media;official,synthetic
BEACON-0007667,2024-07-10,2024-07-11,BEL,Belgium,ASF,0.481,unverified,syndromic,media;official,synthetic
BEACON-0007668,2024-07-10,2024-07-10,ITA,Italy,ASF,0.52,unverified,syndromic,media,synthetic
BEACON-0007669,2024-07-10,2024-07-10,ESP,Spain,ASF,0.419,unverified,trade_alert,official,synthetic
BEACON-0007670,2024-07-13,2024-07-15,ESP,Spain,ASF,0.156,unverified,unusual_mortality,official,synthetic
BEACON-0007671,2024-07-09,2024-07-10,POL,Poland,ASF,0.998,verified,media_cluster,media;official,synthetic
BEACON-0007672,2024-07-10,2024-07-10,POL,Poland,ASF,0.617,unverified,media_cluster,media,synthetic
BEACON-0007673,2024-07-11,2024-07-12,POL,Poland,ASF,0.73,unverified,unusual_mortality,official,synthetic
BEACON-0007674,2024-07-11,2024-07-11,POL,Poland,ASF,1.0,verified,syndromic,official,synthetic
BEACON-0007675,2024-07-13,2024-07-15,POL,Poland,ASF,1.0,unverified,media_cluster,media,synthetic
BEACON-0007676,2024-07-09,2024-07-09,POL,Poland,ASF,0.79,verified,media_cluster,media;official,synthetic
BEACON-0007677,2024-07-10,2024-07-12,HUN,Hungary,ASF,1.0,unverified,trade_alert,field,synthetic
BEACON-0007678,2024-07-11,2024-07-13,HUN,Hungary,ASF,0.888,verified,media_cluster,media,synthetic
BEACON-0007679,2024-07-08,2024-07-09,HUN,Hungary,ASF,0.911,unverified,syndromic,media,synthetic
BEACON-0007680,2024-07-08,2024-07-09,HUN,Hungary,ASF,1.0,unverified,syndromic,media,synthetic
BEACON-0007681,2024-07-08,2024-07-08,ROU,Romania,ASF,0.779,unverified,unusual_mortality,media,synthetic
BEACON-0007682,2024-07-09,2024-07-11,ROU,Romania,ASF,1.0,verified,syndromic,media,synthetic
BEACON-0007683,2024-07-11,2024-07-13,ROU,Romania,ASF,0.746,verified,media_cluster,media;official,synthetic
BEACON-0007684,2024-07-08,2024-07-10,ROU,Romania,ASF,1.0,unverified,unusual_mortality,media;official,synthetic
BEACON-0007685,2024-07-10,2024-07-12,ROU,Romania,ASF,0.834,verified,trade_alert,media,synthetic
BEACON-0007686,2024-07-08,2024-07-10,ROU,Romania,ASF,0.96,verified,unusual_mortality,media;official,synthetic
BEACON-0007687,2024-07-10,2024-07-10,BGR,Bulgaria,ASF,0.492,verified,unusual_mortality,media;official,synthetic
BEACON-0007688,2024-07-09,2024-07-11,SRB,Serbia,ASF,1.0,unverified,media_cluster,official,synthetic
BEACON-0007689,2024-07-11,2024-07-13,UKR,Ukraine,ASF,1.0,unverified,unusual_mortality,media,synthetic
BEACON-0007690,2024-07-10,2024-07-10,UKR,Ukraine,ASF,1.0,verified,media_cluster,media,synthetic
BEACON-0007691,2024-07-12,2024-07-13,UKR,Ukraine,ASF,1.0,unverified,media_cluster,media;official,synthetic
BEACON-0007692,2024-07-11,2024-07-13,UKR,Ukraine,ASF,1.0,verified,unusual_mortality,media,synthetic
BEACON-0007693,2024-07-08,2024-07-10,MDA,Moldova,ASF,1.0,verified,trade_alert,media,synthetic
BEACON-0007694,2024-07-10,2024-07-12,MDA,Moldova,ASF,1.0,unverified,trade_alert,field,synthetic
BEACON-0007695,2024-07-10,2024-07-12,RUS,Russian Federation,ASF,0.562,unverified,unusual_mortality,media,synthetic
BEACON-0007696,2024-07-13,2024-07-13,RUS,Russian Federation,ASF,0.594,unverified,media_cluster,media,synthetic
BEACON-0007697,2024-07-13,2024-07-14,RUS,Russian Federation,ASF,0.936,verified,unusual_mortality,media;official,synthetic
BEACON-0007698,2024-07-10,2024-07-10,GEO,Georgia,ASF,0.561,unverified,unusual_mortality,media;official,synthetic
BEACON-0007699,2024-07-10,2024-07-10,ISR,Israel,ASF,0.708,unverified,media_cluster,official,synthetic
BEACON-0007700,2024-07-08,2024-07-08,EGY,Egypt,ASF,0.129,verified,syndromic,media,synthetic
BEACON-0007701,2024-07-12,2024-07-14,MAR,Morocco,ASF,0.523,verified,trade_alert,media,synthetic
BEACON-0007702,2024-07-19,2024-07-20,FRA,France,ASF,0.998,unverified,media_cluster,media;official,synthetic
BEACON-0007703,2024-07-17,2024-07-17,FRA,France,ASF,0.483,unverified,media_cluster,media,synthetic
BEACON-0007704,2024-07-15,2024-07-16,DEU,Germany,ASF,0.555,verified,syndromic,official,synthetic
BEACON-0007705,2024-07-20,2024-07-21,NLD,Netherlands,ASF,1.0,unverified,media_cluster,field,synthetic
BEACON-0007706,2024-07-20,2024-07-21,BEL,Belgium,ASF,0.478,unverified,unusual_mortality,media;official,synthetic
BEACON-0007707,2024-07-17,2024-07-19,BEL,Belgium,ASF,0.499,unverified,syndromic,media;official,synthetic
BEACON-0007708,2024-07-19,2024-07-20,BEL,Belgium,ASF,0.902,unverified,media_cluster,media;official,synthetic
BEACON-0007709,2024-07-20,2024-07-21,BEL,Belgium,ASF,0.456,unverified,media_cluster,official,synthetic
BEACON-0007710,2024-07-20,2024-07-21,ITA,Italy,ASF,0.553,unverified,syndromic,media,synthetic
BEACON-0007711,2024-07-16,2024-07-17,ITA,Italy,ASF,0.779,unverified,trade_alert,media,synthetic
BEACON-0007712,2024-07-20,2024-07-21,ITA,Italy,ASF,0.664,unverified,media_cluster,media,synthetic
BEACON-0007713,2024-07-15,2024-07-17,ESP,Spain,ASF,0.537,unverified,unusual_mortality,media,synthetic
BEACON-0007714,2024-07-16,2024-07-17,POL,Poland,ASF,0.671,verified,media_cluster,media,synthetic
BEACON-0007715,2024-07-19,2024-07-20,HUN,Hungary,ASF,0.73,unverified,media_cluster,media,synthetic
BEACON-0007716,2024-07-16,2024-07-17,HUN,Hungary,ASF,1.0,unverified,media_cluster,media;official,synthetic
BEACON-0007717,2024-07-15,2024-07-17,HUN,Hungary,ASF,1.0,unverified,media_cluster,media;official,synthetic
BEACON-0007718,2024-07-15,2024-07-17,ROU,Romania,ASF,1.0,verified,unusual_mortality,media,synthetic
BEACON-0007719,2024-07-20,2024-07-22,ROU,Romania,ASF,1.0,unverified,media_cluster,media,synthetic
BEACON-0007720,2024-07-18,2024-07-18,ROU,Romania,ASF,1.0,verified,media_cluster,media,synthetic
BEACON-0007721,2024-07-15,2024-07-16,ROU,Romania,ASF,1.0,unverified,media_cluster,media,synthetic
BEACON-0007722,2024-07-19,2024-07-21,BGR,Bulgaria,ASF,0.939,unverified,media_cluster,media;official,synthetic
BEACON-0007723,2024-07-18,2024-07-19,SRB,Serbia,ASF,1.0,verified,media_cluster,official,synthetic
BEACON-0007724,2024-07-15,2024-07-15,SRB,Serbia,ASF,1.0,verified,syndromic,media,synthetic
BEACON-0007725,2024-07-16,2024-07-17,SRB,Serbia,ASF,1.0,unverified,syndromic,media,synthetic
BEACON-0007726,2024-07-16,2024-07-17,SRB,Serbia,ASF,1.0,unverified,syndromic,media;official,synthetic
BEACON-0007727,2024-07-15,2024-07-15,UKR,Ukraine,ASF,1.0,verified,trade_alert,media,synthetic
BEACON-0007728,2024-07-19,2024-07-21,UKR,Ukraine,ASF,1.0,verified,unusual_mortality,media;official,synthetic
BEACON-0007729,2024-07-15,2024-07-17,MDA,Moldova,ASF,1.0,unverified,trade_alert,field,synthetic
BEACON-0007730,2024-07-19,2024-07-20,MDA,Moldova,ASF,1.0,unverified,trade_alert,media,synthetic
BEACON-0007731,2024-07-20,2024-07-20,MDA,Moldova,ASF,1.0,verified,media_cluster,media,synthetic
BEACON-0007732,2024-07-16,2024-07-16,MDA,Moldova,ASF,1.0,unverified,syndromic,media;official,synthetic
BEACON-0007733,2024-07-17,2024-07-17,MDA,Moldova,ASF,0.918,verified,unusual_mortality,media,synthetic
BEACON-0007734,2024-07-19,2024-07-21,RUS,Russian Federation,ASF,0.49,unverified,syndromic,media,synthetic
BEACON-0007735,2024-07-17,2024-07-18,GEO,Georgia,ASF,0.453,verified,trade_alert,media,synthetic
BEACON-0007736,2024-07-15,2024-07-17,ISR,Israel,ASF,0.273,unverified,unusual_mortality,media,synthetic
BEACON-0007737,2024-07-20,2024-07-21,TUN,Tunisia,ASF,0.164,unverified,unusual_mortality,media,synthetic
BEACON-0007738,2024-07-20,2024-07-22,TUN,Tunisia,ASF,0.276,unverified,media_cluster,media,synthetic
BEACON-0007739,2024-07-16,2024-07-17,MAR,Morocco,ASF,0.367,verified,unusual_mortality,media,synthetic
BEACON-0007740,2024-07-17,2024-07-19,MAR,Morocco,ASF,0.276,unverified,unusual_mortality,official,synthetic
BEACON-0007741,2024-07-24,2024-07-24,FRA,France,ASF,1.0,unverified,syndromic,field,synthetic
BEACON-0007742,2024-07-26,2024-07-28,FRA,France,ASF,1.0,unverified,media_cluster,media;official,synthetic
BEACON-0007743,2024-07-27,2024-07-27,FRA,France,ASF,0.912,verified,media_cluster,media;official,synthetic
BEACON-0007744,2024-07-22,2024-07-23,FRA,France,ASF,1.0,unverified,media_cluster,media,synthetic
BEACON-0007745,2024-07-25,2024-07-25,DEU,Germany,ASF,0.743,unverified,trade_alert,media,synthetic
BEACON-0007746,2024-07-22,2024-07-24,DEU,Germany,ASF,0.977,unverified,trade_alert,media;official,synthetic
BEACON-0007747,2024-07-25,2024-07-27,DEU,Germany,ASF,0.941,unverified,syndromic,media,synthetic
BEACON-0007748,2024-07-24,2024-07-24,DEU,Germany,ASF,0.508,unverified,unusual_mortality,media;official,synthetic
BEACON-0007749,2024-07-27,2024-07-27,NLD,Netherlands,ASF,0.631,unverified,syndromic,field,synthetic
BEACON-0007750,2024-07-24,2024-07-24,NLD,Netherlands,ASF,0.759,unverified,syndromic,official,synthetic
BEACON-0007751,2024-07-22,2024-07-23,NLD,Netherlands,ASF,0.738,unverified,syndromic,media,synthetic
BEACON-0007752,2024-07-26,2024-07-28,NLD,Netherlands,ASF,0.778,unverified,media_cluster,media;official,synthetic
BEACON-0007753,2024-07-26,2024-07-27,BEL,Belgium,ASF,0.236,verified,media_cluster,media;official,synthetic
BEACON-0007754,2024-07-25,2024-07-25,ITA,Italy,ASF,0.532,verified,syndromic,media,synthetic
BEACON-0007755,2024-07-26,2024-07-27,ITA,Italy,ASF,0.701,verified,unusual_mortality,media;official,synthetic
BEACON-0007756,2024-07-23,2024-07-25,ITA,Italy,ASF,0.491,verified,unusual_mortality,media;official,synthetic
BEACON-0007757,2024-07-26,2024-07-27,ESP,Spain,ASF,0.725,verified,media_cluster,media,synthetic
BEACON-0007758,2024-07-23,2024-07-23,ESP,Spain,ASF,0.199,unverified,syndromic,field,synthetic
BEACON-0007759,2024-07-22,2024-07-22,POL,Poland,ASF,0.837,unverified,unusual_mortality,field,synthetic
BEACON-0007760,2024-07-23,2024-07-25,POL,Poland,ASF,0.828,unverified,unusual_mortality,media,synthetic
BEACON-0007761,2024-07-23,2024-07-23,POL,Poland,ASF,0.945,verified,unusual_mortality,media;official,synthetic
BEACON-0007762,2024-07-25,2024-07-27,HUN,Hungary,ASF,1.0,verified,media_cluster,media;official,synthetic
BEACON-0007763,2024-07-24,2024-07-26,HUN,Hungary,ASF,0.968,unverified,unusual_mortality,official,synthetic
BEACON-0007764,2024-07-26,2024-07-27,HUN,Hungary,ASF,0.798,verified,media_cluster,media,synthetic
BEACON-0007765,2024-07-27,2024-07-27,HUN,Hungary,ASF,0.925,unverified,media_cluster,field,synthetic
BEACON-0007766,2024-07-26,2024-07-26,HUN,Hungary,ASF,1.0,unverified,unusual_mortality,media;official,synthetic
BEACON-0007767,2024-07-26,2024-07-27,HUN,Hungary,ASF,0.799,verified,media_cluster,media,synthetic
BEACON-0007768,2024-07-26,2024-07-26,ROU,Romania,ASF,0.807,verified,unusual_mortality,media;official,synthetic
BEACON-0007769,2024-07-26,2024-07-27,ROU,Romania,ASF,0.659,verified,media_cluster,media,synthetic
BEACON-0007770,2024-07-27,2024-07-27,ROU,Romania,ASF,0.899,unverified,media_cluster,media,synthetic
BEACON-0007771,2024-07-22,2024-07-22,BGR,Bulgaria,ASF,0.864,verified,unusual_mortality,media,synthetic
BEACON-0007772,2024-07-26,2024-07-28,BGR,Bulgaria,ASF,0.754,unverified,media_cluster,field,synthetic
BEACON-0007773,2024-07-25,2024-07-27,SRB,Serbia,ASF,0.595,unverified,trade_alert,media;official,synthetic
BEACON-0007774,2024-07-22,2024-07-22,SRB,Serbia,ASF,0.324,unverified,media_cluster,media,synthetic
BEACON-0007775,2024-07-25,2024-07-27,SRB,Serbia,ASF,0.914,unverified,unusual_mortality,field,synthetic
BEACON-0007776,2024-07-22,2024-07-23,SRB,Serbia,ASF,0.541,verified,unusual_mortality,media,synthetic
BEACON-0007777,2024-07-24,2024-07-26,SRB,Serbia,ASF,0.517,unverified,media_cluster,field,synthetic
BEACON-0007778,2024-07-27,2024-07-28,UKR,Ukraine,ASF,1.0,unverified,syndromic,media;official,synthetic
BEACON-0007779,2024-07-23,2024-07-23,UKR,Ukraine,ASF,0.85,verified,media_cluster,media;official,synthetic
BEACON-0007780,2024-07-24,2024-07-25,UKR,Ukraine,ASF,1.0,verified,media_cluster,official,synthetic
BEACON-0007781,2024-07-27,2024-07-27,UKR,Ukraine,ASF,0.971,verified,media_cluster,media,synthetic
BEACON-0007782,2024-07-25,2024-07-26,UKR,Ukraine,ASF,1.0,unverified,trade_alert,media,synthetic
BEACON-0007783,2024-07-23,2024-07-23,MDA,Moldova,ASF,1.0,unverified,unusual_mortality,official,synthetic
BEACON-0007784,2024-07-27,2024-07-29,MDA,Moldova,ASF,0.881,verified,syndromic,media,synthetic
BEACON-0007785,2024-07-22,2024-07-22,MDA,Moldova,ASF,1.0,verified,media_cluster,official,synthetic
BEACON-0007786,2024-07-26,2024-07-28,MDA,Moldova,ASF,1.0,verified,media_cluster,media,synthetic
BEACON-0007787,2024-07-24,2024-07-26,MDA,Moldova,ASF,1.0,verified,media_cluster,media;official,synthetic
BEACON-0007788,2024-07-24,2024-07-25,MDA,Moldova,ASF,1.0,unverified,media_cluster,media,synthetic
BEACON-0007789,2024-07-22,2024-07-23,RUS,Russian Federation,ASF,0.447,unverified,unusual_mortality,field,synthetic
BEACON-0007790,2024-07-26,2024-07-28,RUS,Russian Federation,ASF,0.801,verified,media_cluster,media,synthetic
BEACON-0007791,2024-07-25,2024-07-25,GEO,Georgia,ASF,0.74,unverified,unusual_mortality,official,synthetic
BEACON-0007792,2024-07-22,2024-07-24,GEO,Georgia,ASF,1.0,unverified,unusual_mortality,media;official,synthetic
BEACON-0007793,2024-07-24,2024-07-25,ISR,Israel,ASF,0.311,unverified,media_cluster,media;official,synthetic
BEACON-0007794,2024-07-27,2024-07-29,ISR,Israel,ASF,0.733,verified,media_cluster,official,synthetic
BEACON-0007795,2024-07-25,2024-07-27,ISR,Israel,ASF,0.516,verified,media_cluster,media;official,synthetic
BEACON-0007796,2024-07-23,2024-07-23,EGY,Egypt,ASF,0.575,unverified,media_cluster,media,synthetic
BEACON-0007797,2024-07-27,2024-07-27,EGY,Egypt,ASF,0.443,verified,unusual_mortality,official,synthetic
BEACON-0007798,2024-07-25,2024-07-26,MAR,Morocco,ASF,0.19,unverified,unusual_mortality,media,synthetic
BEACON-0007799,2024-07-29,2024-07-30,FRA,France,ASF,0.74,unverified,unusual_mortality,official,synthetic
BEACON-0007800,2024-07-31,2024-08-02,FRA,France,ASF,0.754,unverified,unusual_mortality,media,synthetic
BEACON-0007801,2024-08-03,2024-08-04,DEU,Germany,ASF,1.0,unverified,syndromic,official,synthetic
BEACON-0007802,2024-08-03,2024-08-03,DEU,Germany,ASF,0.93,verified,media_cluster,media;official,synthetic
BEACON-0007803,2024-07-29,2024-07-29,DEU,Germany,ASF,1.0,unverified,media_cluster,official,synthetic
BEACON-0007804,2024-08-03,2024-08-05,NLD,Netherlands,ASF,0.611,unverified,media_cluster,media;official,synthetic
BEACON-0007805,2024-08-01,2024-08-01,NLD,Netherlands,ASF,0.459,verified,unusual_mortality,media,synthetic
BEACON-0007806,2024-07-31,2024-08-01,NLD,Netherlands,ASF,1.0,verified,media_cluster,official,synthetic
BEACON-0007807,2024-08-02,2024-08-02,NLD,Netherlands,ASF,0.579,unverified,unusual_mortality,media,synthetic
BEACON-0007808,2024-08-02,2024-08-04,NLD,Netherlands,ASF,0.26,unverified,media_cluster,official,synthetic
BEACON-0007809,2024-07-30,2024-07-31,BEL,Belgium,ASF,0.447,verified,media_cluster,media,synthetic
BEACON-0007810,2024-08-01,2024-08-03,BEL,Belgium,ASF,0.435,unverified,unusual_mortality,media,synthetic
BEACON-0007811,2024-07-30,2024-07-31,BEL,Belgium,ASF,0.468,unverified,unusual_mortality,media;official,synthetic
BEACON-0007812,2024-07-29,2024-07-30,BEL,Belgium,ASF,0.286,unverified,syndromic,official,synthetic
BEACON-0007813,2024-08-01,2024-08-02,BEL,Belgium,ASF,0.813,unverified,unusual_mortality,official,synthetic
BEACON-0007814,2024-07-30,2024-07-31,BEL,Belgium,ASF,0.358,verified,media_cluster,media;official,synthetic
BEACON-0007815,2024-07-31,2024-08-01,ITA,Italy,ASF,0.692,unverified,unusual_mortality,media;official,synthetic
BEACON-0007816,2024-07-29,2024-07-30,ESP,Spain,ASF,0.613,unverified,media_cluster,field,synthetic
BEACON-0007817,2024-08-02,2024-08-03,POL,Poland,ASF,1.0,unverified,media_cluster,media;official,synthetic
BEACON-0007818,2024-07-30,2024-08-01,POL,Poland,ASF,1.0,unverified,media_cluster,media;official,synthetic
BEACON-0007819,2024-07-30,2024-08-01,POL,Poland,ASF,1.0,unverified,unusual_mortality,media;official,synthetic
BEACON-0007820,2024-08-03,2024-08-04,HUN,Hungary,ASF,0.931,verified,media_cluster,media,synthetic
BEACON-0007821,2024-07-30,2024-07-30,ROU,Romania,ASF,0.745,unverified,syndromic,field,synthetic
BEACON-0007822,2024-07-30,2024-07-30,ROU,Romania,ASF,1.0,verified,media_cluster,media;official,synthetic
BEACON-0007823,2024-08-03,2024-08-03,ROU,Romania,ASF,0.763,verified,unusual_mortality,field,synthetic
BEACON-0007824,2024-07-29,2024-07-31,BGR,Bulgaria,ASF,0.554,unverified,media_cluster,media,synthetic
BEACON-0007825,2024-08-02,2024-08-04,SRB,Serbia,ASF,0.998,verified,unusual_mortality,field,synthetic
BEACON-0007826,2024-07-31,2024-08-01,SRB,Serbia,ASF,0.993,unverified,unusual_mortality,official,synthetic
BEACON-0007827,2024-07-29,2024-07-30,SRB,Serbia,ASF,0.903,unverified,media_cluster,official,synthetic
BEACON-0007828,2024-07-31,2024-08-02,SRB,Serbia,ASF,1.0,verified,media_cluster,media,synthetic
BEACON-0007829,2024-08-01,2024-08-02,UKR,Ukraine,ASF,1.0,verified,syndromic,media,synthetic
BEACON-0007830,2024-08-03,2024-08-03,UKR,Ukraine,ASF,1.0,unverified,trade_alert,media,synthetic
BEACON-0007831,2024-07-30,2024-07-31,MDA,Moldova,ASF,0.895,unverified,unusual_mortality,media,synthetic
BEACON-0007832,2024-08-03,2024-08-04,MDA,Moldova,ASF,0.753,verified,unusual_mortality,official,synthetic
BEACON-0007833,2024-07-31,2024-07-31,MDA,Moldova,ASF,1.0,unverified,unusual_mortality,media,synthetic
BEACON-0007834,2024-07-31,2024-07-31,TUR,Türkiye,ASF,0.514,unverified,media_cluster,media,synthetic
BEACON-0007835,2024-07-29,2024-07-30,TUR,Türkiye,ASF,0.283,unverified,media_cluster,media,synthetic
BEACON-0007836,2024-07-29,2024-07-29,GEO,Georgia,ASF,0.969,verified,unusual_mortality,media;official,synthetic
BEACON-0007837,2024-08-01,2024-08-01,GEO,Georgia,ASF,1.0,verified,media_cluster,media,synthetic
BEACON-0007838,2024-08-01,2024-08-02,GEO,Georgia,ASF,0.625,unverified,unusual_mortality,official,synthetic
BEACON-0007839,2024-08-03,2024-08-04,EGY,Egypt,ASF,0.148,verified,trade_alert,field,synthetic
BEACON-0007840,2024-08-02,2024-08-03,MAR,Morocco,ASF,0.665,unverified,unusual_mortality,media,synthetic
BEACON-0007841,2024-08-10,2024-08-12,FRA,France,ASF,0.955,unverified,syndromic,field,synthetic
BEACON-0007842,2024-08-05,2024-08-07,DEU,Germany,ASF,0.523,unverified,unusual_mortality,media;official,synthetic
BEACON-0007843,2024-08-05,2024-08-06,DEU,Germany,ASF,0.732,unverified,unusual_mortality,media;official,synthetic
BEACON-0007844,2024-08-05,2024-08-05,NLD,Netherlands,ASF,0.74,unverified,media_cluster,media;official,synthetic
BEACON-0007845,2024-08-06,2024-08-06,NLD,Netherlands,ASF,0.338,unverified,unusual_mortality,media,synthetic
BEACON-0007846,2024-08-05,2024-08-07,BEL,Belgium,ASF,0.775,verified,media_cluster,media;official,synthetic
BEACON-0007847,2024-08-07,2024-08-08,ITA,Italy,ASF,0.832,unverified,unusual_mortality,official,synthetic
BEACON-0007848,2024-08-10,2024-08-12,ITA,Italy,ASF,0.858,unverified,unusual_mortality,media,synthetic
BEACON-0007849,2024-08-07,2024-08-08,ITA,Italy,ASF,0.578,verified,media_cluster,official,synthetic
BEACON-0007850,2024-08-05,2024-08-06,ESP,Spain,ASF,0.521,unverified,unusual_mortality,media,synthetic
BEACON-0007851,2024-08-09,2024-08-10,ESP,Spain,ASF,0.791,verified,media_cluster,media;official,synthetic
BEACON-0007852,2024-08-06,2024-08-07,ESP,Spain,ASF,1.0,unverified,unusual_mortality,media,synthetic
BEACON-0007853,2024-08-07,2024-08-08,POL,Poland,ASF,1.0,verified,media_cluster,media;official,synthetic
BEACON-0007854,2024-08-09,2024-08-10,POL,Poland,ASF,0.848,unverified,trade_alert,field,synthetic
BEACON-0007855,2024-08-10,2024-08-11,POL,Poland,ASF,1.0,verified,media_cluster,media;official,synthetic
BEACON-0007856,2024-08-07,2024-08-08,HUN,Hungary,ASF,1.0,unverified,media_cluster,media,synthetic
BEACON-0007857,2024-08-10,2024-08-10,HUN,Hungary,ASF,1.0,unverified,unusual_mortality,media;official,synthetic
BEACON-0007858,2024-08-07,2024-08-08,HUN,Hungary,ASF,0.881,verified,syndromic,field,synthetic
BEACON-0007859,2024-08-10,2024-08-11,HUN,Hungary,ASF,1.0,verified,trade_alert,media;official,synthetic
BEACON-0007860,2024-08-08,2024-08-09,HUN,Hungary,ASF,1.0,unverified,unusual_mortality,media,synthetic
BEACON-0007861,2024-08-09,2024-08-09,HUN,Hungary,ASF,1.0,verified,trade_alert,media,synthetic
BEACON-0007862,2024-08-10,2024-08-11,ROU,Romania,ASF,1.0,unverified,unusual_mortality,media;official,synthetic
BEACON-0007863,2024-08-07,2024-08-08,ROU,Romania,ASF,1.0,unverified,media_cluster,media,synthetic
BEACON-0007864,2024-08-05,2024-08-07,BGR,Bulgaria,ASF,0.403,unverified,media_cluster,field,synthetic
BEACON-0007865,2024-08-05,2024-08-05,SRB,Serbia,ASF,1.0,verified,unusual_mortality,media,synthetic
BEACON-0007866,2024-08-05,2024-08-07,UKR,Ukraine,ASF,0.637,unverified,unusual_mortality,media,synthetic
BEACON-0007867,2024-08-08,2024-08-10,UKR,Ukraine,ASF,0.869,unverified,unusual_mortality,media,synthetic
BEACON-0007868,2024-08-08,2024-08-09,UKR,Ukraine,ASF,0.907,unverified,syndromic,media,synthetic
BEACON-0007869,2024-08-07,2024-08-07,MDA,Moldova,ASF,0.921,unverified,media_cluster,media;official,synthetic
BEACON-0007870,2024-08-08,2024-08-09,RUS,Russian Federation,ASF,0.947,verified,unusual_mortality,media,synthetic
BEACON-0007871,2024-08-10,2024-08-11,ISR,Israel,ASF,0.356,unverified,media_cluster,media,synthetic
BEACON-0007872,2024-08-10,2024-08-10,EGY,Egypt,ASF,0.202,unverified,trade_alert,media;official,synthetic
BEACON-0007873,2024-08-05,2024-08-05,EGY,Egypt,ASF,0.628,unverified,media_cluster,media,synthetic
BEACON-0007874,2024-08-08,2024-08-08,TUN,Tunisia,ASF,0.34,unverified,trade_alert,media;official,synthetic
BEACON-0007875,2024-08-06,2024-08-06,MAR,Morocco,ASF,0.341,verified,media_cluster,media,synthetic
BEACON-0007876,2024-08-08,2024-08-10,MAR,Morocco,ASF,0.899,verified,unusual_mortality,media,synthetic
BEACON-0007877,2024-08-15,2024-08-17,FRA,France,ASF,0.569,unverified,trade_alert,media,synthetic
BEACON-0007878,2024-08-14,2024-08-14,FRA,France,ASF,0.55,unverified,trade_alert,media;official,synthetic
BEACON-0007879,2024-08-15,2024-08-17,DEU,Germany,ASF,1.0,unverified,syndromic,media;official,synthetic
BEACON-0007880,2024-08-17,2024-08-19,DEU,Germany,ASF,1.0,unverified,unusual_mortality,media;official,synthetic
BEACON-0007881,2024-08-17,2024-08-17,DEU,Germany,ASF,0.79,verified,unusual_mortality,media,synthetic
BEACON-0007882,2024-08-12,2024-08-12,DEU,Germany,ASF,0.845,verified,unusual_mortality,field,synthetic
BEACON-0007883,2024-08-13,2024-08-13,DEU,Germany,ASF,0.721,unverified,syndromic,media,synthetic
BEACON-0007884,2024-08-17,2024-08-19,DEU,Germany,ASF,0.778,verified,syndromic,media,synthetic
BEACON-0007885,2024-08-13,2024-08-14,DEU,Germany,ASF,0.58,verified,media_cluster,media;official,synthetic
BEACON-0007886,2024-08-16,2024-08-18,NLD,Netherlands,ASF,0.81,unverified,syndromic,media;official,synthetic
BEACON-0007887,2024-08-12,2024-08-14,BEL,Belgium,ASF,0.84,verified,media_cluster,field,synthetic
BEACON-0007888,2024-08-15,2024-08-15,BEL,Belgium,ASF,0.846,unverified,syndromic,field,synthetic
BEACON-0007889,2024-08-14,2024-08-15,BEL,Belgium,ASF,0.866,unverified,trade_alert,media;official,synthetic
BEACON-0007890,2024-08-17,2024-08-19,ITA,Italy,ASF,1.0,unverified,media_cluster,media;official,synthetic
BEACON-0007891,2024-08-12,2024-08-12,ESP,Spain,ASF,0.23,verified,syndromic,official,synthetic
BEACON-0007892,2024-08-17,2024-08-18,ESP,Spain,ASF,0.6,unverified,unusual_mortality,media,synthetic
BEACON-0007893,2024-08-12,2024-08-14,POL,Poland,ASF,1.0,unverified,media_cluster,media,synthetic
BEACON-0007894,2024-08-17,2024-08-17,POL,Poland,ASF,0.922,unverified,media_cluster,media;official,synthetic
BEACON-0007895,2024-08-17,2024-08-18,HUN,Hungary,ASF,1.0,unverified,unusual_mortality,official,synthetic
BEACON-0007896,2024-08-16,2024-08-16,HUN,Hungary,ASF,1.0,unverified,syndromic,media,synthetic
BEACON-0007897,2024-08-14,2024-08-16,HUN,Hungary,ASF,1.0,unverified,media_cluster,field,synthetic
BEACON-0007898,2024-08-12,2024-08-13,ROU,Romania,ASF,0.786,verified,media_cluster,media,synthetic
BEACON-0007899,2024-08-16,2024-08-16,ROU,Romania,ASF,1.0,verified,media_cluster,media,synthetic
BEACON-0007900,2024-08-12,2024-08-12,ROU,Romania,ASF,0.921,verified,unusual_mortality,official,synthetic
BEACON-0007901,2024-08-15,2024-08-16,ROU,Romania,ASF,1.0,verified,trade_alert,official,synthetic
BEACON-0007902,2024-08-16,2024-08-18,BGR,Bulgaria,ASF,0.571,unverified,trade_alert,official,synthetic
BEACON-0007903,2024-08-13,2024-08-14,BGR,Bulgaria,ASF,0.533,unverified,unusual_mortality,media,synthetic
BEACON-0007904,2024-08-16,2024-08-17,BGR,Bulgaria,ASF,0.689,unverified,media_cluster,field,synthetic
BEACON-0007905,2024-08-15,2024-08-16,SRB,Serbia,ASF,0.46,unverified,media_cluster,official,synthetic
BEACON-0007906,2024-08-16,2024-08-16,SRB,Serbia,ASF,1.0,unverified,unusual_mortality,media,synthetic
BEACON-0007907,2024-08-12,2024-08-12,UKR,Ukraine,ASF,0.728,verified,media_cluster,field,synthetic
BEACON-0007908,2024-08-12,2024-08-14,UKR,Ukraine,ASF,0.604,unverified,trade_alert,media,synthetic
BEACON-0007909,2024-08-12,2024-08-14,MDA,Moldova,ASF,0.621,verified,unusual_mortality,field,synthetic
BEACON-0007910,2024-08-13,2024-08-14,RUS,Russian Federation,ASF,0.704,unverified,media_cluster,official,synthetic
BEACON-0007911,2024-08-14,2024-08-14,RUS,Russian Federation,ASF,0.737,unverified,media_cluster,field,synthetic
BEACON-0007912,2024-08-17,2024-08-18,TUR,Türkiye,ASF,0.657,unverified,media_cluster,media,synthetic
BEACON-0007913,2024-08-17,2024-08-19,TUR,Türkiye,ASF,0.526,unverified,media_cluster,official,synthetic
BEACON-0007914,2024-08-16,2024-08-18,GEO,Georgia,ASF,0.88,verified,unusual_mortality,media;official,synthetic
BEACON-0007915,2024-08-16,2024-08-18,GEO,Georgia,ASF,0.988,unverified,unusual_mortality,media,synthetic
BEACON-0007916,2024-08-17,2024-08-18,ISR,Israel,ASF,0.335,unverified,unusual_mortality,media,synthetic
BEACON-0007917,2024-08-16,2024-08-16,ISR,Israel,ASF,0.332,unverified,syndromic,media,synthetic
BEACON-0007918,2024-08-17,2024-08-18,TUN,Tunisia,ASF,0.66,unverified,trade_alert,media,synthetic
BEACON-0007919,2024-08-21,2024-08-22,FRA,France,ASF,0.401,unverified,media_cluster,media;official,synthetic
BEACON-0007920,2024-08-22,2024-08-24,DEU,Germany,ASF,0.737,unverified,media_cluster,media,synthetic
BEACON-0007921,2024-08-20,2024-08-21,DEU,Germany,ASF,1.0,verified,media_cluster,media;official,synthetic
BEACON-0007922,2024-08-19,2024-08-21,NLD,Netherlands,ASF,0.902,unverified,media_cluster,media,synthetic
BEACON-0007923,2024-08-24,2024-08-26,NLD,Netherlands,ASF,0.856,unverified,unusual_mortality,media,synthetic
BEACON-0007924,2024-08-20,2024-08-22,NLD,Netherlands,ASF,0.653,unverified,unusual_mortality,field,synthetic
BEACON-0007925,2024-08-20,2024-08-22,NLD,Netherlands,ASF,0.887,unverified,media_cluster,official,synthetic
BEACON-0007926,2024-08-19,2024-08-21,BEL,Belgium,ASF,0.749,unverified,trade_alert,media;official,synthetic
BEACON-0007927,2024-08-23,2024-08-24,BEL,Belgium,ASF,0.588,verified,media_cluster,media;official,synthetic
BEACON-0007928,2024-08-21,2024-08-22,ITA,Italy,ASF,0.727,unverified,media_cluster,media,synthetic
BEACON-0007929,2024-08-24,2024-08-25,ITA,Italy,ASF,0.528,unverified,media_cluster,media;official,synthetic
BEACON-0007930,2024-08-23,2024-08-24,ESP,Spain,ASF,0.773,unverified,media_cluster,official,synthetic
BEACON-0007931,2024-08-22,2024-08-22,POL,Poland,ASF,1.0,unverified,unusual_mortality,media;official,synthetic
BEACON-0007932,2024-08-19,2024-08-20,POL,Poland,ASF,1.0,unverified,media_cluster,official,synthetic
BEACON-0007933,2024-08-24,2024-08-25,POL,Poland,ASF,1.0,unverified,media_cluster,official,synthetic
BEACON-0007934,2024-08-20,2024-08-22,POL,Poland,ASF,1.0,unverified,syndromic,media,synthetic
BEACON-0007935,2024-08-22,2024-08-23,POL,Poland,ASF,1.0,verified,syndromic,media,synthetic
BEACON-0007936,2024-08-22,2024-08-23,POL,Poland,ASF,1.0,unverified,media_cluster,media;official,synthetic
BEACON-0007937,2024-08-19,2024-08-21,POL,Poland,ASF,0.943,verified,unusual_mortality,media;official,synthetic
BEACON-0007938,2024-08-19,2024-08-19,POL,Poland,ASF,0.933,verified,unusual_mortality,media,synthetic
BEACON-0007939,2024-08-19,2024-08-20,POL,Poland,ASF,1.0,unverified,media_cluster,media,synthetic
BEACON-0007940,2024-08-24,2024-08-25,HUN,Hungary,ASF,1.0,unverified,unusual_mortality,media,synthetic
BEACON-0007941,2024-08-20,2024-08-21,HUN,Hungary,ASF,0.852,unverified,syndromic,media;official,synthetic
BEACON-0007942,2024-08-24,2024-08-26,HUN,Hungary,ASF,0.85,unverified,unusual_mortality,field,synthetic
BEACON-0007943,2024-08-21,2024-08-22,ROU,Romania,ASF,1.0,unverified,media_cluster,official,synthetic
BEACON-0007944,2024-08-23,2024-08-25,ROU,Romania,ASF,1.0,verified,media_cluster,media,synthetic
BEACON-0007945,2024-08-22,2024-08-24,ROU,Romania,ASF,1.0,unverified,media_cluster,official,synthetic
BEACON-0007946,2024-08-21,2024-08-23,BGR,Bulgaria,ASF,0.859,unverified,media_cluster,media,synthetic
BEACON-0007947,2024-08-19,2024-08-19,SRB,Serbia,ASF,0.595,verified,media_cluster,field,synthetic
BEACON-0007948,2024-08-22,2024-08-24,UKR,Ukraine,ASF,0.622,unverified,media_cluster,media,synthetic
BEACON-0007949,2024-08-23,2024-08-23,UKR,Ukraine,ASF,0.61,verified,media_cluster,field,synthetic
BEACON-0007950,2024-08-23,2024-08-23,UKR,Ukraine,ASF,0.946,unverified,trade_alert,official,synthetic
BEACON-0007951,2024-08-24,2024-08-25,RUS,Russian Federation,ASF,0.537,verified,media_cluster,official,synthetic
BEACON-0007952,2024-08-19,2024-08-19,RUS,Russian Federation,ASF,0.324,verified,syndromic,media,synthetic
BEACON-0007953,2024-08-23,2024-08-24,RUS,Russian Federation,ASF,0.744,unverified,unusual_mortality,official,synthetic
BEACON-0007954,2024-08-19,2024-08-20,GEO,Georgia,ASF,0.612,unverified,media_cluster,media;official,synthetic
BEACON-0007955,2024-08-21,2024-08-23,TUN,Tunisia,ASF,0.086,unverified,unusual_mortality,media,synthetic
BEACON-0007956,2024-08-29,2024-08-31,FRA,France,ASF,1.0,verified,unusual_mortality,field,synthetic
BEACON-0007957,2024-08-27,2024-08-27,DEU,Germany,ASF,0.42,unverified,unusual_mortality,media,synthetic
BEACON-0007958,2024-08-27,2024-08-28,DEU,Germany,ASF,0.668,verified,syndromic,media,synthetic
BEACON-0007959,2024-08-28,2024-08-30,DEU,Germany,ASF,0.436,verified,trade_alert,media;official,synthetic
BEACON-0007960,2024-08-27,2024-08-27,DEU,Germany,ASF,0.573,verified,media_cluster,media;official,synthetic
BEACON-0007961,2024-08-30,2024-09-01,NLD,Netherlands,ASF,0.815,unverified,media_cluster,media;official,synthetic
BEACON-0007962,2024-08-29,2024-08-31,NLD,Netherlands,ASF,0.998,verified,media_cluster,media,synthetic
BEACON-0007963,2024-08-29,2024-08-30,NLD,Netherlands,ASF,0.728,unverified,unusual_mortality,media;official,synthetic
BEACON-0007964,2024-08-29,2024-08-31,NLD,Netherlands,ASF,0.873,unverified,syndromic,field,synthetic
BEACON-0007965,2024-08-30,2024-09-01,NLD,Netherlands,ASF,1.0,unverified,unusual_mortality,media,synthetic
BEACON-0007966,2024-08-29,2024-08-30,BEL,Belgium,ASF,0.827,verified,media_cluster,media;official,synthetic
BEACON-0007967,2024-08-26,2024-08-27,ESP,Spain,ASF,0.768,verified,syndromic,media,synthetic
BEACON-0007968,2024-08-26,2024-08-28,ESP,Spain,ASF,0.608,unverified,unusual_mortality,media;official,synthetic
BEACON-0007969,2024-08-29,2024-08-31,ESP,Spain,ASF,0.116,verified,media_cluster,media,synthetic
BEACON-0007970,2024-08-29,2024-08-29,POL,Poland,ASF,0.931,verified,syndromic,media,synthetic
BEACON-0007971,2024-08-31,2024-08-31,POL,Poland,ASF,0.775,verified,syndromic,media,synthetic
BEACON-0007972,2024-08-27,2024-08-28,HUN,Hungary,ASF,1.0,verified,media_cluster,media,synthetic
BEACON-0007973,2024-08-29,2024-08-30,HUN,Hungary,ASF,1.0,verified,media_cluster,official,synthetic
BEACON-0007974,2024-08-28,2024-08-28,HUN,Hungary,ASF,0.788,verified,media_cluster,media;official,synthetic
BEACON-0007975,2024-08-31,2024-09-01,HUN,Hungary,ASF,0.769,unverified,syndromic,media,synthetic
BEACON-0007976,2024-08-31,2024-08-31,HUN,Hungary,ASF,1.0,unverified,media_cluster,media;official,synthetic
BEACON-0007977,2024-08-31,2024-08-31,HUN,Hungary,ASF,0.805,unverified,syndromic,media;official,synthetic
BEACON-0007978,2024-08-28,2024-08-29,HUN,Hungary,ASF,1.0,unverified,unusual_mortality,field,synthetic
BEACON-0007979,2024-08-29,2024-08-30,HUN,Hungary,ASF,1.0,unverified,trade_alert,media,synthetic
BEACON-0007980,2024-08-26,2024-08-27,ROU,Romania,ASF,1.0,unverified,trade_alert,media;official,synthetic
BEACON-0007981,2024-08-26,2024-08-26,ROU,Romania,ASF,1.0,unverified,media_cluster,media,synthetic
BEACON-0007982,2024-08-30,2024-08-31,ROU,Romania,ASF,0.729,unverified,unusual_mortality,official,synthetic
BEACON-0007983,2024-08-28,2024-08-30,ROU,Romania,ASF,0.76,verified,trade_alert,media;official,synthetic
BEACON-0007984,2024-08-26,2024-08-28,BGR,Bulgaria,ASF,0.423,verified,syndromic,official,synthetic
BEACON-0007985,2024-08-31,2024-08-31,SRB,Serbia,ASF,1.0,unverified,syndromic,official,synthetic
BEACON-0007986,2024-08-31,2024-09-02,SRB,Serbia,ASF,1.0,unverified,media_cluster,official,synthetic
BEACON-0007987,2024-08-26,2024-08-27,SRB,Serbia,ASF,0.611,unverified,media_cluster,media,synthetic
BEACON-0007988,2024-08-27,2024-08-28,UKR,Ukraine,ASF,0.557,verified,unusual_mortality,field,synthetic
BEACON-0007989,2024-08-29,2024-08-31,UKR,Ukraine,ASF,1.0,unverified,media_cluster,media;official,synthetic
BEACON-0007990,2024-08-31,2024-09-01,UKR,Ukraine,ASF,0.567,verified,media_cluster,media,synthetic
BEACON-0007991,2024-08-29,2024-08-31,MDA,Moldova,ASF,1.0,unverified,syndromic,media,synthetic
BEACON-0007992,2024-08-30,2024-08-31,TUR,Türkiye,ASF,0.554,verified,unusual_mortality,media;official,synthetic
BEACON-0007993,2024-08-29,2024-08-30,ISR,Israel,ASF,1.0,unverified,media_cluster,media,synthetic
BEACON-0007994,2024-08-30,2024-09-01,EGY,Egypt,ASF,0.269,unverified,unusual_mortality,media;official,synthetic
BEACON-0007995,2024-08-26,2024-08-28,EGY,Egypt,ASF,0.4,verified,media_cluster,media;official,synthetic
BEACON-0007996,2024-08-27,2024-08-28,EGY,Egypt,ASF,0.729,unverified,unusual_mortality,field,synthetic
BEACON-0007997,2024-08-30,2024-08-30,MAR,Morocco,ASF,0.366,verified,syndromic,media,synthetic
BEACON-0007998,2024-09-07,2024-09-07,FRA,France,ASF,0.782,verified,unusual_mortality,media,synthetic
BEACON-0007999,2024-09-02,2024-09-02,DEU,Germany,ASF,0.403,verified,media_cluster,media,synthetic
BEACON-0008000,2024-09-07,2024-09-09,DEU,Germany,ASF,0.476,unverified,unusual_mortality,media;official,synthetic
BEACON-0008001,2024-09-06,2024-09-06,DEU,Germany,ASF,0.779,unverified,media_cluster,media;official,synthetic
BEACON-0008002,2024-09-04,2024-09-06,NLD,Netherlands,ASF,0.813,unverified,unusual_mortality,official,synthetic
BEACON-0008003,2024-09-02,2024-09-03,NLD,Netherlands,ASF,0.974,unverified,media_cluster,media;official,synthetic
BEACON-0008004,2024-09-04,2024-09-05,BEL,Belgium,ASF,0.488,verified,media_cluster,media,synthetic
BEACON-0008005,2024-09-07,2024-09-09,ITA,Italy,ASF,0.93,unverified,media_cluster,media;official,synthetic
BEACON-0008006,2024-09-06,2024-09-07,ESP,Spain,ASF,0.318,verified,syndromic,media,synthetic
BEACON-0008007,2024-09-07,2024-09-09,POL,Poland,ASF,1.0,unverified,unusual_mortality,media,synthetic
BEACON-0008008,2024-09-06,2024-09-08,HUN,Hungary,ASF,0.579,verified,unusual_mortality,media,synthetic
BEACON-0008009,2024-09-02,2024-09-03,HUN,Hungary,ASF,0.632,verified,trade_alert,official,synthetic
BEACON-0008010,2024-09-04,2024-09-05,HUN,Hungary,ASF,0.997,unverified,unusual_mortality,official,synthetic
BEACON-0008011,2024-09-04,2024-09-05,ROU,Romania,ASF,0.725,verified,syndromic,media;official,synthetic
BEACON-0008012,2024-09-07,2024-09-09,ROU,Romania,ASF,0.33,verified,media_cluster,media;official,synthetic
BEACON-0008013,2024-09-07,2024-09-09,BGR,Bulgaria,ASF,0.736,verified,unusual_mortality,field,synthetic
BEACON-0008014,2024-09-04,2024-09-06,BGR,Bulgaria,ASF,0.772,verified,syndromic,media,synthetic
BEACON-0008015,2024-09-05,2024-09-06,SRB,Serbia,ASF,0.16,unverified,media_cluster,media,synthetic
BEACON-0008016,2024-09-05,2024-09-05,UKR,Ukraine,ASF,0.979,unverified,trade_alert,media,synthetic
BEACON-0008017,2024-09-07,2024-09-07,UKR,Ukraine,ASF,0.924,unverified,unusual_mortality,official,synthetic
BEACON-0008018,2024-09-04,2024-09-05,UKR,Ukraine,ASF,0.615,verified,trade_alert,media,synthetic
BEACON-0008019,2024-09-05,2024-09-07,MDA,Moldova,ASF,0.879,unverified,unusual_mortality,official,synthetic
BEACON-0008020,2024-09-05,2024-09-05,MDA,Moldova,ASF,0.594,verified,syndromic,media;official,synthetic
BEACON-0008021,2024-09-04,2024-09-05,RUS,Russian Federation,ASF,0.569,verified,unusual_mortality,media,synthetic
BEACON-0008022,2024-09-04,2024-09-06,GEO,Georgia,ASF,0.299,unverified,unusual_mortality,field,synthetic
BEACON-0008023,2024-09-05,2024-09-06,TUN,Tunisia,ASF,0.327,unverified,unusual_mortality,media;official,synthetic
BEACON-0008024,2024-09-13,2024-09-13,DEU,Germany,ASF,1.0,unverified,media_cluster,media,synthetic
BEACON-0008025,2024-09-12,2024-09-14,DEU,Germany,ASF,0.945,verified,media_cluster,media;official,synthetic
BEACON-0008026,2024-09-11,2024-09-13,NLD,Netherlands,ASF,0.485,unverified,media_cluster,media,synthetic
BEACON-0008027,2024-09-09,2024-09-11,NLD,Netherlands,ASF,0.291,unverified,media_cluster,field,synthetic
BEACON-0008028,2024-09-11,2024-09-13,BEL,Belgium,ASF,0.848,unverified,unusual_mortality,media,synthetic
BEACON-0008029,2024-09-13,2024-09-13,BEL,Belgium,ASF,0.494,verified,media_cluster,media,synthetic
BEACON-0008030,2024-09-11,2024-09-11,ITA,Italy,ASF,0.837,unverified,unusual_mortality,media,synthetic
BEACON-0008031,2024-09-10,2024-09-10,ESP,Spain,ASF,0.28,verified,syndromic,media;official,synthetic
BEACON-0008032,2024-09-09,2024-09-10,POL,Poland,ASF,0.559,unverified,media_cluster,media,synthetic
BEACON-0008033,2024-09-14,2024-09-15,POL,Poland,ASF,0.839,verified,media_cluster,field,synthetic
BEACON-0008034,2024-09-13,2024-09-14,HUN,Hungary,ASF,0.337,unverified,trade_alert,media,synthetic
BEACON-0008035,2024-09-14,2024-09-16,ROU,Romania,ASF,0.648,unverified,media_cluster,media,synthetic
BEACON-0008036,2024-09-13,2024-09-13,ROU,Romania,ASF,0.727,unverified,unusual_mortality,field,synthetic
BEACON-0008037,2024-09-14,2024-09-16,ROU,Romania,ASF,0.738,verified,unusual_mortality,media;official,synthetic
BEACON-0008038,2024-09-10,2024-09-10,ROU,Romania,ASF,1.0,verified,unusual_mortality,media,synthetic
BEACON-0008039,2024-09-14,2024-09-16,BGR,Bulgaria,ASF,1.0,unverified,media_cluster,official,synthetic
BEACON-0008040,2024-09-09,2024-09-10,SRB,Serbia,ASF,0.381,unverified,unusual_mortality,media,synthetic
BEACON-0008041,2024-09-09,2024-09-09,UKR,Ukraine,ASF,0.909,unverified,unusual_mortality,media;official,synthetic
BEACON-0008042,2024-09-12,2024-09-12,MDA,Moldova,ASF,0.601,unverified,unusual_mortality,media;official,synthetic
BEACON-0008043,2024-09-12,2024-09-12,GEO,Georgia,ASF,0.739,verified,media_cluster,media,synthetic
BEACON-0008044,2024-09-13,2024-09-15,GEO,Georgia,ASF,0.521,unverified,unusual_mortality,media,synthetic
BEACON-0008045,2024-09-12,2024-09-12,GEO,Georgia,ASF,0.223,unverified,unusual_mortality,media,synthetic
BEACON-0008046,2024-09-19,2024-09-20,FRA,France,ASF,0.806,unverified,unusual_mortality,media,synthetic
BEACON-0008047,2024-09-19,2024-09-20,DEU,Germany,ASF,0.629,unverified,syndromic,official,synthetic
BEACON-0008048,2024-09-19,2024-09-21,ESP,Spain,ASF,0.22,verified,media_cluster,field,synthetic
BEACON-0008049,2024-09-17,2024-09-19,POL,Poland,ASF,0.536,verified,trade_alert,official,synthetic
BEACON-0008050,2024-09-16,2024-09-18,POL,Poland,ASF,0.694,verified,unusual_mortality,media,synthetic
BEACON-0008051,2024-09-19,2024-09-20,HUN,Hungary,ASF,0.927,unverified,unusual_mortality,official,synthetic
BEACON-0008052,2024-09-20,2024-09-22,HUN,Hungary,ASF,0.633,unverified,syndromic,official,synthetic
BEACON-0008053,2024-09-18,2024-09-20,HUN,Hungary,ASF,0.977,verified,unusual_mortality,media;official,synthetic
BEACON-0008054,2024-09-21,2024-09-21,BGR,Bulgaria,ASF,0.602,verified,syndromic,media,synthetic
BEACON-0008055,2024-09-18,2024-09-19,BGR,Bulgaria,ASF,0.842,unverified,media_cluster,media,synthetic
BEACON-0008056,2024-09-20,2024-09-21,SRB,Serbia,ASF,0.797,unverified,media_cluster,media;official,synthetic
BEACON-0008057,2024-09-18,2024-09-20,UKR,Ukraine,ASF,0.574,unverified,unusual_mortality,field,synthetic
BEACON-0008058,2024-09-21,2024-09-22,RUS,Russian Federation,ASF,0.444,unverified,media_cluster,field,synthetic
BEACON-0008059,2024-09-16,2024-09-18,RUS,Russian Federation,ASF,0.883,unverified,media_cluster,media,synthetic
BEACON-0008060,2024-09-18,2024-09-20,TUR,Türkiye,ASF,0.444,unverified,media_cluster,media,synthetic
BEACON-0008061,2024-09-16,2024-09-18,GEO,Georgia,ASF,0.715,unverified,syndromic,official,synthetic
BEACON-0008062,2024-09-18,2024-09-18,GEO,Georgia,ASF,0.431,unverified,unusual_mortality,media,synthetic
BEACON-0008063,2024-09-18,2024-09-20,GEO,Georgia,ASF,0.623,unverified,trade_alert,media,synthetic
BEACON-0008064,2024-09-20,2024-09-20,GEO,Georgia,ASF,0.786,unverified,trade_alert,media,synthetic
BEACON-0008065,2024-09-21,2024-09-23,GEO,Georgia,ASF,0.43,unverified,trade_alert,media,synthetic
BEACON-0008066,2024-09-20,2024-09-21,ISR,Israel,ASF,0.29,unverified,unusual_mortality,media,synthetic
BEACON-0008067,2024-09-19,2024-09-20,EGY,Egypt,ASF,0.187,unverified,unusual_mortality,media,synthetic
BEACON-0008068,2024-09-20,2024-09-20,EGY,Egypt,ASF,0.431,unverified,media_cluster,media;official,synthetic
BEACON-0008069,2024-09-20,2024-09-22,TUN,Tunisia,ASF,0.688,unverified,unusual_mortality,official,synthetic
BEACON-0008070,2024-09-20,2024-09-22,MAR,Morocco,ASF,0.522,unverified,media_cluster,media,synthetic
BEACON-0008071,2024-09-24,2024-09-24,FRA,France,ASF,0.775,verified,media_cluster,media,synthetic
BEACON-0008072,2024-09-24,2024-09-24,FRA,France,ASF,0.387,unverified,media_cluster,media,synthetic
BEACON-0008073,2024-09-25,2024-09-25,DEU,Germany,ASF,0.306,verified,media_cluster,media;official,synthetic
BEACON-0008074,2024-09-27,2024-09-29,NLD,Netherlands,ASF,0.361,verified,media_cluster,field,synthetic
BEACON-0008075,2024-09-25,2024-09-26,NLD,Netherlands,ASF,0.251,unverified,media_cluster,media;official,synthetic
BEACON-0008076,2024-09-28,2024-09-29,BEL,Belgium,ASF,0.952,unverified,unusual_mortality,media;official,synthetic
BEACON-0008077,2024-09-24,2024-09-24,BEL,Belgium,ASF,0.519,verified,unusual_mortality,media,synthetic
BEACON-0008078,2024-09-25,2024-09-27,ESP,Spain,ASF,0.501,unverified,unusual_mortality,field,synthetic
BEACON-0008079,2024-09-25,2024-09-25,POL,Poland,ASF,0.756,verified,media_cluster,media,synthetic
BEACON-0008080,2024-09-26,2024-09-27,POL,Poland,ASF,0.824,verified,media_cluster,media,synthetic
BEACON-0008081,2024-09-28,2024-09-30,POL,Poland,ASF,0.841,unverified,syndromic,official,synthetic
BEACON-0008082,2024-09-28,2024-09-29,POL,Poland,ASF,0.907,verified,media_cluster,media,synthetic
BEACON-0008083,2024-09-23,2024-09-24,BGR,Bulgaria,ASF,0.342,unverified,syndromic,media;official,synthetic
BEACON-0008084,2024-09-28,2024-09-28,UKR,Ukraine,ASF,0.311,unverified,unusual_mortality,field,synthetic
BEACON-0008085,2024-09-26,2024-09-26,UKR,Ukraine,ASF,0.353,verified,media_cluster,media,synthetic
BEACON-0008086,2024-09-23,2024-09-25,RUS,Russian Federation,ASF,0.394,unverified,unusual_mortality,media;official,synthetic
BEACON-0008087,2024-09-28,2024-09-30,GEO,Georgia,ASF,0.198,unverified,media_cluster,media,synthetic
BEACON-0008088,2024-09-27,2024-09-28,ISR,Israel,ASF,0.539,unverified,media_cluster,media,synthetic
BEACON-0008089,2024-09-28,2024-09-30,EGY,Egypt,ASF,0.538,unverified,unusual_mortality,media,synthetic
BEACON-0008090,2024-09-28,2024-09-29,TUN,Tunisia,ASF,0.093,unverified,media_cluster,official,synthetic
BEACON-0008091,2024-10-02,2024-10-03,FRA,France,ASF,0.634,unverified,unusual_mortality,media;official,synthetic
BEACON-0008092,2024-10-01,2024-10-03,FRA,France,ASF,0.929,unverified,syndromic,media,synthetic
BEACON-0008093,2024-10-05,2024-10-07,FRA,France,ASF,0.263,unverified,media_cluster,media,synthetic
BEACON-0008094,2024-09-30,2024-10-02,DEU,Germany,ASF,0.655,verified,media_cluster,media;official,synthetic
BEACON-0008095,2024-10-03,2024-10-05,DEU,Germany,ASF,0.419,unverified,trade_alert,media;official,synthetic
BEACON-0008096,2024-10-02,2024-10-04,DEU,Germany,ASF,0.747,verified,trade_alert,media;official,synthetic
BEACON-0008097,2024-10-02,2024-10-04,DEU,Germany,ASF,0.609,unverified,media_cluster,media,synthetic
BEACON-0008098,2024-10-03,2024-10-04,NLD,Netherlands,ASF,0.338,verified,syndromic,media,synthetic
BEACON-0008099,2024-10-02,2024-10-03,ITA,Italy,ASF,0.967,unverified,unusual_mortality,media;official,synthetic
BEACON-0008100,2024-10-03,2024-10-04,ESP,Spain,ASF,0.813,unverified,media_cluster,media,synthetic
BEACON-0008101,2024-10-03,2024-10-03,ESP,Spain,ASF,0.231,unverified,unusual_mortality,media;official,synthetic
BEACON-0008102,2024-10-05,2024-10-05,HUN,Hungary,ASF,0.299,unverified,syndromic,media;official,synthetic
BEACON-0008103,2024-10-04,2024-10-05,HUN,Hungary,ASF,0.311,unverified,unusual_mortality,media,synthetic
BEACON-0008104,2024-10-03,2024-10-05,HUN,Hungary,ASF,0.321,unverified,trade_alert,media;official,synthetic
BEACON-0008105,2024-10-04,2024-10-05,BGR,Bulgaria,ASF,0.253,unverified,media_cluster,media,synthetic
BEACON-0008106,2024-09-30,2024-09-30,UKR,Ukraine,ASF,0.605,verified,trade_alert,media,synthetic
BEACON-0008107,2024-10-04,2024-10-04,UKR,Ukraine,ASF,0.675,unverified,media_cluster,official,synthetic
BEACON-0008108,2024-10-01,2024-10-02,TUR,Türkiye,ASF,0.457,verified,media_cluster,media,synthetic
BEACON-0008109,2024-10-03,2024-10-03,TUR,Türkiye,ASF,0.826,verified,unusual_mortality,media,synthetic
BEACON-0008110,2024-10-05,2024-10-05,GEO,Georgia,ASF,0.684,verified,unusual_mortality,media,synthetic
BEACON-0008111,2024-10-03,2024-10-04,EGY,Egypt,ASF,0.611,unverified,syndromic,official,synthetic
BEACON-0008112,2024-10-01,2024-10-03,MAR,Morocco,ASF,0.905,unverified,media_cluster,official,synthetic
BEACON-0008113,2024-10-02,2024-10-04,MAR,Morocco,ASF,1.0,verified,unusual_mortality,official,synthetic
BEACON-0008114,2024-10-07,2024-10-07,DEU,Germany,ASF,0.623,verified,unusual_mortality,media;official,synthetic
BEACON-0008115,2024-10-11,2024-10-13,DEU,Germany,ASF,0.783,verified,media_cluster,media,synthetic
BEACON-0008116,2024-10-09,2024-10-09,DEU,Germany,ASF,0.579,verified,unusual_mortality,media,synthetic
BEACON-0008117,2024-10-08,2024-10-10,BEL,Belgium,ASF,0.496,unverified,media_cluster,field,synthetic
BEACON-0008118,2024-10-12,2024-10-14,BEL,Belgium,ASF,0.682,verified,media_cluster,media;official,synthetic
BEACON-0008119,2024-10-08,2024-10-09,ESP,Spain,ASF,0.688,verified,media_cluster,media,synthetic
BEACON-0008120,2024-10-09,2024-10-09,ESP,Spain,ASF,0.55,unverified,media_cluster,media,synthetic
BEACON-0008121,2024-10-08,2024-10-09,HUN,Hungary,ASF,0.682,verified,trade_alert,media,synthetic
BEACON-0008122,2024-10-09,2024-10-10,ROU,Romania,ASF,0.385,unverified,syndromic,media,synthetic
BEACON-0008123,2024-10-08,2024-10-09,SRB,Serbia,ASF,0.351,unverified,trade_alert,media,synthetic
BEACON-0008124,2024-10-11,2024-10-12,UKR,Ukraine,ASF,0.915,verified,media_cluster,media;official,synthetic
BEACON-0008125,2024-10-09,2024-10-10,UKR,Ukraine,ASF,0.858,verified,trade_alert,media,synthetic
BEACON-0008126,2024-10-11,2024-10-13,UKR,Ukraine,ASF,0.603,unverified,trade_alert,media;official,synthetic
BEACON-0008127,2024-10-08,2024-10-09,UKR,Ukraine,ASF,0.441,verified,trade_alert,media,synthetic
BEACON-0008128,2024-10-11,2024-10-13,MDA,Moldova,ASF,0.785,verified,syndromic,official,synthetic
BEACON-0008129,2024-10-12,2024-10-12,RUS,Russian Federation,ASF,0.527,verified,media_cluster,media,synthetic
BEACON-0008130,2024-10-12,2024-10-12,GEO,Georgia,ASF,0.225,unverified,syndromic,official,synthetic
BEACON-0008131,2024-10-07,2024-10-07,GEO,Georgia,ASF,0.422,verified,unusual_mortality,media,synthetic
BEACON-0008132,2024-10-08,2024-10-08,GEO,Georgia,ASF,0.729,verified,media_cluster,media;official,synthetic
BEACON-0008133,2024-10-11,2024-10-11,ISR,Israel,ASF,0.416,unverified,media_cluster,media,synthetic
BEACON-0008134,2024-10-07,2024-10-07,EGY,Egypt,ASF,0.613,unverified,media_cluster,media,synthetic
BEACON-0008135,2024-10-07,2024-10-09,TUN,Tunisia,ASF,0.229,verified,unusual_mortality,media;official,synthetic
BEACON-0008136,2024-10-19,2024-10-19,FRA,France,ASF,0.818,verified,media_cluster,media,synthetic
BEACON-0008137,2024-10-14,2024-10-15,DEU,Germany,ASF,0.61,unverified,media_cluster,media,synthetic
BEACON-0008138,2024-10-18,2024-10-19,DEU,Germany,ASF,0.633,verified,unusual_mortality,media,synthetic
BEACON-0008139,2024-10-14,2024-10-15,NLD,Netherlands,ASF,0.378,verified,syndromic,media,synthetic
BEACON-0008140,2024-10-18,2024-10-20,NLD,Netherlands,ASF,0.778,unverified,syndromic,official,synthetic
BEACON-0008141,2024-10-19,2024-10-21,BEL,Belgium,ASF,0.367,unverified,media_cluster,media;official,synthetic
BEACON-0008142,2024-10-14,2024-10-15,POL,Poland,ASF,0.375,unverified,media_cluster,media;official,synthetic
BEACON-0008143,2024-10-18,2024-10-19,ROU,Romania,ASF,0.267,unverified,syndromic,media;official,synthetic
BEACON-0008144,2024-10-15,2024-10-17,BGR,Bulgaria,ASF,0.436,unverified,unusual_mortality,field,synthetic
BEACON-0008145,2024-10-16,2024-10-18,BGR,Bulgaria,ASF,0.348,verified,unusual_mortality,media,synthetic
BEACON-0008146,2024-10-18,2024-10-18,BGR,Bulgaria,ASF,0.197,verified,media_cluster,media;official,synthetic
BEACON-0008147,2024-10-16,2024-10-17,MDA,Moldova,ASF,1.0,unverified,media_cluster,media,synthetic
BEACON-0008148,2024-10-19,2024-10-19,RUS,Russian Federation,ASF,0.457,unverified,unusual_mortality,field,synthetic
BEACON-0008149,2024-10-17,2024-10-18,TUR,Türkiye,ASF,0.36,verified,media_cluster,media;official,synthetic
BEACON-0008150,2024-10-14,2024-10-16,GEO,Georgia,ASF,0.17,unverified,media_cluster,official,synthetic
BEACON-0008151,2024-10-17,2024-10-18,GEO,Georgia,ASF,0.208,unverified,syndromic,official,synthetic
BEACON-0008152,2024-10-17,2024-10-17,ISR,Israel,ASF,0.863,verified,trade_alert,official,synthetic
BEACON-0008153,2024-10-22,2024-10-22,BEL,Belgium,ASF,0.216,unverified,media_cluster,media,synthetic
BEACON-0008154,2024-10-21,2024-10-21,ESP,Spain,ASF,0.197,unverified,unusual_mortality,field,synthetic
BEACON-0008155,2024-10-21,2024-10-21,POL,Poland,ASF,0.336,verified,media_cluster,official,synthetic
BEACON-0008156,2024-10-24,2024-10-24,POL,Poland,ASF,0.592,verified,unusual_mortality,media,synthetic
BEACON-0008157,2024-10-23,2024-10-25,UKR,Ukraine,ASF,0.323,unverified,unusual_mortality,official,synthetic
BEACON-0008158,2024-10-22,2024-10-22,GEO,Georgia,ASF,0.36,unverified,syndromic,media,synthetic
BEACON-0008159,2024-10-24,2024-10-24,ISR,Israel,ASF,0.248,verified,unusual_mortality,media;official,synthetic
BEACON-0008160,2024-10-21,2024-10-21,EGY,Egypt,ASF,0.55,verified,unusual_mortality,media;official,synthetic
BEACON-0008161,2024-10-24,2024-10-24,TUN,Tunisia,ASF,0.672,unverified,media_cluster,media,synthetic
BEACON-0008162,2024-10-30,2024-10-31,NLD,Netherlands,ASF,0.205,verified,trade_alert,official,synthetic
BEACON-0008163,2024-10-29,2024-10-30,BEL,Belgium,ASF,0.36,unverified,unusual_mortality,media,synthetic
BEACON-0008164,2024-11-02,2024-11-04,POL,Poland,ASF,0.277,verified,unusual_mortality,media,synthetic
BEACON-0008165,2024-10-29,2024-10-31,ROU,Romania,ASF,0.195,unverified,media_cluster,media;official,synthetic
BEACON-0008166,2024-10-31,2024-11-02,UKR,Ukraine,ASF,0.509,verified,media_cluster,media;official,synthetic
BEACON-0008167,2024-11-02,2024-11-03,RUS,Russian Federation,ASF,0.659,verified,unusual_mortality,official,synthetic
BEACON-0008168,2024-11-01,2024-11-02,RUS,Russian Federation,ASF,0.122,verified,unusual_mortality,media,synthetic
BEACON-0008169,2024-10-31,2024-11-02,RUS,Russian Federation,ASF,0.185,unverified,media_cluster,official,synthetic
BEACON-0008170,2024-10-29,2024-10-29,ISR,Israel,ASF,0.858,unverified,unusual_mortality,media;official,synthetic
BEACON-0008171,2024-10-28,2024-10-28,TUN,Tunisia,ASF,0.432,unverified,media_cluster,media,synthetic
BEACON-0008172,2024-11-08,2024-11-10,DEU,Germany,ASF,0.425,verified,syndromic,field,synthetic
BEACON-0008173,2024-11-08,2024-11-09,NLD,Netherlands,ASF,0.486,unverified,media_cluster,media;official,synthetic
BEACON-0008174,2024-11-06,2024-11-07,NLD,Netherlands,ASF,0.875,unverified,media_cluster,media;official,synthetic
BEACON-0008175,2024-11-06,2024-11-07,ITA,Italy,ASF,0.279,unverified,media_cluster,media,synthetic
BEACON-0008176,2024-11-06,2024-11-08,ESP,Spain,ASF,0.367,unverified,syndromic,media,synthetic
BEACON-0008177,2024-11-06,2024-11-08,HUN,Hungary,ASF,0.078,unverified,unusual_mortality,official,synthetic
BEACON-0008178,2024-11-04,2024-11-04,ROU,Romania,ASF,0.546,verified,syndromic,media;official,synthetic
BEACON-0008179,2024-11-05,2024-11-06,SRB,Serbia,ASF,0.268,unverified,media_cluster,media;official,synthetic
BEACON-0008180,2024-11-08,2024-11-09,TUR,Türkiye,ASF,0.168,verified,media_cluster,media,synthetic
BEACON-0008181,2024-11-08,2024-11-09,TUR,Türkiye,ASF,0.796,verified,unusual_mortality,media,synthetic
BEACON-0008182,2024-11-08,2024-11-08,TUN,Tunisia,ASF,0.406,unverified,syndromic,media;official,synthetic
BEACON-0008183,2024-11-12,2024-11-12,FRA,France,ASF,0.063,verified,trade_alert,media,synthetic
BEACON-0008184,2024-11-14,2024-11-14,ITA,Italy,ASF,0.151,verified,syndromic,media,synthetic
BEACON-0008185,2024-11-12,2024-11-14,ITA,Italy,ASF,0.126,verified,media_cluster,media,synthetic
BEACON-0008186,2024-11-12,2024-11-14,ITA,Italy,ASF,0.421,verified,unusual_mortality,official,synthetic
BEACON-0008187,2024-11-11,2024-11-12,ESP,Spain,ASF,0.428,verified,media_cluster,media,synthetic
BEACON-0008188,2024-11-16,2024-11-17,ESP,Spain,ASF,0.522,unverified,trade_alert,media,synthetic
BEACON-0008189,2024-11-13,2024-11-13,POL,Poland,ASF,0.797,verified,media_cluster,media,synthetic
BEACON-0008190,2024-11-16,2024-11-16,POL,Poland,ASF,0.459,verified,trade_alert,media,synthetic
BEACON-0008191,2024-11-12,2024-11-13,UKR,Ukraine,ASF,0.714,verified,media_cluster,media,synthetic
BEACON-0008192,2024-11-11,2024-11-12,MDA,Moldova,ASF,0.263,unverified,unusual_mortality,media,synthetic
BEACON-0008193,2024-11-15,2024-11-15,MDA,Moldova,ASF,0.103,verified,media_cluster,field,synthetic
BEACON-0008194,2024-11-15,2024-11-17,TUR,Türkiye,ASF,0.081,unverified,media_cluster,media,synthetic
BEACON-0008195,2024-11-14,2024-11-14,ISR,Israel,ASF,0.265,unverified,media_cluster,media,synthetic
BEACON-0008196,2024-11-11,2024-11-13,TUN,Tunisia,ASF,0.377,unverified,syndromic,field,synthetic
BEACON-0008197,2024-11-23,2024-11-23,FRA,France,ASF,0.194,verified,unusual_mortality,media,synthetic
BEACON-0008198,2024-11-23,2024-11-25,NLD,Netherlands,ASF,0.549,unverified,media_cluster,media,synthetic
BEACON-0008199,2024-11-18,2024-11-18,NLD,Netherlands,ASF,0.795,unverified,media_cluster,media,synthetic
BEACON-0008200,2024-11-18,2024-11-19,HUN,Hungary,ASF,0.123,unverified,syndromic,media;official,synthetic
BEACON-0008201,2024-11-23,2024-11-23,SRB,Serbia,ASF,0.213,unverified,unusual_mortality,media;official,synthetic
BEACON-0008202,2024-11-18,2024-11-19,TUN,Tunisia,ASF,0.335,verified,unusual_mortality,media,synthetic
BEACON-0008203,2024-11-25,2024-11-26,ITA,Italy,ASF,0.2,verified,unusual_mortality,media;official,synthetic
BEACON-0008204,2024-11-27,2024-11-27,ESP,Spain,ASF,0.69,unverified,unusual_mortality,official,synthetic
BEACON-0008205,2024-11-30,2024-11-30,ESP,Spain,ASF,0.712,unverified,media_cluster,media,synthetic
BEACON-0008206,2024-11-26,2024-11-27,POL,Poland,ASF,0.266,unverified,syndromic,media,synthetic
BEACON-0008207,2024-11-28,2024-11-30,ROU,Romania,ASF,0.095,unverified,media_cluster,media,synthetic
BEACON-0008208,2024-11-30,2024-11-30,ROU,Romania,ASF,0.065,unverified,unusual_mortality,media,synthetic
BEACON-0008209,2024-11-25,2024-11-25,SRB,Serbia,ASF,0.643,unverified,unusual_mortality,media,synthetic
BEACON-0008210,2024-11-30,2024-12-02,RUS,Russian Federation,ASF,0.514,unverified,unusual_mortality,field,synthetic
BEACON-0008211,2024-11-25,2024-11-26,EGY,Egypt,ASF,0.153,unverified,trade_alert,media;official,synthetic
BEACON-0008212,2024-12-04,2024-12-05,NLD,Netherlands,ASF,0.888,unverified,trade_alert,official,synthetic
BEACON-0008213,2024-12-04,2024-12-05,NLD,Netherlands,ASF,0.372,unverified,unusual_mortality,media;official,synthetic
BEACON-0008214,2024-12-04,2024-12-05,BEL,Belgium,ASF,0.309,unverified,trade_alert,official,synthetic
BEACON-0008215,2024-12-05,2024-12-05,ITA,Italy,ASF,0.252,unverified,syndromic,field,synthetic
BEACON-0008216,2024-12-03,2024-12-04,ESP,Spain,ASF,0.614,unverified,unusual_mortality,media;official,synthetic
BEACON-0008217,2024-12-05,2024-12-07,POL,Poland,ASF,0.366,unverified,media_cluster,media,synthetic
BEACON-0008218,2024-12-03,2024-12-05,HUN,Hungary,ASF,0.08,unverified,unusual_mortality,media;official,synthetic
BEACON-0008219,2024-12-03,2024-12-04,HUN,Hungary,ASF,0.372,verified,unusual_mortality,media;official,synthetic
BEACON-0008220,2024-12-05,2024-12-07,ROU,Romania,ASF,0.455,unverified,unusual_mortality,media,synthetic
BEACON-0008221,2024-12-07,2024-12-08,ROU,Romania,ASF,0.385,unverified,unusual_mortality,media;official,synthetic
BEACON-0008222,2024-12-04,2024-12-04,ROU,Romania,ASF,0.152,unverified,media_cluster,official,synthetic
BEACON-0008223,2024-12-05,2024-12-06,BGR,Bulgaria,ASF,0.123,unverified,media_cluster,media;official,synthetic
BEACON-0008224,2024-12-07,2024-12-09,SRB,Serbia,ASF,0.251,unverified,media_cluster,media,synthetic
BEACON-0008225,2024-12-02,2024-12-04,MDA,Moldova,ASF,0.471,verified,unusual_mortality,media;official,synthetic
BEACON-0008226,2024-12-03,2024-12-05,TUR,Türkiye,ASF,0.418,unverified,media_cluster,media;official,synthetic
BEACON-0008227,2024-12-02,2024-12-04,TUR,Türkiye,ASF,0.852,unverified,media_cluster,media;official,synthetic
BEACON-0008228,2024-12-03,2024-12-05,ISR,Israel,ASF,0.276,verified,unusual_mortality,media;official,synthetic
BEACON-0008229,2024-12-06,2024-12-07,ISR,Israel,ASF,0.578,verified,media_cluster,media;official,synthetic
BEACON-0008230,2024-12-04,2024-12-05,TUN,Tunisia,ASF,0.672,verified,media_cluster,media;official,synthetic
BEACON-0008231,2024-12-03,2024-12-04,MAR,Morocco,ASF,0.409,verified,unusual_mortality,media;official,synthetic
BEACON-0008232,2024-12-14,2024-12-14,FRA,France,ASF,0.221,unverified,syndromic,media;official,synthetic
BEACON-0008233,2024-12-12,2024-12-12,NLD,Netherlands,ASF,0.405,verified,media_cluster,field,synthetic
BEACON-0008234,2024-12-11,2024-12-13,NLD,Netherlands,ASF,0.348,unverified,media_cluster,official,synthetic
BEACON-0008235,2024-12-14,2024-12-15,NLD,Netherlands,ASF,0.473,verified,syndromic,field,synthetic
BEACON-0008236,2024-12-12,2024-12-14,BEL,Belgium,ASF,0.694,verified,unusual_mortality,media;official,synthetic
BEACON-0008237,2024-12-09,2024-12-11,POL,Poland,ASF,0.558,verified,syndromic,media,synthetic
BEACON-0008238,2024-12-11,2024-12-12,POL,Poland,ASF,0.548,unverified,syndromic,media,synthetic
BEACON-0008239,2024-12-12,2024-12-12,HUN,Hungary,ASF,0.002,unverified,trade_alert,media,synthetic
BEACON-0008240,2024-12-10,2024-12-10,HUN,Hungary,ASF,0.176,verified,unusual_mortality,media;official,synthetic
BEACON-0008241,2024-12-10,2024-12-10,HUN,Hungary,ASF,0.659,unverified,media_cluster,official,synthetic
BEACON-0008242,2024-12-14,2024-12-14,ROU,Romania,ASF,0.638,unverified,media_cluster,media;official,synthetic
BEACON-0008243,2024-12-10,2024-12-10,BGR,Bulgaria,ASF,0.648,verified,media_cluster,media;official,synthetic
BEACON-0008244,2024-12-09,2024-12-10,BGR,Bulgaria,ASF,0.732,verified,syndromic,media;official,synthetic
BEACON-0008245,2024-12-13,2024-12-14,RUS,Russian Federation,ASF,0.323,unverified,media_cluster,media,synthetic
BEACON-0008246,2024-12-11,2024-12-11,GEO,Georgia,ASF,0.448,unverified,media_cluster,media;official,synthetic
BEACON-0008247,2024-12-10,2024-12-10,ISR,Israel,ASF,0.097,unverified,media_cluster,media,synthetic
BEACON-0008248,2024-12-12,2024-12-14,EGY,Egypt,ASF,0.373,unverified,media_cluster,media;official,synthetic
BEACON-0008249,2024-12-11,2024-12-11,MAR,Morocco,ASF,0.159,verified,syndromic,official,synthetic
BEACON-0008250,2024-12-21,2024-12-21,FRA,France,ASF,0.043,verified,unusual_mortality,field,synthetic
BEACON-0008251,2024-12-21,2024-12-23,FRA,France,ASF,0.739,unverified,unusual_mortality,media,synthetic
BEACON-0008252,2024-12-20,2024-12-20,FRA,France,ASF,0.377,verified,syndromic,official,synthetic
BEACON-0008253,2024-12-19,2024-12-19,ESP,Spain,ASF,0.449,unverified,syndromic,media;official,synthetic
BEACON-0008254,2024-12-16,2024-12-18,ESP,Spain,ASF,0.593,verified,syndromic,media,synthetic
BEACON-0008255,2024-12-19,2024-12-19,ROU,Romania,ASF,0.263,unverified,syndromic,official,synthetic
BEACON-0008256,2024-12-19,2024-12-19,UKR,Ukraine,ASF,0.346,unverified,media_cluster,media,synthetic
BEACON-0008257,2024-12-20,2024-12-22,UKR,Ukraine,ASF,0.268,unverified,unusual_mortality,official,synthetic
BEACON-0008258,2024-12-16,2024-12-16,RUS,Russian Federation,ASF,0.225,verified,media_cluster,media,synthetic
BEACON-0008259,2024-12-20,2024-12-22,RUS,Russian Federation,ASF,0.156,verified,unusual_mortality,media,synthetic
BEACON-0008260,2024-12-17,2024-12-17,TUR,Türkiye,ASF,0.513,verified,unusual_mortality,media;official,synthetic
BEACON-0008261,2024-12-27,2024-12-29,FRA,France,ASF,0.282,verified,media_cluster,media;official,synthetic
BEACON-0008262,2024-12-26,2024-12-26,DEU,Germany,ASF,0.487,unverified,unusual_mortality,field,synthetic
BEACON-0008263,2024-12-26,2024-12-28,ITA,Italy,ASF,0.344,unverified,unusual_mortality,field,synthetic
BEACON-0008264,2024-12-24,2024-12-24,ROU,Romania,ASF,0.108,verified,media_cluster,official,synthetic
BEACON-0008265,2024-12-26,2024-12-28,BGR,Bulgaria,ASF,0.481,unverified,unusual_mortality,official,synthetic
BEACON-0008266,2024-12-28,2024-12-30,UKR,Ukraine,ASF,0.314,verified,trade_alert,official,synthetic
BEACON-0008267,2024-12-28,2024-12-28,UKR,Ukraine,ASF,0.298,verified,unusual_mortality,media,synthetic
BEACON-0008268,2024-12-27,2024-12-27,UKR,Ukraine,ASF,0.609,unverified,media_cluster,media,synthetic
BEACON-0008269,2024-12-23,2024-12-23,MDA,Moldova,ASF,0.403,verified,syndromic,media,synthetic
BEACON-0008270,2024-12-23,2024-12-25,RUS,Russian Federation,ASF,0.673,verified,syndromic,field,synthetic
BEACON-0008271,2024-12-27,2024-12-27,TUR,Türkiye,ASF,0.37,verified,unusual_mortality,media,synthetic
BEACON-0008272,2024-12-25,2024-12-27,GEO,Georgia,ASF,0.122,unverified,media_cluster,official,synthetic
BEACON-0008273,2024-12-24,2024-12-25,TUN,Tunisia,ASF,0.158,unverified,media_cluster,media,synthetic
BEACON-0008274,2024-12-28,2024-12-28,MAR,Morocco,ASF,0.562,unverified,media_cluster,media,synthetic
BEACON-0008275,2025-01-01,2025-01-01,ESP,Spain,ASF,0.081,unverified,trade_alert,field,synthetic
BEACON-0008276,2025-01-01,2025-01-02,ESP,Spain,ASF,0.685,unverified,syndromic,field,synthetic
BEACON-0008277,2025-01-03,2025-01-05,ESP,Spain,ASF,0.072,verified,media_cluster,media,synthetic
BEACON-0008278,2025-01-03,2025-01-05,POL,Poland,ASF,0.236,unverified,trade_alert,media,synthetic
BEACON-0008279,2025-01-02,2025-01-04,POL,Poland,ASF,0.62,unverified,trade_alert,field,synthetic
BEACON-0008280,2025-01-04,2025-01-06,ROU,Romania,ASF,0.301,unverified,media_cluster,official,synthetic
BEACON-0008281,2025-01-03,2025-01-03,ROU,Romania,ASF,0.418,unverified,media_cluster,media,synthetic
BEACON-0008282,2025-01-02,2025-01-02,RUS,Russian Federation,ASF,0.463,unverified,unusual_mortality,media;official,synthetic
BEACON-0008283,2024-12-30,2024-12-31,TUR,Türkiye,ASF,0.168,unverified,media_cluster,media,synthetic
BEACON-0008284,2024-12-31,2024-12-31,TUR,Türkiye,ASF,0.695,unverified,media_cluster,official,synthetic
BEACON-0008285,2025-01-01,2025-01-03,ISR,Israel,ASF,0.077,unverified,unusual_mortality,field,synthetic
BEACON-0008286,2024-12-31,2025-01-02,ISR,Israel,ASF,0.47,unverified,media_cluster,media;official,synthetic
BEACON-0008287,2025-01-08,2025-01-09,FRA,France,ASF,0.093,verified,media_cluster,official,synthetic
BEACON-0008288,2025-01-07,2025-01-07,ITA,Italy,ASF,0.202,unverified,unusual_mortality,media,synthetic
BEACON-0008289,2025-01-07,2025-01-08,ESP,Spain,ASF,0.369,unverified,media_cluster,media,synthetic
BEACON-0008290,2025-01-09,2025-01-10,ESP,Spain,ASF,0.442,unverified,syndromic,media;official,synthetic
BEACON-0008291,2025-01-09,2025-01-11,UKR,Ukraine,ASF,0.183,unverified,media_cluster,official,synthetic
BEACON-0008292,2025-01-08,2025-01-09,MDA,Moldova,ASF,0.11,verified,unusual_mortality,media,synthetic
BEACON-0008293,2025-01-11,2025-01-13,TUR,Türkiye,ASF,0.215,verified,media_cluster,media,synthetic
BEACON-0008294,2025-01-11,2025-01-11,TUN,Tunisia,ASF,0.117,unverified,unusual_mortality,media,synthetic
BEACON-0008295,2025-01-08,2025-01-10,MAR,Morocco,ASF,0.199,verified,media_cluster,official,synthetic
BEACON-0008296,2025-01-07,2025-01-08,MAR,Morocco,ASF,0.524,verified,unusual_mortality,media,synthetic
BEACON-0008297,2025-01-18,2025-01-20,NLD,Netherlands,ASF,0.675,verified,media_cluster,media;official,synthetic
BEACON-0008298,2025-01-16,2025-01-16,BEL,Belgium,ASF,0.278,unverified,unusual_mortality,media;official,synthetic
BEACON-0008299,2025-01-16,2025-01-16,BEL,Belgium,ASF,0.381,unverified,unusual_mortality,media,synthetic
BEACON-0008300,2025-01-17,2025-01-18,ROU,Romania,ASF,0.093,verified,syndromic,official,synthetic
BEACON-0008301,2025-01-14,2025-01-14,ROU,Romania,ASF,0.174,unverified,media_cluster,field,synthetic
BEACON-0008302,2025-01-17,2025-01-17,MDA,Moldova,ASF,0.625,unverified,media_cluster,media;official,synthetic
BEACON-0008303,2025-01-13,2025-01-14,RUS,Russian Federation,ASF,0.532,verified,syndromic,media,synthetic
BEACON-0008304,2025-01-15,2025-01-17,TUR,Türkiye,ASF,0.61,verified,syndromic,media,synthetic
BEACON-0008305,2025-01-18,2025-01-19,TUR,Türkiye,ASF,0.376,unverified,media_cluster,media,synthetic
BEACON-0008306,2025-01-18,2025-01-19,MAR,Morocco,ASF,0.874,unverified,unusual_mortality,media;official,synthetic
BEACON-0008307,2025-01-21,2025-01-21,NLD,Netherlands,ASF,0.733,unverified,syndromic,official,synthetic
BEACON-0008308,2025-01-20,2025-01-20,BEL,Belgium,ASF,0.356,unverified,syndromic,media,synthetic
BEACON-0008309,2025-01-22,2025-01-23,ROU,Romania,ASF,0.642,unverified,media_cluster,media,synthetic
BEACON-0008310,2025-01-23,2025-01-25,BGR,Bulgaria,ASF,0.896,unverified,trade_alert,media,synthetic
BEACON-0008311,2025-01-21,2025-01-23,BGR,Bulgaria,ASF,0.195,unverified,media_cluster,official,synthetic
BEACON-0008312,2025-01-22,2025-01-24,UKR,Ukraine,ASF,0.382,unverified,media_cluster,media,synthetic
BEACON-0008313,2025-01-20,2025-01-20,MDA,Moldova,ASF,0.47,unverified,media_cluster,media,synthetic
BEACON-0008314,2025-01-23,2025-01-24,RUS,Russian Federation,ASF,0.645,unverified,media_cluster,media;official,synthetic
BEACON-0008315,2025-01-21,2025-01-22,GEO,Georgia,ASF,0.088,unverified,unusual_mortality,official,synthetic
BEACON-0008316,2025-01-21,2025-01-23,GEO,Georgia,ASF,0.163,unverified,unusual_mortality,media;official,synthetic
BEACON-0008317,2025-01-25,2025-01-25,EGY,Egypt,ASF,0.352,verified,unusual_mortality,media,synthetic
BEACON-0008318,2025-01-22,2025-01-24,TUN,Tunisia,ASF,0.175,unverified,syndromic,media,synthetic
BEACON-0008319,2025-01-20,2025-01-22,MAR,Morocco,ASF,0.356,unverified,trade_alert,media,synthetic
BEACON-0008320,2025-01-29,2025-01-29,FRA,France,ASF,0.412,verified,syndromic,media,synthetic
BEACON-0008321,2025-02-01,2025-02-01,ESP,Spain,ASF,0.36,unverified,media_cluster,field,synthetic
BEACON-0008322,2025-01-31,2025-02-01,ESP,Spain,ASF,0.38,verified,unusual_mortality,media,synthetic
BEACON-0008323,2025-02-01,2025-02-03,POL,Poland,ASF,0.299,unverified,unusual_mortality,field,synthetic
BEACON-0008324,2025-01-29,2025-01-30,HUN,Hungary,ASF,0.327,unverified,unusual_mortality,media,synthetic
BEACON-0008325,2025-01-30,2025-01-31,ISR,Israel,ASF,0.394,unverified,media_cluster,media;official,synthetic
BEACON-0008326,2025-01-29,2025-01-30,EGY,Egypt,ASF,0.409,unverified,unusual_mortality,media,synthetic
BEACON-0008327,2025-01-29,2025-01-29,MAR,Morocco,ASF,0.283,unverified,media_cluster,media,synthetic
BEACON-0008328,2025-02-03,2025-02-05,DEU,Germany,ASF,0.318,verified,media_cluster,official,synthetic
BEACON-0008329,2025-02-05,2025-02-07,DEU,Germany,ASF,0.517,unverified,media_cluster,media,synthetic
BEACON-0008330,2025-02-07,2025-02-09,ESP,Spain,ASF,0.249,unverified,unusual_mortality,media,synthetic
BEACON-0008331,2025-02-03,2025-02-05,MDA,Moldova,ASF,0.449,unverified,media_cluster,official,synthetic
BEACON-0008332,2025-02-08,2025-02-09,MDA,Moldova,ASF,0.58,unverified,trade_alert,media,synthetic
BEACON-0008333,2025-02-05,2025-02-07,MDA,Moldova,ASF,0.211,unverified,syndromic,media,synthetic
BEACON-0008334,2025-02-08,2025-02-10,TUR,Türkiye,ASF,0.402,unverified,syndromic,media,synthetic
BEACON-0008335,2025-02-04,2025-02-06,EGY,Egypt,ASF,0.425,unverified,syndromic,media,synthetic
BEACON-0008336,2025-02-15,2025-02-16,FRA,France,ASF,0.024,unverified,unusual_mortality,official,synthetic
BEACON-0008337,2025-02-15,2025-02-16,DEU,Germany,ASF,0.398,unverified,unusual_mortality,media,synthetic
BEACON-0008338,2025-02-12,2025-02-14,NLD,Netherlands,ASF,0.13,unverified,syndromic,media,synthetic
BEACON-0008339,2025-02-15,2025-02-16,POL,Poland,ASF,0.456,unverified,media_cluster,media,synthetic
BEACON-0008340,2025-02-10,2025-02-10,SRB,Serbia,ASF,0.29,unverified,media_cluster,media,synthetic
BEACON-0008341,2025-02-13,2025-02-13,TUR,Türkiye,ASF,0.295,unverified,media_cluster,media,synthetic
BEACON-0008342,2025-02-12,2025-02-14,EGY,Egypt,ASF,0.561,unverified,unusual_mortality,official,synthetic
BEACON-0008343,2025-02-14,2025-02-15,TUN,Tunisia,ASF,0.522,unverified,trade_alert,media,synthetic
BEACON-0008344,2025-02-12,2025-02-14,MAR,Morocco,ASF,0.121,unverified,media_cluster,media,synthetic
BEACON-0008345,2025-02-19,2025-02-20,NLD,Netherlands,ASF,0.498,verified,media_cluster,media,synthetic
BEACON-0008346,2025-02-17,2025-02-17,ITA,Italy,ASF,0.331,verified,syndromic,media;official,synthetic
BEACON-0008347,2025-02-19,2025-02-20,ESP,Spain,ASF,0.301,verified,unusual_mortality,official,synthetic
BEACON-0008348,2025-02-20,2025-02-22,POL,Poland,ASF,0.268,verified,media_cluster,official,synthetic
BEACON-0008349,2025-02-21,2025-02-22,HUN,Hungary,ASF,0.434,verified,media_cluster,official,synthetic
BEACON-0008350,2025-02-18,2025-02-18,ROU,Romania,ASF,0.496,verified,syndromic,media;official,synthetic
BEACON-0008351,2025-02-21,2025-02-21,UKR,Ukraine,ASF,0.367,verified,trade_alert,field,synthetic
BEACON-0008352,2025-02-17,2025-02-19,RUS,Russian Federation,ASF,0.452,unverified,media_cluster,media;official,synthetic
BEACON-0008353,2025-02-20,2025-02-22,ISR,Israel,ASF,0.275,unverified,syndromic,media,synthetic
BEACON-0008354,2025-02-28,2025-03-02,FRA,France,ASF,0.433,unverified,unusual_mortality,field,synthetic
BEACON-0008355,2025-02-25,2025-02-25,NLD,Netherlands,ASF,0.378,unverified,unusual_mortality,media,synthetic
BEACON-0008356,2025-02-27,2025-02-28,BEL,Belgium,ASF,0.073,unverified,unusual_mortality,media;official,synthetic
BEACON-0008357,2025-02-27,2025-02-27,BEL,Belgium,ASF,0.438,unverified,syndromic,official,synthetic
BEACON-0008358,2025-02-25,2025-02-26,ITA,Italy,ASF,0.465,unverified,media_cluster,media,synthetic
BEACON-0008359,2025-03-01,2025-03-03,ITA,Italy,ASF,0.331,unverified,unusual_mortality,media;official,synthetic
BEACON-0008360,2025-02-27,2025-02-27,SRB,Serbia,ASF,0.266,unverified,media_cluster,media,synthetic
BEACON-0008361,2025-02-27,2025-03-01,RUS,Russian Federation,ASF,0.406,unverified,media_cluster,media;official,synthetic
BEACON-0008362,2025-02-26,2025-02-27,ISR,Israel,ASF,0.151,unverified,syndromic,media;official,synthetic
BEACON-0008363,2025-02-26,2025-02-27,EGY,Egypt,ASF,0.317,unverified,trade_alert,media,synthetic
BEACON-0008364,2025-03-01,2025-03-03,TUN,Tunisia,ASF,0.385,verified,unusual_mortality,media,synthetic
BEACON-0008365,2025-02-26,2025-02-27,TUN,Tunisia,ASF,0.476,unverified,media_cluster,field,synthetic
BEACON-0008366,2025-03-08,2025-03-10,NLD,Netherlands,ASF,0.395,verified,trade_alert,media,synthetic
BEACON-0008367,2025-03-08,2025-03-08,POL,Poland,ASF,0.53,verified,unusual_mortality,official,synthetic
BEACON-0008368,2025-03-06,2025-03-08,BGR,Bulgaria,ASF,0.271,verified,media_cluster,media,synthetic
BEACON-0008369,2025-03-06,2025-03-08,RUS,Russian Federation,ASF,0.528,unverified,media_cluster,official,synthetic
BEACON-0008370,2025-03-07,2025-03-07,RUS,Russian Federation,ASF,0.359,verified,unusual_mortality,media,synthetic
BEACON-0008371,2025-03-07,2025-03-07,GEO,Georgia,ASF,0.291,verified,media_cluster,media,synthetic
BEACON-0008372,2025-03-04,2025-03-05,EGY,Egypt,ASF,0.215,unverified,syndromic,media,synthetic
BEACON-0008373,2025-03-06,2025-03-08,TUN,Tunisia,ASF,0.203,unverified,syndromic,media;official,synthetic
BEACON-0008374,2025-03-04,2025-03-05,MAR,Morocco,ASF,0.189,unverified,media_cluster,media,synthetic
BEACON-0008375,2025-03-14,2025-03-14,DEU,Germany,ASF,0.096,unverified,media_cluster,media,synthetic
BEACON-0008376,2025-03-10,2025-03-10,DEU,Germany,ASF,0.427,verified,media_cluster,official,synthetic
BEACON-0008377,2025-03-14,2025-03-14,ESP,Spain,ASF,0.187,unverified,unusual_mortality,media,synthetic
BEACON-0008378,2025-03-13,2025-03-14,UKR,Ukraine,ASF,0.59,verified,media_cluster,media,synthetic
BEACON-0008379,2025-03-15,2025-03-15,UKR,Ukraine,ASF,0.935,unverified,unusual_mortality,official,synthetic
BEACON-0008380,2025-03-13,2025-03-15,GEO,Georgia,ASF,0.408,unverified,media_cluster,official,synthetic
BEACON-0008381,2025-03-14,2025-03-15,ISR,Israel,ASF,0.411,unverified,media_cluster,official,synthetic
BEACON-0008382,2025-03-15,2025-03-15,EGY,Egypt,ASF,0.387,verified,syndromic,media,synthetic
BEACON-0008383,2025-03-22,2025-03-22,DEU,Germany,ASF,0.646,unverified,media_cluster,field,synthetic
BEACON-0008384,2025-03-19,2025-03-21,BEL,Belgium,ASF,0.215,verified,unusual_mortality,media,synthetic
BEACON-0008385,2025-03-17,2025-03-18,POL,Poland,ASF,0.257,unverified,unusual_mortality,media,synthetic
BEACON-0008386,2025-03-20,2025-03-22,POL,Poland,ASF,0.436,unverified,media_cluster,media,synthetic
BEACON-0008387,2025-03-17,2025-03-19,HUN,Hungary,ASF,0.236,verified,media_cluster,media,synthetic
BEACON-0008388,2025-03-21,2025-03-23,BGR,Bulgaria,ASF,0.856,unverified,trade_alert,media,synthetic
BEACON-0008389,2025-03-19,2025-03-20,UKR,Ukraine,ASF,0.071,unverified,media_cluster,media;official,synthetic
BEACON-0008390,2025-03-22,2025-03-22,RUS,Russian Federation,ASF,0.467,unverified,syndromic,media,synthetic
BEACON-0008391,2025-03-25,2025-03-25,FRA,France,ASF,0.666,verified,unusual_mortality,media,synthetic
BEACON-0008392,2025-03-29,2025-03-31,BEL,Belgium,ASF,0.843,unverified,unusual_mortality,official,synthetic
BEACON-0008393,2025-03-29,2025-03-30,ITA,Italy,ASF,0.208,unverified,media_cluster,media;official,synthetic
BEACON-0008394,2025-03-26,2025-03-28,ESP,Spain,ASF,0.544,unverified,unusual_mortality,media,synthetic
BEACON-0008395,2025-03-26,2025-03-26,UKR,Ukraine,ASF,0.672,unverified,unusual_mortality,official,synthetic
BEACON-0008396,2025-03-29,2025-03-29,UKR,Ukraine,ASF,0.054,unverified,media_cluster,media,synthetic
BEACON-0008397,2025-03-29,2025-03-31,MDA,Moldova,ASF,0.199,verified,unusual_mortality,official,synthetic
BEACON-0008398,2025-03-24,2025-03-26,TUR,Türkiye,ASF,0.056,unverified,unusual_mortality,official,synthetic
BEACON-0008399,2025-03-26,2025-03-27,TUR,Türkiye,ASF,0.048,verified,media_cluster,media,synthetic
BEACON-0008400,2025-03-28,2025-03-30,EGY,Egypt,ASF,0.683,verified,syndromic,media;official,synthetic
BEACON-0008401,2025-03-24,2025-03-25,EGY,Egypt,ASF,0.426,unverified,media_cluster,field,synthetic
BEACON-0008402,2025-03-27,2025-03-29,TUN,Tunisia,ASF,0.72,unverified,trade_alert,field,synthetic
BEACON-0008403,2025-04-04,2025-04-04,FRA,France,ASF,0.6,unverified,media_cluster,media,synthetic
BEACON-0008404,2025-04-01,2025-04-03,DEU,Germany,ASF,0.394,unverified,trade_alert,field,synthetic
BEACON-0008405,2025-04-02,2025-04-04,POL,Poland,ASF,0.506,unverified,unusual_mortality,media;official,synthetic
BEACON-0008406,2025-04-04,2025-04-06,ROU,Romania,ASF,0.181,unverified,media_cluster,media;official,synthetic
BEACON-0008407,2025-04-02,2025-04-04,UKR,Ukraine,ASF,0.522,verified,media_cluster,media,synthetic
BEACON-0008408,2025-04-03,2025-04-05,RUS,Russian Federation,ASF,0.039,unverified,media_cluster,media;official,synthetic
BEACON-0008409,2025-04-02,2025-04-03,TUR,Türkiye,ASF,0.412,verified,trade_alert,media;official,synthetic
BEACON-0008410,2025-04-03,2025-04-03,GEO,Georgia,ASF,0.335,unverified,unusual_mortality,media,synthetic
BEACON-0008411,2025-04-04,2025-04-04,GEO,Georgia,ASF,0.224,unverified,media_cluster,media,synthetic
BEACON-0008412,2025-04-03,2025-04-04,ISR,Israel,ASF,0.52,verified,media_cluster,media,synthetic
BEACON-0008413,2025-04-02,2025-04-02,EGY,Egypt,ASF,0.293,unverified,media_cluster,media,synthetic
BEACON-0008414,2025-04-01,2025-04-03,TUN,Tunisia,ASF,0.689,verified,unusual_mortality,official,synthetic
BEACON-0008415,2025-04-11,2025-04-12,POL,Poland,ASF,0.182,unverified,unusual_mortality,field,synthetic
BEACON-0008416,2025-04-07,2025-04-07,HUN,Hungary,ASF,0.14,unverified,unusual_mortality,media;official,synthetic
BEACON-0008417,2025-04-12,2025-04-14,GEO,Georgia,ASF,0.641,verified,unusual_mortality,field,synthetic
BEACON-0008418,2025-04-19,2025-04-21,FRA,France,ASF,0.126,unverified,media_cluster,media;official,synthetic
BEACON-0008419,2025-04-16,2025-04-18,DEU,Germany,ASF,0.284,verified,unusual_mortality,media,synthetic
BEACON-0008420,2025-04-15,2025-04-15,DEU,Germany,ASF,0.749,verified,unusual_mortality,media,synthetic
BEACON-0008421,2025-04-17,2025-04-18,DEU,Germany,ASF,0.161,unverified,syndromic,official,synthetic
BEACON-0008422,2025-04-17,2025-04-19,BEL,Belgium,ASF,0.586,unverified,media_cluster,media;official,synthetic
BEACON-0008423,2025-04-19,2025-04-21,BEL,Belgium,ASF,0.501,unverified,media_cluster,media;official,synthetic
BEACON-0008424,2025-04-15,2025-04-16,ITA,Italy,ASF,0.756,unverified,unusual_mortality,official,synthetic
BEACON-0008425,2025-04-17,2025-04-17,HUN,Hungary,ASF,0.337,verified,unusual_mortality,media;official,synthetic
BEACON-0008426,2025-04-19,2025-04-19,ROU,Romania,ASF,0.145,unverified,media_cluster,official,synthetic
BEACON-0008427,2025-04-18,2025-04-19,BGR,Bulgaria,ASF,0.53,unverified,media_cluster,media,synthetic
BEACON-0008428,2025-04-19,2025-04-19,UKR,Ukraine,ASF,0.448,unverified,syndromic,media;official,synthetic
BEACON-0008429,2025-04-16,2025-04-17,TUR,Türkiye,ASF,0.052,unverified,media_cluster,official,synthetic
BEACON-0008430,2025-04-16,2025-04-16,TUN,Tunisia,ASF,0.377,verified,media_cluster,media;official,synthetic
BEACON-0008431,2025-04-25,2025-04-27,BEL,Belgium,ASF,0.538,unverified,media_cluster,media;official,synthetic
BEACON-0008432,2025-04-22,2025-04-24,ITA,Italy,ASF,0.136,verified,media_cluster,media;official,synthetic
BEACON-0008433,2025-04-25,2025-04-25,ESP,Spain,ASF,0.207,unverified,unusual_mortality,media,synthetic
BEACON-0008434,2025-04-22,2025-04-23,POL,Poland,ASF,0.323,unverified,media_cluster,media,synthetic
BEACON-0008435,2025-04-22,2025-04-24,BGR,Bulgaria,ASF,0.536,unverified,media_cluster,media,synthetic
BEACON-0008436,2025-04-26,2025-04-28,SRB,Serbia,ASF,0.25,unverified,unusual_mortality,field,synthetic
BEACON-0008437,2025-04-23,2025-04-24,UKR,Ukraine,ASF,0.454,verified,media_cluster,official,synthetic
BEACON-0008438,2025-04-24,2025-04-25,MDA,Moldova,ASF,0.675,unverified,media_cluster,media,synthetic
BEACON-0008439,2025-04-26,2025-04-27,TUR,Türkiye,ASF,0.446,unverified,trade_alert,field,synthetic
BEACON-0008440,2025-04-22,2025-04-22,TUN,Tunisia,ASF,0.556,unverified,unusual_mortality,media,synthetic
BEACON-0008441,2025-04-25,2025-04-27,TUN,Tunisia,ASF,0.496,verified,media_cluster,media;official,synthetic
BEACON-0008442,2025-04-30,2025-04-30,FRA,France,ASF,0.577,unverified,media_cluster,official,synthetic
BEACON-0008443,2025-04-28,2025-04-29,BEL,Belgium,ASF,0.112,unverified,trade_alert,official,synthetic
BEACON-0008444,2025-04-29,2025-05-01,ITA,Italy,ASF,0.351,unverified,unusual_mortality,media,synthetic
BEACON-0008445,2025-04-28,2025-04-29,ESP,Spain,ASF,0.509,unverified,media_cluster,media;official,synthetic
BEACON-0008446,2025-04-29,2025-04-30,POL,Poland,ASF,0.133,unverified,media_cluster,media,synthetic
BEACON-0008447,2025-04-28,2025-04-28,UKR,Ukraine,ASF,0.127,unverified,unusual_mortality,media;official,synthetic
BEACON-0008448,2025-05-02,2025-05-03,TUN,Tunisia,ASF,0.304,unverified,unusual_mortality,media,synthetic
BEACON-0008449,2025-05-08,2025-05-10,FRA,France,ASF,0.244,unverified,media_cluster,media,synthetic
BEACON-0008450,2025-05-09,2025-05-09,FRA,France,ASF,0.287,verified,media_cluster,official,synthetic
BEACON-0008451,2025-05-06,2025-05-08,NLD,Netherlands,ASF,0.23,unverified,unusual_mortality,media,synthetic
BEACON-0008452,2025-05-09,2025-05-11,NLD,Netherlands,ASF,0.161,unverified,unusual_mortality,media;official,synthetic
BEACON-0008453,2025-05-09,2025-05-11,BEL,Belgium,ASF,0.652,unverified,unusual_mortality,field,synthetic
BEACON-0008454,2025-05-09,2025-05-09,ITA,Italy,ASF,0.35,unverified,unusual_mortality,media;official,synthetic
BEACON-0008455,2025-05-09,2025-05-11,ITA,Italy,ASF,0.131,unverified,unusual_mortality,media,synthetic
BEACON-0008456,2025-05-08,2025-05-10,SRB,Serbia,ASF,0.653,verified,unusual_mortality,media;official,synthetic
BEACON-0008457,2025-05-05,2025-05-05,UKR,Ukraine,ASF,0.308,unverified,media_cluster,media,synthetic
BEACON-0008458,2025-05-09,2025-05-10,UKR,Ukraine,ASF,0.597,unverified,unusual_mortality,media,synthetic
BEACON-0008459,2025-05-08,2025-05-09,RUS,Russian Federation,ASF,0.386,verified,media_cluster,media,synthetic
BEACON-0008460,2025-05-06,2025-05-06,GEO,Georgia,ASF,0.592,verified,media_cluster,media,synthetic
BEACON-0008461,2025-05-05,2025-05-06,TUN,Tunisia,ASF,0.33,verified,media_cluster,media,synthetic
BEACON-0008462,2025-05-08,2025-05-09,MAR,Morocco,ASF,0.653,verified,syndromic,media,synthetic
BEACON-0008463,2025-05-17,2025-05-17,DEU,Germany,ASF,0.675,unverified,media_cluster,media;official,synthetic
BEACON-0008464,2025-05-16,2025-05-16,DEU,Germany,ASF,0.807,unverified,syndromic,media,synthetic
BEACON-0008465,2025-05-13,2025-05-15,DEU,Germany,ASF,0.49,unverified,unusual_mortality,media,synthetic
BEACON-0008466,2025-05-13,2025-05-15,BEL,Belgium,ASF,0.455,unverified,unusual_mortality,media;official,synthetic
BEACON-0008467,2025-05-17,2025-05-19,ITA,Italy,ASF,0.649,verified,media_cluster,media,synthetic
BEACON-0008468,2025-05-13,2025-05-14,RUS,Russian Federation,ASF,0.126,unverified,unusual_mortality,field,synthetic
BEACON-0008469,2025-05-16,2025-05-16,EGY,Egypt,ASF,0.58,verified,media_cluster,media,synthetic
BEACON-0008470,2025-05-13,2025-05-15,TUN,Tunisia,ASF,0.214,unverified,media_cluster,media,synthetic
BEACON-0008471,2025-05-13,2025-05-14,TUN,Tunisia,ASF,0.502,verified,syndromic,media;official,synthetic
BEACON-0008472,2025-05-12,2025-05-12,TUN,Tunisia,ASF,0.146,unverified,media_cluster,media,synthetic
BEACON-0008473,2025-05-23,2025-05-25,NLD,Netherlands,ASF,0.253,unverified,unusual_mortality,media;official,synthetic
BEACON-0008474,2025-05-20,2025-05-21,NLD,Netherlands,ASF,0.532,unverified,unusual_mortality,media,synthetic
BEACON-0008475,2025-05-21,2025-05-21,NLD,Netherlands,ASF,0.147,verified,media_cluster,field,synthetic
BEACON-0008476,2025-05-23,2025-05-23,NLD,Netherlands,ASF,0.695,unverified,unusual_mortality,media,synthetic
BEACON-0008477,2025-05-19,2025-05-20,BEL,Belgium,ASF,0.42,verified,media_cluster,media,synthetic
BEACON-0008478,2025-05-23,2025-05-24,ESP,Spain,ASF,0.163,unverified,media_cluster,media;official,synthetic
BEACON-0008479,2025-05-24,2025-05-24,ESP,Spain,ASF,0.575,verified,syndromic,media,synthetic
BEACON-0008480,2025-05-23,2025-05-24,ESP,Spain,ASF,0.328,unverified,unusual_mortality,media,synthetic
BEACON-0008481,2025-05-24,2025-05-24,HUN,Hungary,ASF,0.151,unverified,media_cluster,media,synthetic
BEACON-0008482,2025-05-23,2025-05-24,UKR,Ukraine,ASF,0.342,unverified,media_cluster,official,synthetic
BEACON-0008483,2025-05-21,2025-05-22,MDA,Moldova,ASF,0.209,verified,media_cluster,official,synthetic
BEACON-0008484,2025-05-20,2025-05-21,RUS,Russian Federation,ASF,0.473,verified,media_cluster,media,synthetic
BEACON-0008485,2025-05-24,2025-05-24,TUR,Türkiye,ASF,0.377,unverified,syndromic,official,synthetic
BEACON-0008486,2025-05-19,2025-05-21,TUN,Tunisia,ASF,0.798,unverified,unusual_mortality,media,synthetic
BEACON-0008487,2025-05-29,2025-05-31,DEU,Germany,ASF,0.437,unverified,media_cluster,media,synthetic
BEACON-0008488,2025-05-30,2025-05-31,NLD,Netherlands,ASF,0.242,verified,unusual_mortality,media;official,synthetic
BEACON-0008489,2025-05-29,2025-05-31,ESP,Spain,ASF,0.189,unverified,unusual_mortality,media,synthetic
BEACON-0008490,2025-05-27,2025-05-28,POL,Poland,ASF,0.238,unverified,unusual_mortality,media,synthetic
BEACON-0008491,2025-05-26,2025-05-27,ROU,Romania,ASF,0.226,verified,syndromic,media,synthetic
BEACON-0008492,2025-05-29,2025-05-31,RUS,Russian Federation,ASF,0.532,verified,unusual_mortality,media;official,synthetic
BEACON-0008493,2025-05-29,2025-05-31,GEO,Georgia,ASF,0.63,unverified,unusual_mortality,media,synthetic
BEACON-0008494,2025-05-26,2025-05-26,GEO,Georgia,ASF,0.158,unverified,unusual_mortality,official,synthetic
BEACON-0008495,2025-05-29,2025-05-29,GEO,Georgia,ASF,0.503,verified,trade_alert,official,synthetic
BEACON-0008496,2025-05-31,2025-05-31,ISR,Israel,ASF,0.442,verified,media_cluster,field,synthetic
BEACON-0008497,2025-06-02,2025-06-03,BEL,Belgium,ASF,0.045,verified,trade_alert,media,synthetic
BEACON-0008498,2025-06-03,2025-06-04,ESP,Spain,ASF,0.277,unverified,media_cluster,official,synthetic
BEACON-0008499,2025-06-06,2025-06-08,POL,Poland,ASF,0.588,verified,media_cluster,official,synthetic
BEACON-0008500,2025-06-05,2025-06-06,HUN,Hungary,ASF,0.318,unverified,syndromic,official,synthetic
BEACON-0008501,2025-06-04,2025-06-05,ROU,Romania,ASF,0.3,unverified,trade_alert,media,synthetic
BEACON-0008502,2025-06-02,2025-06-04,ROU,Romania,ASF,0.572,unverified,trade_alert,field,synthetic
BEACON-0008503,2025-06-02,2025-06-02,RUS,Russian Federation,ASF,0.276,verified,media_cluster,media,synthetic
BEACON-0008504,2025-06-02,2025-06-04,TUR,Türkiye,ASF,0.365,unverified,media_cluster,field,synthetic
BEACON-0008505,2025-06-02,2025-06-02,EGY,Egypt,ASF,0.264,unverified,unusual_mortality,media,synthetic
BEACON-0008506,2025-06-12,2025-06-14,DEU,Germany,ASF,0.583,unverified,unusual_mortality,media,synthetic
BEACON-0008507,2025-06-13,2025-06-14,ESP,Spain,ASF,0.816,unverified,unusual_mortality,media,synthetic
BEACON-0008508,2025-06-09,2025-06-11,POL,Poland,ASF,0.227,unverified,unusual_mortality,media;official,synthetic
BEACON-0008509,2025-06-11,2025-06-12,HUN,Hungary,ASF,0.418,unverified,unusual_mortality,official,synthetic
BEACON-0008510,2025-06-11,2025-06-11,UKR,Ukraine,ASF,0.373,unverified,media_cluster,media;official,synthetic
BEACON-0008511,2025-06-14,2025-06-15,TUR,Türkiye,ASF,0.41,verified,media_cluster,official,synthetic
BEACON-0008512,2025-06-12,2025-06-13,TUR,Türkiye,ASF,0.279,unverified,trade_alert,official,synthetic
BEACON-0008513,2025-06-10,2025-06-10,GEO,Georgia,ASF,0.263,unverified,unusual_mortality,media,synthetic
BEACON-0008514,2025-06-09,2025-06-10,EGY,Egypt,ASF,0.118,unverified,unusual_mortality,media,synthetic
BEACON-0008515,2025-06-20,2025-06-22,FRA,France,ASF,0.206,unverified,unusual_mortality,field,synthetic
BEACON-0008516,2025-06-21,2025-06-23,NLD,Netherlands,ASF,0.242,unverified,media_cluster,official,synthetic
BEACON-0008517,2025-06-21,2025-06-22,POL,Poland,ASF,0.493,unverified,media_cluster,media,synthetic
BEACON-0008518,2025-06-20,2025-06-22,POL,Poland,ASF,0.686,unverified,media_cluster,field,synthetic
BEACON-0008519,2025-06-18,2025-06-20,SRB,Serbia,ASF,0.246,verified,media_cluster,media;official,synthetic
BEACON-0008520,2025-06-17,2025-06-18,SRB,Serbia,ASF,0.49,unverified,media_cluster,media;official,synthetic
BEACON-0008521,2025-06-19,2025-06-20,UKR,Ukraine,ASF,0.389,unverified,syndromic,media,synthetic
BEACON-0008522,2025-06-16,2025-06-16,MDA,Moldova,ASF,0.629,unverified,syndromic,media;official,synthetic
BEACON-0008523,2025-06-16,2025-06-16,RUS,Russian Federation,ASF,0.157,unverified,media_cluster,field,synthetic
BEACON-0008524,2025-06-25,2025-06-27,BEL,Belgium,ASF,0.339,unverified,unusual_mortality,media,synthetic
BEACON-0008525,2025-06-28,2025-06-28,BEL,Belgium,ASF,0.215,unverified,media_cluster,official,synthetic
BEACON-0008526,2025-06-28,2025-06-29,POL,Poland,ASF,0.344,unverified,syndromic,field,synthetic
BEACON-0008527,2025-06-24,2025-06-25,POL,Poland,ASF,0.37,unverified,media_cluster,media;official,synthetic
BEACON-0008528,2025-06-25,2025-06-27,SRB,Serbia,ASF,0.287,unverified,media_cluster,media;official,synthetic
BEACON-0008529,2025-06-23,2025-06-23,RUS,Russian Federation,ASF,0.554,unverified,unusual_mortality,media,synthetic
BEACON-0008530,2025-06-23,2025-06-23,TUR,Türkiye,ASF,0.62,unverified,media_cluster,official,synthetic
BEACON-0008531,2025-06-23,2025-06-25,TUR,Türkiye,ASF,0.592,unverified,unusual_mortality,media,synthetic
BEACON-0008532,2025-06-25,2025-06-27,EGY,Egypt,ASF,0.259,unverified,media_cluster,media,synthetic
BEACON-0008533,2025-06-27,2025-06-29,TUN,Tunisia,ASF,0.193,unverified,syndromic,media;official,synthetic
BEACON-0008534,2025-06-27,2025-06-29,TUN,Tunisia,ASF,0.375,verified,media_cluster,media,synthetic
BEACON-0008535,2025-06-27,2025-06-29,MAR,Morocco,ASF,0.293,verified,trade_alert,field,synthetic
BEACON-0008536,2025-06-23,2025-06-24,MAR,Morocco,ASF,0.153,unverified,unusual_mortality,media,synthetic
BEACON-0008537,2025-07-04,2025-07-06,DEU,Germany,ASF,0.131,verified,media_cluster,media,synthetic
BEACON-0008538,2025-07-03,2025-07-05,BEL,Belgium,ASF,0.601,unverified,media_cluster,media,synthetic
BEACON-0008539,2025-07-02,2025-07-02,ESP,Spain,ASF,0.612,unverified,unusual_mortality,field,synthetic
BEACON-0008540,2025-07-05,2025-07-07,ESP,Spain,ASF,0.52,unverified,unusual_mortality,media;official,synthetic
BEACON-0008541,2025-07-01,2025-07-01,ROU,Romania,ASF,0.128,unverified,unusual_mortality,media,synthetic
BEACON-0008542,2025-07-04,2025-07-04,TUR,Türkiye,ASF,0.36,unverified,media_cluster,official,synthetic
BEACON-0008543,2025-06-30,2025-07-02,GEO,Georgia,ASF,0.544,verified,syndromic,media;official,synthetic
BEACON-0008544,2025-07-04,2025-07-04,GEO,Georgia,ASF,0.605,unverified,media_cluster,media,synthetic
BEACON-0008545,2025-07-01,2025-07-01,TUN,Tunisia,ASF,0.513,unverified,unusual_mortality,media;official,synthetic
BEACON-0008546,2025-07-04,2025-07-06,TUN,Tunisia,ASF,0.54,verified,media_cluster,official,synthetic
BEACON-0008547,2025-07-03,2025-07-03,MAR,Morocco,ASF,0.301,unverified,media_cluster,official,synthetic
BEACON-0008548,2025-07-09,2025-07-10,FRA,France,ASF,0.375,verified,media_cluster,media,synthetic
BEACON-0008549,2025-07-10,2025-07-12,DEU,Germany,ASF,0.441,unverified,trade_alert,official,synthetic
BEACON-0008550,2025-07-12,2025-07-13,HUN,Hungary,ASF,0.25,unverified,media_cluster,media,synthetic
BEACON-0008551,2025-07-12,2025-07-13,ROU,Romania,ASF,0.372,unverified,syndromic,media,synthetic
BEACON-0008552,2025-07-07,2025-07-09,RUS,Russian Federation,ASF,0.508,unverified,unusual_mortality,field,synthetic
BEACON-0008553,2025-07-08,2025-07-08,GEO,Georgia,ASF,0.545,unverified,unusual_mortality,field,synthetic
BEACON-0008554,2025-07-10,2025-07-11,GEO,Georgia,ASF,0.194,unverified,unusual_mortality,media,synthetic
BEACON-0008555,2025-07-19,2025-07-21,DEU,Germany,ASF,0.587,verified,media_cluster,official,synthetic
BEACON-0008556,2025-07-18,2025-07-18,BEL,Belgium,ASF,0.479,unverified,media_cluster,media,synthetic
BEACON-0008557,2025-07-15,2025-07-15,BEL,Belgium,ASF,0.422,unverified,unusual_mortality,media;official,synthetic
BEACON-0008558,2025-07-19,2025-07-19,BEL,Belgium,ASF,0.636,unverified,unusual_mortality,field,synthetic
BEACON-0008559,2025-07-14,2025-07-14,POL,Poland,ASF,0.28,unverified,media_cluster,media;official,synthetic
BEACON-0008560,2025-07-18,2025-07-19,POL,Poland,ASF,0.884,unverified,unusual_mortality,media,synthetic
BEACON-0008561,2025-07-16,2025-07-16,UKR,Ukraine,ASF,0.687,verified,unusual_mortality,official,synthetic
BEACON-0008562,2025-07-14,2025-07-16,UKR,Ukraine,ASF,0.406,verified,trade_alert,media;official,synthetic
BEACON-0008563,2025-07-14,2025-07-14,TUR,Türkiye,ASF,0.301,unverified,unusual_mortality,field,synthetic
BEACON-0008564,2025-07-16,2025-07-16,TUR,Türkiye,ASF,0.491,verified,unusual_mortality,official,synthetic
BEACON-0008565,2025-07-17,2025-07-18,MAR,Morocco,ASF,0.262,unverified,unusual_mortality,field,synthetic
BEACON-0008566,2025-07-26,2025-07-28,FRA,France,ASF,0.549,unverified,trade_alert,media,synthetic
BEACON-0008567,2025-07-24,2025-07-25,FRA,France,ASF,0.706,verified,unusual_mortality,media,synthetic
BEACON-0008568,2025-07-21,2025-07-22,ITA,Italy,ASF,0.549,unverified,unusual_mortality,media;official,synthetic
BEACON-0008569,2025-07-21,2025-07-22,POL,Poland,ASF,0.563,unverified,media_cluster,media,synthetic
BEACON-0008570,2025-07-26,2025-07-28,ROU,Romania,ASF,0.289,unverified,media_cluster,media,synthetic
BEACON-0008571,2025-07-22,2025-07-22,ROU,Romania,ASF,0.332,unverified,syndromic,media,synthetic
BEACON-0008572,2025-07-25,2025-07-27,ROU,Romania,ASF,0.433,unverified,media_cluster,field,synthetic
BEACON-0008573,2025-07-26,2025-07-28,BGR,Bulgaria,ASF,0.814,unverified,syndromic,media,synthetic
BEACON-0008574,2025-07-23,2025-07-23,RUS,Russian Federation,ASF,0.223,unverified,media_cluster,official,synthetic
BEACON-0008575,2025-07-21,2025-07-23,GEO,Georgia,ASF,0.174,unverified,unusual_mortality,media,synthetic
BEACON-0008576,2025-07-25,2025-07-27,ISR,Israel,ASF,0.567,unverified,trade_alert,official,synthetic
BEACON-0008577,2025-07-24,2025-07-25,EGY,Egypt,ASF,0.347,verified,syndromic,media,synthetic
BEACON-0008578,2025-07-30,2025-08-01,DEU,Germany,ASF,0.104,unverified,media_cluster,media;official,synthetic
BEACON-0008579,2025-08-01,2025-08-02,BEL,Belgium,ASF,0.797,unverified,unusual_mortality,official,synthetic
BEACON-0008580,2025-07-29,2025-07-31,ESP,Spain,ASF,0.718,verified,media_cluster,media,synthetic
BEACON-0008581,2025-07-30,2025-08-01,ESP,Spain,ASF,0.558,unverified,media_cluster,media;official,synthetic
BEACON-0008582,2025-07-29,2025-07-30,POL,Poland,ASF,0.471,unverified,media_cluster,official,synthetic
BEACON-0008583,2025-08-01,2025-08-03,HUN,Hungary,ASF,0.448,unverified,media_cluster,field,synthetic
BEACON-0008584,2025-07-31,2025-08-02,HUN,Hungary,ASF,0.273,verified,unusual_mortality,field,synthetic
BEACON-0008585,2025-07-31,2025-07-31,ROU,Romania,ASF,0.302,verified,media_cluster,media,synthetic
BEACON-0008586,2025-07-29,2025-07-30,BGR,Bulgaria,ASF,0.21,unverified,syndromic,media;official,synthetic
BEACON-0008587,2025-07-31,2025-08-02,SRB,Serbia,ASF,0.535,verified,media_cluster,media,synthetic
BEACON-0008588,2025-07-30,2025-07-30,RUS,Russian Federation,ASF,0.281,unverified,unusual_mortality,media,synthetic
BEACON-0008589,2025-07-28,2025-07-30,MAR,Morocco,ASF,0.123,verified,media_cluster,field,synthetic
BEACON-0008590,2025-07-31,2025-07-31,MAR,Morocco,ASF,0.601,unverified,unusual_mortality,media,synthetic
BEACON-0008591,2025-07-29,2025-07-30,MAR,Morocco,ASF,0.195,unverified,media_cluster,media,synthetic
BEACON-0008592,2025-07-31,2025-08-01,MAR,Morocco,ASF,0.757,unverified,unusual_mortality,media,synthetic
BEACON-0008593,2025-08-09,2025-08-10,NLD,Netherlands,ASF,0.265,verified,trade_alert,field,synthetic
BEACON-0008594,2025-08-07,2025-08-09,ITA,Italy,ASF,0.054,verified,syndromic,media,synthetic
BEACON-0008595,2025-08-09,2025-08-09,ESP,Spain,ASF,0.572,verified,trade_alert,media,synthetic
BEACON-0008596,2025-08-09,2025-08-09,POL,Poland,ASF,0.377,verified,unusual_mortality,media;official,synthetic
BEACON-0008597,2025-08-08,2025-08-08,HUN,Hungary,ASF,0.539,unverified,unusual_mortality,media;official,synthetic
BEACON-0008598,2025-08-08,2025-08-09,UKR,Ukraine,ASF,0.704,verified,unusual_mortality,field,synthetic
BEACON-0008599,2025-08-09,2025-08-09,TUR,Türkiye,ASF,0.191,unverified,media_cluster,media,synthetic
BEACON-0008600,2025-08-05,2025-08-07,GEO,Georgia,ASF,0.717,verified,media_cluster,media,synthetic
BEACON-0008601,2025-08-07,2025-08-07,EGY,Egypt,ASF,0.28,verified,unusual_mortality,field,synthetic
BEACON-0008602,2025-08-06,2025-08-07,TUN,Tunisia,ASF,0.233,unverified,unusual_mortality,media,synthetic
BEACON-0008603,2025-08-09,2025-08-10,MAR,Morocco,ASF,0.312,unverified,unusual_mortality,media;official,synthetic
BEACON-0008604,2025-08-06,2025-08-08,MAR,Morocco,ASF,0.704,verified,trade_alert,media,synthetic
BEACON-0008605,2025-08-13,2025-08-15,FRA,France,ASF,0.538,unverified,syndromic,media,synthetic
BEACON-0008606,2025-08-12,2025-08-13,DEU,Germany,ASF,0.676,unverified,media_cluster,media,synthetic
BEACON-0008607,2025-08-14,2025-08-16,NLD,Netherlands,ASF,0.447,verified,media_cluster,media,synthetic
BEACON-0008608,2025-08-14,2025-08-16,BEL,Belgium,ASF,0.291,verified,media_cluster,media;official,synthetic
BEACON-0008609,2025-08-13,2025-08-13,ESP,Spain,ASF,0.648,unverified,unusual_mortality,media;official,synthetic
BEACON-0008610,2025-08-11,2025-08-13,ESP,Spain,ASF,0.381,unverified,media_cluster,media,synthetic
BEACON-0008611,2025-08-15,2025-08-16,HUN,Hungary,ASF,0.681,verified,unusual_mortality,media,synthetic
BEACON-0008612,2025-08-13,2025-08-13,ROU,Romania,ASF,0.569,unverified,unusual_mortality,media;official,synthetic
BEACON-0008613,2025-08-14,2025-08-16,BGR,Bulgaria,ASF,0.318,unverified,unusual_mortality,media;official,synthetic
BEACON-0008614,2025-08-11,2025-08-11,RUS,Russian Federation,ASF,0.563,verified,trade_alert,media,synthetic
BEACON-0008615,2025-08-14,2025-08-16,GEO,Georgia,ASF,0.663,verified,unusual_mortality,media;official,synthetic
BEACON-0008616,2025-08-14,2025-08-15,GEO,Georgia,ASF,0.342,unverified,unusual_mortality,media;official,synthetic
BEACON-0008617,2025-08-14,2025-08-15,EGY,Egypt,ASF,0.613,unverified,media_cluster,field,synthetic
BEACON-0008618,2025-08-21,2025-08-23,FRA,France,ASF,0.539,unverified,media_cluster,official,synthetic
BEACON-0008619,2025-08-22,2025-08-24,FRA,France,ASF,1.0,unverified,media_cluster,official,synthetic
BEACON-0008620,2025-08-23,2025-08-23,FRA,France,ASF,0.697,verified,media_cluster,official,synthetic
BEACON-0008621,2025-08-20,2025-08-20,FRA,France,ASF,0.743,unverified,unusual_mortality,media,synthetic
BEACON-0008622,2025-08-22,2025-08-24,NLD,Netherlands,ASF,0.892,verified,unusual_mortality,media;official,synthetic
BEACON-0008623,2025-08-21,2025-08-22,BEL,Belgium,ASF,0.318,unverified,media_cluster,media,synthetic
BEACON-0008624,2025-08-23,2025-08-23,BEL,Belgium,ASF,0.981,unverified,media_cluster,media,synthetic
BEACON-0008625,2025-08-22,2025-08-22,ESP,Spain,ASF,0.967,unverified,unusual_mortality,official,synthetic
BEACON-0008626,2025-08-19,2025-08-20,ESP,Spain,ASF,0.595,verified,trade_alert,field,synthetic
BEACON-0008627,2025-08-19,2025-08-21,TUN,Tunisia,ASF,0.767,unverified,unusual_mortality,official,synthetic
BEACON-0008628,2025-08-19,2025-08-19,TUN,Tunisia,ASF,0.229,unverified,media_cluster,media;official,synthetic
BEACON-0008629,2025-08-25,2025-08-27,FRA,France,ASF,0.471,verified,syndromic,media,synthetic
BEACON-0008630,2025-08-27,2025-08-28,DEU,Germany,ASF,0.433,unverified,media_cluster,media,synthetic
BEACON-0008631,2025-08-25,2025-08-27,NLD,Netherlands,ASF,0.291,unverified,trade_alert,media,synthetic
BEACON-0008632,2025-08-27,2025-08-29,NLD,Netherlands,ASF,0.722,unverified,unusual_mortality,media,synthetic
BEACON-0008633,2025-08-27,2025-08-27,BEL,Belgium,ASF,0.58,unverified,media_cluster,media,synthetic
BEACON-0008634,2025-08-30,2025-08-30,ITA,Italy,ASF,0.198,unverified,unusual_mortality,media,synthetic
BEACON-0008635,2025-08-27,2025-08-28,ROU,Romania,ASF,0.421,verified,media_cluster,official,synthetic
BEACON-0008636,2025-08-26,2025-08-28,ROU,Romania,ASF,0.11,unverified,media_cluster,media,synthetic
BEACON-0008637,2025-08-26,2025-08-27,BGR,Bulgaria,ASF,0.64,unverified,media_cluster,media,synthetic
BEACON-0008638,2025-08-26,2025-08-26,SRB,Serbia,ASF,0.455,verified,media_cluster,field,synthetic
BEACON-0008639,2025-08-25,2025-08-26,MDA,Moldova,ASF,0.517,unverified,media_cluster,official,synthetic
BEACON-0008640,2025-08-29,2025-08-29,MDA,Moldova,ASF,0.469,unverified,media_cluster,media,synthetic
BEACON-0008641,2025-08-27,2025-08-29,MDA,Moldova,ASF,0.475,verified,syndromic,media,synthetic
BEACON-0008642,2025-08-28,2025-08-30,MDA,Moldova,ASF,0.651,verified,media_cluster,media,synthetic
BEACON-0008643,2025-08-29,2025-08-31,RUS,Russian Federation,ASF,0.191,unverified,media_cluster,official,synthetic
BEACON-0008644,2025-08-25,2025-08-26,ISR,Israel,ASF,0.321,verified,unusual_mortality,field,synthetic
BEACON-0008645,2025-09-01,2025-09-02,DEU,Germany,ASF,0.558,verified,media_cluster,official,synthetic
BEACON-0008646,2025-09-04,2025-09-06,DEU,Germany,ASF,1.0,unverified,trade_alert,media,synthetic
BEACON-0008647,2025-09-06,2025-09-07,BEL,Belgium,ASF,0.738,unverified,trade_alert,official,synthetic
BEACON-0008648,2025-09-03,2025-09-03,BEL,Belgium,ASF,0.366,unverified,media_cluster,official,synthetic
BEACON-0008649,2025-09-06,2025-09-06,BEL,Belgium,ASF,0.374,unverified,media_cluster,field,synthetic
BEACON-0008650,2025-09-02,2025-09-02,ITA,Italy,ASF,0.215,verified,syndromic,media;official,synthetic
BEACON-0008651,2025-09-02,2025-09-03,ITA,Italy,ASF,0.708,unverified,media_cluster,media,synthetic
BEACON-0008652,2025-09-02,2025-09-03,ITA,Italy,ASF,0.26,verified,syndromic,media;official,synthetic
BEACON-0008653,2025-09-01,2025-09-03,HUN,Hungary,ASF,0.34,verified,unusual_mortality,media;official,synthetic
BEACON-0008654,2025-09-06,2025-09-06,HUN,Hungary,ASF,0.354,unverified,unusual_mortality,media;official,synthetic
BEACON-0008655,2025-09-01,2025-09-02,ROU,Romania,ASF,0.318,verified,unusual_mortality,media,synthetic
BEACON-0008656,2025-09-02,2025-09-02,BGR,Bulgaria,ASF,0.519,verified,media_cluster,media,synthetic
BEACON-0008657,2025-09-02,2025-09-02,MDA,Moldova,ASF,0.509,unverified,syndromic,media;official,synthetic
BEACON-0008658,2025-09-06,2025-09-08,MDA,Moldova,ASF,0.783,verified,unusual_mortality,media;official,synthetic
BEACON-0008659,2025-09-02,2025-09-04,RUS,Russian Federation,ASF,0.482,unverified,media_cluster,media;official,synthetic
BEACON-0008660,2025-09-06,2025-09-08,TUR,Türkiye,ASF,0.644,unverified,media_cluster,media,synthetic
BEACON-0008661,2025-09-06,2025-09-06,ISR,Israel,ASF,0.176,unverified,unusual_mortality,official,synthetic
BEACON-0008662,2025-09-05,2025-09-07,EGY,Egypt,ASF,0.261,unverified,media_cluster,field,synthetic
BEACON-0008663,2025-09-11,2025-09-12,DEU,Germany,ASF,0.266,verified,unusual_mortality,media,synthetic
BEACON-0008664,2025-09-08,2025-09-08,NLD,Netherlands,ASF,0.68,verified,media_cluster,media;official,synthetic
BEACON-0008665,2025-09-11,2025-09-13,NLD,Netherlands,ASF,0.787,unverified,unusual_mortality,media;official,synthetic
BEACON-0008666,2025-09-09,2025-09-10,BEL,Belgium,ASF,0.388,verified,media_cluster,media,synthetic
BEACON-0008667,2025-09-10,2025-09-10,ITA,Italy,ASF,0.316,verified,unusual_mortality,official,synthetic
BEACON-0008668,2025-09-13,2025-09-13,ESP,Spain,ASF,0.702,unverified,media_cluster,official,synthetic
BEACON-0008669,2025-09-08,2025-09-09,POL,Poland,ASF,0.454,unverified,unusual_mortality,official,synthetic
BEACON-0008670,2025-09-12,2025-09-14,HUN,Hungary,ASF,0.405,unverified,media_cluster,media,synthetic
BEACON-0008671,2025-09-09,2025-09-11,HUN,Hungary,ASF,0.646,verified,syndromic,field,synthetic
BEACON-0008672,2025-09-10,2025-09-10,HUN,Hungary,ASF,0.737,verified,media_cluster,media,synthetic
BEACON-0008673,2025-09-11,2025-09-12,HUN,Hungary,ASF,0.836,unverified,media_cluster,media,synthetic
BEACON-0008674,2025-09-08,2025-09-09,SRB,Serbia,ASF,0.379,unverified,media_cluster,official,synthetic
BEACON-0008675,2025-09-10,2025-09-11,SRB,Serbia,ASF,0.357,verified,media_cluster,media;official,synthetic
BEACON-0008676,2025-09-13,2025-09-14,UKR,Ukraine,ASF,0.705,unverified,media_cluster,media,synthetic
BEACON-0008677,2025-09-10,2025-09-11,MDA,Moldova,ASF,1.0,unverified,trade_alert,media,synthetic
BEACON-0008678,2025-09-11,2025-09-12,MDA,Moldova,ASF,1.0,verified,unusual_mortality,media,synthetic
BEACON-0008679,2025-09-11,2025-09-12,MDA,Moldova,ASF,0.799,unverified,media_cluster,media;official,synthetic
BEACON-0008680,2025-09-10,2025-09-11,MDA,Moldova,ASF,0.84,unverified,unusual_mortality,media,synthetic
BEACON-0008681,2025-09-12,2025-09-12,MDA,Moldova,ASF,0.546,verified,media_cluster,media,synthetic
BEACON-0008682,2025-09-13,2025-09-13,GEO,Georgia,ASF,0.749,verified,syndromic,media,synthetic
BEACON-0008683,2025-09-10,2025-09-10,GEO,Georgia,ASF,0.451,unverified,unusual_mortality,field,synthetic
BEACON-0008684,2025-09-12,2025-09-12,EGY,Egypt,ASF,0.388,unverified,unusual_mortality,media,synthetic
BEACON-0008685,2025-09-09,2025-09-11,MAR,Morocco,ASF,0.341,unverified,trade_alert,media;official,synthetic
BEACON-0008686,2025-09-19,2025-09-21,FRA,France,ASF,0.451,unverified,syndromic,media;official,synthetic
BEACON-0008687,2025-09-15,2025-09-15,DEU,Germany,ASF,0.881,unverified,unusual_mortality,media,synthetic
BEACON-0008688,2025-09-17,2025-09-19,BEL,Belgium,ASF,0.449,unverified,media_cluster,field,synthetic
BEACON-0008689,2025-09-16,2025-09-18,BEL,Belgium,ASF,0.692,unverified,media_cluster,media;official,synthetic
BEACON-0008690,2025-09-20,2025-09-21,BEL,Belgium,ASF,0.442,verified,unusual_mortality,media,synthetic
BEACON-0008691,2025-09-17,2025-09-17,ITA,Italy,ASF,0.589,unverified,unusual_mortality,media,synthetic
BEACON-0008692,2025-09-19,2025-09-21,POL,Poland,ASF,0.439,verified,syndromic,media,synthetic
BEACON-0008693,2025-09-18,2025-09-19,POL,Poland,ASF,0.381,unverified,media_cluster,media;official,synthetic
BEACON-0008694,2025-09-18,2025-09-20,HUN,Hungary,ASF,0.581,unverified,syndromic,media;official,synthetic
BEACON-0008695,2025-09-19,2025-09-20,HUN,Hungary,ASF,0.84,verified,unusual_mortality,media;official,synthetic
BEACON-0008696,2025-09-19,2025-09-20,BGR,Bulgaria,ASF,0.185,unverified,syndromic,media,synthetic
BEACON-0008697,2025-09-19,2025-09-19,BGR,Bulgaria,ASF,0.283,verified,syndromic,media,synthetic
BEACON-0008698,2025-09-19,2025-09-21,BGR,Bulgaria,ASF,0.418,verified,media_cluster,media;official,synthetic
BEACON-0008699,2025-09-19,2025-09-21,BGR,Bulgaria,ASF,0.753,verified,media_cluster,official,synthetic
BEACON-0008700,2025-09-20,2025-09-20,MDA,Moldova,ASF,0.499,unverified,media_cluster,official,synthetic
BEACON-0008701,2025-09-18,2025-09-18,GEO,Georgia,ASF,0.429,unverified,media_cluster,field,synthetic
BEACON-0008702,2025-09-15,2025-09-15,TUN,Tunisia,ASF,0.431,unverified,media_cluster,media;official,synthetic
BEACON-0008703,2025-09-25,2025-09-26,FRA,France,ASF,0.363,unverified,unusual_mortality,media;official,synthetic
BEACON-0008704,2025-09-26,2025-09-26,FRA,France,ASF,0.615,unverified,syndromic,media;official,synthetic
BEACON-0008705,2025-09-22,2025-09-23,BEL,Belgium,ASF,0.545,verified,media_cluster,media;official,synthetic
BEACON-0008706,2025-09-23,2025-09-23,BEL,Belgium,ASF,0.741,unverified,media_cluster,media;official,synthetic
BEACON-0008707,2025-09-26,2025-09-28,ESP,Spain,ASF,1.0,unverified,media_cluster,official,synthetic
BEACON-0008708,2025-09-25,2025-09-27,ESP,Spain,ASF,0.606,verified,media_cluster,media,synthetic
BEACON-0008709,2025-09-26,2025-09-28,POL,Poland,ASF,0.43,verified,trade_alert,media,synthetic
BEACON-0008710,2025-09-23,2025-09-24,POL,Poland,ASF,0.326,verified,syndromic,official,synthetic
BEACON-0008711,2025-09-24,2025-09-24,ROU,Romania,ASF,0.797,unverified,unusual_mortality,media,synthetic
BEACON-0008712,2025-09-26,2025-09-28,BGR,Bulgaria,ASF,0.324,unverified,unusual_mortality,media;official,synthetic
BEACON-0008713,2025-09-26,2025-09-27,SRB,Serbia,ASF,0.652,unverified,syndromic,field,synthetic
BEACON-0008714,2025-09-23,2025-09-25,UKR,Ukraine,ASF,0.343,unverified,syndromic,media,synthetic
BEACON-0008715,2025-09-24,2025-09-25,MDA,Moldova,ASF,0.927,verified,unusual_mortality,media,synthetic
BEACON-0008716,2025-09-24,2025-09-26,RUS,Russian Federation,ASF,0.689,unverified,trade_alert,official,synthetic
BEACON-0008717,2025-09-23,2025-09-24,RUS,Russian Federation,ASF,0.496,unverified,unusual_mortality,official,synthetic
BEACON-0008718,2025-09-27,2025-09-29,TUR,Türkiye,ASF,0.669,verified,unusual_mortality,field,synthetic
BEACON-0008719,2025-09-26,2025-09-26,GEO,Georgia,ASF,0.711,verified,unusual_mortality,media;official,synthetic
BEACON-0008720,2025-09-23,2025-09-24,ISR,Israel,ASF,0.419,verified,unusual_mortality,media;official,synthetic
BEACON-0008721,2025-09-26,2025-09-28,TUN,Tunisia,ASF,0.308,unverified,media_cluster,media,synthetic
BEACON-0008722,2025-10-03,2025-10-03,FRA,France,ASF,0.973,unverified,syndromic,media;official,synthetic
BEACON-0008723,2025-10-01,2025-10-02,FRA,France,ASF,0.848,unverified,syndromic,media,synthetic
BEACON-0008724,2025-09-29,2025-09-30,FRA,France,ASF,0.507,verified,unusual_mortality,official,synthetic
BEACON-0008725,2025-10-01,2025-10-03,FRA,France,ASF,0.674,unverified,media_cluster,media;official,synthetic
BEACON-0008726,2025-10-02,2025-10-02,DEU,Germany,ASF,0.669,unverified,syndromic,media,synthetic
BEACON-0008727,2025-09-29,2025-09-30,NLD,Netherlands,ASF,0.17,unverified,unusual_mortality,media;official,synthetic
BEACON-0008728,2025-10-01,2025-10-01,BEL,Belgium,ASF,0.408,unverified,syndromic,media;official,synthetic
BEACON-0008729,2025-10-04,2025-10-04,BEL,Belgium,ASF,0.924,unverified,syndromic,official,synthetic
BEACON-0008730,2025-10-04,2025-10-04,BEL,Belgium,ASF,0.343,verified,unusual_mortality,field,synthetic
BEACON-0008731,2025-10-03,2025-10-05,ESP,Spain,ASF,0.549,unverified,media_cluster,media,synthetic
BEACON-0008732,2025-10-04,2025-10-05,ESP,Spain,ASF,0.571,verified,trade_alert,media,synthetic
BEACON-0008733,2025-09-30,2025-10-02,ESP,Spain,ASF,1.0,verified,media_cluster,media,synthetic
BEACON-0008734,2025-09-30,2025-09-30,HUN,Hungary,ASF,1.0,unverified,media_cluster,media,synthetic
BEACON-0008735,2025-10-02,2025-10-02,HUN,Hungary,ASF,0.931,unverified,trade_alert,field,synthetic
BEACON-0008736,2025-10-01,2025-10-01,HUN,Hungary,ASF,0.713,verified,media_cluster,media,synthetic
BEACON-0008737,2025-10-03,2025-10-04,ROU,Romania,ASF,0.869,unverified,media_cluster,media,synthetic
BEACON-0008738,2025-09-30,2025-10-02,ROU,Romania,ASF,0.927,unverified,media_cluster,media;official,synthetic
BEACON-0008739,2025-10-04,2025-10-04,ROU,Romania,ASF,0.827,unverified,syndromic,media,synthetic
BEACON-0008740,2025-10-04,2025-10-04,BGR,Bulgaria,ASF,0.562,verified,trade_alert,field,synthetic
BEACON-0008741,2025-10-01,2025-10-03,BGR,Bulgaria,ASF,0.422,verified,unusual_mortality,media;official,synthetic
BEACON-0008742,2025-09-30,2025-10-01,BGR,Bulgaria,ASF,0.416,verified,unusual_mortality,official,synthetic
BEACON-0008743,2025-10-03,2025-10-05,SRB,Serbia,ASF,0.619,unverified,media_cluster,media;official,synthetic
BEACON-0008744,2025-10-03,2025-10-05,UKR,Ukraine,ASF,0.539,verified,trade_alert,official,synthetic
BEACON-0008745,2025-10-04,2025-10-06,UKR,Ukraine,ASF,0.616,verified,unusual_mortality,media;official,synthetic
BEACON-0008746,2025-10-02,2025-10-04,UKR,Ukraine,ASF,0.798,unverified,media_cluster,media,synthetic
BEACON-0008747,2025-10-03,2025-10-03,MDA,Moldova,ASF,0.747,verified,syndromic,official,synthetic
BEACON-0008748,2025-10-02,2025-10-04,MDA,Moldova,ASF,0.476,unverified,media_cluster,official,synthetic
BEACON-0008749,2025-10-01,2025-10-02,GEO,Georgia,ASF,0.112,verified,media_cluster,media,synthetic
BEACON-0008750,2025-09-30,2025-09-30,GEO,Georgia,ASF,0.218,verified,unusual_mortality,media,synthetic
BEACON-0008751,2025-10-02,2025-10-03,ISR,Israel,ASF,0.15,verified,unusual_mortality,media,synthetic
BEACON-0008752,2025-10-08,2025-10-09,FRA,France,ASF,0.567,unverified,unusual_mortality,official,synthetic
BEACON-0008753,2025-10-08,2025-10-10,FRA,France,ASF,0.88,verified,unusual_mortality,media;official,synthetic
BEACON-0008754,2025-10-09,2025-10-09,FRA,France,ASF,0.724,unverified,media_cluster,media,synthetic
BEACON-0008755,2025-10-06,2025-10-08,DEU,Germany,ASF,0.452,unverified,media_cluster,media,synthetic
BEACON-0008756,2025-10-11,2025-10-13,DEU,Germany,ASF,0.834,unverified,unusual_mortality,field,synthetic
BEACON-0008757,2025-10-08,2025-10-10,BEL,Belgium,ASF,0.925,verified,trade_alert,media,synthetic
BEACON-0008758,2025-10-08,2025-10-10,ITA,Italy,ASF,0.509,unverified,media_cluster,official,synthetic
BEACON-0008759,2025-10-11,2025-10-12,ESP,Spain,ASF,0.905,verified,media_cluster,media,synthetic
BEACON-0008760,2025-10-08,2025-10-08,ESP,Spain,ASF,0.982,unverified,unusual_mortality,field,synthetic
BEACON-0008761,2025-10-07,2025-10-07,POL,Poland,ASF,0.505,unverified,media_cluster,media,synthetic
BEACON-0008762,2025-10-09,2025-10-09,HUN,Hungary,ASF,0.537,unverified,unusual_mortality,media,synthetic
BEACON-0008763,2025-10-08,2025-10-09,HUN,Hungary,ASF,0.386,unverified,media_cluster,media;official,synthetic
BEACON-0008764,2025-10-10,2025-10-10,ROU,Romania,ASF,0.844,unverified,media_cluster,media,synthetic
BEACON-0008765,2025-10-11,2025-10-13,BGR,Bulgaria,ASF,0.618,unverified,syndromic,media;official,synthetic
BEACON-0008766,2025-10-06,2025-10-07,SRB,Serbia,ASF,0.469,verified,unusual_mortality,media;official,synthetic
BEACON-0008767,2025-10-08,2025-10-10,SRB,Serbia,ASF,0.568,unverified,trade_alert,media;official,synthetic
BEACON-0008768,2025-10-08,2025-10-09,UKR,Ukraine,ASF,0.597,unverified,syndromic,media,synthetic
BEACON-0008769,2025-10-08,2025-10-10,UKR,Ukraine,ASF,0.894,verified,media_cluster,media,synthetic
BEACON-0008770,2025-10-11,2025-10-12,UKR,Ukraine,ASF,0.157,unverified,media_cluster,media,synthetic
BEACON-0008771,2025-10-11,2025-10-11,MDA,Moldova,ASF,0.894,unverified,unusual_mortality,official,synthetic
BEACON-0008772,2025-10-09,2025-10-10,MDA,Moldova,ASF,0.494,unverified,media_cluster,official,synthetic
BEACON-0008773,2025-10-09,2025-10-10,RUS,Russian Federation,ASF,1.0,unverified,syndromic,media,synthetic
BEACON-0008774,2025-10-06,2025-10-08,RUS,Russian Federation,ASF,0.59,verified,trade_alert,field,synthetic
BEACON-0008775,2025-10-06,2025-10-07,MAR,Morocco,ASF,0.293,unverified,media_cluster,media,synthetic
BEACON-0008776,2025-10-17,2025-10-19,BEL,Belgium,ASF,0.724,verified,media_cluster,official,synthetic
BEACON-0008777,2025-10-13,2025-10-14,BEL,Belgium,ASF,0.847,unverified,media_cluster,media;official,synthetic
BEACON-0008778,2025-10-14,2025-10-16,BEL,Belgium,ASF,0.71,verified,unusual_mortality,media,synthetic
BEACON-0008779,2025-10-18,2025-10-19,ITA,Italy,ASF,0.432,verified,unusual_mortality,field,synthetic
BEACON-0008780,2025-10-13,2025-10-14,ESP,Spain,ASF,0.562,verified,syndromic,media;official,synthetic
BEACON-0008781,2025-10-15,2025-10-16,ESP,Spain,ASF,0.922,unverified,unusual_mortality,media,synthetic
BEACON-0008782,2025-10-13,2025-10-13,POL,Poland,ASF,0.643,verified,trade_alert,field,synthetic
BEACON-0008783,2025-10-13,2025-10-14,POL,Poland,ASF,0.879,unverified,unusual_mortality,media;official,synthetic
BEACON-0008784,2025-10-18,2025-10-19,ROU,Romania,ASF,0.785,verified,unusual_mortality,media,synthetic
BEACON-0008785,2025-10-18,2025-10-19,ROU,Romania,ASF,0.794,verified,trade_alert,media,synthetic
BEACON-0008786,2025-10-17,2025-10-18,BGR,Bulgaria,ASF,0.599,unverified,unusual_mortality,official,synthetic
BEACON-0008787,2025-10-14,2025-10-14,SRB,Serbia,ASF,0.541,unverified,trade_alert,media;official,synthetic
BEACON-0008788,2025-10-15,2025-10-15,UKR,Ukraine,ASF,0.903,unverified,media_cluster,media;official,synthetic
BEACON-0008789,2025-10-17,2025-10-18,UKR,Ukraine,ASF,1.0,unverified,unusual_mortality,official,synthetic
BEACON-0008790,2025-10-16,2025-10-16,RUS,Russian Federation,ASF,0.48,unverified,unusual_mortality,media,synthetic
BEACON-0008791,2025-10-13,2025-10-13,TUR,Türkiye,ASF,0.342,verified,unusual_mortality,media,synthetic
BEACON-0008792,2025-10-13,2025-10-14,GEO,Georgia,ASF,0.971,unverified,media_cluster,media,synthetic
BEACON-0008793,2025-10-15,2025-10-16,GEO,Georgia,ASF,0.653,unverified,media_cluster,media,synthetic
BEACON-0008794,2025-10-14,2025-10-14,ISR,Israel,ASF,0.663,verified,media_cluster,official,synthetic
BEACON-0008795,2025-10-15,2025-10-16,ISR,Israel,ASF,0.565,unverified,trade_alert,media;official,synthetic
BEACON-0008796,2025-10-16,2025-10-16,EGY,Egypt,ASF,0.711,unverified,media_cluster,official,synthetic
BEACON-0008797,2025-10-17,2025-10-18,TUN,Tunisia,ASF,0.647,verified,unusual_mortality,media,synthetic
BEACON-0008798,2025-10-17,2025-10-18,TUN,Tunisia,ASF,0.244,unverified,unusual_mortality,media,synthetic
BEACON-0008799,2025-10-23,2025-10-24,FRA,France,ASF,0.403,unverified,syndromic,media,synthetic
BEACON-0008800,2025-10-22,2025-10-22,FRA,France,ASF,0.095,unverified,unusual_mortality,media,synthetic
BEACON-0008801,2025-10-22,2025-10-24,DEU,Germany,ASF,0.411,unverified,syndromic,media;official,synthetic
BEACON-0008802,2025-10-23,2025-10-25,NLD,Netherlands,ASF,0.325,verified,media_cluster,media,synthetic
BEACON-0008803,2025-10-23,2025-10-24,NLD,Netherlands,ASF,0.719,verified,media_cluster,media,synthetic
BEACON-0008804,2025-10-25,2025-10-27,BEL,Belgium,ASF,0.625,unverified,media_cluster,media,synthetic
BEACON-0008805,2025-10-22,2025-10-23,BEL,Belgium,ASF,0.314,verified,media_cluster,field,synthetic
BEACON-0008806,2025-10-21,2025-10-21,BEL,Belgium,ASF,0.898,unverified,unusual_mortality,media,synthetic
BEACON-0008807,2025-10-24,2025-10-24,BEL,Belgium,ASF,0.373,unverified,media_cluster,official,synthetic
BEACON-0008808,2025-10-24,2025-10-24,ITA,Italy,ASF,0.738,unverified,unusual_mortality,media,synthetic
BEACON-0008809,2025-10-21,2025-10-21,ITA,Italy,ASF,0.814,unverified,unusual_mortality,official,synthetic
BEACON-0008810,2025-10-22,2025-10-23,ESP,Spain,ASF,0.262,unverified,media_cluster,media,synthetic
BEACON-0008811,2025-10-24,2025-10-24,POL,Poland,ASF,0.342,unverified,syndromic,field,synthetic
BEACON-0008812,2025-10-23,2025-10-25,ROU,Romania,ASF,0.434,unverified,media_cluster,media,synthetic
BEACON-0008813,2025-10-25,2025-10-26,ROU,Romania,ASF,0.568,unverified,trade_alert,field,synthetic
BEACON-0008814,2025-10-24,2025-10-25,ROU,Romania,ASF,0.696,verified,unusual_mortality,media,synthetic
BEACON-0008815,2025-10-24,2025-10-24,ROU,Romania,ASF,0.588,unverified,media_cluster,media;official,synthetic
BEACON-0008816,2025-10-21,2025-10-23,BGR,Bulgaria,ASF,0.928,verified,media_cluster,official,synthetic
BEACON-0008817,2025-10-24,2025-10-24,BGR,Bulgaria,ASF,0.761,verified,unusual_mortality,media,synthetic
BEACON-0008818,2025-10-24,2025-10-25,BGR,Bulgaria,ASF,0.563,unverified,unusual_mortality,media,synthetic
BEACON-0008819,2025-10-22,2025-10-24,SRB,Serbia,ASF,0.977,unverified,media_cluster,official,synthetic
BEACON-0008820,2025-10-23,2025-10-24,SRB,Serbia,ASF,0.998,unverified,unusual_mortality,media;official,synthetic
BEACON-0008821,2025-10-23,2025-10-25,SRB,Serbia,ASF,0.982,unverified,media_cluster,media;official,synthetic
BEACON-0008822,2025-10-21,2025-10-21,SRB,Serbia,ASF,1.0,verified,syndromic,media,synthetic
BEACON-0008823,2025-10-24,2025-10-26,UKR,Ukraine,ASF,0.569,unverified,unusual_mortality,official,synthetic
BEACON-0008824,2025-10-21,2025-10-23,UKR,Ukraine,ASF,0.506,unverified,unusual_mortality,media,synthetic
BEACON-0008825,2025-10-23,2025-10-23,MDA,Moldova,ASF,1.0,verified,media_cluster,media;official,synthetic
BEACON-0008826,2025-10-23,2025-10-23,MDA,Moldova,ASF,0.409,unverified,media_cluster,official,synthetic
BEACON-0008827,2025-10-23,2025-10-25,TUR,Türkiye,ASF,0.598,unverified,syndromic,media,synthetic
BEACON-0008828,2025-10-21,2025-10-23,TUR,Türkiye,ASF,0.517,unverified,unusual_mortality,official,synthetic
BEACON-0008829,2025-10-22,2025-10-24,GEO,Georgia,ASF,1.0,verified,unusual_mortality,official,synthetic
BEACON-0008830,2025-10-23,2025-10-25,GEO,Georgia,ASF,0.877,unverified,unusual_mortality,field,synthetic
BEACON-0008831,2025-10-23,2025-10-23,EGY,Egypt,ASF,0.357,unverified,unusual_mortality,media;official,synthetic
BEACON-0008832,2025-10-25,2025-10-27,EGY,Egypt,ASF,0.395,unverified,unusual_mortality,media;official,synthetic
BEACON-0008833,2025-10-25,2025-10-27,TUN,Tunisia,ASF,0.396,unverified,unusual_mortality,media;official,synthetic
BEACON-0008834,2025-10-23,2025-10-24,TUN,Tunisia,ASF,0.411,verified,unusual_mortality,official,synthetic
BEACON-0008835,2025-10-22,2025-10-24,TUN,Tunisia,ASF,0.216,verified,syndromic,media,synthetic
BEACON-0008836,2025-10-30,2025-11-01,FRA,France,ASF,0.609,unverified,unusual_mortality,media,synthetic
BEACON-0008837,2025-10-31,2025-11-02,FRA,France,ASF,0.631,unverified,trade_alert,media,synthetic
BEACON-0008838,2025-10-27,2025-10-28,FRA,France,ASF,0.467,unverified,unusual_mortality,media,synthetic
BEACON-0008839,2025-10-28,2025-10-28,DEU,Germany,ASF,0.461,verified,unusual_mortality,media,synthetic
BEACON-0008840,2025-10-27,2025-10-29,DEU,Germany,ASF,0.292,unverified,media_cluster,media;official,synthetic
BEACON-0008841,2025-10-31,2025-11-01,NLD,Netherlands,ASF,0.336,unverified,trade_alert,media;official,synthetic
BEACON-0008842,2025-10-27,2025-10-27,BEL,Belgium,ASF,0.244,unverified,media_cluster,media,synthetic
BEACON-0008843,2025-10-29,2025-10-31,ITA,Italy,ASF,1.0,unverified,unusual_mortality,media,synthetic
BEACON-0008844,2025-10-31,2025-10-31,ITA,Italy,ASF,0.934,unverified,syndromic,media;official,synthetic
BEACON-0008845,2025-10-30,2025-10-30,ESP,Spain,ASF,0.914,verified,syndromic,media,synthetic
BEACON-0008846,2025-11-01,2025-11-01,POL,Poland,ASF,0.493,verified,unusual_mortality,media,synthetic
BEACON-0008847,2025-10-29,2025-10-31,HUN,Hungary,ASF,0.415,unverified,trade_alert,official,synthetic
BEACON-0008848,2025-10-27,2025-10-28,BGR,Bulgaria,ASF,0.449,unverified,unusual_mortality,media;official,synthetic
BEACON-0008849,2025-10-27,2025-10-27,BGR,Bulgaria,ASF,0.825,verified,syndromic,media;official,synthetic
BEACON-0008850,2025-11-01,2025-11-02,BGR,Bulgaria,ASF,0.687,verified,media_cluster,media;official,synthetic
BEACON-0008851,2025-10-28,2025-10-29,SRB,Serbia,ASF,1.0,unverified,syndromic,media;official,synthetic
BEACON-0008852,2025-10-30,2025-11-01,SRB,Serbia,ASF,0.764,unverified,media_cluster,media,synthetic
BEACON-0008853,2025-11-01,2025-11-03,SRB,Serbia,ASF,0.516,unverified,unusual_mortality,media,synthetic
BEACON-0008854,2025-11-01,2025-11-02,SRB,Serbia,ASF,0.8,verified,syndromic,media,synthetic
BEACON-0008855,2025-10-29,2025-10-31,UKR,Ukraine,ASF,0.489,verified,unusual_mortality,media;official,synthetic
BEACON-0008856,2025-10-29,2025-10-29,MDA,Moldova,ASF,0.95,verified,media_cluster,media,synthetic
BEACON-0008857,2025-10-28,2025-10-28,MDA,Moldova,ASF,0.592,unverified,unusual_mortality,media,synthetic
BEACON-0008858,2025-10-28,2025-10-28,RUS,Russian Federation,ASF,0.483,unverified,trade_alert,media,synthetic
BEACON-0008859,2025-10-28,2025-10-29,RUS,Russian Federation,ASF,0.83,unverified,unusual_mortality,media,synthetic
BEACON-0008860,2025-10-31,2025-11-01,GEO,Georgia,ASF,0.777,verified,media_cluster,media,synthetic
BEACON-0008861,2025-10-30,2025-10-31,GEO,Georgia,ASF,0.578,verified,unusual_mortality,media,synthetic
BEACON-0008862,2025-10-31,2025-10-31,GEO,Georgia,ASF,0.356,unverified,media_cluster,media;official,synthetic
BEACON-0008863,2025-11-01,2025-11-02,GEO,Georgia,ASF,0.69,unverified,unusual_mortality,official,synthetic
BEACON-0008864,2025-10-28,2025-10-30,GEO,Georgia,ASF,0.432,unverified,media_cluster,media,synthetic
BEACON-0008865,2025-10-31,2025-11-02,GEO,Georgia,ASF,0.685,verified,trade_alert,field,synthetic
BEACON-0008866,2025-10-28,2025-10-30,MAR,Morocco,ASF,0.518,verified,media_cluster,media;official,synthetic
BEACON-0008867,2025-10-27,2025-10-28,MAR,Morocco,ASF,0.55,unverified,unusual_mortality,media,synthetic
BEACON-0008868,2025-11-06,2025-11-08,DEU,Germany,ASF,0.319,unverified,media_cluster,media,synthetic
BEACON-0008869,2025-11-04,2025-11-04,DEU,Germany,ASF,0.757,verified,media_cluster,official,synthetic
BEACON-0008870,2025-11-08,2025-11-09,DEU,Germany,ASF,0.425,verified,media_cluster,media;official,synthetic
BEACON-0008871,2025-11-06,2025-11-07,DEU,Germany,ASF,0.727,verified,media_cluster,media;official,synthetic
BEACON-0008872,2025-11-05,2025-11-05,BEL,Belgium,ASF,0.49,verified,unusual_mortality,media,synthetic
BEACON-0008873,2025-11-08,2025-11-09,ITA,Italy,ASF,0.612,unverified,syndromic,media,synthetic
BEACON-0008874,2025-11-03,2025-11-03,ITA,Italy,ASF,0.593,unverified,syndromic,field,synthetic
BEACON-0008875,2025-11-04,2025-11-06,ESP,Spain,ASF,0.47,unverified,unusual_mortality,media;official,synthetic
BEACON-0008876,2025-11-07,2025-11-07,HUN,Hungary,ASF,0.682,unverified,media_cluster,media,synthetic
BEACON-0008877,2025-11-04,2025-11-05,ROU,Romania,ASF,0.541,unverified,unusual_mortality,media,synthetic
BEACON-0008878,2025-11-07,2025-11-07,ROU,Romania,ASF,0.676,unverified,media_cluster,media,synthetic
BEACON-0008879,2025-11-08,2025-11-10,ROU,Romania,ASF,0.406,unverified,unusual_mortality,media,synthetic
BEACON-0008880,2025-11-06,2025-11-06,BGR,Bulgaria,ASF,0.722,unverified,media_cluster,media,synthetic
BEACON-0008881,2025-11-08,2025-11-10,BGR,Bulgaria,ASF,0.392,unverified,media_cluster,media,synthetic
BEACON-0008882,2025-11-08,2025-11-09,SRB,Serbia,ASF,0.661,unverified,unusual_mortality,official,synthetic
BEACON-0008883,2025-11-08,2025-11-10,MDA,Moldova,ASF,0.56,unverified,unusual_mortality,field,synthetic
BEACON-0008884,2025-11-06,2025-11-06,MDA,Moldova,ASF,0.463,unverified,syndromic,media;official,synthetic
BEACON-0008885,2025-11-06,2025-11-08,RUS,Russian Federation,ASF,0.345,unverified,media_cluster,media,synthetic
BEACON-0008886,2025-11-04,2025-11-06,RUS,Russian Federation,ASF,0.918,verified,trade_alert,media,synthetic
BEACON-0008887,2025-11-03,2025-11-03,RUS,Russian Federation,ASF,0.405,verified,trade_alert,media;official,synthetic
BEACON-0008888,2025-11-05,2025-11-07,TUR,Türkiye,ASF,0.777,verified,media_cluster,media,synthetic
BEACON-0008889,2025-11-08,2025-11-08,GEO,Georgia,ASF,0.613,unverified,media_cluster,media,synthetic
BEACON-0008890,2025-11-06,2025-11-07,GEO,Georgia,ASF,0.528,verified,media_cluster,official,synthetic
BEACON-0008891,2025-11-05,2025-11-06,ISR,Israel,ASF,0.167,unverified,trade_alert,media,synthetic
BEACON-0008892,2025-11-07,2025-11-09,ISR,Israel,ASF,0.606,unverified,syndromic,media,synthetic
BEACON-0008893,2025-11-05,2025-11-06,TUN,Tunisia,ASF,0.784,unverified,syndromic,media;official,synthetic
BEACON-0008894,2025-11-14,2025-11-14,FRA,France,ASF,0.06,verified,media_cluster,media;official,synthetic
BEACON-0008895,2025-11-13,2025-11-13,FRA,France,ASF,0.18,unverified,unusual_mortality,media;official,synthetic
BEACON-0008896,2025-11-13,2025-11-14,NLD,Netherlands,ASF,0.07,verified,media_cluster,field,synthetic
BEACON-0008897,2025-11-11,2025-11-11,BEL,Belgium,ASF,0.206,unverified,unusual_mortality,media,synthetic
BEACON-0008898,2025-11-15,2025-11-17,ITA,Italy,ASF,0.984,verified,unusual_mortality,media,synthetic
BEACON-0008899,2025-11-14,2025-11-16,ITA,Italy,ASF,0.516,unverified,syndromic,media,synthetic
BEACON-0008900,2025-11-15,2025-11-15,BGR,Bulgaria,ASF,0.781,unverified,unusual_mortality,media,synthetic
BEACON-0008901,2025-11-12,2025-11-12,BGR,Bulgaria,ASF,0.471,unverified,media_cluster,media,synthetic
BEACON-0008902,2025-11-11,2025-11-11,BGR,Bulgaria,ASF,0.65,unverified,unusual_mortality,official,synthetic
BEACON-0008903,2025-11-11,2025-11-12,BGR,Bulgaria,ASF,0.362,unverified,trade_alert,media;official,synthetic
BEACON-0008904,2025-11-11,2025-11-13,BGR,Bulgaria,ASF,0.233,verified,unusual_mortality,media,synthetic
BEACON-0008905,2025-11-10,2025-11-11,SRB,Serbia,ASF,0.54,verified,media_cluster,media,synthetic
BEACON-0008906,2025-11-14,2025-11-16,SRB,Serbia,ASF,0.916,unverified,trade_alert,media,synthetic
BEACON-0008907,2025-11-12,2025-11-12,SRB,Serbia,ASF,0.754,verified,unusual_mortality,media;official,synthetic
BEACON-0008908,2025-11-12,2025-11-13,SRB,Serbia,ASF,0.904,unverified,unusual_mortality,media,synthetic
BEACON-0008909,2025-11-10,2025-11-11,RUS,Russian Federation,ASF,0.406,unverified,media_cluster,media,synthetic
BEACON-0008910,2025-11-11,2025-11-13,RUS,Russian Federation,ASF,0.104,verified,media_cluster,media,synthetic
BEACON-0008911,2025-11-15,2025-11-15,TUR,Türkiye,ASF,0.117,verified,unusual_mortality,media,synthetic
BEACON-0008912,2025-11-15,2025-11-17,TUR,Türkiye,ASF,0.981,unverified,syndromic,official,synthetic
BEACON-0008913,2025-11-18,2025-11-18,DEU,Germany,ASF,0.119,unverified,trade_alert,media;official,synthetic
BEACON-0008914,2025-11-22,2025-11-22,NLD,Netherlands,ASF,0.443,verified,unusual_mortality,media,synthetic
BEACON-0008915,2025-11-18,2025-11-20,BEL,Belgium,ASF,0.388,unverified,media_cluster,official,synthetic
BEACON-0008916,2025-11-21,2025-11-22,BEL,Belgium,ASF,0.111,unverified,unusual_mortality,official,synthetic
BEACON-0008917,2025-11-19,2025-11-19,ITA,Italy,ASF,0.832,unverified,syndromic,media,synthetic
BEACON-0008918,2025-11-21,2025-11-23,ESP,Spain,ASF,0.433,verified,media_cluster,media;official,synthetic
BEACON-0008919,2025-11-19,2025-11-20,POL,Poland,ASF,0.52,unverified,media_cluster,media;official,synthetic
BEACON-0008920,2025-11-17,2025-11-17,HUN,Hungary,ASF,0.463,verified,unusual_mortality,media,synthetic
BEACON-0008921,2025-11-20,2025-11-20,HUN,Hungary,ASF,0.431,verified,trade_alert,media,synthetic
BEACON-0008922,2025-11-21,2025-11-23,HUN,Hungary,ASF,0.344,unverified,unusual_mortality,media,synthetic
BEACON-0008923,2025-11-22,2025-11-23,ROU,Romania,ASF,0.3,unverified,media_cluster,media;official,synthetic
BEACON-0008924,2025-11-17,2025-11-18,ROU,Romania,ASF,0.204,verified,media_cluster,media,synthetic
BEACON-0008925,2025-11-20,2025-11-22,BGR,Bulgaria,ASF,0.339,verified,media_cluster,media;official,synthetic
BEACON-0008926,2025-11-22,2025-11-23,SRB,Serbia,ASF,0.132,verified,trade_alert,official,synthetic
BEACON-0008927,2025-11-19,2025-11-20,UKR,Ukraine,ASF,0.3,verified,trade_alert,media;official,synthetic
BEACON-0008928,2025-11-17,2025-11-18,UKR,Ukraine,ASF,0.771,unverified,trade_alert,official,synthetic
BEACON-0008929,2025-11-21,2025-11-23,TUR,Türkiye,ASF,0.71,unverified,unusual_mortality,official,synthetic
BEACON-0008930,2025-11-18,2025-11-18,TUN,Tunisia,ASF,0.48,unverified,syndromic,official,synthetic
BEACON-0008931,2025-11-22,2025-11-22,MAR,Morocco,ASF,0.561,unverified,media_cluster,official,synthetic
BEACON-0008932,2025-11-24,2025-11-26,NLD,Netherlands,ASF,0.424,verified,unusual_mortality,official,synthetic
BEACON-0008933,2025-11-29,2025-11-30,ESP,Spain,ASF,0.165,verified,syndromic,media;official,synthetic
BEACON-0008934,2025-11-25,2025-11-25,POL,Poland,ASF,0.14,unverified,media_cluster,field,synthetic
BEACON-0008935,2025-11-29,2025-12-01,POL,Poland,ASF,0.176,verified,trade_alert,media;official,synthetic
BEACON-0008936,2025-11-25,2025-11-27,MDA,Moldova,ASF,0.423,unverified,trade_alert,media,synthetic
BEACON-0008937,2025-11-28,2025-11-29,TUR,Türkiye,ASF,0.384,verified,unusual_mortality,media,synthetic
BEACON-0008938,2025-11-24,2025-11-25,TUR,Türkiye,ASF,0.631,verified,media_cluster,media;official,synthetic
BEACON-0008939,2025-11-26,2025-11-28,TUR,Türkiye,ASF,0.544,unverified,unusual_mortality,media,synthetic
BEACON-0008940,2025-11-27,2025-11-29,GEO,Georgia,ASF,0.184,unverified,media_cluster,media,synthetic
BEACON-0008941,2025-11-27,2025-11-28,ISR,Israel,ASF,0.458,verified,unusual_mortality,media,synthetic
BEACON-0008942,2025-12-01,2025-12-02,DEU,Germany,ASF,0.545,verified,media_cluster,media,synthetic
BEACON-0008943,2025-12-01,2025-12-03,BEL,Belgium,ASF,0.537,verified,media_cluster,media,synthetic
BEACON-0008944,2025-12-05,2025-12-07,ITA,Italy,ASF,0.146,unverified,unusual_mortality,media,synthetic
BEACON-0008945,2025-12-06,2025-12-08,ITA,Italy,ASF,0.313,unverified,unusual_mortality,media;official,synthetic
BEACON-0008946,2025-12-01,2025-12-01,POL,Poland,ASF,0.395,unverified,media_cluster,media,synthetic
BEACON-0008947,2025-12-05,2025-12-05,POL,Poland,ASF,0.656,verified,media_cluster,field,synthetic
BEACON-0008948,2025-12-01,2025-12-03,SRB,Serbia,ASF,0.171,unverified,trade_alert,field,synthetic
BEACON-0008949,2025-12-01,2025-12-01,MDA,Moldova,ASF,0.334,verified,media_cluster,media,synthetic
BEACON-0008950,2025-12-04,2025-12-04,RUS,Russian Federation,ASF,0.781,verified,unusual_mortality,media,synthetic
BEACON-0008951,2025-12-03,2025-12-05,GEO,Georgia,ASF,0.642,verified,media_cluster,field,synthetic
BEACON-0008952,2025-12-06,2025-12-08,ISR,Israel,ASF,0.199,unverified,syndromic,media;official,synthetic
BEACON-0008953,2025-12-06,2025-12-08,EGY,Egypt,ASF,0.403,verified,media_cluster,field,synthetic
BEACON-0008954,2025-12-03,2025-12-04,EGY,Egypt,ASF,0.521,verified,media_cluster,media,synthetic
BEACON-0008955,2025-12-13,2025-12-14,FRA,France,ASF,0.489,verified,media_cluster,media,synthetic
BEACON-0008956,2025-12-12,2025-12-13,ESP,Spain,ASF,0.332,unverified,media_cluster,media,synthetic
BEACON-0008957,2025-12-13,2025-12-13,POL,Poland,ASF,0.175,unverified,trade_alert,media;official,synthetic
BEACON-0008958,2025-12-11,2025-12-11,HUN,Hungary,ASF,0.45,unverified,media_cluster,media,synthetic
BEACON-0008959,2025-12-08,2025-12-10,HUN,Hungary,ASF,0.672,verified,media_cluster,media,synthetic
BEACON-0008960,2025-12-08,2025-12-10,SRB,Serbia,ASF,0.475,unverified,media_cluster,media,synthetic
BEACON-0008961,2025-12-12,2025-12-14,MDA,Moldova,ASF,0.487,verified,unusual_mortality,official,synthetic
BEACON-0008962,2025-12-10,2025-12-11,RUS,Russian Federation,ASF,0.131,unverified,media_cluster,media,synthetic
BEACON-0008963,2025-12-10,2025-12-11,TUR,Türkiye,ASF,0.131,unverified,trade_alert,media,synthetic
BEACON-0008964,2025-12-12,2025-12-12,EGY,Egypt,ASF,0.538,verified,syndromic,official,synthetic
BEACON-0008965,2025-12-10,2025-12-10,EGY,Egypt,ASF,0.124,unverified,unusual_mortality,media,synthetic
BEACON-0008966,2025-12-13,2025-12-14,EGY,Egypt,ASF,0.502,verified,unusual_mortality,media,synthetic
BEACON-0008967,2025-12-13,2025-12-14,TUN,Tunisia,ASF,0.135,unverified,media_cluster,media,synthetic
BEACON-0008968,2025-12-16,2025-12-17,FRA,France,ASF,0.116,verified,trade_alert,official,synthetic
BEACON-0008969,2025-12-20,2025-12-21,FRA,France,ASF,0.281,verified,unusual_mortality,media,synthetic
BEACON-0008970,2025-12-19,2025-12-19,NLD,Netherlands,ASF,0.383,unverified,syndromic,media,synthetic
BEACON-0008971,2025-12-20,2025-12-20,BEL,Belgium,ASF,0.104,unverified,media_cluster,media,synthetic
BEACON-0008972,2025-12-18,2025-12-18,ROU,Romania,ASF,0.091,unverified,media_cluster,media,synthetic
BEACON-0008973,2025-12-16,2025-12-18,SRB,Serbia,ASF,0.317,verified,unusual_mortality,media,synthetic
BEACON-0008974,2025-12-20,2025-12-21,UKR,Ukraine,ASF,0.475,verified,media_cluster,media,synthetic
BEACON-0008975,2025-12-16,2025-12-18,RUS,Russian Federation,ASF,0.524,verified,unusual_mortality,media,synthetic
BEACON-0008976,2025-12-18,2025-12-20,RUS,Russian Federation,ASF,0.253,unverified,media_cluster,media,synthetic
BEACON-0008977,2025-12-15,2025-12-15,RUS,Russian Federation,ASF,0.174,verified,media_cluster,official,synthetic
BEACON-0008978,2025-12-19,2025-12-19,TUR,Türkiye,ASF,0.325,unverified,media_cluster,official,synthetic
BEACON-0008979,2025-12-19,2025-12-21,ISR,Israel,ASF,0.568,unverified,media_cluster,media,synthetic
BEACON-0008980,2025-12-18,2025-12-20,TUN,Tunisia,ASF,0.487,unverified,syndromic,media,synthetic
BEACON-0008981,2025-12-25,2025-12-27,NLD,Netherlands,ASF,0.598,verified,unusual_mortality,official,synthetic
BEACON-0008982,2025-12-27,2025-12-28,HUN,Hungary,ASF,0.647,verified,media_cluster,official,synthetic
BEACON-0008983,2025-12-26,2025-12-27,GEO,Georgia,ASF,0.251,unverified,unusual_mortality,media;official,synthetic
BEACON-0008984,2025-12-27,2025-12-28,MAR,Morocco,ASF,0.101,verified,media_cluster,media,synthetic
BEACON-0008985,2025-12-23,2025-12-23,MAR,Morocco,ASF,0.677,unverified,media_cluster,media,synthetic
BEACON-0008987,2025-12-29,2025-12-29,ROU,Romania,ASF,0.138,verified,media_cluster,media,synthetic
