item_id,board,first_seen_date,iso3,country,disease_code,n_articles_in_cluster,relevance,triage_state,data_realism
EIOS-MOCK-000001,Animal Health,2020-01-08,BEL,Belgium,HPAI,4,0.448,under_review,mock
EIOS-MOCK-000002,Animal Health,2020-01-10,UKR,Ukraine,HPAI,2,0.301,new,mock
EIOS-MOCK-000003,Animal Health,2020-01-09,RUS,Russian Federation,HPAI,3,0.735,new,mock
EIOS-MOCK-000004,Animal Health,2020-01-10,TUR,Türkiye,HPAI,5,0.252,new,mock
EIOS-MOCK-000005,Animal Health,2020-01-10,EGY,Egypt,HPAI,3,0.539,new,mock
EIOS-MOCK-000006,Animal Health,2020-01-09,TUN,Tunisia,HPAI,4,0.527,new,mock
EIOS-MOCK-000007,Animal Health,2020-01-08,MAR,Morocco,HPAI,5,0.673,new,mock
EIOS-MOCK-000008,Animal Health,2020-01-19,FRA,France,HPAI,5,0.125,under_review,mock
EIOS-MOCK-000009,Animal Health,2020-01-15,MDA,Moldova,HPAI,4,0.04,new,mock
EIOS-MOCK-000010,Animal Health,2020-01-18,GEO,Georgia,HPAI,2,0.744,new,mock
EIOS-MOCK-000011,Animal Health,2020-01-26,NLD,Netherlands,HPAI,2,0.905,dismissed,mock
EIOS-MOCK-000012,Animal Health,2020-01-23,BEL,Belgium,HPAI,2,0.532,new,mock
EIOS-MOCK-000013,Animal Health,2020-01-21,HUN,Hungary,HPAI,1,0.254,under_review,mock
EIOS-MOCK-000014,Animal Health,2020-01-22,ROU,Romania,HPAI,2,0.531,dismissed,mock
EIOS-MOCK-000015,Animal Health,2020-01-24,GEO,Georgia,HPAI,6,0.428,dismissed,mock
EIOS-MOCK-000016,Animal Health,2020-02-03,UKR,Ukraine,HPAI,6,0.301,dismissed,mock
EIOS-MOCK-000017,Animal Health,2020-02-04,TUR,Türkiye,HPAI,2,0.611,dismissed,mock
EIOS-MOCK-000018,Animal Health,2020-02-05,ISR,Israel,HPAI,5,0.675,dismissed,mock
EIOS-MOCK-000019,Animal Health,2020-02-09,MAR,Morocco,HPAI,3,0.212,dismissed,mock
EIOS-MOCK-000020,Animal Health,2020-02-17,ROU,Romania,HPAI,5,0.421,new,mock
EIOS-MOCK-000021,Animal Health,2020-02-18,MDA,Moldova,HPAI,4,0.452,under_review,mock
EIOS-MOCK-000022,Animal Health,2020-02-18,RUS,Russian Federation,HPAI,3,0.671,new,mock
EIOS-MOCK-000023,Animal Health,2020-02-21,TUR,Türkiye,HPAI,2,0.27,new,mock
EIOS-MOCK-000024,Animal Health,2020-02-27,DEU,Germany,HPAI,4,0.906,new,mock
EIOS-MOCK-000025,Animal Health,2020-02-26,UKR,Ukraine,HPAI,3,0.383,new,mock
EIOS-MOCK-000026,Animal Health,2020-02-29,ISR,Israel,HPAI,3,0.619,new,mock
EIOS-MOCK-000027,Animal Health,2020-03-07,ISR,Israel,HPAI,5,0.538,under_review,mock
EIOS-MOCK-000028,Animal Health,2020-03-11,ITA,Italy,HPAI,2,0.621,new,mock
EIOS-MOCK-000029,Animal Health,2020-03-09,HUN,Hungary,HPAI,4,0.508,new,mock
EIOS-MOCK-000030,Animal Health,2020-03-09,RUS,Russian Federation,HPAI,5,0.081,under_review,mock
EIOS-MOCK-000031,Animal Health,2020-03-22,DEU,Germany,HPAI,3,0.827,new,mock
EIOS-MOCK-000032,Animal Health,2020-03-21,MDA,Moldova,HPAI,3,0.482,new,mock
EIOS-MOCK-000033,Animal Health,2020-03-16,RUS,Russian Federation,HPAI,9,0.637,dismissed,mock
EIOS-MOCK-000034,Animal Health,2020-03-23,ITA,Italy,HPAI,4,0.882,new,mock
EIOS-MOCK-000035,Animal Health,2020-03-28,TUR,Türkiye,HPAI,2,0.613,new,mock
EIOS-MOCK-000036,Animal Health,2020-04-05,HUN,Hungary,HPAI,2,0.123,dismissed,mock
EIOS-MOCK-000037,Animal Health,2020-04-01,ROU,Romania,HPAI,1,0.318,dismissed,mock
EIOS-MOCK-000038,Animal Health,2020-04-04,SRB,Serbia,HPAI,2,0.48,new,mock
EIOS-MOCK-000039,Animal Health,2020-04-04,TUN,Tunisia,HPAI,4,0.494,dismissed,mock
EIOS-MOCK-000040,Animal Health,2020-04-05,MAR,Morocco,HPAI,4,0.521,dismissed,mock
EIOS-MOCK-000041,Animal Health,2020-04-09,ITA,Italy,HPAI,3,0.72,new,mock
EIOS-MOCK-000042,Animal Health,2020-04-08,POL,Poland,HPAI,3,0.561,new,mock
EIOS-MOCK-000043,Animal Health,2020-04-09,TUR,Türkiye,HPAI,1,0.061,new,mock
EIOS-MOCK-000044,Animal Health,2020-04-06,EGY,Egypt,HPAI,3,0.585,new,mock
EIOS-MOCK-000045,Animal Health,2020-04-17,SRB,Serbia,HPAI,1,0.286,dismissed,mock
EIOS-MOCK-000046,Animal Health,2020-04-13,MDA,Moldova,HPAI,4,0.707,under_review,mock
EIOS-MOCK-000047,Animal Health,2020-04-23,BEL,Belgium,HPAI,2,0.534,new,mock
EIOS-MOCK-000048,Animal Health,2020-04-26,ITA,Italy,HPAI,6,0.488,under_review,mock
EIOS-MOCK-000049,Animal Health,2020-04-26,POL,Poland,HPAI,3,0.182,under_review,mock
EIOS-MOCK-000050,Animal Health,2020-04-24,EGY,Egypt,HPAI,4,0.358,new,mock
EIOS-MOCK-000051,Animal Health,2020-04-28,DEU,Germany,HPAI,1,0.536,dismissed,mock
EIOS-MOCK-000052,Animal Health,2020-04-28,ESP,Spain,HPAI,3,0.155,dismissed,mock
EIOS-MOCK-000053,Animal Health,2020-04-30,ISR,Israel,HPAI,3,0.565,new,mock
EIOS-MOCK-000054,Animal Health,2020-05-09,BGR,Bulgaria,HPAI,3,0.666,new,mock
EIOS-MOCK-000055,Animal Health,2020-05-05,GEO,Georgia,HPAI,3,0.888,under_review,mock
EIOS-MOCK-000056,Animal Health,2020-05-14,ITA,Italy,HPAI,2,0.633,under_review,mock
EIOS-MOCK-000057,Animal Health,2020-05-13,HUN,Hungary,HPAI,3,0.649,new,mock
EIOS-MOCK-000058,Animal Health,2020-05-16,SRB,Serbia,HPAI,2,0.655,new,mock
EIOS-MOCK-000059,Animal Health,2020-05-13,TUR,Türkiye,HPAI,3,0.46,under_review,mock
EIOS-MOCK-000060,Animal Health,2020-05-15,EGY,Egypt,HPAI,3,0.555,under_review,mock
EIOS-MOCK-000061,Animal Health,2020-05-16,TUN,Tunisia,HPAI,5,0.519,under_review,mock
EIOS-MOCK-000062,Animal Health,2020-05-22,FRA,France,HPAI,3,0.243,dismissed,mock
EIOS-MOCK-000063,Animal Health,2020-05-28,TUR,Türkiye,HPAI,3,0.099,under_review,mock
EIOS-MOCK-000064,Animal Health,2020-05-25,MAR,Morocco,HPAI,5,0.378,under_review,mock
EIOS-MOCK-000065,Animal Health,2020-06-02,TUR,Türkiye,HPAI,5,0.589,dismissed,mock
EIOS-MOCK-000066,Animal Health,2020-06-03,ISR,Israel,HPAI,2,0.584,new,mock
EIOS-MOCK-000067,Animal Health,2020-06-05,TUN,Tunisia,HPAI,6,0.3,under_review,mock
EIOS-MOCK-000068,Animal Health,2020-06-13,ROU,Romania,HPAI,2,0.6,under_review,mock
EIOS-MOCK-000069,Animal Health,2020-06-13,RUS,Russian Federation,HPAI,6,0.34,new,mock
EIOS-MOCK-000070,Animal Health,2020-06-14,TUN,Tunisia,HPAI,4,0.49,under_review,mock
EIOS-MOCK-000071,Animal Health,2020-06-16,SRB,Serbia,HPAI,6,0.566,new,mock
EIOS-MOCK-000072,Animal Health,2020-06-21,UKR,Ukraine,HPAI,5,0.6,new,mock
EIOS-MOCK-000073,Animal Health,2020-06-20,TUN,Tunisia,HPAI,2,0.751,new,mock
EIOS-MOCK-000074,Animal Health,2020-06-23,HUN,Hungary,HPAI,4,0.339,new,mock
EIOS-MOCK-000075,Animal Health,2020-06-22,RUS,Russian Federation,HPAI,4,0.73,new,mock
EIOS-MOCK-000076,Animal Health,2020-07-05,NLD,Netherlands,HPAI,3,0.515,new,mock
EIOS-MOCK-000077,Animal Health,2020-06-30,BEL,Belgium,HPAI,3,0.565,under_review,mock
EIOS-MOCK-000078,Animal Health,2020-06-29,ESP,Spain,HPAI,7,0.318,under_review,mock
EIOS-MOCK-000079,Animal Health,2020-07-04,HUN,Hungary,HPAI,2,0.775,new,mock
EIOS-MOCK-000080,Animal Health,2020-07-02,MAR,Morocco,HPAI,4,0.219,new,mock
EIOS-MOCK-000081,Animal Health,2020-07-10,HUN,Hungary,HPAI,5,0.083,new,mock
EIOS-MOCK-000082,Animal Health,2020-07-07,SRB,Serbia,HPAI,4,0.596,new,mock
EIOS-MOCK-000083,Animal Health,2020-07-18,DEU,Germany,HPAI,5,0.338,new,mock
EIOS-MOCK-000084,Animal Health,2020-07-13,ESP,Spain,HPAI,4,0.942,under_review,mock
EIOS-MOCK-000085,Animal Health,2020-07-17,POL,Poland,HPAI,5,0.578,under_review,mock
EIOS-MOCK-000086,Animal Health,2020-07-26,FRA,France,HPAI,3,0.675,dismissed,mock
EIOS-MOCK-000087,Animal Health,2020-07-26,ESP,Spain,HPAI,3,0.341,dismissed,mock
EIOS-MOCK-000088,Animal Health,2020-07-21,BGR,Bulgaria,HPAI,5,0.602,new,mock
EIOS-MOCK-000089,Animal Health,2020-08-02,BEL,Belgium,HPAI,5,0.272,new,mock
EIOS-MOCK-000090,Animal Health,2020-07-27,ITA,Italy,HPAI,3,0.398,new,mock
EIOS-MOCK-000091,Animal Health,2020-07-31,ESP,Spain,HPAI,6,0.812,dismissed,mock
EIOS-MOCK-000092,Animal Health,2020-08-01,SRB,Serbia,HPAI,5,0.548,dismissed,mock
EIOS-MOCK-000093,Animal Health,2020-08-09,BEL,Belgium,HPAI,3,0.675,under_review,mock
EIOS-MOCK-000094,Animal Health,2020-08-09,ITA,Italy,HPAI,5,0.393,new,mock
EIOS-MOCK-000095,Animal Health,2020-08-09,ESP,Spain,HPAI,4,0.707,dismissed,mock
EIOS-MOCK-000096,Animal Health,2020-08-03,SRB,Serbia,HPAI,2,0.448,under_review,mock
EIOS-MOCK-000097,Animal Health,2020-08-05,TUN,Tunisia,HPAI,7,0.662,dismissed,mock
EIOS-MOCK-000098,Animal Health,2020-08-03,MAR,Morocco,HPAI,2,0.655,under_review,mock
EIOS-MOCK-000099,Animal Health,2020-08-16,NLD,Netherlands,HPAI,2,0.628,new,mock
EIOS-MOCK-000100,Animal Health,2020-08-10,ITA,Italy,HPAI,5,0.607,new,mock
EIOS-MOCK-000101,Animal Health,2020-08-13,BGR,Bulgaria,HPAI,3,0.889,under_review,mock
EIOS-MOCK-000102,Animal Health,2020-08-20,NLD,Netherlands,HPAI,2,0.483,new,mock
EIOS-MOCK-000103,Animal Health,2020-08-18,BEL,Belgium,HPAI,5,0.661,under_review,mock
EIOS-MOCK-000104,Animal Health,2020-08-19,BGR,Bulgaria,HPAI,3,0.385,dismissed,mock
EIOS-MOCK-000105,Animal Health,2020-08-17,SRB,Serbia,HPAI,2,0.241,dismissed,mock
EIOS-MOCK-000106,Animal Health,2020-08-17,EGY,Egypt,HPAI,2,0.35,dismissed,mock
EIOS-MOCK-000107,Animal Health,2020-08-24,MDA,Moldova,HPAI,2,0.305,dismissed,mock
EIOS-MOCK-000108,Animal Health,2020-08-29,RUS,Russian Federation,HPAI,5,0.383,under_review,mock
EIOS-MOCK-000109,Animal Health,2020-08-24,TUN,Tunisia,HPAI,3,0.221,new,mock
EIOS-MOCK-000110,Animal Health,2020-09-01,NLD,Netherlands,HPAI,2,0.526,new,mock
EIOS-MOCK-000111,Animal Health,2020-09-04,POL,Poland,HPAI,2,0.229,under_review,mock
EIOS-MOCK-000112,Animal Health,2020-09-02,HUN,Hungary,HPAI,3,0.232,dismissed,mock
EIOS-MOCK-000113,Animal Health,2020-09-06,MAR,Morocco,HPAI,3,0.429,under_review,mock
EIOS-MOCK-000114,Animal Health,2020-09-08,FRA,France,HPAI,3,0.594,new,mock
EIOS-MOCK-000115,Animal Health,2020-09-10,DEU,Germany,HPAI,2,0.164,new,mock
EIOS-MOCK-000116,Animal Health,2020-09-09,BEL,Belgium,HPAI,3,0.19,new,mock
EIOS-MOCK-000117,Animal Health,2020-09-08,ESP,Spain,HPAI,6,0.883,new,mock
EIOS-MOCK-000118,Animal Health,2020-09-08,RUS,Russian Federation,HPAI,2,0.479,dismissed,mock
EIOS-MOCK-000119,Animal Health,2020-09-17,ESP,Spain,HPAI,1,0.828,under_review,mock
EIOS-MOCK-000120,Animal Health,2020-09-20,POL,Poland,HPAI,7,0.549,new,mock
EIOS-MOCK-000121,Animal Health,2020-09-21,ESP,Spain,HPAI,3,0.811,under_review,mock
EIOS-MOCK-000122,Animal Health,2020-09-27,RUS,Russian Federation,HPAI,5,0.657,dismissed,mock
EIOS-MOCK-000123,Animal Health,2020-09-21,EGY,Egypt,HPAI,2,0.371,under_review,mock
EIOS-MOCK-000124,Animal Health,2020-09-28,ESP,Spain,HPAI,1,0.747,new,mock
EIOS-MOCK-000125,Animal Health,2020-10-01,TUR,Türkiye,HPAI,2,0.37,new,mock
EIOS-MOCK-000126,Animal Health,2020-10-10,POL,Poland,HPAI,3,0.434,dismissed,mock
EIOS-MOCK-000127,Animal Health,2020-10-08,RUS,Russian Federation,HPAI,3,0.674,dismissed,mock
EIOS-MOCK-000128,Animal Health,2020-10-15,FRA,France,HPAI,5,0.507,new,mock
EIOS-MOCK-000129,Animal Health,2020-10-13,POL,Poland,HPAI,5,0.526,under_review,mock
EIOS-MOCK-000130,Animal Health,2020-10-17,EGY,Egypt,HPAI,3,0.919,new,mock
EIOS-MOCK-000131,Animal Health,2020-10-13,TUN,Tunisia,HPAI,3,0.626,new,mock
EIOS-MOCK-000132,Animal Health,2020-10-25,FRA,France,HPAI,4,0.768,new,mock
EIOS-MOCK-000133,Animal Health,2020-10-19,NLD,Netherlands,HPAI,3,0.356,new,mock
EIOS-MOCK-000134,Animal Health,2020-10-22,ITA,Italy,HPAI,1,0.772,dismissed,mock
EIOS-MOCK-000135,Animal Health,2020-10-24,UKR,Ukraine,HPAI,4,0.22,new,mock
EIOS-MOCK-000136,Animal Health,2020-10-23,EGY,Egypt,HPAI,6,0.356,new,mock
EIOS-MOCK-000137,Animal Health,2020-11-02,FRA,France,HPAI,5,0.197,dismissed,mock
EIOS-MOCK-000138,Animal Health,2020-11-03,ESP,Spain,HPAI,6,0.393,dismissed,mock
EIOS-MOCK-000139,Animal Health,2020-11-06,EGY,Egypt,HPAI,2,0.721,new,mock
EIOS-MOCK-000140,Animal Health,2020-11-02,TUN,Tunisia,HPAI,7,0.891,new,mock
EIOS-MOCK-000141,Animal Health,2020-11-10,DEU,Germany,HPAI,2,0.464,new,mock
EIOS-MOCK-000142,Animal Health,2020-11-21,ITA,Italy,HPAI,4,0.481,new,mock
EIOS-MOCK-000143,Animal Health,2020-11-21,POL,Poland,HPAI,3,0.243,under_review,mock
EIOS-MOCK-000144,Animal Health,2020-11-27,BEL,Belgium,HPAI,1,0.648,new,mock
EIOS-MOCK-000145,Animal Health,2020-11-23,MDA,Moldova,HPAI,3,0.288,under_review,mock
EIOS-MOCK-000146,Animal Health,2020-12-03,FRA,France,HPAI,5,0.264,new,mock
EIOS-MOCK-000147,Animal Health,2020-12-04,POL,Poland,HPAI,4,0.42,new,mock
EIOS-MOCK-000148,Animal Health,2020-12-01,ROU,Romania,HPAI,4,0.626,dismissed,mock
EIOS-MOCK-000149,Animal Health,2020-12-04,TUR,Türkiye,HPAI,3,0.831,under_review,mock
EIOS-MOCK-000150,Animal Health,2020-12-06,EGY,Egypt,HPAI,4,0.244,under_review,mock
EIOS-MOCK-000151,Animal Health,2020-12-10,UKR,Ukraine,HPAI,6,0.813,new,mock
EIOS-MOCK-000152,Animal Health,2020-12-19,FRA,France,HPAI,4,0.302,dismissed,mock
EIOS-MOCK-000153,Animal Health,2020-12-15,ESP,Spain,HPAI,2,0.859,under_review,mock
EIOS-MOCK-000154,Animal Health,2020-12-15,HUN,Hungary,HPAI,4,0.659,dismissed,mock
EIOS-MOCK-000155,Animal Health,2020-12-16,BGR,Bulgaria,HPAI,1,0.203,new,mock
EIOS-MOCK-000156,Animal Health,2020-12-15,SRB,Serbia,HPAI,4,0.248,new,mock
EIOS-MOCK-000157,Animal Health,2020-12-14,MDA,Moldova,HPAI,5,0.445,under_review,mock
EIOS-MOCK-000158,Animal Health,2020-12-19,RUS,Russian Federation,HPAI,2,0.502,new,mock
EIOS-MOCK-000159,Animal Health,2020-12-18,TUR,Türkiye,HPAI,2,0.543,dismissed,mock
EIOS-MOCK-000160,Animal Health,2020-12-25,DEU,Germany,HPAI,1,0.807,new,mock
EIOS-MOCK-000161,Animal Health,2020-12-23,NLD,Netherlands,HPAI,4,0.455,under_review,mock
EIOS-MOCK-000162,Animal Health,2020-12-26,BGR,Bulgaria,HPAI,4,0.734,under_review,mock
EIOS-MOCK-000163,Animal Health,2020-12-27,SRB,Serbia,HPAI,2,0.182,new,mock
EIOS-MOCK-000164,Animal Health,2020-12-27,GEO,Georgia,HPAI,2,0.328,new,mock
EIOS-MOCK-000165,Animal Health,2020-12-27,TUN,Tunisia,HPAI,1,0.172,new,mock
EIOS-MOCK-000166,Animal Health,2020-12-29,ESP,Spain,HPAI,6,0.4,under_review,mock
EIOS-MOCK-000167,Animal Health,2020-12-31,HUN,Hungary,HPAI,4,0.86,under_review,mock
EIOS-MOCK-000168,Animal Health,2021-01-01,BGR,Bulgaria,HPAI,9,0.732,new,mock
EIOS-MOCK-000169,Animal Health,2021-01-06,NLD,Netherlands,HPAI,3,0.621,new,mock
EIOS-MOCK-000170,Animal Health,2021-01-16,FRA,France,HPAI,5,0.256,under_review,mock
EIOS-MOCK-000171,Animal Health,2021-01-13,NLD,Netherlands,HPAI,4,0.898,new,mock
EIOS-MOCK-000172,Animal Health,2021-01-14,ITA,Italy,HPAI,3,0.167,new,mock
EIOS-MOCK-000173,Animal Health,2021-01-13,POL,Poland,HPAI,2,0.213,dismissed,mock
EIOS-MOCK-000174,Animal Health,2021-01-12,BGR,Bulgaria,HPAI,3,0.388,under_review,mock
EIOS-MOCK-000175,Animal Health,2021-01-22,DEU,Germany,HPAI,3,0.57,under_review,mock
EIOS-MOCK-000176,Animal Health,2021-01-24,BEL,Belgium,HPAI,4,0.463,new,mock
EIOS-MOCK-000177,Animal Health,2021-01-22,ESP,Spain,HPAI,1,0.564,dismissed,mock
EIOS-MOCK-000178,Animal Health,2021-01-23,BGR,Bulgaria,HPAI,5,0.692,new,mock
EIOS-MOCK-000179,Animal Health,2021-01-25,DEU,Germany,HPAI,5,0.14,under_review,mock
EIOS-MOCK-000180,Animal Health,2021-01-26,NLD,Netherlands,HPAI,1,0.546,new,mock
EIOS-MOCK-000181,Animal Health,2021-01-29,ITA,Italy,HPAI,2,0.525,under_review,mock
EIOS-MOCK-000182,Animal Health,2021-01-29,ISR,Israel,HPAI,4,0.541,under_review,mock
EIOS-MOCK-000183,Animal Health,2021-02-06,DEU,Germany,HPAI,4,0.143,dismissed,mock
EIOS-MOCK-000184,Animal Health,2021-02-06,ROU,Romania,HPAI,3,0.774,dismissed,mock
EIOS-MOCK-000185,Animal Health,2021-02-03,TUR,Türkiye,HPAI,3,0.41,dismissed,mock
EIOS-MOCK-000186,Animal Health,2021-02-04,GEO,Georgia,HPAI,3,0.839,new,mock
EIOS-MOCK-000187,Animal Health,2021-02-06,MAR,Morocco,HPAI,3,0.445,under_review,mock
EIOS-MOCK-000188,Animal Health,2021-02-08,ESP,Spain,HPAI,3,0.694,dismissed,mock
EIOS-MOCK-000189,Animal Health,2021-02-14,TUR,Türkiye,HPAI,3,0.519,under_review,mock
EIOS-MOCK-000190,Animal Health,2021-02-20,GEO,Georgia,HPAI,4,0.544,new,mock
EIOS-MOCK-000191,Animal Health,2021-02-27,FRA,France,HPAI,2,0.359,under_review,mock
EIOS-MOCK-000192,Animal Health,2021-03-04,ITA,Italy,HPAI,2,0.771,under_review,mock
EIOS-MOCK-000193,Animal Health,2021-03-07,ESP,Spain,HPAI,5,0.605,new,mock
EIOS-MOCK-000194,Animal Health,2021-03-04,TUR,Türkiye,HPAI,2,0.581,dismissed,mock
EIOS-MOCK-000195,Animal Health,2021-03-12,GEO,Georgia,HPAI,5,0.365,new,mock
EIOS-MOCK-000196,Animal Health,2021-03-10,MAR,Morocco,HPAI,5,0.215,new,mock
EIOS-MOCK-000197,Animal Health,2021-03-15,SRB,Serbia,HPAI,2,0.274,new,mock
EIOS-MOCK-000198,Animal Health,2021-03-15,MAR,Morocco,HPAI,2,0.184,under_review,mock
EIOS-MOCK-000199,Animal Health,2021-03-25,ITA,Italy,HPAI,6,0.364,new,mock
EIOS-MOCK-000200,Animal Health,2021-03-24,HUN,Hungary,HPAI,3,0.599,new,mock
EIOS-MOCK-000201,Animal Health,2021-03-28,MDA,Moldova,HPAI,3,0.528,dismissed,mock
EIOS-MOCK-000202,Animal Health,2021-03-24,TUR,Türkiye,HPAI,5,0.43,new,mock
EIOS-MOCK-000203,Animal Health,2021-03-31,HUN,Hungary,HPAI,4,0.199,under_review,mock
EIOS-MOCK-000204,Animal Health,2021-04-17,DEU,Germany,HPAI,3,0.582,new,mock
EIOS-MOCK-000205,Animal Health,2021-04-14,POL,Poland,HPAI,3,0.566,under_review,mock
EIOS-MOCK-000206,Animal Health,2021-04-12,EGY,Egypt,HPAI,3,0.773,new,mock
EIOS-MOCK-000207,Animal Health,2021-04-23,ESP,Spain,HPAI,3,0.244,dismissed,mock
EIOS-MOCK-000208,Animal Health,2021-04-19,TUR,Türkiye,HPAI,3,0.457,under_review,mock
EIOS-MOCK-000209,Animal Health,2021-05-03,POL,Poland,HPAI,5,0.811,under_review,mock
EIOS-MOCK-000210,Animal Health,2021-05-06,BGR,Bulgaria,HPAI,4,0.314,new,mock
EIOS-MOCK-000211,Animal Health,2021-05-07,SRB,Serbia,HPAI,3,0.512,new,mock
EIOS-MOCK-000212,Animal Health,2021-05-07,ISR,Israel,HPAI,4,0.264,under_review,mock
EIOS-MOCK-000213,Animal Health,2021-05-15,ROU,Romania,HPAI,4,0.17,under_review,mock
EIOS-MOCK-000214,Animal Health,2021-05-16,TUR,Türkiye,HPAI,5,0.682,new,mock
EIOS-MOCK-000215,Animal Health,2021-05-20,POL,Poland,HPAI,5,0.968,under_review,mock
EIOS-MOCK-000216,Animal Health,2021-05-20,ROU,Romania,HPAI,3,0.274,under_review,mock
EIOS-MOCK-000217,Animal Health,2021-05-25,BEL,Belgium,HPAI,2,0.361,new,mock
EIOS-MOCK-000218,Animal Health,2021-05-26,BGR,Bulgaria,HPAI,1,0.365,new,mock
EIOS-MOCK-000219,Animal Health,2021-06-02,NLD,Netherlands,HPAI,4,0.817,new,mock
EIOS-MOCK-000220,Animal Health,2021-05-31,SRB,Serbia,HPAI,6,0.456,under_review,mock
EIOS-MOCK-000221,Animal Health,2021-06-06,GEO,Georgia,HPAI,3,0.319,new,mock
EIOS-MOCK-000222,Animal Health,2021-06-04,TUN,Tunisia,HPAI,3,0.201,under_review,mock
EIOS-MOCK-000223,Animal Health,2021-06-09,TUN,Tunisia,HPAI,5,0.404,new,mock
EIOS-MOCK-000224,Animal Health,2021-06-11,MAR,Morocco,HPAI,5,0.065,new,mock
EIOS-MOCK-000225,Animal Health,2021-06-22,DEU,Germany,HPAI,3,0.471,new,mock
EIOS-MOCK-000226,Animal Health,2021-06-25,ESP,Spain,HPAI,4,0.373,new,mock
EIOS-MOCK-000227,Animal Health,2021-06-25,ROU,Romania,HPAI,3,0.54,new,mock
EIOS-MOCK-000228,Animal Health,2021-06-26,BGR,Bulgaria,HPAI,6,0.467,new,mock
EIOS-MOCK-000229,Animal Health,2021-06-22,RUS,Russian Federation,HPAI,4,0.721,under_review,mock
EIOS-MOCK-000230,Animal Health,2021-06-23,TUR,Türkiye,HPAI,2,0.608,dismissed,mock
EIOS-MOCK-000231,Animal Health,2021-07-02,ROU,Romania,HPAI,4,0.846,under_review,mock
EIOS-MOCK-000232,Animal Health,2021-07-01,MDA,Moldova,HPAI,3,0.738,under_review,mock
EIOS-MOCK-000233,Animal Health,2021-07-05,NLD,Netherlands,HPAI,3,0.446,dismissed,mock
EIOS-MOCK-000234,Animal Health,2021-07-05,ITA,Italy,HPAI,3,0.554,new,mock
EIOS-MOCK-000235,Animal Health,2021-07-07,BGR,Bulgaria,HPAI,3,0.438,dismissed,mock
EIOS-MOCK-000236,Animal Health,2021-07-09,TUN,Tunisia,HPAI,4,0.532,new,mock
EIOS-MOCK-000237,Animal Health,2021-07-12,ROU,Romania,HPAI,2,0.753,under_review,mock
EIOS-MOCK-000238,Animal Health,2021-07-14,EGY,Egypt,HPAI,5,0.319,new,mock
EIOS-MOCK-000239,Animal Health,2021-07-24,BEL,Belgium,HPAI,2,0.326,new,mock
EIOS-MOCK-000240,Animal Health,2021-07-23,POL,Poland,HPAI,2,0.644,new,mock
EIOS-MOCK-000241,Animal Health,2021-07-22,EGY,Egypt,HPAI,6,0.426,new,mock
EIOS-MOCK-000242,Animal Health,2021-07-24,TUN,Tunisia,HPAI,5,0.388,under_review,mock
EIOS-MOCK-000243,Animal Health,2021-07-31,SRB,Serbia,HPAI,6,0.54,new,mock
EIOS-MOCK-000244,Animal Health,2021-07-31,ISR,Israel,HPAI,4,0.305,new,mock
EIOS-MOCK-000245,Animal Health,2021-07-29,EGY,Egypt,HPAI,1,0.523,under_review,mock
EIOS-MOCK-000246,Animal Health,2021-07-30,MAR,Morocco,HPAI,2,0.166,new,mock
EIOS-MOCK-000247,Animal Health,2021-08-05,ROU,Romania,HPAI,1,0.55,under_review,mock
EIOS-MOCK-000248,Animal Health,2021-08-03,SRB,Serbia,HPAI,4,0.124,new,mock
EIOS-MOCK-000249,Animal Health,2021-08-08,UKR,Ukraine,HPAI,4,0.28,new,mock
EIOS-MOCK-000250,Animal Health,2021-08-03,MDA,Moldova,HPAI,3,0.565,under_review,mock
EIOS-MOCK-000251,Animal Health,2021-08-05,ISR,Israel,HPAI,4,0.308,dismissed,mock
EIOS-MOCK-000252,Animal Health,2021-08-06,TUN,Tunisia,HPAI,4,0.309,dismissed,mock
EIOS-MOCK-000253,Animal Health,2021-08-10,DEU,Germany,HPAI,5,0.783,new,mock
EIOS-MOCK-000254,Animal Health,2021-08-12,RUS,Russian Federation,HPAI,1,0.667,under_review,mock
EIOS-MOCK-000255,Animal Health,2021-08-16,FRA,France,HPAI,2,0.72,new,mock
EIOS-MOCK-000256,Animal Health,2021-08-18,UKR,Ukraine,HPAI,3,0.609,new,mock
EIOS-MOCK-000257,Animal Health,2021-08-18,MDA,Moldova,HPAI,5,0.178,new,mock
EIOS-MOCK-000258,Animal Health,2021-08-20,RUS,Russian Federation,HPAI,4,0.319,under_review,mock
EIOS-MOCK-000259,Animal Health,2021-08-18,ISR,Israel,HPAI,3,0.428,new,mock
EIOS-MOCK-000260,Animal Health,2021-08-27,DEU,Germany,HPAI,1,0.609,dismissed,mock
EIOS-MOCK-000261,Animal Health,2021-08-26,ROU,Romania,HPAI,4,0.186,under_review,mock
EIOS-MOCK-000262,Animal Health,2021-08-26,BGR,Bulgaria,HPAI,2,0.445,under_review,mock
EIOS-MOCK-000263,Animal Health,2021-08-27,SRB,Serbia,HPAI,3,0.796,new,mock
EIOS-MOCK-000264,Animal Health,2021-08-29,ISR,Israel,HPAI,7,0.333,dismissed,mock
EIOS-MOCK-000265,Animal Health,2021-08-24,MAR,Morocco,HPAI,1,0.554,under_review,mock
EIOS-MOCK-000266,Animal Health,2021-09-03,FRA,France,HPAI,4,0.633,new,mock
EIOS-MOCK-000267,Animal Health,2021-09-05,DEU,Germany,HPAI,2,0.218,under_review,mock
EIOS-MOCK-000268,Animal Health,2021-09-12,ITA,Italy,HPAI,5,0.444,dismissed,mock
EIOS-MOCK-000269,Animal Health,2021-09-08,POL,Poland,HPAI,2,0.413,dismissed,mock
EIOS-MOCK-000270,Animal Health,2021-09-10,TUR,Türkiye,HPAI,5,0.678,under_review,mock
EIOS-MOCK-000271,Animal Health,2021-09-16,MDA,Moldova,HPAI,5,0.405,new,mock
EIOS-MOCK-000272,Animal Health,2021-09-26,NLD,Netherlands,HPAI,2,0.652,dismissed,mock
EIOS-MOCK-000273,Animal Health,2021-09-26,BGR,Bulgaria,HPAI,3,0.177,under_review,mock
EIOS-MOCK-000274,Animal Health,2021-10-03,GEO,Georgia,HPAI,5,0.496,under_review,mock
EIOS-MOCK-000275,Animal Health,2021-10-02,EGY,Egypt,HPAI,8,0.656,under_review,mock
EIOS-MOCK-000276,Animal Health,2021-10-06,ITA,Italy,HPAI,4,0.854,new,mock
EIOS-MOCK-000277,Animal Health,2021-10-06,TUR,Türkiye,HPAI,3,0.408,dismissed,mock
EIOS-MOCK-000278,Animal Health,2021-10-12,BEL,Belgium,HPAI,2,0.48,new,mock
EIOS-MOCK-000279,Animal Health,2021-10-16,TUN,Tunisia,HPAI,2,0.522,new,mock
EIOS-MOCK-000280,Animal Health,2021-10-20,HUN,Hungary,HPAI,4,0.703,new,mock
EIOS-MOCK-000281,Animal Health,2021-10-24,RUS,Russian Federation,HPAI,1,0.105,dismissed,mock
EIOS-MOCK-000282,Animal Health,2021-10-30,DEU,Germany,HPAI,4,0.179,new,mock
EIOS-MOCK-000283,Animal Health,2021-10-31,ESP,Spain,HPAI,4,0.785,new,mock
EIOS-MOCK-000284,Animal Health,2021-10-31,SRB,Serbia,HPAI,1,0.586,dismissed,mock
EIOS-MOCK-000285,Animal Health,2021-10-27,UKR,Ukraine,HPAI,4,0.279,new,mock
EIOS-MOCK-000286,Animal Health,2021-11-03,FRA,France,HPAI,4,0.669,dismissed,mock
EIOS-MOCK-000287,Animal Health,2021-11-02,DEU,Germany,HPAI,1,0.563,under_review,mock
EIOS-MOCK-000288,Animal Health,2021-11-07,POL,Poland,HPAI,3,0.373,new,mock
EIOS-MOCK-000289,Animal Health,2021-11-07,TUR,Türkiye,HPAI,8,0.766,new,mock
EIOS-MOCK-000290,Animal Health,2021-11-02,ISR,Israel,HPAI,1,0.673,new,mock
EIOS-MOCK-000291,Animal Health,2021-11-04,EGY,Egypt,HPAI,4,0.751,dismissed,mock
EIOS-MOCK-000292,Animal Health,2021-11-01,TUN,Tunisia,HPAI,1,0.374,new,mock
EIOS-MOCK-000293,Animal Health,2021-11-10,HUN,Hungary,HPAI,4,0.275,under_review,mock
EIOS-MOCK-000294,Animal Health,2021-11-13,SRB,Serbia,HPAI,3,0.755,new,mock
EIOS-MOCK-000295,Animal Health,2021-11-08,TUR,Türkiye,HPAI,3,0.548,under_review,mock
EIOS-MOCK-000296,Animal Health,2021-11-12,MAR,Morocco,HPAI,2,0.677,under_review,mock
EIOS-MOCK-000297,Animal Health,2021-11-18,SRB,Serbia,HPAI,4,0.639,new,mock
EIOS-MOCK-000298,Animal Health,2021-11-19,UKR,Ukraine,HPAI,2,0.661,new,mock
EIOS-MOCK-000299,Animal Health,2021-11-16,TUR,Türkiye,HPAI,6,0.47,new,mock
EIOS-MOCK-000300,Animal Health,2021-11-21,GEO,Georgia,HPAI,6,0.715,under_review,mock
EIOS-MOCK-000301,Animal Health,2021-11-28,BEL,Belgium,HPAI,4,0.18,dismissed,mock
EIOS-MOCK-000302,Animal Health,2021-11-28,TUR,Türkiye,HPAI,3,0.743,under_review,mock
EIOS-MOCK-000303,Animal Health,2021-11-24,TUN,Tunisia,HPAI,4,0.161,new,mock
EIOS-MOCK-000304,Animal Health,2021-12-04,RUS,Russian Federation,HPAI,2,0.443,new,mock
EIOS-MOCK-000305,Animal Health,2021-12-12,FRA,France,HPAI,4,0.437,new,mock
EIOS-MOCK-000306,Animal Health,2021-12-07,DEU,Germany,HPAI,3,0.233,under_review,mock
EIOS-MOCK-000307,Animal Health,2021-12-08,ITA,Italy,HPAI,4,0.766,new,mock
EIOS-MOCK-000308,Animal Health,2021-12-14,ITA,Italy,HPAI,1,0.127,new,mock
EIOS-MOCK-000309,Animal Health,2021-12-18,UKR,Ukraine,HPAI,5,0.296,under_review,mock
EIOS-MOCK-000310,Animal Health,2021-12-18,MDA,Moldova,HPAI,3,0.577,new,mock
EIOS-MOCK-000311,Animal Health,2021-12-18,RUS,Russian Federation,HPAI,3,0.486,under_review,mock
EIOS-MOCK-000312,Animal Health,2021-12-19,GEO,Georgia,HPAI,5,0.419,new,mock
EIOS-MOCK-000313,Animal Health,2021-12-21,FRA,France,HPAI,2,0.144,under_review,mock
EIOS-MOCK-000314,Animal Health,2021-12-20,ITA,Italy,HPAI,1,0.306,new,mock
EIOS-MOCK-000315,Animal Health,2021-12-31,BGR,Bulgaria,HPAI,6,0.178,under_review,mock
EIOS-MOCK-000316,Animal Health,2022-01-01,MDA,Moldova,HPAI,4,0.221,new,mock
EIOS-MOCK-000317,Animal Health,2022-01-03,BEL,Belgium,HPAI,7,0.702,new,mock
EIOS-MOCK-000318,Animal Health,2022-01-04,HUN,Hungary,HPAI,5,0.435,under_review,mock
EIOS-MOCK-000319,Animal Health,2022-01-06,ISR,Israel,HPAI,2,0.527,new,mock
EIOS-MOCK-000320,Animal Health,2022-01-10,FRA,France,HPAI,6,0.07,new,mock
EIOS-MOCK-000321,Animal Health,2022-01-13,POL,Poland,HPAI,3,0.215,under_review,mock
EIOS-MOCK-000322,Animal Health,2022-01-23,FRA,France,HPAI,2,0.648,new,mock
EIOS-MOCK-000323,Animal Health,2022-01-17,BEL,Belgium,HPAI,2,0.344,dismissed,mock
EIOS-MOCK-000324,Animal Health,2022-01-19,ESP,Spain,HPAI,4,0.489,new,mock
EIOS-MOCK-000325,Animal Health,2022-01-18,POL,Poland,HPAI,2,0.75,new,mock
EIOS-MOCK-000326,Animal Health,2022-01-18,HUN,Hungary,HPAI,2,0.375,new,mock
EIOS-MOCK-000327,Animal Health,2022-01-18,RUS,Russian Federation,HPAI,2,0.61,dismissed,mock
EIOS-MOCK-000328,Animal Health,2022-01-17,GEO,Georgia,HPAI,5,0.161,new,mock
EIOS-MOCK-000329,Animal Health,2022-01-17,ISR,Israel,HPAI,3,0.631,new,mock
EIOS-MOCK-000330,Animal Health,2022-01-17,EGY,Egypt,HPAI,8,0.653,dismissed,mock
EIOS-MOCK-000331,Animal Health,2022-01-26,RUS,Russian Federation,HPAI,2,0.515,under_review,mock
EIOS-MOCK-000332,Animal Health,2022-01-27,GEO,Georgia,HPAI,4,0.801,under_review,mock
EIOS-MOCK-000333,Animal Health,2022-02-01,ESP,Spain,HPAI,4,0.823,new,mock
EIOS-MOCK-000334,Animal Health,2022-02-06,BGR,Bulgaria,HPAI,2,0.585,under_review,mock
EIOS-MOCK-000335,Animal Health,2022-02-04,MDA,Moldova,HPAI,4,0.342,new,mock
EIOS-MOCK-000336,Animal Health,2022-01-31,TUR,Türkiye,HPAI,5,0.341,new,mock
EIOS-MOCK-000337,Animal Health,2022-02-08,BEL,Belgium,HPAI,5,0.355,under_review,mock
EIOS-MOCK-000338,Animal Health,2022-02-10,ITA,Italy,HPAI,4,0.761,new,mock
EIOS-MOCK-000339,Animal Health,2022-02-18,TUN,Tunisia,HPAI,3,0.338,under_review,mock
EIOS-MOCK-000340,Animal Health,2022-02-25,SRB,Serbia,HPAI,4,0.396,new,mock
EIOS-MOCK-000341,Animal Health,2022-02-24,TUR,Türkiye,HPAI,4,0.828,under_review,mock
EIOS-MOCK-000342,Animal Health,2022-03-05,DEU,Germany,HPAI,2,0.352,under_review,mock
EIOS-MOCK-000343,Animal Health,2022-03-01,NLD,Netherlands,HPAI,6,0.294,new,mock
EIOS-MOCK-000344,Animal Health,2022-03-04,SRB,Serbia,HPAI,5,0.725,new,mock
EIOS-MOCK-000345,Animal Health,2022-03-06,GEO,Georgia,HPAI,3,0.419,under_review,mock
EIOS-MOCK-000346,Animal Health,2022-03-06,ISR,Israel,HPAI,2,0.439,new,mock
EIOS-MOCK-000347,Animal Health,2022-03-10,BEL,Belgium,HPAI,4,0.41,under_review,mock
EIOS-MOCK-000348,Animal Health,2022-03-11,SRB,Serbia,HPAI,3,0.384,dismissed,mock
EIOS-MOCK-000349,Animal Health,2022-03-18,FRA,France,HPAI,1,0.785,new,mock
EIOS-MOCK-000350,Animal Health,2022-03-24,TUN,Tunisia,HPAI,3,0.307,under_review,mock
EIOS-MOCK-000351,Animal Health,2022-03-28,ESP,Spain,HPAI,3,0.691,new,mock
EIOS-MOCK-000352,Animal Health,2022-04-06,NLD,Netherlands,HPAI,2,0.358,under_review,mock
EIOS-MOCK-000353,Animal Health,2022-04-08,ITA,Italy,HPAI,3,0.556,new,mock
EIOS-MOCK-000354,Animal Health,2022-04-15,FRA,France,HPAI,6,0.778,new,mock
EIOS-MOCK-000355,Animal Health,2022-04-11,DEU,Germany,HPAI,2,0.25,under_review,mock
EIOS-MOCK-000356,Animal Health,2022-04-14,HUN,Hungary,HPAI,4,0.532,new,mock
EIOS-MOCK-000357,Animal Health,2022-04-14,SRB,Serbia,HPAI,5,0.921,new,mock
EIOS-MOCK-000358,Animal Health,2022-04-17,RUS,Russian Federation,HPAI,4,0.556,new,mock
EIOS-MOCK-000359,Animal Health,2022-04-18,FRA,France,HPAI,4,0.946,new,mock
EIOS-MOCK-000360,Animal Health,2022-04-23,BGR,Bulgaria,HPAI,8,0.715,new,mock
EIOS-MOCK-000361,Animal Health,2022-04-22,SRB,Serbia,HPAI,2,0.612,under_review,mock
EIOS-MOCK-000362,Animal Health,2022-04-28,FRA,France,HPAI,4,0.462,new,mock
EIOS-MOCK-000363,Animal Health,2022-04-27,BGR,Bulgaria,HPAI,2,0.458,new,mock
EIOS-MOCK-000364,Animal Health,2022-05-05,BEL,Belgium,HPAI,6,0.555,dismissed,mock
EIOS-MOCK-000365,Animal Health,2022-05-11,BEL,Belgium,HPAI,4,0.463,under_review,mock
EIOS-MOCK-000366,Animal Health,2022-05-09,HUN,Hungary,HPAI,3,0.532,dismissed,mock
EIOS-MOCK-000367,Animal Health,2022-05-12,EGY,Egypt,HPAI,2,0.743,dismissed,mock
EIOS-MOCK-000368,Animal Health,2022-05-10,TUN,Tunisia,HPAI,1,0.261,new,mock
EIOS-MOCK-000369,Animal Health,2022-05-20,ESP,Spain,HPAI,3,0.448,under_review,mock
EIOS-MOCK-000370,Animal Health,2022-05-16,SRB,Serbia,HPAI,1,0.572,under_review,mock
EIOS-MOCK-000371,Animal Health,2022-05-19,UKR,Ukraine,HPAI,4,0.608,dismissed,mock
EIOS-MOCK-000372,Animal Health,2022-05-28,DEU,Germany,HPAI,4,0.763,new,mock
EIOS-MOCK-000373,Animal Health,2022-05-29,RUS,Russian Federation,HPAI,5,0.552,new,mock
EIOS-MOCK-000374,Animal Health,2022-06-01,BEL,Belgium,HPAI,2,0.02,under_review,mock
EIOS-MOCK-000375,Animal Health,2022-05-30,ROU,Romania,HPAI,3,0.263,new,mock
EIOS-MOCK-000376,Animal Health,2022-05-30,SRB,Serbia,HPAI,3,0.457,under_review,mock
EIOS-MOCK-000377,Animal Health,2022-05-30,UKR,Ukraine,HPAI,2,0.181,under_review,mock
EIOS-MOCK-000378,Animal Health,2022-06-05,EGY,Egypt,HPAI,5,0.344,under_review,mock
EIOS-MOCK-000379,Animal Health,2022-06-06,ITA,Italy,HPAI,3,0.226,under_review,mock
EIOS-MOCK-000380,Animal Health,2022-06-12,ESP,Spain,HPAI,4,0.182,new,mock
EIOS-MOCK-000381,Animal Health,2022-06-09,ROU,Romania,HPAI,3,0.056,under_review,mock
EIOS-MOCK-000382,Animal Health,2022-06-10,BGR,Bulgaria,HPAI,5,0.057,under_review,mock
EIOS-MOCK-000383,Animal Health,2022-06-13,HUN,Hungary,HPAI,2,0.186,new,mock
EIOS-MOCK-000384,Animal Health,2022-06-14,UKR,Ukraine,HPAI,7,0.253,under_review,mock
EIOS-MOCK-000385,Animal Health,2022-06-13,GEO,Georgia,HPAI,2,0.509,dismissed,mock
EIOS-MOCK-000386,Animal Health,2022-06-30,DEU,Germany,HPAI,5,0.484,new,mock
EIOS-MOCK-000387,Animal Health,2022-07-01,BEL,Belgium,HPAI,4,0.12,under_review,mock
EIOS-MOCK-000388,Animal Health,2022-06-30,MAR,Morocco,HPAI,4,0.989,new,mock
EIOS-MOCK-000389,Animal Health,2022-07-05,NLD,Netherlands,HPAI,3,0.435,dismissed,mock
EIOS-MOCK-000390,Animal Health,2022-07-05,POL,Poland,HPAI,3,0.742,dismissed,mock
EIOS-MOCK-000391,Animal Health,2022-07-08,BGR,Bulgaria,HPAI,7,0.417,dismissed,mock
EIOS-MOCK-000392,Animal Health,2022-07-10,UKR,Ukraine,HPAI,2,0.528,dismissed,mock
EIOS-MOCK-000393,Animal Health,2022-07-10,TUN,Tunisia,HPAI,3,0.127,new,mock
EIOS-MOCK-000394,Animal Health,2022-07-17,FRA,France,HPAI,3,0.256,dismissed,mock
EIOS-MOCK-000395,Animal Health,2022-07-13,DEU,Germany,HPAI,1,0.572,under_review,mock
EIOS-MOCK-000396,Animal Health,2022-07-15,HUN,Hungary,HPAI,6,0.551,new,mock
EIOS-MOCK-000397,Animal Health,2022-07-15,SRB,Serbia,HPAI,7,0.521,under_review,mock
EIOS-MOCK-000398,Animal Health,2022-07-21,ROU,Romania,HPAI,3,0.355,under_review,mock
EIOS-MOCK-000399,Animal Health,2022-07-18,MAR,Morocco,HPAI,4,0.667,dismissed,mock
EIOS-MOCK-000400,Animal Health,2022-07-31,RUS,Russian Federation,HPAI,3,0.475,under_review,mock
EIOS-MOCK-000401,Animal Health,2022-08-01,ESP,Spain,HPAI,2,0.515,new,mock
EIOS-MOCK-000402,Animal Health,2022-08-09,POL,Poland,HPAI,1,0.474,new,mock
EIOS-MOCK-000403,Animal Health,2022-08-09,ISR,Israel,HPAI,5,0.432,under_review,mock
EIOS-MOCK-000404,Animal Health,2022-08-19,NLD,Netherlands,HPAI,2,0.361,new,mock
EIOS-MOCK-000405,Animal Health,2022-08-21,HUN,Hungary,HPAI,3,0.611,new,mock
EIOS-MOCK-000406,Animal Health,2022-08-24,FRA,France,HPAI,7,0.32,under_review,mock
EIOS-MOCK-000407,Animal Health,2022-08-27,BGR,Bulgaria,HPAI,2,0.328,new,mock
EIOS-MOCK-000408,Animal Health,2022-08-25,SRB,Serbia,HPAI,3,0.21,new,mock
EIOS-MOCK-000409,Animal Health,2022-08-25,RUS,Russian Federation,HPAI,5,0.149,dismissed,mock
EIOS-MOCK-000410,Animal Health,2022-08-23,EGY,Egypt,HPAI,4,0.544,new,mock
EIOS-MOCK-000411,Animal Health,2022-08-29,BEL,Belgium,HPAI,3,0.521,new,mock
EIOS-MOCK-000412,Animal Health,2022-09-03,ESP,Spain,HPAI,4,0.839,dismissed,mock
EIOS-MOCK-000413,Animal Health,2022-08-31,POL,Poland,HPAI,6,0.838,new,mock
EIOS-MOCK-000414,Animal Health,2022-09-01,ROU,Romania,HPAI,5,0.255,new,mock
EIOS-MOCK-000415,Animal Health,2022-08-31,TUR,Türkiye,HPAI,5,0.247,new,mock
EIOS-MOCK-000416,Animal Health,2022-09-02,TUN,Tunisia,HPAI,4,0.133,dismissed,mock
EIOS-MOCK-000417,Animal Health,2022-08-31,MAR,Morocco,HPAI,3,0.491,under_review,mock
EIOS-MOCK-000418,Animal Health,2022-09-08,FRA,France,HPAI,6,0.568,new,mock
EIOS-MOCK-000419,Animal Health,2022-09-16,FRA,France,HPAI,3,0.382,dismissed,mock
EIOS-MOCK-000420,Animal Health,2022-09-14,DEU,Germany,HPAI,7,0.447,dismissed,mock
EIOS-MOCK-000421,Animal Health,2022-09-14,ESP,Spain,HPAI,5,0.93,under_review,mock
EIOS-MOCK-000422,Animal Health,2022-09-16,UKR,Ukraine,HPAI,6,0.475,under_review,mock
EIOS-MOCK-000423,Animal Health,2022-09-16,TUN,Tunisia,HPAI,4,0.65,new,mock
EIOS-MOCK-000424,Animal Health,2022-09-20,ITA,Italy,HPAI,3,0.76,under_review,mock
EIOS-MOCK-000425,Animal Health,2022-09-28,NLD,Netherlands,HPAI,9,0.957,under_review,mock
EIOS-MOCK-000426,Animal Health,2022-10-07,UKR,Ukraine,HPAI,2,0.391,dismissed,mock
EIOS-MOCK-000427,Animal Health,2022-10-07,TUN,Tunisia,HPAI,1,0.733,new,mock
EIOS-MOCK-000428,Animal Health,2022-10-16,FRA,France,HPAI,2,0.423,new,mock
EIOS-MOCK-000429,Animal Health,2022-10-21,HUN,Hungary,HPAI,5,0.21,new,mock
EIOS-MOCK-000430,Animal Health,2022-10-17,ROU,Romania,HPAI,3,0.517,dismissed,mock
EIOS-MOCK-000431,Animal Health,2022-10-20,UKR,Ukraine,HPAI,3,0.709,new,mock
EIOS-MOCK-000432,Animal Health,2022-10-18,EGY,Egypt,HPAI,3,0.295,under_review,mock
EIOS-MOCK-000433,Animal Health,2022-10-17,TUN,Tunisia,HPAI,1,0.467,dismissed,mock
EIOS-MOCK-000434,Animal Health,2022-10-26,NLD,Netherlands,HPAI,2,0.357,new,mock
EIOS-MOCK-000435,Animal Health,2022-10-26,HUN,Hungary,HPAI,1,0.305,under_review,mock
EIOS-MOCK-000436,Animal Health,2022-10-29,TUR,Türkiye,HPAI,3,0.547,new,mock
EIOS-MOCK-000437,Animal Health,2022-10-28,TUN,Tunisia,HPAI,4,0.713,dismissed,mock
EIOS-MOCK-000438,Animal Health,2022-10-31,FRA,France,HPAI,4,0.597,dismissed,mock
EIOS-MOCK-000439,Animal Health,2022-11-01,ITA,Italy,HPAI,3,0.495,new,mock
EIOS-MOCK-000440,Animal Health,2022-10-31,POL,Poland,HPAI,5,0.665,new,mock
EIOS-MOCK-000441,Animal Health,2022-11-06,BGR,Bulgaria,HPAI,4,0.434,under_review,mock
EIOS-MOCK-000442,Animal Health,2022-11-06,ISR,Israel,HPAI,3,0.716,dismissed,mock
EIOS-MOCK-000443,Animal Health,2022-11-03,TUN,Tunisia,HPAI,4,0.182,under_review,mock
EIOS-MOCK-000444,Animal Health,2022-11-11,POL,Poland,HPAI,3,0.553,dismissed,mock
EIOS-MOCK-000445,Animal Health,2022-11-13,BGR,Bulgaria,HPAI,3,0.438,under_review,mock
EIOS-MOCK-000446,Animal Health,2022-11-07,UKR,Ukraine,HPAI,2,0.538,under_review,mock
EIOS-MOCK-000447,Animal Health,2022-11-16,ROU,Romania,HPAI,2,0.385,new,mock
EIOS-MOCK-000448,Animal Health,2022-11-19,SRB,Serbia,HPAI,3,0.903,dismissed,mock
EIOS-MOCK-000449,Animal Health,2022-11-18,RUS,Russian Federation,HPAI,3,0.713,new,mock
EIOS-MOCK-000450,Animal Health,2022-11-18,TUR,Türkiye,HPAI,4,0.549,new,mock
EIOS-MOCK-000451,Animal Health,2022-11-15,GEO,Georgia,HPAI,2,0.589,new,mock
EIOS-MOCK-000452,Animal Health,2022-11-14,ISR,Israel,HPAI,2,0.569,new,mock
EIOS-MOCK-000453,Animal Health,2022-11-23,FRA,France,HPAI,6,0.726,new,mock
EIOS-MOCK-000454,Animal Health,2022-11-21,BEL,Belgium,HPAI,4,0.457,under_review,mock
EIOS-MOCK-000455,Animal Health,2022-11-24,ESP,Spain,HPAI,4,0.527,dismissed,mock
EIOS-MOCK-000456,Animal Health,2022-11-25,POL,Poland,HPAI,2,0.792,new,mock
EIOS-MOCK-000457,Animal Health,2022-11-23,GEO,Georgia,HPAI,3,0.63,new,mock
EIOS-MOCK-000458,Animal Health,2022-11-23,MAR,Morocco,HPAI,3,0.457,new,mock
EIOS-MOCK-000459,Animal Health,2022-12-01,ITA,Italy,HPAI,5,0.467,dismissed,mock
EIOS-MOCK-000460,Animal Health,2022-12-03,MDA,Moldova,HPAI,1,0.232,new,mock
EIOS-MOCK-000461,Animal Health,2022-11-29,EGY,Egypt,HPAI,3,0.956,new,mock
EIOS-MOCK-000462,Animal Health,2022-12-08,FRA,France,HPAI,3,0.219,under_review,mock
EIOS-MOCK-000463,Animal Health,2022-12-18,FRA,France,HPAI,8,0.638,new,mock
EIOS-MOCK-000464,Animal Health,2022-12-16,RUS,Russian Federation,HPAI,4,0.593,under_review,mock
EIOS-MOCK-000465,Animal Health,2022-12-14,ISR,Israel,HPAI,3,0.469,new,mock
EIOS-MOCK-000466,Animal Health,2022-12-17,EGY,Egypt,HPAI,4,0.61,under_review,mock
EIOS-MOCK-000467,Animal Health,2022-12-18,TUN,Tunisia,HPAI,3,0.641,under_review,mock
EIOS-MOCK-000468,Animal Health,2022-12-23,NLD,Netherlands,HPAI,3,0.828,new,mock
EIOS-MOCK-000469,Animal Health,2022-12-21,HUN,Hungary,HPAI,3,0.292,under_review,mock
EIOS-MOCK-000470,Animal Health,2022-12-22,SRB,Serbia,HPAI,5,0.59,dismissed,mock
EIOS-MOCK-000471,Animal Health,2022-12-22,EGY,Egypt,HPAI,3,0.499,under_review,mock
EIOS-MOCK-000472,Animal Health,2023-01-01,DEU,Germany,HPAI,3,0.139,new,mock
EIOS-MOCK-000473,Animal Health,2023-01-01,BEL,Belgium,HPAI,5,0.792,under_review,mock
EIOS-MOCK-000474,Animal Health,2022-12-29,POL,Poland,HPAI,5,0.499,new,mock
EIOS-MOCK-000475,Animal Health,2023-01-01,RUS,Russian Federation,HPAI,5,0.684,new,mock
EIOS-MOCK-000476,Animal Health,2022-12-26,GEO,Georgia,HPAI,3,0.448,new,mock
EIOS-MOCK-000477,Animal Health,2023-01-08,ESP,Spain,HPAI,3,0.397,dismissed,mock
EIOS-MOCK-000478,Animal Health,2023-01-03,MAR,Morocco,HPAI,9,0.712,under_review,mock
EIOS-MOCK-000479,Animal Health,2023-01-14,BEL,Belgium,HPAI,4,0.802,dismissed,mock
EIOS-MOCK-000480,Animal Health,2023-01-10,ITA,Italy,HPAI,4,0.761,dismissed,mock
EIOS-MOCK-000481,Animal Health,2023-01-09,HUN,Hungary,HPAI,2,0.721,new,mock
EIOS-MOCK-000482,Animal Health,2023-01-14,SRB,Serbia,HPAI,3,0.76,under_review,mock
EIOS-MOCK-000483,Animal Health,2023-01-10,ISR,Israel,HPAI,2,0.538,dismissed,mock
EIOS-MOCK-000484,Animal Health,2023-01-20,NLD,Netherlands,HPAI,5,0.517,new,mock
EIOS-MOCK-000485,Animal Health,2023-01-21,ITA,Italy,HPAI,5,0.431,new,mock
EIOS-MOCK-000486,Animal Health,2023-01-17,MDA,Moldova,HPAI,3,0.687,dismissed,mock
EIOS-MOCK-000487,Animal Health,2023-01-22,TUN,Tunisia,HPAI,3,0.536,under_review,mock
EIOS-MOCK-000488,Animal Health,2023-01-24,HUN,Hungary,HPAI,5,0.096,under_review,mock
EIOS-MOCK-000489,Animal Health,2023-01-31,RUS,Russian Federation,HPAI,2,0.753,under_review,mock
EIOS-MOCK-000490,Animal Health,2023-02-10,DEU,Germany,HPAI,4,0.477,new,mock
EIOS-MOCK-000491,Animal Health,2023-02-07,SRB,Serbia,HPAI,2,0.716,under_review,mock
EIOS-MOCK-000492,Animal Health,2023-02-19,FRA,France,HPAI,4,0.259,dismissed,mock
EIOS-MOCK-000493,Animal Health,2023-02-19,BEL,Belgium,HPAI,3,0.731,under_review,mock
EIOS-MOCK-000494,Animal Health,2023-02-18,GEO,Georgia,HPAI,7,0.449,new,mock
EIOS-MOCK-000495,Animal Health,2023-02-14,ISR,Israel,HPAI,1,0.501,under_review,mock
EIOS-MOCK-000496,Animal Health,2023-02-20,FRA,France,HPAI,7,0.492,new,mock
EIOS-MOCK-000497,Animal Health,2023-02-23,BGR,Bulgaria,HPAI,6,0.403,under_review,mock
EIOS-MOCK-000498,Animal Health,2023-02-21,UKR,Ukraine,HPAI,4,0.278,under_review,mock
EIOS-MOCK-000499,Animal Health,2023-02-25,RUS,Russian Federation,HPAI,2,0.178,dismissed,mock
EIOS-MOCK-000500,Animal Health,2023-02-22,GEO,Georgia,HPAI,2,0.316,new,mock
EIOS-MOCK-000501,Animal Health,2023-02-26,TUN,Tunisia,HPAI,5,0.382,new,mock
EIOS-MOCK-000502,Animal Health,2023-02-28,FRA,France,HPAI,2,0.166,new,mock
EIOS-MOCK-000503,Animal Health,2023-03-05,ITA,Italy,HPAI,3,0.508,new,mock
EIOS-MOCK-000504,Animal Health,2023-03-03,HUN,Hungary,HPAI,3,0.405,new,mock
EIOS-MOCK-000505,Animal Health,2023-03-06,UKR,Ukraine,HPAI,4,0.558,dismissed,mock
EIOS-MOCK-000506,Animal Health,2023-03-13,DEU,Germany,HPAI,1,0.545,new,mock
EIOS-MOCK-000507,Animal Health,2023-03-13,BEL,Belgium,HPAI,5,0.667,under_review,mock
EIOS-MOCK-000508,Animal Health,2023-03-15,GEO,Georgia,HPAI,3,0.151,under_review,mock
EIOS-MOCK-000509,Animal Health,2023-03-22,NLD,Netherlands,HPAI,1,0.681,new,mock
EIOS-MOCK-000510,Animal Health,2023-03-20,ITA,Italy,HPAI,4,0.503,dismissed,mock
EIOS-MOCK-000511,Animal Health,2023-03-22,MDA,Moldova,HPAI,3,0.398,new,mock
EIOS-MOCK-000512,Animal Health,2023-03-28,MDA,Moldova,HPAI,3,0.805,dismissed,mock
EIOS-MOCK-000513,Animal Health,2023-03-28,RUS,Russian Federation,HPAI,4,0.697,new,mock
EIOS-MOCK-000514,Animal Health,2023-04-01,EGY,Egypt,HPAI,3,0.847,under_review,mock
EIOS-MOCK-000515,Animal Health,2023-04-01,MAR,Morocco,HPAI,3,0.849,new,mock
EIOS-MOCK-000516,Animal Health,2023-04-08,NLD,Netherlands,HPAI,5,0.722,under_review,mock
EIOS-MOCK-000517,Animal Health,2023-04-04,ISR,Israel,HPAI,5,0.495,new,mock
EIOS-MOCK-000518,Animal Health,2023-04-13,BGR,Bulgaria,HPAI,5,0.092,under_review,mock
EIOS-MOCK-000519,Animal Health,2023-04-22,ROU,Romania,HPAI,4,0.804,under_review,mock
EIOS-MOCK-000520,Animal Health,2023-04-22,TUN,Tunisia,HPAI,6,0.358,under_review,mock
EIOS-MOCK-000521,Animal Health,2023-04-29,BEL,Belgium,HPAI,7,0.149,under_review,mock
EIOS-MOCK-000522,Animal Health,2023-04-24,RUS,Russian Federation,HPAI,7,0.505,new,mock
EIOS-MOCK-000523,Animal Health,2023-05-03,ITA,Italy,HPAI,4,0.806,dismissed,mock
EIOS-MOCK-000524,Animal Health,2023-05-01,POL,Poland,HPAI,1,0.661,new,mock
EIOS-MOCK-000525,Animal Health,2023-05-10,NLD,Netherlands,HPAI,2,0.421,new,mock
EIOS-MOCK-000526,Animal Health,2023-05-14,ITA,Italy,HPAI,4,0.453,under_review,mock
EIOS-MOCK-000527,Animal Health,2023-05-09,ESP,Spain,HPAI,8,0.633,dismissed,mock
EIOS-MOCK-000528,Animal Health,2023-05-13,ROU,Romania,HPAI,4,0.579,new,mock
EIOS-MOCK-000529,Animal Health,2023-05-08,BGR,Bulgaria,HPAI,2,0.754,dismissed,mock
EIOS-MOCK-000530,Animal Health,2023-05-14,ISR,Israel,HPAI,5,0.309,dismissed,mock
EIOS-MOCK-000531,Animal Health,2023-05-08,TUN,Tunisia,HPAI,3,0.187,under_review,mock
EIOS-MOCK-000532,Animal Health,2023-05-09,MAR,Morocco,HPAI,5,0.651,under_review,mock
EIOS-MOCK-000533,Animal Health,2023-05-15,MDA,Moldova,HPAI,6,0.369,new,mock
EIOS-MOCK-000534,Animal Health,2023-05-20,TUR,Türkiye,HPAI,2,0.476,under_review,mock
EIOS-MOCK-000535,Animal Health,2023-05-28,ESP,Spain,HPAI,3,0.444,under_review,mock
EIOS-MOCK-000536,Animal Health,2023-05-27,TUR,Türkiye,HPAI,5,0.28,new,mock
EIOS-MOCK-000537,Animal Health,2023-05-29,DEU,Germany,HPAI,5,0.282,under_review,mock
EIOS-MOCK-000538,Animal Health,2023-05-31,NLD,Netherlands,HPAI,3,0.282,new,mock
EIOS-MOCK-000539,Animal Health,2023-05-29,EGY,Egypt,HPAI,2,0.642,under_review,mock
EIOS-MOCK-000540,Animal Health,2023-06-11,BEL,Belgium,HPAI,5,0.527,new,mock
EIOS-MOCK-000541,Animal Health,2023-06-15,RUS,Russian Federation,HPAI,5,0.247,dismissed,mock
EIOS-MOCK-000542,Animal Health,2023-06-15,TUR,Türkiye,HPAI,5,0.585,new,mock
EIOS-MOCK-000543,Animal Health,2023-06-12,TUN,Tunisia,HPAI,4,0.733,dismissed,mock
EIOS-MOCK-000544,Animal Health,2023-06-21,FRA,France,HPAI,4,0.801,under_review,mock
EIOS-MOCK-000545,Animal Health,2023-06-22,ESP,Spain,HPAI,1,0.674,under_review,mock
EIOS-MOCK-000546,Animal Health,2023-06-22,BGR,Bulgaria,HPAI,5,0.523,dismissed,mock
EIOS-MOCK-000547,Animal Health,2023-06-25,SRB,Serbia,HPAI,4,0.647,new,mock
EIOS-MOCK-000548,Animal Health,2023-06-27,SRB,Serbia,HPAI,5,0.568,under_review,mock
EIOS-MOCK-000549,Animal Health,2023-06-30,UKR,Ukraine,HPAI,3,0.484,dismissed,mock
EIOS-MOCK-000550,Animal Health,2023-06-30,RUS,Russian Federation,HPAI,1,0.695,new,mock
EIOS-MOCK-000551,Animal Health,2023-07-01,TUN,Tunisia,HPAI,2,0.652,under_review,mock
EIOS-MOCK-000552,Animal Health,2023-07-07,DEU,Germany,HPAI,2,0.636,under_review,mock
EIOS-MOCK-000553,Animal Health,2023-07-04,BGR,Bulgaria,HPAI,6,0.586,dismissed,mock
EIOS-MOCK-000554,Animal Health,2023-07-09,MDA,Moldova,HPAI,4,0.428,dismissed,mock
EIOS-MOCK-000555,Animal Health,2023-07-03,RUS,Russian Federation,HPAI,1,0.534,new,mock
EIOS-MOCK-000556,Animal Health,2023-07-08,MAR,Morocco,HPAI,3,0.514,new,mock
EIOS-MOCK-000557,Animal Health,2023-07-16,ITA,Italy,HPAI,3,0.846,new,mock
EIOS-MOCK-000558,Animal Health,2023-07-16,ESP,Spain,HPAI,6,0.375,dismissed,mock
EIOS-MOCK-000559,Animal Health,2023-07-12,POL,Poland,HPAI,1,0.497,under_review,mock
EIOS-MOCK-000560,Animal Health,2023-07-10,TUR,Türkiye,HPAI,4,0.635,dismissed,mock
EIOS-MOCK-000561,Animal Health,2023-07-14,MAR,Morocco,HPAI,2,0.26,under_review,mock
EIOS-MOCK-000562,Animal Health,2023-07-22,BGR,Bulgaria,HPAI,3,0.106,dismissed,mock
EIOS-MOCK-000563,Animal Health,2023-07-18,TUR,Türkiye,HPAI,4,0.428,new,mock
EIOS-MOCK-000564,Animal Health,2023-07-17,EGY,Egypt,HPAI,4,0.5,new,mock
EIOS-MOCK-000565,Animal Health,2023-07-28,ESP,Spain,HPAI,5,0.783,under_review,mock
EIOS-MOCK-000566,Animal Health,2023-07-31,ITA,Italy,HPAI,4,0.767,new,mock
EIOS-MOCK-000567,Animal Health,2023-08-06,UKR,Ukraine,HPAI,2,0.659,new,mock
EIOS-MOCK-000568,Animal Health,2023-08-08,NLD,Netherlands,HPAI,2,0.724,under_review,mock
EIOS-MOCK-000569,Animal Health,2023-08-11,ITA,Italy,HPAI,1,0.687,under_review,mock
EIOS-MOCK-000570,Animal Health,2023-08-09,ESP,Spain,HPAI,2,0.533,new,mock
EIOS-MOCK-000571,Animal Health,2023-08-10,BGR,Bulgaria,HPAI,2,0.631,new,mock
EIOS-MOCK-000572,Animal Health,2023-08-07,SRB,Serbia,HPAI,3,0.739,new,mock
EIOS-MOCK-000573,Animal Health,2023-08-12,GEO,Georgia,HPAI,4,0.531,new,mock
EIOS-MOCK-000574,Animal Health,2023-08-17,HUN,Hungary,HPAI,3,0.422,new,mock
EIOS-MOCK-000575,Animal Health,2023-08-15,SRB,Serbia,HPAI,4,0.571,dismissed,mock
EIOS-MOCK-000576,Animal Health,2023-08-26,ITA,Italy,HPAI,5,0.542,dismissed,mock
EIOS-MOCK-000577,Animal Health,2023-08-23,SRB,Serbia,HPAI,2,0.712,new,mock
EIOS-MOCK-000578,Animal Health,2023-08-30,FRA,France,HPAI,2,0.488,dismissed,mock
EIOS-MOCK-000579,Animal Health,2023-09-02,DEU,Germany,HPAI,3,0.478,new,mock
EIOS-MOCK-000580,Animal Health,2023-08-29,MAR,Morocco,HPAI,1,0.356,under_review,mock
EIOS-MOCK-000581,Animal Health,2023-09-06,FRA,France,HPAI,1,0.576,new,mock
EIOS-MOCK-000582,Animal Health,2023-09-09,BEL,Belgium,HPAI,3,0.281,dismissed,mock
EIOS-MOCK-000583,Animal Health,2023-09-05,ITA,Italy,HPAI,5,0.352,new,mock
EIOS-MOCK-000584,Animal Health,2023-09-04,ESP,Spain,HPAI,3,0.545,under_review,mock
EIOS-MOCK-000585,Animal Health,2023-09-10,ROU,Romania,HPAI,4,0.697,new,mock
EIOS-MOCK-000586,Animal Health,2023-09-10,GEO,Georgia,HPAI,3,0.413,new,mock
EIOS-MOCK-000587,Animal Health,2023-09-09,EGY,Egypt,HPAI,4,0.819,new,mock
EIOS-MOCK-000588,Animal Health,2023-09-11,ROU,Romania,HPAI,5,0.353,dismissed,mock
EIOS-MOCK-000589,Animal Health,2023-09-13,SRB,Serbia,HPAI,2,0.409,dismissed,mock
EIOS-MOCK-000590,Animal Health,2023-09-19,UKR,Ukraine,HPAI,2,0.42,dismissed,mock
EIOS-MOCK-000591,Animal Health,2023-09-24,RUS,Russian Federation,HPAI,2,0.537,new,mock
EIOS-MOCK-000592,Animal Health,2023-09-23,TUR,Türkiye,HPAI,3,0.181,new,mock
EIOS-MOCK-000593,Animal Health,2023-09-24,ISR,Israel,HPAI,4,0.552,under_review,mock
EIOS-MOCK-000594,Animal Health,2023-09-22,EGY,Egypt,HPAI,4,0.832,dismissed,mock
EIOS-MOCK-000595,Animal Health,2023-09-27,ITA,Italy,HPAI,3,0.389,dismissed,mock
EIOS-MOCK-000596,Animal Health,2023-09-25,SRB,Serbia,HPAI,5,0.485,under_review,mock
EIOS-MOCK-000597,Animal Health,2023-09-26,ISR,Israel,HPAI,4,0.164,new,mock
EIOS-MOCK-000598,Animal Health,2023-10-06,UKR,Ukraine,HPAI,4,0.179,under_review,mock
EIOS-MOCK-000599,Animal Health,2023-10-06,EGY,Egypt,HPAI,2,0.479,dismissed,mock
EIOS-MOCK-000600,Animal Health,2023-10-10,HUN,Hungary,HPAI,7,0.237,new,mock
EIOS-MOCK-000601,Animal Health,2023-10-11,ROU,Romania,HPAI,2,0.198,new,mock
EIOS-MOCK-000602,Animal Health,2023-10-10,BGR,Bulgaria,HPAI,4,0.814,under_review,mock
EIOS-MOCK-000603,Animal Health,2023-10-12,UKR,Ukraine,HPAI,2,0.744,dismissed,mock
EIOS-MOCK-000604,Animal Health,2023-10-13,MDA,Moldova,HPAI,3,0.584,new,mock
EIOS-MOCK-000605,Animal Health,2023-10-17,NLD,Netherlands,HPAI,4,0.407,under_review,mock
EIOS-MOCK-000606,Animal Health,2023-10-17,SRB,Serbia,HPAI,6,0.564,new,mock
EIOS-MOCK-000607,Animal Health,2023-10-24,NLD,Netherlands,HPAI,2,0.521,new,mock
EIOS-MOCK-000608,Animal Health,2023-10-27,RUS,Russian Federation,HPAI,3,0.684,new,mock
EIOS-MOCK-000609,Animal Health,2023-10-27,TUR,Türkiye,HPAI,5,0.583,dismissed,mock
EIOS-MOCK-000610,Animal Health,2023-10-26,EGY,Egypt,HPAI,8,0.364,new,mock
EIOS-MOCK-000611,Animal Health,2023-11-04,DEU,Germany,HPAI,5,0.514,dismissed,mock
EIOS-MOCK-000612,Animal Health,2023-10-31,ESP,Spain,HPAI,5,0.638,under_review,mock
EIOS-MOCK-000613,Animal Health,2023-10-30,GEO,Georgia,HPAI,4,0.351,new,mock
EIOS-MOCK-000614,Animal Health,2023-11-02,EGY,Egypt,HPAI,3,0.495,new,mock
EIOS-MOCK-000615,Animal Health,2023-11-09,ITA,Italy,HPAI,1,0.503,new,mock
EIOS-MOCK-000616,Animal Health,2023-11-14,BGR,Bulgaria,HPAI,3,0.219,under_review,mock
EIOS-MOCK-000617,Animal Health,2023-11-14,TUR,Türkiye,HPAI,3,0.571,new,mock
EIOS-MOCK-000618,Animal Health,2023-11-24,DEU,Germany,HPAI,2,0.586,dismissed,mock
EIOS-MOCK-000619,Animal Health,2023-11-23,ITA,Italy,HPAI,5,0.344,under_review,mock
EIOS-MOCK-000620,Animal Health,2023-11-26,ROU,Romania,HPAI,2,0.283,under_review,mock
EIOS-MOCK-000621,Animal Health,2023-11-26,SRB,Serbia,HPAI,1,0.445,new,mock
EIOS-MOCK-000622,Animal Health,2023-11-21,UKR,Ukraine,HPAI,3,0.749,dismissed,mock
EIOS-MOCK-000623,Animal Health,2023-11-28,BEL,Belgium,HPAI,1,0.405,new,mock
EIOS-MOCK-000624,Animal Health,2023-12-01,GEO,Georgia,HPAI,3,0.316,dismissed,mock
EIOS-MOCK-000625,Animal Health,2023-12-02,ISR,Israel,HPAI,5,0.601,under_review,mock
EIOS-MOCK-000626,Animal Health,2023-12-10,DEU,Germany,HPAI,2,0.465,under_review,mock
EIOS-MOCK-000627,Animal Health,2023-12-14,ISR,Israel,HPAI,3,0.568,under_review,mock
EIOS-MOCK-000628,Animal Health,2023-12-19,HUN,Hungary,HPAI,3,0.384,new,mock
EIOS-MOCK-000629,Animal Health,2023-12-22,RUS,Russian Federation,HPAI,2,0.516,new,mock
EIOS-MOCK-000630,Animal Health,2023-12-31,FRA,France,HPAI,2,0.811,under_review,mock
EIOS-MOCK-000631,Animal Health,2023-12-30,HUN,Hungary,HPAI,5,0.16,new,mock
EIOS-MOCK-000632,Animal Health,2023-12-31,MDA,Moldova,HPAI,2,0.226,new,mock
EIOS-MOCK-000633,Animal Health,2023-12-27,ISR,Israel,HPAI,4,0.575,dismissed,mock
EIOS-MOCK-000634,Animal Health,2024-01-06,FRA,France,HPAI,3,0.847,under_review,mock
EIOS-MOCK-000635,Animal Health,2024-01-07,NLD,Netherlands,HPAI,6,0.775,new,mock
EIOS-MOCK-000636,Animal Health,2024-01-07,ESP,Spain,HPAI,6,0.853,new,mock
EIOS-MOCK-000637,Animal Health,2024-01-02,HUN,Hungary,HPAI,2,0.607,under_review,mock
EIOS-MOCK-000638,Animal Health,2024-01-02,SRB,Serbia,HPAI,1,0.497,new,mock
EIOS-MOCK-000639,Animal Health,2024-01-04,TUR,Türkiye,HPAI,3,0.8,new,mock
EIOS-MOCK-000640,Animal Health,2024-01-11,FRA,France,HPAI,3,0.321,dismissed,mock
EIOS-MOCK-000641,Animal Health,2024-01-11,DEU,Germany,HPAI,3,0.509,dismissed,mock
EIOS-MOCK-000642,Animal Health,2024-01-11,SRB,Serbia,HPAI,1,0.251,under_review,mock
EIOS-MOCK-000643,Animal Health,2024-01-11,UKR,Ukraine,HPAI,4,0.444,under_review,mock
EIOS-MOCK-000644,Animal Health,2024-01-08,RUS,Russian Federation,HPAI,5,0.41,new,mock
EIOS-MOCK-000645,Animal Health,2024-01-17,FRA,France,HPAI,2,0.343,under_review,mock
EIOS-MOCK-000646,Animal Health,2024-01-21,MDA,Moldova,HPAI,2,0.711,dismissed,mock
EIOS-MOCK-000647,Animal Health,2024-01-19,GEO,Georgia,HPAI,3,0.383,new,mock
EIOS-MOCK-000648,Animal Health,2024-01-28,POL,Poland,HPAI,7,0.721,new,mock
EIOS-MOCK-000649,Animal Health,2024-01-23,BGR,Bulgaria,HPAI,3,0.262,new,mock
EIOS-MOCK-000650,Animal Health,2024-01-26,UKR,Ukraine,HPAI,5,0.549,new,mock
EIOS-MOCK-000651,Animal Health,2024-01-28,MAR,Morocco,HPAI,7,0.672,under_review,mock
EIOS-MOCK-000652,Animal Health,2024-01-31,DEU,Germany,HPAI,4,0.623,under_review,mock
EIOS-MOCK-000653,Animal Health,2024-01-29,ITA,Italy,HPAI,4,0.495,new,mock
EIOS-MOCK-000654,Animal Health,2024-01-31,SRB,Serbia,HPAI,2,0.329,new,mock
EIOS-MOCK-000655,Animal Health,2024-02-13,FRA,France,HPAI,4,0.358,under_review,mock
EIOS-MOCK-000656,Animal Health,2024-02-12,DEU,Germany,HPAI,4,0.583,new,mock
EIOS-MOCK-000657,Animal Health,2024-02-15,ITA,Italy,HPAI,3,0.732,dismissed,mock
EIOS-MOCK-000658,Animal Health,2024-02-15,GEO,Georgia,HPAI,4,0.688,dismissed,mock
EIOS-MOCK-000659,Animal Health,2024-02-20,POL,Poland,HPAI,3,0.348,new,mock
EIOS-MOCK-000660,Animal Health,2024-02-23,HUN,Hungary,HPAI,3,0.63,under_review,mock
EIOS-MOCK-000661,Animal Health,2024-02-25,ROU,Romania,HPAI,2,0.547,new,mock
EIOS-MOCK-000662,Animal Health,2024-02-20,UKR,Ukraine,HPAI,4,0.548,new,mock
EIOS-MOCK-000663,Animal Health,2024-02-28,DEU,Germany,HPAI,8,0.445,new,mock
EIOS-MOCK-000664,Animal Health,2024-02-28,BGR,Bulgaria,HPAI,2,0.498,under_review,mock
EIOS-MOCK-000665,Animal Health,2024-02-26,TUR,Türkiye,HPAI,2,0.589,new,mock
EIOS-MOCK-000666,Animal Health,2024-02-28,GEO,Georgia,HPAI,4,0.7,new,mock
EIOS-MOCK-000667,Animal Health,2024-03-02,MAR,Morocco,HPAI,1,0.138,dismissed,mock
EIOS-MOCK-000668,Animal Health,2024-03-04,HUN,Hungary,HPAI,3,0.577,new,mock
EIOS-MOCK-000669,Animal Health,2024-03-08,SRB,Serbia,HPAI,4,0.367,new,mock
EIOS-MOCK-000670,Animal Health,2024-03-10,UKR,Ukraine,HPAI,4,0.194,new,mock
EIOS-MOCK-000671,Animal Health,2024-03-07,TUR,Türkiye,HPAI,5,0.557,under_review,mock
EIOS-MOCK-000672,Animal Health,2024-03-08,GEO,Georgia,HPAI,2,0.342,new,mock
EIOS-MOCK-000673,Animal Health,2024-03-16,FRA,France,HPAI,2,0.51,new,mock
EIOS-MOCK-000674,Animal Health,2024-03-13,ESP,Spain,HPAI,6,0.338,dismissed,mock
EIOS-MOCK-000675,Animal Health,2024-03-11,POL,Poland,HPAI,6,0.452,new,mock
EIOS-MOCK-000676,Animal Health,2024-03-12,TUR,Türkiye,HPAI,2,0.706,under_review,mock
EIOS-MOCK-000677,Animal Health,2024-03-13,MAR,Morocco,HPAI,5,0.318,dismissed,mock
EIOS-MOCK-000678,Animal Health,2024-03-18,BEL,Belgium,HPAI,3,0.577,dismissed,mock
EIOS-MOCK-000679,Animal Health,2024-03-18,ESP,Spain,HPAI,2,0.659,under_review,mock
EIOS-MOCK-000680,Animal Health,2024-03-28,FRA,France,HPAI,3,0.799,new,mock
EIOS-MOCK-000681,Animal Health,2024-03-26,NLD,Netherlands,HPAI,5,0.592,new,mock
EIOS-MOCK-000682,Animal Health,2024-03-28,BGR,Bulgaria,HPAI,2,0.742,dismissed,mock
EIOS-MOCK-000683,Animal Health,2024-03-29,MDA,Moldova,HPAI,2,0.232,new,mock
EIOS-MOCK-000684,Animal Health,2024-03-27,GEO,Georgia,HPAI,6,0.082,new,mock
EIOS-MOCK-000685,Animal Health,2024-04-03,DEU,Germany,HPAI,2,0.709,under_review,mock
EIOS-MOCK-000686,Animal Health,2024-04-01,BEL,Belgium,HPAI,3,0.348,new,mock
EIOS-MOCK-000687,Animal Health,2024-04-06,GEO,Georgia,HPAI,3,0.693,under_review,mock
EIOS-MOCK-000688,Animal Health,2024-04-04,ISR,Israel,HPAI,8,0.45,new,mock
EIOS-MOCK-000689,Animal Health,2024-04-08,BEL,Belgium,HPAI,2,0.515,under_review,mock
EIOS-MOCK-000690,Animal Health,2024-04-17,POL,Poland,HPAI,3,0.374,new,mock
EIOS-MOCK-000691,Animal Health,2024-04-18,UKR,Ukraine,HPAI,2,0.32,new,mock
EIOS-MOCK-000692,Animal Health,2024-04-16,MAR,Morocco,HPAI,4,0.687,under_review,mock
EIOS-MOCK-000693,Animal Health,2024-04-26,NLD,Netherlands,HPAI,2,0.642,new,mock
EIOS-MOCK-000694,Animal Health,2024-04-22,ESP,Spain,HPAI,4,0.514,under_review,mock
EIOS-MOCK-000695,Animal Health,2024-04-22,GEO,Georgia,HPAI,4,0.639,new,mock
EIOS-MOCK-000696,Animal Health,2024-04-22,EGY,Egypt,HPAI,3,0.323,new,mock
EIOS-MOCK-000697,Animal Health,2024-04-30,NLD,Netherlands,HPAI,3,0.339,new,mock
EIOS-MOCK-000698,Animal Health,2024-04-29,SRB,Serbia,HPAI,6,0.552,new,mock
EIOS-MOCK-000699,Animal Health,2024-05-06,BEL,Belgium,HPAI,5,0.553,under_review,mock
EIOS-MOCK-000700,Animal Health,2024-05-08,ITA,Italy,HPAI,1,0.172,new,mock
EIOS-MOCK-000701,Animal Health,2024-05-10,POL,Poland,HPAI,8,0.303,new,mock
EIOS-MOCK-000702,Animal Health,2024-05-07,UKR,Ukraine,HPAI,1,0.312,new,mock
EIOS-MOCK-000703,Animal Health,2024-05-09,MDA,Moldova,HPAI,2,0.515,new,mock
EIOS-MOCK-000704,Animal Health,2024-05-12,MAR,Morocco,HPAI,6,0.489,dismissed,mock
EIOS-MOCK-000705,Animal Health,2024-05-18,ITA,Italy,HPAI,4,0.14,new,mock
EIOS-MOCK-000706,Animal Health,2024-05-15,EGY,Egypt,HPAI,3,0.399,new,mock
EIOS-MOCK-000707,Animal Health,2024-05-15,TUN,Tunisia,HPAI,6,0.679,new,mock
EIOS-MOCK-000708,Animal Health,2024-05-23,NLD,Netherlands,HPAI,3,0.453,new,mock
EIOS-MOCK-000709,Animal Health,2024-05-21,ROU,Romania,HPAI,3,0.345,dismissed,mock
EIOS-MOCK-000710,Animal Health,2024-05-23,GEO,Georgia,HPAI,6,0.395,under_review,mock
EIOS-MOCK-000711,Animal Health,2024-05-26,ISR,Israel,HPAI,3,0.366,new,mock
EIOS-MOCK-000712,Animal Health,2024-05-28,ITA,Italy,HPAI,3,0.647,under_review,mock
EIOS-MOCK-000713,Animal Health,2024-05-28,SRB,Serbia,HPAI,4,0.806,under_review,mock
EIOS-MOCK-000714,Animal Health,2024-06-07,ROU,Romania,HPAI,4,0.85,new,mock
EIOS-MOCK-000715,Animal Health,2024-06-07,RUS,Russian Federation,HPAI,3,0.543,under_review,mock
EIOS-MOCK-000716,Animal Health,2024-06-08,GEO,Georgia,HPAI,5,0.33,new,mock
EIOS-MOCK-000717,Animal Health,2024-06-07,TUN,Tunisia,HPAI,6,0.869,dismissed,mock
EIOS-MOCK-000718,Animal Health,2024-06-14,FRA,France,HPAI,4,0.409,under_review,mock
EIOS-MOCK-000719,Animal Health,2024-06-15,ESP,Spain,HPAI,6,0.694,under_review,mock
EIOS-MOCK-000720,Animal Health,2024-06-13,RUS,Russian Federation,HPAI,2,0.367,new,mock
EIOS-MOCK-000721,Animal Health,2024-06-15,TUN,Tunisia,HPAI,3,0.474,dismissed,mock
EIOS-MOCK-000722,Animal Health,2024-06-26,FRA,France,HPAI,1,0.688,new,mock
EIOS-MOCK-000723,Animal Health,2024-06-26,BGR,Bulgaria,HPAI,2,0.284,under_review,mock
EIOS-MOCK-000724,Animal Health,2024-06-29,SRB,Serbia,HPAI,2,0.424,new,mock
EIOS-MOCK-000725,Animal Health,2024-06-25,UKR,Ukraine,HPAI,4,0.368,under_review,mock
EIOS-MOCK-000726,Animal Health,2024-06-30,RUS,Russian Federation,HPAI,5,0.556,under_review,mock
EIOS-MOCK-000727,Animal Health,2024-06-24,GEO,Georgia,HPAI,3,0.411,new,mock
EIOS-MOCK-000728,Animal Health,2024-06-27,EGY,Egypt,HPAI,3,0.364,new,mock
EIOS-MOCK-000729,Animal Health,2024-07-01,HUN,Hungary,HPAI,4,0.219,dismissed,mock
EIOS-MOCK-000730,Animal Health,2024-07-03,ROU,Romania,HPAI,2,0.341,new,mock
EIOS-MOCK-000731,Animal Health,2024-07-04,ISR,Israel,HPAI,6,0.504,new,mock
EIOS-MOCK-000732,Animal Health,2024-07-01,EGY,Egypt,HPAI,2,0.559,new,mock
EIOS-MOCK-000733,Animal Health,2024-07-08,BEL,Belgium,HPAI,3,0.723,new,mock
EIOS-MOCK-000734,Animal Health,2024-07-09,HUN,Hungary,HPAI,3,0.052,under_review,mock
EIOS-MOCK-000735,Animal Health,2024-07-09,TUN,Tunisia,HPAI,3,0.453,new,mock
EIOS-MOCK-000736,Animal Health,2024-07-20,NLD,Netherlands,HPAI,2,0.832,under_review,mock
EIOS-MOCK-000737,Animal Health,2024-07-19,ESP,Spain,HPAI,3,0.783,under_review,mock
EIOS-MOCK-000738,Animal Health,2024-07-16,HUN,Hungary,HPAI,4,0.758,dismissed,mock
EIOS-MOCK-000739,Animal Health,2024-07-19,SRB,Serbia,HPAI,3,0.446,under_review,mock
EIOS-MOCK-000740,Animal Health,2024-07-19,UKR,Ukraine,HPAI,2,0.436,new,mock
EIOS-MOCK-000741,Animal Health,2024-07-27,NLD,Netherlands,HPAI,3,0.141,new,mock
EIOS-MOCK-000742,Animal Health,2024-07-25,ESP,Spain,HPAI,5,0.354,under_review,mock
EIOS-MOCK-000743,Animal Health,2024-07-24,ROU,Romania,HPAI,4,0.577,new,mock
EIOS-MOCK-000744,Animal Health,2024-07-27,ISR,Israel,HPAI,5,0.361,under_review,mock
EIOS-MOCK-000745,Animal Health,2024-08-04,POL,Poland,HPAI,5,0.76,dismissed,mock
EIOS-MOCK-000746,Animal Health,2024-08-01,HUN,Hungary,HPAI,3,0.431,under_review,mock
EIOS-MOCK-000747,Animal Health,2024-08-03,MAR,Morocco,HPAI,8,0.391,new,mock
EIOS-MOCK-000748,Animal Health,2024-08-06,DEU,Germany,HPAI,5,0.418,new,mock
EIOS-MOCK-000749,Animal Health,2024-08-09,NLD,Netherlands,HPAI,4,0.453,new,mock
EIOS-MOCK-000750,Animal Health,2024-08-10,RUS,Russian Federation,HPAI,3,0.797,new,mock
EIOS-MOCK-000751,Animal Health,2024-08-09,TUR,Türkiye,HPAI,3,0.513,under_review,mock
EIOS-MOCK-000752,Animal Health,2024-08-11,EGY,Egypt,HPAI,1,0.889,dismissed,mock
EIOS-MOCK-000753,Animal Health,2024-08-08,MAR,Morocco,HPAI,6,0.472,dismissed,mock
EIOS-MOCK-000754,Animal Health,2024-08-17,HUN,Hungary,HPAI,6,0.315,under_review,mock
EIOS-MOCK-000755,Animal Health,2024-08-24,SRB,Serbia,HPAI,3,0.495,dismissed,mock
EIOS-MOCK-000756,Animal Health,2024-08-21,MDA,Moldova,HPAI,5,0.178,under_review,mock
EIOS-MOCK-000757,Animal Health,2024-08-31,NLD,Netherlands,HPAI,4,0.467,dismissed,mock
EIOS-MOCK-000758,Animal Health,2024-08-30,BEL,Belgium,HPAI,3,0.187,under_review,mock
EIOS-MOCK-000759,Animal Health,2024-08-30,BGR,Bulgaria,HPAI,3,0.257,new,mock
EIOS-MOCK-000760,Animal Health,2024-09-03,NLD,Netherlands,HPAI,1,0.405,new,mock
EIOS-MOCK-000761,Animal Health,2024-09-03,ITA,Italy,HPAI,4,0.644,dismissed,mock
EIOS-MOCK-000762,Animal Health,2024-09-08,POL,Poland,HPAI,5,0.75,dismissed,mock
EIOS-MOCK-000763,Animal Health,2024-09-07,RUS,Russian Federation,HPAI,3,0.884,dismissed,mock
EIOS-MOCK-000764,Animal Health,2024-09-08,GEO,Georgia,HPAI,3,0.754,new,mock
EIOS-MOCK-000765,Animal Health,2024-09-05,ISR,Israel,HPAI,5,0.888,new,mock
EIOS-MOCK-000766,Animal Health,2024-09-07,MAR,Morocco,HPAI,1,0.374,under_review,mock
EIOS-MOCK-000767,Animal Health,2024-09-10,ITA,Italy,HPAI,4,0.71,new,mock
EIOS-MOCK-000768,Animal Health,2024-09-14,RUS,Russian Federation,HPAI,5,0.575,new,mock
EIOS-MOCK-000769,Animal Health,2024-09-17,RUS,Russian Federation,HPAI,6,0.141,new,mock
EIOS-MOCK-000770,Animal Health,2024-09-17,TUR,Türkiye,HPAI,3,0.565,dismissed,mock
EIOS-MOCK-000771,Animal Health,2024-09-16,EGY,Egypt,HPAI,3,0.686,new,mock
EIOS-MOCK-000772,Animal Health,2024-10-04,ITA,Italy,HPAI,3,0.782,dismissed,mock
EIOS-MOCK-000773,Animal Health,2024-10-01,GEO,Georgia,HPAI,4,0.78,new,mock
EIOS-MOCK-000774,Animal Health,2024-10-11,HUN,Hungary,HPAI,4,0.624,new,mock
EIOS-MOCK-000775,Animal Health,2024-10-09,EGY,Egypt,HPAI,2,0.735,new,mock
EIOS-MOCK-000776,Animal Health,2024-10-13,MAR,Morocco,HPAI,1,0.766,under_review,mock
EIOS-MOCK-000777,Animal Health,2024-10-20,BGR,Bulgaria,HPAI,2,0.613,new,mock
EIOS-MOCK-000778,Animal Health,2024-10-18,TUR,Türkiye,HPAI,3,0.15,new,mock
EIOS-MOCK-000779,Animal Health,2024-10-26,RUS,Russian Federation,HPAI,2,0.146,new,mock
EIOS-MOCK-000780,Animal Health,2024-11-03,DEU,Germany,HPAI,4,0.811,dismissed,mock
EIOS-MOCK-000781,Animal Health,2024-11-02,ESP,Spain,HPAI,6,0.43,dismissed,mock
EIOS-MOCK-000782,Animal Health,2024-10-28,ROU,Romania,HPAI,4,0.525,new,mock
EIOS-MOCK-000783,Animal Health,2024-11-02,TUR,Türkiye,HPAI,3,0.695,new,mock
EIOS-MOCK-000784,Animal Health,2024-10-29,MAR,Morocco,HPAI,5,0.274,new,mock
EIOS-MOCK-000785,Animal Health,2024-11-07,EGY,Egypt,HPAI,3,0.507,under_review,mock
EIOS-MOCK-000786,Animal Health,2024-11-16,SRB,Serbia,HPAI,4,0.605,under_review,mock
EIOS-MOCK-000787,Animal Health,2024-11-17,MAR,Morocco,HPAI,3,0.55,under_review,mock
EIOS-MOCK-000788,Animal Health,2024-11-18,ITA,Italy,HPAI,7,0.711,under_review,mock
EIOS-MOCK-000789,Animal Health,2024-11-24,SRB,Serbia,HPAI,1,0.338,new,mock
EIOS-MOCK-000790,Animal Health,2024-11-19,GEO,Georgia,HPAI,4,0.472,new,mock
EIOS-MOCK-000791,Animal Health,2024-11-30,NLD,Netherlands,HPAI,1,0.717,new,mock
EIOS-MOCK-000792,Animal Health,2024-11-26,MDA,Moldova,HPAI,6,0.532,new,mock
EIOS-MOCK-000793,Animal Health,2024-12-08,DEU,Germany,HPAI,4,0.423,dismissed,mock
EIOS-MOCK-000794,Animal Health,2024-12-08,POL,Poland,HPAI,3,0.377,under_review,mock
EIOS-MOCK-000795,Animal Health,2024-12-03,HUN,Hungary,HPAI,4,0.787,under_review,mock
EIOS-MOCK-000796,Animal Health,2024-12-07,ROU,Romania,HPAI,2,0.5,new,mock
EIOS-MOCK-000797,Animal Health,2024-12-05,RUS,Russian Federation,HPAI,4,0.337,under_review,mock
EIOS-MOCK-000798,Animal Health,2024-12-06,ISR,Israel,HPAI,4,0.194,new,mock
EIOS-MOCK-000799,Animal Health,2024-12-12,ITA,Italy,HPAI,1,0.318,under_review,mock
EIOS-MOCK-000800,Animal Health,2024-12-11,HUN,Hungary,HPAI,4,0.811,new,mock
EIOS-MOCK-000801,Animal Health,2024-12-15,TUN,Tunisia,HPAI,3,0.679,under_review,mock
EIOS-MOCK-000802,Animal Health,2024-12-20,POL,Poland,HPAI,4,0.283,under_review,mock
EIOS-MOCK-000803,Animal Health,2024-12-19,TUR,Türkiye,HPAI,2,0.404,new,mock
EIOS-MOCK-000804,Animal Health,2024-12-21,EGY,Egypt,HPAI,3,0.287,under_review,mock
EIOS-MOCK-000805,Animal Health,2024-12-23,BGR,Bulgaria,HPAI,2,0.369,new,mock
EIOS-MOCK-000806,Animal Health,2024-12-25,RUS,Russian Federation,HPAI,2,0.368,new,mock
EIOS-MOCK-000807,Animal Health,2024-12-24,EGY,Egypt,HPAI,2,0.755,new,mock
EIOS-MOCK-000808,Animal Health,2025-01-03,ITA,Italy,HPAI,2,0.802,new,mock
EIOS-MOCK-000809,Animal Health,2025-01-01,ESP,Spain,HPAI,1,0.677,new,mock
EIOS-MOCK-000810,Animal Health,2025-01-04,ROU,Romania,HPAI,3,0.576,new,mock
EIOS-MOCK-000811,Animal Health,2024-12-31,UKR,Ukraine,HPAI,6,0.25,new,mock
EIOS-MOCK-000812,Animal Health,2024-12-30,TUR,Türkiye,HPAI,1,0.734,dismissed,mock
EIOS-MOCK-000813,Animal Health,2024-12-30,TUN,Tunisia,HPAI,3,0.765,dismissed,mock
EIOS-MOCK-000814,Animal Health,2025-01-11,NLD,Netherlands,HPAI,2,0.579,under_review,mock
EIOS-MOCK-000815,Animal Health,2025-01-12,ESP,Spain,HPAI,3,0.519,under_review,mock
EIOS-MOCK-000816,Animal Health,2025-01-15,NLD,Netherlands,HPAI,3,0.462,under_review,mock
EIOS-MOCK-000817,Animal Health,2025-01-17,ITA,Italy,HPAI,4,0.524,new,mock
EIOS-MOCK-000818,Animal Health,2025-01-18,SRB,Serbia,HPAI,3,0.57,new,mock
EIOS-MOCK-000819,Animal Health,2025-01-17,ISR,Israel,HPAI,3,0.207,new,mock
EIOS-MOCK-000820,Animal Health,2025-01-24,NLD,Netherlands,HPAI,2,0.83,dismissed,mock
EIOS-MOCK-000821,Animal Health,2025-01-24,ESP,Spain,HPAI,2,0.611,new,mock
EIOS-MOCK-000822,Animal Health,2025-01-26,MDA,Moldova,HPAI,3,0.448,under_review,mock
EIOS-MOCK-000823,Animal Health,2025-01-26,RUS,Russian Federation,HPAI,7,0.353,under_review,mock
EIOS-MOCK-000824,Animal Health,2025-01-28,NLD,Netherlands,HPAI,3,0.198,dismissed,mock
EIOS-MOCK-000825,Animal Health,2025-01-27,ESP,Spain,HPAI,1,0.42,new,mock
EIOS-MOCK-000826,Animal Health,2025-01-29,HUN,Hungary,HPAI,2,0.663,dismissed,mock
EIOS-MOCK-000827,Animal Health,2025-01-27,BGR,Bulgaria,HPAI,2,0.833,dismissed,mock
EIOS-MOCK-000828,Animal Health,2025-01-29,UKR,Ukraine,HPAI,4,0.197,dismissed,mock
EIOS-MOCK-000829,Animal Health,2025-02-08,NLD,Netherlands,HPAI,1,0.566,new,mock
EIOS-MOCK-000830,Animal Health,2025-02-07,ITA,Italy,HPAI,2,0.833,new,mock
EIOS-MOCK-000831,Animal Health,2025-02-08,MDA,Moldova,HPAI,2,0.334,under_review,mock
EIOS-MOCK-000832,Animal Health,2025-02-04,ISR,Israel,HPAI,4,0.255,under_review,mock
EIOS-MOCK-000833,Animal Health,2025-02-07,EGY,Egypt,HPAI,1,0.095,dismissed,mock
EIOS-MOCK-000834,Animal Health,2025-02-16,HUN,Hungary,HPAI,3,0.886,new,mock
EIOS-MOCK-000835,Animal Health,2025-02-18,DEU,Germany,HPAI,5,0.722,new,mock
EIOS-MOCK-000836,Animal Health,2025-02-17,ESP,Spain,HPAI,3,0.529,new,mock
EIOS-MOCK-000837,Animal Health,2025-02-18,BGR,Bulgaria,HPAI,4,0.66,under_review,mock
EIOS-MOCK-000838,Animal Health,2025-02-23,SRB,Serbia,HPAI,7,0.694,under_review,mock
EIOS-MOCK-000839,Animal Health,2025-02-19,RUS,Russian Federation,HPAI,5,0.541,dismissed,mock
EIOS-MOCK-000840,Animal Health,2025-02-19,MAR,Morocco,HPAI,1,0.539,dismissed,mock
EIOS-MOCK-000841,Animal Health,2025-02-24,FRA,France,HPAI,1,0.351,new,mock
EIOS-MOCK-000842,Animal Health,2025-02-25,BGR,Bulgaria,HPAI,2,0.816,new,mock
EIOS-MOCK-000843,Animal Health,2025-03-04,ESP,Spain,HPAI,6,0.789,under_review,mock
EIOS-MOCK-000844,Animal Health,2025-03-05,BGR,Bulgaria,HPAI,3,0.43,dismissed,mock
EIOS-MOCK-000845,Animal Health,2025-03-06,MAR,Morocco,HPAI,2,0.547,dismissed,mock
EIOS-MOCK-000846,Animal Health,2025-03-10,HUN,Hungary,HPAI,3,0.692,new,mock
EIOS-MOCK-000847,Animal Health,2025-03-14,BGR,Bulgaria,HPAI,4,0.487,dismissed,mock
EIOS-MOCK-000848,Animal Health,2025-03-12,SRB,Serbia,HPAI,3,0.818,under_review,mock
EIOS-MOCK-000849,Animal Health,2025-03-22,DEU,Germany,HPAI,6,0.617,under_review,mock
EIOS-MOCK-000850,Animal Health,2025-03-20,RUS,Russian Federation,HPAI,4,0.686,under_review,mock
EIOS-MOCK-000851,Animal Health,2025-03-20,ISR,Israel,HPAI,3,0.776,under_review,mock
EIOS-MOCK-000852,Animal Health,2025-03-23,MAR,Morocco,HPAI,5,0.707,under_review,mock
EIOS-MOCK-000853,Animal Health,2025-03-30,HUN,Hungary,HPAI,4,0.766,under_review,mock
EIOS-MOCK-000854,Animal Health,2025-03-24,ROU,Romania,HPAI,2,0.488,new,mock
EIOS-MOCK-000855,Animal Health,2025-03-31,FRA,France,HPAI,2,0.623,under_review,mock
EIOS-MOCK-000856,Animal Health,2025-04-01,DEU,Germany,HPAI,3,0.364,dismissed,mock
EIOS-MOCK-000857,Animal Health,2025-04-01,EGY,Egypt,HPAI,4,0.753,new,mock
EIOS-MOCK-000858,Animal Health,2025-04-02,MAR,Morocco,HPAI,2,0.598,dismissed,mock
EIOS-MOCK-000859,Animal Health,2025-04-13,FRA,France,HPAI,1,0.141,under_review,mock
EIOS-MOCK-000860,Animal Health,2025-04-12,BEL,Belgium,HPAI,4,0.637,new,mock
EIOS-MOCK-000861,Animal Health,2025-04-09,HUN,Hungary,HPAI,3,0.279,under_review,mock
EIOS-MOCK-000862,Animal Health,2025-04-12,RUS,Russian Federation,HPAI,5,0.629,dismissed,mock
EIOS-MOCK-000863,Animal Health,2025-04-10,GEO,Georgia,HPAI,2,0.62,new,mock
EIOS-MOCK-000864,Animal Health,2025-04-14,BEL,Belgium,HPAI,4,0.404,new,mock
EIOS-MOCK-000865,Animal Health,2025-04-16,POL,Poland,HPAI,5,0.207,under_review,mock
EIOS-MOCK-000866,Animal Health,2025-04-15,EGY,Egypt,HPAI,3,0.645,under_review,mock
EIOS-MOCK-000867,Animal Health,2025-04-23,ITA,Italy,HPAI,3,0.687,under_review,mock
EIOS-MOCK-000868,Animal Health,2025-04-25,ESP,Spain,HPAI,1,0.323,dismissed,mock
EIOS-MOCK-000869,Animal Health,2025-04-22,GEO,Georgia,HPAI,3,0.354,new,mock
EIOS-MOCK-000870,Animal Health,2025-04-24,ISR,Israel,HPAI,5,0.174,dismissed,mock
EIOS-MOCK-000871,Animal Health,2025-04-27,EGY,Egypt,HPAI,4,0.733,new,mock
EIOS-MOCK-000872,Animal Health,2025-04-30,FRA,France,HPAI,2,0.641,dismissed,mock
EIOS-MOCK-000873,Animal Health,2025-05-04,NLD,Netherlands,HPAI,5,0.489,new,mock
EIOS-MOCK-000874,Animal Health,2025-04-28,ROU,Romania,HPAI,3,0.352,dismissed,mock
EIOS-MOCK-000875,Animal Health,2025-04-29,RUS,Russian Federation,HPAI,5,0.274,under_review,mock
EIOS-MOCK-000876,Animal Health,2025-04-28,TUN,Tunisia,HPAI,3,0.446,dismissed,mock
EIOS-MOCK-000877,Animal Health,2025-05-05,TUR,Türkiye,HPAI,1,0.461,under_review,mock
EIOS-MOCK-000878,Animal Health,2025-05-13,TUN,Tunisia,HPAI,4,0.343,dismissed,mock
EIOS-MOCK-000879,Animal Health,2025-05-21,SRB,Serbia,HPAI,7,0.251,new,mock
EIOS-MOCK-000880,Animal Health,2025-05-22,RUS,Russian Federation,HPAI,3,0.238,new,mock
EIOS-MOCK-000881,Animal Health,2025-05-30,BGR,Bulgaria,HPAI,3,0.235,new,mock
EIOS-MOCK-000882,Animal Health,2025-05-26,ISR,Israel,HPAI,6,0.253,dismissed,mock
EIOS-MOCK-000883,Animal Health,2025-05-28,EGY,Egypt,HPAI,2,0.724,new,mock
EIOS-MOCK-000884,Animal Health,2025-05-31,TUN,Tunisia,HPAI,2,0.483,new,mock
EIOS-MOCK-000885,Animal Health,2025-06-08,FRA,France,HPAI,4,0.429,under_review,mock
EIOS-MOCK-000886,Animal Health,2025-06-02,BEL,Belgium,HPAI,1,0.909,new,mock
EIOS-MOCK-000887,Animal Health,2025-06-03,MDA,Moldova,HPAI,2,0.222,dismissed,mock
EIOS-MOCK-000888,Animal Health,2025-06-06,RUS,Russian Federation,HPAI,2,0.52,dismissed,mock
EIOS-MOCK-000889,Animal Health,2025-06-02,TUN,Tunisia,HPAI,5,0.192,new,mock
EIOS-MOCK-000890,Animal Health,2025-06-15,BEL,Belgium,HPAI,4,0.905,new,mock
EIOS-MOCK-000891,Animal Health,2025-06-12,BGR,Bulgaria,HPAI,3,0.356,new,mock
EIOS-MOCK-000892,Animal Health,2025-06-11,UKR,Ukraine,HPAI,5,0.405,under_review,mock
EIOS-MOCK-000893,Animal Health,2025-06-21,BEL,Belgium,HPAI,3,0.705,new,mock
EIOS-MOCK-000894,Animal Health,2025-06-18,RUS,Russian Federation,HPAI,2,0.139,new,mock
EIOS-MOCK-000895,Animal Health,2025-06-16,ISR,Israel,HPAI,3,0.875,new,mock
EIOS-MOCK-000896,Animal Health,2025-06-26,BEL,Belgium,HPAI,2,0.554,dismissed,mock
EIOS-MOCK-000897,Animal Health,2025-06-28,ITA,Italy,HPAI,3,0.335,dismissed,mock
EIOS-MOCK-000898,Animal Health,2025-06-25,GEO,Georgia,HPAI,9,0.487,under_review,mock
EIOS-MOCK-000899,Animal Health,2025-06-27,ISR,Israel,HPAI,3,0.38,new,mock
EIOS-MOCK-000900,Animal Health,2025-07-03,TUR,Türkiye,HPAI,3,0.667,new,mock
EIOS-MOCK-000901,Animal Health,2025-07-07,DEU,Germany,HPAI,2,0.568,dismissed,mock
EIOS-MOCK-000902,Animal Health,2025-07-08,BGR,Bulgaria,HPAI,3,0.88,under_review,mock
EIOS-MOCK-000903,Animal Health,2025-07-11,GEO,Georgia,HPAI,4,0.563,under_review,mock
EIOS-MOCK-000904,Animal Health,2025-07-16,DEU,Germany,HPAI,1,0.779,dismissed,mock
EIOS-MOCK-000905,Animal Health,2025-07-20,ROU,Romania,HPAI,4,0.565,under_review,mock
EIOS-MOCK-000906,Animal Health,2025-07-18,MDA,Moldova,HPAI,2,0.454,dismissed,mock
EIOS-MOCK-000907,Animal Health,2025-07-27,SRB,Serbia,HPAI,3,0.45,dismissed,mock
EIOS-MOCK-000908,Animal Health,2025-07-25,ISR,Israel,HPAI,3,0.549,new,mock
EIOS-MOCK-000909,Animal Health,2025-07-28,ROU,Romania,HPAI,2,0.739,new,mock
EIOS-MOCK-000910,Animal Health,2025-07-30,UKR,Ukraine,HPAI,4,0.919,dismissed,mock
EIOS-MOCK-000911,Animal Health,2025-07-29,RUS,Russian Federation,HPAI,4,0.287,under_review,mock
EIOS-MOCK-000912,Animal Health,2025-08-04,FRA,France,HPAI,2,0.608,dismissed,mock
EIOS-MOCK-000913,Animal Health,2025-08-06,UKR,Ukraine,HPAI,2,0.186,under_review,mock
EIOS-MOCK-000914,Animal Health,2025-08-17,BEL,Belgium,HPAI,5,0.703,under_review,mock
EIOS-MOCK-000915,Animal Health,2025-08-12,HUN,Hungary,HPAI,5,0.493,new,mock
EIOS-MOCK-000916,Animal Health,2025-08-17,GEO,Georgia,HPAI,2,0.737,new,mock
EIOS-MOCK-000917,Animal Health,2025-08-16,ISR,Israel,HPAI,3,0.484,dismissed,mock
EIOS-MOCK-000918,Animal Health,2025-08-24,FRA,France,HPAI,6,0.81,dismissed,mock
EIOS-MOCK-000919,Animal Health,2025-08-18,DEU,Germany,HPAI,4,0.604,under_review,mock
EIOS-MOCK-000920,Animal Health,2025-08-19,GEO,Georgia,HPAI,6,0.631,dismissed,mock
EIOS-MOCK-000921,Animal Health,2025-08-29,FRA,France,HPAI,6,0.375,dismissed,mock
EIOS-MOCK-000922,Animal Health,2025-08-27,NLD,Netherlands,HPAI,3,0.256,new,mock
EIOS-MOCK-000923,Animal Health,2025-08-25,BEL,Belgium,HPAI,5,0.173,new,mock
EIOS-MOCK-000924,Animal Health,2025-08-27,TUR,Türkiye,HPAI,3,0.626,new,mock
EIOS-MOCK-000925,Animal Health,2025-08-27,ISR,Israel,HPAI,2,0.915,new,mock
EIOS-MOCK-000926,Animal Health,2025-09-07,DEU,Germany,HPAI,3,0.642,new,mock
EIOS-MOCK-000927,Animal Health,2025-09-07,ITA,Italy,HPAI,1,0.601,new,mock
EIOS-MOCK-000928,Animal Health,2025-09-01,UKR,Ukraine,HPAI,2,0.624,new,mock
EIOS-MOCK-000929,Animal Health,2025-09-11,NLD,Netherlands,HPAI,3,0.836,under_review,mock
EIOS-MOCK-000930,Animal Health,2025-09-13,SRB,Serbia,HPAI,9,0.503,under_review,mock
EIOS-MOCK-000931,Animal Health,2025-09-08,MAR,Morocco,HPAI,2,0.732,under_review,mock
EIOS-MOCK-000932,Animal Health,2025-09-21,FRA,France,HPAI,2,0.541,under_review,mock
EIOS-MOCK-000933,Animal Health,2025-09-21,BEL,Belgium,HPAI,5,0.815,new,mock
EIOS-MOCK-000934,Animal Health,2025-09-16,BGR,Bulgaria,HPAI,3,0.434,under_review,mock
EIOS-MOCK-000935,Animal Health,2025-09-15,ISR,Israel,HPAI,4,0.672,new,mock
EIOS-MOCK-000936,Animal Health,2025-09-23,DEU,Germany,HPAI,4,0.875,dismissed,mock
EIOS-MOCK-000937,Animal Health,2025-09-24,BEL,Belgium,HPAI,5,0.143,under_review,mock
EIOS-MOCK-000938,Animal Health,2025-09-27,ITA,Italy,HPAI,3,0.034,new,mock
EIOS-MOCK-000939,Animal Health,2025-10-05,FRA,France,HPAI,7,0.407,under_review,mock
EIOS-MOCK-000940,Animal Health,2025-10-01,DEU,Germany,HPAI,3,0.793,new,mock
EIOS-MOCK-000941,Animal Health,2025-10-04,ISR,Israel,HPAI,4,0.876,under_review,mock
EIOS-MOCK-000942,Animal Health,2025-10-10,FRA,France,HPAI,4,0.506,new,mock
EIOS-MOCK-000943,Animal Health,2025-10-09,ITA,Italy,HPAI,1,0.17,under_review,mock
EIOS-MOCK-000944,Animal Health,2025-10-12,ESP,Spain,HPAI,4,0.566,new,mock
EIOS-MOCK-000945,Animal Health,2025-10-06,SRB,Serbia,HPAI,2,0.362,under_review,mock
EIOS-MOCK-000946,Animal Health,2025-10-12,TUN,Tunisia,HPAI,2,0.324,new,mock
EIOS-MOCK-000947,Animal Health,2025-10-17,BGR,Bulgaria,HPAI,3,0.72,new,mock
EIOS-MOCK-000948,Animal Health,2025-10-15,TUR,Türkiye,HPAI,4,0.594,new,mock
EIOS-MOCK-000949,Animal Health,2025-10-16,TUN,Tunisia,HPAI,4,0.679,under_review,mock
EIOS-MOCK-000950,Animal Health,2025-10-20,MDA,Moldova,HPAI,3,0.76,under_review,mock
EIOS-MOCK-000951,Animal Health,2025-11-02,ESP,Spain,HPAI,3,0.473,new,mock
EIOS-MOCK-000952,Animal Health,2025-10-30,MDA,Moldova,HPAI,2,0.697,new,mock
EIOS-MOCK-000953,Animal Health,2025-10-27,RUS,Russian Federation,HPAI,5,0.522,under_review,mock
EIOS-MOCK-000954,Animal Health,2025-10-27,ISR,Israel,HPAI,5,0.32,under_review,mock
EIOS-MOCK-000955,Animal Health,2025-11-09,NLD,Netherlands,HPAI,3,0.655,dismissed,mock
EIOS-MOCK-000956,Animal Health,2025-11-04,BEL,Belgium,HPAI,1,0.511,under_review,mock
EIOS-MOCK-000957,Animal Health,2025-11-04,ESP,Spain,HPAI,7,0.282,under_review,mock
EIOS-MOCK-000958,Animal Health,2025-11-15,FRA,France,HPAI,2,0.273,new,mock
EIOS-MOCK-000959,Animal Health,2025-11-13,SRB,Serbia,HPAI,3,0.306,under_review,mock
EIOS-MOCK-000960,Animal Health,2025-11-10,GEO,Georgia,HPAI,3,0.843,new,mock
EIOS-MOCK-000961,Animal Health,2025-11-13,TUN,Tunisia,HPAI,2,0.272,under_review,mock
EIOS-MOCK-000962,Animal Health,2025-11-22,FRA,France,HPAI,3,0.234,new,mock
EIOS-MOCK-000963,Animal Health,2025-11-21,ITA,Italy,HPAI,6,0.503,dismissed,mock
EIOS-MOCK-000964,Animal Health,2025-11-17,POL,Poland,HPAI,2,0.306,under_review,mock
EIOS-MOCK-000965,Animal Health,2025-11-23,BGR,Bulgaria,HPAI,2,0.505,under_review,mock
EIOS-MOCK-000966,Animal Health,2025-11-28,BGR,Bulgaria,HPAI,2,0.615,dismissed,mock
EIOS-MOCK-000967,Animal Health,2025-11-25,UKR,Ukraine,HPAI,2,0.67,under_review,mock
EIOS-MOCK-000968,Animal Health,2025-11-29,TUR,Türkiye,HPAI,2,0.549,new,mock
EIOS-MOCK-000969,Animal Health,2025-11-24,TUN,Tunisia,HPAI,5,0.263,under_review,mock
EIOS-MOCK-000970,Animal Health,2025-12-14,ISR,Israel,HPAI,2,0.686,new,mock
EIOS-MOCK-000971,Animal Health,2025-12-17,MAR,Morocco,HPAI,4,0.696,dismissed,mock
EIOS-MOCK-000972,Animal Health,2025-12-27,ESP,Spain,HPAI,6,0.723,under_review,mock
EIOS-MOCK-000973,Animal Health,2025-12-24,POL,Poland,HPAI,3,0.567,under_review,mock
EIOS-MOCK-000974,Animal Health,2025-12-22,ROU,Romania,HPAI,1,0.441,new,mock
EIOS-MOCK-000975,Animal Health,2025-12-28,EGY,Egypt,HPAI,2,0.585,dismissed,mock
EIOS-MOCK-000980,Animal Health,2020-01-06,ROU,Romania,ASF,3,0.528,under_review,mock
EIOS-MOCK-000981,Animal Health,2020-01-11,GEO,Georgia,ASF,2,0.917,dismissed,mock
EIOS-MOCK-000982,Animal Health,2020-01-10,MAR,Morocco,ASF,3,0.679,under_review,mock
EIOS-MOCK-000983,Animal Health,2020-01-15,DEU,Germany,ASF,10,0.451,under_review,mock
EIOS-MOCK-000984,Animal Health,2020-01-18,EGY,Egypt,ASF,5,0.943,dismissed,mock
EIOS-MOCK-000985,Animal Health,2020-01-17,MAR,Morocco,ASF,5,0.603,new,mock
EIOS-MOCK-000986,Animal Health,2020-01-24,FRA,France,ASF,4,0.456,new,mock
EIOS-MOCK-000987,Animal Health,2020-01-24,DEU,Germany,ASF,2,0.687,under_review,mock
EIOS-MOCK-000988,Animal Health,2020-01-26,ISR,Israel,ASF,4,0.215,dismissed,mock
EIOS-MOCK-000989,Animal Health,2020-01-26,EGY,Egypt,ASF,4,0.235,under_review,mock
EIOS-MOCK-000990,Animal Health,2020-02-02,UKR,Ukraine,ASF,4,0.448,dismissed,mock
EIOS-MOCK-000991,Animal Health,2020-01-28,RUS,Russian Federation,ASF,4,0.397,new,mock
EIOS-MOCK-000992,Animal Health,2020-01-31,TUN,Tunisia,ASF,4,0.492,under_review,mock
EIOS-MOCK-000993,Animal Health,2020-02-02,MAR,Morocco,ASF,3,0.512,under_review,mock
EIOS-MOCK-000994,Animal Health,2020-02-12,ITA,Italy,ASF,4,0.779,under_review,mock
EIOS-MOCK-000995,Animal Health,2020-02-13,RUS,Russian Federation,ASF,1,0.647,new,mock
EIOS-MOCK-000996,Animal Health,2020-02-17,FRA,France,ASF,3,0.625,dismissed,mock
EIOS-MOCK-000997,Animal Health,2020-02-23,NLD,Netherlands,ASF,3,0.604,new,mock
EIOS-MOCK-000998,Animal Health,2020-02-18,SRB,Serbia,ASF,3,0.28,new,mock
EIOS-MOCK-000999,Animal Health,2020-02-21,GEO,Georgia,ASF,5,0.749,new,mock
EIOS-MOCK-001000,Animal Health,2020-02-27,ITA,Italy,ASF,6,0.275,new,mock
EIOS-MOCK-001001,Animal Health,2020-02-27,ESP,Spain,ASF,1,0.286,under_review,mock
EIOS-MOCK-001002,Animal Health,2020-03-03,MAR,Morocco,ASF,2,0.497,new,mock
EIOS-MOCK-001003,Animal Health,2020-03-09,FRA,France,ASF,5,0.726,new,mock
EIOS-MOCK-001004,Animal Health,2020-03-15,UKR,Ukraine,ASF,1,0.803,new,mock
EIOS-MOCK-001005,Animal Health,2020-03-22,ISR,Israel,ASF,6,0.536,new,mock
EIOS-MOCK-001006,Animal Health,2020-03-28,FRA,France,ASF,3,0.714,dismissed,mock
EIOS-MOCK-001007,Animal Health,2020-03-26,ITA,Italy,ASF,4,0.64,new,mock
EIOS-MOCK-001008,Animal Health,2020-03-25,BGR,Bulgaria,ASF,4,0.639,dismissed,mock
EIOS-MOCK-001009,Animal Health,2020-03-23,EGY,Egypt,ASF,3,0.724,new,mock
EIOS-MOCK-001010,Animal Health,2020-04-05,FRA,France,ASF,2,0.588,new,mock
EIOS-MOCK-001011,Animal Health,2020-04-05,BEL,Belgium,ASF,5,0.676,new,mock
EIOS-MOCK-001012,Animal Health,2020-04-02,ITA,Italy,ASF,3,0.558,dismissed,mock
EIOS-MOCK-001013,Animal Health,2020-03-31,ROU,Romania,ASF,3,0.774,dismissed,mock
EIOS-MOCK-001014,Animal Health,2020-04-06,DEU,Germany,ASF,1,0.748,dismissed,mock
EIOS-MOCK-001015,Animal Health,2020-04-07,POL,Poland,ASF,2,0.212,dismissed,mock
EIOS-MOCK-001016,Animal Health,2020-04-09,TUN,Tunisia,ASF,6,0.673,dismissed,mock
EIOS-MOCK-001017,Animal Health,2020-04-14,HUN,Hungary,ASF,1,0.235,new,mock
EIOS-MOCK-001018,Animal Health,2020-04-15,EGY,Egypt,ASF,4,0.298,under_review,mock
EIOS-MOCK-001019,Animal Health,2020-04-25,FRA,France,ASF,5,0.543,new,mock
EIOS-MOCK-001020,Animal Health,2020-04-26,MDA,Moldova,ASF,8,0.247,under_review,mock
EIOS-MOCK-001021,Animal Health,2020-04-21,TUN,Tunisia,ASF,3,0.494,dismissed,mock
EIOS-MOCK-001022,Animal Health,2020-04-28,ITA,Italy,ASF,4,0.572,new,mock
EIOS-MOCK-001023,Animal Health,2020-05-01,GEO,Georgia,ASF,2,0.496,new,mock
EIOS-MOCK-001024,Animal Health,2020-05-07,NLD,Netherlands,ASF,4,0.391,new,mock
EIOS-MOCK-001025,Animal Health,2020-05-04,ITA,Italy,ASF,3,0.467,dismissed,mock
EIOS-MOCK-001026,Animal Health,2020-05-06,ISR,Israel,ASF,3,0.119,new,mock
EIOS-MOCK-001027,Animal Health,2020-05-09,EGY,Egypt,ASF,4,0.102,under_review,mock
EIOS-MOCK-001028,Animal Health,2020-05-19,DEU,Germany,ASF,4,0.203,new,mock
EIOS-MOCK-001029,Animal Health,2020-05-19,MDA,Moldova,ASF,2,0.496,dismissed,mock
EIOS-MOCK-001030,Animal Health,2020-05-27,UKR,Ukraine,ASF,2,0.703,dismissed,mock
EIOS-MOCK-001031,Animal Health,2020-05-28,ISR,Israel,ASF,3,0.438,dismissed,mock
EIOS-MOCK-001032,Animal Health,2020-05-31,MAR,Morocco,ASF,5,0.484,new,mock
EIOS-MOCK-001033,Animal Health,2020-06-06,POL,Poland,ASF,2,0.767,under_review,mock
EIOS-MOCK-001034,Animal Health,2020-06-07,UKR,Ukraine,ASF,4,0.59,new,mock
EIOS-MOCK-001035,Animal Health,2020-06-01,TUN,Tunisia,ASF,4,0.858,dismissed,mock
EIOS-MOCK-001036,Animal Health,2020-06-09,ESP,Spain,ASF,3,0.145,new,mock
EIOS-MOCK-001037,Animal Health,2020-06-09,ROU,Romania,ASF,3,0.729,new,mock
EIOS-MOCK-001038,Animal Health,2020-06-15,SRB,Serbia,ASF,3,0.783,under_review,mock
EIOS-MOCK-001039,Animal Health,2020-06-19,UKR,Ukraine,ASF,4,0.393,dismissed,mock
EIOS-MOCK-001040,Animal Health,2020-06-27,SRB,Serbia,ASF,5,0.258,new,mock
EIOS-MOCK-001041,Animal Health,2020-06-22,TUR,Türkiye,ASF,1,0.351,under_review,mock
EIOS-MOCK-001042,Animal Health,2020-06-27,GEO,Georgia,ASF,2,0.545,new,mock
EIOS-MOCK-001043,Animal Health,2020-06-30,SRB,Serbia,ASF,3,0.733,new,mock
EIOS-MOCK-001044,Animal Health,2020-06-29,GEO,Georgia,ASF,3,0.464,new,mock
EIOS-MOCK-001045,Animal Health,2020-07-10,BEL,Belgium,ASF,4,0.927,new,mock
EIOS-MOCK-001046,Animal Health,2020-07-08,ITA,Italy,ASF,4,0.682,new,mock
EIOS-MOCK-001047,Animal Health,2020-07-07,HUN,Hungary,ASF,4,0.714,new,mock
EIOS-MOCK-001048,Animal Health,2020-07-12,UKR,Ukraine,ASF,3,0.374,dismissed,mock
EIOS-MOCK-001049,Animal Health,2020-07-07,MDA,Moldova,ASF,3,0.235,new,mock
EIOS-MOCK-001050,Animal Health,2020-07-06,ISR,Israel,ASF,3,0.752,new,mock
EIOS-MOCK-001051,Animal Health,2020-07-18,FRA,France,ASF,5,0.385,dismissed,mock
EIOS-MOCK-001052,Animal Health,2020-07-15,POL,Poland,ASF,5,0.561,new,mock
EIOS-MOCK-001053,Animal Health,2020-07-17,RUS,Russian Federation,ASF,4,0.627,new,mock
EIOS-MOCK-001054,Animal Health,2020-07-21,BEL,Belgium,ASF,4,0.252,new,mock
EIOS-MOCK-001055,Animal Health,2020-07-21,HUN,Hungary,ASF,1,0.241,under_review,mock
EIOS-MOCK-001056,Animal Health,2020-07-23,SRB,Serbia,ASF,2,0.737,dismissed,mock
EIOS-MOCK-001057,Animal Health,2020-07-24,RUS,Russian Federation,ASF,4,0.705,new,mock
EIOS-MOCK-001058,Animal Health,2020-07-22,TUR,Türkiye,ASF,4,0.527,new,mock
EIOS-MOCK-001059,Animal Health,2020-07-22,GEO,Georgia,ASF,3,0.113,dismissed,mock
EIOS-MOCK-001060,Animal Health,2020-07-23,TUN,Tunisia,ASF,1,0.208,new,mock
EIOS-MOCK-001061,Animal Health,2020-07-30,FRA,France,ASF,4,0.227,new,mock
EIOS-MOCK-001062,Animal Health,2020-07-30,BGR,Bulgaria,ASF,6,0.358,dismissed,mock
EIOS-MOCK-001063,Animal Health,2020-08-02,MDA,Moldova,ASF,2,0.249,under_review,mock
EIOS-MOCK-001064,Animal Health,2020-08-01,GEO,Georgia,ASF,2,0.546,under_review,mock
EIOS-MOCK-001065,Animal Health,2020-07-31,ISR,Israel,ASF,2,0.811,under_review,mock
EIOS-MOCK-001066,Animal Health,2020-08-06,BEL,Belgium,ASF,2,0.202,under_review,mock
EIOS-MOCK-001067,Animal Health,2020-08-03,ROU,Romania,ASF,3,0.418,new,mock
EIOS-MOCK-001068,Animal Health,2020-08-09,BGR,Bulgaria,ASF,2,0.389,new,mock
EIOS-MOCK-001069,Animal Health,2020-08-07,SRB,Serbia,ASF,1,0.171,under_review,mock
EIOS-MOCK-001070,Animal Health,2020-08-09,RUS,Russian Federation,ASF,3,0.442,new,mock
EIOS-MOCK-001071,Animal Health,2020-08-11,NLD,Netherlands,ASF,3,0.353,under_review,mock
EIOS-MOCK-001072,Animal Health,2020-08-16,EGY,Egypt,ASF,4,0.73,new,mock
EIOS-MOCK-001073,Animal Health,2020-08-22,HUN,Hungary,ASF,2,0.628,under_review,mock
EIOS-MOCK-001074,Animal Health,2020-08-19,BGR,Bulgaria,ASF,4,0.643,dismissed,mock
EIOS-MOCK-001075,Animal Health,2020-08-22,TUN,Tunisia,ASF,2,0.454,under_review,mock
EIOS-MOCK-001076,Animal Health,2020-08-27,FRA,France,ASF,4,0.45,dismissed,mock
EIOS-MOCK-001077,Animal Health,2020-08-27,NLD,Netherlands,ASF,3,0.229,under_review,mock
EIOS-MOCK-001078,Animal Health,2020-08-27,HUN,Hungary,ASF,3,0.744,dismissed,mock
EIOS-MOCK-001079,Animal Health,2020-09-06,DEU,Germany,ASF,2,0.476,new,mock
EIOS-MOCK-001080,Animal Health,2020-09-05,MDA,Moldova,ASF,5,0.774,dismissed,mock
EIOS-MOCK-001081,Animal Health,2020-09-02,GEO,Georgia,ASF,5,0.504,under_review,mock
EIOS-MOCK-001082,Animal Health,2020-09-09,FRA,France,ASF,2,0.377,new,mock
EIOS-MOCK-001083,Animal Health,2020-09-13,DEU,Germany,ASF,4,0.654,under_review,mock
EIOS-MOCK-001084,Animal Health,2020-09-11,TUR,Türkiye,ASF,2,0.718,dismissed,mock
EIOS-MOCK-001085,Animal Health,2020-09-18,ITA,Italy,ASF,3,0.768,new,mock
EIOS-MOCK-001086,Animal Health,2020-09-19,SRB,Serbia,ASF,3,0.602,under_review,mock
EIOS-MOCK-001087,Animal Health,2020-09-23,DEU,Germany,ASF,3,0.527,new,mock
EIOS-MOCK-001088,Animal Health,2020-09-25,ESP,Spain,ASF,3,0.757,new,mock
EIOS-MOCK-001089,Animal Health,2020-09-22,HUN,Hungary,ASF,5,0.289,new,mock
EIOS-MOCK-001090,Animal Health,2020-10-04,ITA,Italy,ASF,2,0.777,under_review,mock
EIOS-MOCK-001091,Animal Health,2020-10-01,ESP,Spain,ASF,4,0.398,under_review,mock
EIOS-MOCK-001092,Animal Health,2020-09-30,POL,Poland,ASF,5,0.164,new,mock
EIOS-MOCK-001093,Animal Health,2020-10-06,ITA,Italy,ASF,3,0.213,new,mock
EIOS-MOCK-001094,Animal Health,2020-10-08,ESP,Spain,ASF,1,0.676,dismissed,mock
EIOS-MOCK-001095,Animal Health,2020-10-10,POL,Poland,ASF,2,0.288,new,mock
EIOS-MOCK-001096,Animal Health,2020-10-06,BGR,Bulgaria,ASF,2,0.621,new,mock
EIOS-MOCK-001097,Animal Health,2020-10-11,SRB,Serbia,ASF,3,0.283,under_review,mock
EIOS-MOCK-001098,Animal Health,2020-10-07,UKR,Ukraine,ASF,2,0.635,dismissed,mock
EIOS-MOCK-001099,Animal Health,2020-10-06,ISR,Israel,ASF,2,0.57,new,mock
EIOS-MOCK-001100,Animal Health,2020-10-14,FRA,France,ASF,7,0.834,new,mock
EIOS-MOCK-001101,Animal Health,2020-10-16,NLD,Netherlands,ASF,1,0.744,new,mock
EIOS-MOCK-001102,Animal Health,2020-10-13,SRB,Serbia,ASF,3,0.597,dismissed,mock
EIOS-MOCK-001103,Animal Health,2020-10-18,GEO,Georgia,ASF,4,0.544,new,mock
EIOS-MOCK-001104,Animal Health,2020-10-19,FRA,France,ASF,2,0.682,under_review,mock
EIOS-MOCK-001105,Animal Health,2020-10-20,NLD,Netherlands,ASF,3,0.17,new,mock
EIOS-MOCK-001106,Animal Health,2020-10-25,SRB,Serbia,ASF,1,0.546,dismissed,mock
EIOS-MOCK-001107,Animal Health,2020-10-24,EGY,Egypt,ASF,5,0.499,new,mock
EIOS-MOCK-001108,Animal Health,2020-10-23,TUN,Tunisia,ASF,5,0.682,under_review,mock
EIOS-MOCK-001109,Animal Health,2020-10-29,ESP,Spain,ASF,2,0.184,new,mock
EIOS-MOCK-001110,Animal Health,2020-10-30,MAR,Morocco,ASF,6,0.267,dismissed,mock
EIOS-MOCK-001111,Animal Health,2020-11-06,NLD,Netherlands,ASF,3,0.81,new,mock
EIOS-MOCK-001112,Animal Health,2020-11-07,BGR,Bulgaria,ASF,5,0.294,dismissed,mock
EIOS-MOCK-001113,Animal Health,2020-11-02,MDA,Moldova,ASF,4,0.407,under_review,mock
EIOS-MOCK-001114,Animal Health,2020-11-10,TUR,Türkiye,ASF,4,0.686,under_review,mock
EIOS-MOCK-001115,Animal Health,2020-11-22,ISR,Israel,ASF,5,0.612,dismissed,mock
EIOS-MOCK-001116,Animal Health,2020-11-24,BEL,Belgium,ASF,2,0.647,under_review,mock
EIOS-MOCK-001117,Animal Health,2020-11-24,ITA,Italy,ASF,4,0.467,new,mock
EIOS-MOCK-001118,Animal Health,2020-11-23,ROU,Romania,ASF,2,0.25,new,mock
EIOS-MOCK-001119,Animal Health,2020-11-27,MDA,Moldova,ASF,3,0.614,new,mock
EIOS-MOCK-001120,Animal Health,2020-11-28,GEO,Georgia,ASF,2,0.443,dismissed,mock
EIOS-MOCK-001121,Animal Health,2020-12-01,MDA,Moldova,ASF,1,0.332,under_review,mock
EIOS-MOCK-001122,Animal Health,2020-12-03,TUN,Tunisia,ASF,5,0.63,under_review,mock
EIOS-MOCK-001123,Animal Health,2020-12-12,FRA,France,ASF,3,0.316,dismissed,mock
EIOS-MOCK-001124,Animal Health,2020-12-11,POL,Poland,ASF,5,0.421,new,mock
EIOS-MOCK-001125,Animal Health,2020-12-13,HUN,Hungary,ASF,3,0.406,under_review,mock
EIOS-MOCK-001126,Animal Health,2020-12-08,SRB,Serbia,ASF,4,0.517,under_review,mock
EIOS-MOCK-001127,Animal Health,2020-12-10,ISR,Israel,ASF,3,0.685,new,mock
EIOS-MOCK-001128,Animal Health,2020-12-19,BEL,Belgium,ASF,2,0.532,under_review,mock
EIOS-MOCK-001129,Animal Health,2020-12-14,MDA,Moldova,ASF,5,0.599,new,mock
EIOS-MOCK-001130,Animal Health,2020-12-26,ITA,Italy,ASF,2,0.899,under_review,mock
EIOS-MOCK-001131,Animal Health,2020-12-24,BGR,Bulgaria,ASF,2,0.398,new,mock
EIOS-MOCK-001132,Animal Health,2020-12-27,EGY,Egypt,ASF,3,0.388,new,mock
EIOS-MOCK-001133,Animal Health,2021-01-01,ROU,Romania,ASF,2,0.505,new,mock
EIOS-MOCK-001134,Animal Health,2021-01-03,MAR,Morocco,ASF,5,0.123,dismissed,mock
EIOS-MOCK-001135,Animal Health,2021-01-04,NLD,Netherlands,ASF,8,0.329,new,mock
EIOS-MOCK-001136,Animal Health,2021-01-08,UKR,Ukraine,ASF,5,0.293,new,mock
EIOS-MOCK-001137,Animal Health,2021-01-06,EGY,Egypt,ASF,4,0.018,new,mock
EIOS-MOCK-001138,Animal Health,2021-01-06,MAR,Morocco,ASF,2,0.357,new,mock
EIOS-MOCK-001139,Animal Health,2021-01-12,NLD,Netherlands,ASF,2,0.089,new,mock
EIOS-MOCK-001140,Animal Health,2021-01-14,BEL,Belgium,ASF,3,0.661,dismissed,mock
EIOS-MOCK-001141,Animal Health,2021-01-11,POL,Poland,ASF,3,0.397,dismissed,mock
EIOS-MOCK-001142,Animal Health,2021-01-17,BGR,Bulgaria,ASF,4,0.675,new,mock
EIOS-MOCK-001143,Animal Health,2021-01-22,FRA,France,ASF,4,0.628,new,mock
EIOS-MOCK-001144,Animal Health,2021-01-20,ITA,Italy,ASF,3,0.704,under_review,mock
EIOS-MOCK-001145,Animal Health,2021-01-18,HUN,Hungary,ASF,1,0.867,dismissed,mock
EIOS-MOCK-001146,Animal Health,2021-01-23,BGR,Bulgaria,ASF,5,0.099,dismissed,mock
EIOS-MOCK-001147,Animal Health,2021-01-31,BEL,Belgium,ASF,8,0.813,new,mock
EIOS-MOCK-001148,Animal Health,2021-01-28,BGR,Bulgaria,ASF,3,0.205,dismissed,mock
EIOS-MOCK-001149,Animal Health,2021-01-28,MAR,Morocco,ASF,2,0.39,under_review,mock
EIOS-MOCK-001150,Animal Health,2021-02-05,BEL,Belgium,ASF,5,0.308,dismissed,mock
EIOS-MOCK-001151,Animal Health,2021-02-07,SRB,Serbia,ASF,6,0.176,new,mock
EIOS-MOCK-001152,Animal Health,2021-02-03,MDA,Moldova,ASF,5,0.281,new,mock
EIOS-MOCK-001153,Animal Health,2021-02-07,TUR,Türkiye,ASF,6,0.412,dismissed,mock
EIOS-MOCK-001154,Animal Health,2021-02-12,FRA,France,ASF,6,0.287,under_review,mock
EIOS-MOCK-001155,Animal Health,2021-02-09,DEU,Germany,ASF,6,0.593,new,mock
EIOS-MOCK-001156,Animal Health,2021-02-11,ROU,Romania,ASF,5,0.763,dismissed,mock
EIOS-MOCK-001157,Animal Health,2021-02-14,SRB,Serbia,ASF,5,0.52,under_review,mock
EIOS-MOCK-001158,Animal Health,2021-02-09,TUR,Türkiye,ASF,3,0.566,new,mock
EIOS-MOCK-001159,Animal Health,2021-02-11,MAR,Morocco,ASF,2,0.803,new,mock
EIOS-MOCK-001160,Animal Health,2021-02-15,NLD,Netherlands,ASF,7,0.739,dismissed,mock
EIOS-MOCK-001161,Animal Health,2021-02-17,BEL,Belgium,ASF,3,0.486,dismissed,mock
EIOS-MOCK-001162,Animal Health,2021-02-18,ROU,Romania,ASF,2,0.423,new,mock
EIOS-MOCK-001163,Animal Health,2021-02-23,BGR,Bulgaria,ASF,2,0.324,under_review,mock
EIOS-MOCK-001164,Animal Health,2021-02-26,UKR,Ukraine,ASF,6,0.486,new,mock
EIOS-MOCK-001165,Animal Health,2021-02-25,RUS,Russian Federation,ASF,5,0.465,under_review,mock
EIOS-MOCK-001166,Animal Health,2021-02-23,ISR,Israel,ASF,3,0.668,under_review,mock
EIOS-MOCK-001167,Animal Health,2021-02-28,MAR,Morocco,ASF,4,0.587,dismissed,mock
EIOS-MOCK-001168,Animal Health,2021-03-06,ESP,Spain,ASF,5,0.215,new,mock
EIOS-MOCK-001169,Animal Health,2021-03-03,HUN,Hungary,ASF,2,0.794,new,mock
EIOS-MOCK-001170,Animal Health,2021-03-04,ROU,Romania,ASF,3,0.391,new,mock
EIOS-MOCK-001171,Animal Health,2021-03-11,NLD,Netherlands,ASF,6,0.462,new,mock
EIOS-MOCK-001172,Animal Health,2021-03-11,UKR,Ukraine,ASF,2,0.515,new,mock
EIOS-MOCK-001173,Animal Health,2021-03-08,MAR,Morocco,ASF,5,0.686,under_review,mock
EIOS-MOCK-001174,Animal Health,2021-03-20,ITA,Italy,ASF,2,0.745,under_review,mock
EIOS-MOCK-001175,Animal Health,2021-03-17,HUN,Hungary,ASF,6,0.71,under_review,mock
EIOS-MOCK-001176,Animal Health,2021-03-18,ROU,Romania,ASF,5,0.424,dismissed,mock
EIOS-MOCK-001177,Animal Health,2021-03-18,GEO,Georgia,ASF,2,0.24,under_review,mock
EIOS-MOCK-001178,Animal Health,2021-03-16,TUN,Tunisia,ASF,4,0.23,new,mock
EIOS-MOCK-001179,Animal Health,2021-03-26,ROU,Romania,ASF,4,0.207,under_review,mock
EIOS-MOCK-001180,Animal Health,2021-03-23,GEO,Georgia,ASF,3,0.682,under_review,mock
EIOS-MOCK-001181,Animal Health,2021-03-27,EGY,Egypt,ASF,5,0.843,under_review,mock
EIOS-MOCK-001182,Animal Health,2021-03-30,FRA,France,ASF,4,0.316,new,mock
EIOS-MOCK-001183,Animal Health,2021-04-04,SRB,Serbia,ASF,3,0.656,new,mock
EIOS-MOCK-001184,Animal Health,2021-03-30,UKR,Ukraine,ASF,4,0.569,under_review,mock
EIOS-MOCK-001185,Animal Health,2021-04-01,EGY,Egypt,ASF,5,0.738,new,mock
EIOS-MOCK-001186,Animal Health,2021-04-06,RUS,Russian Federation,ASF,2,0.815,dismissed,mock
EIOS-MOCK-001187,Animal Health,2021-04-16,ITA,Italy,ASF,5,0.263,under_review,mock
EIOS-MOCK-001188,Animal Health,2021-04-16,TUN,Tunisia,ASF,4,0.762,new,mock
EIOS-MOCK-001189,Animal Health,2021-04-22,DEU,Germany,ASF,4,0.531,new,mock
EIOS-MOCK-001190,Animal Health,2021-04-19,BEL,Belgium,ASF,4,0.784,under_review,mock
EIOS-MOCK-001191,Animal Health,2021-04-23,BGR,Bulgaria,ASF,2,0.55,dismissed,mock
EIOS-MOCK-001192,Animal Health,2021-04-25,MDA,Moldova,ASF,2,0.399,under_review,mock
EIOS-MOCK-001193,Animal Health,2021-04-26,FRA,France,ASF,7,0.616,dismissed,mock
EIOS-MOCK-001194,Animal Health,2021-04-27,NLD,Netherlands,ASF,5,0.305,new,mock
EIOS-MOCK-001195,Animal Health,2021-05-01,BEL,Belgium,ASF,1,0.159,dismissed,mock
EIOS-MOCK-001196,Animal Health,2021-04-30,POL,Poland,ASF,6,0.23,under_review,mock
EIOS-MOCK-001197,Animal Health,2021-04-29,SRB,Serbia,ASF,5,0.754,dismissed,mock
EIOS-MOCK-001198,Animal Health,2021-04-26,EGY,Egypt,ASF,3,0.791,new,mock
EIOS-MOCK-001199,Animal Health,2021-04-30,MAR,Morocco,ASF,10,0.229,under_review,mock
EIOS-MOCK-001200,Animal Health,2021-05-03,EGY,Egypt,ASF,5,0.246,under_review,mock
EIOS-MOCK-001201,Animal Health,2021-05-14,NLD,Netherlands,ASF,4,0.725,under_review,mock
EIOS-MOCK-001202,Animal Health,2021-05-11,BEL,Belgium,ASF,3,0.499,dismissed,mock
EIOS-MOCK-001203,Animal Health,2021-05-10,POL,Poland,ASF,7,0.672,under_review,mock
EIOS-MOCK-001204,Animal Health,2021-05-11,HUN,Hungary,ASF,5,0.577,new,mock
EIOS-MOCK-001205,Animal Health,2021-05-16,SRB,Serbia,ASF,2,0.721,under_review,mock
EIOS-MOCK-001206,Animal Health,2021-05-11,MDA,Moldova,ASF,5,0.413,dismissed,mock
EIOS-MOCK-001207,Animal Health,2021-05-23,FRA,France,ASF,4,0.499,new,mock
EIOS-MOCK-001208,Animal Health,2021-05-22,NLD,Netherlands,ASF,4,0.368,new,mock
EIOS-MOCK-001209,Animal Health,2021-05-19,ESP,Spain,ASF,4,0.632,new,mock
EIOS-MOCK-001210,Animal Health,2021-05-21,SRB,Serbia,ASF,3,0.785,new,mock
EIOS-MOCK-001211,Animal Health,2021-05-22,ISR,Israel,ASF,2,0.557,new,mock
EIOS-MOCK-001212,Animal Health,2021-05-21,EGY,Egypt,ASF,4,0.893,new,mock
EIOS-MOCK-001213,Animal Health,2021-05-26,POL,Poland,ASF,3,0.261,dismissed,mock
EIOS-MOCK-001214,Animal Health,2021-05-26,HUN,Hungary,ASF,3,0.336,new,mock
EIOS-MOCK-001215,Animal Health,2021-05-30,ROU,Romania,ASF,4,0.494,new,mock
EIOS-MOCK-001216,Animal Health,2021-05-24,MAR,Morocco,ASF,2,0.276,dismissed,mock
EIOS-MOCK-001217,Animal Health,2021-06-01,MDA,Moldova,ASF,3,0.65,dismissed,mock
EIOS-MOCK-001218,Animal Health,2021-06-06,RUS,Russian Federation,ASF,5,0.204,new,mock
EIOS-MOCK-001219,Animal Health,2021-06-04,ISR,Israel,ASF,5,0.369,under_review,mock
EIOS-MOCK-001220,Animal Health,2021-06-12,FRA,France,ASF,1,0.775,under_review,mock
EIOS-MOCK-001221,Animal Health,2021-06-08,POL,Poland,ASF,5,0.871,new,mock
EIOS-MOCK-001222,Animal Health,2021-06-08,HUN,Hungary,ASF,2,0.597,under_review,mock
EIOS-MOCK-001223,Animal Health,2021-06-11,SRB,Serbia,ASF,3,0.089,new,mock
EIOS-MOCK-001224,Animal Health,2021-06-19,FRA,France,ASF,3,0.579,new,mock
EIOS-MOCK-001225,Animal Health,2021-06-18,HUN,Hungary,ASF,3,0.399,under_review,mock
EIOS-MOCK-001226,Animal Health,2021-06-19,ISR,Israel,ASF,4,0.799,new,mock
EIOS-MOCK-001227,Animal Health,2021-06-23,FRA,France,ASF,4,0.377,under_review,mock
EIOS-MOCK-001228,Animal Health,2021-06-26,RUS,Russian Federation,ASF,3,0.691,new,mock
EIOS-MOCK-001229,Animal Health,2021-06-24,MAR,Morocco,ASF,2,0.424,new,mock
EIOS-MOCK-001230,Animal Health,2021-06-28,ITA,Italy,ASF,4,0.866,new,mock
EIOS-MOCK-001231,Animal Health,2021-06-29,RUS,Russian Federation,ASF,4,0.401,new,mock
EIOS-MOCK-001232,Animal Health,2021-07-09,FRA,France,ASF,1,0.048,under_review,mock
EIOS-MOCK-001233,Animal Health,2021-07-05,DEU,Germany,ASF,3,0.74,new,mock
EIOS-MOCK-001234,Animal Health,2021-07-10,BEL,Belgium,ASF,5,0.337,new,mock
EIOS-MOCK-001235,Animal Health,2021-07-09,HUN,Hungary,ASF,4,0.465,under_review,mock
EIOS-MOCK-001236,Animal Health,2021-07-06,TUR,Türkiye,ASF,5,0.566,new,mock
EIOS-MOCK-001237,Animal Health,2021-07-08,TUN,Tunisia,ASF,3,0.54,dismissed,mock
EIOS-MOCK-001238,Animal Health,2021-07-07,MAR,Morocco,ASF,3,0.315,new,mock
EIOS-MOCK-001239,Animal Health,2021-07-12,FRA,France,ASF,1,0.255,under_review,mock
EIOS-MOCK-001240,Animal Health,2021-07-15,GEO,Georgia,ASF,6,0.133,dismissed,mock
EIOS-MOCK-001241,Animal Health,2021-07-14,TUN,Tunisia,ASF,3,0.887,new,mock
EIOS-MOCK-001242,Animal Health,2021-07-20,BGR,Bulgaria,ASF,4,0.814,under_review,mock
EIOS-MOCK-001243,Animal Health,2021-07-22,SRB,Serbia,ASF,5,0.65,new,mock
EIOS-MOCK-001244,Animal Health,2021-07-22,MAR,Morocco,ASF,6,0.407,dismissed,mock
EIOS-MOCK-001245,Animal Health,2021-07-29,SRB,Serbia,ASF,3,0.32,new,mock
EIOS-MOCK-001246,Animal Health,2021-07-26,MDA,Moldova,ASF,3,0.711,under_review,mock
EIOS-MOCK-001247,Animal Health,2021-08-09,FRA,France,ASF,1,0.376,new,mock
EIOS-MOCK-001248,Animal Health,2021-08-09,POL,Poland,ASF,3,0.695,new,mock
EIOS-MOCK-001249,Animal Health,2021-08-12,EGY,Egypt,ASF,2,0.456,new,mock
EIOS-MOCK-001250,Animal Health,2021-08-16,BEL,Belgium,ASF,2,0.239,new,mock
EIOS-MOCK-001251,Animal Health,2021-08-16,RUS,Russian Federation,ASF,4,0.472,new,mock
EIOS-MOCK-001252,Animal Health,2021-08-21,GEO,Georgia,ASF,3,0.7,under_review,mock
EIOS-MOCK-001253,Animal Health,2021-08-27,DEU,Germany,ASF,5,0.661,under_review,mock
EIOS-MOCK-001254,Animal Health,2021-08-29,TUR,Türkiye,ASF,5,0.515,under_review,mock
EIOS-MOCK-001255,Animal Health,2021-08-27,EGY,Egypt,ASF,4,0.386,dismissed,mock
EIOS-MOCK-001256,Animal Health,2021-09-05,SRB,Serbia,ASF,1,0.532,new,mock
EIOS-MOCK-001257,Animal Health,2021-08-31,EGY,Egypt,ASF,4,0.645,new,mock
EIOS-MOCK-001258,Animal Health,2021-09-12,UKR,Ukraine,ASF,2,0.952,new,mock
EIOS-MOCK-001259,Animal Health,2021-09-09,EGY,Egypt,ASF,5,0.45,new,mock
EIOS-MOCK-001260,Animal Health,2021-09-17,NLD,Netherlands,ASF,7,0.414,new,mock
EIOS-MOCK-001261,Animal Health,2021-09-19,HUN,Hungary,ASF,6,0.739,under_review,mock
EIOS-MOCK-001262,Animal Health,2021-09-16,ROU,Romania,ASF,1,0.631,under_review,mock
EIOS-MOCK-001263,Animal Health,2021-09-24,NLD,Netherlands,ASF,3,0.602,dismissed,mock
EIOS-MOCK-001264,Animal Health,2021-09-20,ROU,Romania,ASF,3,0.382,new,mock
EIOS-MOCK-001265,Animal Health,2021-09-23,TUR,Türkiye,ASF,5,0.221,new,mock
EIOS-MOCK-001266,Animal Health,2021-09-23,ISR,Israel,ASF,1,0.758,under_review,mock
EIOS-MOCK-001267,Animal Health,2021-09-22,TUN,Tunisia,ASF,5,0.491,under_review,mock
EIOS-MOCK-001268,Animal Health,2021-09-30,FRA,France,ASF,3,0.381,new,mock
EIOS-MOCK-001269,Animal Health,2021-09-28,ITA,Italy,ASF,3,0.237,under_review,mock
EIOS-MOCK-001270,Animal Health,2021-09-30,POL,Poland,ASF,4,0.453,new,mock
EIOS-MOCK-001271,Animal Health,2021-09-29,TUN,Tunisia,ASF,3,0.768,dismissed,mock
EIOS-MOCK-001272,Animal Health,2021-10-06,NLD,Netherlands,ASF,6,0.278,new,mock
EIOS-MOCK-001273,Animal Health,2021-10-06,RUS,Russian Federation,ASF,2,0.662,dismissed,mock
EIOS-MOCK-001274,Animal Health,2021-10-09,EGY,Egypt,ASF,2,0.565,new,mock
EIOS-MOCK-001275,Animal Health,2021-10-04,TUN,Tunisia,ASF,2,0.574,new,mock
EIOS-MOCK-001276,Animal Health,2021-10-11,ISR,Israel,ASF,3,0.23,dismissed,mock
EIOS-MOCK-001277,Animal Health,2021-10-11,EGY,Egypt,ASF,2,0.565,new,mock
EIOS-MOCK-001278,Animal Health,2021-10-20,HUN,Hungary,ASF,5,0.829,new,mock
EIOS-MOCK-001279,Animal Health,2021-10-22,BGR,Bulgaria,ASF,2,0.222,under_review,mock
EIOS-MOCK-001280,Animal Health,2021-10-21,GEO,Georgia,ASF,5,0.626,new,mock
EIOS-MOCK-001281,Animal Health,2021-10-24,TUN,Tunisia,ASF,1,0.504,new,mock
EIOS-MOCK-001282,Animal Health,2021-10-26,FRA,France,ASF,2,0.271,dismissed,mock
EIOS-MOCK-001283,Animal Health,2021-10-31,ESP,Spain,ASF,3,0.352,new,mock
EIOS-MOCK-001284,Animal Health,2021-10-25,HUN,Hungary,ASF,4,0.553,new,mock
EIOS-MOCK-001285,Animal Health,2021-10-26,TUN,Tunisia,ASF,3,0.734,under_review,mock
EIOS-MOCK-001286,Animal Health,2021-11-03,FRA,France,ASF,1,0.473,under_review,mock
EIOS-MOCK-001287,Animal Health,2021-11-06,UKR,Ukraine,ASF,1,0.48,new,mock
EIOS-MOCK-001288,Animal Health,2021-11-02,TUR,Türkiye,ASF,2,0.427,new,mock
EIOS-MOCK-001289,Animal Health,2021-11-06,MAR,Morocco,ASF,7,0.101,dismissed,mock
EIOS-MOCK-001290,Animal Health,2021-11-10,DEU,Germany,ASF,1,0.649,new,mock
EIOS-MOCK-001291,Animal Health,2021-11-08,POL,Poland,ASF,1,0.834,dismissed,mock
EIOS-MOCK-001292,Animal Health,2021-11-08,TUN,Tunisia,ASF,3,0.473,new,mock
EIOS-MOCK-001293,Animal Health,2021-11-08,MAR,Morocco,ASF,6,0.967,dismissed,mock
EIOS-MOCK-001294,Animal Health,2021-11-20,ROU,Romania,ASF,3,0.587,under_review,mock
EIOS-MOCK-001295,Animal Health,2021-11-16,RUS,Russian Federation,ASF,2,0.652,under_review,mock
EIOS-MOCK-001296,Animal Health,2021-11-17,TUR,Türkiye,ASF,1,0.681,new,mock
EIOS-MOCK-001297,Animal Health,2021-11-28,HUN,Hungary,ASF,5,0.19,new,mock
EIOS-MOCK-001298,Animal Health,2021-11-27,BGR,Bulgaria,ASF,4,0.269,dismissed,mock
EIOS-MOCK-001299,Animal Health,2021-11-23,EGY,Egypt,ASF,4,0.674,under_review,mock
EIOS-MOCK-001300,Animal Health,2021-11-27,MAR,Morocco,ASF,2,0.341,under_review,mock
EIOS-MOCK-001301,Animal Health,2021-12-10,POL,Poland,ASF,5,0.041,new,mock
EIOS-MOCK-001302,Animal Health,2021-12-14,ITA,Italy,ASF,4,0.342,dismissed,mock
EIOS-MOCK-001303,Animal Health,2021-12-18,ESP,Spain,ASF,1,0.735,new,mock
EIOS-MOCK-001304,Animal Health,2021-12-16,MDA,Moldova,ASF,2,0.293,under_review,mock
EIOS-MOCK-001305,Animal Health,2021-12-17,MAR,Morocco,ASF,5,0.605,new,mock
EIOS-MOCK-001306,Animal Health,2021-12-20,ITA,Italy,ASF,2,0.478,dismissed,mock
EIOS-MOCK-001307,Animal Health,2022-01-02,FRA,France,ASF,4,0.274,new,mock
EIOS-MOCK-001308,Animal Health,2021-12-27,DEU,Germany,ASF,2,0.4,under_review,mock
EIOS-MOCK-001309,Animal Health,2021-12-29,HUN,Hungary,ASF,4,0.601,new,mock
EIOS-MOCK-001310,Animal Health,2022-01-04,NLD,Netherlands,ASF,3,0.684,under_review,mock
EIOS-MOCK-001311,Animal Health,2022-01-07,ITA,Italy,ASF,3,0.529,under_review,mock
EIOS-MOCK-001312,Animal Health,2022-01-06,ESP,Spain,ASF,2,0.451,under_review,mock
EIOS-MOCK-001313,Animal Health,2022-01-06,SRB,Serbia,ASF,3,0.778,dismissed,mock
EIOS-MOCK-001314,Animal Health,2022-01-05,GEO,Georgia,ASF,5,0.555,under_review,mock
EIOS-MOCK-001315,Animal Health,2022-01-15,ESP,Spain,ASF,3,0.127,dismissed,mock
EIOS-MOCK-001316,Animal Health,2022-01-13,ROU,Romania,ASF,3,0.289,under_review,mock
EIOS-MOCK-001317,Animal Health,2022-01-10,GEO,Georgia,ASF,5,0.377,new,mock
EIOS-MOCK-001318,Animal Health,2022-01-20,GEO,Georgia,ASF,3,0.287,new,mock
EIOS-MOCK-001319,Animal Health,2022-01-17,ISR,Israel,ASF,3,0.562,under_review,mock
EIOS-MOCK-001320,Animal Health,2022-01-30,ITA,Italy,ASF,3,0.377,new,mock
EIOS-MOCK-001321,Animal Health,2022-01-26,HUN,Hungary,ASF,1,0.687,under_review,mock
EIOS-MOCK-001322,Animal Health,2022-01-25,MDA,Moldova,ASF,2,0.481,new,mock
EIOS-MOCK-001323,Animal Health,2022-01-27,ISR,Israel,ASF,2,0.773,under_review,mock
EIOS-MOCK-001324,Animal Health,2022-01-31,ESP,Spain,ASF,3,0.479,dismissed,mock
EIOS-MOCK-001325,Animal Health,2022-02-01,POL,Poland,ASF,1,0.126,new,mock
EIOS-MOCK-001326,Animal Health,2022-02-05,HUN,Hungary,ASF,5,0.114,dismissed,mock
EIOS-MOCK-001327,Animal Health,2022-02-05,SRB,Serbia,ASF,6,0.223,new,mock
EIOS-MOCK-001328,Animal Health,2022-02-10,NLD,Netherlands,ASF,1,0.209,new,mock
EIOS-MOCK-001329,Animal Health,2022-02-10,ITA,Italy,ASF,1,0.353,dismissed,mock
EIOS-MOCK-001330,Animal Health,2022-02-13,TUR,Türkiye,ASF,5,0.356,dismissed,mock
EIOS-MOCK-001331,Animal Health,2022-02-20,BEL,Belgium,ASF,3,0.584,new,mock
EIOS-MOCK-001332,Animal Health,2022-02-18,UKR,Ukraine,ASF,3,0.822,dismissed,mock
EIOS-MOCK-001333,Animal Health,2022-02-27,DEU,Germany,ASF,2,0.607,under_review,mock
EIOS-MOCK-001334,Animal Health,2022-02-22,BEL,Belgium,ASF,6,0.663,new,mock
EIOS-MOCK-001335,Animal Health,2022-02-22,HUN,Hungary,ASF,4,0.823,new,mock
EIOS-MOCK-001336,Animal Health,2022-02-21,EGY,Egypt,ASF,4,0.496,new,mock
EIOS-MOCK-001337,Animal Health,2022-02-22,MAR,Morocco,ASF,7,0.769,under_review,mock
EIOS-MOCK-001338,Animal Health,2022-03-05,FRA,France,ASF,5,0.607,under_review,mock
EIOS-MOCK-001339,Animal Health,2022-03-03,SRB,Serbia,ASF,2,0.584,under_review,mock
EIOS-MOCK-001340,Animal Health,2022-03-09,BEL,Belgium,ASF,2,0.827,dismissed,mock
EIOS-MOCK-001341,Animal Health,2022-03-13,MDA,Moldova,ASF,4,0.349,dismissed,mock
EIOS-MOCK-001342,Animal Health,2022-03-12,ISR,Israel,ASF,3,0.683,under_review,mock
EIOS-MOCK-001343,Animal Health,2022-03-14,FRA,France,ASF,6,0.284,under_review,mock
EIOS-MOCK-001344,Animal Health,2022-03-19,BEL,Belgium,ASF,4,0.564,under_review,mock
EIOS-MOCK-001345,Animal Health,2022-03-18,ESP,Spain,ASF,3,0.26,new,mock
EIOS-MOCK-001346,Animal Health,2022-03-14,SRB,Serbia,ASF,3,0.32,new,mock
EIOS-MOCK-001347,Animal Health,2022-03-16,TUR,Türkiye,ASF,4,0.329,new,mock
EIOS-MOCK-001348,Animal Health,2022-03-21,ROU,Romania,ASF,4,0.683,dismissed,mock
EIOS-MOCK-001349,Animal Health,2022-03-26,SRB,Serbia,ASF,1,0.126,new,mock
EIOS-MOCK-001350,Animal Health,2022-04-02,DEU,Germany,ASF,4,0.62,under_review,mock
EIOS-MOCK-001351,Animal Health,2022-04-01,HUN,Hungary,ASF,4,0.637,new,mock
EIOS-MOCK-001352,Animal Health,2022-03-30,MDA,Moldova,ASF,1,0.658,dismissed,mock
EIOS-MOCK-001353,Animal Health,2022-03-29,RUS,Russian Federation,ASF,2,0.859,under_review,mock
EIOS-MOCK-001354,Animal Health,2022-04-02,TUR,Türkiye,ASF,9,0.613,new,mock
EIOS-MOCK-001355,Animal Health,2022-03-31,GEO,Georgia,ASF,3,0.53,new,mock
EIOS-MOCK-001356,Animal Health,2022-03-29,MAR,Morocco,ASF,3,0.389,under_review,mock
EIOS-MOCK-001357,Animal Health,2022-04-07,UKR,Ukraine,ASF,4,0.428,new,mock
EIOS-MOCK-001358,Animal Health,2022-04-15,BEL,Belgium,ASF,3,0.24,new,mock
EIOS-MOCK-001359,Animal Health,2022-04-14,POL,Poland,ASF,3,0.704,new,mock
EIOS-MOCK-001360,Animal Health,2022-04-17,UKR,Ukraine,ASF,4,0.505,new,mock
EIOS-MOCK-001361,Animal Health,2022-04-18,DEU,Germany,ASF,2,0.58,new,mock
EIOS-MOCK-001362,Animal Health,2022-04-18,NLD,Netherlands,ASF,7,0.366,under_review,mock
EIOS-MOCK-001363,Animal Health,2022-04-22,ROU,Romania,ASF,4,0.501,new,mock
EIOS-MOCK-001364,Animal Health,2022-04-23,UKR,Ukraine,ASF,3,0.741,under_review,mock
EIOS-MOCK-001365,Animal Health,2022-05-01,POL,Poland,ASF,4,0.302,under_review,mock
EIOS-MOCK-001366,Animal Health,2022-04-30,TUR,Türkiye,ASF,4,0.788,new,mock
EIOS-MOCK-001367,Animal Health,2022-05-03,BEL,Belgium,ASF,5,0.688,new,mock
EIOS-MOCK-001368,Animal Health,2022-05-04,RUS,Russian Federation,ASF,1,0.63,under_review,mock
EIOS-MOCK-001369,Animal Health,2022-05-06,ISR,Israel,ASF,6,0.374,new,mock
EIOS-MOCK-001370,Animal Health,2022-05-04,EGY,Egypt,ASF,3,0.818,dismissed,mock
EIOS-MOCK-001371,Animal Health,2022-05-05,TUN,Tunisia,ASF,2,0.248,new,mock
EIOS-MOCK-001372,Animal Health,2022-05-15,POL,Poland,ASF,2,0.705,under_review,mock
EIOS-MOCK-001373,Animal Health,2022-05-18,ITA,Italy,ASF,3,0.486,under_review,mock
EIOS-MOCK-001374,Animal Health,2022-05-22,MDA,Moldova,ASF,4,0.736,new,mock
EIOS-MOCK-001375,Animal Health,2022-05-18,TUN,Tunisia,ASF,2,0.811,new,mock
EIOS-MOCK-001376,Animal Health,2022-05-24,ESP,Spain,ASF,1,0.692,new,mock
EIOS-MOCK-001377,Animal Health,2022-05-26,UKR,Ukraine,ASF,2,0.615,dismissed,mock
EIOS-MOCK-001378,Animal Health,2022-05-25,TUR,Türkiye,ASF,6,0.652,under_review,mock
EIOS-MOCK-001379,Animal Health,2022-05-28,GEO,Georgia,ASF,1,0.782,under_review,mock
EIOS-MOCK-001380,Animal Health,2022-05-29,MAR,Morocco,ASF,3,0.551,dismissed,mock
EIOS-MOCK-001381,Animal Health,2022-05-30,ROU,Romania,ASF,2,0.351,under_review,mock
EIOS-MOCK-001382,Animal Health,2022-06-04,MDA,Moldova,ASF,4,0.592,under_review,mock
EIOS-MOCK-001383,Animal Health,2022-06-05,TUR,Türkiye,ASF,5,0.815,new,mock
EIOS-MOCK-001384,Animal Health,2022-06-08,DEU,Germany,ASF,4,0.676,under_review,mock
EIOS-MOCK-001385,Animal Health,2022-06-09,ESP,Spain,ASF,7,0.192,new,mock
EIOS-MOCK-001386,Animal Health,2022-06-10,POL,Poland,ASF,5,0.785,under_review,mock
EIOS-MOCK-001387,Animal Health,2022-06-11,BGR,Bulgaria,ASF,3,0.128,under_review,mock
EIOS-MOCK-001388,Animal Health,2022-06-09,RUS,Russian Federation,ASF,3,0.461,dismissed,mock
EIOS-MOCK-001389,Animal Health,2022-06-15,FRA,France,ASF,2,0.498,dismissed,mock
EIOS-MOCK-001390,Animal Health,2022-06-15,DEU,Germany,ASF,3,0.626,new,mock
EIOS-MOCK-001391,Animal Health,2022-06-17,HUN,Hungary,ASF,3,0.871,new,mock
EIOS-MOCK-001392,Animal Health,2022-06-24,FRA,France,ASF,4,0.382,new,mock
EIOS-MOCK-001393,Animal Health,2022-06-20,NLD,Netherlands,ASF,7,0.376,under_review,mock
EIOS-MOCK-001394,Animal Health,2022-06-22,HUN,Hungary,ASF,5,0.53,new,mock
EIOS-MOCK-001395,Animal Health,2022-06-24,UKR,Ukraine,ASF,4,0.44,new,mock
EIOS-MOCK-001396,Animal Health,2022-06-22,GEO,Georgia,ASF,6,0.842,new,mock
EIOS-MOCK-001397,Animal Health,2022-06-30,ROU,Romania,ASF,3,0.336,new,mock
EIOS-MOCK-001398,Animal Health,2022-06-29,GEO,Georgia,ASF,2,0.507,new,mock
EIOS-MOCK-001399,Animal Health,2022-06-28,EGY,Egypt,ASF,1,0.105,new,mock
EIOS-MOCK-001400,Animal Health,2022-07-09,BGR,Bulgaria,ASF,5,0.204,new,mock
EIOS-MOCK-001401,Animal Health,2022-07-09,UKR,Ukraine,ASF,4,0.517,new,mock
EIOS-MOCK-001402,Animal Health,2022-07-15,UKR,Ukraine,ASF,3,0.867,new,mock
EIOS-MOCK-001403,Animal Health,2022-07-18,SRB,Serbia,ASF,2,0.83,new,mock
EIOS-MOCK-001404,Animal Health,2022-07-23,UKR,Ukraine,ASF,5,0.539,new,mock
EIOS-MOCK-001405,Animal Health,2022-07-20,GEO,Georgia,ASF,3,0.606,new,mock
EIOS-MOCK-001406,Animal Health,2022-07-19,TUN,Tunisia,ASF,4,0.575,dismissed,mock
EIOS-MOCK-001407,Animal Health,2022-07-30,NLD,Netherlands,ASF,2,0.492,dismissed,mock
EIOS-MOCK-001408,Animal Health,2022-08-02,NLD,Netherlands,ASF,5,0.619,dismissed,mock
EIOS-MOCK-001409,Animal Health,2022-08-05,BEL,Belgium,ASF,3,0.696,new,mock
EIOS-MOCK-001410,Animal Health,2022-08-06,SRB,Serbia,ASF,5,0.602,new,mock
EIOS-MOCK-001411,Animal Health,2022-08-03,UKR,Ukraine,ASF,7,0.592,new,mock
EIOS-MOCK-001412,Animal Health,2022-08-07,MDA,Moldova,ASF,3,0.405,dismissed,mock
EIOS-MOCK-001413,Animal Health,2022-08-10,HUN,Hungary,ASF,2,0.354,new,mock
EIOS-MOCK-001414,Animal Health,2022-08-11,EGY,Egypt,ASF,1,0.556,dismissed,mock
EIOS-MOCK-001415,Animal Health,2022-08-12,TUN,Tunisia,ASF,3,0.601,under_review,mock
EIOS-MOCK-001416,Animal Health,2022-08-19,ESP,Spain,ASF,5,0.288,under_review,mock
EIOS-MOCK-001417,Animal Health,2022-08-19,UKR,Ukraine,ASF,1,0.344,new,mock
EIOS-MOCK-001418,Animal Health,2022-08-27,MAR,Morocco,ASF,2,0.317,new,mock
EIOS-MOCK-001419,Animal Health,2022-09-03,HUN,Hungary,ASF,5,0.673,under_review,mock
EIOS-MOCK-001420,Animal Health,2022-09-04,MDA,Moldova,ASF,1,0.64,new,mock
EIOS-MOCK-001421,Animal Health,2022-09-06,FRA,France,ASF,3,0.603,new,mock
EIOS-MOCK-001422,Animal Health,2022-09-08,DEU,Germany,ASF,4,0.514,dismissed,mock
EIOS-MOCK-001423,Animal Health,2022-09-09,BEL,Belgium,ASF,2,0.41,dismissed,mock
EIOS-MOCK-001424,Animal Health,2022-09-07,ROU,Romania,ASF,3,0.562,new,mock
EIOS-MOCK-001425,Animal Health,2022-09-11,RUS,Russian Federation,ASF,2,0.647,new,mock
EIOS-MOCK-001426,Animal Health,2022-09-09,TUN,Tunisia,ASF,1,0.509,under_review,mock
EIOS-MOCK-001427,Animal Health,2022-09-15,ISR,Israel,ASF,6,0.155,new,mock
EIOS-MOCK-001428,Animal Health,2022-09-24,UKR,Ukraine,ASF,5,0.455,new,mock
EIOS-MOCK-001429,Animal Health,2022-09-20,RUS,Russian Federation,ASF,2,0.42,under_review,mock
EIOS-MOCK-001430,Animal Health,2022-09-26,FRA,France,ASF,3,0.329,new,mock
EIOS-MOCK-001431,Animal Health,2022-09-28,ITA,Italy,ASF,1,0.314,new,mock
EIOS-MOCK-001432,Animal Health,2022-09-29,POL,Poland,ASF,2,0.588,under_review,mock
EIOS-MOCK-001433,Animal Health,2022-10-01,SRB,Serbia,ASF,4,0.611,new,mock
EIOS-MOCK-001434,Animal Health,2022-10-01,RUS,Russian Federation,ASF,3,0.797,dismissed,mock
EIOS-MOCK-001435,Animal Health,2022-09-28,MAR,Morocco,ASF,5,0.578,under_review,mock
EIOS-MOCK-001436,Animal Health,2022-10-03,FRA,France,ASF,2,0.606,under_review,mock
EIOS-MOCK-001437,Animal Health,2022-10-05,NLD,Netherlands,ASF,2,0.537,new,mock
EIOS-MOCK-001438,Animal Health,2022-10-09,HUN,Hungary,ASF,3,0.388,dismissed,mock
EIOS-MOCK-001439,Animal Health,2022-10-04,BGR,Bulgaria,ASF,3,0.32,new,mock
EIOS-MOCK-001440,Animal Health,2022-10-10,MDA,Moldova,ASF,1,0.155,dismissed,mock
EIOS-MOCK-001441,Animal Health,2022-10-22,FRA,France,ASF,3,0.581,dismissed,mock
EIOS-MOCK-001442,Animal Health,2022-10-20,MAR,Morocco,ASF,1,0.612,under_review,mock
EIOS-MOCK-001443,Animal Health,2022-10-28,NLD,Netherlands,ASF,1,0.54,new,mock
EIOS-MOCK-001444,Animal Health,2022-10-27,ESP,Spain,ASF,4,0.775,dismissed,mock
EIOS-MOCK-001445,Animal Health,2022-10-26,SRB,Serbia,ASF,2,0.098,new,mock
EIOS-MOCK-001446,Animal Health,2022-10-24,TUR,Türkiye,ASF,4,0.21,new,mock
EIOS-MOCK-001447,Animal Health,2022-10-27,ISR,Israel,ASF,6,0.586,dismissed,mock
EIOS-MOCK-001448,Animal Health,2022-10-28,MAR,Morocco,ASF,1,0.063,under_review,mock
EIOS-MOCK-001449,Animal Health,2022-11-05,POL,Poland,ASF,1,0.582,dismissed,mock
EIOS-MOCK-001450,Animal Health,2022-11-02,ISR,Israel,ASF,4,0.266,new,mock
EIOS-MOCK-001451,Animal Health,2022-11-06,EGY,Egypt,ASF,3,0.734,under_review,mock
EIOS-MOCK-001452,Animal Health,2022-11-13,ROU,Romania,ASF,2,0.473,under_review,mock
EIOS-MOCK-001453,Animal Health,2022-11-10,RUS,Russian Federation,ASF,4,0.806,under_review,mock
EIOS-MOCK-001454,Animal Health,2022-11-14,DEU,Germany,ASF,3,0.57,under_review,mock
EIOS-MOCK-001455,Animal Health,2022-11-20,POL,Poland,ASF,3,0.745,under_review,mock
EIOS-MOCK-001456,Animal Health,2022-11-18,HUN,Hungary,ASF,3,0.043,under_review,mock
EIOS-MOCK-001457,Animal Health,2022-11-14,RUS,Russian Federation,ASF,3,0.405,under_review,mock
EIOS-MOCK-001458,Animal Health,2022-11-21,NLD,Netherlands,ASF,7,0.806,under_review,mock
EIOS-MOCK-001459,Animal Health,2022-11-22,HUN,Hungary,ASF,4,0.325,new,mock
EIOS-MOCK-001460,Animal Health,2022-11-23,RUS,Russian Federation,ASF,2,0.58,new,mock
EIOS-MOCK-001461,Animal Health,2022-12-01,BEL,Belgium,ASF,4,0.504,dismissed,mock
EIOS-MOCK-001462,Animal Health,2022-11-28,BGR,Bulgaria,ASF,2,0.669,new,mock
EIOS-MOCK-001463,Animal Health,2022-12-04,RUS,Russian Federation,ASF,3,0.103,under_review,mock
EIOS-MOCK-001464,Animal Health,2022-11-28,ISR,Israel,ASF,3,0.698,new,mock
EIOS-MOCK-001465,Animal Health,2022-12-10,FRA,France,ASF,3,0.457,dismissed,mock
EIOS-MOCK-001466,Animal Health,2022-12-10,NLD,Netherlands,ASF,3,0.756,new,mock
EIOS-MOCK-001467,Animal Health,2022-12-08,ESP,Spain,ASF,1,0.646,new,mock
EIOS-MOCK-001468,Animal Health,2022-12-06,UKR,Ukraine,ASF,3,0.914,dismissed,mock
EIOS-MOCK-001469,Animal Health,2022-12-21,DEU,Germany,ASF,5,0.479,new,mock
EIOS-MOCK-001470,Animal Health,2022-12-25,POL,Poland,ASF,4,0.812,dismissed,mock
EIOS-MOCK-001471,Animal Health,2022-12-24,BGR,Bulgaria,ASF,5,0.691,new,mock
EIOS-MOCK-001472,Animal Health,2022-12-30,NLD,Netherlands,ASF,2,0.32,new,mock
EIOS-MOCK-001473,Animal Health,2022-12-27,GEO,Georgia,ASF,2,0.655,under_review,mock
EIOS-MOCK-001474,Animal Health,2023-01-04,BGR,Bulgaria,ASF,4,0.776,dismissed,mock
EIOS-MOCK-001475,Animal Health,2023-01-08,RUS,Russian Federation,ASF,5,0.58,under_review,mock
EIOS-MOCK-001476,Animal Health,2023-01-07,GEO,Georgia,ASF,5,0.583,new,mock
EIOS-MOCK-001477,Animal Health,2023-01-06,ISR,Israel,ASF,3,0.618,new,mock
EIOS-MOCK-001478,Animal Health,2023-01-13,ITA,Italy,ASF,4,0.445,under_review,mock
EIOS-MOCK-001479,Animal Health,2023-01-14,ROU,Romania,ASF,5,0.768,new,mock
EIOS-MOCK-001480,Animal Health,2023-01-09,BGR,Bulgaria,ASF,1,0.648,dismissed,mock
EIOS-MOCK-001481,Animal Health,2023-01-12,SRB,Serbia,ASF,4,0.619,dismissed,mock
EIOS-MOCK-001482,Animal Health,2023-01-21,BEL,Belgium,ASF,3,0.308,new,mock
EIOS-MOCK-001483,Animal Health,2023-01-22,ROU,Romania,ASF,3,0.495,under_review,mock
EIOS-MOCK-001484,Animal Health,2023-01-22,GEO,Georgia,ASF,7,0.55,new,mock
EIOS-MOCK-001485,Animal Health,2023-01-27,NLD,Netherlands,ASF,3,0.223,new,mock
EIOS-MOCK-001486,Animal Health,2023-01-25,BEL,Belgium,ASF,2,0.621,new,mock
EIOS-MOCK-001487,Animal Health,2023-02-01,FRA,France,ASF,2,0.289,under_review,mock
EIOS-MOCK-001488,Animal Health,2023-02-04,NLD,Netherlands,ASF,2,0.462,under_review,mock
EIOS-MOCK-001489,Animal Health,2023-02-05,TUR,Türkiye,ASF,3,0.238,new,mock
EIOS-MOCK-001490,Animal Health,2023-02-11,FRA,France,ASF,8,0.414,dismissed,mock
EIOS-MOCK-001491,Animal Health,2023-02-10,ESP,Spain,ASF,3,0.587,new,mock
EIOS-MOCK-001492,Animal Health,2023-02-11,BGR,Bulgaria,ASF,5,0.117,dismissed,mock
EIOS-MOCK-001493,Animal Health,2023-02-09,GEO,Georgia,ASF,2,0.435,under_review,mock
EIOS-MOCK-001494,Animal Health,2023-02-24,NLD,Netherlands,ASF,4,0.238,under_review,mock
EIOS-MOCK-001495,Animal Health,2023-02-25,ESP,Spain,ASF,1,0.445,new,mock
EIOS-MOCK-001496,Animal Health,2023-03-04,NLD,Netherlands,ASF,1,0.344,new,mock
EIOS-MOCK-001497,Animal Health,2023-03-02,BEL,Belgium,ASF,3,0.683,under_review,mock
EIOS-MOCK-001498,Animal Health,2023-02-27,MDA,Moldova,ASF,5,0.717,under_review,mock
EIOS-MOCK-001499,Animal Health,2023-03-06,NLD,Netherlands,ASF,3,0.403,new,mock
EIOS-MOCK-001500,Animal Health,2023-03-12,UKR,Ukraine,ASF,4,0.594,under_review,mock
EIOS-MOCK-001501,Animal Health,2023-03-08,TUN,Tunisia,ASF,4,0.484,new,mock
EIOS-MOCK-001502,Animal Health,2023-03-19,FRA,France,ASF,3,0.637,new,mock
EIOS-MOCK-001503,Animal Health,2023-03-17,NLD,Netherlands,ASF,4,0.449,new,mock
EIOS-MOCK-001504,Animal Health,2023-03-17,ITA,Italy,ASF,3,0.535,new,mock
EIOS-MOCK-001505,Animal Health,2023-03-17,RUS,Russian Federation,ASF,2,0.654,new,mock
EIOS-MOCK-001506,Animal Health,2023-03-18,GEO,Georgia,ASF,3,0.781,new,mock
EIOS-MOCK-001507,Animal Health,2023-03-19,TUN,Tunisia,ASF,5,0.32,under_review,mock
EIOS-MOCK-001508,Animal Health,2023-03-21,BEL,Belgium,ASF,2,0.275,new,mock
EIOS-MOCK-001509,Animal Health,2023-03-23,ITA,Italy,ASF,2,0.682,new,mock
EIOS-MOCK-001510,Animal Health,2023-04-01,ITA,Italy,ASF,6,0.492,under_review,mock
EIOS-MOCK-001511,Animal Health,2023-03-29,ROU,Romania,ASF,3,0.773,new,mock
EIOS-MOCK-001512,Animal Health,2023-03-30,RUS,Russian Federation,ASF,2,0.476,new,mock
EIOS-MOCK-001513,Animal Health,2023-03-28,GEO,Georgia,ASF,5,0.673,new,mock
EIOS-MOCK-001514,Animal Health,2023-03-31,ISR,Israel,ASF,6,0.752,under_review,mock
EIOS-MOCK-001515,Animal Health,2023-04-04,ROU,Romania,ASF,4,0.572,dismissed,mock
EIOS-MOCK-001516,Animal Health,2023-04-07,TUR,Türkiye,ASF,3,0.77,new,mock
EIOS-MOCK-001517,Animal Health,2023-04-07,MAR,Morocco,ASF,2,0.253,new,mock
EIOS-MOCK-001518,Animal Health,2023-04-12,ROU,Romania,ASF,2,0.637,under_review,mock
EIOS-MOCK-001519,Animal Health,2023-04-14,GEO,Georgia,ASF,4,0.763,dismissed,mock
EIOS-MOCK-001520,Animal Health,2023-04-14,MAR,Morocco,ASF,2,0.477,new,mock
EIOS-MOCK-001521,Animal Health,2023-04-22,DEU,Germany,ASF,6,0.79,new,mock
EIOS-MOCK-001522,Animal Health,2023-04-28,NLD,Netherlands,ASF,3,0.459,dismissed,mock
EIOS-MOCK-001523,Animal Health,2023-04-28,MAR,Morocco,ASF,2,0.904,under_review,mock
EIOS-MOCK-001524,Animal Health,2023-05-01,DEU,Germany,ASF,6,0.526,under_review,mock
EIOS-MOCK-001525,Animal Health,2023-05-07,NLD,Netherlands,ASF,2,0.404,under_review,mock
EIOS-MOCK-001526,Animal Health,2023-05-01,BEL,Belgium,ASF,4,0.972,under_review,mock
EIOS-MOCK-001527,Animal Health,2023-05-03,TUR,Türkiye,ASF,5,0.444,under_review,mock
EIOS-MOCK-001528,Animal Health,2023-05-04,ISR,Israel,ASF,3,0.583,new,mock
EIOS-MOCK-001529,Animal Health,2023-05-12,RUS,Russian Federation,ASF,6,0.383,new,mock
EIOS-MOCK-001530,Animal Health,2023-05-19,TUR,Türkiye,ASF,3,0.496,new,mock
EIOS-MOCK-001531,Animal Health,2023-05-17,TUN,Tunisia,ASF,3,0.802,new,mock
EIOS-MOCK-001532,Animal Health,2023-05-22,BEL,Belgium,ASF,6,0.359,new,mock
EIOS-MOCK-001533,Animal Health,2023-05-22,ESP,Spain,ASF,2,0.286,new,mock
EIOS-MOCK-001534,Animal Health,2023-06-03,BEL,Belgium,ASF,2,0.282,dismissed,mock
EIOS-MOCK-001535,Animal Health,2023-05-31,SRB,Serbia,ASF,3,0.392,under_review,mock
EIOS-MOCK-001536,Animal Health,2023-05-29,GEO,Georgia,ASF,3,0.693,under_review,mock
EIOS-MOCK-001537,Animal Health,2023-06-01,MAR,Morocco,ASF,3,0.177,new,mock
EIOS-MOCK-001538,Animal Health,2023-06-09,ESP,Spain,ASF,3,0.356,new,mock
EIOS-MOCK-001539,Animal Health,2023-06-05,UKR,Ukraine,ASF,7,0.266,dismissed,mock
EIOS-MOCK-001540,Animal Health,2023-06-15,FRA,France,ASF,1,0.868,new,mock
EIOS-MOCK-001541,Animal Health,2023-06-16,ISR,Israel,ASF,3,0.356,under_review,mock
EIOS-MOCK-001542,Animal Health,2023-06-15,MAR,Morocco,ASF,4,0.605,new,mock
EIOS-MOCK-001543,Animal Health,2023-06-22,ITA,Italy,ASF,1,0.236,new,mock
EIOS-MOCK-001544,Animal Health,2023-06-24,POL,Poland,ASF,6,0.197,new,mock
EIOS-MOCK-001545,Animal Health,2023-06-23,TUR,Türkiye,ASF,3,0.641,dismissed,mock
EIOS-MOCK-001546,Animal Health,2023-07-02,SRB,Serbia,ASF,6,0.415,dismissed,mock
EIOS-MOCK-001547,Animal Health,2023-07-09,POL,Poland,ASF,2,0.205,new,mock
EIOS-MOCK-001548,Animal Health,2023-07-07,ROU,Romania,ASF,4,0.794,under_review,mock
EIOS-MOCK-001549,Animal Health,2023-07-11,NLD,Netherlands,ASF,3,0.578,new,mock
EIOS-MOCK-001550,Animal Health,2023-07-14,POL,Poland,ASF,1,0.543,dismissed,mock
EIOS-MOCK-001551,Animal Health,2023-07-14,BGR,Bulgaria,ASF,6,0.145,under_review,mock
EIOS-MOCK-001552,Animal Health,2023-07-16,TUR,Türkiye,ASF,3,0.433,dismissed,mock
EIOS-MOCK-001553,Animal Health,2023-07-21,SRB,Serbia,ASF,3,0.735,under_review,mock
EIOS-MOCK-001554,Animal Health,2023-07-18,TUR,Türkiye,ASF,4,0.377,new,mock
EIOS-MOCK-001555,Animal Health,2023-07-28,SRB,Serbia,ASF,2,0.34,new,mock
EIOS-MOCK-001556,Animal Health,2023-07-24,EGY,Egypt,ASF,3,0.332,dismissed,mock
EIOS-MOCK-001557,Animal Health,2023-07-28,MAR,Morocco,ASF,7,0.883,new,mock
EIOS-MOCK-001558,Animal Health,2023-08-04,ESP,Spain,ASF,2,0.692,new,mock
EIOS-MOCK-001559,Animal Health,2023-08-06,MDA,Moldova,ASF,5,0.507,new,mock
EIOS-MOCK-001560,Animal Health,2023-08-04,EGY,Egypt,ASF,6,0.283,new,mock
EIOS-MOCK-001561,Animal Health,2023-08-04,TUN,Tunisia,ASF,2,0.374,dismissed,mock
EIOS-MOCK-001562,Animal Health,2023-08-13,BEL,Belgium,ASF,3,0.901,under_review,mock
EIOS-MOCK-001563,Animal Health,2023-08-10,ITA,Italy,ASF,1,0.528,under_review,mock
EIOS-MOCK-001564,Animal Health,2023-08-10,UKR,Ukraine,ASF,2,0.693,under_review,mock
EIOS-MOCK-001565,Animal Health,2023-08-08,EGY,Egypt,ASF,7,0.382,new,mock
EIOS-MOCK-001566,Animal Health,2023-08-16,FRA,France,ASF,3,0.454,under_review,mock
EIOS-MOCK-001567,Animal Health,2023-08-17,ROU,Romania,ASF,2,0.515,new,mock
EIOS-MOCK-001568,Animal Health,2023-08-15,BGR,Bulgaria,ASF,3,0.457,new,mock
EIOS-MOCK-001569,Animal Health,2023-08-19,RUS,Russian Federation,ASF,2,0.679,dismissed,mock
EIOS-MOCK-001570,Animal Health,2023-08-27,ESP,Spain,ASF,2,0.676,under_review,mock
EIOS-MOCK-001571,Animal Health,2023-08-26,RUS,Russian Federation,ASF,3,0.958,new,mock
EIOS-MOCK-001572,Animal Health,2023-09-03,DEU,Germany,ASF,4,0.446,dismissed,mock
EIOS-MOCK-001573,Animal Health,2023-09-01,NLD,Netherlands,ASF,4,0.414,new,mock
EIOS-MOCK-001574,Animal Health,2023-08-31,ROU,Romania,ASF,5,0.361,dismissed,mock
EIOS-MOCK-001575,Animal Health,2023-08-31,TUR,Türkiye,ASF,4,0.807,under_review,mock
EIOS-MOCK-001576,Animal Health,2023-08-28,GEO,Georgia,ASF,3,0.432,under_review,mock
EIOS-MOCK-001577,Animal Health,2023-09-04,ROU,Romania,ASF,5,0.747,under_review,mock
EIOS-MOCK-001578,Animal Health,2023-09-14,DEU,Germany,ASF,3,0.203,under_review,mock
EIOS-MOCK-001579,Animal Health,2023-09-11,ESP,Spain,ASF,3,0.408,new,mock
EIOS-MOCK-001580,Animal Health,2023-09-13,ROU,Romania,ASF,4,0.267,under_review,mock
EIOS-MOCK-001581,Animal Health,2023-09-18,SRB,Serbia,ASF,5,0.772,under_review,mock
EIOS-MOCK-001582,Animal Health,2023-10-01,HUN,Hungary,ASF,5,0.423,under_review,mock
EIOS-MOCK-001583,Animal Health,2023-09-28,BGR,Bulgaria,ASF,5,0.467,new,mock
EIOS-MOCK-001584,Animal Health,2023-09-26,MAR,Morocco,ASF,2,0.511,new,mock
EIOS-MOCK-001585,Animal Health,2023-10-08,NLD,Netherlands,ASF,3,0.487,new,mock
EIOS-MOCK-001586,Animal Health,2023-10-02,HUN,Hungary,ASF,4,0.304,under_review,mock
EIOS-MOCK-001587,Animal Health,2023-10-06,ROU,Romania,ASF,4,0.933,under_review,mock
EIOS-MOCK-001588,Animal Health,2023-10-03,SRB,Serbia,ASF,3,0.616,new,mock
EIOS-MOCK-001589,Animal Health,2023-10-06,MAR,Morocco,ASF,6,0.894,new,mock
EIOS-MOCK-001590,Animal Health,2023-10-13,BEL,Belgium,ASF,3,0.436,new,mock
EIOS-MOCK-001591,Animal Health,2023-10-11,HUN,Hungary,ASF,2,0.84,new,mock
EIOS-MOCK-001592,Animal Health,2023-10-17,NLD,Netherlands,ASF,3,0.348,dismissed,mock
EIOS-MOCK-001593,Animal Health,2023-10-21,MDA,Moldova,ASF,5,0.384,under_review,mock
EIOS-MOCK-001594,Animal Health,2023-10-25,NLD,Netherlands,ASF,5,0.754,new,mock
EIOS-MOCK-001595,Animal Health,2023-10-23,ITA,Italy,ASF,3,0.558,new,mock
EIOS-MOCK-001596,Animal Health,2023-10-29,UKR,Ukraine,ASF,5,0.382,new,mock
EIOS-MOCK-001597,Animal Health,2023-10-30,BEL,Belgium,ASF,7,0.523,new,mock
EIOS-MOCK-001598,Animal Health,2023-11-05,POL,Poland,ASF,2,0.445,under_review,mock
EIOS-MOCK-001599,Animal Health,2023-11-03,BGR,Bulgaria,ASF,4,0.411,dismissed,mock
EIOS-MOCK-001600,Animal Health,2023-11-04,TUN,Tunisia,ASF,2,0.7,under_review,mock
EIOS-MOCK-001601,Animal Health,2023-11-11,MDA,Moldova,ASF,4,0.883,under_review,mock
EIOS-MOCK-001602,Animal Health,2023-11-10,TUN,Tunisia,ASF,4,0.254,dismissed,mock
EIOS-MOCK-001603,Animal Health,2023-11-18,NLD,Netherlands,ASF,3,0.754,under_review,mock
EIOS-MOCK-001604,Animal Health,2023-11-15,UKR,Ukraine,ASF,2,0.576,new,mock
EIOS-MOCK-001605,Animal Health,2023-11-19,GEO,Georgia,ASF,3,0.328,under_review,mock
EIOS-MOCK-001606,Animal Health,2023-11-14,ISR,Israel,ASF,4,0.514,new,mock
EIOS-MOCK-001607,Animal Health,2023-11-13,TUN,Tunisia,ASF,3,0.825,under_review,mock
EIOS-MOCK-001608,Animal Health,2023-11-26,SRB,Serbia,ASF,7,0.333,under_review,mock
EIOS-MOCK-001609,Animal Health,2023-11-22,GEO,Georgia,ASF,5,0.561,dismissed,mock
EIOS-MOCK-001610,Animal Health,2023-12-03,ESP,Spain,ASF,5,0.706,under_review,mock
EIOS-MOCK-001611,Animal Health,2023-12-08,FRA,France,ASF,4,0.619,new,mock
EIOS-MOCK-001612,Animal Health,2023-12-07,NLD,Netherlands,ASF,9,0.677,under_review,mock
EIOS-MOCK-001613,Animal Health,2023-12-06,ITA,Italy,ASF,3,0.806,new,mock
EIOS-MOCK-001614,Animal Health,2023-12-05,UKR,Ukraine,ASF,3,0.334,dismissed,mock
EIOS-MOCK-001615,Animal Health,2023-12-04,RUS,Russian Federation,ASF,1,0.83,new,mock
EIOS-MOCK-001616,Animal Health,2023-12-11,EGY,Egypt,ASF,6,0.402,under_review,mock
EIOS-MOCK-001617,Animal Health,2023-12-11,TUN,Tunisia,ASF,4,0.809,new,mock
EIOS-MOCK-001618,Animal Health,2023-12-24,DEU,Germany,ASF,5,0.698,new,mock
EIOS-MOCK-001619,Animal Health,2023-12-19,HUN,Hungary,ASF,2,0.244,new,mock
EIOS-MOCK-001620,Animal Health,2023-12-24,MAR,Morocco,ASF,2,0.686,new,mock
EIOS-MOCK-001621,Animal Health,2023-12-25,POL,Poland,ASF,2,0.823,new,mock
EIOS-MOCK-001622,Animal Health,2023-12-28,RUS,Russian Federation,ASF,3,0.564,new,mock
EIOS-MOCK-001623,Animal Health,2023-12-28,TUR,Türkiye,ASF,5,0.637,dismissed,mock
EIOS-MOCK-001624,Animal Health,2023-12-30,MAR,Morocco,ASF,3,0.93,new,mock
EIOS-MOCK-001625,Animal Health,2024-01-05,HUN,Hungary,ASF,1,0.292,under_review,mock
EIOS-MOCK-001626,Animal Health,2024-01-11,FRA,France,ASF,4,0.681,under_review,mock
EIOS-MOCK-001627,Animal Health,2024-01-08,POL,Poland,ASF,4,0.242,dismissed,mock
EIOS-MOCK-001628,Animal Health,2024-01-08,SRB,Serbia,ASF,1,0.79,under_review,mock
EIOS-MOCK-001629,Animal Health,2024-01-17,DEU,Germany,ASF,4,0.607,new,mock
EIOS-MOCK-001630,Animal Health,2024-01-20,POL,Poland,ASF,4,0.591,new,mock
EIOS-MOCK-001631,Animal Health,2024-01-19,HUN,Hungary,ASF,2,0.239,dismissed,mock
EIOS-MOCK-001632,Animal Health,2024-01-19,MAR,Morocco,ASF,8,0.553,new,mock
EIOS-MOCK-001633,Animal Health,2024-01-28,TUN,Tunisia,ASF,4,0.515,new,mock
EIOS-MOCK-001634,Animal Health,2024-02-03,ROU,Romania,ASF,3,0.507,new,mock
EIOS-MOCK-001635,Animal Health,2024-02-02,UKR,Ukraine,ASF,4,0.703,under_review,mock
EIOS-MOCK-001636,Animal Health,2024-02-01,EGY,Egypt,ASF,5,0.373,new,mock
EIOS-MOCK-001637,Animal Health,2024-02-04,MAR,Morocco,ASF,2,0.766,new,mock
EIOS-MOCK-001638,Animal Health,2024-02-09,FRA,France,ASF,1,0.255,under_review,mock
EIOS-MOCK-001639,Animal Health,2024-02-10,DEU,Germany,ASF,5,0.657,under_review,mock
EIOS-MOCK-001640,Animal Health,2024-02-05,HUN,Hungary,ASF,3,0.574,new,mock
EIOS-MOCK-001641,Animal Health,2024-02-06,BGR,Bulgaria,ASF,2,0.593,new,mock
EIOS-MOCK-001642,Animal Health,2024-02-08,GEO,Georgia,ASF,3,0.393,under_review,mock
EIOS-MOCK-001643,Animal Health,2024-02-06,TUN,Tunisia,ASF,4,0.542,new,mock
EIOS-MOCK-001644,Animal Health,2024-02-07,MAR,Morocco,ASF,3,0.297,new,mock
EIOS-MOCK-001645,Animal Health,2024-02-12,ESP,Spain,ASF,7,0.12,under_review,mock
EIOS-MOCK-001646,Animal Health,2024-02-16,ROU,Romania,ASF,2,0.571,under_review,mock
EIOS-MOCK-001647,Animal Health,2024-02-14,ISR,Israel,ASF,3,0.526,under_review,mock
EIOS-MOCK-001648,Animal Health,2024-02-19,DEU,Germany,ASF,5,0.588,new,mock
EIOS-MOCK-001649,Animal Health,2024-02-25,SRB,Serbia,ASF,4,0.214,dismissed,mock
EIOS-MOCK-001650,Animal Health,2024-02-19,UKR,Ukraine,ASF,9,0.319,dismissed,mock
EIOS-MOCK-001651,Animal Health,2024-03-01,ESP,Spain,ASF,1,0.529,under_review,mock
EIOS-MOCK-001652,Animal Health,2024-03-13,DEU,Germany,ASF,3,0.379,new,mock
EIOS-MOCK-001653,Animal Health,2024-03-12,ITA,Italy,ASF,2,0.594,dismissed,mock
EIOS-MOCK-001654,Animal Health,2024-03-14,RUS,Russian Federation,ASF,3,0.782,under_review,mock
EIOS-MOCK-001655,Animal Health,2024-03-20,FRA,France,ASF,5,0.197,under_review,mock
EIOS-MOCK-001656,Animal Health,2024-03-24,BEL,Belgium,ASF,4,0.313,new,mock
EIOS-MOCK-001657,Animal Health,2024-03-20,BGR,Bulgaria,ASF,2,0.431,new,mock
EIOS-MOCK-001658,Animal Health,2024-03-30,BEL,Belgium,ASF,3,0.691,dismissed,mock
EIOS-MOCK-001659,Animal Health,2024-03-31,SRB,Serbia,ASF,5,0.469,new,mock
EIOS-MOCK-001660,Animal Health,2024-03-31,UKR,Ukraine,ASF,6,0.507,under_review,mock
EIOS-MOCK-001661,Animal Health,2024-03-28,RUS,Russian Federation,ASF,2,0.349,under_review,mock
EIOS-MOCK-001662,Animal Health,2024-03-28,ISR,Israel,ASF,2,0.209,under_review,mock
EIOS-MOCK-001663,Animal Health,2024-04-04,FRA,France,ASF,5,0.428,under_review,mock
EIOS-MOCK-001664,Animal Health,2024-04-06,DEU,Germany,ASF,2,0.182,new,mock
EIOS-MOCK-001665,Animal Health,2024-04-07,HUN,Hungary,ASF,2,0.872,dismissed,mock
EIOS-MOCK-001666,Animal Health,2024-04-03,TUR,Türkiye,ASF,3,0.679,new,mock
EIOS-MOCK-001667,Animal Health,2024-04-14,TUR,Türkiye,ASF,4,0.283,dismissed,mock
EIOS-MOCK-001668,Animal Health,2024-04-19,FRA,France,ASF,2,0.417,dismissed,mock
EIOS-MOCK-001669,Animal Health,2024-04-21,ISR,Israel,ASF,1,0.485,new,mock
EIOS-MOCK-001670,Animal Health,2024-04-27,FRA,France,ASF,2,0.317,new,mock
EIOS-MOCK-001671,Animal Health,2024-04-22,NLD,Netherlands,ASF,6,0.313,new,mock
EIOS-MOCK-001672,Animal Health,2024-04-28,SRB,Serbia,ASF,4,0.553,new,mock
EIOS-MOCK-001673,Animal Health,2024-04-22,MAR,Morocco,ASF,5,0.628,under_review,mock
EIOS-MOCK-001674,Animal Health,2024-05-01,DEU,Germany,ASF,3,0.368,under_review,mock
EIOS-MOCK-001675,Animal Health,2024-04-30,NLD,Netherlands,ASF,3,0.69,new,mock
EIOS-MOCK-001676,Animal Health,2024-04-30,POL,Poland,ASF,3,0.633,under_review,mock
EIOS-MOCK-001677,Animal Health,2024-05-08,NLD,Netherlands,ASF,5,0.644,new,mock
EIOS-MOCK-001678,Animal Health,2024-05-11,POL,Poland,ASF,1,0.504,new,mock
EIOS-MOCK-001679,Animal Health,2024-05-12,GEO,Georgia,ASF,3,0.715,new,mock
EIOS-MOCK-001680,Animal Health,2024-05-07,EGY,Egypt,ASF,2,0.452,new,mock
EIOS-MOCK-001681,Animal Health,2024-05-19,ROU,Romania,ASF,3,0.186,new,mock
EIOS-MOCK-001682,Animal Health,2024-05-15,ISR,Israel,ASF,3,0.95,new,mock
EIOS-MOCK-001683,Animal Health,2024-05-19,TUN,Tunisia,ASF,4,0.398,under_review,mock
EIOS-MOCK-001684,Animal Health,2024-05-24,NLD,Netherlands,ASF,5,0.358,new,mock
EIOS-MOCK-001685,Animal Health,2024-05-23,ESP,Spain,ASF,4,0.782,under_review,mock
EIOS-MOCK-001686,Animal Health,2024-05-20,ISR,Israel,ASF,3,0.219,dismissed,mock
EIOS-MOCK-001687,Animal Health,2024-05-25,EGY,Egypt,ASF,3,0.731,under_review,mock
EIOS-MOCK-001688,Animal Health,2024-05-28,POL,Poland,ASF,2,0.594,under_review,mock
EIOS-MOCK-001689,Animal Health,2024-05-31,SRB,Serbia,ASF,2,0.412,new,mock
EIOS-MOCK-001690,Animal Health,2024-05-30,GEO,Georgia,ASF,3,0.41,under_review,mock
EIOS-MOCK-001691,Animal Health,2024-06-03,NLD,Netherlands,ASF,5,0.497,new,mock
EIOS-MOCK-001692,Animal Health,2024-06-06,ESP,Spain,ASF,4,0.171,under_review,mock
EIOS-MOCK-001693,Animal Health,2024-06-03,BGR,Bulgaria,ASF,3,0.747,dismissed,mock
EIOS-MOCK-001694,Animal Health,2024-06-08,SRB,Serbia,ASF,3,0.675,under_review,mock
EIOS-MOCK-001695,Animal Health,2024-06-06,UKR,Ukraine,ASF,9,0.425,dismissed,mock
EIOS-MOCK-001696,Animal Health,2024-06-09,MAR,Morocco,ASF,6,0.928,dismissed,mock
EIOS-MOCK-001697,Animal Health,2024-06-15,POL,Poland,ASF,3,0.679,new,mock
EIOS-MOCK-001698,Animal Health,2024-06-11,ROU,Romania,ASF,6,0.504,new,mock
EIOS-MOCK-001699,Animal Health,2024-06-16,TUR,Türkiye,ASF,4,0.444,dismissed,mock
EIOS-MOCK-001700,Animal Health,2024-06-12,TUN,Tunisia,ASF,4,0.266,under_review,mock
EIOS-MOCK-001701,Animal Health,2024-06-21,POL,Poland,ASF,2,0.586,new,mock
EIOS-MOCK-001702,Animal Health,2024-06-17,RUS,Russian Federation,ASF,3,0.719,new,mock
EIOS-MOCK-001703,Animal Health,2024-06-22,ISR,Israel,ASF,3,0.465,under_review,mock
EIOS-MOCK-001704,Animal Health,2024-06-22,MAR,Morocco,ASF,4,0.504,under_review,mock
EIOS-MOCK-001705,Animal Health,2024-06-30,NLD,Netherlands,ASF,3,0.353,dismissed,mock
EIOS-MOCK-001706,Animal Health,2024-06-30,SRB,Serbia,ASF,6,0.133,new,mock
EIOS-MOCK-001707,Animal Health,2024-06-29,UKR,Ukraine,ASF,5,0.701,dismissed,mock
EIOS-MOCK-001708,Animal Health,2024-07-03,POL,Poland,ASF,1,0.913,dismissed,mock
EIOS-MOCK-001709,Animal Health,2024-07-03,TUN,Tunisia,ASF,3,0.378,under_review,mock
EIOS-MOCK-001710,Animal Health,2024-07-08,FRA,France,ASF,3,0.267,new,mock
EIOS-MOCK-001711,Animal Health,2024-07-13,NLD,Netherlands,ASF,4,0.585,dismissed,mock
EIOS-MOCK-001712,Animal Health,2024-07-10,EGY,Egypt,ASF,1,0.921,dismissed,mock
EIOS-MOCK-001713,Animal Health,2024-07-19,HUN,Hungary,ASF,3,0.439,under_review,mock
EIOS-MOCK-001714,Animal Health,2024-07-19,SRB,Serbia,ASF,4,0.356,new,mock
EIOS-MOCK-001715,Animal Health,2024-07-26,BEL,Belgium,ASF,3,0.289,dismissed,mock
EIOS-MOCK-001716,Animal Health,2024-07-22,HUN,Hungary,ASF,4,0.157,under_review,mock
EIOS-MOCK-001717,Animal Health,2024-07-25,EGY,Egypt,ASF,3,0.359,under_review,mock
EIOS-MOCK-001718,Animal Health,2024-07-29,FRA,France,ASF,4,0.338,under_review,mock
EIOS-MOCK-001719,Animal Health,2024-07-30,ITA,Italy,ASF,2,0.648,under_review,mock
EIOS-MOCK-001720,Animal Health,2024-08-02,POL,Poland,ASF,3,0.372,new,mock
EIOS-MOCK-001721,Animal Health,2024-07-30,ROU,Romania,ASF,1,0.374,new,mock
EIOS-MOCK-001722,Animal Health,2024-08-04,BGR,Bulgaria,ASF,6,0.455,under_review,mock
EIOS-MOCK-001723,Animal Health,2024-08-03,UKR,Ukraine,ASF,1,0.276,under_review,mock
EIOS-MOCK-001724,Animal Health,2024-08-04,RUS,Russian Federation,ASF,3,0.459,new,mock
EIOS-MOCK-001725,Animal Health,2024-08-01,GEO,Georgia,ASF,7,0.656,new,mock
EIOS-MOCK-001726,Animal Health,2024-07-30,EGY,Egypt,ASF,4,0.457,new,mock
EIOS-MOCK-001727,Animal Health,2024-08-08,FRA,France,ASF,4,0.453,new,mock
EIOS-MOCK-001728,Animal Health,2024-08-07,BGR,Bulgaria,ASF,3,0.288,new,mock
EIOS-MOCK-001729,Animal Health,2024-08-09,MAR,Morocco,ASF,1,0.548,new,mock
EIOS-MOCK-001730,Animal Health,2024-08-12,FRA,France,ASF,6,0.369,under_review,mock
EIOS-MOCK-001731,Animal Health,2024-08-12,NLD,Netherlands,ASF,4,0.345,new,mock
EIOS-MOCK-001732,Animal Health,2024-08-16,POL,Poland,ASF,1,0.163,under_review,mock
EIOS-MOCK-001733,Animal Health,2024-08-16,HUN,Hungary,ASF,3,0.712,new,mock
EIOS-MOCK-001734,Animal Health,2024-08-16,TUR,Türkiye,ASF,3,0.637,under_review,mock
EIOS-MOCK-001735,Animal Health,2024-08-12,EGY,Egypt,ASF,2,0.286,new,mock
EIOS-MOCK-001736,Animal Health,2024-08-19,DEU,Germany,ASF,4,0.612,new,mock
EIOS-MOCK-001737,Animal Health,2024-08-23,SRB,Serbia,ASF,2,0.797,dismissed,mock
EIOS-MOCK-001738,Animal Health,2024-08-21,EGY,Egypt,ASF,3,0.609,new,mock
EIOS-MOCK-001739,Animal Health,2024-08-30,NLD,Netherlands,ASF,4,0.553,under_review,mock
EIOS-MOCK-001740,Animal Health,2024-09-01,SRB,Serbia,ASF,3,0.617,new,mock
EIOS-MOCK-001741,Animal Health,2024-09-01,MDA,Moldova,ASF,4,0.394,new,mock
EIOS-MOCK-001742,Animal Health,2024-09-02,GEO,Georgia,ASF,2,0.332,under_review,mock
EIOS-MOCK-001743,Animal Health,2024-09-08,TUN,Tunisia,ASF,5,0.509,under_review,mock
EIOS-MOCK-001744,Animal Health,2024-09-12,DEU,Germany,ASF,4,0.627,under_review,mock
EIOS-MOCK-001745,Animal Health,2024-09-14,ROU,Romania,ASF,6,0.591,under_review,mock
EIOS-MOCK-001746,Animal Health,2024-09-14,UKR,Ukraine,ASF,4,0.369,dismissed,mock
EIOS-MOCK-001747,Animal Health,2024-09-10,GEO,Georgia,ASF,3,0.195,under_review,mock
EIOS-MOCK-001748,Animal Health,2024-09-10,ISR,Israel,ASF,4,0.432,new,mock
EIOS-MOCK-001749,Animal Health,2024-09-09,TUN,Tunisia,ASF,1,0.699,new,mock
EIOS-MOCK-001750,Animal Health,2024-09-18,FRA,France,ASF,2,0.363,new,mock
EIOS-MOCK-001751,Animal Health,2024-09-20,ITA,Italy,ASF,2,0.465,new,mock
EIOS-MOCK-001752,Animal Health,2024-09-20,ESP,Spain,ASF,3,0.165,under_review,mock
EIOS-MOCK-001753,Animal Health,2024-09-16,MDA,Moldova,ASF,1,0.638,under_review,mock
EIOS-MOCK-001754,Animal Health,2024-09-17,GEO,Georgia,ASF,2,0.342,under_review,mock
EIOS-MOCK-001755,Animal Health,2024-09-28,HUN,Hungary,ASF,3,0.473,under_review,mock
EIOS-MOCK-001756,Animal Health,2024-09-29,EGY,Egypt,ASF,2,0.576,dismissed,mock
EIOS-MOCK-001757,Animal Health,2024-10-10,HUN,Hungary,ASF,2,0.746,new,mock
EIOS-MOCK-001758,Animal Health,2024-10-07,SRB,Serbia,ASF,2,0.283,dismissed,mock
EIOS-MOCK-001759,Animal Health,2024-10-09,MDA,Moldova,ASF,1,0.471,new,mock
EIOS-MOCK-001760,Animal Health,2024-10-13,EGY,Egypt,ASF,3,0.508,dismissed,mock
EIOS-MOCK-001761,Animal Health,2024-10-20,BEL,Belgium,ASF,3,0.778,new,mock
EIOS-MOCK-001762,Animal Health,2024-10-15,POL,Poland,ASF,4,0.403,new,mock
EIOS-MOCK-001763,Animal Health,2024-10-17,HUN,Hungary,ASF,3,0.689,new,mock
EIOS-MOCK-001764,Animal Health,2024-10-15,SRB,Serbia,ASF,5,0.739,new,mock
EIOS-MOCK-001765,Animal Health,2024-10-20,ISR,Israel,ASF,4,0.508,new,mock
EIOS-MOCK-001766,Animal Health,2024-10-25,NLD,Netherlands,ASF,6,0.958,under_review,mock
EIOS-MOCK-001767,Animal Health,2024-10-23,ESP,Spain,ASF,3,0.136,under_review,mock
EIOS-MOCK-001768,Animal Health,2024-10-24,BGR,Bulgaria,ASF,3,0.672,under_review,mock
EIOS-MOCK-001769,Animal Health,2024-10-31,NLD,Netherlands,ASF,5,0.375,dismissed,mock
EIOS-MOCK-001770,Animal Health,2024-11-03,ESP,Spain,ASF,3,0.628,new,mock
EIOS-MOCK-001771,Animal Health,2024-10-29,RUS,Russian Federation,ASF,7,0.854,under_review,mock
EIOS-MOCK-001772,Animal Health,2024-11-03,EGY,Egypt,ASF,4,0.357,under_review,mock
EIOS-MOCK-001773,Animal Health,2024-11-07,BEL,Belgium,ASF,3,0.307,under_review,mock
EIOS-MOCK-001774,Animal Health,2024-11-06,ITA,Italy,ASF,5,0.834,new,mock
EIOS-MOCK-001775,Animal Health,2024-11-04,POL,Poland,ASF,2,0.228,new,mock
EIOS-MOCK-001776,Animal Health,2024-11-07,GEO,Georgia,ASF,4,0.696,under_review,mock
EIOS-MOCK-001777,Animal Health,2024-11-15,BEL,Belgium,ASF,5,0.455,new,mock
EIOS-MOCK-001778,Animal Health,2024-11-15,UKR,Ukraine,ASF,2,0.359,under_review,mock
EIOS-MOCK-001779,Animal Health,2024-11-12,TUR,Türkiye,ASF,3,0.069,dismissed,mock
EIOS-MOCK-001780,Animal Health,2024-11-11,EGY,Egypt,ASF,4,0.833,dismissed,mock
EIOS-MOCK-001781,Animal Health,2024-11-11,MAR,Morocco,ASF,2,0.379,under_review,mock
EIOS-MOCK-001782,Animal Health,2024-11-18,DEU,Germany,ASF,3,0.254,new,mock
EIOS-MOCK-001783,Animal Health,2024-11-23,ESP,Spain,ASF,2,0.521,under_review,mock
EIOS-MOCK-001784,Animal Health,2024-11-24,RUS,Russian Federation,ASF,7,0.324,new,mock
EIOS-MOCK-001785,Animal Health,2024-11-30,FRA,France,ASF,3,0.539,dismissed,mock
EIOS-MOCK-001786,Animal Health,2024-11-25,ESP,Spain,ASF,3,0.728,new,mock
EIOS-MOCK-001787,Animal Health,2024-11-29,HUN,Hungary,ASF,6,0.895,dismissed,mock
EIOS-MOCK-001788,Animal Health,2024-11-28,TUR,Türkiye,ASF,7,0.533,new,mock
EIOS-MOCK-001789,Animal Health,2024-12-04,BEL,Belgium,ASF,3,0.716,dismissed,mock
EIOS-MOCK-001790,Animal Health,2024-12-05,ESP,Spain,ASF,3,0.133,under_review,mock
EIOS-MOCK-001791,Animal Health,2024-12-03,MDA,Moldova,ASF,3,0.554,new,mock
EIOS-MOCK-001792,Animal Health,2024-12-05,TUR,Türkiye,ASF,3,0.339,new,mock
EIOS-MOCK-001793,Animal Health,2024-12-08,MAR,Morocco,ASF,2,0.916,new,mock
EIOS-MOCK-001794,Animal Health,2024-12-11,DEU,Germany,ASF,2,0.289,new,mock
EIOS-MOCK-001795,Animal Health,2024-12-15,NLD,Netherlands,ASF,3,0.142,under_review,mock
EIOS-MOCK-001796,Animal Health,2024-12-14,ESP,Spain,ASF,2,0.332,dismissed,mock
EIOS-MOCK-001797,Animal Health,2024-12-10,HUN,Hungary,ASF,3,0.257,new,mock
EIOS-MOCK-001798,Animal Health,2024-12-15,ROU,Romania,ASF,4,0.413,new,mock
EIOS-MOCK-001799,Animal Health,2024-12-14,EGY,Egypt,ASF,3,0.81,dismissed,mock
EIOS-MOCK-001800,Animal Health,2024-12-22,NLD,Netherlands,ASF,3,0.867,under_review,mock
EIOS-MOCK-001801,Animal Health,2024-12-21,BEL,Belgium,ASF,6,0.322,new,mock
EIOS-MOCK-001802,Animal Health,2024-12-21,MDA,Moldova,ASF,5,0.541,dismissed,mock
EIOS-MOCK-001803,Animal Health,2024-12-17,RUS,Russian Federation,ASF,5,0.614,dismissed,mock
EIOS-MOCK-001804,Animal Health,2024-12-20,ISR,Israel,ASF,3,0.523,new,mock
EIOS-MOCK-001805,Animal Health,2024-12-18,MAR,Morocco,ASF,1,0.191,new,mock
EIOS-MOCK-001806,Animal Health,2024-12-24,TUR,Türkiye,ASF,5,0.376,new,mock
EIOS-MOCK-001807,Animal Health,2024-12-23,GEO,Georgia,ASF,4,0.422,under_review,mock
EIOS-MOCK-001808,Animal Health,2024-12-25,ISR,Israel,ASF,1,0.442,new,mock
EIOS-MOCK-001809,Animal Health,2024-12-25,MAR,Morocco,ASF,3,0.563,new,mock
EIOS-MOCK-001810,Animal Health,2025-01-02,BEL,Belgium,ASF,4,0.284,new,mock
EIOS-MOCK-001811,Animal Health,2024-12-30,HUN,Hungary,ASF,2,0.846,dismissed,mock
EIOS-MOCK-001812,Animal Health,2024-12-30,RUS,Russian Federation,ASF,2,0.332,dismissed,mock
EIOS-MOCK-001813,Animal Health,2025-01-04,GEO,Georgia,ASF,3,0.324,under_review,mock
EIOS-MOCK-001814,Animal Health,2025-01-02,TUN,Tunisia,ASF,2,0.547,new,mock
EIOS-MOCK-001815,Animal Health,2025-01-06,ITA,Italy,ASF,3,0.453,new,mock
EIOS-MOCK-001816,Animal Health,2025-01-06,HUN,Hungary,ASF,3,0.437,new,mock
EIOS-MOCK-001817,Animal Health,2025-01-10,ROU,Romania,ASF,4,0.339,new,mock
EIOS-MOCK-001818,Animal Health,2025-01-11,RUS,Russian Federation,ASF,1,0.267,new,mock
EIOS-MOCK-001819,Animal Health,2025-01-08,EGY,Egypt,ASF,3,0.86,dismissed,mock
EIOS-MOCK-001820,Animal Health,2025-01-18,TUN,Tunisia,ASF,2,0.83,under_review,mock
EIOS-MOCK-001821,Animal Health,2025-01-23,NLD,Netherlands,ASF,3,0.382,new,mock
EIOS-MOCK-001822,Animal Health,2025-01-31,UKR,Ukraine,ASF,2,0.542,under_review,mock
EIOS-MOCK-001823,Animal Health,2025-02-01,EGY,Egypt,ASF,3,0.464,dismissed,mock
EIOS-MOCK-001824,Animal Health,2025-01-29,MAR,Morocco,ASF,4,0.559,new,mock
EIOS-MOCK-001825,Animal Health,2025-02-07,ITA,Italy,ASF,3,0.237,new,mock
EIOS-MOCK-001826,Animal Health,2025-02-04,POL,Poland,ASF,3,0.785,new,mock
EIOS-MOCK-001827,Animal Health,2025-02-07,MAR,Morocco,ASF,5,0.149,under_review,mock
EIOS-MOCK-001828,Animal Health,2025-02-16,BEL,Belgium,ASF,2,0.321,new,mock
EIOS-MOCK-001829,Animal Health,2025-02-12,HUN,Hungary,ASF,3,0.583,dismissed,mock
EIOS-MOCK-001830,Animal Health,2025-02-16,UKR,Ukraine,ASF,4,0.568,dismissed,mock
EIOS-MOCK-001831,Animal Health,2025-02-15,EGY,Egypt,ASF,5,0.667,new,mock
EIOS-MOCK-001832,Animal Health,2025-02-19,NLD,Netherlands,ASF,6,0.425,new,mock
EIOS-MOCK-001833,Animal Health,2025-02-17,ITA,Italy,ASF,4,0.458,under_review,mock
EIOS-MOCK-001834,Animal Health,2025-02-18,ESP,Spain,ASF,7,0.962,new,mock
EIOS-MOCK-001835,Animal Health,2025-02-20,POL,Poland,ASF,3,0.148,new,mock
EIOS-MOCK-001836,Animal Health,2025-02-23,UKR,Ukraine,ASF,3,0.422,new,mock
EIOS-MOCK-001837,Animal Health,2025-02-17,EGY,Egypt,ASF,1,0.461,under_review,mock
EIOS-MOCK-001838,Animal Health,2025-03-04,NLD,Netherlands,ASF,3,0.529,dismissed,mock
EIOS-MOCK-001839,Animal Health,2025-03-03,ITA,Italy,ASF,4,0.35,new,mock
EIOS-MOCK-001840,Animal Health,2025-03-04,SRB,Serbia,ASF,3,0.894,under_review,mock
EIOS-MOCK-001841,Animal Health,2025-03-06,TUR,Türkiye,ASF,6,0.62,new,mock
EIOS-MOCK-001842,Animal Health,2025-03-05,ISR,Israel,ASF,7,0.604,under_review,mock
EIOS-MOCK-001843,Animal Health,2025-03-08,TUN,Tunisia,ASF,1,0.772,new,mock
EIOS-MOCK-001844,Animal Health,2025-03-15,DEU,Germany,ASF,4,0.697,new,mock
EIOS-MOCK-001845,Animal Health,2025-03-13,BGR,Bulgaria,ASF,3,0.043,dismissed,mock
EIOS-MOCK-001846,Animal Health,2025-03-12,TUN,Tunisia,ASF,4,0.217,new,mock
EIOS-MOCK-001847,Animal Health,2025-03-26,BEL,Belgium,ASF,5,0.669,under_review,mock
EIOS-MOCK-001848,Animal Health,2025-03-26,UKR,Ukraine,ASF,5,0.477,under_review,mock
EIOS-MOCK-001849,Animal Health,2025-03-31,RUS,Russian Federation,ASF,3,0.415,under_review,mock
EIOS-MOCK-001850,Animal Health,2025-04-04,EGY,Egypt,ASF,6,0.372,new,mock
EIOS-MOCK-001851,Animal Health,2025-04-09,ESP,Spain,ASF,3,0.793,under_review,mock
EIOS-MOCK-001852,Animal Health,2025-04-17,FRA,France,ASF,3,0.655,dismissed,mock
EIOS-MOCK-001853,Animal Health,2025-04-16,DEU,Germany,ASF,4,0.913,under_review,mock
EIOS-MOCK-001854,Animal Health,2025-04-16,ESP,Spain,ASF,2,0.492,new,mock
EIOS-MOCK-001855,Animal Health,2025-04-14,BGR,Bulgaria,ASF,3,0.753,new,mock
EIOS-MOCK-001856,Animal Health,2025-04-20,TUR,Türkiye,ASF,3,0.181,new,mock
EIOS-MOCK-001857,Animal Health,2025-04-18,GEO,Georgia,ASF,2,0.843,under_review,mock
EIOS-MOCK-001858,Animal Health,2025-04-15,EGY,Egypt,ASF,2,0.496,new,mock
EIOS-MOCK-001859,Animal Health,2025-04-22,NLD,Netherlands,ASF,2,0.603,under_review,mock
EIOS-MOCK-001860,Animal Health,2025-04-21,ROU,Romania,ASF,3,0.356,under_review,mock
EIOS-MOCK-001861,Animal Health,2025-05-02,FRA,France,ASF,4,0.78,under_review,mock
EIOS-MOCK-001862,Animal Health,2025-04-28,NLD,Netherlands,ASF,1,0.271,under_review,mock
EIOS-MOCK-001863,Animal Health,2025-04-30,EGY,Egypt,ASF,6,0.105,new,mock
EIOS-MOCK-001864,Animal Health,2025-05-10,DEU,Germany,ASF,2,0.502,dismissed,mock
EIOS-MOCK-001865,Animal Health,2025-05-10,EGY,Egypt,ASF,6,0.659,under_review,mock
EIOS-MOCK-001866,Animal Health,2025-05-14,DEU,Germany,ASF,3,0.212,under_review,mock
EIOS-MOCK-001867,Animal Health,2025-05-17,HUN,Hungary,ASF,2,0.353,new,mock
EIOS-MOCK-001868,Animal Health,2025-05-15,EGY,Egypt,ASF,2,0.591,new,mock
EIOS-MOCK-001869,Animal Health,2025-05-23,POL,Poland,ASF,3,0.377,dismissed,mock
EIOS-MOCK-001870,Animal Health,2025-05-19,ROU,Romania,ASF,3,0.343,under_review,mock
EIOS-MOCK-001871,Animal Health,2025-05-20,SRB,Serbia,ASF,6,0.063,new,mock
EIOS-MOCK-001872,Animal Health,2025-05-23,MDA,Moldova,ASF,1,0.652,dismissed,mock
EIOS-MOCK-001873,Animal Health,2025-05-23,EGY,Egypt,ASF,2,0.459,new,mock
EIOS-MOCK-001874,Animal Health,2025-06-04,BEL,Belgium,ASF,2,0.85,under_review,mock
EIOS-MOCK-001875,Animal Health,2025-06-13,BEL,Belgium,ASF,4,0.569,new,mock
EIOS-MOCK-001876,Animal Health,2025-06-13,ITA,Italy,ASF,4,0.279,dismissed,mock
EIOS-MOCK-001877,Animal Health,2025-06-14,HUN,Hungary,ASF,3,0.147,dismissed,mock
EIOS-MOCK-001878,Animal Health,2025-06-11,ROU,Romania,ASF,3,0.105,dismissed,mock
EIOS-MOCK-001879,Animal Health,2025-06-14,BGR,Bulgaria,ASF,6,0.528,under_review,mock
EIOS-MOCK-001880,Animal Health,2025-06-12,UKR,Ukraine,ASF,4,0.253,new,mock
EIOS-MOCK-001881,Animal Health,2025-06-15,EGY,Egypt,ASF,6,0.299,new,mock
EIOS-MOCK-001882,Animal Health,2025-06-14,MAR,Morocco,ASF,5,0.45,new,mock
EIOS-MOCK-001883,Animal Health,2025-06-20,NLD,Netherlands,ASF,5,0.811,new,mock
EIOS-MOCK-001884,Animal Health,2025-06-17,ISR,Israel,ASF,2,0.529,under_review,mock
EIOS-MOCK-001885,Animal Health,2025-06-26,BGR,Bulgaria,ASF,3,0.472,new,mock
EIOS-MOCK-001886,Animal Health,2025-06-25,RUS,Russian Federation,ASF,3,0.658,under_review,mock
EIOS-MOCK-001887,Animal Health,2025-06-26,TUR,Türkiye,ASF,6,0.399,under_review,mock
EIOS-MOCK-001888,Animal Health,2025-07-02,ESP,Spain,ASF,5,0.68,under_review,mock
EIOS-MOCK-001889,Animal Health,2025-06-30,GEO,Georgia,ASF,5,0.433,new,mock
EIOS-MOCK-001890,Animal Health,2025-07-11,FRA,France,ASF,3,0.323,new,mock
EIOS-MOCK-001891,Animal Health,2025-07-08,TUN,Tunisia,ASF,3,0.802,new,mock
EIOS-MOCK-001892,Animal Health,2025-07-14,NLD,Netherlands,ASF,5,0.684,new,mock
EIOS-MOCK-001893,Animal Health,2025-07-18,EGY,Egypt,ASF,5,0.668,new,mock
EIOS-MOCK-001894,Animal Health,2025-07-16,MAR,Morocco,ASF,4,0.065,dismissed,mock
EIOS-MOCK-001895,Animal Health,2025-07-23,DEU,Germany,ASF,4,0.4,new,mock
EIOS-MOCK-001896,Animal Health,2025-07-23,BEL,Belgium,ASF,1,0.401,under_review,mock
EIOS-MOCK-001897,Animal Health,2025-07-26,ROU,Romania,ASF,4,0.855,new,mock
EIOS-MOCK-001898,Animal Health,2025-07-23,UKR,Ukraine,ASF,1,0.754,under_review,mock
EIOS-MOCK-001899,Animal Health,2025-07-27,MDA,Moldova,ASF,5,0.64,under_review,mock
EIOS-MOCK-001900,Animal Health,2025-07-22,TUR,Türkiye,ASF,3,0.525,under_review,mock
EIOS-MOCK-001901,Animal Health,2025-08-01,ITA,Italy,ASF,2,0.446,new,mock
EIOS-MOCK-001902,Animal Health,2025-08-03,ESP,Spain,ASF,2,0.16,new,mock
EIOS-MOCK-001903,Animal Health,2025-08-05,UKR,Ukraine,ASF,1,0.562,new,mock
EIOS-MOCK-001904,Animal Health,2025-08-09,RUS,Russian Federation,ASF,3,0.428,dismissed,mock
EIOS-MOCK-001905,Animal Health,2025-08-05,EGY,Egypt,ASF,2,0.434,new,mock
EIOS-MOCK-001906,Animal Health,2025-08-09,TUN,Tunisia,ASF,8,0.553,new,mock
EIOS-MOCK-001907,Animal Health,2025-08-22,FRA,France,ASF,1,0.408,new,mock
EIOS-MOCK-001908,Animal Health,2025-08-19,BGR,Bulgaria,ASF,7,0.257,under_review,mock
EIOS-MOCK-001909,Animal Health,2025-08-27,FRA,France,ASF,6,0.453,dismissed,mock
EIOS-MOCK-001910,Animal Health,2025-08-30,BEL,Belgium,ASF,4,0.513,dismissed,mock
EIOS-MOCK-001911,Animal Health,2025-08-27,ITA,Italy,ASF,5,0.451,new,mock
EIOS-MOCK-001912,Animal Health,2025-08-25,HUN,Hungary,ASF,6,0.314,new,mock
EIOS-MOCK-001913,Animal Health,2025-08-31,MAR,Morocco,ASF,4,0.628,dismissed,mock
EIOS-MOCK-001914,Animal Health,2025-09-07,TUN,Tunisia,ASF,3,0.741,dismissed,mock
EIOS-MOCK-001915,Animal Health,2025-09-12,BEL,Belgium,ASF,2,0.616,new,mock
EIOS-MOCK-001916,Animal Health,2025-09-09,GEO,Georgia,ASF,3,0.172,new,mock
EIOS-MOCK-001917,Animal Health,2025-09-20,HUN,Hungary,ASF,1,0.442,new,mock
EIOS-MOCK-001918,Animal Health,2025-09-21,TUR,Türkiye,ASF,2,0.382,dismissed,mock
EIOS-MOCK-001919,Animal Health,2025-09-16,EGY,Egypt,ASF,4,0.539,new,mock
EIOS-MOCK-001920,Animal Health,2025-09-26,NLD,Netherlands,ASF,3,0.727,under_review,mock
EIOS-MOCK-001921,Animal Health,2025-09-25,ITA,Italy,ASF,4,0.266,under_review,mock
EIOS-MOCK-001922,Animal Health,2025-09-23,EGY,Egypt,ASF,4,0.735,new,mock
EIOS-MOCK-001923,Animal Health,2025-10-02,MAR,Morocco,ASF,3,0.307,dismissed,mock
EIOS-MOCK-001924,Animal Health,2025-10-07,ESP,Spain,ASF,4,0.884,under_review,mock
EIOS-MOCK-001925,Animal Health,2025-10-15,FRA,France,ASF,4,0.495,dismissed,mock
EIOS-MOCK-001926,Animal Health,2025-10-18,ITA,Italy,ASF,4,0.635,new,mock
EIOS-MOCK-001927,Animal Health,2025-10-18,SRB,Serbia,ASF,4,0.458,new,mock
EIOS-MOCK-001928,Animal Health,2025-10-14,MDA,Moldova,ASF,5,0.79,new,mock
EIOS-MOCK-001929,Animal Health,2025-10-13,ISR,Israel,ASF,5,0.239,new,mock
EIOS-MOCK-001930,Animal Health,2025-10-16,EGY,Egypt,ASF,5,0.809,under_review,mock
EIOS-MOCK-001931,Animal Health,2025-10-16,TUN,Tunisia,ASF,2,0.321,new,mock
EIOS-MOCK-001932,Animal Health,2025-10-26,RUS,Russian Federation,ASF,3,0.289,new,mock
EIOS-MOCK-001933,Animal Health,2025-10-25,TUR,Türkiye,ASF,7,0.416,dismissed,mock
EIOS-MOCK-001934,Animal Health,2025-10-21,EGY,Egypt,ASF,5,0.351,new,mock
EIOS-MOCK-001935,Animal Health,2025-10-30,FRA,France,ASF,2,0.724,dismissed,mock
EIOS-MOCK-001936,Animal Health,2025-10-28,BEL,Belgium,ASF,2,0.615,dismissed,mock
EIOS-MOCK-001937,Animal Health,2025-10-31,ITA,Italy,ASF,2,0.327,new,mock
EIOS-MOCK-001938,Animal Health,2025-10-30,ESP,Spain,ASF,5,0.74,new,mock
EIOS-MOCK-001939,Animal Health,2025-11-01,TUR,Türkiye,ASF,4,0.338,under_review,mock
EIOS-MOCK-001940,Animal Health,2025-10-31,GEO,Georgia,ASF,4,0.383,new,mock
EIOS-MOCK-001941,Animal Health,2025-11-03,DEU,Germany,ASF,2,0.547,new,mock
EIOS-MOCK-001942,Animal Health,2025-11-07,ESP,Spain,ASF,1,0.9,new,mock
EIOS-MOCK-001943,Animal Health,2025-11-05,TUR,Türkiye,ASF,4,0.371,new,mock
EIOS-MOCK-001944,Animal Health,2025-11-05,EGY,Egypt,ASF,5,0.805,under_review,mock
EIOS-MOCK-001945,Animal Health,2025-11-10,SRB,Serbia,ASF,6,0.287,new,mock
EIOS-MOCK-001946,Animal Health,2025-11-23,NLD,Netherlands,ASF,5,0.46,new,mock
EIOS-MOCK-001947,Animal Health,2025-11-21,ISR,Israel,ASF,3,0.072,under_review,mock
EIOS-MOCK-001948,Animal Health,2025-11-27,FRA,France,ASF,7,0.719,new,mock
EIOS-MOCK-001949,Animal Health,2025-11-29,NLD,Netherlands,ASF,1,0.597,dismissed,mock
EIOS-MOCK-001950,Animal Health,2025-11-27,GEO,Georgia,ASF,4,0.781,new,mock
EIOS-MOCK-001951,Animal Health,2025-12-07,SRB,Serbia,ASF,4,0.164,new,mock
EIOS-MOCK-001952,Animal Health,2025-12-10,HUN,Hungary,ASF,3,0.588,new,mock
EIOS-MOCK-001953,Animal Health,2025-12-14,MAR,Morocco,ASF,3,0.436,new,mock
EIOS-MOCK-001954,Animal Health,2025-12-16,ESP,Spain,ASF,6,0.144,under_review,mock
EIOS-MOCK-001955,Animal Health,2025-12-21,ROU,Romania,ASF,1,0.586,new,mock
EIOS-MOCK-001956,Animal Health,2025-12-15,UKR,Ukraine,ASF,4,0.712,new,mock
EIOS-MOCK-001957,Animal Health,2025-12-18,MAR,Morocco,ASF,5,0.618,dismissed,mock
EIOS-MOCK-001958,Animal Health,2025-12-26,ROU,Romania,ASF,2,0.33,new,mock
EIOS-MOCK-001964,Animal Health,2025-12-29,MAR,Morocco,ASF,4,0.666,new,mock
