empresi_id,source_reference,upstream_source,disease,disease_code,country,iso3,latitude,longitude,observation_date,report_date,published_date,species,cases,deaths,status,data_realism
EMPRESI-HPAI-0000001,WAHIS-HPAI-BEL-2020-01-06-00,WAHIS,High pathogenicity avian influenza,HPAI,Belgium,BEL,50.7396,4.9223,2020-01-10,2020-01-15,2020-01-22,Meleagris gallopavo (domestic),2159,1173,confirmed,synthetic
EMPRESI-HPAI-0000002,WAHIS-HPAI-ISR-2020-01-06-00,WAHIS,High pathogenicity avian influenza,HPAI,Israel,ISR,31.5737,35.4609,2020-01-11,2020-01-23,2020-02-04,Larus spp. (wild),1898,1025,confirmed,synthetic
EMPRESI-HPAI-0000005,WAHIS-HPAI-RUS-2020-01-13-00,WAHIS,High pathogenicity avian influenza,HPAI,Russian Federation,RUS,50.7788,40.6814,2020-01-15,2020-01-29,2020-02-06,Cygnus olor (wild),3637,1949,confirmed,synthetic
EMPRESI-HPAI-0000007,WAHIS-HPAI-DEU-2020-01-20-00,WAHIS,High pathogenicity avian influenza,HPAI,Germany,DEU,50.9729,8.2662,2020-01-23,2020-01-30,2020-02-07,Meleagris gallopavo (domestic),10011,5535,confirmed,synthetic
EMPRESI-HPAI-0000009,WAHIS-HPAI-ITA-2020-01-20-01,WAHIS,High pathogenicity avian influenza,HPAI,Italy,ITA,45.3004,11.3156,2020-01-21,2020-02-02,2020-02-13,Anas platyrhynchos (domestic),2412,1316,confirmed,synthetic
EMPRESI-HPAI-0000010,WAHIS-HPAI-BGR-2020-01-20-00,WAHIS,High pathogenicity avian influenza,HPAI,Bulgaria,BGR,44.2553,24.7872,2020-01-23,2020-02-08,2020-02-14,Larus spp. (wild),6463,3475,confirmed,synthetic
EMPRESI-HPAI-0000013,WAHIS-HPAI-UKR-2020-01-27-00,WAHIS,High pathogenicity avian influenza,HPAI,Ukraine,UKR,51.9894,32.5589,2020-01-31,2020-02-19,2020-02-23,Larus spp. (wild),11315,6262,confirmed,synthetic
EMPRESI-HPAI-0000018,WAHIS-HPAI-ISR-2020-02-10-00,WAHIS,High pathogenicity avian influenza,HPAI,Israel,ISR,31.7001,34.9963,2020-02-15,2020-02-20,2020-02-25,Meleagris gallopavo (domestic),748,395,confirmed,synthetic
EMPRESI-HPAI-0000017,WAHIS-HPAI-ISR-2020-02-03-01,WAHIS,High pathogenicity avian influenza,HPAI,Israel,ISR,31.8709,35.3255,2020-02-03,2020-02-16,2020-02-27,Anas platyrhynchos (domestic),1122,637,confirmed,synthetic
EMPRESI-HPAI-0000014,WAHIS-HPAI-ITA-2020-02-03-00,WAHIS,High pathogenicity avian influenza,HPAI,Italy,ITA,43.2841,9.6003,2020-02-05,2020-02-17,2020-02-27,Larus spp. (wild),2420,1366,confirmed,synthetic
EMPRESI-HPAI-0000015,WAHIS-HPAI-SRB-2020-02-03-00,WAHIS,High pathogenicity avian influenza,HPAI,Serbia,SRB,43.8866,20.1558,2020-02-08,2020-02-22,2020-03-01,Anas platyrhynchos (domestic),7213,3974,confirmed,synthetic
EMPRESI-HPAI-0000008,WAHIS-HPAI-ITA-2020-01-20-00,WAHIS,High pathogenicity avian influenza,HPAI,Italy,ITA,43.96,15.3786,2020-01-24,2020-02-24,2020-03-01,Gallus gallus (domestic),2823,1512,confirmed,synthetic
EMPRESI-HPAI-0000016,WAHIS-HPAI-ISR-2020-02-03-00,WAHIS,High pathogenicity avian influenza,HPAI,Israel,ISR,32.004,34.7936,2020-02-08,2020-02-21,2020-03-02,Larus spp. (wild),1430,779,confirmed,synthetic
EMPRESI-HPAI-0000006,WAHIS-HPAI-ISR-2020-01-13-00,WAHIS,High pathogenicity avian influenza,HPAI,Israel,ISR,31.0349,34.3162,2020-01-17,2020-02-23,2020-03-07,Gallus gallus (domestic),2447,1354,confirmed,synthetic
EMPRESI-HPAI-0000019,WAHIS-HPAI-ISR-2020-02-10-01,WAHIS,High pathogenicity avian influenza,HPAI,Israel,ISR,31.3368,35.0688,2020-02-15,2020-02-28,2020-03-07,Cygnus olor (wild),677,381,confirmed,synthetic
EMPRESI-HPAI-0000024,WAHIS-HPAI-BGR-2020-02-24-00,WAHIS,High pathogenicity avian influenza,HPAI,Bulgaria,BGR,42.9446,23.9093,2020-02-28,2020-03-11,2020-03-18,Larus spp. (wild),2901,1649,confirmed,synthetic
EMPRESI-HPAI-0000027,WAHIS-HPAI-ITA-2020-03-02-00,WAHIS,High pathogenicity avian influenza,HPAI,Italy,ITA,42.9725,14.4552,2020-03-03,2020-03-10,2020-03-19,Meleagris gallopavo (domestic),2408,1302,confirmed,synthetic
EMPRESI-HPAI-0000030,WAHIS-HPAI-HUN-2020-03-02-01,WAHIS,High pathogenicity avian influenza,HPAI,Hungary,HUN,47.2365,17.4886,2020-03-05,2020-03-11,2020-03-20,Meleagris gallopavo (domestic),2571,1416,confirmed,synthetic
EMPRESI-HPAI-0000039,WAHIS-HPAI-ITA-2020-03-16-01,WAHIS,High pathogenicity avian influenza,HPAI,Italy,ITA,44.9956,14.0426,2020-03-16,2020-03-22,2020-03-25,Meleagris gallopavo (domestic),5398,2997,confirmed,synthetic
EMPRESI-HPAI-0000025,WAHIS-HPAI-SRB-2020-02-24-00,WAHIS,High pathogenicity avian influenza,HPAI,Serbia,SRB,45.2282,21.7843,2020-02-29,2020-03-17,2020-03-25,Larus spp. (wild),2350,1303,confirmed,synthetic
EMPRESI-HPAI-0000032,WAHIS-HPAI-FRA-2020-03-09-00,WAHIS,High pathogenicity avian influenza,HPAI,France,FRA,47.7521,2.529,2020-03-10,2020-03-20,2020-04-01,Cygnus olor (wild),1497,827,confirmed,synthetic
EMPRESI-HPAI-0000034,WAHIS-HPAI-ITA-2020-03-09-00,WAHIS,High pathogenicity avian influenza,HPAI,Italy,ITA,42.4572,15.2509,2020-03-12,2020-03-22,2020-04-01,Anas platyrhynchos (domestic),887,503,confirmed,synthetic
EMPRESI-HPAI-0000041,WAHIS-HPAI-ESP-2020-03-16-00,WAHIS,High pathogenicity avian influenza,HPAI,Spain,ESP,42.905,-5.4641,2020-03-19,2020-03-24,2020-04-02,Larus spp. (wild),3569,1958,confirmed,synthetic
EMPRESI-HPAI-0000036,WAHIS-HPAI-MAR-2020-03-09-00,WAHIS,High pathogenicity avian influenza,HPAI,Morocco,MAR,29.3103,-7.1412,2020-03-13,2020-03-28,2020-04-03,Gallus gallus (domestic),3718,2028,confirmed,synthetic
EMPRESI-HPAI-0000023,WAHIS-HPAI-HUN-2020-02-24-00,WAHIS,High pathogenicity avian influenza,HPAI,Hungary,HUN,47.0487,18.9099,2020-03-01,2020-03-21,2020-04-04,Gallus gallus (domestic),9406,5176,confirmed,synthetic
EMPRESI-HPAI-0000049,WAHIS-HPAI-HUN-2020-03-23-00,WAHIS,High pathogenicity avian influenza,HPAI,Hungary,HUN,45.7968,19.2996,2020-03-23,2020-03-29,2020-04-06,Larus spp. (wild),3847,2102,confirmed,synthetic
EMPRESI-HPAI-0000028,WAHIS-HPAI-ITA-2020-03-02-01,WAHIS,High pathogenicity avian influenza,HPAI,Italy,ITA,43.6779,10.9569,2020-03-08,2020-03-30,2020-04-07,Anas platyrhynchos (domestic),2312,1257,confirmed,synthetic
EMPRESI-HPAI-0000051,WAHIS-HPAI-SRB-2020-03-23-00,WAHIS,High pathogenicity avian influenza,HPAI,Serbia,SRB,43.2168,21.5125,2020-03-24,2020-03-29,2020-04-08,Larus spp. (wild),2662,1417,confirmed,synthetic
EMPRESI-HPAI-0000029,WAHIS-HPAI-HUN-2020-03-02-00,WAHIS,High pathogenicity avian influenza,HPAI,Hungary,HUN,46.9304,18.0301,2020-03-02,2020-04-01,2020-04-10,Anas platyrhynchos (domestic),4492,2461,confirmed,synthetic
EMPRESI-HPAI-0000038,WAHIS-HPAI-ITA-2020-03-16-00,WAHIS,High pathogenicity avian influenza,HPAI,Italy,ITA,42.5967,11.0024,2020-03-22,2020-04-01,2020-04-10,Cygnus olor (wild),3054,1690,confirmed,synthetic
EMPRESI-HPAI-0000044,WAHIS-HPAI-SRB-2020-03-16-02,WAHIS,High pathogenicity avian influenza,HPAI,Serbia,SRB,44.6014,19.7305,2020-03-19,2020-04-03,2020-04-12,Cygnus olor (wild),862,480,confirmed,synthetic
EMPRESI-HPAI-0000056,WAHIS-HPAI-POL-2020-03-30-00,WAHIS,High pathogenicity avian influenza,HPAI,Poland,POL,50.3091,20.5231,2020-03-30,2020-04-08,2020-04-15,Cygnus olor (wild),1103,633,confirmed,synthetic
EMPRESI-HPAI-0000046,WAHIS-HPAI-FRA-2020-03-23-00,WAHIS,High pathogenicity avian influenza,HPAI,France,FRA,50.2521,2.8872,2020-03-27,2020-04-08,2020-04-15,Meleagris gallopavo (domestic),3514,1922,confirmed,synthetic
EMPRESI-HPAI-0000047,WAHIS-HPAI-DEU-2020-03-23-00,WAHIS,High pathogenicity avian influenza,HPAI,Germany,DEU,50.6577,11.9572,2020-03-25,2020-04-09,2020-04-15,Larus spp. (wild),3553,1914,confirmed,synthetic
EMPRESI-HPAI-0000068,WAHIS-HPAI-NLD-2020-04-06-01,WAHIS,High pathogenicity avian influenza,HPAI,Netherlands,NLD,52.866,5.1653,2020-04-07,2020-04-10,2020-04-16,Larus spp. (wild),2661,1504,confirmed,synthetic
EMPRESI-HPAI-0000052,WAHIS-HPAI-SRB-2020-03-23-01,WAHIS,High pathogenicity avian influenza,HPAI,Serbia,SRB,44.7814,22.5878,2020-03-27,2020-04-12,2020-04-17,Larus spp. (wild),8081,4480,confirmed,synthetic
EMPRESI-HPAI-0000050,WAHIS-HPAI-ROU-2020-03-23-00,WAHIS,High pathogenicity avian influenza,HPAI,Romania,ROU,46.2394,24.7457,2020-03-25,2020-04-09,2020-04-17,Anas platyrhynchos (domestic),12356,6816,confirmed,synthetic
EMPRESI-HPAI-0000042,WAHIS-HPAI-SRB-2020-03-16-00,WAHIS,High pathogenicity avian influenza,HPAI,Serbia,SRB,44.8344,21.0398,2020-03-17,2020-04-11,2020-04-17,Larus spp. (wild),2870,1578,confirmed,synthetic
EMPRESI-HPAI-0000063,WAHIS-HPAI-MAR-2020-03-30-00,WAHIS,High pathogenicity avian influenza,HPAI,Morocco,MAR,29.8382,-7.9016,2020-04-03,2020-04-15,2020-04-22,Larus spp. (wild),6771,3757,confirmed,synthetic
EMPRESI-HPAI-0000069,WAHIS-HPAI-BEL-2020-04-06-00,WAHIS,High pathogenicity avian influenza,HPAI,Belgium,BEL,50.2184,5.4732,2020-04-08,2020-04-15,2020-04-23,Cygnus olor (wild),7609,4209,confirmed,synthetic
EMPRESI-HPAI-0000054,WAHIS-HPAI-TUN-2020-03-23-01,WAHIS,High pathogenicity avian influenza,HPAI,Tunisia,TUN,32.6486,9.3844,2020-03-26,2020-04-18,2020-04-24,Meleagris gallopavo (domestic),4847,2635,confirmed,synthetic
EMPRESI-HPAI-0000058,WAHIS-HPAI-HUN-2020-03-30-01,WAHIS,High pathogenicity avian influenza,HPAI,Hungary,HUN,46.9046,19.9301,2020-03-30,2020-04-18,2020-04-24,Anas platyrhynchos (domestic),3796,2084,confirmed,synthetic
EMPRESI-HPAI-0000070,WAHIS-HPAI-BEL-2020-04-06-01,WAHIS,High pathogenicity avian influenza,HPAI,Belgium,BEL,50.0798,5.3353,2020-04-11,2020-04-15,2020-04-24,Gallus gallus (domestic),2637,1394,confirmed,synthetic
EMPRESI-HPAI-0000053,WAHIS-HPAI-TUN-2020-03-23-00,WAHIS,High pathogenicity avian influenza,HPAI,Tunisia,TUN,33.8493,11.3237,2020-03-28,2020-04-14,2020-04-25,Meleagris gallopavo (domestic),2841,1583,confirmed,synthetic
EMPRESI-HPAI-0000065,WAHIS-HPAI-FRA-2020-04-06-01,WAHIS,High pathogenicity avian influenza,HPAI,France,FRA,46.9533,7.1642,2020-04-09,2020-04-20,2020-04-26,Meleagris gallopavo (domestic),1641,869,confirmed,synthetic
EMPRESI-HPAI-0000088,WAHIS-HPAI-BEL-2020-04-13-00,WAHIS,High pathogenicity avian influenza,HPAI,Belgium,BEL,50.9714,5.0039,2020-04-14,2020-04-22,2020-04-28,Gallus gallus (domestic),8962,4874,confirmed,synthetic
EMPRESI-HPAI-0000075,WAHIS-HPAI-SRB-2020-04-06-00,WAHIS,High pathogenicity avian influenza,HPAI,Serbia,SRB,45.0981,21.5484,2020-04-06,2020-04-21,2020-04-28,Meleagris gallopavo (domestic),9733,5281,confirmed,synthetic
EMPRESI-HPAI-0000095,WAHIS-HPAI-POL-2020-04-13-03,WAHIS,High pathogenicity avian influenza,HPAI,Poland,POL,51.6066,21.9979,2020-04-13,2020-04-18,2020-04-28,Cygnus olor (wild),2572,1432,confirmed,synthetic
EMPRESI-HPAI-0000064,WAHIS-HPAI-FRA-2020-04-06-00,WAHIS,High pathogenicity avian influenza,HPAI,France,FRA,49.9886,0.5231,2020-04-08,2020-04-16,2020-04-29,Anas platyrhynchos (domestic),3720,2078,confirmed,synthetic
EMPRESI-HPAI-0000084,WAHIS-HPAI-DEU-2020-04-13-02,WAHIS,High pathogenicity avian influenza,HPAI,Germany,DEU,53.3373,10.9509,2020-04-15,2020-04-22,2020-04-29,Meleagris gallopavo (domestic),2479,1339,confirmed,synthetic
EMPRESI-HPAI-0000081,WAHIS-HPAI-FRA-2020-04-13-03,WAHIS,High pathogenicity avian influenza,HPAI,France,FRA,44.4152,2.1282,2020-04-13,2020-04-22,2020-04-29,Cygnus olor (wild),5157,2821,confirmed,synthetic
EMPRESI-HPAI-0000076,WAHIS-HPAI-RUS-2020-04-06-00,WAHIS,High pathogenicity avian influenza,HPAI,Russian Federation,RUS,54.2135,42.1708,2020-04-11,2020-04-21,2020-04-29,Gallus gallus (domestic),1033,570,confirmed,synthetic
EMPRESI-HPAI-0000066,WAHIS-HPAI-DEU-2020-04-06-00,WAHIS,High pathogenicity avian influenza,HPAI,Germany,DEU,48.3197,10.7134,2020-04-11,2020-04-22,2020-04-29,Gallus gallus (domestic),6479,3629,confirmed,synthetic
EMPRESI-HPAI-0000101,WAHIS-HPAI-TUR-2020-04-13-00,WAHIS,High pathogenicity avian influenza,HPAI,Türkiye,TUR,40.3567,30.9398,2020-04-15,2020-04-22,2020-05-01,Meleagris gallopavo (domestic),2611,1421,confirmed,synthetic
EMPRESI-HPAI-0000087,WAHIS-HPAI-NLD-2020-04-13-01,WAHIS,High pathogenicity avian influenza,HPAI,Netherlands,NLD,52.6801,5.4384,2020-04-14,2020-04-21,2020-05-01,Larus spp. (wild),6155,3342,confirmed,synthetic
EMPRESI-HPAI-0000086,WAHIS-HPAI-NLD-2020-04-13-00,WAHIS,High pathogenicity avian influenza,HPAI,Netherlands,NLD,52.5464,6.4068,2020-04-15,2020-04-25,2020-05-01,Meleagris gallopavo (domestic),1558,839,confirmed,synthetic
EMPRESI-HPAI-0000085,WAHIS-HPAI-DEU-2020-04-13-03,WAHIS,High pathogenicity avian influenza,HPAI,Germany,DEU,50.9134,12.7098,2020-04-17,2020-04-22,2020-05-02,Anas platyrhynchos (domestic),6905,3889,confirmed,synthetic
EMPRESI-HPAI-0000067,WAHIS-HPAI-NLD-2020-04-06-00,WAHIS,High pathogenicity avian influenza,HPAI,Netherlands,NLD,51.4985,6.5414,2020-04-08,2020-04-25,2020-05-02,Gallus gallus (domestic),2047,1167,confirmed,synthetic
EMPRESI-HPAI-0000090,WAHIS-HPAI-ITA-2020-04-13-00,WAHIS,High pathogenicity avian influenza,HPAI,Italy,ITA,43.7855,12.4559,2020-04-16,2020-04-24,2020-05-02,Cygnus olor (wild),3419,1882,confirmed,synthetic
EMPRESI-HPAI-0000072,WAHIS-HPAI-POL-2020-04-06-01,WAHIS,High pathogenicity avian influenza,HPAI,Poland,POL,50.7685,15.3883,2020-04-09,2020-04-22,2020-05-02,Meleagris gallopavo (domestic),4950,2676,confirmed,synthetic
EMPRESI-HPAI-0000083,WAHIS-HPAI-DEU-2020-04-13-01,WAHIS,High pathogenicity avian influenza,HPAI,Germany,DEU,48.9303,12.2394,2020-04-17,2020-04-26,2020-05-03,Anas platyrhynchos (domestic),2991,1651,confirmed,synthetic
EMPRESI-HPAI-0000089,WAHIS-HPAI-BEL-2020-04-13-01,WAHIS,High pathogenicity avian influenza,HPAI,Belgium,BEL,51.2519,4.2183,2020-04-15,2020-04-28,2020-05-03,Meleagris gallopavo (domestic),7490,4118,confirmed,synthetic
EMPRESI-HPAI-0000078,WAHIS-HPAI-FRA-2020-04-13-00,WAHIS,High pathogenicity avian influenza,HPAI,France,FRA,46.4127,-0.9211,2020-04-18,2020-04-23,2020-05-03,Anas platyrhynchos (domestic),2772,1537,confirmed,synthetic
EMPRESI-HPAI-0000097,WAHIS-HPAI-ROU-2020-04-13-00,WAHIS,High pathogenicity avian influenza,HPAI,Romania,ROU,46.1124,23.5978,2020-04-16,2020-04-20,2020-05-03,Meleagris gallopavo (domestic),3952,2206,confirmed,synthetic
EMPRESI-HPAI-0000059,WAHIS-HPAI-SRB-2020-03-30-00,WAHIS,High pathogenicity avian influenza,HPAI,Serbia,SRB,43.3891,21.6777,2020-03-31,2020-04-29,2020-05-04,Gallus gallus (domestic),1226,668,confirmed,synthetic
EMPRESI-HPAI-0000060,WAHIS-HPAI-GEO-2020-03-30-00,WAHIS,High pathogenicity avian influenza,HPAI,Georgia,GEO,41.8591,42.1614,2020-04-05,2020-04-29,2020-05-04,Larus spp. (wild),3919,2142,confirmed,synthetic
EMPRESI-HPAI-0000043,WAHIS-HPAI-SRB-2020-03-16-01,WAHIS,High pathogenicity avian influenza,HPAI,Serbia,SRB,44.5237,21.6852,2020-03-17,2020-04-27,2020-05-05,Meleagris gallopavo (domestic),9888,5528,confirmed,synthetic
EMPRESI-HPAI-0000119,WAHIS-HPAI-MAR-2020-04-20-00,WAHIS,High pathogenicity avian influenza,HPAI,Morocco,MAR,31.2396,-9.693,2020-04-20,2020-05-02,2020-05-06,Anas platyrhynchos (domestic),1414,779,confirmed,synthetic
EMPRESI-HPAI-0000082,WAHIS-HPAI-DEU-2020-04-13-00,WAHIS,High pathogenicity avian influenza,HPAI,Germany,DEU,52.8159,14.0341,2020-04-15,2020-04-25,2020-05-06,Meleagris gallopavo (domestic),979,541,confirmed,synthetic
EMPRESI-HPAI-0000098,WAHIS-HPAI-BGR-2020-04-13-00,WAHIS,High pathogenicity avian influenza,HPAI,Bulgaria,BGR,42.8449,23.7813,2020-04-13,2020-04-29,2020-05-07,Cygnus olor (wild),5836,3282,confirmed,synthetic
EMPRESI-ASF-0000002,WAHIS-ASF-POL-2020-04-13-00,WAHIS,African swine fever,ASF,Poland,POL,49.9415,18.0769,2020-04-16,2020-04-29,2020-05-07,Sus scrofa (wild boar),60,53,confirmed,synthetic
EMPRESI-HPAI-0000092,WAHIS-HPAI-POL-2020-04-13-00,WAHIS,High pathogenicity avian influenza,HPAI,Poland,POL,50.4213,17.3358,2020-04-16,2020-04-30,2020-05-07,Anas platyrhynchos (domestic),6984,3817,confirmed,synthetic
EMPRESI-HPAI-0000105,WAHIS-HPAI-DEU-2020-04-20-01,WAHIS,High pathogenicity avian influenza,HPAI,Germany,DEU,52.2084,11.6825,2020-04-22,2020-04-25,2020-05-08,Anas platyrhynchos (domestic),3177,1729,confirmed,synthetic
EMPRESI-HPAI-0000115,WAHIS-HPAI-RUS-2020-04-20-00,WAHIS,High pathogenicity avian influenza,HPAI,Russian Federation,RUS,55.9104,50.8829,2020-04-23,2020-04-29,2020-05-08,Meleagris gallopavo (domestic),10929,6045,confirmed,synthetic
EMPRESI-HPAI-0000080,WAHIS-HPAI-FRA-2020-04-13-02,WAHIS,High pathogenicity avian influenza,HPAI,France,FRA,46.3148,7.4009,2020-04-18,2020-04-30,2020-05-09,Cygnus olor (wild),5149,2833,confirmed,synthetic
EMPRESI-HPAI-0000127,WAHIS-HPAI-BEL-2020-04-27-01,WAHIS,High pathogenicity avian influenza,HPAI,Belgium,BEL,50.4527,4.075,2020-04-27,2020-05-05,2020-05-10,Larus spp. (wild),3128,1725,confirmed,synthetic
EMPRESI-HPAI-0000077,WAHIS-HPAI-TUR-2020-04-06-00,WAHIS,High pathogenicity avian influenza,HPAI,Türkiye,TUR,42.9701,34.3584,2020-04-09,2020-05-05,2020-05-11,Gallus gallus (domestic),609,335,confirmed,synthetic
EMPRESI-HPAI-0000137,WAHIS-HPAI-ESP-2020-04-27-01,WAHIS,High pathogenicity avian influenza,HPAI,Spain,ESP,40.0446,-0.615,2020-05-01,2020-05-03,2020-05-11,Cygnus olor (wild),7851,4258,confirmed,synthetic
EMPRESI-HPAI-0000116,WAHIS-HPAI-RUS-2020-04-20-01,WAHIS,High pathogenicity avian influenza,HPAI,Russian Federation,RUS,54.8793,49.6071,2020-04-22,2020-04-27,2020-05-11,Gallus gallus (domestic),1687,924,confirmed,synthetic
EMPRESI-HPAI-0000146,WAHIS-HPAI-TUR-2020-04-27-01,WAHIS,High pathogenicity avian influenza,HPAI,Türkiye,TUR,36.6678,39.6942,2020-04-27,2020-05-04,2020-05-12,Meleagris gallopavo (domestic),8062,4468,confirmed,synthetic
EMPRESI-HPAI-0000136,WAHIS-HPAI-ESP-2020-04-27-00,WAHIS,High pathogenicity avian influenza,HPAI,Spain,ESP,40.0237,-5.309,2020-04-30,2020-05-06,2020-05-13,Anas platyrhynchos (domestic),2236,1259,confirmed,synthetic
EMPRESI-HPAI-0000096,WAHIS-HPAI-POL-2020-04-13-04,WAHIS,High pathogenicity avian influenza,HPAI,Poland,POL,51.1879,17.5564,2020-04-16,2020-05-05,2020-05-14,Meleagris gallopavo (domestic),5631,3125,confirmed,synthetic
EMPRESI-HPAI-0000109,WAHIS-HPAI-BEL-2020-04-20-00,WAHIS,High pathogenicity avian influenza,HPAI,Belgium,BEL,50.2164,5.141,2020-04-21,2020-05-02,2020-05-15,Gallus gallus (domestic),4731,2610,confirmed,synthetic
EMPRESI-HPAI-0000125,WAHIS-HPAI-NLD-2020-04-27-01,WAHIS,High pathogenicity avian influenza,HPAI,Netherlands,NLD,53.0949,6.3747,2020-04-28,2020-05-08,2020-05-15,Cygnus olor (wild),3868,2148,confirmed,synthetic
EMPRESI-HPAI-0000131,WAHIS-HPAI-BEL-2020-04-27-05,WAHIS,High pathogenicity avian influenza,HPAI,Belgium,BEL,51.0059,3.8795,2020-04-27,2020-05-05,2020-05-15,Meleagris gallopavo (domestic),1482,814,confirmed,synthetic
EMPRESI-HPAI-0000140,WAHIS-HPAI-POL-2020-04-27-01,WAHIS,High pathogenicity avian influenza,HPAI,Poland,POL,52.4926,17.0551,2020-04-30,2020-05-06,2020-05-15,Meleagris gallopavo (domestic),6443,3602,confirmed,synthetic
EMPRESI-HPAI-0000110,WAHIS-HPAI-BEL-2020-04-20-01,WAHIS,High pathogenicity avian influenza,HPAI,Belgium,BEL,50.4335,4.7962,2020-04-24,2020-05-01,2020-05-15,Cygnus olor (wild),4722,2542,confirmed,synthetic
EMPRESI-HPAI-0000121,WAHIS-HPAI-FRA-2020-04-27-01,WAHIS,High pathogenicity avian influenza,HPAI,France,FRA,48.8889,4.9343,2020-04-28,2020-05-04,2020-05-15,Meleagris gallopavo (domestic),11990,6666,confirmed,synthetic
EMPRESI-HPAI-0000133,WAHIS-HPAI-BEL-2020-04-27-07,WAHIS,High pathogenicity avian influenza,HPAI,Belgium,BEL,49.9685,5.5588,2020-05-02,2020-05-10,2020-05-16,Anas platyrhynchos (domestic),2159,1170,confirmed,synthetic
EMPRESI-HPAI-0000099,WAHIS-HPAI-SRB-2020-04-13-00,WAHIS,High pathogenicity avian influenza,HPAI,Serbia,SRB,44.4127,20.016,2020-04-15,2020-05-13,2020-05-16,Gallus gallus (domestic),248,139,confirmed,synthetic
EMPRESI-HPAI-0000164,WAHIS-HPAI-BEL-2020-05-04-00,WAHIS,High pathogenicity avian influenza,HPAI,Belgium,BEL,50.2221,4.047,2020-05-07,2020-05-10,2020-05-17,Cygnus olor (wild),13693,7555,confirmed,synthetic
EMPRESI-HPAI-0000155,WAHIS-HPAI-DEU-2020-05-04-05,WAHIS,High pathogenicity avian influenza,HPAI,Germany,DEU,49.9883,10.4235,2020-05-05,2020-05-08,2020-05-17,Cygnus olor (wild),3920,2174,confirmed,synthetic
EMPRESI-HPAI-0000162,WAHIS-HPAI-NLD-2020-05-04-06,WAHIS,High pathogenicity avian influenza,HPAI,Netherlands,NLD,52.722,4.7655,2020-05-04,2020-05-11,2020-05-17,Cygnus olor (wild),1788,989,confirmed,synthetic
EMPRESI-HPAI-0000057,WAHIS-HPAI-HUN-2020-03-30-00,WAHIS,High pathogenicity avian influenza,HPAI,Hungary,HUN,47.6209,19.6174,2020-04-03,2020-05-09,2020-05-17,Larus spp. (wild),5205,2867,confirmed,synthetic
EMPRESI-HPAI-0000161,WAHIS-HPAI-NLD-2020-05-04-05,WAHIS,High pathogenicity avian influenza,HPAI,Netherlands,NLD,52.4271,6.1263,2020-05-08,2020-05-10,2020-05-18,Meleagris gallopavo (domestic),2873,1567,confirmed,synthetic
EMPRESI-ASF-0000004,WAHIS-ASF-HUN-2020-04-20-00,WAHIS,African swine fever,ASF,Hungary,HUN,47.7182,18.4202,2020-04-25,2020-05-14,2020-05-19,Sus scrofa domesticus,97,86,confirmed,synthetic
EMPRESI-HPAI-0000117,WAHIS-HPAI-RUS-2020-04-20-02,WAHIS,High pathogenicity avian influenza,HPAI,Russian Federation,RUS,57.3407,43.226,2020-04-26,2020-05-12,2020-05-19,Meleagris gallopavo (domestic),2423,1303,confirmed,synthetic
EMPRESI-HPAI-0000102,WAHIS-HPAI-FRA-2020-04-20-00,WAHIS,High pathogenicity avian influenza,HPAI,France,FRA,48.0467,2.4616,2020-04-24,2020-05-09,2020-05-19,Larus spp. (wild),925,500,confirmed,synthetic
EMPRESI-HPAI-0000165,WAHIS-HPAI-BEL-2020-05-04-01,WAHIS,High pathogenicity avian influenza,HPAI,Belgium,BEL,51.0701,4.49,2020-05-05,2020-05-11,2020-05-19,Larus spp. (wild),3678,1999,confirmed,synthetic
EMPRESI-HPAI-0000128,WAHIS-HPAI-BEL-2020-04-27-02,WAHIS,High pathogenicity avian influenza,HPAI,Belgium,BEL,50.1247,3.9372,2020-04-28,2020-05-10,2020-05-19,Larus spp. (wild),5267,2869,confirmed,synthetic
EMPRESI-HPAI-0000130,WAHIS-HPAI-BEL-2020-04-27-04,WAHIS,High pathogenicity avian influenza,HPAI,Belgium,BEL,50.6197,4.9159,2020-04-30,2020-05-08,2020-05-20,Meleagris gallopavo (domestic),4561,2510,confirmed,synthetic
EMPRESI-ASF-0000003,WAHIS-ASF-DEU-2020-04-20-00,WAHIS,African swine fever,ASF,Germany,DEU,49.1317,12.754,2020-04-20,2020-05-08,2020-05-20,Sus scrofa domesticus,29,26,confirmed,synthetic
EMPRESI-HPAI-0000151,WAHIS-HPAI-DEU-2020-05-04-01,WAHIS,High pathogenicity avian influenza,HPAI,Germany,DEU,48.8326,7.4336,2020-05-10,2020-05-14,2020-05-20,Larus spp. (wild),8996,4951,confirmed,synthetic
EMPRESI-HPAI-0000144,WAHIS-HPAI-RUS-2020-04-27-00,WAHIS,High pathogenicity avian influenza,HPAI,Russian Federation,RUS,55.417,47.5091,2020-05-02,2020-05-16,2020-05-20,Anas platyrhynchos (domestic),2380,1314,confirmed,synthetic
EMPRESI-HPAI-0000157,WAHIS-HPAI-NLD-2020-05-04-01,WAHIS,High pathogenicity avian influenza,HPAI,Netherlands,NLD,51.3199,5.2282,2020-05-05,2020-05-11,2020-05-21,Meleagris gallopavo (domestic),2269,1230,confirmed,synthetic
EMPRESI-HPAI-0000181,WAHIS-HPAI-DEU-2020-05-11-01,WAHIS,High pathogenicity avian influenza,HPAI,Germany,DEU,51.8446,6.4116,2020-05-11,2020-05-16,2020-05-21,Cygnus olor (wild),12352,6818,confirmed,synthetic
EMPRESI-ASF-0000008,WAHIS-ASF-ROU-2020-05-04-00,WAHIS,African swine fever,ASF,Romania,ROU,47.6695,25.7101,2020-05-08,2020-05-13,2020-05-21,Sus scrofa domesticus,63,57,confirmed,synthetic
EMPRESI-ASF-0000005,WAHIS-ASF-DEU-2020-04-27-00,WAHIS,African swine fever,ASF,Germany,DEU,49.4172,10.1353,2020-04-29,2020-05-11,2020-05-21,Sus scrofa domesticus,71,60,confirmed,synthetic
EMPRESI-HPAI-0000141,WAHIS-HPAI-POL-2020-04-27-02,WAHIS,High pathogenicity avian influenza,HPAI,Poland,POL,50.7536,22.9387,2020-04-27,2020-05-15,2020-05-21,Meleagris gallopavo (domestic),3190,1785,confirmed,synthetic
EMPRESI-HPAI-0000104,WAHIS-HPAI-DEU-2020-04-20-00,WAHIS,High pathogenicity avian influenza,HPAI,Germany,DEU,53.7509,10.92,2020-04-26,2020-05-15,2020-05-21,Larus spp. (wild),5443,2944,confirmed,synthetic
EMPRESI-HPAI-0000150,WAHIS-HPAI-DEU-2020-05-04-00,WAHIS,High pathogenicity avian influenza,HPAI,Germany,DEU,50.3954,7.0434,2020-05-08,2020-05-11,2020-05-22,Cygnus olor (wild),2836,1578,confirmed,synthetic
EMPRESI-HPAI-0000074,WAHIS-HPAI-HUN-2020-04-06-01,WAHIS,High pathogenicity avian influenza,HPAI,Hungary,HUN,46.6808,20.2339,2020-04-09,2020-05-15,2020-05-22,Cygnus olor (wild),8446,4596,confirmed,synthetic
EMPRESI-HPAI-0000166,WAHIS-HPAI-BEL-2020-05-04-02,WAHIS,High pathogenicity avian influenza,HPAI,Belgium,BEL,50.4107,5.0358,2020-05-09,2020-05-12,2020-05-22,Gallus gallus (domestic),2044,1093,confirmed,synthetic
EMPRESI-HPAI-0000147,WAHIS-HPAI-FRA-2020-05-04-00,WAHIS,High pathogenicity avian influenza,HPAI,France,FRA,49.6521,3.9753,2020-05-05,2020-05-13,2020-05-22,Cygnus olor (wild),3670,1990,confirmed,synthetic
EMPRESI-HPAI-0000172,WAHIS-HPAI-MDA-2020-05-04-00,WAHIS,High pathogenicity avian influenza,HPAI,Moldova,MDA,47.7321,27.9424,2020-05-05,2020-05-18,2020-05-23,Anas platyrhynchos (domestic),2403,1287,confirmed,synthetic
EMPRESI-HPAI-0000139,WAHIS-HPAI-POL-2020-04-27-00,WAHIS,High pathogenicity avian influenza,HPAI,Poland,POL,50.7557,16.3798,2020-04-30,2020-05-12,2020-05-24,Cygnus olor (wild),3084,1677,confirmed,synthetic
EMPRESI-ASF-0000007,WAHIS-ASF-DEU-2020-05-04-00,WAHIS,African swine fever,ASF,Germany,DEU,52.6738,11.5605,2020-05-06,2020-05-18,2020-05-24,Sus scrofa (wild boar),132,113,confirmed,synthetic
EMPRESI-HPAI-0000160,WAHIS-HPAI-NLD-2020-05-04-04,WAHIS,High pathogenicity avian influenza,HPAI,Netherlands,NLD,51.8894,4.4097,2020-05-10,2020-05-15,2020-05-24,Larus spp. (wild),5250,2843,confirmed,synthetic
EMPRESI-HPAI-0000123,WAHIS-HPAI-DEU-2020-04-27-01,WAHIS,High pathogenicity avian influenza,HPAI,Germany,DEU,50.3772,7.4852,2020-05-01,2020-05-16,2020-05-25,Anas platyrhynchos (domestic),3112,1679,confirmed,synthetic
EMPRESI-HPAI-0000193,WAHIS-HPAI-BGR-2020-05-11-00,WAHIS,High pathogenicity avian influenza,HPAI,Bulgaria,BGR,43.1407,26.8327,2020-05-14,2020-05-18,2020-05-25,Meleagris gallopavo (domestic),6784,3728,confirmed,synthetic
EMPRESI-HPAI-0000175,WAHIS-HPAI-TUR-2020-05-04-01,WAHIS,High pathogenicity avian influenza,HPAI,Türkiye,TUR,35.2469,34.9773,2020-05-07,2020-05-21,2020-05-27,Anas platyrhynchos (domestic),2969,1581,confirmed,synthetic
EMPRESI-ASF-0000014,WAHIS-ASF-BGR-2020-05-11-00,WAHIS,African swine fever,ASF,Bulgaria,BGR,41.7453,25.0376,2020-05-13,2020-05-19,2020-05-27,Sus scrofa (wild boar),219,191,confirmed,synthetic
EMPRESI-ASF-0000010,WAHIS-ASF-DEU-2020-05-11-00,WAHIS,African swine fever,ASF,Germany,DEU,49.2533,13.3201,2020-05-12,2020-05-21,2020-05-27,Sus scrofa domesticus,19,16,confirmed,synthetic
EMPRESI-HPAI-0000169,WAHIS-HPAI-POL-2020-05-04-01,WAHIS,High pathogenicity avian influenza,HPAI,Poland,POL,51.4627,22.3666,2020-05-09,2020-05-19,2020-05-28,Gallus gallus (domestic),1483,820,confirmed,synthetic
EMPRESI-HPAI-0000199,WAHIS-HPAI-FRA-2020-05-18-01,WAHIS,High pathogenicity avian influenza,HPAI,France,FRA,48.4749,6.6216,2020-05-18,2020-05-23,2020-05-28,Larus spp. (wild),1661,901,confirmed,synthetic
EMPRESI-HPAI-0000156,WAHIS-HPAI-NLD-2020-05-04-00,WAHIS,High pathogenicity avian influenza,HPAI,Netherlands,NLD,53.2157,5.51,2020-05-10,2020-05-21,2020-05-29,Larus spp. (wild),1847,1007,confirmed,synthetic
EMPRESI-HPAI-0000167,WAHIS-HPAI-ITA-2020-05-04-00,WAHIS,High pathogenicity avian influenza,HPAI,Italy,ITA,41.5547,12.7571,2020-05-08,2020-05-25,2020-05-29,Gallus gallus (domestic),4597,2595,confirmed,synthetic
EMPRESI-ASF-0000012,WAHIS-ASF-POL-2020-05-11-01,WAHIS,African swine fever,ASF,Poland,POL,50.642,18.6951,2020-05-12,2020-05-21,2020-05-29,Sus scrofa (wild boar),238,208,confirmed,synthetic
EMPRESI-HPAI-0000179,WAHIS-HPAI-FRA-2020-05-11-01,WAHIS,High pathogenicity avian influenza,HPAI,France,FRA,44.442,-1.8792,2020-05-13,2020-05-21,2020-05-29,Gallus gallus (domestic),3166,1753,confirmed,synthetic
EMPRESI-ASF-0000009,WAHIS-ASF-SRB-2020-05-04-00,WAHIS,African swine fever,ASF,Serbia,SRB,42.9267,21.7718,2020-05-08,2020-05-19,2020-05-30,Sus scrofa domesticus,7,4,confirmed,synthetic
EMPRESI-HPAI-0000190,WAHIS-HPAI-ITA-2020-05-11-00,WAHIS,High pathogenicity avian influenza,HPAI,Italy,ITA,43.7397,15.712,2020-05-14,2020-05-23,2020-05-30,Anas platyrhynchos (domestic),10590,5870,confirmed,synthetic
EMPRESI-HPAI-0000138,WAHIS-HPAI-ESP-2020-04-27-02,WAHIS,High pathogenicity avian influenza,HPAI,Spain,ESP,39.4223,-6.3935,2020-04-29,2020-05-25,2020-05-30,Larus spp. (wild),4464,2430,confirmed,synthetic
EMPRESI-HPAI-0000124,WAHIS-HPAI-NLD-2020-04-27-00,WAHIS,High pathogenicity avian influenza,HPAI,Netherlands,NLD,52.275,4.3365,2020-05-03,2020-05-22,2020-05-30,Larus spp. (wild),3639,2040,confirmed,synthetic
EMPRESI-HPAI-0000149,WAHIS-HPAI-FRA-2020-05-04-02,WAHIS,High pathogenicity avian influenza,HPAI,France,FRA,47.7859,3.3549,2020-05-05,2020-05-21,2020-05-30,Meleagris gallopavo (domestic),5071,2730,confirmed,synthetic
EMPRESI-HPAI-0000143,WAHIS-HPAI-SRB-2020-04-27-00,WAHIS,High pathogenicity avian influenza,HPAI,Serbia,SRB,43.369,20.7321,2020-04-28,2020-05-20,2020-05-30,Meleagris gallopavo (domestic),3656,2007,confirmed,synthetic
EMPRESI-HPAI-0000106,WAHIS-HPAI-DEU-2020-04-20-02,WAHIS,High pathogenicity avian influenza,HPAI,Germany,DEU,48.9574,9.2888,2020-04-24,2020-05-22,2020-05-31,Cygnus olor (wild),3501,1918,confirmed,synthetic
EMPRESI-HPAI-0000152,WAHIS-HPAI-DEU-2020-05-04-02,WAHIS,High pathogenicity avian influenza,HPAI,Germany,DEU,51.1844,7.758,2020-05-06,2020-05-21,2020-05-31,Meleagris gallopavo (domestic),3237,1735,confirmed,synthetic
EMPRESI-HPAI-0000176,WAHIS-HPAI-GEO-2020-05-04-00,WAHIS,High pathogenicity avian influenza,HPAI,Georgia,GEO,42.4804,44.6188,2020-05-10,2020-05-26,2020-06-01,Anas platyrhynchos (domestic),1650,907,confirmed,synthetic
EMPRESI-HPAI-0000196,WAHIS-HPAI-UKR-2020-05-11-00,WAHIS,High pathogenicity avian influenza,HPAI,Ukraine,UKR,48.8692,36.4745,2020-05-13,2020-05-28,2020-06-01,Larus spp. (wild),6309,3424,confirmed,synthetic
EMPRESI-ASF-0000016,WAHIS-ASF-DEU-2020-05-18-01,WAHIS,African swine fever,ASF,Germany,DEU,48.9611,12.1655,2020-05-21,2020-05-28,2020-06-01,Sus scrofa (wild boar),225,202,confirmed,synthetic
EMPRESI-HPAI-0000173,WAHIS-HPAI-RUS-2020-05-04-00,WAHIS,High pathogenicity avian influenza,HPAI,Russian Federation,RUS,49.8121,42.6985,2020-05-07,2020-05-26,2020-06-01,Cygnus olor (wild),1890,1005,confirmed,synthetic
EMPRESI-HPAI-0000153,WAHIS-HPAI-DEU-2020-05-04-03,WAHIS,High pathogenicity avian influenza,HPAI,Germany,DEU,51.3724,11.0492,2020-05-09,2020-05-25,2020-06-02,Meleagris gallopavo (domestic),4648,2512,confirmed,synthetic
EMPRESI-HPAI-0000154,WAHIS-HPAI-DEU-2020-05-04-04,WAHIS,High pathogenicity avian influenza,HPAI,Germany,DEU,51.1255,11.4616,2020-05-09,2020-05-27,2020-06-02,Cygnus olor (wild),3386,1858,confirmed,synthetic
EMPRESI-HPAI-0000180,WAHIS-HPAI-DEU-2020-05-11-00,WAHIS,High pathogenicity avian influenza,HPAI,Germany,DEU,53.9911,10.7058,2020-05-11,2020-05-25,2020-06-02,Gallus gallus (domestic),3929,2211,confirmed,synthetic
EMPRESI-HPAI-0000178,WAHIS-HPAI-FRA-2020-05-11-00,WAHIS,High pathogenicity avian influenza,HPAI,France,FRA,48.197,1.842,2020-05-13,2020-05-24,2020-06-02,Meleagris gallopavo (domestic),4028,2222,confirmed,synthetic
EMPRESI-HPAI-0000118,WAHIS-HPAI-TUN-2020-04-20-00,WAHIS,High pathogenicity avian influenza,HPAI,Tunisia,TUN,32.651,8.4353,2020-04-26,2020-05-24,2020-06-03,Larus spp. (wild),4764,2621,confirmed,synthetic
EMPRESI-ASF-0000011,WAHIS-ASF-POL-2020-05-11-00,WAHIS,African swine fever,ASF,Poland,POL,49.713,18.2239,2020-05-17,2020-05-27,2020-06-04,Sus scrofa domesticus,1,1,confirmed,synthetic
EMPRESI-ASF-0000019,WAHIS-ASF-BEL-2020-05-18-00,WAHIS,African swine fever,ASF,Belgium,BEL,50.6497,5.549,2020-05-20,2020-05-26,2020-06-04,Sus scrofa domesticus,62,48,confirmed,synthetic
EMPRESI-ASF-0000017,WAHIS-ASF-DEU-2020-05-18-02,WAHIS,African swine fever,ASF,Germany,DEU,50.867,6.2656,2020-05-24,2020-05-27,2020-06-04,Sus scrofa (wild boar),222,193,confirmed,synthetic
EMPRESI-HPAI-0000186,WAHIS-HPAI-NLD-2020-05-11-04,WAHIS,High pathogenicity avian influenza,HPAI,Netherlands,NLD,51.4814,5.2803,2020-05-14,2020-05-23,2020-06-04,Anas platyrhynchos (domestic),3429,1869,confirmed,synthetic
EMPRESI-HPAI-0000158,WAHIS-HPAI-NLD-2020-05-04-02,WAHIS,High pathogenicity avian influenza,HPAI,Netherlands,NLD,52.4568,5.9922,2020-05-07,2020-06-01,2020-06-06,Anas platyrhynchos (domestic),2285,1218,confirmed,synthetic
EMPRESI-ASF-0000022,WAHIS-ASF-HUN-2020-05-18-00,WAHIS,African swine fever,ASF,Hungary,HUN,45.8658,18.8239,2020-05-18,2020-05-30,2020-06-06,Sus scrofa (wild boar),5,5,confirmed,synthetic
EMPRESI-HPAI-0000148,WAHIS-HPAI-FRA-2020-05-04-01,WAHIS,High pathogenicity avian influenza,HPAI,France,FRA,45.5917,7.4328,2020-05-08,2020-05-31,2020-06-06,Anas platyrhynchos (domestic),2747,1485,confirmed,synthetic
EMPRESI-HPAI-0000203,WAHIS-HPAI-BEL-2020-05-18-00,WAHIS,High pathogenicity avian influenza,HPAI,Belgium,BEL,50.0847,4.04,2020-05-23,2020-05-29,2020-06-06,Cygnus olor (wild),2403,1324,confirmed,synthetic
EMPRESI-HPAI-0000206,WAHIS-HPAI-POL-2020-05-18-01,WAHIS,High pathogenicity avian influenza,HPAI,Poland,POL,50.8469,18.7648,2020-05-21,2020-05-31,2020-06-08,Larus spp. (wild),3824,2174,confirmed,synthetic
EMPRESI-HPAI-0000183,WAHIS-HPAI-NLD-2020-05-11-01,WAHIS,High pathogenicity avian influenza,HPAI,Netherlands,NLD,52.8016,4.4418,2020-05-12,2020-05-28,2020-06-08,Larus spp. (wild),2089,1146,confirmed,synthetic
EMPRESI-HPAI-0000192,WAHIS-HPAI-ROU-2020-05-11-01,WAHIS,High pathogenicity avian influenza,HPAI,Romania,ROU,44.7242,25.6934,2020-05-12,2020-05-29,2020-06-08,Gallus gallus (domestic),6849,3757,confirmed,synthetic
EMPRESI-HPAI-0000194,WAHIS-HPAI-BGR-2020-05-11-01,WAHIS,High pathogenicity avian influenza,HPAI,Bulgaria,BGR,43.6795,25.8296,2020-05-15,2020-05-31,2020-06-08,Larus spp. (wild),6411,3502,confirmed,synthetic
EMPRESI-HPAI-0000195,WAHIS-HPAI-SRB-2020-05-11-00,WAHIS,High pathogenicity avian influenza,HPAI,Serbia,SRB,42.9501,21.3322,2020-05-14,2020-05-28,2020-06-08,Larus spp. (wild),233,132,confirmed,synthetic
EMPRESI-HPAI-0000174,WAHIS-HPAI-TUR-2020-05-04-00,WAHIS,High pathogenicity avian influenza,HPAI,Türkiye,TUR,37.8837,31.3096,2020-05-06,2020-06-02,2020-06-09,Gallus gallus (domestic),5793,3152,confirmed,synthetic
EMPRESI-ASF-0000025,WAHIS-ASF-SRB-2020-05-18-00,WAHIS,African swine fever,ASF,Serbia,SRB,43.4089,22.4151,2020-05-18,2020-06-03,2020-06-11,Sus scrofa (wild boar),88,78,confirmed,synthetic
EMPRESI-HPAI-0000159,WAHIS-HPAI-NLD-2020-05-04-03,WAHIS,High pathogenicity avian influenza,HPAI,Netherlands,NLD,51.7677,5.7224,2020-05-09,2020-06-01,2020-06-11,Gallus gallus (domestic),2658,1472,confirmed,synthetic
EMPRESI-ASF-0000039,WAHIS-ASF-SRB-2020-05-25-00,WAHIS,African swine fever,ASF,Serbia,SRB,43.5791,21.2344,2020-05-25,2020-06-05,2020-06-11,Sus scrofa domesticus,356,319,confirmed,synthetic
EMPRESI-HPAI-0000185,WAHIS-HPAI-NLD-2020-05-11-03,WAHIS,High pathogenicity avian influenza,HPAI,Netherlands,NLD,52.996,6.2866,2020-05-13,2020-06-06,2020-06-12,Cygnus olor (wild),3614,2020,confirmed,synthetic
EMPRESI-ASF-0000032,WAHIS-ASF-ITA-2020-05-25-01,WAHIS,African swine fever,ASF,Italy,ITA,40.4788,13.5058,2020-05-29,2020-06-02,2020-06-12,Sus scrofa domesticus,146,133,confirmed,synthetic
EMPRESI-ASF-0000041,WAHIS-ASF-SRB-2020-05-25-02,WAHIS,African swine fever,ASF,Serbia,SRB,44.7135,20.9914,2020-05-30,2020-06-03,2020-06-12,Sus scrofa (wild boar),132,120,confirmed,synthetic
EMPRESI-ASF-0000018,WAHIS-ASF-NLD-2020-05-18-00,WAHIS,African swine fever,ASF,Netherlands,NLD,51.9151,4.2389,2020-05-20,2020-06-05,2020-06-12,Sus scrofa (wild boar),98,84,confirmed,synthetic
EMPRESI-HPAI-0000218,WAHIS-HPAI-HUN-2020-06-01-00,WAHIS,High pathogenicity avian influenza,HPAI,Hungary,HUN,45.8745,19.3031,2020-06-03,2020-06-08,2020-06-12,Gallus gallus (domestic),3169,1760,confirmed,synthetic
EMPRESI-HPAI-0000171,WAHIS-HPAI-SRB-2020-05-04-01,WAHIS,High pathogenicity avian influenza,HPAI,Serbia,SRB,44.784,21.6849,2020-05-04,2020-06-01,2020-06-13,Meleagris gallopavo (domestic),6033,3360,confirmed,synthetic
EMPRESI-ASF-0000043,WAHIS-ASF-TUR-2020-05-25-00,WAHIS,African swine fever,ASF,Türkiye,TUR,42.1035,31.5332,2020-05-25,2020-06-04,2020-06-13,Sus scrofa (wild boar),30,23,confirmed,synthetic
EMPRESI-HPAI-0000129,WAHIS-HPAI-BEL-2020-04-27-03,WAHIS,High pathogenicity avian influenza,HPAI,Belgium,BEL,50.7052,5.9102,2020-04-27,2020-06-07,2020-06-13,Cygnus olor (wild),2334,1325,confirmed,synthetic
EMPRESI-HPAI-0000211,WAHIS-HPAI-NLD-2020-05-25-02,WAHIS,High pathogenicity avian influenza,HPAI,Netherlands,NLD,51.9139,5.7919,2020-05-31,2020-06-06,2020-06-13,Anas platyrhynchos (domestic),1845,1018,confirmed,synthetic
EMPRESI-HPAI-0000210,WAHIS-HPAI-NLD-2020-05-25-01,WAHIS,High pathogenicity avian influenza,HPAI,Netherlands,NLD,52.2374,6.0809,2020-05-29,2020-06-03,2020-06-13,Cygnus olor (wild),60,29,confirmed,synthetic
EMPRESI-ASF-0000024,WAHIS-ASF-BGR-2020-05-18-00,WAHIS,African swine fever,ASF,Bulgaria,BGR,41.4701,24.9708,2020-05-24,2020-06-05,2020-06-14,Sus scrofa (wild boar),265,229,confirmed,synthetic
EMPRESI-ASF-0000044,WAHIS-ASF-DEU-2020-06-01-00,WAHIS,African swine fever,ASF,Germany,DEU,53.5564,11.213,2020-06-03,2020-06-07,2020-06-15,Sus scrofa (wild boar),25,19,confirmed,synthetic
EMPRESI-HPAI-0000207,WAHIS-HPAI-POL-2020-05-18-02,WAHIS,High pathogenicity avian influenza,HPAI,Poland,POL,49.6594,21.3486,2020-05-24,2020-06-10,2020-06-15,Larus spp. (wild),4144,2288,confirmed,synthetic
EMPRESI-ASF-0000069,WAHIS-ASF-SRB-2020-06-01-03,WAHIS,African swine fever,ASF,Serbia,SRB,44.0703,20.5894,2020-06-01,2020-06-05,2020-06-16,Sus scrofa (wild boar),39,37,confirmed,synthetic
EMPRESI-HPAI-0000182,WAHIS-HPAI-NLD-2020-05-11-00,WAHIS,High pathogenicity avian influenza,HPAI,Netherlands,NLD,51.5533,5.1184,2020-05-16,2020-06-08,2020-06-16,Meleagris gallopavo (domestic),10380,5716,confirmed,synthetic
EMPRESI-HPAI-0000201,WAHIS-HPAI-NLD-2020-05-18-00,WAHIS,High pathogenicity avian influenza,HPAI,Netherlands,NLD,51.9815,5.6554,2020-05-23,2020-06-07,2020-06-17,Gallus gallus (domestic),3836,2132,confirmed,synthetic
EMPRESI-ASF-0000111,WAHIS-ASF-ROU-2020-06-08-05,WAHIS,African swine fever,ASF,Romania,ROU,47.0679,24.0901,2020-06-08,2020-06-11,2020-06-17,Sus scrofa (wild boar),37,34,confirmed,synthetic
EMPRESI-ASF-0000042,WAHIS-ASF-SRB-2020-05-25-03,WAHIS,African swine fever,ASF,Serbia,SRB,43.453,19.297,2020-05-31,2020-06-10,2020-06-17,Sus scrofa (wild boar),77,69,confirmed,synthetic
EMPRESI-HPAI-0000205,WAHIS-HPAI-POL-2020-05-18-00,WAHIS,High pathogenicity avian influenza,HPAI,Poland,POL,52.7524,18.8787,2020-05-22,2020-06-09,2020-06-17,Meleagris gallopavo (domestic),3034,1687,confirmed,synthetic
EMPRESI-ASF-0000031,WAHIS-ASF-ITA-2020-05-25-00,WAHIS,African swine fever,ASF,Italy,ITA,41.5388,15.671,2020-05-26,2020-06-08,2020-06-18,Sus scrofa (wild boar),16,14,confirmed,synthetic
EMPRESI-ASF-0000037,WAHIS-ASF-ROU-2020-05-25-00,WAHIS,African swine fever,ASF,Romania,ROU,47.8725,26.9342,2020-05-29,2020-06-11,2020-06-19,Sus scrofa domesticus,97,90,confirmed,synthetic
EMPRESI-ASF-0000088,WAHIS-ASF-ITA-2020-06-08-01,WAHIS,African swine fever,ASF,Italy,ITA,41.7184,14.9485,2020-06-10,2020-06-14,2020-06-19,Sus scrofa (wild boar),17,14,confirmed,synthetic
EMPRESI-ASF-0000062,WAHIS-ASF-ROU-2020-06-01-00,WAHIS,African swine fever,ASF,Romania,ROU,46.8617,28.2504,2020-06-06,2020-06-11,2020-06-20,Sus scrofa (wild boar),75,66,confirmed,synthetic
EMPRESI-ASF-0000079,WAHIS-ASF-NLD-2020-06-08-01,WAHIS,African swine fever,ASF,Netherlands,NLD,51.3975,4.8771,2020-06-08,2020-06-16,2020-06-21,Sus scrofa (wild boar),137,120,confirmed,synthetic
EMPRESI-HPAI-0000219,WAHIS-HPAI-NLD-2020-06-08-00,WAHIS,High pathogenicity avian influenza,HPAI,Netherlands,NLD,52.3782,5.0972,2020-06-09,2020-06-16,2020-06-21,Larus spp. (wild),2916,1599,confirmed,synthetic
EMPRESI-ASF-0000047,WAHIS-ASF-DEU-2020-06-01-03,WAHIS,African swine fever,ASF,Germany,DEU,52.1897,11.0209,2020-06-01,2020-06-10,2020-06-21,Sus scrofa (wild boar),152,132,confirmed,synthetic
EMPRESI-ASF-0000065,WAHIS-ASF-ROU-2020-06-01-03,WAHIS,African swine fever,ASF,Romania,ROU,47.6475,26.1335,2020-06-05,2020-06-15,2020-06-22,Sus scrofa (wild boar),184,167,confirmed,synthetic
EMPRESI-ASF-0000064,WAHIS-ASF-ROU-2020-06-01-02,WAHIS,African swine fever,ASF,Romania,ROU,46.7887,24.5927,2020-06-02,2020-06-16,2020-06-22,Sus scrofa domesticus,248,216,confirmed,synthetic
EMPRESI-HPAI-0000202,WAHIS-HPAI-NLD-2020-05-18-01,WAHIS,High pathogenicity avian influenza,HPAI,Netherlands,NLD,51.3884,6.5862,2020-05-21,2020-06-16,2020-06-23,Gallus gallus (domestic),3728,2025,confirmed,synthetic
EMPRESI-ASF-0000060,WAHIS-ASF-HUN-2020-06-01-02,WAHIS,African swine fever,ASF,Hungary,HUN,46.2954,20.8589,2020-06-03,2020-06-17,2020-06-23,Sus scrofa domesticus,127,112,confirmed,synthetic
EMPRESI-ASF-0000163,WAHIS-ASF-BEL-2020-06-15-08,WAHIS,African swine fever,ASF,Belgium,BEL,51.3821,5.0948,2020-06-15,2020-06-19,2020-06-23,Sus scrofa (wild boar),24,24,confirmed,synthetic
EMPRESI-HPAI-0000216,WAHIS-HPAI-ESP-2020-06-01-00,WAHIS,High pathogenicity avian influenza,HPAI,Spain,ESP,41.484,-4.0331,2020-06-03,2020-06-18,2020-06-24,Larus spp. (wild),1685,953,confirmed,synthetic
EMPRESI-HPAI-0000214,WAHIS-HPAI-RUS-2020-05-25-00,WAHIS,High pathogenicity avian influenza,HPAI,Russian Federation,RUS,55.7515,44.7908,2020-05-27,2020-06-13,2020-06-24,Cygnus olor (wild),5293,2918,confirmed,synthetic
EMPRESI-ASF-0000105,WAHIS-ASF-HUN-2020-06-08-05,WAHIS,African swine fever,ASF,Hungary,HUN,47.701,21.1727,2020-06-09,2020-06-19,2020-06-25,Sus scrofa domesticus,42,36,confirmed,synthetic
EMPRESI-ASF-0000082,WAHIS-ASF-NLD-2020-06-08-04,WAHIS,African swine fever,ASF,Netherlands,NLD,52.9531,4.6,2020-06-10,2020-06-18,2020-06-25,Sus scrofa domesticus,71,63,confirmed,synthetic
EMPRESI-HPAI-0000217,WAHIS-HPAI-ESP-2020-06-01-01,WAHIS,High pathogenicity avian influenza,HPAI,Spain,ESP,38.5183,-6.3616,2020-06-02,2020-06-18,2020-06-25,Anas platyrhynchos (domestic),3625,1929,confirmed,synthetic
EMPRESI-ASF-0000075,WAHIS-ASF-FRA-2020-06-08-01,WAHIS,African swine fever,ASF,France,FRA,47.3249,0.0923,2020-06-08,2020-06-16,2020-06-25,Sus scrofa domesticus,287,257,confirmed,synthetic
EMPRESI-ASF-0000038,WAHIS-ASF-ROU-2020-05-25-01,WAHIS,African swine fever,ASF,Romania,ROU,47.1917,26.2149,2020-05-31,2020-06-19,2020-06-25,Sus scrofa (wild boar),413,358,confirmed,synthetic
EMPRESI-ASF-0000190,WAHIS-ASF-POL-2020-06-15-08,WAHIS,African swine fever,ASF,Poland,POL,54.2976,20.4639,2020-06-15,2020-06-21,2020-06-26,Sus scrofa (wild boar),126,108,confirmed,synthetic
EMPRESI-HPAI-0000212,WAHIS-HPAI-BEL-2020-05-25-00,WAHIS,High pathogenicity avian influenza,HPAI,Belgium,BEL,50.9998,4.9931,2020-05-25,2020-06-19,2020-06-26,Cygnus olor (wild),951,545,confirmed,synthetic
EMPRESI-ASF-0000054,WAHIS-ASF-ITA-2020-06-01-01,WAHIS,African swine fever,ASF,Italy,ITA,42.8383,12.5012,2020-06-05,2020-06-17,2020-06-26,Sus scrofa domesticus,46,38,confirmed,synthetic
EMPRESI-ASF-0000178,WAHIS-ASF-ESP-2020-06-15-00,WAHIS,African swine fever,ASF,Spain,ESP,38.8736,-0.4786,2020-06-17,2020-06-20,2020-06-26,Sus scrofa domesticus,13,11,confirmed,synthetic
EMPRESI-ASF-0000162,WAHIS-ASF-BEL-2020-06-15-07,WAHIS,African swine fever,ASF,Belgium,BEL,49.9763,3.889,2020-06-17,2020-06-21,2020-06-26,Sus scrofa domesticus,219,189,confirmed,synthetic
EMPRESI-ASF-0000086,WAHIS-ASF-BEL-2020-06-08-02,WAHIS,African swine fever,ASF,Belgium,BEL,49.8603,3.8262,2020-06-13,2020-06-21,2020-06-27,Sus scrofa (wild boar),4,4,confirmed,synthetic
EMPRESI-ASF-0000125,WAHIS-ASF-SRB-2020-06-08-07,WAHIS,African swine fever,ASF,Serbia,SRB,44.3875,22.9055,2020-06-10,2020-06-18,2020-06-27,Sus scrofa domesticus,255,220,confirmed,synthetic
EMPRESI-ASF-0000071,WAHIS-ASF-UKR-2020-06-01-00,WAHIS,African swine fever,ASF,Ukraine,UKR,49.8325,27.8706,2020-06-04,2020-06-18,2020-06-27,Sus scrofa (wild boar),252,223,confirmed,synthetic
EMPRESI-HPAI-0000213,WAHIS-HPAI-MDA-2020-05-25-00,WAHIS,High pathogenicity avian influenza,HPAI,Moldova,MDA,46.8335,29.1675,2020-05-26,2020-06-24,2020-06-28,Anas platyrhynchos (domestic),2723,1536,confirmed,synthetic
EMPRESI-ASF-0000112,WAHIS-ASF-ROU-2020-06-08-06,WAHIS,African swine fever,ASF,Romania,ROU,46.1206,26.102,2020-06-09,2020-06-15,2020-06-28,Sus scrofa (wild boar),102,91,confirmed,synthetic
EMPRESI-ASF-0000117,WAHIS-ASF-BGR-2020-06-08-01,WAHIS,African swine fever,ASF,Bulgaria,BGR,42.0626,24.8987,2020-06-12,2020-06-21,2020-06-28,Sus scrofa (wild boar),173,145,confirmed,synthetic
EMPRESI-ASF-0000056,WAHIS-ASF-ITA-2020-06-01-03,WAHIS,African swine fever,ASF,Italy,ITA,41.9317,12.7898,2020-06-06,2020-06-19,2020-06-29,Sus scrofa (wild boar),147,124,confirmed,synthetic
EMPRESI-ASF-0000096,WAHIS-ASF-POL-2020-06-08-02,WAHIS,African swine fever,ASF,Poland,POL,53.8724,18.1952,2020-06-14,2020-06-23,2020-06-29,Sus scrofa domesticus,29,26,confirmed,synthetic
EMPRESI-ASF-0000095,WAHIS-ASF-POL-2020-06-08-01,WAHIS,African swine fever,ASF,Poland,POL,51.8548,23.6656,2020-06-13,2020-06-21,2020-06-29,Sus scrofa domesticus,180,163,confirmed,synthetic
EMPRESI-ASF-0000033,WAHIS-ASF-ITA-2020-05-25-02,WAHIS,African swine fever,ASF,Italy,ITA,41.019,13.2743,2020-05-31,2020-06-15,2020-06-29,Sus scrofa domesticus,124,104,confirmed,synthetic
EMPRESI-HPAI-0000220,WAHIS-HPAI-ROU-2020-06-15-00,WAHIS,High pathogenicity avian influenza,HPAI,Romania,ROU,44.827,24.8025,2020-06-17,2020-06-23,2020-06-29,Cygnus olor (wild),6081,3302,confirmed,synthetic
EMPRESI-ASF-0000023,WAHIS-ASF-ROU-2020-05-18-00,WAHIS,African swine fever,ASF,Romania,ROU,47.1044,22.8171,2020-05-21,2020-06-20,2020-06-29,Sus scrofa (wild boar),25,25,confirmed,synthetic
EMPRESI-ASF-0000193,WAHIS-ASF-POL-2020-06-15-11,WAHIS,African swine fever,ASF,Poland,POL,51.1699,15.9946,2020-06-16,2020-06-24,2020-06-29,Sus scrofa domesticus,170,152,confirmed,synthetic
EMPRESI-ASF-0000097,WAHIS-ASF-POL-2020-06-08-03,WAHIS,African swine fever,ASF,Poland,POL,53.1243,22.6978,2020-06-08,2020-06-23,2020-06-30,Sus scrofa domesticus,248,218,confirmed,synthetic
EMPRESI-ASF-0000015,WAHIS-ASF-DEU-2020-05-18-00,WAHIS,African swine fever,ASF,Germany,DEU,51.3542,5.8755,2020-05-24,2020-06-22,2020-06-30,Sus scrofa (wild boar),197,166,confirmed,synthetic
EMPRESI-ASF-0000160,WAHIS-ASF-BEL-2020-06-15-05,WAHIS,African swine fever,ASF,Belgium,BEL,50.0967,3.5528,2020-06-21,2020-06-25,2020-06-30,Sus scrofa (wild boar),137,120,confirmed,synthetic
EMPRESI-ASF-0000049,WAHIS-ASF-DEU-2020-06-01-05,WAHIS,African swine fever,ASF,Germany,DEU,53.6608,8.4185,2020-06-07,2020-06-18,2020-06-30,Sus scrofa domesticus,6,4,confirmed,synthetic
EMPRESI-ASF-0000045,WAHIS-ASF-DEU-2020-06-01-01,WAHIS,African swine fever,ASF,Germany,DEU,51.6698,11.2287,2020-06-07,2020-06-21,2020-06-30,Sus scrofa (wild boar),38,32,confirmed,synthetic
EMPRESI-ASF-0000230,WAHIS-ASF-RUS-2020-06-15-01,WAHIS,African swine fever,ASF,Russian Federation,RUS,55.8368,36.421,2020-06-16,2020-06-22,2020-06-30,Sus scrofa domesticus,268,239,confirmed,synthetic
EMPRESI-ASF-0000240,WAHIS-ASF-FRA-2020-06-22-02,WAHIS,African swine fever,ASF,France,FRA,48.854,-1.473,2020-06-22,2020-06-25,2020-07-01,Sus scrofa domesticus,47,42,confirmed,synthetic
EMPRESI-ASF-0000093,WAHIS-ASF-ITA-2020-06-08-06,WAHIS,African swine fever,ASF,Italy,ITA,40.7508,10.2983,2020-06-12,2020-06-23,2020-07-01,Sus scrofa (wild boar),125,116,confirmed,synthetic
EMPRESI-ASF-0000164,WAHIS-ASF-BEL-2020-06-15-09,WAHIS,African swine fever,ASF,Belgium,BEL,50.9427,3.5077,2020-06-15,2020-06-21,2020-07-01,Sus scrofa domesticus,184,158,confirmed,synthetic
EMPRESI-ASF-0000200,WAHIS-ASF-ROU-2020-06-15-00,WAHIS,African swine fever,ASF,Romania,ROU,44.3556,24.1036,2020-06-16,2020-06-22,2020-07-01,Sus scrofa domesticus,205,184,confirmed,synthetic
EMPRESI-HPAI-0000215,WAHIS-HPAI-NLD-2020-06-01-00,WAHIS,High pathogenicity avian influenza,HPAI,Netherlands,NLD,53.1177,5.2039,2020-06-04,2020-06-25,2020-07-01,Anas platyrhynchos (domestic),1514,831,confirmed,synthetic
EMPRESI-ASF-0000182,WAHIS-ASF-POL-2020-06-15-00,WAHIS,African swine fever,ASF,Poland,POL,51.4944,17.1991,2020-06-18,2020-06-24,2020-07-01,Sus scrofa (wild boar),177,157,confirmed,synthetic
EMPRESI-ASF-0000249,WAHIS-ASF-DEU-2020-06-22-02,WAHIS,African swine fever,ASF,Germany,DEU,49.4305,10.2492,2020-06-23,2020-06-27,2020-07-02,Sus scrofa (wild boar),50,43,confirmed,synthetic
EMPRESI-ASF-0000013,WAHIS-ASF-HUN-2020-05-11-00,WAHIS,African swine fever,ASF,Hungary,HUN,47.4271,19.2204,2020-05-17,2020-06-26,2020-07-02,Sus scrofa domesticus,248,223,confirmed,synthetic
EMPRESI-ASF-0000087,WAHIS-ASF-ITA-2020-06-08-00,WAHIS,African swine fever,ASF,Italy,ITA,44.3466,15.1277,2020-06-14,2020-06-24,2020-07-02,Sus scrofa domesticus,23,20,confirmed,synthetic
EMPRESI-ASF-0000068,WAHIS-ASF-SRB-2020-06-01-02,WAHIS,African swine fever,ASF,Serbia,SRB,43.9593,22.709,2020-06-02,2020-06-25,2020-07-02,Sus scrofa (wild boar),38,33,confirmed,synthetic
EMPRESI-ASF-0000076,WAHIS-ASF-FRA-2020-06-08-02,WAHIS,African swine fever,ASF,France,FRA,46.3375,6.2666,2020-06-13,2020-06-26,2020-07-02,Sus scrofa domesticus,69,63,confirmed,synthetic
EMPRESI-ASF-0000081,WAHIS-ASF-NLD-2020-06-08-03,WAHIS,African swine fever,ASF,Netherlands,NLD,51.7652,4.4146,2020-06-14,2020-06-24,2020-07-02,Sus scrofa domesticus,24,21,confirmed,synthetic
EMPRESI-ASF-0000078,WAHIS-ASF-NLD-2020-06-08-00,WAHIS,African swine fever,ASF,Netherlands,NLD,52.4087,4.3853,2020-06-08,2020-06-18,2020-07-02,Sus scrofa (wild boar),153,134,confirmed,synthetic
EMPRESI-ASF-0000089,WAHIS-ASF-ITA-2020-06-08-02,WAHIS,African swine fever,ASF,Italy,ITA,45.0076,12.1803,2020-06-11,2020-06-25,2020-07-03,Sus scrofa domesticus,59,53,confirmed,synthetic
EMPRESI-ASF-0000118,WAHIS-ASF-SRB-2020-06-08-00,WAHIS,African swine fever,ASF,Serbia,SRB,44.4848,21.1441,2020-06-13,2020-06-21,2020-07-03,Sus scrofa (wild boar),101,89,confirmed,synthetic
EMPRESI-ASF-0000080,WAHIS-ASF-NLD-2020-06-08-02,WAHIS,African swine fever,ASF,Netherlands,NLD,52.9038,5.3474,2020-06-13,2020-06-23,2020-07-03,Sus scrofa (wild boar),55,48,confirmed,synthetic
EMPRESI-ASF-0000133,WAHIS-ASF-FRA-2020-06-15-01,WAHIS,African swine fever,ASF,France,FRA,48.6283,3.673,2020-06-19,2020-06-22,2020-07-03,Sus scrofa domesticus,435,389,confirmed,synthetic
EMPRESI-ASF-0000142,WAHIS-ASF-DEU-2020-06-15-04,WAHIS,African swine fever,ASF,Germany,DEU,53.3445,11.9677,2020-06-21,2020-06-29,2020-07-03,Sus scrofa (wild boar),57,47,confirmed,synthetic
EMPRESI-ASF-0000137,WAHIS-ASF-FRA-2020-06-15-05,WAHIS,African swine fever,ASF,France,FRA,49.2025,0.4033,2020-06-16,2020-06-26,2020-07-03,Sus scrofa domesticus,295,256,confirmed,synthetic
EMPRESI-ASF-0000120,WAHIS-ASF-SRB-2020-06-08-02,WAHIS,African swine fever,ASF,Serbia,SRB,44.5064,21.9927,2020-06-09,2020-06-22,2020-07-03,Sus scrofa domesticus,106,96,confirmed,synthetic
EMPRESI-ASF-0000169,WAHIS-ASF-ITA-2020-06-15-03,WAHIS,African swine fever,ASF,Italy,ITA,41.3465,15.2066,2020-06-17,2020-06-27,2020-07-04,Sus scrofa domesticus,151,129,confirmed,synthetic
EMPRESI-ASF-0000144,WAHIS-ASF-NLD-2020-06-15-01,WAHIS,African swine fever,ASF,Netherlands,NLD,52.5348,6.6425,2020-06-16,2020-06-23,2020-07-04,Sus scrofa (wild boar),188,155,confirmed,synthetic
EMPRESI-ASF-0000146,WAHIS-ASF-NLD-2020-06-15-03,WAHIS,African swine fever,ASF,Netherlands,NLD,52.1841,7.0432,2020-06-20,2020-06-28,2020-07-04,Sus scrofa (wild boar),80,68,confirmed,synthetic
EMPRESI-ASF-0000141,WAHIS-ASF-DEU-2020-06-15-03,WAHIS,African swine fever,ASF,Germany,DEU,53.11,9.5496,2020-06-17,2020-06-22,2020-07-04,Sus scrofa domesticus,85,73,confirmed,synthetic
EMPRESI-ASF-0000354,WAHIS-ASF-RUS-2020-06-22-01,WAHIS,African swine fever,ASF,Russian Federation,RUS,50.9685,43.0376,2020-06-26,2020-06-28,2020-07-04,Sus scrofa domesticus,20,17,confirmed,synthetic
EMPRESI-ASF-0000152,WAHIS-ASF-NLD-2020-06-15-09,WAHIS,African swine fever,ASF,Netherlands,NLD,51.1675,5.4721,2020-06-20,2020-06-24,2020-07-04,Sus scrofa domesticus,235,210,confirmed,synthetic
EMPRESI-ASF-0000208,WAHIS-ASF-BGR-2020-06-15-00,WAHIS,African swine fever,ASF,Bulgaria,BGR,41.4636,25.6173,2020-06-17,2020-06-27,2020-07-04,Sus scrofa domesticus,560,488,confirmed,synthetic
EMPRESI-ASF-0000153,WAHIS-ASF-NLD-2020-06-15-10,WAHIS,African swine fever,ASF,Netherlands,NLD,51.4219,5.9567,2020-06-21,2020-06-30,2020-07-04,Sus scrofa (wild boar),35,33,confirmed,synthetic
EMPRESI-ASF-0000083,WAHIS-ASF-NLD-2020-06-08-05,WAHIS,African swine fever,ASF,Netherlands,NLD,52.355,5.3637,2020-06-08,2020-06-23,2020-07-04,Sus scrofa domesticus,52,42,confirmed,synthetic
EMPRESI-ASF-0000252,WAHIS-ASF-DEU-2020-06-22-05,WAHIS,African swine fever,ASF,Germany,DEU,49.574,12.1773,2020-06-23,2020-06-28,2020-07-04,Sus scrofa domesticus,237,218,confirmed,synthetic
EMPRESI-ASF-0000286,WAHIS-ASF-BEL-2020-06-22-12,WAHIS,African swine fever,ASF,Belgium,BEL,50.5521,3.9772,2020-06-23,2020-06-28,2020-07-04,Sus scrofa domesticus,37,32,confirmed,synthetic
EMPRESI-ASF-0000040,WAHIS-ASF-SRB-2020-05-25-01,WAHIS,African swine fever,ASF,Serbia,SRB,43.9146,22.9796,2020-05-25,2020-06-26,2020-07-04,Sus scrofa domesticus,51,48,confirmed,synthetic
EMPRESI-ASF-0000222,WAHIS-ASF-SRB-2020-06-15-07,WAHIS,African swine fever,ASF,Serbia,SRB,44.4409,20.9607,2020-06-18,2020-06-30,2020-07-05,Sus scrofa (wild boar),116,100,confirmed,synthetic
EMPRESI-ASF-0000172,WAHIS-ASF-ITA-2020-06-15-06,WAHIS,African swine fever,ASF,Italy,ITA,42.9753,13.3247,2020-06-17,2020-06-24,2020-07-05,Sus scrofa domesticus,144,125,confirmed,synthetic
EMPRESI-ASF-0000136,WAHIS-ASF-FRA-2020-06-15-04,WAHIS,African swine fever,ASF,France,FRA,44.8351,0.8254,2020-06-21,2020-06-29,2020-07-05,Sus scrofa domesticus,111,97,confirmed,synthetic
EMPRESI-ASF-0000259,WAHIS-ASF-NLD-2020-06-22-01,WAHIS,African swine fever,ASF,Netherlands,NLD,52.2576,6.0396,2020-06-22,2020-06-28,2020-07-05,Sus scrofa domesticus,17,15,confirmed,synthetic
EMPRESI-ASF-0000090,WAHIS-ASF-ITA-2020-06-08-03,WAHIS,African swine fever,ASF,Italy,ITA,43.6548,9.5444,2020-06-10,2020-06-25,2020-07-05,Sus scrofa domesticus,180,160,confirmed,synthetic
EMPRESI-ASF-0000198,WAHIS-ASF-HUN-2020-06-15-04,WAHIS,African swine fever,ASF,Hungary,HUN,46.5423,21.0643,2020-06-21,2020-06-30,2020-07-05,Sus scrofa (wild boar),36,32,confirmed,synthetic
EMPRESI-ASF-0000227,WAHIS-ASF-MDA-2020-06-15-00,WAHIS,African swine fever,ASF,Moldova,MDA,47.5753,28.0891,2020-06-19,2020-06-25,2020-07-05,Sus scrofa (wild boar),42,40,confirmed,synthetic
EMPRESI-ASF-0000320,WAHIS-ASF-HUN-2020-06-22-00,WAHIS,African swine fever,ASF,Hungary,HUN,48.5532,18.9622,2020-06-24,2020-06-29,2020-07-06,Sus scrofa (wild boar),361,309,confirmed,synthetic
EMPRESI-ASF-0000207,WAHIS-ASF-ROU-2020-06-15-07,WAHIS,African swine fever,ASF,Romania,ROU,44.8343,25.1116,2020-06-16,2020-06-27,2020-07-06,Sus scrofa domesticus,102,88,confirmed,synthetic
EMPRESI-ASF-0000180,WAHIS-ASF-ESP-2020-06-15-02,WAHIS,African swine fever,ASF,Spain,ESP,39.9928,-0.8598,2020-06-21,2020-06-29,2020-07-06,Sus scrofa domesticus,314,280,confirmed,synthetic
EMPRESI-ASF-0000258,WAHIS-ASF-NLD-2020-06-22-00,WAHIS,African swine fever,ASF,Netherlands,NLD,52.0072,5.698,2020-06-22,2020-06-26,2020-07-06,Sus scrofa domesticus,219,194,confirmed,synthetic
EMPRESI-ASF-0000189,WAHIS-ASF-POL-2020-06-15-07,WAHIS,African swine fever,ASF,Poland,POL,50.535,20.0769,2020-06-19,2020-06-29,2020-07-06,Sus scrofa (wild boar),128,116,confirmed,synthetic
EMPRESI-ASF-0000175,WAHIS-ASF-ITA-2020-06-15-09,WAHIS,African swine fever,ASF,Italy,ITA,43.4396,10.6816,2020-06-15,2020-06-25,2020-07-06,Sus scrofa (wild boar),23,21,confirmed,synthetic
EMPRESI-ASF-0000165,WAHIS-ASF-BEL-2020-06-15-10,WAHIS,African swine fever,ASF,Belgium,BEL,49.7789,4.2503,2020-06-16,2020-06-30,2020-07-06,Sus scrofa domesticus,54,48,confirmed,synthetic
EMPRESI-ASF-0000195,WAHIS-ASF-HUN-2020-06-15-01,WAHIS,African swine fever,ASF,Hungary,HUN,47.9568,19.0832,2020-06-21,2020-06-28,2020-07-06,Sus scrofa domesticus,277,237,confirmed,synthetic
EMPRESI-ASF-0000058,WAHIS-ASF-HUN-2020-06-01-00,WAHIS,African swine fever,ASF,Hungary,HUN,48.5949,19.7674,2020-06-04,2020-06-28,2020-07-06,Sus scrofa domesticus,28,25,confirmed,synthetic
EMPRESI-ASF-0000129,WAHIS-ASF-MDA-2020-06-08-00,WAHIS,African swine fever,ASF,Moldova,MDA,47.3701,29.4901,2020-06-11,2020-07-01,2020-07-06,Sus scrofa domesticus,359,310,confirmed,synthetic
EMPRESI-ASF-0000483,WAHIS-ASF-SRB-2020-06-29-11,WAHIS,African swine fever,ASF,Serbia,SRB,43.8358,18.9728,2020-06-29,2020-07-01,2020-07-06,Sus scrofa (wild boar),38,33,confirmed,synthetic
EMPRESI-ASF-0000109,WAHIS-ASF-ROU-2020-06-08-03,WAHIS,African swine fever,ASF,Romania,ROU,48.2579,25.2863,2020-06-13,2020-06-29,2020-07-06,Sus scrofa (wild boar),143,130,confirmed,synthetic
EMPRESI-ASF-0000225,WAHIS-ASF-UKR-2020-06-15-02,WAHIS,African swine fever,ASF,Ukraine,UKR,45.2079,31.5249,2020-06-16,2020-06-26,2020-07-07,Sus scrofa (wild boar),83,75,confirmed,synthetic
EMPRESI-ASF-0000046,WAHIS-ASF-DEU-2020-06-01-02,WAHIS,African swine fever,ASF,Germany,DEU,50.1011,8.9678,2020-06-04,2020-07-02,2020-07-07,Sus scrofa (wild boar),103,91,confirmed,synthetic
EMPRESI-HPAI-0000208,WAHIS-HPAI-ROU-2020-05-18-00,WAHIS,High pathogenicity avian influenza,HPAI,Romania,ROU,46.7272,28.0444,2020-05-20,2020-06-27,2020-07-07,Larus spp. (wild),763,412,confirmed,synthetic
EMPRESI-ASF-0000113,WAHIS-ASF-ROU-2020-06-08-07,WAHIS,African swine fever,ASF,Romania,ROU,44.2927,25.9545,2020-06-10,2020-06-30,2020-07-07,Sus scrofa (wild boar),100,85,confirmed,synthetic
EMPRESI-ASF-0000161,WAHIS-ASF-BEL-2020-06-15-06,WAHIS,African swine fever,ASF,Belgium,BEL,49.8612,4.4047,2020-06-20,2020-07-01,2020-07-07,Sus scrofa domesticus,33,29,confirmed,synthetic
EMPRESI-ASF-0000147,WAHIS-ASF-NLD-2020-06-15-04,WAHIS,African swine fever,ASF,Netherlands,NLD,52.9391,5.4478,2020-06-18,2020-06-25,2020-07-07,Sus scrofa (wild boar),48,44,confirmed,synthetic
EMPRESI-ASF-0000188,WAHIS-ASF-POL-2020-06-15-06,WAHIS,African swine fever,ASF,Poland,POL,50.9286,22.5721,2020-06-16,2020-06-29,2020-07-07,Sus scrofa domesticus,207,192,confirmed,synthetic
EMPRESI-ASF-0000331,WAHIS-ASF-ROU-2020-06-22-04,WAHIS,African swine fever,ASF,Romania,ROU,46.6045,26.3883,2020-06-24,2020-07-01,2020-07-07,Sus scrofa domesticus,133,123,confirmed,synthetic
EMPRESI-ASF-0000244,WAHIS-ASF-FRA-2020-06-22-06,WAHIS,African swine fever,ASF,France,FRA,47.0492,-2.3748,2020-06-28,2020-07-02,2020-07-08,Sus scrofa domesticus,110,98,confirmed,synthetic
EMPRESI-ASF-0000181,WAHIS-ASF-ESP-2020-06-15-03,WAHIS,African swine fever,ASF,Spain,ESP,37.9651,-4.9966,2020-06-16,2020-06-29,2020-07-08,Sus scrofa domesticus,175,154,confirmed,synthetic
EMPRESI-ASF-0000205,WAHIS-ASF-ROU-2020-06-15-05,WAHIS,African swine fever,ASF,Romania,ROU,46.3631,23.8977,2020-06-20,2020-06-28,2020-07-08,Sus scrofa (wild boar),96,89,confirmed,synthetic
EMPRESI-ASF-0000143,WAHIS-ASF-NLD-2020-06-15-00,WAHIS,African swine fever,ASF,Netherlands,NLD,51.9686,4.3435,2020-06-21,2020-07-01,2020-07-08,Sus scrofa (wild boar),114,101,confirmed,synthetic
EMPRESI-ASF-0000168,WAHIS-ASF-ITA-2020-06-15-02,WAHIS,African swine fever,ASF,Italy,ITA,42.8658,16.2137,2020-06-15,2020-07-03,2020-07-08,Sus scrofa (wild boar),23,19,confirmed,synthetic
EMPRESI-ASF-0000196,WAHIS-ASF-HUN-2020-06-15-02,WAHIS,African swine fever,ASF,Hungary,HUN,46.1532,18.3496,2020-06-19,2020-07-02,2020-07-08,Sus scrofa domesticus,58,48,confirmed,synthetic
EMPRESI-ASF-0000341,WAHIS-ASF-BGR-2020-06-22-08,WAHIS,African swine fever,ASF,Bulgaria,BGR,42.094,23.6421,2020-06-23,2020-07-02,2020-07-08,Sus scrofa (wild boar),9,8,confirmed,synthetic
EMPRESI-ASF-0000313,WAHIS-ASF-POL-2020-06-22-04,WAHIS,African swine fever,ASF,Poland,POL,52.3224,23.7807,2020-06-25,2020-06-30,2020-07-08,Sus scrofa (wild boar),21,17,confirmed,synthetic
EMPRESI-ASF-0000030,WAHIS-ASF-BEL-2020-05-25-01,WAHIS,African swine fever,ASF,Belgium,BEL,50.5553,5.7115,2020-05-26,2020-07-01,2020-07-08,Sus scrofa (wild boar),581,509,confirmed,synthetic
EMPRESI-ASF-0000148,WAHIS-ASF-NLD-2020-06-15-05,WAHIS,African swine fever,ASF,Netherlands,NLD,52.475,5.2758,2020-06-19,2020-06-28,2020-07-08,Sus scrofa domesticus,90,81,confirmed,synthetic
EMPRESI-ASF-0000149,WAHIS-ASF-NLD-2020-06-15-06,WAHIS,African swine fever,ASF,Netherlands,NLD,51.2741,5.146,2020-06-17,2020-07-02,2020-07-08,Sus scrofa (wild boar),40,37,confirmed,synthetic
EMPRESI-ASF-0000215,WAHIS-ASF-SRB-2020-06-15-00,WAHIS,African swine fever,ASF,Serbia,SRB,44.2744,21.4383,2020-06-21,2020-06-30,2020-07-08,Sus scrofa (wild boar),190,161,confirmed,synthetic
EMPRESI-ASF-0000324,WAHIS-ASF-HUN-2020-06-22-04,WAHIS,African swine fever,ASF,Hungary,HUN,47.6033,20.6734,2020-06-24,2020-07-02,2020-07-08,Sus scrofa domesticus,110,102,confirmed,synthetic
EMPRESI-ASF-0000094,WAHIS-ASF-POL-2020-06-08-00,WAHIS,African swine fever,ASF,Poland,POL,52.1895,18.1939,2020-06-11,2020-06-29,2020-07-09,Sus scrofa domesticus,317,287,confirmed,synthetic
EMPRESI-ASF-0000239,WAHIS-ASF-FRA-2020-06-22-01,WAHIS,African swine fever,ASF,France,FRA,45.8161,-1.5962,2020-06-28,2020-07-02,2020-07-09,Sus scrofa (wild boar),138,121,confirmed,synthetic
EMPRESI-ASF-0000091,WAHIS-ASF-ITA-2020-06-08-04,WAHIS,African swine fever,ASF,Italy,ITA,44.2541,9.9462,2020-06-14,2020-06-30,2020-07-09,Sus scrofa (wild boar),137,114,confirmed,synthetic
EMPRESI-ASF-0000184,WAHIS-ASF-POL-2020-06-15-02,WAHIS,African swine fever,ASF,Poland,POL,51.6065,20.1024,2020-06-15,2020-06-30,2020-07-09,Sus scrofa (wild boar),85,71,confirmed,synthetic
EMPRESI-ASF-0000287,WAHIS-ASF-ITA-2020-06-22-00,WAHIS,African swine fever,ASF,Italy,ITA,41.884,16.0082,2020-06-22,2020-07-02,2020-07-09,Sus scrofa (wild boar),64,56,confirmed,synthetic
EMPRESI-ASF-0000098,WAHIS-ASF-POL-2020-06-08-04,WAHIS,African swine fever,ASF,Poland,POL,53.7878,19.9804,2020-06-12,2020-07-04,2020-07-09,Sus scrofa domesticus,113,103,confirmed,synthetic
EMPRESI-ASF-0000303,WAHIS-ASF-ESP-2020-06-22-03,WAHIS,African swine fever,ASF,Spain,ESP,39.2943,-2.5833,2020-06-28,2020-07-02,2020-07-09,Sus scrofa (wild boar),250,218,confirmed,synthetic
EMPRESI-ASF-0000167,WAHIS-ASF-ITA-2020-06-15-01,WAHIS,African swine fever,ASF,Italy,ITA,44.4031,15.2161,2020-06-18,2020-07-03,2020-07-09,Sus scrofa (wild boar),40,35,confirmed,synthetic
EMPRESI-ASF-0000145,WAHIS-ASF-NLD-2020-06-15-02,WAHIS,African swine fever,ASF,Netherlands,NLD,52.1539,6.1983,2020-06-16,2020-07-03,2020-07-09,Sus scrofa domesticus,222,197,confirmed,synthetic
EMPRESI-ASF-0000219,WAHIS-ASF-SRB-2020-06-15-04,WAHIS,African swine fever,ASF,Serbia,SRB,43.5768,21.9163,2020-06-17,2020-06-23,2020-07-09,Sus scrofa domesticus,140,130,confirmed,synthetic
EMPRESI-ASF-0000344,WAHIS-ASF-SRB-2020-06-22-02,WAHIS,African swine fever,ASF,Serbia,SRB,43.8601,22.4524,2020-06-23,2020-07-01,2020-07-09,Sus scrofa (wild boar),50,48,confirmed,synthetic
EMPRESI-ASF-0000209,WAHIS-ASF-BGR-2020-06-15-01,WAHIS,African swine fever,ASF,Bulgaria,BGR,43.5266,23.9874,2020-06-17,2020-07-03,2020-07-09,Sus scrofa (wild boar),123,106,confirmed,synthetic
EMPRESI-ASF-0000262,WAHIS-ASF-NLD-2020-06-22-04,WAHIS,African swine fever,ASF,Netherlands,NLD,51.9441,4.4806,2020-06-24,2020-06-30,2020-07-09,Sus scrofa (wild boar),90,78,confirmed,synthetic
EMPRESI-ASF-0000452,WAHIS-ASF-HUN-2020-06-29-04,WAHIS,African swine fever,ASF,Hungary,HUN,46.4633,20.6057,2020-06-30,2020-07-06,2020-07-10,Sus scrofa domesticus,83,71,confirmed,synthetic
EMPRESI-ASF-0000194,WAHIS-ASF-HUN-2020-06-15-00,WAHIS,African swine fever,ASF,Hungary,HUN,48.3465,18.9473,2020-06-19,2020-07-01,2020-07-10,Sus scrofa (wild boar),423,364,confirmed,synthetic
EMPRESI-ASF-0000482,WAHIS-ASF-SRB-2020-06-29-10,WAHIS,African swine fever,ASF,Serbia,SRB,43.4429,19.0074,2020-07-01,2020-07-05,2020-07-10,Sus scrofa (wild boar),88,72,confirmed,synthetic
EMPRESI-ASF-0000156,WAHIS-ASF-BEL-2020-06-15-01,WAHIS,African swine fever,ASF,Belgium,BEL,50.9954,3.8257,2020-06-18,2020-06-29,2020-07-10,Sus scrofa domesticus,31,29,confirmed,synthetic
EMPRESI-ASF-0000297,WAHIS-ASF-ITA-2020-06-22-10,WAHIS,African swine fever,ASF,Italy,ITA,44.454,12.2664,2020-06-26,2020-07-03,2020-07-10,Sus scrofa domesticus,148,136,confirmed,synthetic
EMPRESI-ASF-0000179,WAHIS-ASF-ESP-2020-06-15-01,WAHIS,African swine fever,ASF,Spain,ESP,36.9505,-2.4524,2020-06-15,2020-07-04,2020-07-10,Sus scrofa domesticus,216,189,confirmed,synthetic
EMPRESI-ASF-0000122,WAHIS-ASF-SRB-2020-06-08-04,WAHIS,African swine fever,ASF,Serbia,SRB,43.3898,21.5848,2020-06-11,2020-07-02,2020-07-10,Sus scrofa domesticus,166,152,confirmed,synthetic
EMPRESI-ASF-0000261,WAHIS-ASF-NLD-2020-06-22-03,WAHIS,African swine fever,ASF,Netherlands,NLD,52.1815,5.9448,2020-06-23,2020-06-29,2020-07-10,Sus scrofa (wild boar),20,18,confirmed,synthetic
EMPRESI-ASF-0000280,WAHIS-ASF-BEL-2020-06-22-06,WAHIS,African swine fever,ASF,Belgium,BEL,49.8029,4.3462,2020-06-23,2020-06-30,2020-07-10,Sus scrofa domesticus,57,50,confirmed,synthetic
EMPRESI-ASF-0000263,WAHIS-ASF-NLD-2020-06-22-05,WAHIS,African swine fever,ASF,Netherlands,NLD,51.3969,6.5393,2020-06-24,2020-07-05,2020-07-11,Sus scrofa (wild boar),157,136,confirmed,synthetic
EMPRESI-ASF-0000323,WAHIS-ASF-HUN-2020-06-22-03,WAHIS,African swine fever,ASF,Hungary,HUN,46.4741,18.6784,2020-06-26,2020-07-03,2020-07-11,Sus scrofa (wild boar),435,398,confirmed,synthetic
EMPRESI-ASF-0000322,WAHIS-ASF-HUN-2020-06-22-02,WAHIS,African swine fever,ASF,Hungary,HUN,46.0186,18.8118,2020-06-22,2020-07-01,2020-07-11,Sus scrofa domesticus,316,281,confirmed,synthetic
EMPRESI-ASF-0000206,WAHIS-ASF-ROU-2020-06-15-06,WAHIS,African swine fever,ASF,Romania,ROU,45.4294,26.6932,2020-06-15,2020-07-05,2020-07-11,Sus scrofa domesticus,168,146,confirmed,synthetic
EMPRESI-ASF-0000345,WAHIS-ASF-SRB-2020-06-22-03,WAHIS,African swine fever,ASF,Serbia,SRB,43.9988,19.4115,2020-06-23,2020-07-03,2020-07-11,Sus scrofa domesticus,166,142,confirmed,synthetic
EMPRESI-ASF-0000296,WAHIS-ASF-ITA-2020-06-22-09,WAHIS,African swine fever,ASF,Italy,ITA,41.0968,14.3989,2020-06-28,2020-07-05,2020-07-11,Sus scrofa domesticus,106,88,confirmed,synthetic
EMPRESI-ASF-0000132,WAHIS-ASF-FRA-2020-06-15-00,WAHIS,African swine fever,ASF,France,FRA,45.054,0.375,2020-06-17,2020-07-05,2020-07-11,Sus scrofa domesticus,97,85,confirmed,synthetic
EMPRESI-ASF-0000212,WAHIS-ASF-BGR-2020-06-15-04,WAHIS,African swine fever,ASF,Bulgaria,BGR,43.7017,26.0442,2020-06-19,2020-07-06,2020-07-11,Sus scrofa (wild boar),13,13,confirmed,synthetic
EMPRESI-ASF-0000067,WAHIS-ASF-SRB-2020-06-01-01,WAHIS,African swine fever,ASF,Serbia,SRB,43.059,21.7212,2020-06-07,2020-07-01,2020-07-11,Sus scrofa (wild boar),256,226,confirmed,synthetic
EMPRESI-ASF-0000404,WAHIS-ASF-BEL-2020-06-29-03,WAHIS,African swine fever,ASF,Belgium,BEL,50.238,4.1484,2020-07-03,2020-07-06,2020-07-11,Sus scrofa domesticus,134,122,confirmed,synthetic
EMPRESI-ASF-0000254,WAHIS-ASF-DEU-2020-06-22-07,WAHIS,African swine fever,ASF,Germany,DEU,52.0775,10.444,2020-06-22,2020-07-07,2020-07-11,Sus scrofa (wild boar),39,32,confirmed,synthetic
EMPRESI-ASF-0000102,WAHIS-ASF-HUN-2020-06-08-02,WAHIS,African swine fever,ASF,Hungary,HUN,47.2823,18.6623,2020-06-10,2020-07-01,2020-07-11,Sus scrofa domesticus,178,164,confirmed,synthetic
EMPRESI-ASF-0000116,WAHIS-ASF-BGR-2020-06-08-00,WAHIS,African swine fever,ASF,Bulgaria,BGR,42.3528,23.2609,2020-06-12,2020-06-30,2020-07-11,Sus scrofa (wild boar),63,54,confirmed,synthetic
EMPRESI-ASF-0000278,WAHIS-ASF-BEL-2020-06-22-04,WAHIS,African swine fever,ASF,Belgium,BEL,50.1314,4.4729,2020-06-26,2020-07-06,2020-07-12,Sus scrofa domesticus,140,121,confirmed,synthetic
EMPRESI-ASF-0000176,WAHIS-ASF-ITA-2020-06-15-10,WAHIS,African swine fever,ASF,Italy,ITA,40.8947,12.504,2020-06-19,2020-07-04,2020-07-12,Sus scrofa domesticus,1,1,confirmed,synthetic
EMPRESI-ASF-0000246,WAHIS-ASF-FRA-2020-06-22-08,WAHIS,African swine fever,ASF,France,FRA,47.2014,3.9479,2020-06-24,2020-07-04,2020-07-12,Sus scrofa domesticus,61,54,confirmed,synthetic
EMPRESI-ASF-0000074,WAHIS-ASF-FRA-2020-06-08-00,WAHIS,African swine fever,ASF,France,FRA,45.1466,1.127,2020-06-10,2020-07-04,2020-07-12,Sus scrofa (wild boar),87,70,confirmed,synthetic
EMPRESI-ASF-0000497,WAHIS-ASF-RUS-2020-06-29-01,WAHIS,African swine fever,ASF,Russian Federation,RUS,56.0119,33.523,2020-07-01,2020-07-06,2020-07-12,Sus scrofa (wild boar),69,64,confirmed,synthetic
EMPRESI-ASF-0000257,WAHIS-ASF-DEU-2020-06-22-10,WAHIS,African swine fever,ASF,Germany,DEU,52.4356,9.9722,2020-06-25,2020-07-05,2020-07-12,Sus scrofa domesticus,57,55,confirmed,synthetic
EMPRESI-ASF-0000317,WAHIS-ASF-POL-2020-06-22-08,WAHIS,African swine fever,ASF,Poland,POL,49.9368,18.9314,2020-06-23,2020-06-29,2020-07-12,Sus scrofa domesticus,104,89,confirmed,synthetic
EMPRESI-ASF-0000388,WAHIS-ASF-DEU-2020-06-29-11,WAHIS,African swine fever,ASF,Germany,DEU,50.8056,14.6259,2020-07-01,2020-07-07,2020-07-12,Sus scrofa domesticus,244,212,confirmed,synthetic
EMPRESI-ASF-0000177,WAHIS-ASF-ITA-2020-06-15-11,WAHIS,African swine fever,ASF,Italy,ITA,43.0399,13.3227,2020-06-19,2020-07-07,2020-07-12,Sus scrofa (wild boar),264,238,confirmed,synthetic
EMPRESI-ASF-0000171,WAHIS-ASF-ITA-2020-06-15-05,WAHIS,African swine fever,ASF,Italy,ITA,44.5084,12.3303,2020-06-16,2020-07-02,2020-07-13,Sus scrofa (wild boar),57,53,confirmed,synthetic
EMPRESI-ASF-0000185,WAHIS-ASF-POL-2020-06-15-03,WAHIS,African swine fever,ASF,Poland,POL,54.1469,19.6319,2020-06-17,2020-07-03,2020-07-13,Sus scrofa (wild boar),179,162,confirmed,synthetic
EMPRESI-ASF-0000314,WAHIS-ASF-POL-2020-06-22-05,WAHIS,African swine fever,ASF,Poland,POL,54.0658,17.673,2020-06-22,2020-07-05,2020-07-13,Sus scrofa domesticus,78,73,confirmed,synthetic
EMPRESI-ASF-0000370,WAHIS-ASF-FRA-2020-06-29-04,WAHIS,African swine fever,ASF,France,FRA,46.7495,2.9816,2020-06-30,2020-07-04,2020-07-13,Sus scrofa (wild boar),63,58,confirmed,synthetic
EMPRESI-ASF-0000306,WAHIS-ASF-ESP-2020-06-22-06,WAHIS,African swine fever,ASF,Spain,ESP,40.1149,-8.0782,2020-06-25,2020-07-04,2020-07-13,Sus scrofa (wild boar),136,120,confirmed,synthetic
EMPRESI-ASF-0000307,WAHIS-ASF-ESP-2020-06-22-07,WAHIS,African swine fever,ASF,Spain,ESP,41.3303,-5.8192,2020-06-25,2020-07-02,2020-07-13,Sus scrofa domesticus,97,85,confirmed,synthetic
EMPRESI-ASF-0000352,WAHIS-ASF-MDA-2020-06-22-02,WAHIS,African swine fever,ASF,Moldova,MDA,46.3588,28.9395,2020-06-22,2020-07-02,2020-07-13,Sus scrofa (wild boar),50,40,confirmed,synthetic
EMPRESI-ASF-0000359,WAHIS-ASF-TUR-2020-06-22-01,WAHIS,African swine fever,ASF,Türkiye,TUR,42.0377,38.785,2020-06-24,2020-07-06,2020-07-13,Sus scrofa domesticus,16,15,confirmed,synthetic
EMPRESI-ASF-0000226,WAHIS-ASF-UKR-2020-06-15-03,WAHIS,African swine fever,ASF,Ukraine,UKR,49.4224,31.556,2020-06-15,2020-07-01,2020-07-13,Sus scrofa (wild boar),59,51,confirmed,synthetic
EMPRESI-ASF-0000369,WAHIS-ASF-FRA-2020-06-29-03,WAHIS,African swine fever,ASF,France,FRA,46.2354,2.7813,2020-06-30,2020-07-05,2020-07-13,Sus scrofa domesticus,50,46,confirmed,synthetic
EMPRESI-ASF-0000411,WAHIS-ASF-BEL-2020-06-29-10,WAHIS,African swine fever,ASF,Belgium,BEL,50.9395,3.4733,2020-07-02,2020-07-08,2020-07-13,Sus scrofa (wild boar),114,106,confirmed,synthetic
EMPRESI-ASF-0000214,WAHIS-ASF-BGR-2020-06-15-06,WAHIS,African swine fever,ASF,Bulgaria,BGR,42.0713,25.6666,2020-06-20,2020-07-05,2020-07-13,Sus scrofa (wild boar),39,33,confirmed,synthetic
EMPRESI-ASF-0000276,WAHIS-ASF-BEL-2020-06-22-02,WAHIS,African swine fever,ASF,Belgium,BEL,50.333,5.3724,2020-06-24,2020-07-06,2020-07-13,Sus scrofa domesticus,127,117,confirmed,synthetic
EMPRESI-ASF-0000099,WAHIS-ASF-POL-2020-06-08-05,WAHIS,African swine fever,ASF,Poland,POL,51.746,15.0809,2020-06-10,2020-07-06,2020-07-14,Sus scrofa domesticus,14,14,confirmed,synthetic
EMPRESI-ASF-0000284,WAHIS-ASF-BEL-2020-06-22-10,WAHIS,African swine fever,ASF,Belgium,BEL,49.9375,4.4935,2020-06-24,2020-07-07,2020-07-14,Sus scrofa (wild boar),69,61,confirmed,synthetic
EMPRESI-ASF-0000433,WAHIS-ASF-ESP-2020-06-29-04,WAHIS,African swine fever,ASF,Spain,ESP,43.1111,-5.7159,2020-07-02,2020-07-07,2020-07-14,Sus scrofa domesticus,274,242,confirmed,synthetic
EMPRESI-ASF-0000140,WAHIS-ASF-DEU-2020-06-15-02,WAHIS,African swine fever,ASF,Germany,DEU,48.9576,12.1778,2020-06-21,2020-07-05,2020-07-14,Sus scrofa (wild boar),119,108,confirmed,synthetic
EMPRESI-ASF-0000453,WAHIS-ASF-HUN-2020-06-29-05,WAHIS,African swine fever,ASF,Hungary,HUN,47.6519,21.6657,2020-07-01,2020-07-05,2020-07-14,Sus scrofa (wild boar),51,45,confirmed,synthetic
EMPRESI-ASF-0000329,WAHIS-ASF-ROU-2020-06-22-02,WAHIS,African swine fever,ASF,Romania,ROU,44.9315,25.763,2020-06-23,2020-07-10,2020-07-14,Sus scrofa (wild boar),274,239,confirmed,synthetic
EMPRESI-ASF-0000309,WAHIS-ASF-POL-2020-06-22-00,WAHIS,African swine fever,ASF,Poland,POL,51.3508,22.3406,2020-06-26,2020-07-07,2020-07-14,Sus scrofa (wild boar),237,209,confirmed,synthetic
EMPRESI-ASF-0000454,WAHIS-ASF-HUN-2020-06-29-06,WAHIS,African swine fever,ASF,Hungary,HUN,47.0016,17.6179,2020-07-04,2020-07-07,2020-07-14,Sus scrofa domesticus,17,14,confirmed,synthetic
EMPRESI-ASF-0000166,WAHIS-ASF-ITA-2020-06-15-00,WAHIS,African swine fever,ASF,Italy,ITA,44.2501,15.5187,2020-06-19,2020-07-06,2020-07-14,Sus scrofa (wild boar),216,190,confirmed,synthetic
EMPRESI-ASF-0000386,WAHIS-ASF-DEU-2020-06-29-09,WAHIS,African swine fever,ASF,Germany,DEU,51.3147,11.591,2020-07-01,2020-07-08,2020-07-14,Sus scrofa (wild boar),161,147,confirmed,synthetic
EMPRESI-ASF-0000106,WAHIS-ASF-ROU-2020-06-08-00,WAHIS,African swine fever,ASF,Romania,ROU,47.5495,25.5205,2020-06-10,2020-07-03,2020-07-14,Sus scrofa (wild boar),123,104,confirmed,synthetic
EMPRESI-ASF-0000273,WAHIS-ASF-NLD-2020-06-22-15,WAHIS,African swine fever,ASF,Netherlands,NLD,51.3118,6.3267,2020-06-23,2020-07-10,2020-07-15,Sus scrofa (wild boar),73,65,confirmed,synthetic
EMPRESI-ASF-0000382,WAHIS-ASF-DEU-2020-06-29-05,WAHIS,African swine fever,ASF,Germany,DEU,51.6034,9.0605,2020-07-01,2020-07-10,2020-07-15,Sus scrofa (wild boar),92,86,confirmed,synthetic
EMPRESI-ASF-0000365,WAHIS-ASF-GEO-2020-06-22-01,WAHIS,African swine fever,ASF,Georgia,GEO,41.6052,45.1107,2020-06-26,2020-07-08,2020-07-15,Sus scrofa (wild boar),57,49,confirmed,synthetic
EMPRESI-ASF-0000384,WAHIS-ASF-DEU-2020-06-29-07,WAHIS,African swine fever,ASF,Germany,DEU,48.6155,9.6175,2020-06-30,2020-07-08,2020-07-15,Sus scrofa (wild boar),362,319,confirmed,synthetic
EMPRESI-ASF-0000135,WAHIS-ASF-FRA-2020-06-15-03,WAHIS,African swine fever,ASF,France,FRA,46.6523,7.1772,2020-06-20,2020-07-08,2020-07-15,Sus scrofa domesticus,190,171,confirmed,synthetic
EMPRESI-ASF-0000397,WAHIS-ASF-NLD-2020-06-29-08,WAHIS,African swine fever,ASF,Netherlands,NLD,52.1229,5.138,2020-07-02,2020-07-06,2020-07-15,Sus scrofa domesticus,151,132,confirmed,synthetic
EMPRESI-ASF-0000403,WAHIS-ASF-BEL-2020-06-29-02,WAHIS,African swine fever,ASF,Belgium,BEL,50.4906,3.8671,2020-07-02,2020-07-08,2020-07-15,Sus scrofa domesticus,112,97,confirmed,synthetic
EMPRESI-ASF-0000315,WAHIS-ASF-POL-2020-06-22-06,WAHIS,African swine fever,ASF,Poland,POL,52.4328,18.5819,2020-06-27,2020-07-09,2020-07-15,Sus scrofa domesticus,100,89,confirmed,synthetic
EMPRESI-ASF-0000457,WAHIS-ASF-ROU-2020-06-29-02,WAHIS,African swine fever,ASF,Romania,ROU,47.4867,26.148,2020-06-30,2020-07-10,2020-07-15,Sus scrofa (wild boar),236,196,confirmed,synthetic
EMPRESI-ASF-0000220,WAHIS-ASF-SRB-2020-06-15-05,WAHIS,African swine fever,ASF,Serbia,SRB,43.3761,21.0754,2020-06-21,2020-07-05,2020-07-15,Sus scrofa domesticus,42,38,confirmed,synthetic
EMPRESI-ASF-0000649,WAHIS-ASF-BGR-2020-07-06-07,WAHIS,African swine fever,ASF,Bulgaria,BGR,42.1442,25.5236,2020-07-06,2020-07-07,2020-07-15,Sus scrofa domesticus,545,473,confirmed,synthetic
EMPRESI-ASF-0000642,WAHIS-ASF-BGR-2020-07-06-00,WAHIS,African swine fever,ASF,Bulgaria,BGR,42.6473,24.6459,2020-07-08,2020-07-11,2020-07-15,Sus scrofa domesticus,34,32,confirmed,synthetic
EMPRESI-ASF-0000298,WAHIS-ASF-ITA-2020-06-22-11,WAHIS,African swine fever,ASF,Italy,ITA,41.449,9.7091,2020-06-24,2020-07-10,2020-07-15,Sus scrofa domesticus,208,174,confirmed,synthetic
EMPRESI-ASF-0000350,WAHIS-ASF-MDA-2020-06-22-00,WAHIS,African swine fever,ASF,Moldova,MDA,46.5748,29.0493,2020-06-24,2020-07-11,2020-07-16,Sus scrofa (wild boar),261,224,confirmed,synthetic
EMPRESI-ASF-0000391,WAHIS-ASF-NLD-2020-06-29-02,WAHIS,African swine fever,ASF,Netherlands,NLD,53.0483,5.8489,2020-07-01,2020-07-08,2020-07-16,Sus scrofa (wild boar),48,44,confirmed,synthetic
EMPRESI-ASF-0000358,WAHIS-ASF-TUR-2020-06-22-00,WAHIS,African swine fever,ASF,Türkiye,TUR,43.068,33.6964,2020-06-28,2020-07-09,2020-07-16,Sus scrofa domesticus,103,91,confirmed,synthetic
EMPRESI-ASF-0000393,WAHIS-ASF-NLD-2020-06-29-04,WAHIS,African swine fever,ASF,Netherlands,NLD,51.6448,5.6746,2020-07-02,2020-07-11,2020-07-16,Sus scrofa (wild boar),99,85,confirmed,synthetic
EMPRESI-ASF-0000139,WAHIS-ASF-DEU-2020-06-15-01,WAHIS,African swine fever,ASF,Germany,DEU,53.7185,9.606,2020-06-20,2020-07-06,2020-07-16,Sus scrofa domesticus,164,146,confirmed,synthetic
EMPRESI-ASF-0000394,WAHIS-ASF-NLD-2020-06-29-05,WAHIS,African swine fever,ASF,Netherlands,NLD,51.983,3.9596,2020-07-05,2020-07-08,2020-07-16,Sus scrofa (wild boar),259,221,confirmed,synthetic
EMPRESI-ASF-0000100,WAHIS-ASF-HUN-2020-06-08-00,WAHIS,African swine fever,ASF,Hungary,HUN,46.3673,18.5185,2020-06-12,2020-07-08,2020-07-16,Sus scrofa (wild boar),30,29,confirmed,synthetic
EMPRESI-ASF-0000351,WAHIS-ASF-MDA-2020-06-22-01,WAHIS,African swine fever,ASF,Moldova,MDA,48.1074,28.7161,2020-06-26,2020-07-06,2020-07-16,Sus scrofa (wild boar),65,59,confirmed,synthetic
EMPRESI-ASF-0000347,WAHIS-ASF-SRB-2020-06-22-05,WAHIS,African swine fever,ASF,Serbia,SRB,45.2519,20.3102,2020-06-24,2020-07-06,2020-07-16,Sus scrofa (wild boar),116,103,confirmed,synthetic
EMPRESI-ASF-0000204,WAHIS-ASF-ROU-2020-06-15-04,WAHIS,African swine fever,ASF,Romania,ROU,47.1986,26.1426,2020-06-17,2020-07-05,2020-07-16,Sus scrofa (wild boar),256,218,confirmed,synthetic
EMPRESI-ASF-0000210,WAHIS-ASF-BGR-2020-06-15-02,WAHIS,African swine fever,ASF,Bulgaria,BGR,41.2262,24.3753,2020-06-21,2020-07-04,2020-07-16,Sus scrofa (wild boar),265,233,confirmed,synthetic
EMPRESI-ASF-0000191,WAHIS-ASF-POL-2020-06-15-09,WAHIS,African swine fever,ASF,Poland,POL,52.949,15.2383,2020-06-20,2020-07-06,2020-07-16,Sus scrofa domesticus,75,68,confirmed,synthetic
EMPRESI-ASF-0000328,WAHIS-ASF-ROU-2020-06-22-01,WAHIS,African swine fever,ASF,Romania,ROU,46.5488,27.1096,2020-06-28,2020-07-06,2020-07-16,Sus scrofa domesticus,193,161,confirmed,synthetic
EMPRESI-ASF-0000440,WAHIS-ASF-POL-2020-06-29-02,WAHIS,African swine fever,ASF,Poland,POL,53.7129,22.6448,2020-07-01,2020-07-11,2020-07-16,Sus scrofa (wild boar),92,75,confirmed,synthetic
EMPRESI-ASF-0000216,WAHIS-ASF-SRB-2020-06-15-01,WAHIS,African swine fever,ASF,Serbia,SRB,44.8067,20.6454,2020-06-18,2020-07-05,2020-07-16,Sus scrofa (wild boar),60,53,confirmed,synthetic
EMPRESI-ASF-0000260,WAHIS-ASF-NLD-2020-06-22-02,WAHIS,African swine fever,ASF,Netherlands,NLD,51.5419,6.6836,2020-06-24,2020-07-09,2020-07-16,Sus scrofa (wild boar),35,30,confirmed,synthetic
EMPRESI-ASF-0000379,WAHIS-ASF-DEU-2020-06-29-02,WAHIS,African swine fever,ASF,Germany,DEU,52.3244,12.4543,2020-07-03,2020-07-10,2020-07-17,Sus scrofa domesticus,60,51,confirmed,synthetic
EMPRESI-ASF-0000285,WAHIS-ASF-BEL-2020-06-22-11,WAHIS,African swine fever,ASF,Belgium,BEL,49.8003,4.0503,2020-06-26,2020-07-09,2020-07-17,Sus scrofa domesticus,91,76,confirmed,synthetic
EMPRESI-ASF-0000481,WAHIS-ASF-SRB-2020-06-29-09,WAHIS,African swine fever,ASF,Serbia,SRB,44.8198,20.7531,2020-07-05,2020-07-08,2020-07-17,Sus scrofa (wild boar),100,86,confirmed,synthetic
EMPRESI-ASF-0000646,WAHIS-ASF-BGR-2020-07-06-04,WAHIS,African swine fever,ASF,Bulgaria,BGR,41.8598,24.8306,2020-07-06,2020-07-10,2020-07-17,Sus scrofa domesticus,149,129,confirmed,synthetic
EMPRESI-ASF-0000437,WAHIS-ASF-ESP-2020-06-29-08,WAHIS,African swine fever,ASF,Spain,ESP,40.6597,0.2124,2020-07-05,2020-07-11,2020-07-17,Sus scrofa (wild boar),232,206,confirmed,synthetic
EMPRESI-ASF-0000318,WAHIS-ASF-POL-2020-06-22-09,WAHIS,African swine fever,ASF,Poland,POL,53.9806,18.4078,2020-06-26,2020-07-08,2020-07-17,Sus scrofa (wild boar),133,117,confirmed,synthetic
EMPRESI-ASF-0000127,WAHIS-ASF-UKR-2020-06-08-00,WAHIS,African swine fever,ASF,Ukraine,UKR,46.8675,35.5258,2020-06-13,2020-07-08,2020-07-17,Sus scrofa (wild boar),36,28,confirmed,synthetic
EMPRESI-ASF-0000632,WAHIS-ASF-ROU-2020-07-06-00,WAHIS,African swine fever,ASF,Romania,ROU,47.1169,24.0692,2020-07-06,2020-07-09,2020-07-17,Sus scrofa domesticus,65,58,confirmed,synthetic
EMPRESI-ASF-0000201,WAHIS-ASF-ROU-2020-06-15-01,WAHIS,African swine fever,ASF,Romania,ROU,45.1367,28.0654,2020-06-19,2020-07-12,2020-07-17,Sus scrofa domesticus,383,331,confirmed,synthetic
EMPRESI-ASF-0000446,WAHIS-ASF-POL-2020-06-29-08,WAHIS,African swine fever,ASF,Poland,POL,50.0457,20.4386,2020-07-01,2020-07-08,2020-07-17,Sus scrofa (wild boar),19,18,confirmed,synthetic
EMPRESI-ASF-0000272,WAHIS-ASF-NLD-2020-06-22-14,WAHIS,African swine fever,ASF,Netherlands,NLD,51.4757,4.9845,2020-06-22,2020-07-09,2020-07-17,Sus scrofa (wild boar),50,48,confirmed,synthetic
EMPRESI-ASF-0000465,WAHIS-ASF-ROU-2020-06-29-10,WAHIS,African swine fever,ASF,Romania,ROU,46.4673,22.2,2020-07-04,2020-07-12,2020-07-18,Sus scrofa domesticus,14,13,confirmed,synthetic
EMPRESI-ASF-0000399,WAHIS-ASF-NLD-2020-06-29-10,WAHIS,African swine fever,ASF,Netherlands,NLD,51.5436,5.7161,2020-06-29,2020-07-11,2020-07-18,Sus scrofa domesticus,341,295,confirmed,synthetic
EMPRESI-ASF-0000587,WAHIS-ASF-ITA-2020-07-06-08,WAHIS,African swine fever,ASF,Italy,ITA,43.5532,10.7871,2020-07-10,2020-07-13,2020-07-18,Sus scrofa domesticus,87,72,confirmed,synthetic
EMPRESI-ASF-0000217,WAHIS-ASF-SRB-2020-06-15-02,WAHIS,African swine fever,ASF,Serbia,SRB,44.7497,20.9971,2020-06-17,2020-07-11,2020-07-18,Sus scrofa domesticus,59,52,confirmed,synthetic
EMPRESI-ASF-0000462,WAHIS-ASF-ROU-2020-06-29-07,WAHIS,African swine fever,ASF,Romania,ROU,46.9658,25.6036,2020-07-04,2020-07-12,2020-07-18,Sus scrofa domesticus,23,22,confirmed,synthetic
EMPRESI-ASF-0000396,WAHIS-ASF-NLD-2020-06-29-07,WAHIS,African swine fever,ASF,Netherlands,NLD,52.0922,4.7745,2020-06-30,2020-07-12,2020-07-18,Sus scrofa domesticus,2,2,confirmed,synthetic
EMPRESI-ASF-0000372,WAHIS-ASF-FRA-2020-06-29-06,WAHIS,African swine fever,ASF,France,FRA,45.8373,1.3013,2020-07-01,2020-07-13,2020-07-18,Sus scrofa (wild boar),536,463,confirmed,synthetic
EMPRESI-ASF-0000213,WAHIS-ASF-BGR-2020-06-15-05,WAHIS,African swine fever,ASF,Bulgaria,BGR,43.803,24.3188,2020-06-19,2020-07-10,2020-07-18,Sus scrofa (wild boar),178,150,confirmed,synthetic
EMPRESI-ASF-0000291,WAHIS-ASF-ITA-2020-06-22-04,WAHIS,African swine fever,ASF,Italy,ITA,43.8854,11.4103,2020-06-23,2020-07-10,2020-07-18,Sus scrofa (wild boar),63,57,confirmed,synthetic
EMPRESI-ASF-0000264,WAHIS-ASF-NLD-2020-06-22-06,WAHIS,African swine fever,ASF,Netherlands,NLD,51.2269,5.2019,2020-06-26,2020-07-09,2020-07-18,Sus scrofa (wild boar),280,245,confirmed,synthetic
EMPRESI-ASF-0000308,WAHIS-ASF-ESP-2020-06-22-08,WAHIS,African swine fever,ASF,Spain,ESP,41.5507,-2.8654,2020-06-22,2020-07-12,2020-07-18,Sus scrofa domesticus,36,35,confirmed,synthetic
EMPRESI-ASF-0000310,WAHIS-ASF-POL-2020-06-22-01,WAHIS,African swine fever,ASF,Poland,POL,52.2714,18.6291,2020-06-22,2020-07-11,2020-07-18,Sus scrofa domesticus,165,157,confirmed,synthetic
EMPRESI-ASF-0000295,WAHIS-ASF-ITA-2020-06-22-08,WAHIS,African swine fever,ASF,Italy,ITA,43.9137,14.3891,2020-06-22,2020-07-11,2020-07-18,Sus scrofa domesticus,146,131,confirmed,synthetic
EMPRESI-ASF-0000128,WAHIS-ASF-UKR-2020-06-08-01,WAHIS,African swine fever,ASF,Ukraine,UKR,50.9238,26.5693,2020-06-12,2020-07-10,2020-07-18,Sus scrofa (wild boar),40,37,confirmed,synthetic
EMPRESI-ASF-0000332,WAHIS-ASF-ROU-2020-06-22-05,WAHIS,African swine fever,ASF,Romania,ROU,46.5924,25.9152,2020-06-26,2020-07-09,2020-07-18,Sus scrofa domesticus,150,132,confirmed,synthetic
EMPRESI-ASF-0000245,WAHIS-ASF-FRA-2020-06-22-07,WAHIS,African swine fever,ASF,France,FRA,46.5965,1.5478,2020-06-25,2020-07-09,2020-07-18,Sus scrofa (wild boar),237,203,confirmed,synthetic
EMPRESI-ASF-0000299,WAHIS-ASF-ITA-2020-06-22-12,WAHIS,African swine fever,ASF,Italy,ITA,40.8428,13.1974,2020-06-27,2020-07-07,2020-07-19,Sus scrofa (wild boar),454,409,confirmed,synthetic
EMPRESI-ASF-0000455,WAHIS-ASF-ROU-2020-06-29-00,WAHIS,African swine fever,ASF,Romania,ROU,45.0653,24.9058,2020-07-01,2020-07-10,2020-07-19,Sus scrofa (wild boar),298,270,confirmed,synthetic
EMPRESI-ASF-0000438,WAHIS-ASF-POL-2020-06-29-00,WAHIS,African swine fever,ASF,Poland,POL,52.9281,23.2425,2020-06-29,2020-07-09,2020-07-19,Sus scrofa (wild boar),154,140,confirmed,synthetic
EMPRESI-ASF-0000255,WAHIS-ASF-DEU-2020-06-22-08,WAHIS,African swine fever,ASF,Germany,DEU,51.2594,12.7553,2020-06-26,2020-07-13,2020-07-19,Sus scrofa domesticus,269,228,confirmed,synthetic
EMPRESI-ASF-0000355,WAHIS-ASF-RUS-2020-06-22-02,WAHIS,African swine fever,ASF,Russian Federation,RUS,50.716,43.756,2020-06-26,2020-07-08,2020-07-19,Sus scrofa domesticus,82,72,confirmed,synthetic
EMPRESI-ASF-0000289,WAHIS-ASF-ITA-2020-06-22-02,WAHIS,African swine fever,ASF,Italy,ITA,40.3256,13.2992,2020-06-27,2020-07-16,2020-07-19,Sus scrofa (wild boar),74,63,confirmed,synthetic
EMPRESI-ASF-0000275,WAHIS-ASF-BEL-2020-06-22-01,WAHIS,African swine fever,ASF,Belgium,BEL,50.2794,4.6879,2020-06-27,2020-07-10,2020-07-19,Sus scrofa domesticus,194,171,confirmed,synthetic
EMPRESI-ASF-0000392,WAHIS-ASF-NLD-2020-06-29-03,WAHIS,African swine fever,ASF,Netherlands,NLD,53.1273,5.26,2020-06-30,2020-07-09,2020-07-19,Sus scrofa domesticus,66,57,confirmed,synthetic
EMPRESI-ASF-0000654,WAHIS-ASF-SRB-2020-07-06-03,WAHIS,African swine fever,ASF,Serbia,SRB,44.0477,22.5472,2020-07-07,2020-07-13,2020-07-19,Sus scrofa domesticus,51,43,confirmed,synthetic
EMPRESI-ASF-0000385,WAHIS-ASF-DEU-2020-06-29-08,WAHIS,African swine fever,ASF,Germany,DEU,53.7373,10.1322,2020-07-05,2020-07-11,2020-07-19,Sus scrofa (wild boar),147,139,confirmed,synthetic
EMPRESI-ASF-0000363,WAHIS-ASF-TUR-2020-06-22-05,WAHIS,African swine fever,ASF,Türkiye,TUR,37.6955,38.0833,2020-06-22,2020-07-13,2020-07-19,Sus scrofa domesticus,161,137,confirmed,synthetic
EMPRESI-ASF-0000277,WAHIS-ASF-BEL-2020-06-22-03,WAHIS,African swine fever,ASF,Belgium,BEL,50.1,5.2664,2020-06-22,2020-07-06,2020-07-19,Sus scrofa domesticus,112,90,confirmed,synthetic
EMPRESI-ASF-0000366,WAHIS-ASF-FRA-2020-06-29-00,WAHIS,African swine fever,ASF,France,FRA,45.9294,-1.7028,2020-06-30,2020-07-11,2020-07-19,Sus scrofa (wild boar),17,14,confirmed,synthetic
EMPRESI-ASF-0000229,WAHIS-ASF-RUS-2020-06-15-00,WAHIS,African swine fever,ASF,Russian Federation,RUS,55.9039,46.0264,2020-06-18,2020-07-11,2020-07-19,Sus scrofa domesticus,144,127,confirmed,synthetic
EMPRESI-ASF-0000368,WAHIS-ASF-FRA-2020-06-29-02,WAHIS,African swine fever,ASF,France,FRA,45.7176,3.4746,2020-06-29,2020-07-09,2020-07-19,Sus scrofa (wild boar),30,27,confirmed,synthetic
EMPRESI-ASF-0000326,WAHIS-ASF-HUN-2020-06-22-06,WAHIS,African swine fever,ASF,Hungary,HUN,46.3443,18.3069,2020-06-28,2020-07-07,2020-07-20,Sus scrofa domesticus,81,72,confirmed,synthetic
EMPRESI-ASF-0000602,WAHIS-ASF-POL-2020-07-06-02,WAHIS,African swine fever,ASF,Poland,POL,52.9889,22.9201,2020-07-08,2020-07-13,2020-07-20,Sus scrofa domesticus,101,93,confirmed,synthetic
EMPRESI-ASF-0000269,WAHIS-ASF-NLD-2020-06-22-11,WAHIS,African swine fever,ASF,Netherlands,NLD,51.7544,5.1946,2020-06-22,2020-07-13,2020-07-20,Sus scrofa domesticus,108,91,confirmed,synthetic
EMPRESI-ASF-0000108,WAHIS-ASF-ROU-2020-06-08-02,WAHIS,African swine fever,ASF,Romania,ROU,45.1212,22.3596,2020-06-12,2020-07-11,2020-07-20,Sus scrofa domesticus,150,127,confirmed,synthetic
EMPRESI-ASF-0000582,WAHIS-ASF-ITA-2020-07-06-03,WAHIS,African swine fever,ASF,Italy,ITA,43.5795,15.2679,2020-07-07,2020-07-12,2020-07-20,Sus scrofa domesticus,94,80,confirmed,synthetic
EMPRESI-ASF-0000378,WAHIS-ASF-DEU-2020-06-29-01,WAHIS,African swine fever,ASF,Germany,DEU,50.2544,10.8027,2020-06-30,2020-07-10,2020-07-21,Sus scrofa (wild boar),103,91,confirmed,synthetic
EMPRESI-ASF-0000570,WAHIS-ASF-BEL-2020-07-06-08,WAHIS,African swine fever,ASF,Belgium,BEL,50.4197,4.4002,2020-07-08,2020-07-14,2020-07-21,Sus scrofa domesticus,246,223,confirmed,synthetic
EMPRESI-ASF-0000380,WAHIS-ASF-DEU-2020-06-29-03,WAHIS,African swine fever,ASF,Germany,DEU,49.99,10.7237,2020-07-05,2020-07-17,2020-07-21,Sus scrofa (wild boar),216,190,confirmed,synthetic
EMPRESI-ASF-0000479,WAHIS-ASF-SRB-2020-06-29-07,WAHIS,African swine fever,ASF,Serbia,SRB,43.9752,21.1961,2020-07-04,2020-07-17,2020-07-21,Sus scrofa domesticus,325,287,confirmed,synthetic
EMPRESI-ASF-0000522,WAHIS-ASF-FRA-2020-07-06-01,WAHIS,African swine fever,ASF,France,FRA,44.2323,5.4262,2020-07-07,2020-07-15,2020-07-21,Sus scrofa domesticus,211,182,confirmed,synthetic
EMPRESI-ASF-0000367,WAHIS-ASF-FRA-2020-06-29-01,WAHIS,African swine fever,ASF,France,FRA,45.8623,-2.6423,2020-07-03,2020-07-13,2020-07-21,Sus scrofa (wild boar),47,40,confirmed,synthetic
EMPRESI-ASF-0000356,WAHIS-ASF-RUS-2020-06-22-03,WAHIS,African swine fever,ASF,Russian Federation,RUS,55.8584,36.429,2020-06-26,2020-07-12,2020-07-21,Sus scrofa (wild boar),183,156,confirmed,synthetic
EMPRESI-ASF-0000619,WAHIS-ASF-POL-2020-07-06-19,WAHIS,African swine fever,ASF,Poland,POL,52.1766,23.7414,2020-07-07,2020-07-15,2020-07-21,Sus scrofa domesticus,77,66,confirmed,synthetic
EMPRESI-ASF-0000410,WAHIS-ASF-BEL-2020-06-29-09,WAHIS,African swine fever,ASF,Belgium,BEL,50.5618,4.1949,2020-07-03,2020-07-11,2020-07-21,Sus scrofa (wild boar),168,149,confirmed,synthetic
EMPRESI-ASF-0000170,WAHIS-ASF-ITA-2020-06-15-04,WAHIS,African swine fever,ASF,Italy,ITA,42.0041,12.6268,2020-06-20,2020-07-13,2020-07-21,Sus scrofa (wild boar),117,101,confirmed,synthetic
EMPRESI-ASF-0000340,WAHIS-ASF-BGR-2020-06-22-07,WAHIS,African swine fever,ASF,Bulgaria,BGR,43.1972,23.2883,2020-06-22,2020-07-13,2020-07-21,Sus scrofa (wild boar),628,561,confirmed,synthetic
EMPRESI-ASF-0000402,WAHIS-ASF-BEL-2020-06-29-01,WAHIS,African swine fever,ASF,Belgium,BEL,51.1571,5.6293,2020-06-30,2020-07-11,2020-07-21,Sus scrofa (wild boar),191,167,confirmed,synthetic
EMPRESI-ASF-0000348,WAHIS-ASF-SRB-2020-06-22-06,WAHIS,African swine fever,ASF,Serbia,SRB,44.0522,21.9039,2020-06-22,2020-07-13,2020-07-21,Sus scrofa (wild boar),288,264,confirmed,synthetic
EMPRESI-ASF-0000681,WAHIS-ASF-RUS-2020-07-06-06,WAHIS,African swine fever,ASF,Russian Federation,RUS,54.0458,42.6792,2020-07-10,2020-07-14,2020-07-21,Sus scrofa domesticus,117,101,confirmed,synthetic
EMPRESI-ASF-0000513,WAHIS-ASF-GEO-2020-06-29-00,WAHIS,African swine fever,ASF,Georgia,GEO,40.9976,42.2019,2020-07-01,2020-07-12,2020-07-21,Sus scrofa domesticus,122,100,confirmed,synthetic
EMPRESI-ASF-0000584,WAHIS-ASF-ITA-2020-07-06-05,WAHIS,African swine fever,ASF,Italy,ITA,43.8193,11.5698,2020-07-07,2020-07-10,2020-07-22,Sus scrofa domesticus,6,5,confirmed,synthetic
EMPRESI-ASF-0000595,WAHIS-ASF-ESP-2020-07-06-02,WAHIS,African swine fever,ASF,Spain,ESP,40.4284,-4.4756,2020-07-09,2020-07-15,2020-07-22,Sus scrofa domesticus,190,168,confirmed,synthetic
EMPRESI-ASF-0000598,WAHIS-ASF-ESP-2020-07-06-05,WAHIS,African swine fever,ASF,Spain,ESP,43.3966,-5.9688,2020-07-08,2020-07-16,2020-07-22,Sus scrofa domesticus,49,42,confirmed,synthetic
EMPRESI-ASF-0000603,WAHIS-ASF-POL-2020-07-06-03,WAHIS,African swine fever,ASF,Poland,POL,50.7493,22.009,2020-07-06,2020-07-16,2020-07-22,Sus scrofa (wild boar),67,58,confirmed,synthetic
EMPRESI-ASF-0000532,WAHIS-ASF-DEU-2020-07-06-01,WAHIS,African swine fever,ASF,Germany,DEU,49.9222,6.3448,2020-07-06,2020-07-14,2020-07-22,Sus scrofa domesticus,133,123,confirmed,synthetic
EMPRESI-ASF-0000236,WAHIS-ASF-GEO-2020-06-15-03,WAHIS,African swine fever,ASF,Georgia,GEO,43.1637,43.5262,2020-06-15,2020-07-16,2020-07-22,Sus scrofa domesticus,26,21,confirmed,synthetic
EMPRESI-ASF-0000480,WAHIS-ASF-SRB-2020-06-29-08,WAHIS,African swine fever,ASF,Serbia,SRB,45.1574,20.8527,2020-07-04,2020-07-14,2020-07-22,Sus scrofa domesticus,61,53,confirmed,synthetic
EMPRESI-ASF-0000381,WAHIS-ASF-DEU-2020-06-29-04,WAHIS,African swine fever,ASF,Germany,DEU,49.2213,8.0995,2020-07-03,2020-07-15,2020-07-22,Sus scrofa (wild boar),48,43,confirmed,synthetic
EMPRESI-ASF-0000371,WAHIS-ASF-FRA-2020-06-29-05,WAHIS,African swine fever,ASF,France,FRA,45.0106,-1.1237,2020-06-30,2020-07-15,2020-07-22,Sus scrofa (wild boar),1,1,confirmed,synthetic
EMPRESI-ASF-0000066,WAHIS-ASF-SRB-2020-06-01-00,WAHIS,African swine fever,ASF,Serbia,SRB,43.7413,21.2827,2020-06-06,2020-07-17,2020-07-22,Sus scrofa domesticus,236,210,confirmed,synthetic
EMPRESI-ASF-0000390,WAHIS-ASF-NLD-2020-06-29-01,WAHIS,African swine fever,ASF,Netherlands,NLD,52.4259,4.9993,2020-07-01,2020-07-13,2020-07-22,Sus scrofa (wild boar),199,174,confirmed,synthetic
EMPRESI-ASF-0000407,WAHIS-ASF-BEL-2020-06-29-06,WAHIS,African swine fever,ASF,Belgium,BEL,50.3921,3.6237,2020-07-02,2020-07-12,2020-07-22,Sus scrofa domesticus,219,187,confirmed,synthetic
EMPRESI-ASF-0000436,WAHIS-ASF-ESP-2020-06-29-07,WAHIS,African swine fever,ASF,Spain,ESP,39.5851,-1.6548,2020-07-04,2020-07-15,2020-07-22,Sus scrofa domesticus,44,39,confirmed,synthetic
EMPRESI-ASF-0000606,WAHIS-ASF-POL-2020-07-06-06,WAHIS,African swine fever,ASF,Poland,POL,53.1148,18.8773,2020-07-10,2020-07-18,2020-07-23,Sus scrofa domesticus,90,83,confirmed,synthetic
EMPRESI-ASF-0000769,WAHIS-ASF-ESP-2020-07-13-03,WAHIS,African swine fever,ASF,Spain,ESP,38.5212,-7.7662,2020-07-14,2020-07-17,2020-07-23,Sus scrofa (wild boar),84,74,confirmed,synthetic
EMPRESI-ASF-0000693,WAHIS-ASF-GEO-2020-07-06-04,WAHIS,African swine fever,ASF,Georgia,GEO,41.9142,43.1204,2020-07-07,2020-07-16,2020-07-23,Sus scrofa (wild boar),161,141,confirmed,synthetic
EMPRESI-ASF-0000657,WAHIS-ASF-SRB-2020-07-06-06,WAHIS,African swine fever,ASF,Serbia,SRB,45.2464,21.4614,2020-07-10,2020-07-17,2020-07-23,Sus scrofa domesticus,155,136,confirmed,synthetic
EMPRESI-ASF-0000361,WAHIS-ASF-TUR-2020-06-22-03,WAHIS,African swine fever,ASF,Türkiye,TUR,38.6469,35.185,2020-06-25,2020-07-15,2020-07-23,Sus scrofa domesticus,249,223,confirmed,synthetic
EMPRESI-ASF-0000279,WAHIS-ASF-BEL-2020-06-22-05,WAHIS,African swine fever,ASF,Belgium,BEL,51.0692,4.5018,2020-06-28,2020-07-12,2020-07-23,Sus scrofa (wild boar),265,232,confirmed,synthetic
EMPRESI-ASF-0000251,WAHIS-ASF-DEU-2020-06-22-04,WAHIS,African swine fever,ASF,Germany,DEU,53.0061,9.7086,2020-06-27,2020-07-15,2020-07-23,Sus scrofa domesticus,122,103,confirmed,synthetic
EMPRESI-ASF-0000268,WAHIS-ASF-NLD-2020-06-22-10,WAHIS,African swine fever,ASF,Netherlands,NLD,52.7613,5.0319,2020-06-27,2020-07-14,2020-07-23,Sus scrofa domesticus,20,16,confirmed,synthetic
EMPRESI-ASF-0000583,WAHIS-ASF-ITA-2020-07-06-04,WAHIS,African swine fever,ASF,Italy,ITA,44.1959,10.8405,2020-07-07,2020-07-14,2020-07-23,Sus scrofa (wild boar),98,89,confirmed,synthetic
EMPRESI-ASF-0000468,WAHIS-ASF-ROU-2020-06-29-13,WAHIS,African swine fever,ASF,Romania,ROU,44.8594,27.5365,2020-06-30,2020-07-16,2020-07-23,Sus scrofa domesticus,208,181,confirmed,synthetic
EMPRESI-ASF-0000413,WAHIS-ASF-BEL-2020-06-29-12,WAHIS,African swine fever,ASF,Belgium,BEL,50.6856,5.8024,2020-07-03,2020-07-12,2020-07-23,Sus scrofa domesticus,4,4,confirmed,synthetic
EMPRESI-ASF-0000511,WAHIS-ASF-TUR-2020-06-29-06,WAHIS,African swine fever,ASF,Türkiye,TUR,35.7036,35.119,2020-07-02,2020-07-16,2020-07-24,Sus scrofa domesticus,103,93,confirmed,synthetic
EMPRESI-ASF-0000333,WAHIS-ASF-BGR-2020-06-22-00,WAHIS,African swine fever,ASF,Bulgaria,BGR,42.9682,25.2397,2020-06-27,2020-07-14,2020-07-24,Sus scrofa (wild boar),153,135,confirmed,synthetic
EMPRESI-ASF-0000151,WAHIS-ASF-NLD-2020-06-15-08,WAHIS,African swine fever,ASF,Netherlands,NLD,51.9696,4.9325,2020-06-20,2020-07-16,2020-07-24,Sus scrofa domesticus,101,91,confirmed,synthetic
EMPRESI-ASF-0000442,WAHIS-ASF-POL-2020-06-29-04,WAHIS,African swine fever,ASF,Poland,POL,50.0939,19.9613,2020-06-29,2020-07-11,2020-07-24,Sus scrofa (wild boar),78,71,confirmed,synthetic
EMPRESI-ASF-0000644,WAHIS-ASF-BGR-2020-07-06-02,WAHIS,African swine fever,ASF,Bulgaria,BGR,44.0151,26.1192,2020-07-07,2020-07-14,2020-07-24,Sus scrofa domesticus,18,14,confirmed,synthetic
EMPRESI-ASF-0000445,WAHIS-ASF-POL-2020-06-29-07,WAHIS,African swine fever,ASF,Poland,POL,51.0274,23.2604,2020-06-29,2020-07-13,2020-07-24,Sus scrofa domesticus,149,136,confirmed,synthetic
EMPRESI-ASF-0000585,WAHIS-ASF-ITA-2020-07-06-06,WAHIS,African swine fever,ASF,Italy,ITA,42.1299,8.8905,2020-07-09,2020-07-17,2020-07-24,Sus scrofa domesticus,74,69,confirmed,synthetic
EMPRESI-ASF-0000675,WAHIS-ASF-RUS-2020-07-06-00,WAHIS,African swine fever,ASF,Russian Federation,RUS,55.4179,50.2896,2020-07-09,2020-07-17,2020-07-24,Sus scrofa (wild boar),64,56,confirmed,synthetic
EMPRESI-ASF-0000564,WAHIS-ASF-BEL-2020-07-06-02,WAHIS,African swine fever,ASF,Belgium,BEL,50.6924,5.7951,2020-07-12,2020-07-20,2020-07-24,Sus scrofa (wild boar),34,30,confirmed,synthetic
EMPRESI-ASF-0000536,WAHIS-ASF-DEU-2020-07-06-05,WAHIS,African swine fever,ASF,Germany,DEU,49.4209,10.5798,2020-07-09,2020-07-17,2020-07-24,Sus scrofa (wild boar),20,16,confirmed,synthetic
EMPRESI-ASF-0000766,WAHIS-ASF-ESP-2020-07-13-00,WAHIS,African swine fever,ASF,Spain,ESP,38.2021,-4.8459,2020-07-14,2020-07-17,2020-07-24,Sus scrofa domesticus,104,93,confirmed,synthetic
EMPRESI-ASF-0000471,WAHIS-ASF-BGR-2020-06-29-02,WAHIS,African swine fever,ASF,Bulgaria,BGR,43.2651,26.7034,2020-07-03,2020-07-21,2020-07-24,Sus scrofa (wild boar),63,56,confirmed,synthetic
EMPRESI-ASF-0000509,WAHIS-ASF-TUR-2020-06-29-04,WAHIS,African swine fever,ASF,Türkiye,TUR,42.1814,36.0274,2020-07-04,2020-07-13,2020-07-24,Sus scrofa domesticus,135,115,confirmed,synthetic
EMPRESI-ASF-0000683,WAHIS-ASF-RUS-2020-07-06-08,WAHIS,African swine fever,ASF,Russian Federation,RUS,57.742,39.3281,2020-07-11,2020-07-17,2020-07-24,Sus scrofa (wild boar),112,99,confirmed,synthetic
EMPRESI-HPAI-0000197,WAHIS-HPAI-MDA-2020-05-11-00,WAHIS,High pathogenicity avian influenza,HPAI,Moldova,MDA,46.9927,28.5768,2020-05-15,2020-07-20,2020-07-24,Larus spp. (wild),5401,3006,confirmed,synthetic
EMPRESI-ASF-0000427,WAHIS-ASF-ITA-2020-06-29-13,WAHIS,African swine fever,ASF,Italy,ITA,42.7901,13.0491,2020-06-29,2020-07-13,2020-07-25,Sus scrofa (wild boar),144,125,confirmed,synthetic
EMPRESI-ASF-0000228,WAHIS-ASF-MDA-2020-06-15-01,WAHIS,African swine fever,ASF,Moldova,MDA,47.5823,28.6797,2020-06-20,2020-07-13,2020-07-25,Sus scrofa domesticus,6,6,confirmed,synthetic
EMPRESI-ASF-0000562,WAHIS-ASF-BEL-2020-07-06-00,WAHIS,African swine fever,ASF,Belgium,BEL,51.4308,4.672,2020-07-12,2020-07-20,2020-07-25,Sus scrofa (wild boar),135,118,confirmed,synthetic
EMPRESI-ASF-0000643,WAHIS-ASF-BGR-2020-07-06-01,WAHIS,African swine fever,ASF,Bulgaria,BGR,43.8277,25.3565,2020-07-11,2020-07-20,2020-07-25,Sus scrofa domesticus,206,181,confirmed,synthetic
EMPRESI-ASF-0000566,WAHIS-ASF-BEL-2020-07-06-04,WAHIS,African swine fever,ASF,Belgium,BEL,50.7368,4.1914,2020-07-08,2020-07-13,2020-07-25,Sus scrofa (wild boar),215,191,confirmed,synthetic
EMPRESI-ASF-0000507,WAHIS-ASF-TUR-2020-06-29-02,WAHIS,African swine fever,ASF,Türkiye,TUR,36.7594,38.6916,2020-07-05,2020-07-13,2020-07-25,Sus scrofa (wild boar),36,33,confirmed,synthetic
EMPRESI-ASF-0000574,WAHIS-ASF-BEL-2020-07-06-12,WAHIS,African swine fever,ASF,Belgium,BEL,50.5819,4.0146,2020-07-11,2020-07-18,2020-07-25,Sus scrofa domesticus,49,44,confirmed,synthetic
EMPRESI-ASF-0000581,WAHIS-ASF-ITA-2020-07-06-02,WAHIS,African swine fever,ASF,Italy,ITA,40.7567,13.4344,2020-07-12,2020-07-18,2020-07-25,Sus scrofa domesticus,5,4,confirmed,synthetic
EMPRESI-ASF-0000503,WAHIS-ASF-RUS-2020-06-29-07,WAHIS,African swine fever,ASF,Russian Federation,RUS,57.8835,47.9149,2020-07-05,2020-07-19,2020-07-25,Sus scrofa domesticus,89,72,confirmed,synthetic
EMPRESI-ASF-0000572,WAHIS-ASF-BEL-2020-07-06-10,WAHIS,African swine fever,ASF,Belgium,BEL,50.3136,5.8821,2020-07-10,2020-07-22,2020-07-25,Sus scrofa domesticus,120,103,confirmed,synthetic
EMPRESI-ASF-0000533,WAHIS-ASF-DEU-2020-07-06-02,WAHIS,African swine fever,ASF,Germany,DEU,53.9486,11.2498,2020-07-10,2020-07-18,2020-07-25,Sus scrofa domesticus,183,163,confirmed,synthetic
EMPRESI-ASF-0000401,WAHIS-ASF-BEL-2020-06-29-00,WAHIS,African swine fever,ASF,Belgium,BEL,49.9303,4.3084,2020-07-04,2020-07-14,2020-07-25,Sus scrofa domesticus,8,8,confirmed,synthetic
EMPRESI-ASF-0000592,WAHIS-ASF-ITA-2020-07-06-13,WAHIS,African swine fever,ASF,Italy,ITA,44.0822,11.9244,2020-07-10,2020-07-16,2020-07-25,Sus scrofa domesticus,90,77,confirmed,synthetic
EMPRESI-ASF-0000448,WAHIS-ASF-HUN-2020-06-29-00,WAHIS,African swine fever,ASF,Hungary,HUN,48.0816,20.0115,2020-07-04,2020-07-17,2020-07-25,Sus scrofa (wild boar),47,41,confirmed,synthetic
EMPRESI-ASF-0000627,WAHIS-ASF-HUN-2020-07-06-05,WAHIS,African swine fever,ASF,Hungary,HUN,46.8085,21.5098,2020-07-06,2020-07-16,2020-07-25,Sus scrofa (wild boar),32,26,confirmed,synthetic
EMPRESI-ASF-0000406,WAHIS-ASF-BEL-2020-06-29-05,WAHIS,African swine fever,ASF,Belgium,BEL,50.0029,4.5528,2020-07-01,2020-07-16,2020-07-25,Sus scrofa domesticus,4,2,confirmed,synthetic
EMPRESI-ASF-0000472,WAHIS-ASF-SRB-2020-06-29-00,WAHIS,African swine fever,ASF,Serbia,SRB,44.3603,21.1551,2020-07-03,2020-07-16,2020-07-26,Sus scrofa (wild boar),137,122,confirmed,synthetic
EMPRESI-ASF-0000327,WAHIS-ASF-ROU-2020-06-22-00,WAHIS,African swine fever,ASF,Romania,ROU,45.7188,24.937,2020-06-23,2020-07-15,2020-07-26,Sus scrofa domesticus,537,469,confirmed,synthetic
EMPRESI-ASF-0000334,WAHIS-ASF-BGR-2020-06-22-01,WAHIS,African swine fever,ASF,Bulgaria,BGR,41.2691,25.2464,2020-06-28,2020-07-21,2020-07-26,Sus scrofa (wild boar),127,104,confirmed,synthetic
EMPRESI-ASF-0000544,WAHIS-ASF-NLD-2020-07-06-01,WAHIS,African swine fever,ASF,Netherlands,NLD,52.3216,6.553,2020-07-07,2020-07-20,2020-07-26,Sus scrofa domesticus,58,55,confirmed,synthetic
EMPRESI-ASF-0000374,WAHIS-ASF-FRA-2020-06-29-08,WAHIS,African swine fever,ASF,France,FRA,44.9159,2.6981,2020-07-05,2020-07-17,2020-07-26,Sus scrofa (wild boar),34,28,confirmed,synthetic
EMPRESI-ASF-0000640,WAHIS-ASF-ROU-2020-07-06-08,WAHIS,African swine fever,ASF,Romania,ROU,47.2965,22.7359,2020-07-12,2020-07-21,2020-07-26,Sus scrofa (wild boar),119,112,confirmed,synthetic
EMPRESI-ASF-0000655,WAHIS-ASF-SRB-2020-07-06-04,WAHIS,African swine fever,ASF,Serbia,SRB,45.0677,20.5088,2020-07-11,2020-07-16,2020-07-26,Sus scrofa domesticus,190,163,confirmed,synthetic
EMPRESI-ASF-0000486,WAHIS-ASF-UKR-2020-06-29-02,WAHIS,African swine fever,ASF,Ukraine,UKR,47.7666,29.9611,2020-07-05,2020-07-21,2020-07-26,Sus scrofa domesticus,122,108,confirmed,synthetic
EMPRESI-ASF-0000612,WAHIS-ASF-POL-2020-07-06-12,WAHIS,African swine fever,ASF,Poland,POL,50.7974,23.1677,2020-07-10,2020-07-20,2020-07-26,Sus scrofa (wild boar),125,109,confirmed,synthetic
EMPRESI-ASF-0000492,WAHIS-ASF-UKR-2020-06-29-08,WAHIS,African swine fever,ASF,Ukraine,UKR,45.7624,34.3326,2020-07-03,2020-07-22,2020-07-26,Sus scrofa (wild boar),76,72,confirmed,synthetic
EMPRESI-ASF-0000660,WAHIS-ASF-UKR-2020-07-06-01,WAHIS,African swine fever,ASF,Ukraine,UKR,49.4471,33.7109,2020-07-12,2020-07-20,2020-07-26,Sus scrofa (wild boar),80,69,confirmed,synthetic
EMPRESI-ASF-0000557,WAHIS-ASF-NLD-2020-07-06-14,WAHIS,African swine fever,ASF,Netherlands,NLD,51.2524,5.0836,2020-07-09,2020-07-13,2020-07-26,Sus scrofa domesticus,70,62,confirmed,synthetic
EMPRESI-ASF-0000422,WAHIS-ASF-ITA-2020-06-29-08,WAHIS,African swine fever,ASF,Italy,ITA,44.5417,13.3154,2020-06-29,2020-07-18,2020-07-26,Sus scrofa (wild boar),72,59,confirmed,synthetic
EMPRESI-ASF-0000531,WAHIS-ASF-DEU-2020-07-06-00,WAHIS,African swine fever,ASF,Germany,DEU,50.6192,7.7078,2020-07-07,2020-07-19,2020-07-26,Sus scrofa (wild boar),98,91,confirmed,synthetic
EMPRESI-ASF-0000034,WAHIS-ASF-POL-2020-05-25-00,WAHIS,African swine fever,ASF,Poland,POL,53.5665,17.6536,2020-05-29,2020-07-21,2020-07-26,Sus scrofa (wild boar),8,6,confirmed,synthetic
EMPRESI-ASF-0000187,WAHIS-ASF-POL-2020-06-15-05,WAHIS,African swine fever,ASF,Poland,POL,49.948,20.1497,2020-06-20,2020-07-16,2020-07-26,Sus scrofa (wild boar),39,36,confirmed,synthetic
EMPRESI-ASF-0000577,WAHIS-ASF-BEL-2020-07-06-15,WAHIS,African swine fever,ASF,Belgium,BEL,50.1398,3.9151,2020-07-10,2020-07-21,2020-07-27,Sus scrofa (wild boar),550,483,confirmed,synthetic
EMPRESI-ASF-0000247,WAHIS-ASF-DEU-2020-06-22-00,WAHIS,African swine fever,ASF,Germany,DEU,54.0074,8.841,2020-06-26,2020-07-21,2020-07-27,Sus scrofa (wild boar),124,110,confirmed,synthetic
EMPRESI-ASF-0000325,WAHIS-ASF-HUN-2020-06-22-05,WAHIS,African swine fever,ASF,Hungary,HUN,47.2328,18.9153,2020-06-26,2020-07-16,2020-07-27,Sus scrofa domesticus,202,182,confirmed,synthetic
EMPRESI-ASF-0000812,WAHIS-ASF-BGR-2020-07-13-08,WAHIS,African swine fever,ASF,Bulgaria,BGR,41.3482,25.1304,2020-07-16,2020-07-22,2020-07-27,Sus scrofa domesticus,122,105,confirmed,synthetic
EMPRESI-ASF-0000669,WAHIS-ASF-MDA-2020-07-06-00,WAHIS,African swine fever,ASF,Moldova,MDA,47.8884,28.4953,2020-07-10,2020-07-21,2020-07-27,Sus scrofa (wild boar),112,100,confirmed,synthetic
EMPRESI-ASF-0000500,WAHIS-ASF-RUS-2020-06-29-04,WAHIS,African swine fever,ASF,Russian Federation,RUS,60.7067,42.2891,2020-06-30,2020-07-20,2020-07-27,Sus scrofa domesticus,47,42,confirmed,synthetic
EMPRESI-ASF-0000293,WAHIS-ASF-ITA-2020-06-22-06,WAHIS,African swine fever,ASF,Italy,ITA,43.416,12.6502,2020-06-25,2020-07-21,2020-07-27,Sus scrofa (wild boar),128,114,confirmed,synthetic
EMPRESI-ASF-0000290,WAHIS-ASF-ITA-2020-06-22-03,WAHIS,African swine fever,ASF,Italy,ITA,40.4114,11.9997,2020-06-28,2020-07-13,2020-07-27,Sus scrofa (wild boar),88,79,confirmed,synthetic
EMPRESI-ASF-0000613,WAHIS-ASF-POL-2020-07-06-13,WAHIS,African swine fever,ASF,Poland,POL,50.5273,19.4835,2020-07-08,2020-07-17,2020-07-27,Sus scrofa domesticus,99,82,confirmed,synthetic
EMPRESI-ASF-0000489,WAHIS-ASF-UKR-2020-06-29-05,WAHIS,African swine fever,ASF,Ukraine,UKR,49.263,28.9618,2020-07-05,2020-07-21,2020-07-27,Sus scrofa (wild boar),100,85,confirmed,synthetic
EMPRESI-ASF-0000696,WAHIS-ASF-TUN-2020-07-06-00,WAHIS,African swine fever,ASF,Tunisia,TUN,34.4745,8.8623,2020-07-10,2020-07-22,2020-07-27,Sus scrofa domesticus,172,154,confirmed,synthetic
EMPRESI-ASF-0000450,WAHIS-ASF-HUN-2020-06-29-02,WAHIS,African swine fever,ASF,Hungary,HUN,46.3014,17.7866,2020-07-01,2020-07-22,2020-07-28,Sus scrofa (wild boar),34,32,confirmed,synthetic
EMPRESI-ASF-0000484,WAHIS-ASF-UKR-2020-06-29-00,WAHIS,African swine fever,ASF,Ukraine,UKR,52.1155,33.276,2020-07-03,2020-07-23,2020-07-28,Sus scrofa domesticus,97,83,confirmed,synthetic
EMPRESI-ASF-0000555,WAHIS-ASF-NLD-2020-07-06-12,WAHIS,African swine fever,ASF,Netherlands,NLD,52.3783,5.5166,2020-07-09,2020-07-18,2020-07-28,Sus scrofa domesticus,109,92,confirmed,synthetic
EMPRESI-ASF-0000553,WAHIS-ASF-NLD-2020-07-06-10,WAHIS,African swine fever,ASF,Netherlands,NLD,51.5897,4.7985,2020-07-07,2020-07-20,2020-07-28,Sus scrofa (wild boar),47,39,confirmed,synthetic
EMPRESI-ASF-0000580,WAHIS-ASF-ITA-2020-07-06-01,WAHIS,African swine fever,ASF,Italy,ITA,43.0558,9.1835,2020-07-12,2020-07-21,2020-07-28,Sus scrofa domesticus,88,81,confirmed,synthetic
EMPRESI-ASF-0000232,WAHIS-ASF-TUR-2020-06-15-01,WAHIS,African swine fever,ASF,Türkiye,TUR,40.5247,34.4056,2020-06-20,2020-07-20,2020-07-28,Sus scrofa domesticus,103,91,confirmed,synthetic
EMPRESI-ASF-0000514,WAHIS-ASF-GEO-2020-06-29-01,WAHIS,African swine fever,ASF,Georgia,GEO,41.5146,43.1652,2020-07-04,2020-07-22,2020-07-28,Sus scrofa domesticus,37,33,confirmed,synthetic
EMPRESI-ASF-0000764,WAHIS-ASF-ITA-2020-07-13-11,WAHIS,African swine fever,ASF,Italy,ITA,45.3938,11.8608,2020-07-14,2020-07-22,2020-07-28,Sus scrofa (wild boar),126,112,confirmed,synthetic
EMPRESI-ASF-0000508,WAHIS-ASF-TUR-2020-06-29-03,WAHIS,African swine fever,ASF,Türkiye,TUR,38.5219,31.9267,2020-06-30,2020-07-18,2020-07-28,Sus scrofa (wild boar),13,12,confirmed,synthetic
EMPRESI-ASF-0000676,WAHIS-ASF-RUS-2020-07-06-01,WAHIS,African swine fever,ASF,Russian Federation,RUS,56.3149,48.7024,2020-07-08,2020-07-22,2020-07-28,Sus scrofa (wild boar),22,20,confirmed,synthetic
EMPRESI-ASF-0000763,WAHIS-ASF-ITA-2020-07-13-10,WAHIS,African swine fever,ASF,Italy,ITA,43.0263,11.9206,2020-07-16,2020-07-23,2020-07-29,Sus scrofa domesticus,40,34,confirmed,synthetic
EMPRESI-ASF-0000759,WAHIS-ASF-ITA-2020-07-13-06,WAHIS,African swine fever,ASF,Italy,ITA,44.06,12.5421,2020-07-16,2020-07-23,2020-07-29,Sus scrofa (wild boar),14,12,confirmed,synthetic
EMPRESI-ASF-0000638,WAHIS-ASF-ROU-2020-07-06-06,WAHIS,African swine fever,ASF,Romania,ROU,45.0996,25.1164,2020-07-07,2020-07-20,2020-07-29,Sus scrofa domesticus,129,107,confirmed,synthetic
EMPRESI-ASF-0000795,WAHIS-ASF-HUN-2020-07-13-12,WAHIS,African swine fever,ASF,Hungary,HUN,46.8451,20.8275,2020-07-15,2020-07-22,2020-07-29,Sus scrofa (wild boar),304,266,confirmed,synthetic
EMPRESI-ASF-0000596,WAHIS-ASF-ESP-2020-07-06-03,WAHIS,African swine fever,ASF,Spain,ESP,40.6598,-7.1405,2020-07-12,2020-07-23,2020-07-29,Sus scrofa (wild boar),46,41,confirmed,synthetic
EMPRESI-ASF-0000495,WAHIS-ASF-MDA-2020-06-29-01,WAHIS,African swine fever,ASF,Moldova,MDA,46.555,28.4904,2020-07-03,2020-07-18,2020-07-29,Sus scrofa domesticus,99,88,confirmed,synthetic
EMPRESI-ASF-0000622,WAHIS-ASF-HUN-2020-07-06-00,WAHIS,African swine fever,ASF,Hungary,HUN,46.8465,19.7668,2020-07-08,2020-07-18,2020-07-29,Sus scrofa domesticus,46,42,confirmed,synthetic
EMPRESI-ASF-0000459,WAHIS-ASF-ROU-2020-06-29-04,WAHIS,African swine fever,ASF,Romania,ROU,48.273,24.6431,2020-07-04,2020-07-24,2020-07-29,Sus scrofa (wild boar),226,198,confirmed,synthetic
EMPRESI-ASF-0000416,WAHIS-ASF-ITA-2020-06-29-02,WAHIS,African swine fever,ASF,Italy,ITA,43.3501,14.5433,2020-07-05,2020-07-23,2020-07-29,Sus scrofa domesticus,12,12,confirmed,synthetic
EMPRESI-ASF-0000787,WAHIS-ASF-HUN-2020-07-13-04,WAHIS,African swine fever,ASF,Hungary,HUN,47.514,19.1877,2020-07-14,2020-07-23,2020-07-29,Sus scrofa (wild boar),161,138,confirmed,synthetic
EMPRESI-ASF-0000832,WAHIS-ASF-RUS-2020-07-13-03,WAHIS,African swine fever,ASF,Russian Federation,RUS,51.634,37.7593,2020-07-17,2020-07-24,2020-07-29,Sus scrofa (wild boar),184,158,confirmed,synthetic
EMPRESI-ASF-0000721,WAHIS-ASF-DEU-2020-07-13-06,WAHIS,African swine fever,ASF,Germany,DEU,51.008,10.835,2020-07-15,2020-07-23,2020-07-29,Sus scrofa domesticus,161,143,confirmed,synthetic
EMPRESI-ASF-0000704,WAHIS-ASF-FRA-2020-07-13-06,WAHIS,African swine fever,ASF,France,FRA,48.3456,4.5082,2020-07-17,2020-07-19,2020-07-29,Sus scrofa (wild boar),111,98,confirmed,synthetic
EMPRESI-ASF-0000281,WAHIS-ASF-BEL-2020-06-22-07,WAHIS,African swine fever,ASF,Belgium,BEL,50.5395,4.486,2020-06-27,2020-07-23,2020-07-29,Sus scrofa domesticus,290,258,confirmed,synthetic
EMPRESI-ASF-0000398,WAHIS-ASF-NLD-2020-06-29-09,WAHIS,African swine fever,ASF,Netherlands,NLD,51.592,6.4538,2020-07-03,2020-07-23,2020-07-29,Sus scrofa domesticus,170,150,confirmed,synthetic
EMPRESI-ASF-0000647,WAHIS-ASF-BGR-2020-07-06-05,WAHIS,African swine fever,ASF,Bulgaria,BGR,43.458,27.1399,2020-07-08,2020-07-18,2020-07-29,Sus scrofa (wild boar),85,76,confirmed,synthetic
EMPRESI-ASF-0000319,WAHIS-ASF-POL-2020-06-22-10,WAHIS,African swine fever,ASF,Poland,POL,53.6498,19.1652,2020-06-24,2020-07-20,2020-07-29,Sus scrofa domesticus,54,47,confirmed,synthetic
EMPRESI-ASF-0000611,WAHIS-ASF-POL-2020-07-06-11,WAHIS,African swine fever,ASF,Poland,POL,50.6903,19.2422,2020-07-08,2020-07-18,2020-07-29,Sus scrofa (wild boar),327,286,confirmed,synthetic
EMPRESI-ASF-0000282,WAHIS-ASF-BEL-2020-06-22-08,WAHIS,African swine fever,ASF,Belgium,BEL,50.0875,5.2395,2020-06-28,2020-07-21,2020-07-29,Sus scrofa domesticus,67,58,confirmed,synthetic
EMPRESI-ASF-0000542,WAHIS-ASF-DEU-2020-07-06-11,WAHIS,African swine fever,ASF,Germany,DEU,48.6335,9.5335,2020-07-12,2020-07-20,2020-07-29,Sus scrofa domesticus,16,14,confirmed,synthetic
EMPRESI-ASF-0000698,WAHIS-ASF-FRA-2020-07-13-00,WAHIS,African swine fever,ASF,France,FRA,48.1871,5.3493,2020-07-14,2020-07-24,2020-07-29,Sus scrofa (wild boar),82,76,confirmed,synthetic
EMPRESI-ASF-0000545,WAHIS-ASF-NLD-2020-07-06-02,WAHIS,African swine fever,ASF,Netherlands,NLD,52.387,3.9563,2020-07-10,2020-07-20,2020-07-29,Sus scrofa (wild boar),56,52,confirmed,synthetic
EMPRESI-ASF-0000530,WAHIS-ASF-FRA-2020-07-06-09,WAHIS,African swine fever,ASF,France,FRA,44.0141,-1.5968,2020-07-11,2020-07-22,2020-07-29,Sus scrofa (wild boar),126,113,confirmed,synthetic
EMPRESI-ASF-0000715,WAHIS-ASF-DEU-2020-07-13-00,WAHIS,African swine fever,ASF,Germany,DEU,51.9559,8.2029,2020-07-14,2020-07-19,2020-07-29,Sus scrofa (wild boar),4,4,confirmed,synthetic
EMPRESI-ASF-0000565,WAHIS-ASF-BEL-2020-07-06-03,WAHIS,African swine fever,ASF,Belgium,BEL,50.0259,5.5555,2020-07-07,2020-07-19,2020-07-30,Sus scrofa domesticus,92,81,confirmed,synthetic
EMPRESI-ASF-0000605,WAHIS-ASF-POL-2020-07-06-05,WAHIS,African swine fever,ASF,Poland,POL,54.0248,22.634,2020-07-08,2020-07-22,2020-07-30,Sus scrofa (wild boar),58,48,confirmed,synthetic
EMPRESI-ASF-0000535,WAHIS-ASF-DEU-2020-07-06-04,WAHIS,African swine fever,ASF,Germany,DEU,53.3583,13.2723,2020-07-08,2020-07-20,2020-07-30,Sus scrofa (wild boar),87,79,confirmed,synthetic
EMPRESI-ASF-0000256,WAHIS-ASF-DEU-2020-06-22-09,WAHIS,African swine fever,ASF,Germany,DEU,52.7292,6.273,2020-06-24,2020-07-18,2020-07-30,Sus scrofa domesticus,175,163,confirmed,synthetic
EMPRESI-ASF-0000241,WAHIS-ASF-FRA-2020-06-22-03,WAHIS,African swine fever,ASF,France,FRA,46.0045,-1.3855,2020-06-22,2020-07-21,2020-07-30,Sus scrofa domesticus,147,137,confirmed,synthetic
EMPRESI-ASF-0000474,WAHIS-ASF-SRB-2020-06-29-02,WAHIS,African swine fever,ASF,Serbia,SRB,44.9165,19.7549,2020-07-04,2020-07-23,2020-07-30,Sus scrofa (wild boar),18,14,confirmed,synthetic
EMPRESI-ASF-0000756,WAHIS-ASF-ITA-2020-07-13-03,WAHIS,African swine fever,ASF,Italy,ITA,41.5304,11.9821,2020-07-14,2020-07-22,2020-07-30,Sus scrofa (wild boar),71,61,confirmed,synthetic
EMPRESI-ASF-0000735,WAHIS-ASF-NLD-2020-07-13-08,WAHIS,African swine fever,ASF,Netherlands,NLD,51.5702,5.3793,2020-07-19,2020-07-24,2020-07-30,Sus scrofa (wild boar),233,198,confirmed,synthetic
EMPRESI-ASF-0000525,WAHIS-ASF-FRA-2020-07-06-04,WAHIS,African swine fever,ASF,France,FRA,48.7832,0.922,2020-07-07,2020-07-22,2020-07-30,Sus scrofa (wild boar),362,313,confirmed,synthetic
EMPRESI-ASF-0000755,WAHIS-ASF-ITA-2020-07-13-02,WAHIS,African swine fever,ASF,Italy,ITA,43.8961,14.9405,2020-07-13,2020-07-22,2020-07-30,Sus scrofa domesticus,21,19,confirmed,synthetic
EMPRESI-ASF-0000077,WAHIS-ASF-DEU-2020-06-08-00,WAHIS,African swine fever,ASF,Germany,DEU,52.5622,9.1605,2020-06-14,2020-07-23,2020-07-30,Sus scrofa (wild boar),222,189,confirmed,synthetic
EMPRESI-ASF-0000743,WAHIS-ASF-BEL-2020-07-13-03,WAHIS,African swine fever,ASF,Belgium,BEL,50.7874,3.5495,2020-07-14,2020-07-18,2020-07-30,Sus scrofa (wild boar),58,46,confirmed,synthetic
EMPRESI-ASF-0000686,WAHIS-ASF-TUR-2020-07-06-00,WAHIS,African swine fever,ASF,Türkiye,TUR,36.7356,39.7287,2020-07-11,2020-07-22,2020-07-31,Sus scrofa (wild boar),356,311,confirmed,synthetic
EMPRESI-ASF-0000752,WAHIS-ASF-BEL-2020-07-13-12,WAHIS,African swine fever,ASF,Belgium,BEL,50.4093,5.4114,2020-07-13,2020-07-25,2020-07-31,Sus scrofa domesticus,320,288,confirmed,synthetic
EMPRESI-ASF-0000784,WAHIS-ASF-HUN-2020-07-13-01,WAHIS,African swine fever,ASF,Hungary,HUN,48.6641,19.8346,2020-07-17,2020-07-22,2020-07-31,Sus scrofa (wild boar),184,159,confirmed,synthetic
EMPRESI-ASF-0000835,WAHIS-ASF-RUS-2020-07-13-06,WAHIS,African swine fever,ASF,Russian Federation,RUS,50.0164,46.8829,2020-07-16,2020-07-21,2020-07-31,Sus scrofa domesticus,100,83,confirmed,synthetic
EMPRESI-ASF-0000868,WAHIS-ASF-NLD-2020-07-20-00,WAHIS,African swine fever,ASF,Netherlands,NLD,52.1943,5.3136,2020-07-21,2020-07-25,2020-07-31,Sus scrofa domesticus,213,187,confirmed,synthetic
EMPRESI-ASF-0000711,WAHIS-ASF-FRA-2020-07-13-13,WAHIS,African swine fever,ASF,France,FRA,43.5628,4.4474,2020-07-18,2020-07-22,2020-07-31,Sus scrofa domesticus,198,172,confirmed,synthetic
EMPRESI-ASF-0000588,WAHIS-ASF-ITA-2020-07-06-09,WAHIS,African swine fever,ASF,Italy,ITA,44.4925,12.3297,2020-07-11,2020-07-24,2020-07-31,Sus scrofa domesticus,172,145,confirmed,synthetic
EMPRESI-ASF-0000124,WAHIS-ASF-SRB-2020-06-08-06,WAHIS,African swine fever,ASF,Serbia,SRB,43.8658,21.4559,2020-06-11,2020-07-22,2020-07-31,Sus scrofa domesticus,65,55,confirmed,synthetic
EMPRESI-ASF-0000053,WAHIS-ASF-ITA-2020-06-01-00,WAHIS,African swine fever,ASF,Italy,ITA,44.4293,12.9944,2020-06-07,2020-07-23,2020-07-31,Sus scrofa (wild boar),85,79,confirmed,synthetic
EMPRESI-ASF-0000597,WAHIS-ASF-ESP-2020-07-06-04,WAHIS,African swine fever,ASF,Spain,ESP,37.2561,-5.0699,2020-07-12,2020-07-20,2020-07-31,Sus scrofa domesticus,111,98,confirmed,synthetic
EMPRESI-ASF-0000521,WAHIS-ASF-FRA-2020-07-06-00,WAHIS,African swine fever,ASF,France,FRA,45.1753,3.3075,2020-07-09,2020-07-26,2020-07-31,Sus scrofa (wild boar),365,323,confirmed,synthetic
EMPRESI-ASF-0000138,WAHIS-ASF-DEU-2020-06-15-00,WAHIS,African swine fever,ASF,Germany,DEU,49.6417,9.2069,2020-06-17,2020-07-23,2020-07-31,Sus scrofa domesticus,131,111,confirmed,synthetic
EMPRESI-ASF-0000767,WAHIS-ASF-ESP-2020-07-13-01,WAHIS,African swine fever,ASF,Spain,ESP,41.4134,-4.0225,2020-07-15,2020-07-26,2020-08-01,Sus scrofa (wild boar),51,43,confirmed,synthetic
EMPRESI-ASF-0000478,WAHIS-ASF-SRB-2020-06-29-06,WAHIS,African swine fever,ASF,Serbia,SRB,43.6103,21.0759,2020-06-29,2020-07-25,2020-08-01,Sus scrofa domesticus,179,160,confirmed,synthetic
EMPRESI-ASF-0000717,WAHIS-ASF-DEU-2020-07-13-02,WAHIS,African swine fever,ASF,Germany,DEU,53.2264,7.6076,2020-07-18,2020-07-23,2020-08-01,Sus scrofa (wild boar),25,22,confirmed,synthetic
EMPRESI-ASF-0000377,WAHIS-ASF-DEU-2020-06-29-00,WAHIS,African swine fever,ASF,Germany,DEU,52.1106,7.026,2020-06-30,2020-07-25,2020-08-01,Sus scrofa domesticus,142,132,confirmed,synthetic
EMPRESI-ASF-0000430,WAHIS-ASF-ESP-2020-06-29-01,WAHIS,African swine fever,ASF,Spain,ESP,41.9983,-4.3529,2020-07-03,2020-07-24,2020-08-01,Sus scrofa (wild boar),77,70,confirmed,synthetic
EMPRESI-ASF-0000234,WAHIS-ASF-GEO-2020-06-15-01,WAHIS,African swine fever,ASF,Georgia,GEO,42.0913,43.1545,2020-06-17,2020-07-23,2020-08-01,Sus scrofa (wild boar),120,106,confirmed,synthetic
EMPRESI-ASF-0000871,WAHIS-ASF-NLD-2020-07-20-03,WAHIS,African swine fever,ASF,Netherlands,NLD,52.2319,6.8322,2020-07-20,2020-07-26,2020-08-01,Sus scrofa domesticus,144,129,confirmed,synthetic
EMPRESI-ASF-0000699,WAHIS-ASF-FRA-2020-07-13-01,WAHIS,African swine fever,ASF,France,FRA,48.9882,0.5671,2020-07-16,2020-07-26,2020-08-01,Sus scrofa (wild boar),43,39,confirmed,synthetic
EMPRESI-ASF-0000288,WAHIS-ASF-ITA-2020-06-22-01,WAHIS,African swine fever,ASF,Italy,ITA,44.8015,12.0006,2020-06-24,2020-07-22,2020-08-01,Sus scrofa domesticus,191,172,confirmed,synthetic
EMPRESI-ASF-0000844,WAHIS-ASF-GEO-2020-07-13-04,WAHIS,African swine fever,ASF,Georgia,GEO,42.4586,43.6366,2020-07-19,2020-07-25,2020-08-01,Sus scrofa domesticus,346,305,confirmed,synthetic
EMPRESI-ASF-0000477,WAHIS-ASF-SRB-2020-06-29-05,WAHIS,African swine fever,ASF,Serbia,SRB,42.7982,20.567,2020-07-03,2020-07-27,2020-08-01,Sus scrofa (wild boar),35,34,confirmed,synthetic
EMPRESI-ASF-0000694,WAHIS-ASF-GEO-2020-07-06-05,WAHIS,African swine fever,ASF,Georgia,GEO,43.1385,44.126,2020-07-08,2020-07-28,2020-08-01,Sus scrofa domesticus,246,216,confirmed,synthetic
EMPRESI-ASF-0000803,WAHIS-ASF-ROU-2020-07-13-07,WAHIS,African swine fever,ASF,Romania,ROU,46.766,23.7179,2020-07-14,2020-07-24,2020-08-01,Sus scrofa (wild boar),225,203,confirmed,synthetic
EMPRESI-ASF-0000123,WAHIS-ASF-SRB-2020-06-08-05,WAHIS,African swine fever,ASF,Serbia,SRB,44.3601,20.9649,2020-06-09,2020-07-23,2020-08-01,Sus scrofa domesticus,165,144,confirmed,synthetic
EMPRESI-ASF-0000804,WAHIS-ASF-BGR-2020-07-13-00,WAHIS,African swine fever,ASF,Bulgaria,BGR,42.7784,27.2898,2020-07-17,2020-07-24,2020-08-01,Sus scrofa domesticus,92,80,confirmed,synthetic
EMPRESI-ASF-0000790,WAHIS-ASF-HUN-2020-07-13-07,WAHIS,African swine fever,ASF,Hungary,HUN,46.7495,20.0193,2020-07-17,2020-07-25,2020-08-01,Sus scrofa domesticus,140,122,confirmed,synthetic
EMPRESI-ASF-0000417,WAHIS-ASF-ITA-2020-06-29-03,WAHIS,African swine fever,ASF,Italy,ITA,41.8268,12.3634,2020-06-29,2020-07-22,2020-08-01,Sus scrofa (wild boar),97,80,confirmed,synthetic
EMPRESI-ASF-0000488,WAHIS-ASF-UKR-2020-06-29-04,WAHIS,African swine fever,ASF,Ukraine,UKR,49.8706,34.9815,2020-07-02,2020-07-25,2020-08-01,Sus scrofa domesticus,113,99,confirmed,synthetic
EMPRESI-ASF-0000833,WAHIS-ASF-RUS-2020-07-13-04,WAHIS,African swine fever,ASF,Russian Federation,RUS,53.9147,43.1025,2020-07-15,2020-07-23,2020-08-01,Sus scrofa domesticus,159,141,confirmed,synthetic
EMPRESI-ASF-0000609,WAHIS-ASF-POL-2020-07-06-09,WAHIS,African swine fever,ASF,Poland,POL,54.5124,18.4774,2020-07-12,2020-07-25,2020-08-02,Sus scrofa domesticus,249,222,confirmed,synthetic
EMPRESI-ASF-0000271,WAHIS-ASF-NLD-2020-06-22-13,WAHIS,African swine fever,ASF,Netherlands,NLD,51.8444,6.7939,2020-06-28,2020-07-24,2020-08-02,Sus scrofa domesticus,3,3,confirmed,synthetic
EMPRESI-ASF-0000712,WAHIS-ASF-FRA-2020-07-13-14,WAHIS,African swine fever,ASF,France,FRA,49.3344,4.7233,2020-07-17,2020-07-26,2020-08-02,Sus scrofa (wild boar),82,75,confirmed,synthetic
EMPRESI-ASF-0000714,WAHIS-ASF-FRA-2020-07-13-16,WAHIS,African swine fever,ASF,France,FRA,47.5258,-2.4875,2020-07-17,2020-07-27,2020-08-02,Sus scrofa (wild boar),94,82,confirmed,synthetic
EMPRESI-ASF-0000672,WAHIS-ASF-MDA-2020-07-06-03,WAHIS,African swine fever,ASF,Moldova,MDA,46.3683,28.0816,2020-07-07,2020-07-24,2020-08-02,Sus scrofa domesticus,249,220,confirmed,synthetic
EMPRESI-ASF-0000723,WAHIS-ASF-DEU-2020-07-13-08,WAHIS,African swine fever,ASF,Germany,DEU,49.9355,8.3105,2020-07-18,2020-07-22,2020-08-02,Sus scrofa domesticus,80,69,confirmed,synthetic
EMPRESI-ASF-0000724,WAHIS-ASF-DEU-2020-07-13-09,WAHIS,African swine fever,ASF,Germany,DEU,49.8982,9.5205,2020-07-16,2020-07-28,2020-08-02,Sus scrofa (wild boar),218,193,confirmed,synthetic
EMPRESI-ASF-0000591,WAHIS-ASF-ITA-2020-07-06-12,WAHIS,African swine fever,ASF,Italy,ITA,43.6675,14.2277,2020-07-11,2020-07-24,2020-08-02,Sus scrofa domesticus,14,12,confirmed,synthetic
EMPRESI-ASF-0000748,WAHIS-ASF-BEL-2020-07-13-08,WAHIS,African swine fever,ASF,Belgium,BEL,49.9259,4.8392,2020-07-16,2020-07-25,2020-08-02,Sus scrofa (wild boar),30,25,confirmed,synthetic
EMPRESI-ASF-0000749,WAHIS-ASF-BEL-2020-07-13-09,WAHIS,African swine fever,ASF,Belgium,BEL,50.7198,5.1243,2020-07-16,2020-07-28,2020-08-02,Sus scrofa (wild boar),96,83,confirmed,synthetic
EMPRESI-ASF-0000739,WAHIS-ASF-NLD-2020-07-13-12,WAHIS,African swine fever,ASF,Netherlands,NLD,51.9989,4.4437,2020-07-16,2020-07-24,2020-08-02,Sus scrofa domesticus,310,276,confirmed,synthetic
EMPRESI-ASF-0000854,WAHIS-ASF-FRA-2020-07-20-04,WAHIS,African swine fever,ASF,France,FRA,48.6452,5.1969,2020-07-21,2020-07-29,2020-08-03,Sus scrofa (wild boar),84,75,confirmed,synthetic
EMPRESI-ASF-0000849,WAHIS-ASF-TUN-2020-07-13-01,WAHIS,African swine fever,ASF,Tunisia,TUN,35.7972,9.5639,2020-07-19,2020-07-28,2020-08-03,Sus scrofa domesticus,76,69,confirmed,synthetic
EMPRESI-ASF-0000802,WAHIS-ASF-ROU-2020-07-13-06,WAHIS,African swine fever,ASF,Romania,ROU,45.6989,26.6422,2020-07-13,2020-07-29,2020-08-03,Sus scrofa domesticus,204,173,confirmed,synthetic
EMPRESI-ASF-0000265,WAHIS-ASF-NLD-2020-06-22-07,WAHIS,African swine fever,ASF,Netherlands,NLD,52.1384,5.9872,2020-06-28,2020-07-29,2020-08-03,Sus scrofa domesticus,195,177,confirmed,synthetic
EMPRESI-ASF-0000836,WAHIS-ASF-RUS-2020-07-13-07,WAHIS,African swine fever,ASF,Russian Federation,RUS,55.0516,48.5952,2020-07-13,2020-07-24,2020-08-03,Sus scrofa (wild boar),57,51,confirmed,synthetic
EMPRESI-ASF-0000875,WAHIS-ASF-NLD-2020-07-20-07,WAHIS,African swine fever,ASF,Netherlands,NLD,52.9977,6.2104,2020-07-22,2020-07-24,2020-08-03,Sus scrofa domesticus,433,377,confirmed,synthetic
EMPRESI-ASF-0000705,WAHIS-ASF-FRA-2020-07-13-07,WAHIS,African swine fever,ASF,France,FRA,44.4394,-1.0759,2020-07-17,2020-07-29,2020-08-03,Sus scrofa (wild boar),207,178,confirmed,synthetic
EMPRESI-ASF-0000695,WAHIS-ASF-ISR-2020-07-06-00,WAHIS,African swine fever,ASF,Israel,ISR,32.0895,35.1977,2020-07-07,2020-07-26,2020-08-03,Sus scrofa (wild boar),153,131,confirmed,synthetic
EMPRESI-ASF-0000518,WAHIS-ASF-ISR-2020-06-29-01,WAHIS,African swine fever,ASF,Israel,ISR,31.8702,34.4354,2020-07-05,2020-07-24,2020-08-03,Sus scrofa (wild boar),59,54,confirmed,synthetic
EMPRESI-ASF-0000785,WAHIS-ASF-HUN-2020-07-13-02,WAHIS,African swine fever,ASF,Hungary,HUN,48.0365,20.6587,2020-07-15,2020-07-23,2020-08-03,Sus scrofa domesticus,65,54,confirmed,synthetic
EMPRESI-ASF-0000523,WAHIS-ASF-FRA-2020-07-06-02,WAHIS,African swine fever,ASF,France,FRA,47.7935,4.6435,2020-07-09,2020-07-25,2020-08-03,Sus scrofa (wild boar),115,93,confirmed,synthetic
EMPRESI-ASF-0000639,WAHIS-ASF-ROU-2020-07-06-07,WAHIS,African swine fever,ASF,Romania,ROU,46.1795,24.5005,2020-07-10,2020-07-22,2020-08-03,Sus scrofa (wild boar),13,11,confirmed,synthetic
EMPRESI-ASF-0000692,WAHIS-ASF-GEO-2020-07-06-03,WAHIS,African swine fever,ASF,Georgia,GEO,41.7801,41.6844,2020-07-10,2020-07-28,2020-08-03,Sus scrofa domesticus,217,190,confirmed,synthetic
EMPRESI-ASF-0000940,WAHIS-ASF-SRB-2020-07-20-04,WAHIS,African swine fever,ASF,Serbia,SRB,43.2654,21.6817,2020-07-23,2020-07-29,2020-08-03,Sus scrofa (wild boar),31,29,confirmed,synthetic
EMPRESI-ASF-0000586,WAHIS-ASF-ITA-2020-07-06-07,WAHIS,African swine fever,ASF,Italy,ITA,43.0586,15.8821,2020-07-09,2020-07-25,2020-08-03,Sus scrofa domesticus,203,172,confirmed,synthetic
EMPRESI-ASF-0000424,WAHIS-ASF-ITA-2020-06-29-10,WAHIS,African swine fever,ASF,Italy,ITA,43.0854,13.5104,2020-06-30,2020-07-29,2020-08-04,Sus scrofa (wild boar),163,148,confirmed,synthetic
EMPRESI-ASF-0000057,WAHIS-ASF-POL-2020-06-01-00,WAHIS,African swine fever,ASF,Poland,POL,53.5785,15.5152,2020-06-07,2020-07-29,2020-08-04,Sus scrofa (wild boar),30,29,confirmed,synthetic
EMPRESI-ASF-0000901,WAHIS-ASF-ESP-2020-07-20-03,WAHIS,African swine fever,ASF,Spain,ESP,40.5401,-7.6074,2020-07-26,2020-07-31,2020-08-04,Sus scrofa (wild boar),71,62,confirmed,synthetic
EMPRESI-ASF-0000841,WAHIS-ASF-GEO-2020-07-13-01,WAHIS,African swine fever,ASF,Georgia,GEO,41.9527,44.9334,2020-07-13,2020-07-28,2020-08-04,Sus scrofa (wild boar),14,10,confirmed,synthetic
EMPRESI-HPAI-0000221,WAHIS-HPAI-TUR-2020-07-06-00,WAHIS,High pathogenicity avian influenza,HPAI,Türkiye,TUR,36.5204,33.8372,2020-07-07,2020-07-28,2020-08-04,Cygnus olor (wild),4896,2596,confirmed,synthetic
EMPRESI-ASF-0000857,WAHIS-ASF-FRA-2020-07-20-07,WAHIS,African swine fever,ASF,France,FRA,47.9939,-0.1108,2020-07-21,2020-07-28,2020-08-04,Sus scrofa domesticus,110,100,confirmed,synthetic
EMPRESI-ASF-0000336,WAHIS-ASF-BGR-2020-06-22-03,WAHIS,African swine fever,ASF,Bulgaria,BGR,42.6271,24.1717,2020-06-28,2020-07-28,2020-08-04,Sus scrofa domesticus,110,99,confirmed,synthetic
EMPRESI-ASF-0000914,WAHIS-ASF-HUN-2020-07-20-01,WAHIS,African swine fever,ASF,Hungary,HUN,46.7037,18.244,2020-07-23,2020-07-29,2020-08-04,Sus scrofa domesticus,84,74,confirmed,synthetic
EMPRESI-ASF-0000713,WAHIS-ASF-FRA-2020-07-13-15,WAHIS,African swine fever,ASF,France,FRA,45.6006,3.0904,2020-07-19,2020-07-27,2020-08-05,Sus scrofa domesticus,134,114,confirmed,synthetic
EMPRESI-ASF-0000753,WAHIS-ASF-ITA-2020-07-13-00,WAHIS,African swine fever,ASF,Italy,ITA,41.4555,9.4491,2020-07-13,2020-07-28,2020-08-05,Sus scrofa domesticus,476,423,confirmed,synthetic
EMPRESI-ASF-0000946,WAHIS-ASF-MDA-2020-07-20-01,WAHIS,African swine fever,ASF,Moldova,MDA,47.3864,28.3168,2020-07-20,2020-07-29,2020-08-05,Sus scrofa domesticus,74,61,confirmed,synthetic
EMPRESI-ASF-0000708,WAHIS-ASF-FRA-2020-07-13-10,WAHIS,African swine fever,ASF,France,FRA,48.6965,5.1915,2020-07-14,2020-07-28,2020-08-05,Sus scrofa (wild boar),120,101,confirmed,synthetic
EMPRESI-ASF-0000945,WAHIS-ASF-MDA-2020-07-20-00,WAHIS,African swine fever,ASF,Moldova,MDA,47.3002,28.9563,2020-07-26,2020-08-01,2020-08-05,Sus scrofa (wild boar),41,36,confirmed,synthetic
EMPRESI-ASF-0000476,WAHIS-ASF-SRB-2020-06-29-04,WAHIS,African swine fever,ASF,Serbia,SRB,44.2304,21.0249,2020-07-01,2020-07-28,2020-08-05,Sus scrofa (wild boar),161,140,confirmed,synthetic
EMPRESI-ASF-0000550,WAHIS-ASF-NLD-2020-07-06-07,WAHIS,African swine fever,ASF,Netherlands,NLD,51.2665,5.6442,2020-07-10,2020-07-25,2020-08-05,Sus scrofa domesticus,18,15,confirmed,synthetic
EMPRESI-ASF-0000796,WAHIS-ASF-ROU-2020-07-13-00,WAHIS,African swine fever,ASF,Romania,ROU,46.206,28.3436,2020-07-19,2020-07-30,2020-08-05,Sus scrofa domesticus,69,64,confirmed,synthetic
EMPRESI-ASF-0000734,WAHIS-ASF-NLD-2020-07-13-07,WAHIS,African swine fever,ASF,Netherlands,NLD,51.5836,6.3161,2020-07-19,2020-07-29,2020-08-05,Sus scrofa (wild boar),154,136,confirmed,synthetic
EMPRESI-ASF-0000859,WAHIS-ASF-FRA-2020-07-20-09,WAHIS,African swine fever,ASF,France,FRA,44.5129,6.4833,2020-07-23,2020-07-25,2020-08-05,Sus scrofa (wild boar),166,142,confirmed,synthetic
EMPRESI-ASF-0000758,WAHIS-ASF-ITA-2020-07-13-05,WAHIS,African swine fever,ASF,Italy,ITA,42.9608,14.0721,2020-07-19,2020-07-23,2020-08-05,Sus scrofa (wild boar),38,30,confirmed,synthetic
EMPRESI-ASF-0000688,WAHIS-ASF-TUR-2020-07-06-02,WAHIS,African swine fever,ASF,Türkiye,TUR,38.1659,32.0483,2020-07-09,2020-07-28,2020-08-05,Sus scrofa (wild boar),68,54,confirmed,synthetic
EMPRESI-ASF-0000549,WAHIS-ASF-NLD-2020-07-06-06,WAHIS,African swine fever,ASF,Netherlands,NLD,52.4084,6.3499,2020-07-12,2020-07-30,2020-08-05,Sus scrofa (wild boar),5,5,confirmed,synthetic
EMPRESI-ASF-0000516,WAHIS-ASF-GEO-2020-06-29-03,WAHIS,African swine fever,ASF,Georgia,GEO,41.6295,43.4894,2020-07-04,2020-08-03,2020-08-06,Sus scrofa domesticus,174,146,confirmed,synthetic
EMPRESI-ASF-0000986,WAHIS-ASF-NLD-2020-07-27-04,WAHIS,African swine fever,ASF,Netherlands,NLD,52.3146,4.8043,2020-07-27,2020-07-29,2020-08-06,Sus scrofa (wild boar),76,72,confirmed,synthetic
EMPRESI-ASF-0000561,WAHIS-ASF-NLD-2020-07-06-18,WAHIS,African swine fever,ASF,Netherlands,NLD,52.8749,6.6735,2020-07-11,2020-07-31,2020-08-06,Sus scrofa domesticus,21,17,confirmed,synthetic
EMPRESI-ASF-0000718,WAHIS-ASF-DEU-2020-07-13-03,WAHIS,African swine fever,ASF,Germany,DEU,50.5524,14.1597,2020-07-18,2020-07-31,2020-08-06,Sus scrofa domesticus,4,4,confirmed,synthetic
EMPRESI-ASF-0000892,WAHIS-ASF-ITA-2020-07-20-05,WAHIS,African swine fever,ASF,Italy,ITA,44.0552,12.1927,2020-07-20,2020-07-26,2020-08-06,Sus scrofa domesticus,119,100,confirmed,synthetic
EMPRESI-ASF-0000604,WAHIS-ASF-POL-2020-07-06-04,WAHIS,African swine fever,ASF,Poland,POL,53.5456,22.04,2020-07-10,2020-07-29,2020-08-06,Sus scrofa domesticus,110,98,confirmed,synthetic
EMPRESI-ASF-0000896,WAHIS-ASF-ITA-2020-07-20-09,WAHIS,African swine fever,ASF,Italy,ITA,40.6598,11.4865,2020-07-22,2020-07-28,2020-08-06,Sus scrofa domesticus,97,91,confirmed,synthetic
EMPRESI-ASF-0000687,WAHIS-ASF-TUR-2020-07-06-01,WAHIS,African swine fever,ASF,Türkiye,TUR,40.3943,33.6284,2020-07-10,2020-08-01,2020-08-06,Sus scrofa domesticus,55,48,confirmed,synthetic
EMPRESI-ASF-0000762,WAHIS-ASF-ITA-2020-07-13-09,WAHIS,African swine fever,ASF,Italy,ITA,40.8117,14.0798,2020-07-16,2020-07-28,2020-08-06,Sus scrofa (wild boar),46,40,confirmed,synthetic
EMPRESI-ASF-0000928,WAHIS-ASF-ROU-2020-07-20-08,WAHIS,African swine fever,ASF,Romania,ROU,47.161,26.6421,2020-07-20,2020-08-01,2020-08-06,Sus scrofa domesticus,31,27,confirmed,synthetic
EMPRESI-ASF-0000738,WAHIS-ASF-NLD-2020-07-13-11,WAHIS,African swine fever,ASF,Netherlands,NLD,52.6055,5.9338,2020-07-15,2020-07-30,2020-08-06,Sus scrofa domesticus,131,115,confirmed,synthetic
EMPRESI-ASF-0000761,WAHIS-ASF-ITA-2020-07-13-08,WAHIS,African swine fever,ASF,Italy,ITA,41.4497,15.3478,2020-07-18,2020-07-27,2020-08-06,Sus scrofa (wild boar),198,167,confirmed,synthetic
EMPRESI-ASF-0000720,WAHIS-ASF-DEU-2020-07-13-05,WAHIS,African swine fever,ASF,Germany,DEU,50.5955,13.7879,2020-07-15,2020-07-25,2020-08-06,Sus scrofa domesticus,75,66,confirmed,synthetic
EMPRESI-ASF-0000235,WAHIS-ASF-GEO-2020-06-15-02,WAHIS,African swine fever,ASF,Georgia,GEO,42.0602,41.8875,2020-06-21,2020-07-26,2020-08-06,Sus scrofa (wild boar),93,83,confirmed,synthetic
EMPRESI-ASF-0000801,WAHIS-ASF-ROU-2020-07-13-05,WAHIS,African swine fever,ASF,Romania,ROU,46.7255,22.5774,2020-07-15,2020-07-24,2020-08-06,Sus scrofa domesticus,45,40,confirmed,synthetic
EMPRESI-ASF-0000727,WAHIS-ASF-NLD-2020-07-13-00,WAHIS,African swine fever,ASF,Netherlands,NLD,51.4959,6.3967,2020-07-16,2020-07-28,2020-08-06,Sus scrofa domesticus,111,96,confirmed,synthetic
EMPRESI-ASF-0000665,WAHIS-ASF-UKR-2020-07-06-06,WAHIS,African swine fever,ASF,Ukraine,UKR,50.9743,31.5779,2020-07-10,2020-07-29,2020-08-06,Sus scrofa (wild boar),16,15,confirmed,synthetic
EMPRESI-ASF-0000716,WAHIS-ASF-DEU-2020-07-13-01,WAHIS,African swine fever,ASF,Germany,DEU,50.1963,6.8986,2020-07-14,2020-07-31,2020-08-06,Sus scrofa (wild boar),141,128,confirmed,synthetic
EMPRESI-ASF-0000353,WAHIS-ASF-RUS-2020-06-22-00,WAHIS,African swine fever,ASF,Russian Federation,RUS,59.7168,48.3931,2020-06-26,2020-07-25,2020-08-06,Sus scrofa domesticus,68,62,confirmed,synthetic
EMPRESI-ASF-0000905,WAHIS-ASF-POL-2020-07-20-03,WAHIS,African swine fever,ASF,Poland,POL,50.5513,16.0432,2020-07-20,2020-07-29,2020-08-07,Sus scrofa domesticus,176,159,confirmed,synthetic
EMPRESI-ASF-0000845,WAHIS-ASF-ISR-2020-07-13-00,WAHIS,African swine fever,ASF,Israel,ISR,30.8816,34.5505,2020-07-14,2020-07-31,2020-08-07,Sus scrofa domesticus,16,13,confirmed,synthetic
EMPRESI-ASF-0000937,WAHIS-ASF-SRB-2020-07-20-01,WAHIS,African swine fever,ASF,Serbia,SRB,44.1251,22.3299,2020-07-25,2020-07-29,2020-08-07,Sus scrofa (wild boar),331,280,confirmed,synthetic
EMPRESI-ASF-0000510,WAHIS-ASF-TUR-2020-06-29-05,WAHIS,African swine fever,ASF,Türkiye,TUR,42.4085,35.662,2020-07-02,2020-08-02,2020-08-07,Sus scrofa (wild boar),73,68,confirmed,synthetic
EMPRESI-ASF-0000893,WAHIS-ASF-ITA-2020-07-20-06,WAHIS,African swine fever,ASF,Italy,ITA,42.2455,11.3357,2020-07-20,2020-07-27,2020-08-07,Sus scrofa domesticus,141,127,confirmed,synthetic
EMPRESI-ASF-0000895,WAHIS-ASF-ITA-2020-07-20-08,WAHIS,African swine fever,ASF,Italy,ITA,41.8639,10.4072,2020-07-22,2020-07-29,2020-08-07,Sus scrofa domesticus,164,141,confirmed,synthetic
EMPRESI-ASF-0000754,WAHIS-ASF-ITA-2020-07-13-01,WAHIS,African swine fever,ASF,Italy,ITA,45.2155,11.6536,2020-07-14,2020-07-28,2020-08-07,Sus scrofa (wild boar),22,19,confirmed,synthetic
EMPRESI-ASF-0000526,WAHIS-ASF-FRA-2020-07-06-05,WAHIS,African swine fever,ASF,France,FRA,43.7891,-0.3568,2020-07-11,2020-07-30,2020-08-07,Sus scrofa (wild boar),75,66,confirmed,synthetic
EMPRESI-ASF-0000920,WAHIS-ASF-ROU-2020-07-20-00,WAHIS,African swine fever,ASF,Romania,ROU,43.8121,23.898,2020-07-21,2020-08-01,2020-08-07,Sus scrofa domesticus,106,91,confirmed,synthetic
EMPRESI-ASF-0000321,WAHIS-ASF-HUN-2020-06-22-01,WAHIS,African swine fever,ASF,Hungary,HUN,48.1345,19.9575,2020-06-22,2020-07-26,2020-08-07,Sus scrofa (wild boar),110,97,confirmed,synthetic
EMPRESI-ASF-0000656,WAHIS-ASF-SRB-2020-07-06-05,WAHIS,African swine fever,ASF,Serbia,SRB,43.1181,19.3102,2020-07-12,2020-07-31,2020-08-07,Sus scrofa domesticus,62,54,confirmed,synthetic
EMPRESI-ASF-0000719,WAHIS-ASF-DEU-2020-07-13-04,WAHIS,African swine fever,ASF,Germany,DEU,52.7354,8.6847,2020-07-17,2020-08-02,2020-08-07,Sus scrofa domesticus,40,39,confirmed,synthetic
EMPRESI-ASF-0000887,WAHIS-ASF-ITA-2020-07-20-00,WAHIS,African swine fever,ASF,Italy,ITA,40.4685,12.3485,2020-07-24,2020-07-30,2020-08-07,Sus scrofa domesticus,109,99,confirmed,synthetic
EMPRESI-ASF-0000757,WAHIS-ASF-ITA-2020-07-13-04,WAHIS,African swine fever,ASF,Italy,ITA,43.8728,9.7034,2020-07-18,2020-07-31,2020-08-07,Sus scrofa (wild boar),57,47,confirmed,synthetic
EMPRESI-ASF-0000651,WAHIS-ASF-SRB-2020-07-06-00,WAHIS,African swine fever,ASF,Serbia,SRB,44.6976,19.9018,2020-07-07,2020-07-31,2020-08-08,Sus scrofa (wild boar),45,40,confirmed,synthetic
EMPRESI-ASF-0000815,WAHIS-ASF-BGR-2020-07-13-11,WAHIS,African swine fever,ASF,Bulgaria,BGR,43.7104,27.076,2020-07-15,2020-07-28,2020-08-08,Sus scrofa domesticus,168,147,confirmed,synthetic
EMPRESI-ASF-0000444,WAHIS-ASF-POL-2020-06-29-06,WAHIS,African swine fever,ASF,Poland,POL,52.6556,16.7642,2020-07-04,2020-07-26,2020-08-08,Sus scrofa domesticus,187,168,confirmed,synthetic
EMPRESI-ASF-0000805,WAHIS-ASF-BGR-2020-07-13-01,WAHIS,African swine fever,ASF,Bulgaria,BGR,44.344,24.8948,2020-07-17,2020-07-28,2020-08-08,Sus scrofa (wild boar),127,106,confirmed,synthetic
EMPRESI-ASF-0000891,WAHIS-ASF-ITA-2020-07-20-04,WAHIS,African swine fever,ASF,Italy,ITA,43.7212,13.5765,2020-07-21,2020-07-30,2020-08-08,Sus scrofa domesticus,234,200,confirmed,synthetic
EMPRESI-ASF-0000725,WAHIS-ASF-DEU-2020-07-13-10,WAHIS,African swine fever,ASF,Germany,DEU,51.2552,6.5086,2020-07-16,2020-07-31,2020-08-08,Sus scrofa domesticus,102,87,confirmed,synthetic
EMPRESI-ASF-0000861,WAHIS-ASF-FRA-2020-07-20-11,WAHIS,African swine fever,ASF,France,FRA,45.0612,-2.2551,2020-07-24,2020-07-31,2020-08-08,Sus scrofa (wild boar),324,301,confirmed,synthetic
EMPRESI-ASF-0000233,WAHIS-ASF-GEO-2020-06-15-00,WAHIS,African swine fever,ASF,Georgia,GEO,42.5473,42.1358,2020-06-21,2020-07-30,2020-08-08,Sus scrofa domesticus,204,185,confirmed,synthetic
EMPRESI-ASF-0000855,WAHIS-ASF-FRA-2020-07-20-05,WAHIS,African swine fever,ASF,France,FRA,47.5103,1.6482,2020-07-26,2020-08-01,2020-08-08,Sus scrofa (wild boar),43,40,confirmed,synthetic
EMPRESI-ASF-0000659,WAHIS-ASF-UKR-2020-07-06-00,WAHIS,African swine fever,ASF,Ukraine,UKR,48.0819,31.642,2020-07-10,2020-07-26,2020-08-08,Sus scrofa (wild boar),114,104,confirmed,synthetic
EMPRESI-ASF-0000703,WAHIS-ASF-FRA-2020-07-13-05,WAHIS,African swine fever,ASF,France,FRA,43.7113,4.0175,2020-07-13,2020-07-27,2020-08-08,Sus scrofa domesticus,131,120,confirmed,synthetic
EMPRESI-ASF-0000538,WAHIS-ASF-DEU-2020-07-06-07,WAHIS,African swine fever,ASF,Germany,DEU,51.2583,6.4368,2020-07-12,2020-07-27,2020-08-08,Sus scrofa domesticus,81,74,confirmed,synthetic
EMPRESI-ASF-0000848,WAHIS-ASF-TUN-2020-07-13-00,WAHIS,African swine fever,ASF,Tunisia,TUN,34.9163,9.8367,2020-07-19,2020-08-02,2020-08-08,Sus scrofa (wild boar),56,49,confirmed,synthetic
EMPRESI-ASF-0000846,WAHIS-ASF-ISR-2020-07-13-01,WAHIS,African swine fever,ASF,Israel,ISR,31.4457,35.3677,2020-07-19,2020-07-28,2020-08-08,Sus scrofa domesticus,239,214,confirmed,synthetic
EMPRESI-ASF-0000974,WAHIS-ASF-DEU-2020-07-27-02,WAHIS,African swine fever,ASF,Germany,DEU,50.1126,14.1936,2020-07-28,2020-08-03,2020-08-08,Sus scrofa domesticus,259,235,confirmed,synthetic
EMPRESI-ASF-0000461,WAHIS-ASF-ROU-2020-06-29-06,WAHIS,African swine fever,ASF,Romania,ROU,44.3734,24.9605,2020-07-01,2020-07-30,2020-08-08,Sus scrofa (wild boar),46,37,confirmed,synthetic
EMPRESI-ASF-0000653,WAHIS-ASF-SRB-2020-07-06-02,WAHIS,African swine fever,ASF,Serbia,SRB,45.1252,20.603,2020-07-06,2020-08-02,2020-08-08,Sus scrofa domesticus,280,257,confirmed,synthetic
EMPRESI-ASF-0000959,WAHIS-ASF-GEO-2020-07-20-01,WAHIS,African swine fever,ASF,Georgia,GEO,42.1727,42.1629,2020-07-26,2020-08-05,2020-08-09,Sus scrofa domesticus,99,89,confirmed,synthetic
EMPRESI-ASF-0000850,WAHIS-ASF-FRA-2020-07-20-00,WAHIS,African swine fever,ASF,France,FRA,49.2021,-1.1265,2020-07-25,2020-08-02,2020-08-09,Sus scrofa domesticus,48,44,confirmed,synthetic
EMPRESI-ASF-0000876,WAHIS-ASF-NLD-2020-07-20-08,WAHIS,African swine fever,ASF,Netherlands,NLD,51.9267,6.1216,2020-07-23,2020-07-30,2020-08-09,Sus scrofa (wild boar),150,131,confirmed,synthetic
EMPRESI-ASF-0000952,WAHIS-ASF-RUS-2020-07-20-01,WAHIS,African swine fever,ASF,Russian Federation,RUS,53.8111,46.208,2020-07-21,2020-07-28,2020-08-09,Sus scrofa (wild boar),2,2,confirmed,synthetic
EMPRESI-ASF-0000888,WAHIS-ASF-ITA-2020-07-20-01,WAHIS,African swine fever,ASF,Italy,ITA,44.3912,12.9237,2020-07-22,2020-08-03,2020-08-09,Sus scrofa domesticus,82,71,confirmed,synthetic
EMPRESI-ASF-0000976,WAHIS-ASF-DEU-2020-07-27-04,WAHIS,African swine fever,ASF,Germany,DEU,53.6495,11.7082,2020-07-28,2020-08-03,2020-08-09,Sus scrofa domesticus,145,127,confirmed,synthetic
EMPRESI-ASF-0000485,WAHIS-ASF-UKR-2020-06-29-01,WAHIS,African swine fever,ASF,Ukraine,UKR,46.3519,33.3305,2020-07-05,2020-08-04,2020-08-09,Sus scrofa domesticus,54,49,confirmed,synthetic
EMPRESI-ASF-0000679,WAHIS-ASF-RUS-2020-07-06-04,WAHIS,African swine fever,ASF,Russian Federation,RUS,53.3787,43.7209,2020-07-12,2020-07-31,2020-08-09,Sus scrofa domesticus,79,69,confirmed,synthetic
EMPRESI-ASF-0000490,WAHIS-ASF-UKR-2020-06-29-06,WAHIS,African swine fever,ASF,Ukraine,UKR,47.8507,34.6976,2020-07-05,2020-07-31,2020-08-09,Sus scrofa domesticus,100,88,confirmed,synthetic
EMPRESI-ASF-0000383,WAHIS-ASF-DEU-2020-06-29-06,WAHIS,African swine fever,ASF,Germany,DEU,50.7702,12.2065,2020-07-05,2020-08-02,2020-08-09,Sus scrofa domesticus,77,72,confirmed,synthetic
EMPRESI-ASF-0000600,WAHIS-ASF-POL-2020-07-06-00,WAHIS,African swine fever,ASF,Poland,POL,50.5737,17.2407,2020-07-09,2020-07-26,2020-08-09,Sus scrofa domesticus,107,97,confirmed,synthetic
EMPRESI-ASF-0000594,WAHIS-ASF-ESP-2020-07-06-01,WAHIS,African swine fever,ASF,Spain,ESP,38.4832,-6.8424,2020-07-09,2020-07-28,2020-08-09,Sus scrofa (wild boar),101,86,confirmed,synthetic
EMPRESI-ASF-0000736,WAHIS-ASF-NLD-2020-07-13-09,WAHIS,African swine fever,ASF,Netherlands,NLD,52.1997,7.031,2020-07-19,2020-07-31,2020-08-09,Sus scrofa domesticus,209,172,confirmed,synthetic
EMPRESI-ASF-0001017,WAHIS-ASF-HUN-2020-07-27-05,WAHIS,African swine fever,ASF,Hungary,HUN,47.6307,21.1689,2020-07-30,2020-08-05,2020-08-10,Sus scrofa domesticus,134,120,confirmed,synthetic
EMPRESI-ASF-0000882,WAHIS-ASF-BEL-2020-07-20-05,WAHIS,African swine fever,ASF,Belgium,BEL,50.0187,4.8028,2020-07-20,2020-08-02,2020-08-10,Sus scrofa domesticus,128,114,confirmed,synthetic
EMPRESI-ASF-0000610,WAHIS-ASF-POL-2020-07-06-10,WAHIS,African swine fever,ASF,Poland,POL,52.8586,19.0608,2020-07-09,2020-07-29,2020-08-10,Sus scrofa (wild boar),1,1,confirmed,synthetic
EMPRESI-ASF-0000418,WAHIS-ASF-ITA-2020-06-29-04,WAHIS,African swine fever,ASF,Italy,ITA,43.8316,11.5498,2020-07-02,2020-08-01,2020-08-10,Sus scrofa domesticus,56,53,confirmed,synthetic
EMPRESI-ASF-0000682,WAHIS-ASF-RUS-2020-07-06-07,WAHIS,African swine fever,ASF,Russian Federation,RUS,52.7986,34.8902,2020-07-09,2020-08-07,2020-08-10,Sus scrofa (wild boar),137,116,confirmed,synthetic
EMPRESI-ASF-0000978,WAHIS-ASF-DEU-2020-07-27-06,WAHIS,African swine fever,ASF,Germany,DEU,49.1827,12.604,2020-07-28,2020-08-06,2020-08-10,Sus scrofa domesticus,112,98,confirmed,synthetic
EMPRESI-ASF-0000869,WAHIS-ASF-NLD-2020-07-20-01,WAHIS,African swine fever,ASF,Netherlands,NLD,51.267,6.0064,2020-07-22,2020-07-30,2020-08-10,Sus scrofa (wild boar),186,169,confirmed,synthetic
EMPRESI-ASF-0000732,WAHIS-ASF-NLD-2020-07-13-05,WAHIS,African swine fever,ASF,Netherlands,NLD,52.4999,6.8393,2020-07-14,2020-08-02,2020-08-10,Sus scrofa (wild boar),79,71,confirmed,synthetic
EMPRESI-ASF-0000512,WAHIS-ASF-TUR-2020-06-29-07,WAHIS,African swine fever,ASF,Türkiye,TUR,36.161,32.1419,2020-07-04,2020-08-02,2020-08-10,Sus scrofa domesticus,3,3,confirmed,synthetic
EMPRESI-ASF-0000505,WAHIS-ASF-TUR-2020-06-29-00,WAHIS,African swine fever,ASF,Türkiye,TUR,41.7721,31.1434,2020-07-04,2020-08-01,2020-08-10,Sus scrofa domesticus,129,114,confirmed,synthetic
EMPRESI-ASF-0000851,WAHIS-ASF-FRA-2020-07-20-01,WAHIS,African swine fever,ASF,France,FRA,47.6818,4.3081,2020-07-25,2020-08-03,2020-08-10,Sus scrofa (wild boar),114,93,confirmed,synthetic
EMPRESI-ASF-0000556,WAHIS-ASF-NLD-2020-07-06-13,WAHIS,African swine fever,ASF,Netherlands,NLD,52.8159,5.6934,2020-07-10,2020-08-01,2020-08-10,Sus scrofa (wild boar),37,32,confirmed,synthetic
EMPRESI-ASF-0000997,WAHIS-ASF-BEL-2020-07-27-06,WAHIS,African swine fever,ASF,Belgium,BEL,50.5767,3.9097,2020-07-31,2020-08-04,2020-08-10,Sus scrofa domesticus,16,13,confirmed,synthetic
EMPRESI-ASF-0000983,WAHIS-ASF-NLD-2020-07-27-01,WAHIS,African swine fever,ASF,Netherlands,NLD,52.5047,6.9218,2020-07-29,2020-08-04,2020-08-10,Sus scrofa domesticus,39,34,confirmed,synthetic
EMPRESI-ASF-0000451,WAHIS-ASF-HUN-2020-06-29-03,WAHIS,African swine fever,ASF,Hungary,HUN,46.8186,20.2978,2020-06-30,2020-08-05,2020-08-11,Sus scrofa domesticus,199,176,confirmed,synthetic
EMPRESI-ASF-0000202,WAHIS-ASF-ROU-2020-06-15-02,WAHIS,African swine fever,ASF,Romania,ROU,47.6158,24.5526,2020-06-17,2020-08-03,2020-08-11,Sus scrofa (wild boar),350,304,confirmed,synthetic
EMPRESI-ASF-0000961,WAHIS-ASF-TUN-2020-07-20-00,WAHIS,African swine fever,ASF,Tunisia,TUN,35.4874,11.0077,2020-07-20,2020-07-31,2020-08-11,Sus scrofa (wild boar),36,34,confirmed,synthetic
EMPRESI-ASF-0000884,WAHIS-ASF-BEL-2020-07-20-07,WAHIS,African swine fever,ASF,Belgium,BEL,50.9116,4.0065,2020-07-21,2020-08-03,2020-08-11,Sus scrofa (wild boar),288,250,confirmed,synthetic
EMPRESI-ASF-0000913,WAHIS-ASF-HUN-2020-07-20-00,WAHIS,African swine fever,ASF,Hungary,HUN,47.9248,20.3952,2020-07-23,2020-08-04,2020-08-11,Sus scrofa (wild boar),68,59,confirmed,synthetic
EMPRESI-ASF-0000837,WAHIS-ASF-RUS-2020-07-13-08,WAHIS,African swine fever,ASF,Russian Federation,RUS,51.7268,42.8634,2020-07-15,2020-07-31,2020-08-11,Sus scrofa domesticus,331,288,confirmed,synthetic
EMPRESI-ASF-0000750,WAHIS-ASF-BEL-2020-07-13-10,WAHIS,African swine fever,ASF,Belgium,BEL,49.7546,4.9271,2020-07-19,2020-08-06,2020-08-11,Sus scrofa (wild boar),95,83,confirmed,synthetic
EMPRESI-ASF-0000726,WAHIS-ASF-DEU-2020-07-13-11,WAHIS,African swine fever,ASF,Germany,DEU,51.7082,14.0812,2020-07-13,2020-08-04,2020-08-11,Sus scrofa domesticus,112,102,confirmed,synthetic
EMPRESI-ASF-0000745,WAHIS-ASF-BEL-2020-07-13-05,WAHIS,African swine fever,ASF,Belgium,BEL,49.9221,4.7801,2020-07-17,2020-08-03,2020-08-11,Sus scrofa domesticus,75,71,confirmed,synthetic
EMPRESI-ASF-0000988,WAHIS-ASF-NLD-2020-07-27-06,WAHIS,African swine fever,ASF,Netherlands,NLD,51.9042,6.7884,2020-07-29,2020-08-05,2020-08-11,Sus scrofa domesticus,53,47,confirmed,synthetic
EMPRESI-ASF-0000865,WAHIS-ASF-DEU-2020-07-20-02,WAHIS,African swine fever,ASF,Germany,DEU,50.088,7.841,2020-07-21,2020-08-04,2020-08-11,Sus scrofa (wild boar),44,38,confirmed,synthetic
EMPRESI-ASF-0000927,WAHIS-ASF-ROU-2020-07-20-07,WAHIS,African swine fever,ASF,Romania,ROU,45.6731,22.705,2020-07-21,2020-08-07,2020-08-12,Sus scrofa domesticus,537,476,confirmed,synthetic
EMPRESI-ASF-0000547,WAHIS-ASF-NLD-2020-07-06-04,WAHIS,African swine fever,ASF,Netherlands,NLD,51.7975,6.2631,2020-07-11,2020-08-06,2020-08-12,Sus scrofa (wild boar),63,62,confirmed,synthetic
EMPRESI-ASF-0000960,WAHIS-ASF-ISR-2020-07-20-00,WAHIS,African swine fever,ASF,Israel,ISR,30.8392,35.4767,2020-07-25,2020-08-02,2020-08-12,Sus scrofa domesticus,22,20,confirmed,synthetic
EMPRESI-ASF-0000909,WAHIS-ASF-POL-2020-07-20-07,WAHIS,African swine fever,ASF,Poland,POL,52.0724,20.9306,2020-07-25,2020-08-01,2020-08-12,Sus scrofa domesticus,43,39,confirmed,synthetic
EMPRESI-ASF-0000907,WAHIS-ASF-POL-2020-07-20-05,WAHIS,African swine fever,ASF,Poland,POL,54.9101,19.4964,2020-07-24,2020-08-03,2020-08-12,Sus scrofa domesticus,82,69,confirmed,synthetic
EMPRESI-ASF-0000617,WAHIS-ASF-POL-2020-07-06-17,WAHIS,African swine fever,ASF,Poland,POL,51.8209,19.7545,2020-07-12,2020-08-03,2020-08-12,Sus scrofa domesticus,23,19,confirmed,synthetic
EMPRESI-ASF-0000624,WAHIS-ASF-HUN-2020-07-06-02,WAHIS,African swine fever,ASF,Hungary,HUN,47.2668,21.4312,2020-07-06,2020-08-03,2020-08-12,Sus scrofa domesticus,21,21,confirmed,synthetic
EMPRESI-ASF-0000631,WAHIS-ASF-HUN-2020-07-06-09,WAHIS,African swine fever,ASF,Hungary,HUN,46.3225,19.2369,2020-07-10,2020-08-08,2020-08-12,Sus scrofa domesticus,30,25,confirmed,synthetic
EMPRESI-ASF-0000900,WAHIS-ASF-ESP-2020-07-20-02,WAHIS,African swine fever,ASF,Spain,ESP,42.2231,-2.9939,2020-07-25,2020-08-04,2020-08-12,Sus scrofa (wild boar),51,46,confirmed,synthetic
EMPRESI-ASF-0000816,WAHIS-ASF-SRB-2020-07-13-00,WAHIS,African swine fever,ASF,Serbia,SRB,44.0592,19.1329,2020-07-15,2020-08-04,2020-08-12,Sus scrofa (wild boar),60,53,confirmed,synthetic
EMPRESI-ASF-0000658,WAHIS-ASF-SRB-2020-07-06-07,WAHIS,African swine fever,ASF,Serbia,SRB,44.0988,20.1443,2020-07-08,2020-08-07,2020-08-12,Sus scrofa domesticus,54,42,confirmed,synthetic
EMPRESI-ASF-0000709,WAHIS-ASF-FRA-2020-07-13-11,WAHIS,African swine fever,ASF,France,FRA,45.3143,0.6776,2020-07-15,2020-07-31,2020-08-12,Sus scrofa domesticus,234,206,confirmed,synthetic
EMPRESI-ASF-0000818,WAHIS-ASF-SRB-2020-07-13-02,WAHIS,African swine fever,ASF,Serbia,SRB,44.0514,19.036,2020-07-19,2020-08-04,2020-08-12,Sus scrofa domesticus,63,59,confirmed,synthetic
EMPRESI-ASF-0000741,WAHIS-ASF-BEL-2020-07-13-01,WAHIS,African swine fever,ASF,Belgium,BEL,50.256,3.8714,2020-07-18,2020-08-03,2020-08-12,Sus scrofa (wild boar),226,199,confirmed,synthetic
EMPRESI-ASF-0000881,WAHIS-ASF-BEL-2020-07-20-04,WAHIS,African swine fever,ASF,Belgium,BEL,50.2896,5.7297,2020-07-22,2020-08-04,2020-08-12,Sus scrofa (wild boar),58,49,confirmed,synthetic
EMPRESI-ASF-0001036,WAHIS-ASF-SRB-2020-07-27-03,WAHIS,African swine fever,ASF,Serbia,SRB,43.1714,22.1265,2020-07-27,2020-08-07,2020-08-12,Sus scrofa domesticus,12,9,confirmed,synthetic
EMPRESI-ASF-0001033,WAHIS-ASF-SRB-2020-07-27-00,WAHIS,African swine fever,ASF,Serbia,SRB,43.9347,19.2904,2020-08-01,2020-08-04,2020-08-12,Sus scrofa (wild boar),10,8,confirmed,synthetic
EMPRESI-ASF-0000870,WAHIS-ASF-NLD-2020-07-20-02,WAHIS,African swine fever,ASF,Netherlands,NLD,52.4521,6.9783,2020-07-21,2020-08-03,2020-08-12,Sus scrofa (wild boar),129,117,confirmed,synthetic
EMPRESI-ASF-0000779,WAHIS-ASF-POL-2020-07-13-06,WAHIS,African swine fever,ASF,Poland,POL,52.4847,19.2173,2020-07-14,2020-08-06,2020-08-13,Sus scrofa (wild boar),14,10,confirmed,synthetic
EMPRESI-ASF-0001001,WAHIS-ASF-ITA-2020-07-27-03,WAHIS,African swine fever,ASF,Italy,ITA,41.2859,10.8417,2020-08-01,2020-08-07,2020-08-13,Sus scrofa domesticus,39,34,confirmed,synthetic
EMPRESI-ASF-0000294,WAHIS-ASF-ITA-2020-06-22-07,WAHIS,African swine fever,ASF,Italy,ITA,43.3583,9.3846,2020-06-23,2020-08-05,2020-08-13,Sus scrofa (wild boar),60,55,confirmed,synthetic
EMPRESI-ASF-0000573,WAHIS-ASF-BEL-2020-07-06-11,WAHIS,African swine fever,ASF,Belgium,BEL,49.8065,4.6354,2020-07-06,2020-08-05,2020-08-13,Sus scrofa domesticus,193,158,confirmed,synthetic
EMPRESI-ASF-0000995,WAHIS-ASF-BEL-2020-07-27-04,WAHIS,African swine fever,ASF,Belgium,BEL,51.0489,3.7774,2020-07-31,2020-08-07,2020-08-13,Sus scrofa domesticus,213,192,confirmed,synthetic
EMPRESI-ASF-0000529,WAHIS-ASF-FRA-2020-07-06-08,WAHIS,African swine fever,ASF,France,FRA,44.5146,-0.1049,2020-07-08,2020-08-07,2020-08-13,Sus scrofa (wild boar),143,132,confirmed,synthetic
EMPRESI-ASF-0000998,WAHIS-ASF-ITA-2020-07-27-00,WAHIS,African swine fever,ASF,Italy,ITA,43.7553,14.8726,2020-07-27,2020-08-03,2020-08-13,Sus scrofa domesticus,126,107,confirmed,synthetic
EMPRESI-ASF-0000791,WAHIS-ASF-HUN-2020-07-13-08,WAHIS,African swine fever,ASF,Hungary,HUN,47.9939,18.1783,2020-07-16,2020-07-31,2020-08-13,Sus scrofa domesticus,85,74,confirmed,synthetic
EMPRESI-ASF-0000814,WAHIS-ASF-BGR-2020-07-13-10,WAHIS,African swine fever,ASF,Bulgaria,BGR,42.3498,25.5694,2020-07-19,2020-08-05,2020-08-13,Sus scrofa domesticus,188,164,confirmed,synthetic
EMPRESI-ASF-0000751,WAHIS-ASF-BEL-2020-07-13-11,WAHIS,African swine fever,ASF,Belgium,BEL,50.6916,4.6673,2020-07-16,2020-08-06,2020-08-13,Sus scrofa domesticus,57,51,confirmed,synthetic
EMPRESI-ASF-0000746,WAHIS-ASF-BEL-2020-07-13-06,WAHIS,African swine fever,ASF,Belgium,BEL,50.4181,5.2165,2020-07-19,2020-08-05,2020-08-13,Sus scrofa (wild boar),223,196,confirmed,synthetic
EMPRESI-ASF-0001025,WAHIS-ASF-ROU-2020-07-27-06,WAHIS,African swine fever,ASF,Romania,ROU,44.7565,27.5945,2020-07-28,2020-08-09,2020-08-13,Sus scrofa domesticus,67,60,confirmed,synthetic
EMPRESI-ASF-0000667,WAHIS-ASF-UKR-2020-07-06-08,WAHIS,African swine fever,ASF,Ukraine,UKR,49.8929,36.4869,2020-07-06,2020-08-06,2020-08-13,Sus scrofa domesticus,300,264,confirmed,synthetic
EMPRESI-ASF-0000880,WAHIS-ASF-BEL-2020-07-20-03,WAHIS,African swine fever,ASF,Belgium,BEL,51.0333,3.4168,2020-07-21,2020-08-03,2020-08-13,Sus scrofa (wild boar),48,42,confirmed,synthetic
EMPRESI-ASF-0000918,WAHIS-ASF-HUN-2020-07-20-05,WAHIS,African swine fever,ASF,Hungary,HUN,47.543,20.2732,2020-07-21,2020-08-01,2020-08-13,Sus scrofa domesticus,202,172,confirmed,synthetic
EMPRESI-ASF-0000447,WAHIS-ASF-POL-2020-06-29-09,WAHIS,African swine fever,ASF,Poland,POL,54.0187,20.9208,2020-07-02,2020-08-03,2020-08-13,Sus scrofa (wild boar),152,138,confirmed,synthetic
EMPRESI-ASF-0000626,WAHIS-ASF-HUN-2020-07-06-04,WAHIS,African swine fever,ASF,Hungary,HUN,48.2248,20.6527,2020-07-07,2020-08-07,2020-08-13,Sus scrofa (wild boar),198,175,confirmed,synthetic
EMPRESI-ASF-0000607,WAHIS-ASF-POL-2020-07-06-07,WAHIS,African swine fever,ASF,Poland,POL,53.6264,22.8356,2020-07-06,2020-08-04,2020-08-13,Sus scrofa domesticus,250,214,confirmed,synthetic
EMPRESI-ASF-0000889,WAHIS-ASF-ITA-2020-07-20-02,WAHIS,African swine fever,ASF,Italy,ITA,42.1392,13.5065,2020-07-20,2020-08-06,2020-08-13,Sus scrofa domesticus,206,184,confirmed,synthetic
EMPRESI-ASF-0000923,WAHIS-ASF-ROU-2020-07-20-03,WAHIS,African swine fever,ASF,Romania,ROU,45.093,25.416,2020-07-22,2020-08-07,2020-08-14,Sus scrofa domesticus,95,86,confirmed,synthetic
EMPRESI-ASF-0000972,WAHIS-ASF-DEU-2020-07-27-00,WAHIS,African swine fever,ASF,Germany,DEU,49.8338,10.1177,2020-07-29,2020-08-08,2020-08-14,Sus scrofa (wild boar),17,14,confirmed,synthetic
EMPRESI-ASF-0000813,WAHIS-ASF-BGR-2020-07-13-09,WAHIS,African swine fever,ASF,Bulgaria,BGR,44.2796,25.8414,2020-07-13,2020-08-10,2020-08-14,Sus scrofa (wild boar),156,135,confirmed,synthetic
EMPRESI-ASF-0000786,WAHIS-ASF-HUN-2020-07-13-03,WAHIS,African swine fever,ASF,Hungary,HUN,46.5479,20.1169,2020-07-15,2020-08-04,2020-08-14,Sus scrofa domesticus,106,96,confirmed,synthetic
EMPRESI-ASF-0000625,WAHIS-ASF-HUN-2020-07-06-03,WAHIS,African swine fever,ASF,Hungary,HUN,47.674,17.9684,2020-07-06,2020-08-04,2020-08-14,Sus scrofa (wild boar),26,24,confirmed,synthetic
EMPRESI-ASF-0000677,WAHIS-ASF-RUS-2020-07-06-02,WAHIS,African swine fever,ASF,Russian Federation,RUS,57.4063,43.8422,2020-07-09,2020-08-05,2020-08-14,Sus scrofa domesticus,32,27,confirmed,synthetic
EMPRESI-ASF-0000885,WAHIS-ASF-BEL-2020-07-20-08,WAHIS,African swine fever,ASF,Belgium,BEL,50.1834,4.5424,2020-07-25,2020-08-04,2020-08-14,Sus scrofa domesticus,204,182,confirmed,synthetic
EMPRESI-ASF-0000883,WAHIS-ASF-BEL-2020-07-20-06,WAHIS,African swine fever,ASF,Belgium,BEL,50.5073,5.4478,2020-07-20,2020-08-03,2020-08-14,Sus scrofa domesticus,33,29,confirmed,synthetic
EMPRESI-ASF-0000744,WAHIS-ASF-BEL-2020-07-13-04,WAHIS,African swine fever,ASF,Belgium,BEL,50.1162,5.543,2020-07-18,2020-07-29,2020-08-14,Sus scrofa (wild boar),465,418,confirmed,synthetic
EMPRESI-ASF-0000856,WAHIS-ASF-FRA-2020-07-20-06,WAHIS,African swine fever,ASF,France,FRA,44.5916,-0.9167,2020-07-24,2020-08-08,2020-08-14,Sus scrofa domesticus,117,108,confirmed,synthetic
EMPRESI-ASF-0000922,WAHIS-ASF-ROU-2020-07-20-02,WAHIS,African swine fever,ASF,Romania,ROU,43.4936,25.6612,2020-07-25,2020-08-02,2020-08-14,Sus scrofa domesticus,51,49,confirmed,synthetic
EMPRESI-ASF-0000731,WAHIS-ASF-NLD-2020-07-13-04,WAHIS,African swine fever,ASF,Netherlands,NLD,52.8888,6.7162,2020-07-15,2020-08-03,2020-08-14,Sus scrofa domesticus,170,149,confirmed,synthetic
EMPRESI-ASF-0000780,WAHIS-ASF-POL-2020-07-13-07,WAHIS,African swine fever,ASF,Poland,POL,51.8551,15.7202,2020-07-18,2020-08-05,2020-08-14,Sus scrofa domesticus,150,128,confirmed,synthetic
EMPRESI-ASF-0000862,WAHIS-ASF-FRA-2020-07-20-12,WAHIS,African swine fever,ASF,France,FRA,46.1653,3.9303,2020-07-20,2020-08-08,2020-08-14,Sus scrofa (wild boar),219,195,confirmed,synthetic
EMPRESI-ASF-0000943,WAHIS-ASF-UKR-2020-07-20-01,WAHIS,African swine fever,ASF,Ukraine,UKR,46.1075,33.38,2020-07-21,2020-08-08,2020-08-14,Sus scrofa domesticus,397,356,confirmed,synthetic
EMPRESI-ASF-0000121,WAHIS-ASF-SRB-2020-06-08-03,WAHIS,African swine fever,ASF,Serbia,SRB,44.9034,19.2434,2020-06-10,2020-08-04,2020-08-14,Sus scrofa (wild boar),13,13,confirmed,synthetic
EMPRESI-ASF-0001010,WAHIS-ASF-POL-2020-07-27-02,WAHIS,African swine fever,ASF,Poland,POL,49.3718,18.6567,2020-08-02,2020-08-07,2020-08-14,Sus scrofa domesticus,12,11,confirmed,synthetic
EMPRESI-ASF-0000993,WAHIS-ASF-BEL-2020-07-27-02,WAHIS,African swine fever,ASF,Belgium,BEL,51.1141,4.4591,2020-07-31,2020-08-07,2020-08-14,Sus scrofa (wild boar),125,109,confirmed,synthetic
EMPRESI-ASF-0001092,WAHIS-ASF-ITA-2020-08-03-04,WAHIS,African swine fever,ASF,Italy,ITA,41.4679,10.9304,2020-08-03,2020-08-07,2020-08-14,Sus scrofa domesticus,41,38,confirmed,synthetic
EMPRESI-ASF-0001014,WAHIS-ASF-HUN-2020-07-27-02,WAHIS,African swine fever,ASF,Hungary,HUN,46.9385,21.2498,2020-07-28,2020-08-08,2020-08-14,Sus scrofa (wild boar),287,252,confirmed,synthetic
EMPRESI-ASF-0001029,WAHIS-ASF-BGR-2020-07-27-00,WAHIS,African swine fever,ASF,Bulgaria,BGR,43.6184,23.9754,2020-07-30,2020-08-07,2020-08-14,Sus scrofa domesticus,47,42,confirmed,synthetic
EMPRESI-ASF-0000728,WAHIS-ASF-NLD-2020-07-13-01,WAHIS,African swine fever,ASF,Netherlands,NLD,51.6129,4.3523,2020-07-19,2020-08-10,2020-08-15,Sus scrofa domesticus,21,19,confirmed,synthetic
EMPRESI-ASF-0000174,WAHIS-ASF-ITA-2020-06-15-08,WAHIS,African swine fever,ASF,Italy,ITA,41.1111,9.9661,2020-06-16,2020-08-02,2020-08-15,Sus scrofa (wild boar),39,32,confirmed,synthetic
EMPRESI-ASF-0001007,WAHIS-ASF-ESP-2020-07-27-04,WAHIS,African swine fever,ASF,Spain,ESP,41.3566,-6.7955,2020-08-01,2020-08-10,2020-08-15,Sus scrofa (wild boar),93,81,confirmed,synthetic
EMPRESI-ASF-0000539,WAHIS-ASF-DEU-2020-07-06-08,WAHIS,African swine fever,ASF,Germany,DEU,50.199,9.1876,2020-07-09,2020-08-07,2020-08-15,Sus scrofa domesticus,97,83,confirmed,synthetic
EMPRESI-ASF-0000984,WAHIS-ASF-NLD-2020-07-27-02,WAHIS,African swine fever,ASF,Netherlands,NLD,51.7075,6.4881,2020-07-31,2020-08-06,2020-08-15,Sus scrofa domesticus,78,64,confirmed,synthetic
EMPRESI-ASF-0000499,WAHIS-ASF-RUS-2020-06-29-03,WAHIS,African swine fever,ASF,Russian Federation,RUS,51.8353,35.3037,2020-07-03,2020-08-06,2020-08-15,Sus scrofa (wild boar),6,6,confirmed,synthetic
EMPRESI-ASF-0000921,WAHIS-ASF-ROU-2020-07-20-01,WAHIS,African swine fever,ASF,Romania,ROU,46.4077,27.186,2020-07-25,2020-08-08,2020-08-15,Sus scrofa (wild boar),194,171,confirmed,synthetic
EMPRESI-ASF-0001006,WAHIS-ASF-ESP-2020-07-27-03,WAHIS,African swine fever,ASF,Spain,ESP,39.481,-2.7186,2020-07-27,2020-08-09,2020-08-16,Sus scrofa (wild boar),121,102,confirmed,synthetic
EMPRESI-ASF-0001047,WAHIS-ASF-RUS-2020-07-27-06,WAHIS,African swine fever,ASF,Russian Federation,RUS,54.0557,48.4994,2020-08-01,2020-08-10,2020-08-16,Sus scrofa domesticus,133,116,confirmed,synthetic
EMPRESI-ASF-0000890,WAHIS-ASF-ITA-2020-07-20-03,WAHIS,African swine fever,ASF,Italy,ITA,44.1752,14.9016,2020-07-24,2020-08-08,2020-08-16,Sus scrofa domesticus,178,151,confirmed,synthetic
EMPRESI-ASF-0000877,WAHIS-ASF-BEL-2020-07-20-00,WAHIS,African swine fever,ASF,Belgium,BEL,50.2955,4.7972,2020-07-20,2020-08-07,2020-08-16,Sus scrofa domesticus,269,241,confirmed,synthetic
EMPRESI-ASF-0000982,WAHIS-ASF-NLD-2020-07-27-00,WAHIS,African swine fever,ASF,Netherlands,NLD,52.9823,5.5851,2020-07-27,2020-08-11,2020-08-16,Sus scrofa domesticus,126,108,confirmed,synthetic
EMPRESI-ASF-0000473,WAHIS-ASF-SRB-2020-06-29-01,WAHIS,African swine fever,ASF,Serbia,SRB,44.4249,22.7507,2020-07-03,2020-08-03,2020-08-16,Sus scrofa domesticus,320,285,confirmed,synthetic
EMPRESI-ASF-0000981,WAHIS-ASF-DEU-2020-07-27-09,WAHIS,African swine fever,ASF,Germany,DEU,50.9553,14.3376,2020-07-27,2020-08-06,2020-08-16,Sus scrofa domesticus,187,160,confirmed,synthetic
EMPRESI-ASF-0000962,WAHIS-ASF-FRA-2020-07-27-00,WAHIS,African swine fever,ASF,France,FRA,46.9277,3.691,2020-07-30,2020-08-10,2020-08-16,Sus scrofa (wild boar),113,101,confirmed,synthetic
EMPRESI-ASF-0000916,WAHIS-ASF-HUN-2020-07-20-03,WAHIS,African swine fever,ASF,Hungary,HUN,46.1461,18.6146,2020-07-24,2020-08-06,2020-08-16,Sus scrofa (wild boar),66,58,confirmed,synthetic
EMPRESI-ASF-0000897,WAHIS-ASF-ITA-2020-07-20-10,WAHIS,African swine fever,ASF,Italy,ITA,42.9987,9.0492,2020-07-24,2020-08-08,2020-08-16,Sus scrofa (wild boar),67,61,confirmed,synthetic
EMPRESI-ASF-0001050,WAHIS-ASF-TUR-2020-07-27-00,WAHIS,African swine fever,ASF,Türkiye,TUR,42.2633,35.0535,2020-08-01,2020-08-07,2020-08-16,Sus scrofa domesticus,85,76,confirmed,synthetic
EMPRESI-ASF-0000899,WAHIS-ASF-ESP-2020-07-20-01,WAHIS,African swine fever,ASF,Spain,ESP,42.7796,-5.0715,2020-07-20,2020-08-09,2020-08-17,Sus scrofa (wild boar),187,169,confirmed,synthetic
EMPRESI-ASF-0001013,WAHIS-ASF-HUN-2020-07-27-01,WAHIS,African swine fever,ASF,Hungary,HUN,46.8105,18.6964,2020-08-02,2020-08-10,2020-08-17,Sus scrofa domesticus,32,27,confirmed,synthetic
EMPRESI-ASF-0000910,WAHIS-ASF-POL-2020-07-20-08,WAHIS,African swine fever,ASF,Poland,POL,52.9249,23.4672,2020-07-25,2020-08-06,2020-08-17,Sus scrofa domesticus,88,80,confirmed,synthetic
EMPRESI-ASF-0001132,WAHIS-ASF-TUR-2020-08-03-03,WAHIS,African swine fever,ASF,Türkiye,TUR,39.6825,39.4161,2020-08-03,2020-08-09,2020-08-17,Sus scrofa domesticus,143,125,confirmed,synthetic
EMPRESI-ASF-0001138,WAHIS-ASF-EGY-2020-08-03-01,WAHIS,African swine fever,ASF,Egypt,EGY,24.2328,33.7509,2020-08-04,2020-08-11,2020-08-17,Sus scrofa domesticus,198,183,confirmed,synthetic
EMPRESI-ASF-0000742,WAHIS-ASF-BEL-2020-07-13-02,WAHIS,African swine fever,ASF,Belgium,BEL,50.1301,5.0785,2020-07-18,2020-08-08,2020-08-17,Sus scrofa domesticus,26,22,confirmed,synthetic
EMPRESI-ASF-0000428,WAHIS-ASF-ITA-2020-06-29-14,WAHIS,African swine fever,ASF,Italy,ITA,44.3233,12.5024,2020-06-29,2020-08-08,2020-08-17,Sus scrofa domesticus,43,39,confirmed,synthetic
EMPRESI-ASF-0000641,WAHIS-ASF-ROU-2020-07-06-09,WAHIS,African swine fever,ASF,Romania,ROU,47.8953,24.4341,2020-07-08,2020-08-04,2020-08-17,Sus scrofa (wild boar),81,63,confirmed,synthetic
EMPRESI-ASF-0000616,WAHIS-ASF-POL-2020-07-06-16,WAHIS,African swine fever,ASF,Poland,POL,54.3256,20.5026,2020-07-08,2020-08-11,2020-08-17,Sus scrofa domesticus,41,35,confirmed,synthetic
EMPRESI-ASF-0000563,WAHIS-ASF-BEL-2020-07-06-01,WAHIS,African swine fever,ASF,Belgium,BEL,50.6615,4.2515,2020-07-07,2020-08-09,2020-08-17,Sus scrofa domesticus,7,6,confirmed,synthetic
EMPRESI-ASF-0000199,WAHIS-ASF-HUN-2020-06-15-05,WAHIS,African swine fever,ASF,Hungary,HUN,47.4831,17.6563,2020-06-21,2020-08-12,2020-08-17,Sus scrofa domesticus,77,64,confirmed,synthetic
EMPRESI-ASF-0001054,WAHIS-ASF-ISR-2020-07-27-00,WAHIS,African swine fever,ASF,Israel,ISR,31.8789,35.2264,2020-07-27,2020-08-10,2020-08-17,Sus scrofa domesticus,117,106,confirmed,synthetic
EMPRESI-ASF-0000843,WAHIS-ASF-GEO-2020-07-13-03,WAHIS,African swine fever,ASF,Georgia,GEO,42.4339,44.406,2020-07-18,2020-08-11,2020-08-18,Sus scrofa (wild boar),38,37,confirmed,synthetic
EMPRESI-ASF-0000810,WAHIS-ASF-BGR-2020-07-13-06,WAHIS,African swine fever,ASF,Bulgaria,BGR,43.0678,25.047,2020-07-18,2020-08-09,2020-08-18,Sus scrofa domesticus,54,42,confirmed,synthetic
EMPRESI-ASF-0001035,WAHIS-ASF-SRB-2020-07-27-02,WAHIS,African swine fever,ASF,Serbia,SRB,44.5215,21.7988,2020-07-30,2020-08-11,2020-08-18,Sus scrofa domesticus,47,41,confirmed,synthetic
EMPRESI-ASF-0001026,WAHIS-ASF-ROU-2020-07-27-07,WAHIS,African swine fever,ASF,Romania,ROU,44.4112,26.3643,2020-07-28,2020-08-08,2020-08-18,Sus scrofa (wild boar),58,52,confirmed,synthetic
EMPRESI-ASF-0000722,WAHIS-ASF-DEU-2020-07-13-07,WAHIS,African swine fever,ASF,Germany,DEU,49.4199,7.8949,2020-07-14,2020-08-12,2020-08-18,Sus scrofa domesticus,91,78,confirmed,synthetic
EMPRESI-ASF-0000408,WAHIS-ASF-BEL-2020-06-29-07,WAHIS,African swine fever,ASF,Belgium,BEL,51.4279,4.8095,2020-07-03,2020-08-11,2020-08-18,Sus scrofa domesticus,40,38,confirmed,synthetic
EMPRESI-ASF-0000496,WAHIS-ASF-RUS-2020-06-29-00,WAHIS,African swine fever,ASF,Russian Federation,RUS,55.6517,37.6672,2020-07-01,2020-08-11,2020-08-18,Sus scrofa domesticus,77,61,confirmed,synthetic
EMPRESI-ASF-0000975,WAHIS-ASF-DEU-2020-07-27-03,WAHIS,African swine fever,ASF,Germany,DEU,49.1988,8.3296,2020-07-31,2020-08-10,2020-08-18,Sus scrofa (wild boar),38,33,confirmed,synthetic
EMPRESI-ASF-0000987,WAHIS-ASF-NLD-2020-07-27-05,WAHIS,African swine fever,ASF,Netherlands,NLD,51.6822,5.068,2020-07-28,2020-08-09,2020-08-18,Sus scrofa domesticus,131,119,confirmed,synthetic
EMPRESI-ASF-0000971,WAHIS-ASF-FRA-2020-07-27-09,WAHIS,African swine fever,ASF,France,FRA,48.5734,1.9287,2020-07-28,2020-08-08,2020-08-18,Sus scrofa (wild boar),180,159,confirmed,synthetic
EMPRESI-ASF-0000964,WAHIS-ASF-FRA-2020-07-27-02,WAHIS,African swine fever,ASF,France,FRA,46.7359,-2.6236,2020-07-29,2020-08-09,2020-08-18,Sus scrofa domesticus,35,33,confirmed,synthetic
EMPRESI-ASF-0001002,WAHIS-ASF-ITA-2020-07-27-04,WAHIS,African swine fever,ASF,Italy,ITA,45.3929,12.5057,2020-07-31,2020-08-11,2020-08-18,Sus scrofa (wild boar),63,59,confirmed,synthetic
EMPRESI-ASF-0001112,WAHIS-ASF-ROU-2020-08-03-05,WAHIS,African swine fever,ASF,Romania,ROU,45.3014,28.2829,2020-08-04,2020-08-12,2020-08-19,Sus scrofa domesticus,44,40,confirmed,synthetic
EMPRESI-ASF-0000858,WAHIS-ASF-FRA-2020-07-20-08,WAHIS,African swine fever,ASF,France,FRA,48.8509,5.3713,2020-07-20,2020-08-09,2020-08-19,Sus scrofa domesticus,130,118,confirmed,synthetic
EMPRESI-ASF-0001055,WAHIS-ASF-ISR-2020-07-27-01,WAHIS,African swine fever,ASF,Israel,ISR,31.4782,35.6687,2020-08-01,2020-08-12,2020-08-19,Sus scrofa (wild boar),76,64,confirmed,synthetic
EMPRESI-ASF-0000852,WAHIS-ASF-FRA-2020-07-20-02,WAHIS,African swine fever,ASF,France,FRA,46.9162,3.7396,2020-07-22,2020-08-13,2020-08-19,Sus scrofa (wild boar),56,49,confirmed,synthetic
EMPRESI-ASF-0000992,WAHIS-ASF-BEL-2020-07-27-01,WAHIS,African swine fever,ASF,Belgium,BEL,50.4192,5.5994,2020-08-02,2020-08-08,2020-08-19,Sus scrofa (wild boar),524,456,confirmed,synthetic
EMPRESI-ASF-0000426,WAHIS-ASF-ITA-2020-06-29-12,WAHIS,African swine fever,ASF,Italy,ITA,44.4153,9.5291,2020-07-05,2020-08-10,2020-08-19,Sus scrofa domesticus,219,188,confirmed,synthetic
EMPRESI-ASF-0000950,WAHIS-ASF-MDA-2020-07-20-05,WAHIS,African swine fever,ASF,Moldova,MDA,46.709,27.6503,2020-07-24,2020-08-10,2020-08-19,Sus scrofa domesticus,52,47,confirmed,synthetic
EMPRESI-ASF-0000671,WAHIS-ASF-MDA-2020-07-06-02,WAHIS,African swine fever,ASF,Moldova,MDA,47.8449,28.5619,2020-07-12,2020-08-12,2020-08-19,Sus scrofa (wild boar),121,106,confirmed,synthetic
EMPRESI-ASF-0000958,WAHIS-ASF-GEO-2020-07-20-00,WAHIS,African swine fever,ASF,Georgia,GEO,43.17,43.2241,2020-07-22,2020-08-14,2020-08-19,Sus scrofa (wild boar),141,123,confirmed,synthetic
EMPRESI-ASF-0001093,WAHIS-ASF-ESP-2020-08-03-00,WAHIS,African swine fever,ASF,Spain,ESP,42.4776,-6.5581,2020-08-03,2020-08-11,2020-08-19,Sus scrofa domesticus,103,92,confirmed,synthetic
EMPRESI-ASF-0000949,WAHIS-ASF-MDA-2020-07-20-04,WAHIS,African swine fever,ASF,Moldova,MDA,47.0038,28.9992,2020-07-26,2020-08-08,2020-08-19,Sus scrofa (wild boar),26,24,confirmed,synthetic
EMPRESI-ASF-0000798,WAHIS-ASF-ROU-2020-07-13-02,WAHIS,African swine fever,ASF,Romania,ROU,45.6292,27.7413,2020-07-18,2020-08-13,2020-08-19,Sus scrofa (wild boar),195,168,confirmed,synthetic
EMPRESI-ASF-0000799,WAHIS-ASF-ROU-2020-07-13-03,WAHIS,African swine fever,ASF,Romania,ROU,46.4323,22.141,2020-07-18,2020-08-10,2020-08-19,Sus scrofa (wild boar),132,121,confirmed,synthetic
EMPRESI-ASF-0000700,WAHIS-ASF-FRA-2020-07-13-02,WAHIS,African swine fever,ASF,France,FRA,49.4258,-0.5681,2020-07-18,2020-08-02,2020-08-19,Sus scrofa domesticus,235,214,confirmed,synthetic
EMPRESI-ASF-0000991,WAHIS-ASF-BEL-2020-07-27-00,WAHIS,African swine fever,ASF,Belgium,BEL,50.9837,4.0511,2020-08-01,2020-08-12,2020-08-19,Sus scrofa (wild boar),112,104,confirmed,synthetic
EMPRESI-ASF-0000740,WAHIS-ASF-BEL-2020-07-13-00,WAHIS,African swine fever,ASF,Belgium,BEL,50.4582,4.2258,2020-07-15,2020-08-08,2020-08-19,Sus scrofa domesticus,153,135,confirmed,synthetic
EMPRESI-ASF-0000661,WAHIS-ASF-UKR-2020-07-06-02,WAHIS,African swine fever,ASF,Ukraine,UKR,49.2048,35.5726,2020-07-06,2020-08-13,2020-08-19,Sus scrofa domesticus,180,166,confirmed,synthetic
EMPRESI-ASF-0000806,WAHIS-ASF-BGR-2020-07-13-02,WAHIS,African swine fever,ASF,Bulgaria,BGR,43.1385,26.5578,2020-07-17,2020-08-10,2020-08-19,Sus scrofa (wild boar),109,94,confirmed,synthetic
EMPRESI-ASF-0000904,WAHIS-ASF-POL-2020-07-20-02,WAHIS,African swine fever,ASF,Poland,POL,51.6439,17.0302,2020-07-25,2020-08-15,2020-08-19,Sus scrofa (wild boar),67,61,confirmed,synthetic
EMPRESI-ASF-0000908,WAHIS-ASF-POL-2020-07-20-06,WAHIS,African swine fever,ASF,Poland,POL,53.2648,21.8132,2020-07-22,2020-08-14,2020-08-19,Sus scrofa (wild boar),139,123,confirmed,synthetic
EMPRESI-ASF-0001022,WAHIS-ASF-ROU-2020-07-27-03,WAHIS,African swine fever,ASF,Romania,ROU,45.688,22.6192,2020-08-02,2020-08-11,2020-08-19,Sus scrofa (wild boar),289,253,confirmed,synthetic
EMPRESI-ASF-0000929,WAHIS-ASF-BGR-2020-07-20-00,WAHIS,African swine fever,ASF,Bulgaria,BGR,41.7788,25.271,2020-07-26,2020-08-10,2020-08-19,Sus scrofa domesticus,63,55,confirmed,synthetic
EMPRESI-ASF-0000237,WAHIS-ASF-MAR-2020-06-15-00,WAHIS,African swine fever,ASF,Morocco,MAR,30.6354,-9.6369,2020-06-19,2020-08-09,2020-08-19,Sus scrofa domesticus,24,19,confirmed,synthetic
EMPRESI-ASF-0000630,WAHIS-ASF-HUN-2020-07-06-08,WAHIS,African swine fever,ASF,Hungary,HUN,47.4093,21.703,2020-07-07,2020-08-12,2020-08-20,Sus scrofa domesticus,240,218,confirmed,synthetic
EMPRESI-ASF-0000838,WAHIS-ASF-RUS-2020-07-13-09,WAHIS,African swine fever,ASF,Russian Federation,RUS,55.0774,45.7956,2020-07-18,2020-08-13,2020-08-20,Sus scrofa domesticus,205,175,confirmed,synthetic
EMPRESI-ASF-0001088,WAHIS-ASF-ITA-2020-08-03-00,WAHIS,African swine fever,ASF,Italy,ITA,42.5287,12.8767,2020-08-08,2020-08-10,2020-08-20,Sus scrofa (wild boar),37,34,confirmed,synthetic
EMPRESI-ASF-0000866,WAHIS-ASF-DEU-2020-07-20-03,WAHIS,African swine fever,ASF,Germany,DEU,53.4997,13.0839,2020-07-24,2020-08-13,2020-08-20,Sus scrofa domesticus,143,133,confirmed,synthetic
EMPRESI-ASF-0000733,WAHIS-ASF-NLD-2020-07-13-06,WAHIS,African swine fever,ASF,Netherlands,NLD,51.8341,4.7391,2020-07-19,2020-08-11,2020-08-20,Sus scrofa (wild boar),78,71,confirmed,synthetic
EMPRESI-ASF-0001046,WAHIS-ASF-RUS-2020-07-27-05,WAHIS,African swine fever,ASF,Russian Federation,RUS,60.7833,39.5771,2020-07-30,2020-08-08,2020-08-20,Sus scrofa domesticus,61,55,confirmed,synthetic
EMPRESI-ASF-0000186,WAHIS-ASF-POL-2020-06-15-04,WAHIS,African swine fever,ASF,Poland,POL,54.4122,21.5633,2020-06-17,2020-08-13,2020-08-20,Sus scrofa (wild boar),135,113,confirmed,synthetic
EMPRESI-ASF-0000996,WAHIS-ASF-BEL-2020-07-27-05,WAHIS,African swine fever,ASF,Belgium,BEL,50.4643,5.4157,2020-08-01,2020-08-11,2020-08-20,Sus scrofa (wild boar),70,63,confirmed,synthetic
EMPRESI-ASF-0000593,WAHIS-ASF-ESP-2020-07-06-00,WAHIS,African swine fever,ASF,Spain,ESP,38.8141,-2.1847,2020-07-12,2020-08-11,2020-08-20,Sus scrofa domesticus,193,163,confirmed,synthetic
EMPRESI-ASF-0001027,WAHIS-ASF-ROU-2020-07-27-08,WAHIS,African swine fever,ASF,Romania,ROU,46.1762,23.95,2020-07-31,2020-08-14,2020-08-20,Sus scrofa (wild boar),18,18,confirmed,synthetic
EMPRESI-ASF-0001041,WAHIS-ASF-RUS-2020-07-27-00,WAHIS,African swine fever,ASF,Russian Federation,RUS,53.0484,48.4706,2020-07-28,2020-08-14,2020-08-20,Sus scrofa domesticus,251,231,confirmed,synthetic
EMPRESI-ASF-0000431,WAHIS-ASF-ESP-2020-06-29-02,WAHIS,African swine fever,ASF,Spain,ESP,40.994,-6.5783,2020-07-05,2020-08-08,2020-08-20,Sus scrofa (wild boar),26,20,confirmed,synthetic
EMPRESI-ASF-0001028,WAHIS-ASF-ROU-2020-07-27-09,WAHIS,African swine fever,ASF,Romania,ROU,47.4562,27.0541,2020-07-31,2020-08-14,2020-08-21,Sus scrofa (wild boar),67,62,confirmed,synthetic
EMPRESI-ASF-0000979,WAHIS-ASF-DEU-2020-07-27-07,WAHIS,African swine fever,ASF,Germany,DEU,49.6367,7.6877,2020-07-27,2020-08-10,2020-08-21,Sus scrofa (wild boar),112,94,confirmed,synthetic
EMPRESI-ASF-0001136,WAHIS-ASF-ISR-2020-08-03-01,WAHIS,African swine fever,ASF,Israel,ISR,31.1262,35.7015,2020-08-07,2020-08-13,2020-08-21,Sus scrofa (wild boar),364,321,confirmed,synthetic
EMPRESI-ASF-0000994,WAHIS-ASF-BEL-2020-07-27-03,WAHIS,African swine fever,ASF,Belgium,BEL,50.6957,5.7548,2020-07-31,2020-08-10,2020-08-21,Sus scrofa domesticus,78,72,confirmed,synthetic
EMPRESI-ASF-0000130,WAHIS-ASF-MDA-2020-06-08-01,WAHIS,African swine fever,ASF,Moldova,MDA,46.7143,27.9285,2020-06-10,2020-08-12,2020-08-21,Sus scrofa domesticus,91,81,confirmed,synthetic
EMPRESI-ASF-0000777,WAHIS-ASF-POL-2020-07-13-04,WAHIS,African swine fever,ASF,Poland,POL,54.7719,18.754,2020-07-14,2020-08-11,2020-08-21,Sus scrofa domesticus,181,163,confirmed,synthetic
EMPRESI-ASF-0000819,WAHIS-ASF-SRB-2020-07-13-03,WAHIS,African swine fever,ASF,Serbia,SRB,44.1681,20.106,2020-07-18,2020-08-08,2020-08-21,Sus scrofa domesticus,48,45,confirmed,synthetic
EMPRESI-ASF-0001066,WAHIS-ASF-DEU-2020-08-03-01,WAHIS,African swine fever,ASF,Germany,DEU,48.8039,12.5478,2020-08-04,2020-08-14,2020-08-21,Sus scrofa domesticus,22,19,confirmed,synthetic
EMPRESI-ASF-0001094,WAHIS-ASF-ESP-2020-08-03-01,WAHIS,African swine fever,ASF,Spain,ESP,38.999,-0.4509,2020-08-04,2020-08-14,2020-08-21,Sus scrofa (wild boar),94,74,confirmed,synthetic
EMPRESI-ASF-0000942,WAHIS-ASF-UKR-2020-07-20-00,WAHIS,African swine fever,ASF,Ukraine,UKR,48.2954,37.2693,2020-07-23,2020-08-10,2020-08-21,Sus scrofa domesticus,62,57,confirmed,synthetic
EMPRESI-ASF-0000346,WAHIS-ASF-SRB-2020-06-22-04,WAHIS,African swine fever,ASF,Serbia,SRB,43.6606,18.8621,2020-06-25,2020-08-14,2020-08-22,Sus scrofa domesticus,6,5,confirmed,synthetic
EMPRESI-ASF-0000670,WAHIS-ASF-MDA-2020-07-06-01,WAHIS,African swine fever,ASF,Moldova,MDA,47.0544,27.5112,2020-07-08,2020-08-16,2020-08-22,Sus scrofa (wild boar),108,99,confirmed,synthetic
EMPRESI-ASF-0001101,WAHIS-ASF-POL-2020-08-03-02,WAHIS,African swine fever,ASF,Poland,POL,54.5124,17.3227,2020-08-05,2020-08-16,2020-08-22,Sus scrofa domesticus,147,128,confirmed,synthetic
EMPRESI-ASF-0000811,WAHIS-ASF-BGR-2020-07-13-07,WAHIS,African swine fever,ASF,Bulgaria,BGR,41.8492,24.5907,2020-07-15,2020-08-14,2020-08-22,Sus scrofa (wild boar),1,1,confirmed,synthetic
EMPRESI-ASF-0000825,WAHIS-ASF-MDA-2020-07-13-00,WAHIS,African swine fever,ASF,Moldova,MDA,47.8881,27.8975,2020-07-14,2020-08-16,2020-08-22,Sus scrofa (wild boar),82,71,confirmed,synthetic
EMPRESI-ASF-0000552,WAHIS-ASF-NLD-2020-07-06-09,WAHIS,African swine fever,ASF,Netherlands,NLD,52.3446,5.2113,2020-07-09,2020-08-18,2020-08-22,Sus scrofa domesticus,123,105,confirmed,synthetic
EMPRESI-ASF-0000706,WAHIS-ASF-FRA-2020-07-13-08,WAHIS,African swine fever,ASF,France,FRA,44.7597,1.8918,2020-07-17,2020-08-18,2020-08-23,Sus scrofa (wild boar),69,60,confirmed,synthetic
EMPRESI-ASF-0001100,WAHIS-ASF-POL-2020-08-03-01,WAHIS,African swine fever,ASF,Poland,POL,51.3638,23.2427,2020-08-05,2020-08-13,2020-08-23,Sus scrofa domesticus,72,63,confirmed,synthetic
EMPRESI-ASF-0001186,WAHIS-ASF-BGR-2020-08-10-03,WAHIS,African swine fever,ASF,Bulgaria,BGR,43.2096,24.0955,2020-08-10,2020-08-13,2020-08-23,Sus scrofa (wild boar),19,18,confirmed,synthetic
EMPRESI-ASF-0000977,WAHIS-ASF-DEU-2020-07-27-05,WAHIS,African swine fever,ASF,Germany,DEU,52.9033,7.465,2020-07-31,2020-08-15,2020-08-23,Sus scrofa domesticus,50,41,confirmed,synthetic
EMPRESI-ASF-0001015,WAHIS-ASF-HUN-2020-07-27-03,WAHIS,African swine fever,ASF,Hungary,HUN,45.8644,18.3461,2020-07-27,2020-08-14,2020-08-23,Sus scrofa (wild boar),57,47,confirmed,synthetic
EMPRESI-ASF-0001024,WAHIS-ASF-ROU-2020-07-27-05,WAHIS,African swine fever,ASF,Romania,ROU,46.5956,26.4056,2020-08-02,2020-08-15,2020-08-23,Sus scrofa (wild boar),241,215,confirmed,synthetic
EMPRESI-ASF-0000864,WAHIS-ASF-DEU-2020-07-20-01,WAHIS,African swine fever,ASF,Germany,DEU,51.6897,12.4233,2020-07-26,2020-08-08,2020-08-23,Sus scrofa (wild boar),55,45,confirmed,synthetic
EMPRESI-ASF-0000270,WAHIS-ASF-NLD-2020-06-22-12,WAHIS,African swine fever,ASF,Netherlands,NLD,52.1626,5.2341,2020-06-27,2020-08-12,2020-08-23,Sus scrofa domesticus,130,114,confirmed,synthetic
EMPRESI-ASF-0000774,WAHIS-ASF-POL-2020-07-13-01,WAHIS,African swine fever,ASF,Poland,POL,52.4003,21.0826,2020-07-15,2020-08-14,2020-08-23,Sus scrofa (wild boar),24,21,confirmed,synthetic
EMPRESI-ASF-0001020,WAHIS-ASF-ROU-2020-07-27-01,WAHIS,African swine fever,ASF,Romania,ROU,45.7607,28.3443,2020-07-31,2020-08-16,2020-08-23,Sus scrofa (wild boar),18,16,confirmed,synthetic
EMPRESI-ASF-0000860,WAHIS-ASF-FRA-2020-07-20-10,WAHIS,African swine fever,ASF,France,FRA,45.8976,5.6625,2020-07-20,2020-08-13,2020-08-23,Sus scrofa domesticus,104,89,confirmed,synthetic
EMPRESI-ASF-0000973,WAHIS-ASF-DEU-2020-07-27-01,WAHIS,African swine fever,ASF,Germany,DEU,48.7102,8.447,2020-08-01,2020-08-18,2020-08-24,Sus scrofa (wild boar),58,50,confirmed,synthetic
EMPRESI-ASF-0001012,WAHIS-ASF-HUN-2020-07-27-00,WAHIS,African swine fever,ASF,Hungary,HUN,47.323,19.0845,2020-07-29,2020-08-14,2020-08-24,Sus scrofa domesticus,48,47,confirmed,synthetic
EMPRESI-ASF-0000520,WAHIS-ASF-MAR-2020-06-29-00,WAHIS,African swine fever,ASF,Morocco,MAR,29.1619,-9.4879,2020-07-01,2020-08-16,2020-08-24,Sus scrofa (wild boar),49,44,confirmed,synthetic
EMPRESI-ASF-0000951,WAHIS-ASF-RUS-2020-07-20-00,WAHIS,African swine fever,ASF,Russian Federation,RUS,52.1269,45.5356,2020-07-21,2020-08-17,2020-08-24,Sus scrofa domesticus,145,133,confirmed,synthetic
EMPRESI-ASF-0001119,WAHIS-ASF-SRB-2020-08-03-01,WAHIS,African swine fever,ASF,Serbia,SRB,43.7675,19.5641,2020-08-06,2020-08-16,2020-08-24,Sus scrofa domesticus,28,28,confirmed,synthetic
EMPRESI-ASF-0000504,WAHIS-ASF-RUS-2020-06-29-08,WAHIS,African swine fever,ASF,Russian Federation,RUS,54.4004,36.7524,2020-07-03,2020-08-16,2020-08-24,Sus scrofa (wild boar),73,66,confirmed,synthetic
EMPRESI-ASF-0001149,WAHIS-ASF-NLD-2020-08-10-00,WAHIS,African swine fever,ASF,Netherlands,NLD,51.5889,6.9504,2020-08-11,2020-08-17,2020-08-24,Sus scrofa (wild boar),161,144,confirmed,synthetic
EMPRESI-ASF-0001071,WAHIS-ASF-DEU-2020-08-03-06,WAHIS,African swine fever,ASF,Germany,DEU,53.4484,10.2331,2020-08-08,2020-08-18,2020-08-24,Sus scrofa domesticus,193,168,confirmed,synthetic
EMPRESI-ASF-0000456,WAHIS-ASF-ROU-2020-06-29-01,WAHIS,African swine fever,ASF,Romania,ROU,47.8055,23.7134,2020-07-03,2020-08-20,2020-08-24,Sus scrofa domesticus,73,67,confirmed,synthetic
EMPRESI-ASF-0001079,WAHIS-ASF-NLD-2020-08-03-05,WAHIS,African swine fever,ASF,Netherlands,NLD,52.587,4.7791,2020-08-07,2020-08-20,2020-08-25,Sus scrofa (wild boar),259,221,confirmed,synthetic
EMPRESI-ASF-0001004,WAHIS-ASF-ESP-2020-07-27-01,WAHIS,African swine fever,ASF,Spain,ESP,41.7111,-7.9971,2020-07-30,2020-08-19,2020-08-25,Sus scrofa domesticus,179,163,confirmed,synthetic
EMPRESI-ASF-0001085,WAHIS-ASF-BEL-2020-08-03-05,WAHIS,African swine fever,ASF,Belgium,BEL,50.5496,5.7822,2020-08-06,2020-08-17,2020-08-25,Sus scrofa domesticus,128,119,confirmed,synthetic
EMPRESI-ASF-0000266,WAHIS-ASF-NLD-2020-06-22-08,WAHIS,African swine fever,ASF,Netherlands,NLD,52.23,6.7056,2020-06-27,2020-08-18,2020-08-25,Sus scrofa (wild boar),180,159,confirmed,synthetic
EMPRESI-ASF-0000939,WAHIS-ASF-SRB-2020-07-20-03,WAHIS,African swine fever,ASF,Serbia,SRB,44.3534,19.1798,2020-07-23,2020-08-17,2020-08-25,Sus scrofa domesticus,46,40,confirmed,synthetic
EMPRESI-ASF-0001037,WAHIS-ASF-UKR-2020-07-27-00,WAHIS,African swine fever,ASF,Ukraine,UKR,48.9478,29.1367,2020-08-02,2020-08-16,2020-08-25,Sus scrofa domesticus,148,129,confirmed,synthetic
EMPRESI-ASF-0001143,WAHIS-ASF-DEU-2020-08-10-01,WAHIS,African swine fever,ASF,Germany,DEU,53.3154,10.7126,2020-08-13,2020-08-18,2020-08-25,Sus scrofa (wild boar),61,56,confirmed,synthetic
EMPRESI-ASF-0000874,WAHIS-ASF-NLD-2020-07-20-06,WAHIS,African swine fever,ASF,Netherlands,NLD,52.2918,5.6684,2020-07-20,2020-08-19,2020-08-25,Sus scrofa (wild boar),71,61,confirmed,synthetic
EMPRESI-ASF-0000863,WAHIS-ASF-DEU-2020-07-20-00,WAHIS,African swine fever,ASF,Germany,DEU,51.8007,7.9622,2020-07-26,2020-08-17,2020-08-25,Sus scrofa domesticus,71,66,confirmed,synthetic
EMPRESI-ASF-0001051,WAHIS-ASF-TUR-2020-07-27-01,WAHIS,African swine fever,ASF,Türkiye,TUR,38.5454,40.1779,2020-07-30,2020-08-13,2020-08-25,Sus scrofa (wild boar),46,40,confirmed,synthetic
EMPRESI-ASF-0000980,WAHIS-ASF-DEU-2020-07-27-08,WAHIS,African swine fever,ASF,Germany,DEU,49.6344,14.2451,2020-07-30,2020-08-15,2020-08-25,Sus scrofa domesticus,31,28,confirmed,synthetic
EMPRESI-ASF-0001102,WAHIS-ASF-HUN-2020-08-03-00,WAHIS,African swine fever,ASF,Hungary,HUN,46.804,18.3069,2020-08-06,2020-08-16,2020-08-25,Sus scrofa domesticus,131,113,confirmed,synthetic
EMPRESI-ASF-0001198,WAHIS-ASF-ISR-2020-08-10-00,WAHIS,African swine fever,ASF,Israel,ISR,31.6977,34.7766,2020-08-12,2020-08-21,2020-08-25,Sus scrofa (wild boar),188,165,confirmed,synthetic
EMPRESI-ASF-0001165,WAHIS-ASF-ESP-2020-08-10-02,WAHIS,African swine fever,ASF,Spain,ESP,39.5206,-2.2122,2020-08-15,2020-08-20,2020-08-25,Sus scrofa domesticus,94,79,confirmed,synthetic
EMPRESI-ASF-0000894,WAHIS-ASF-ITA-2020-07-20-07,WAHIS,African swine fever,ASF,Italy,ITA,44.9887,11.7599,2020-07-26,2020-08-15,2020-08-25,Sus scrofa (wild boar),171,147,confirmed,synthetic
EMPRESI-ASF-0000434,WAHIS-ASF-ESP-2020-06-29-05,WAHIS,African swine fever,ASF,Spain,ESP,42.1644,-5.3179,2020-07-04,2020-08-17,2020-08-26,Sus scrofa domesticus,4,3,confirmed,synthetic
EMPRESI-ASF-0001091,WAHIS-ASF-ITA-2020-08-03-03,WAHIS,African swine fever,ASF,Italy,ITA,44.5005,13.1711,2020-08-08,2020-08-17,2020-08-26,Sus scrofa (wild boar),308,267,confirmed,synthetic
EMPRESI-ASF-0000783,WAHIS-ASF-HUN-2020-07-13-00,WAHIS,African swine fever,ASF,Hungary,HUN,46.8074,19.013,2020-07-15,2020-08-20,2020-08-26,Sus scrofa domesticus,88,79,confirmed,synthetic
EMPRESI-ASF-0000760,WAHIS-ASF-ITA-2020-07-13-07,WAHIS,African swine fever,ASF,Italy,ITA,40.9879,15.0283,2020-07-13,2020-08-17,2020-08-26,Sus scrofa domesticus,96,85,confirmed,synthetic
EMPRESI-ASF-0001163,WAHIS-ASF-ESP-2020-08-10-00,WAHIS,African swine fever,ASF,Spain,ESP,38.1489,-5.2246,2020-08-10,2020-08-16,2020-08-26,Sus scrofa (wild boar),93,85,confirmed,synthetic
EMPRESI-ASF-0000842,WAHIS-ASF-GEO-2020-07-13-02,WAHIS,African swine fever,ASF,Georgia,GEO,43.0578,43.383,2020-07-13,2020-08-20,2020-08-26,Sus scrofa (wild boar),111,100,confirmed,synthetic
EMPRESI-ASF-0001178,WAHIS-ASF-ROU-2020-08-10-04,WAHIS,African swine fever,ASF,Romania,ROU,47.082,22.0761,2020-08-14,2020-08-17,2020-08-26,Sus scrofa (wild boar),19,19,confirmed,synthetic
EMPRESI-ASF-0001080,WAHIS-ASF-BEL-2020-08-03-00,WAHIS,African swine fever,ASF,Belgium,BEL,51.4087,4.7873,2020-08-07,2020-08-14,2020-08-26,Sus scrofa (wild boar),28,24,confirmed,synthetic
EMPRESI-ASF-0001076,WAHIS-ASF-NLD-2020-08-03-02,WAHIS,African swine fever,ASF,Netherlands,NLD,51.722,5.7847,2020-08-07,2020-08-17,2020-08-26,Sus scrofa domesticus,380,336,confirmed,synthetic
EMPRESI-ASF-0001063,WAHIS-ASF-FRA-2020-08-03-07,WAHIS,African swine fever,ASF,France,FRA,50.1966,1.0734,2020-08-07,2020-08-19,2020-08-26,Sus scrofa (wild boar),51,49,confirmed,synthetic
EMPRESI-ASF-0001067,WAHIS-ASF-DEU-2020-08-03-02,WAHIS,African swine fever,ASF,Germany,DEU,52.1542,7.6534,2020-08-04,2020-08-18,2020-08-26,Sus scrofa domesticus,12,11,confirmed,synthetic
EMPRESI-ASF-0001070,WAHIS-ASF-DEU-2020-08-03-05,WAHIS,African swine fever,ASF,Germany,DEU,51.3299,9.2439,2020-08-04,2020-08-17,2020-08-26,Sus scrofa domesticus,182,159,confirmed,synthetic
EMPRESI-ASF-0000808,WAHIS-ASF-BGR-2020-07-13-04,WAHIS,African swine fever,ASF,Bulgaria,BGR,43.1415,25.6114,2020-07-14,2020-08-18,2020-08-27,Sus scrofa domesticus,54,46,confirmed,synthetic
EMPRESI-ASF-0000906,WAHIS-ASF-POL-2020-07-20-04,WAHIS,African swine fever,ASF,Poland,POL,54.1055,17.6396,2020-07-20,2020-08-19,2020-08-27,Sus scrofa domesticus,108,94,confirmed,synthetic
EMPRESI-ASF-0001121,WAHIS-ASF-MDA-2020-08-03-00,WAHIS,African swine fever,ASF,Moldova,MDA,47.244,28.9649,2020-08-04,2020-08-19,2020-08-27,Sus scrofa (wild boar),14,13,confirmed,synthetic
EMPRESI-ASF-0000534,WAHIS-ASF-DEU-2020-07-06-03,WAHIS,African swine fever,ASF,Germany,DEU,51.8348,12.8846,2020-07-12,2020-08-12,2020-08-27,Sus scrofa domesticus,74,63,confirmed,synthetic
EMPRESI-ASF-0000999,WAHIS-ASF-ITA-2020-07-27-01,WAHIS,African swine fever,ASF,Italy,ITA,44.1952,15.1738,2020-07-28,2020-08-15,2020-08-27,Sus scrofa domesticus,52,45,confirmed,synthetic
EMPRESI-ASF-0000730,WAHIS-ASF-NLD-2020-07-13-03,WAHIS,African swine fever,ASF,Netherlands,NLD,51.9275,5.034,2020-07-18,2020-08-21,2020-08-27,Sus scrofa domesticus,16,13,confirmed,synthetic
EMPRESI-ASF-0000944,WAHIS-ASF-UKR-2020-07-20-02,WAHIS,African swine fever,ASF,Ukraine,UKR,47.4723,28.9931,2020-07-20,2020-08-21,2020-08-27,Sus scrofa domesticus,13,13,confirmed,synthetic
EMPRESI-ASF-0001201,WAHIS-ASF-ISR-2020-08-10-03,WAHIS,African swine fever,ASF,Israel,ISR,30.9586,34.5423,2020-08-13,2020-08-17,2020-08-27,Sus scrofa (wild boar),132,117,confirmed,synthetic
EMPRESI-ASF-0000662,WAHIS-ASF-UKR-2020-07-06-03,WAHIS,African swine fever,ASF,Ukraine,UKR,46.1461,28.3632,2020-07-09,2020-08-21,2020-08-27,Sus scrofa (wild boar),118,104,confirmed,synthetic
EMPRESI-ASF-0001179,WAHIS-ASF-ROU-2020-08-10-05,WAHIS,African swine fever,ASF,Romania,ROU,47.5068,27.3684,2020-08-13,2020-08-22,2020-08-27,Sus scrofa (wild boar),70,63,confirmed,synthetic
EMPRESI-ASF-0001016,WAHIS-ASF-HUN-2020-07-27-04,WAHIS,African swine fever,ASF,Hungary,HUN,45.7703,18.6153,2020-07-31,2020-08-20,2020-08-28,Sus scrofa domesticus,101,90,confirmed,synthetic
EMPRESI-ASF-0001048,WAHIS-ASF-RUS-2020-07-27-07,WAHIS,African swine fever,ASF,Russian Federation,RUS,55.8152,48.7044,2020-07-29,2020-08-23,2020-08-28,Sus scrofa (wild boar),294,252,confirmed,synthetic
EMPRESI-ASF-0001154,WAHIS-ASF-BEL-2020-08-10-02,WAHIS,African swine fever,ASF,Belgium,BEL,51.1058,3.4819,2020-08-12,2020-08-20,2020-08-28,Sus scrofa domesticus,111,98,confirmed,synthetic
EMPRESI-ASF-0001052,WAHIS-ASF-TUR-2020-07-27-02,WAHIS,African swine fever,ASF,Türkiye,TUR,37.227,34.7754,2020-07-30,2020-08-17,2020-08-28,Sus scrofa domesticus,232,204,confirmed,synthetic
EMPRESI-ASF-0001133,WAHIS-ASF-GEO-2020-08-03-00,WAHIS,African swine fever,ASF,Georgia,GEO,42.3022,42.1128,2020-08-06,2020-08-19,2020-08-28,Sus scrofa (wild boar),235,207,confirmed,synthetic
EMPRESI-ASF-0001156,WAHIS-ASF-BEL-2020-08-10-04,WAHIS,African swine fever,ASF,Belgium,BEL,50.1347,3.7983,2020-08-11,2020-08-18,2020-08-28,Sus scrofa domesticus,237,215,confirmed,synthetic
EMPRESI-ASF-0000467,WAHIS-ASF-ROU-2020-06-29-12,WAHIS,African swine fever,ASF,Romania,ROU,44.8825,27.4922,2020-06-29,2020-08-20,2020-08-29,Sus scrofa (wild boar),55,44,confirmed,synthetic
EMPRESI-ASF-0001107,WAHIS-ASF-ROU-2020-08-03-00,WAHIS,African swine fever,ASF,Romania,ROU,46.7192,23.6635,2020-08-08,2020-08-20,2020-08-29,Sus scrofa domesticus,25,23,confirmed,synthetic
EMPRESI-ASF-0001060,WAHIS-ASF-FRA-2020-08-03-04,WAHIS,African swine fever,ASF,France,FRA,50.16,1.7197,2020-08-06,2020-08-21,2020-08-29,Sus scrofa domesticus,214,183,confirmed,synthetic
EMPRESI-ASF-0001200,WAHIS-ASF-ISR-2020-08-10-02,WAHIS,African swine fever,ASF,Israel,ISR,30.9968,35.2727,2020-08-16,2020-08-23,2020-08-29,Sus scrofa domesticus,31,27,confirmed,synthetic
EMPRESI-ASF-0001069,WAHIS-ASF-DEU-2020-08-03-04,WAHIS,African swine fever,ASF,Germany,DEU,49.7942,14.5293,2020-08-06,2020-08-21,2020-08-29,Sus scrofa domesticus,81,70,confirmed,synthetic
EMPRESI-ASF-0001090,WAHIS-ASF-ITA-2020-08-03-02,WAHIS,African swine fever,ASF,Italy,ITA,44.1669,14.2667,2020-08-07,2020-08-22,2020-08-29,Sus scrofa domesticus,115,98,confirmed,synthetic
EMPRESI-ASF-0001106,WAHIS-ASF-HUN-2020-08-03-04,WAHIS,African swine fever,ASF,Hungary,HUN,46.9158,19.4292,2020-08-04,2020-08-21,2020-08-29,Sus scrofa domesticus,7,7,confirmed,synthetic
EMPRESI-ASF-0000375,WAHIS-ASF-FRA-2020-06-29-09,WAHIS,African swine fever,ASF,France,FRA,49.8085,0.4199,2020-06-30,2020-08-20,2020-08-29,Sus scrofa (wild boar),56,51,confirmed,synthetic
EMPRESI-ASF-0001038,WAHIS-ASF-UKR-2020-07-27-01,WAHIS,African swine fever,ASF,Ukraine,UKR,45.0477,30.0206,2020-07-27,2020-08-26,2020-08-29,Sus scrofa (wild boar),166,140,confirmed,synthetic
EMPRESI-ASF-0001181,WAHIS-ASF-ROU-2020-08-10-07,WAHIS,African swine fever,ASF,Romania,ROU,45.5982,23.037,2020-08-13,2020-08-22,2020-08-29,Sus scrofa domesticus,120,106,confirmed,synthetic
EMPRESI-ASF-0000650,WAHIS-ASF-BGR-2020-07-06-08,WAHIS,African swine fever,ASF,Bulgaria,BGR,44.2126,24.6155,2020-07-06,2020-08-18,2020-08-30,Sus scrofa domesticus,38,34,confirmed,synthetic
EMPRESI-ASF-0001182,WAHIS-ASF-ROU-2020-08-10-08,WAHIS,African swine fever,ASF,Romania,ROU,47.5864,24.4836,2020-08-16,2020-08-21,2020-08-30,Sus scrofa domesticus,394,353,confirmed,synthetic
EMPRESI-ASF-0001190,WAHIS-ASF-SRB-2020-08-10-02,WAHIS,African swine fever,ASF,Serbia,SRB,45.0959,20.9837,2020-08-12,2020-08-23,2020-08-30,Sus scrofa domesticus,140,124,confirmed,synthetic
EMPRESI-ASF-0001173,WAHIS-ASF-HUN-2020-08-10-03,WAHIS,African swine fever,ASF,Hungary,HUN,47.5886,20.0545,2020-08-13,2020-08-21,2020-08-30,Sus scrofa (wild boar),154,138,confirmed,synthetic
EMPRESI-ASF-0001168,WAHIS-ASF-POL-2020-08-10-02,WAHIS,African swine fever,ASF,Poland,POL,53.288,21.0844,2020-08-13,2020-08-25,2020-08-30,Sus scrofa domesticus,450,398,confirmed,synthetic
EMPRESI-ASF-0001225,WAHIS-ASF-ESP-2020-08-17-01,WAHIS,African swine fever,ASF,Spain,ESP,43.3396,-5.8499,2020-08-17,2020-08-20,2020-08-30,Sus scrofa (wild boar),227,195,confirmed,synthetic
EMPRESI-ASF-0000956,WAHIS-ASF-RUS-2020-07-20-05,WAHIS,African swine fever,ASF,Russian Federation,RUS,58.5606,34.5833,2020-07-26,2020-08-22,2020-08-30,Sus scrofa domesticus,123,115,confirmed,synthetic
EMPRESI-ASF-0001113,WAHIS-ASF-ROU-2020-08-03-06,WAHIS,African swine fever,ASF,Romania,ROU,47.2484,25.2797,2020-08-09,2020-08-23,2020-08-30,Sus scrofa domesticus,221,195,confirmed,synthetic
EMPRESI-ASF-0001057,WAHIS-ASF-FRA-2020-08-03-01,WAHIS,African swine fever,ASF,France,FRA,45.2733,-0.5643,2020-08-05,2020-08-23,2020-08-30,Sus scrofa domesticus,110,96,confirmed,synthetic
EMPRESI-ASF-0001097,WAHIS-ASF-ESP-2020-08-03-04,WAHIS,African swine fever,ASF,Spain,ESP,42.3459,-4.4458,2020-08-09,2020-08-20,2020-08-30,Sus scrofa domesticus,70,60,confirmed,synthetic
EMPRESI-ASF-0000965,WAHIS-ASF-FRA-2020-07-27-03,WAHIS,African swine fever,ASF,France,FRA,45.8762,7.026,2020-08-01,2020-08-20,2020-08-31,Sus scrofa domesticus,94,85,confirmed,synthetic
EMPRESI-ASF-0000628,WAHIS-ASF-HUN-2020-07-06-06,WAHIS,African swine fever,ASF,Hungary,HUN,48.2875,18.1423,2020-07-06,2020-08-25,2020-08-31,Sus scrofa domesticus,36,33,confirmed,synthetic
EMPRESI-ASF-0001171,WAHIS-ASF-HUN-2020-08-10-01,WAHIS,African swine fever,ASF,Hungary,HUN,46.3377,20.8824,2020-08-12,2020-08-22,2020-08-31,Sus scrofa (wild boar),21,17,confirmed,synthetic
EMPRESI-ASF-0000349,WAHIS-ASF-UKR-2020-06-22-00,WAHIS,African swine fever,ASF,Ukraine,UKR,49.5737,28.5114,2020-06-25,2020-08-23,2020-08-31,Sus scrofa domesticus,58,51,confirmed,synthetic
EMPRESI-ASF-0001180,WAHIS-ASF-ROU-2020-08-10-06,WAHIS,African swine fever,ASF,Romania,ROU,46.6324,27.8473,2020-08-11,2020-08-23,2020-08-31,Sus scrofa domesticus,287,254,confirmed,synthetic
EMPRESI-ASF-0001059,WAHIS-ASF-FRA-2020-08-03-03,WAHIS,African swine fever,ASF,France,FRA,47.4463,-0.4822,2020-08-08,2020-08-24,2020-08-31,Sus scrofa domesticus,19,17,confirmed,synthetic
EMPRESI-ASF-0001191,WAHIS-ASF-SRB-2020-08-10-03,WAHIS,African swine fever,ASF,Serbia,SRB,43.8827,20.7458,2020-08-13,2020-08-24,2020-08-31,Sus scrofa (wild boar),20,18,confirmed,synthetic
EMPRESI-ASF-0001202,WAHIS-ASF-ISR-2020-08-10-04,WAHIS,African swine fever,ASF,Israel,ISR,31.3011,34.5083,2020-08-16,2020-08-24,2020-08-31,Sus scrofa domesticus,149,132,confirmed,synthetic
EMPRESI-ASF-0001188,WAHIS-ASF-SRB-2020-08-10-00,WAHIS,African swine fever,ASF,Serbia,SRB,43.2519,21.3074,2020-08-14,2020-08-28,2020-08-31,Sus scrofa domesticus,162,152,confirmed,synthetic
EMPRESI-ASF-0000989,WAHIS-ASF-NLD-2020-07-27-07,WAHIS,African swine fever,ASF,Netherlands,NLD,52.3465,6.8184,2020-07-28,2020-08-23,2020-09-01,Sus scrofa domesticus,21,20,confirmed,synthetic
EMPRESI-ASF-0001153,WAHIS-ASF-BEL-2020-08-10-01,WAHIS,African swine fever,ASF,Belgium,BEL,49.9676,5.4326,2020-08-16,2020-08-24,2020-09-01,Sus scrofa (wild boar),233,213,confirmed,synthetic
EMPRESI-ASF-0001126,WAHIS-ASF-RUS-2020-08-03-03,WAHIS,African swine fever,ASF,Russian Federation,RUS,59.4947,39.5566,2020-08-08,2020-08-21,2020-09-01,Sus scrofa domesticus,233,203,confirmed,synthetic
EMPRESI-ASF-0000502,WAHIS-ASF-RUS-2020-06-29-06,WAHIS,African swine fever,ASF,Russian Federation,RUS,53.3881,45.5682,2020-07-03,2020-08-25,2020-09-01,Sus scrofa (wild boar),74,60,confirmed,synthetic
EMPRESI-ASF-0001172,WAHIS-ASF-HUN-2020-08-10-02,WAHIS,African swine fever,ASF,Hungary,HUN,46.1541,18.0779,2020-08-12,2020-08-26,2020-09-01,Sus scrofa domesticus,136,126,confirmed,synthetic
EMPRESI-ASF-0000828,WAHIS-ASF-MDA-2020-07-13-03,WAHIS,African swine fever,ASF,Moldova,MDA,46.5526,29.4713,2020-07-14,2020-08-28,2020-09-01,Sus scrofa (wild boar),12,12,confirmed,synthetic
EMPRESI-ASF-0001086,WAHIS-ASF-BEL-2020-08-03-06,WAHIS,African swine fever,ASF,Belgium,BEL,50.1183,4.7262,2020-08-08,2020-08-26,2020-09-01,Sus scrofa (wild boar),114,100,confirmed,synthetic
EMPRESI-ASF-0001043,WAHIS-ASF-RUS-2020-07-27-02,WAHIS,African swine fever,ASF,Russian Federation,RUS,53.8987,35.5511,2020-07-28,2020-08-23,2020-09-01,Sus scrofa domesticus,478,428,confirmed,synthetic
EMPRESI-ASF-0000633,WAHIS-ASF-ROU-2020-07-06-01,WAHIS,African swine fever,ASF,Romania,ROU,47.3343,26.174,2020-07-07,2020-08-22,2020-09-01,Sus scrofa (wild boar),3,2,confirmed,synthetic
EMPRESI-ASF-0001212,WAHIS-ASF-DEU-2020-08-17-06,WAHIS,African swine fever,ASF,Germany,DEU,51.1439,6.5373,2020-08-23,2020-08-26,2020-09-01,Sus scrofa (wild boar),230,202,confirmed,synthetic
EMPRESI-ASF-0001142,WAHIS-ASF-DEU-2020-08-10-00,WAHIS,African swine fever,ASF,Germany,DEU,51.3419,9.2962,2020-08-11,2020-08-26,2020-09-01,Sus scrofa domesticus,92,86,confirmed,synthetic
EMPRESI-ASF-0001213,WAHIS-ASF-NLD-2020-08-17-00,WAHIS,African swine fever,ASF,Netherlands,NLD,53.0938,6.1805,2020-08-21,2020-08-26,2020-09-01,Sus scrofa (wild boar),67,61,confirmed,synthetic
EMPRESI-ASF-0000930,WAHIS-ASF-BGR-2020-07-20-01,WAHIS,African swine fever,ASF,Bulgaria,BGR,42.3386,26.2038,2020-07-25,2020-08-22,2020-09-01,Sus scrofa domesticus,204,179,confirmed,synthetic
EMPRESI-ASF-0001239,WAHIS-ASF-RUS-2020-08-17-00,WAHIS,African swine fever,ASF,Russian Federation,RUS,53.763,40.5995,2020-08-21,2020-08-26,2020-09-01,Sus scrofa (wild boar),227,211,confirmed,synthetic
EMPRESI-ASF-0001131,WAHIS-ASF-TUR-2020-08-03-02,WAHIS,African swine fever,ASF,Türkiye,TUR,37.8277,30.7897,2020-08-09,2020-08-28,2020-09-02,Sus scrofa domesticus,5,4,confirmed,synthetic
EMPRESI-ASF-0001155,WAHIS-ASF-BEL-2020-08-10-03,WAHIS,African swine fever,ASF,Belgium,BEL,50.0869,4.4895,2020-08-15,2020-08-23,2020-09-02,Sus scrofa (wild boar),212,193,confirmed,synthetic
EMPRESI-ASF-0000933,WAHIS-ASF-BGR-2020-07-20-04,WAHIS,African swine fever,ASF,Bulgaria,BGR,44.0812,25.146,2020-07-21,2020-08-23,2020-09-02,Sus scrofa domesticus,39,34,confirmed,synthetic
EMPRESI-ASF-0000970,WAHIS-ASF-FRA-2020-07-27-08,WAHIS,African swine fever,ASF,France,FRA,45.8841,-0.854,2020-07-28,2020-08-28,2020-09-02,Sus scrofa (wild boar),31,25,confirmed,synthetic
EMPRESI-ASF-0001152,WAHIS-ASF-BEL-2020-08-10-00,WAHIS,African swine fever,ASF,Belgium,BEL,51.1119,4.8146,2020-08-10,2020-08-18,2020-09-02,Sus scrofa (wild boar),61,50,confirmed,synthetic
EMPRESI-ASF-0001089,WAHIS-ASF-ITA-2020-08-03-01,WAHIS,African swine fever,ASF,Italy,ITA,43.3375,10.4315,2020-08-09,2020-08-20,2020-09-03,Sus scrofa (wild boar),76,65,confirmed,synthetic
EMPRESI-ASF-0001044,WAHIS-ASF-RUS-2020-07-27-03,WAHIS,African swine fever,ASF,Russian Federation,RUS,51.8087,49.7495,2020-08-01,2020-08-25,2020-09-03,Sus scrofa (wild boar),24,20,confirmed,synthetic
EMPRESI-ASF-0001151,WAHIS-ASF-NLD-2020-08-10-02,WAHIS,African swine fever,ASF,Netherlands,NLD,52.1579,4.1682,2020-08-14,2020-08-27,2020-09-03,Sus scrofa domesticus,3,3,confirmed,synthetic
EMPRESI-ASF-0001141,WAHIS-ASF-FRA-2020-08-10-02,WAHIS,African swine fever,ASF,France,FRA,44.3534,4.549,2020-08-15,2020-08-28,2020-09-03,Sus scrofa domesticus,89,77,confirmed,synthetic
EMPRESI-ASF-0000911,WAHIS-ASF-POL-2020-07-20-09,WAHIS,African swine fever,ASF,Poland,POL,50.5995,18.3679,2020-07-22,2020-08-27,2020-09-03,Sus scrofa (wild boar),41,35,confirmed,synthetic
EMPRESI-ASF-0000487,WAHIS-ASF-UKR-2020-06-29-03,WAHIS,African swine fever,ASF,Ukraine,UKR,46.7094,32.234,2020-07-02,2020-08-29,2020-09-03,Sus scrofa domesticus,70,59,confirmed,synthetic
EMPRESI-ASF-0001000,WAHIS-ASF-ITA-2020-07-27-02,WAHIS,African swine fever,ASF,Italy,ITA,44.0183,14.3454,2020-07-31,2020-08-23,2020-09-03,Sus scrofa domesticus,132,118,confirmed,synthetic
EMPRESI-ASF-0001185,WAHIS-ASF-BGR-2020-08-10-02,WAHIS,African swine fever,ASF,Bulgaria,BGR,42.6744,26.4358,2020-08-11,2020-08-29,2020-09-03,Sus scrofa (wild boar),159,148,confirmed,synthetic
EMPRESI-ASF-0001065,WAHIS-ASF-DEU-2020-08-03-00,WAHIS,African swine fever,ASF,Germany,DEU,48.6641,10.2706,2020-08-09,2020-08-21,2020-09-03,Sus scrofa domesticus,95,81,confirmed,synthetic
EMPRESI-ASF-0001135,WAHIS-ASF-ISR-2020-08-03-00,WAHIS,African swine fever,ASF,Israel,ISR,30.69,34.7812,2020-08-06,2020-08-26,2020-09-03,Sus scrofa domesticus,78,66,confirmed,synthetic
EMPRESI-ASF-0001193,WAHIS-ASF-UKR-2020-08-10-01,WAHIS,African swine fever,ASF,Ukraine,UKR,50.7608,28.6182,2020-08-11,2020-08-25,2020-09-03,Sus scrofa (wild boar),325,287,confirmed,synthetic
EMPRESI-ASF-0000967,WAHIS-ASF-FRA-2020-07-27-05,WAHIS,African swine fever,ASF,France,FRA,43.7882,5.384,2020-07-31,2020-08-25,2020-09-03,Sus scrofa (wild boar),23,21,confirmed,synthetic
EMPRESI-ASF-0001075,WAHIS-ASF-NLD-2020-08-03-01,WAHIS,African swine fever,ASF,Netherlands,NLD,52.183,5.4913,2020-08-06,2020-08-24,2020-09-03,Sus scrofa (wild boar),83,73,confirmed,synthetic
EMPRESI-ASF-0001211,WAHIS-ASF-DEU-2020-08-17-05,WAHIS,African swine fever,ASF,Germany,DEU,50.1949,7.4141,2020-08-20,2020-08-24,2020-09-03,Sus scrofa domesticus,7,7,confirmed,synthetic
EMPRESI-ASF-0000822,WAHIS-ASF-UKR-2020-07-13-02,WAHIS,African swine fever,ASF,Ukraine,UKR,51.4789,29.5315,2020-07-13,2020-08-27,2020-09-04,Sus scrofa domesticus,2,2,confirmed,synthetic
EMPRESI-ASF-0001127,WAHIS-ASF-RUS-2020-08-03-04,WAHIS,African swine fever,ASF,Russian Federation,RUS,61.4443,44.7525,2020-08-07,2020-08-30,2020-09-04,Sus scrofa (wild boar),369,328,confirmed,synthetic
EMPRESI-ASF-0000648,WAHIS-ASF-BGR-2020-07-06-06,WAHIS,African swine fever,ASF,Bulgaria,BGR,42.9216,27.2355,2020-07-10,2020-08-28,2020-09-04,Sus scrofa (wild boar),109,98,confirmed,synthetic
EMPRESI-ASF-0000663,WAHIS-ASF-UKR-2020-07-06-04,WAHIS,African swine fever,ASF,Ukraine,UKR,49.3015,35.2834,2020-07-12,2020-08-28,2020-09-04,Sus scrofa domesticus,407,343,confirmed,synthetic
EMPRESI-ASF-0001157,WAHIS-ASF-BEL-2020-08-10-05,WAHIS,African swine fever,ASF,Belgium,BEL,49.9359,5.4063,2020-08-16,2020-08-28,2020-09-04,Sus scrofa domesticus,104,89,confirmed,synthetic
EMPRESI-ASF-0000501,WAHIS-ASF-RUS-2020-06-29-05,WAHIS,African swine fever,ASF,Russian Federation,RUS,53.7467,53.6745,2020-07-01,2020-08-27,2020-09-04,Sus scrofa (wild boar),12,10,confirmed,synthetic
EMPRESI-ASF-0000623,WAHIS-ASF-HUN-2020-07-06-01,WAHIS,African swine fever,ASF,Hungary,HUN,46.4487,19.2341,2020-07-07,2020-08-22,2020-09-04,Sus scrofa domesticus,286,249,confirmed,synthetic
EMPRESI-ASF-0000618,WAHIS-ASF-POL-2020-07-06-18,WAHIS,African swine fever,ASF,Poland,POL,52.867,15.2574,2020-07-10,2020-08-28,2020-09-04,Sus scrofa (wild boar),29,24,confirmed,synthetic
EMPRESI-ASF-0001242,WAHIS-ASF-GEO-2020-08-17-00,WAHIS,African swine fever,ASF,Georgia,GEO,41.4355,41.9609,2020-08-21,2020-08-27,2020-09-04,Sus scrofa domesticus,53,46,confirmed,synthetic
EMPRESI-ASF-0001234,WAHIS-ASF-UKR-2020-08-17-00,WAHIS,African swine fever,ASF,Ukraine,UKR,49.0593,25.52,2020-08-17,2020-08-25,2020-09-04,Sus scrofa domesticus,26,22,confirmed,synthetic
EMPRESI-ASF-0001096,WAHIS-ASF-ESP-2020-08-03-03,WAHIS,African swine fever,ASF,Spain,ESP,38.0554,-1.4834,2020-08-03,2020-08-25,2020-09-05,Sus scrofa (wild boar),28,26,confirmed,synthetic
EMPRESI-ASF-0001068,WAHIS-ASF-DEU-2020-08-03-03,WAHIS,African swine fever,ASF,Germany,DEU,49.1845,9.1799,2020-08-06,2020-08-28,2020-09-05,Sus scrofa domesticus,47,41,confirmed,synthetic
EMPRESI-ASF-0000966,WAHIS-ASF-FRA-2020-07-27-04,WAHIS,African swine fever,ASF,France,FRA,45.0521,4.1626,2020-07-29,2020-08-28,2020-09-05,Sus scrofa domesticus,85,69,confirmed,synthetic
EMPRESI-ASF-0001005,WAHIS-ASF-ESP-2020-07-27-02,WAHIS,African swine fever,ASF,Spain,ESP,43.5447,-5.4947,2020-07-29,2020-08-25,2020-09-05,Sus scrofa domesticus,73,64,confirmed,synthetic
EMPRESI-ASF-0001124,WAHIS-ASF-RUS-2020-08-03-01,WAHIS,African swine fever,ASF,Russian Federation,RUS,51.5173,38.1831,2020-08-09,2020-08-23,2020-09-05,Sus scrofa (wild boar),224,203,confirmed,synthetic
EMPRESI-ASF-0001062,WAHIS-ASF-FRA-2020-08-03-06,WAHIS,African swine fever,ASF,France,FRA,44.5038,-1.4693,2020-08-07,2020-08-26,2020-09-05,Sus scrofa (wild boar),94,83,confirmed,synthetic
EMPRESI-ASF-0001194,WAHIS-ASF-MDA-2020-08-10-00,WAHIS,African swine fever,ASF,Moldova,MDA,46.7903,28.3722,2020-08-15,2020-08-27,2020-09-05,Sus scrofa (wild boar),159,139,confirmed,synthetic
EMPRESI-ASF-0001221,WAHIS-ASF-BEL-2020-08-17-05,WAHIS,African swine fever,ASF,Belgium,BEL,50.7577,5.0415,2020-08-22,2020-08-28,2020-09-05,Sus scrofa domesticus,51,47,confirmed,synthetic
EMPRESI-ASF-0001117,WAHIS-ASF-BGR-2020-08-03-03,WAHIS,African swine fever,ASF,Bulgaria,BGR,42.9766,24.3715,2020-08-09,2020-08-30,2020-09-05,Sus scrofa domesticus,115,102,confirmed,synthetic
EMPRESI-ASF-0001265,WAHIS-ASF-ROU-2020-08-24-02,WAHIS,African swine fever,ASF,Romania,ROU,45.5407,25.445,2020-08-24,2020-09-02,2020-09-05,Sus scrofa (wild boar),34,32,confirmed,synthetic
EMPRESI-ASF-0000092,WAHIS-ASF-ITA-2020-06-08-05,WAHIS,African swine fever,ASF,Italy,ITA,43.2211,14.6433,2020-06-13,2020-08-31,2020-09-06,Sus scrofa domesticus,26,22,confirmed,synthetic
EMPRESI-ASF-0001199,WAHIS-ASF-ISR-2020-08-10-01,WAHIS,African swine fever,ASF,Israel,ISR,31.2632,35.0627,2020-08-12,2020-08-29,2020-09-06,Sus scrofa domesticus,242,219,confirmed,synthetic
EMPRESI-ASF-0001209,WAHIS-ASF-DEU-2020-08-17-03,WAHIS,African swine fever,ASF,Germany,DEU,49.3073,10.0333,2020-08-20,2020-08-31,2020-09-06,Sus scrofa domesticus,127,112,confirmed,synthetic
EMPRESI-ASF-0000551,WAHIS-ASF-NLD-2020-07-06-08,WAHIS,African swine fever,ASF,Netherlands,NLD,52.0705,4.4896,2020-07-10,2020-08-23,2020-09-06,Sus scrofa domesticus,113,103,confirmed,synthetic
EMPRESI-ASF-0000925,WAHIS-ASF-ROU-2020-07-20-05,WAHIS,African swine fever,ASF,Romania,ROU,45.2106,26.7955,2020-07-24,2020-08-29,2020-09-06,Sus scrofa (wild boar),104,85,confirmed,synthetic
EMPRESI-ASF-0001216,WAHIS-ASF-BEL-2020-08-17-00,WAHIS,African swine fever,ASF,Belgium,BEL,50.8829,4.4989,2020-08-23,2020-09-02,2020-09-07,Sus scrofa domesticus,49,44,confirmed,synthetic
EMPRESI-ASF-0001008,WAHIS-ASF-POL-2020-07-27-00,WAHIS,African swine fever,ASF,Poland,POL,51.8451,19.8872,2020-07-29,2020-08-29,2020-09-07,Sus scrofa domesticus,615,540,confirmed,synthetic
EMPRESI-ASF-0001082,WAHIS-ASF-BEL-2020-08-03-02,WAHIS,African swine fever,ASF,Belgium,BEL,50.0439,5.5477,2020-08-07,2020-08-29,2020-09-07,Sus scrofa (wild boar),29,26,confirmed,synthetic
EMPRESI-ASF-0001122,WAHIS-ASF-MDA-2020-08-03-01,WAHIS,African swine fever,ASF,Moldova,MDA,47.1195,29.8208,2020-08-08,2020-09-02,2020-09-07,Sus scrofa domesticus,64,58,confirmed,synthetic
EMPRESI-ASF-0000773,WAHIS-ASF-POL-2020-07-13-00,WAHIS,African swine fever,ASF,Poland,POL,51.9668,21.7889,2020-07-18,2020-08-29,2020-09-07,Sus scrofa domesticus,265,231,confirmed,synthetic
EMPRESI-ASF-0001111,WAHIS-ASF-ROU-2020-08-03-04,WAHIS,African swine fever,ASF,Romania,ROU,46.466,26.5252,2020-08-07,2020-09-02,2020-09-07,Sus scrofa domesticus,100,87,confirmed,synthetic
EMPRESI-ASF-0000872,WAHIS-ASF-NLD-2020-07-20-04,WAHIS,African swine fever,ASF,Netherlands,NLD,52.3227,6.5681,2020-07-26,2020-09-01,2020-09-08,Sus scrofa domesticus,32,30,confirmed,synthetic
EMPRESI-ASF-0001061,WAHIS-ASF-FRA-2020-08-03-05,WAHIS,African swine fever,ASF,France,FRA,49.2016,0.7361,2020-08-06,2020-08-29,2020-09-08,Sus scrofa (wild boar),384,344,confirmed,synthetic
EMPRESI-ASF-0000915,WAHIS-ASF-HUN-2020-07-20-02,WAHIS,African swine fever,ASF,Hungary,HUN,47.4915,18.5402,2020-07-23,2020-08-28,2020-09-08,Sus scrofa (wild boar),55,48,confirmed,synthetic
EMPRESI-ASF-0000203,WAHIS-ASF-ROU-2020-06-15-03,WAHIS,African swine fever,ASF,Romania,ROU,47.8536,25.6988,2020-06-21,2020-08-26,2020-09-08,Sus scrofa (wild boar),47,42,confirmed,synthetic
EMPRESI-ASF-0001030,WAHIS-ASF-BGR-2020-07-27-01,WAHIS,African swine fever,ASF,Bulgaria,BGR,43.3716,26.3456,2020-08-01,2020-08-29,2020-09-09,Sus scrofa (wild boar),118,107,confirmed,synthetic
EMPRESI-ASF-0001114,WAHIS-ASF-BGR-2020-08-03-00,WAHIS,African swine fever,ASF,Bulgaria,BGR,43.5383,23.9307,2020-08-04,2020-09-03,2020-09-09,Sus scrofa (wild boar),82,71,confirmed,synthetic
EMPRESI-ASF-0001244,WAHIS-ASF-GEO-2020-08-17-02,WAHIS,African swine fever,ASF,Georgia,GEO,42.6057,44.564,2020-08-18,2020-08-28,2020-09-09,Sus scrofa domesticus,80,73,confirmed,synthetic
EMPRESI-ASF-0000673,WAHIS-ASF-MDA-2020-07-06-04,WAHIS,African swine fever,ASF,Moldova,MDA,47.3155,27.6263,2020-07-06,2020-09-02,2020-09-09,Sus scrofa (wild boar),31,27,confirmed,synthetic
EMPRESI-ASF-0001003,WAHIS-ASF-ESP-2020-07-27-00,WAHIS,African swine fever,ASF,Spain,ESP,42.2337,-1.8867,2020-07-28,2020-08-28,2020-09-09,Sus scrofa domesticus,78,70,confirmed,synthetic
EMPRESI-ASF-0001161,WAHIS-ASF-ITA-2020-08-10-02,WAHIS,African swine fever,ASF,Italy,ITA,40.3518,11.5272,2020-08-15,2020-09-01,2020-09-10,Sus scrofa (wild boar),10,8,confirmed,synthetic
EMPRESI-ASF-0001248,WAHIS-ASF-DEU-2020-08-24-02,WAHIS,African swine fever,ASF,Germany,DEU,52.3638,12.6141,2020-08-24,2020-09-05,2020-09-10,Sus scrofa domesticus,24,19,confirmed,synthetic
EMPRESI-ASF-0001249,WAHIS-ASF-DEU-2020-08-24-03,WAHIS,African swine fever,ASF,Germany,DEU,48.8082,10.8743,2020-08-29,2020-09-06,2020-09-10,Sus scrofa domesticus,112,97,confirmed,synthetic
EMPRESI-ASF-0000968,WAHIS-ASF-FRA-2020-07-27-06,WAHIS,African swine fever,ASF,France,FRA,45.5896,-1.2933,2020-07-29,2020-09-02,2020-09-10,Sus scrofa domesticus,39,34,confirmed,synthetic
EMPRESI-ASF-0001208,WAHIS-ASF-DEU-2020-08-17-02,WAHIS,African swine fever,ASF,Germany,DEU,50.7997,7.0481,2020-08-20,2020-08-31,2020-09-10,Sus scrofa (wild boar),32,29,confirmed,synthetic
EMPRESI-ASF-0001210,WAHIS-ASF-DEU-2020-08-17-04,WAHIS,African swine fever,ASF,Germany,DEU,50.1143,14.1503,2020-08-22,2020-08-30,2020-09-10,Sus scrofa (wild boar),16,15,confirmed,synthetic
EMPRESI-ASF-0001167,WAHIS-ASF-POL-2020-08-10-01,WAHIS,African swine fever,ASF,Poland,POL,51.6315,16.1253,2020-08-10,2020-09-04,2020-09-10,Sus scrofa domesticus,147,121,confirmed,synthetic
EMPRESI-ASF-0001140,WAHIS-ASF-FRA-2020-08-10-01,WAHIS,African swine fever,ASF,France,FRA,45.4793,5.7908,2020-08-13,2020-09-04,2020-09-11,Sus scrofa domesticus,198,166,confirmed,synthetic
EMPRESI-ASF-0001232,WAHIS-ASF-BGR-2020-08-17-00,WAHIS,African swine fever,ASF,Bulgaria,BGR,41.8633,26.4658,2020-08-18,2020-09-04,2020-09-11,Sus scrofa domesticus,331,295,confirmed,synthetic
EMPRESI-ASF-0001246,WAHIS-ASF-DEU-2020-08-24-00,WAHIS,African swine fever,ASF,Germany,DEU,49.5901,13.6809,2020-08-26,2020-09-03,2020-09-11,Sus scrofa (wild boar),87,78,confirmed,synthetic
EMPRESI-ASF-0001148,WAHIS-ASF-DEU-2020-08-10-06,WAHIS,African swine fever,ASF,Germany,DEU,49.2767,12.5648,2020-08-14,2020-09-06,2020-09-11,Sus scrofa (wild boar),75,68,confirmed,synthetic
EMPRESI-ASF-0001159,WAHIS-ASF-ITA-2020-08-10-00,WAHIS,African swine fever,ASF,Italy,ITA,43.563,11.2986,2020-08-14,2020-09-01,2020-09-11,Sus scrofa domesticus,6,6,confirmed,synthetic
EMPRESI-ASF-0001215,WAHIS-ASF-NLD-2020-08-17-02,WAHIS,African swine fever,ASF,Netherlands,NLD,52.9215,6.7447,2020-08-21,2020-09-03,2020-09-11,Sus scrofa domesticus,86,74,confirmed,synthetic
EMPRESI-ASF-0000775,WAHIS-ASF-POL-2020-07-13-02,WAHIS,African swine fever,ASF,Poland,POL,54.2248,20.5038,2020-07-13,2020-09-05,2020-09-12,Sus scrofa domesticus,28,24,confirmed,synthetic
EMPRESI-ASF-0001072,WAHIS-ASF-DEU-2020-08-03-07,WAHIS,African swine fever,ASF,Germany,DEU,53.6687,8.8864,2020-08-09,2020-09-06,2020-09-12,Sus scrofa domesticus,22,19,confirmed,synthetic
EMPRESI-ASF-0000955,WAHIS-ASF-RUS-2020-07-20-04,WAHIS,African swine fever,ASF,Russian Federation,RUS,60.4833,36.7733,2020-07-22,2020-09-09,2020-09-12,Sus scrofa (wild boar),11,11,confirmed,synthetic
EMPRESI-ASF-0001278,WAHIS-ASF-BEL-2020-08-31-03,WAHIS,African swine fever,ASF,Belgium,BEL,50.5897,4.1564,2020-09-01,2020-09-07,2020-09-12,Sus scrofa domesticus,114,103,confirmed,synthetic
EMPRESI-ASF-0001214,WAHIS-ASF-NLD-2020-08-17-01,WAHIS,African swine fever,ASF,Netherlands,NLD,52.1746,5.0323,2020-08-22,2020-09-05,2020-09-12,Sus scrofa domesticus,224,200,confirmed,synthetic
EMPRESI-ASF-0000637,WAHIS-ASF-ROU-2020-07-06-05,WAHIS,African swine fever,ASF,Romania,ROU,44.641,24.6908,2020-07-07,2020-09-06,2020-09-12,Sus scrofa (wild boar),19,18,confirmed,synthetic
EMPRESI-ASF-0001219,WAHIS-ASF-BEL-2020-08-17-03,WAHIS,African swine fever,ASF,Belgium,BEL,51.0159,4.0207,2020-08-23,2020-09-04,2020-09-12,Sus scrofa (wild boar),451,394,confirmed,synthetic
EMPRESI-ASF-0001104,WAHIS-ASF-HUN-2020-08-03-02,WAHIS,African swine fever,ASF,Hungary,HUN,45.9449,19.9458,2020-08-03,2020-09-08,2020-09-12,Sus scrofa (wild boar),20,19,confirmed,synthetic
EMPRESI-ASF-0001195,WAHIS-ASF-RUS-2020-08-10-00,WAHIS,African swine fever,ASF,Russian Federation,RUS,52.7344,48.2145,2020-08-10,2020-08-31,2020-09-13,Sus scrofa domesticus,65,56,confirmed,synthetic
EMPRESI-ASF-0001266,WAHIS-ASF-TUR-2020-08-24-00,WAHIS,African swine fever,ASF,Türkiye,TUR,37.6207,30.631,2020-08-24,2020-09-07,2020-09-13,Sus scrofa domesticus,140,127,confirmed,synthetic
EMPRESI-ASF-0001277,WAHIS-ASF-BEL-2020-08-31-02,WAHIS,African swine fever,ASF,Belgium,BEL,50.5049,4.735,2020-09-01,2020-09-04,2020-09-13,Sus scrofa domesticus,65,60,confirmed,synthetic
EMPRESI-ASF-0001147,WAHIS-ASF-DEU-2020-08-10-05,WAHIS,African swine fever,ASF,Germany,DEU,53.4949,8.2271,2020-08-16,2020-09-09,2020-09-13,Sus scrofa (wild boar),76,67,confirmed,synthetic
EMPRESI-ASF-0001084,WAHIS-ASF-BEL-2020-08-03-04,WAHIS,African swine fever,ASF,Belgium,BEL,50.8106,4.8946,2020-08-08,2020-09-02,2020-09-13,Sus scrofa (wild boar),100,96,confirmed,synthetic
EMPRESI-ASF-0001039,WAHIS-ASF-MDA-2020-07-27-00,WAHIS,African swine fever,ASF,Moldova,MDA,47.7059,28.0812,2020-07-28,2020-09-07,2020-09-13,Sus scrofa (wild boar),169,147,confirmed,synthetic
EMPRESI-ASF-0000615,WAHIS-ASF-POL-2020-07-06-15,WAHIS,African swine fever,ASF,Poland,POL,50.9742,21.3298,2020-07-12,2020-09-06,2020-09-13,Sus scrofa (wild boar),190,168,confirmed,synthetic
EMPRESI-ASF-0001021,WAHIS-ASF-ROU-2020-07-27-02,WAHIS,African swine fever,ASF,Romania,ROU,45.8923,21.5094,2020-07-30,2020-09-03,2020-09-13,Sus scrofa domesticus,61,56,confirmed,synthetic
EMPRESI-ASF-0001166,WAHIS-ASF-POL-2020-08-10-00,WAHIS,African swine fever,ASF,Poland,POL,53.1823,20.5775,2020-08-12,2020-09-05,2020-09-13,Sus scrofa domesticus,220,193,confirmed,synthetic
EMPRESI-ASF-0001144,WAHIS-ASF-DEU-2020-08-10-02,WAHIS,African swine fever,ASF,Germany,DEU,53.7601,9.8547,2020-08-12,2020-09-04,2020-09-13,Sus scrofa (wild boar),7,6,confirmed,synthetic
EMPRESI-ASF-0001183,WAHIS-ASF-BGR-2020-08-10-00,WAHIS,African swine fever,ASF,Bulgaria,BGR,43.3095,25.7786,2020-08-14,2020-09-05,2020-09-13,Sus scrofa domesticus,67,56,confirmed,synthetic
EMPRESI-ASF-0000840,WAHIS-ASF-GEO-2020-07-13-00,WAHIS,African swine fever,ASF,Georgia,GEO,41.1491,43.4007,2020-07-16,2020-09-08,2020-09-14,Sus scrofa domesticus,130,110,confirmed,synthetic
EMPRESI-ASF-0001174,WAHIS-ASF-ROU-2020-08-10-00,WAHIS,African swine fever,ASF,Romania,ROU,47.435,27.3697,2020-08-10,2020-09-04,2020-09-14,Sus scrofa domesticus,102,86,confirmed,synthetic
EMPRESI-ASF-0001261,WAHIS-ASF-ITA-2020-08-24-02,WAHIS,African swine fever,ASF,Italy,ITA,41.3378,9.4587,2020-08-27,2020-09-04,2020-09-14,Sus scrofa (wild boar),30,28,confirmed,synthetic
EMPRESI-ASF-0001228,WAHIS-ASF-HUN-2020-08-17-01,WAHIS,African swine fever,ASF,Hungary,HUN,46.5778,19.7005,2020-08-17,2020-09-04,2020-09-14,Sus scrofa domesticus,34,31,confirmed,synthetic
EMPRESI-ASF-0001137,WAHIS-ASF-EGY-2020-08-03-00,WAHIS,African swine fever,ASF,Egypt,EGY,31.2448,30.875,2020-08-06,2020-09-07,2020-09-15,Sus scrofa (wild boar),269,247,confirmed,synthetic
EMPRESI-ASF-0000599,WAHIS-ASF-ESP-2020-07-06-06,WAHIS,African swine fever,ASF,Spain,ESP,40.8179,-3.5443,2020-07-09,2020-09-07,2020-09-15,Sus scrofa domesticus,5,5,confirmed,synthetic
EMPRESI-ASF-0001257,WAHIS-ASF-BEL-2020-08-24-03,WAHIS,African swine fever,ASF,Belgium,BEL,51.0353,3.5427,2020-08-29,2020-09-08,2020-09-15,Sus scrofa domesticus,17,15,confirmed,synthetic
EMPRESI-ASF-0000820,WAHIS-ASF-UKR-2020-07-13-00,WAHIS,African swine fever,ASF,Ukraine,UKR,48.9162,35.0206,2020-07-15,2020-09-07,2020-09-16,Sus scrofa domesticus,59,51,confirmed,synthetic
EMPRESI-ASF-0001258,WAHIS-ASF-BEL-2020-08-24-04,WAHIS,African swine fever,ASF,Belgium,BEL,51.3104,4.0836,2020-08-30,2020-09-11,2020-09-16,Sus scrofa domesticus,181,150,confirmed,synthetic
EMPRESI-ASF-0001162,WAHIS-ASF-ITA-2020-08-10-03,WAHIS,African swine fever,ASF,Italy,ITA,44.4128,14.9921,2020-08-15,2020-09-10,2020-09-16,Sus scrofa (wild boar),43,39,confirmed,synthetic
EMPRESI-ASF-0001032,WAHIS-ASF-BGR-2020-07-27-03,WAHIS,African swine fever,ASF,Bulgaria,BGR,42.9986,23.8501,2020-08-01,2020-09-07,2020-09-16,Sus scrofa (wild boar),281,240,confirmed,synthetic
EMPRESI-ASF-0001245,WAHIS-ASF-MAR-2020-08-17-00,WAHIS,African swine fever,ASF,Morocco,MAR,32.1601,-10.3481,2020-08-21,2020-09-10,2020-09-16,Sus scrofa (wild boar),393,345,confirmed,synthetic
EMPRESI-ASF-0000826,WAHIS-ASF-MDA-2020-07-13-01,WAHIS,African swine fever,ASF,Moldova,MDA,47.3565,27.5649,2020-07-13,2020-09-04,2020-09-16,Sus scrofa domesticus,59,53,confirmed,synthetic
EMPRESI-ASF-0001233,WAHIS-ASF-BGR-2020-08-17-01,WAHIS,African swine fever,ASF,Bulgaria,BGR,44.0067,25.2685,2020-08-20,2020-09-06,2020-09-17,Sus scrofa (wild boar),34,29,confirmed,synthetic
EMPRESI-ASF-0000223,WAHIS-ASF-UKR-2020-06-15-00,WAHIS,African swine fever,ASF,Ukraine,UKR,45.8593,28.949,2020-06-17,2020-09-11,2020-09-17,Sus scrofa domesticus,50,44,confirmed,synthetic
EMPRESI-ASF-0001083,WAHIS-ASF-BEL-2020-08-03-03,WAHIS,African swine fever,ASF,Belgium,BEL,50.6621,4.315,2020-08-05,2020-09-10,2020-09-17,Sus scrofa domesticus,48,41,confirmed,synthetic
EMPRESI-ASF-0001262,WAHIS-ASF-HUN-2020-08-24-00,WAHIS,African swine fever,ASF,Hungary,HUN,46.8626,21.0804,2020-08-27,2020-09-11,2020-09-17,Sus scrofa (wild boar),54,43,confirmed,synthetic
EMPRESI-ASF-0001264,WAHIS-ASF-ROU-2020-08-24-01,WAHIS,African swine fever,ASF,Romania,ROU,45.7029,21.8489,2020-08-26,2020-09-08,2020-09-17,Sus scrofa domesticus,324,291,confirmed,synthetic
EMPRESI-ASF-0000839,WAHIS-ASF-RUS-2020-07-13-10,WAHIS,African swine fever,ASF,Russian Federation,RUS,56.4458,54.7885,2020-07-17,2020-09-06,2020-09-17,Sus scrofa (wild boar),51,47,confirmed,synthetic
EMPRESI-ASF-0001254,WAHIS-ASF-BEL-2020-08-24-00,WAHIS,African swine fever,ASF,Belgium,BEL,50.8758,3.5846,2020-08-28,2020-09-08,2020-09-17,Sus scrofa domesticus,23,20,confirmed,synthetic
EMPRESI-ASF-0001293,WAHIS-ASF-RUS-2020-08-31-01,WAHIS,African swine fever,ASF,Russian Federation,RUS,57.3621,54.6554,2020-09-02,2020-09-09,2020-09-18,Sus scrofa (wild boar),134,116,confirmed,synthetic
EMPRESI-ASF-0001270,WAHIS-ASF-DEU-2020-08-31-01,WAHIS,African swine fever,ASF,Germany,DEU,49.255,9.069,2020-09-02,2020-09-09,2020-09-18,Sus scrofa domesticus,139,116,confirmed,synthetic
EMPRESI-ASF-0001235,WAHIS-ASF-UKR-2020-08-17-01,WAHIS,African swine fever,ASF,Ukraine,UKR,51.2847,35.688,2020-08-19,2020-09-10,2020-09-19,Sus scrofa (wild boar),120,106,confirmed,synthetic
EMPRESI-ASF-0001226,WAHIS-ASF-POL-2020-08-17-00,WAHIS,African swine fever,ASF,Poland,POL,50.5751,17.9879,2020-08-23,2020-09-13,2020-09-19,Sus scrofa domesticus,388,352,confirmed,synthetic
EMPRESI-ASF-0000691,WAHIS-ASF-GEO-2020-07-06-02,WAHIS,African swine fever,ASF,Georgia,GEO,42.6594,43.9022,2020-07-11,2020-09-11,2020-09-19,Sus scrofa (wild boar),6,5,confirmed,synthetic
EMPRESI-ASF-0000938,WAHIS-ASF-SRB-2020-07-20-02,WAHIS,African swine fever,ASF,Serbia,SRB,42.8867,21.262,2020-07-26,2020-09-13,2020-09-19,Sus scrofa (wild boar),84,81,confirmed,synthetic
EMPRESI-ASF-0001103,WAHIS-ASF-HUN-2020-08-03-01,WAHIS,African swine fever,ASF,Hungary,HUN,46.1769,19.4499,2020-08-05,2020-09-08,2020-09-19,Sus scrofa domesticus,73,59,confirmed,synthetic
EMPRESI-ASF-0000829,WAHIS-ASF-RUS-2020-07-13-00,WAHIS,African swine fever,ASF,Russian Federation,RUS,60.0313,40.4912,2020-07-19,2020-09-10,2020-09-19,Sus scrofa domesticus,32,28,confirmed,synthetic
EMPRESI-ASF-0001273,WAHIS-ASF-DEU-2020-08-31-04,WAHIS,African swine fever,ASF,Germany,DEU,49.3039,8.1199,2020-09-05,2020-09-09,2020-09-20,Sus scrofa domesticus,41,37,confirmed,synthetic
EMPRESI-ASF-0001196,WAHIS-ASF-RUS-2020-08-10-01,WAHIS,African swine fever,ASF,Russian Federation,RUS,52.0866,43.2834,2020-08-11,2020-09-08,2020-09-20,Sus scrofa domesticus,239,212,confirmed,synthetic
EMPRESI-ASF-0001220,WAHIS-ASF-BEL-2020-08-17-04,WAHIS,African swine fever,ASF,Belgium,BEL,50.6701,5.4162,2020-08-19,2020-09-15,2020-09-21,Sus scrofa domesticus,20,18,confirmed,synthetic
EMPRESI-ASF-0001241,WAHIS-ASF-TUR-2020-08-17-00,WAHIS,African swine fever,ASF,Türkiye,TUR,38.1905,33.2315,2020-08-18,2020-09-08,2020-09-22,Sus scrofa (wild boar),50,45,confirmed,synthetic
EMPRESI-ASF-0001184,WAHIS-ASF-BGR-2020-08-10-01,WAHIS,African swine fever,ASF,Bulgaria,BGR,41.7887,23.9261,2020-08-13,2020-09-14,2020-09-22,Sus scrofa domesticus,1,1,confirmed,synthetic
EMPRESI-ASF-0001303,WAHIS-ASF-BEL-2020-09-07-01,WAHIS,African swine fever,ASF,Belgium,BEL,51.1904,5.3089,2020-09-12,2020-09-17,2020-09-22,Sus scrofa (wild boar),246,217,confirmed,synthetic
EMPRESI-ASF-0001169,WAHIS-ASF-POL-2020-08-10-03,WAHIS,African swine fever,ASF,Poland,POL,50.2071,20.1831,2020-08-15,2020-09-13,2020-09-22,Sus scrofa (wild boar),38,37,confirmed,synthetic
EMPRESI-ASF-0000823,WAHIS-ASF-UKR-2020-07-13-03,WAHIS,African swine fever,ASF,Ukraine,UKR,46.555,35.7045,2020-07-17,2020-09-12,2020-09-22,Sus scrofa domesticus,151,131,confirmed,synthetic
EMPRESI-ASF-0001272,WAHIS-ASF-DEU-2020-08-31-03,WAHIS,African swine fever,ASF,Germany,DEU,52.1085,12.1784,2020-09-02,2020-09-18,2020-09-22,Sus scrofa domesticus,44,36,confirmed,synthetic
EMPRESI-ASF-0001280,WAHIS-ASF-POL-2020-08-31-00,WAHIS,African swine fever,ASF,Poland,POL,50.4902,22.1024,2020-09-05,2020-09-14,2020-09-23,Sus scrofa domesticus,4,4,confirmed,synthetic
EMPRESI-ASF-0001206,WAHIS-ASF-DEU-2020-08-17-00,WAHIS,African swine fever,ASF,Germany,DEU,48.7161,8.241,2020-08-22,2020-09-17,2020-09-23,Sus scrofa (wild boar),132,107,confirmed,synthetic
EMPRESI-ASF-0001296,WAHIS-ASF-FRA-2020-09-07-00,WAHIS,African swine fever,ASF,France,FRA,49.8665,4.3248,2020-09-09,2020-09-14,2020-09-23,Sus scrofa domesticus,39,34,confirmed,synthetic
EMPRESI-ASF-0000689,WAHIS-ASF-GEO-2020-07-06-00,WAHIS,African swine fever,ASF,Georgia,GEO,41.588,43.0587,2020-07-06,2020-09-15,2020-09-23,Sus scrofa (wild boar),71,62,confirmed,synthetic
EMPRESI-ASF-0000886,WAHIS-ASF-BEL-2020-07-20-09,WAHIS,African swine fever,ASF,Belgium,BEL,50.5721,5.024,2020-07-25,2020-09-15,2020-09-23,Sus scrofa (wild boar),31,31,confirmed,synthetic
EMPRESI-ASF-0001288,WAHIS-ASF-BGR-2020-08-31-02,WAHIS,African swine fever,ASF,Bulgaria,BGR,44.0997,26.1414,2020-09-05,2020-09-19,2020-09-24,Sus scrofa domesticus,54,50,confirmed,synthetic
EMPRESI-ASF-0001276,WAHIS-ASF-BEL-2020-08-31-01,WAHIS,African swine fever,ASF,Belgium,BEL,50.1148,4.1721,2020-09-04,2020-09-18,2020-09-24,Sus scrofa (wild boar),115,98,confirmed,synthetic
EMPRESI-ASF-0001271,WAHIS-ASF-DEU-2020-08-31-02,WAHIS,African swine fever,ASF,Germany,DEU,49.1012,12.3609,2020-09-01,2020-09-19,2020-09-24,Sus scrofa (wild boar),178,157,confirmed,synthetic
EMPRESI-ASF-0001045,WAHIS-ASF-RUS-2020-07-27-04,WAHIS,African swine fever,ASF,Russian Federation,RUS,58.3458,35.3394,2020-08-01,2020-09-19,2020-09-25,Sus scrofa (wild boar),85,75,confirmed,synthetic
EMPRESI-ASF-0001160,WAHIS-ASF-ITA-2020-08-10-01,WAHIS,African swine fever,ASF,Italy,ITA,42.9799,8.8395,2020-08-15,2020-09-14,2020-09-25,Sus scrofa (wild boar),10,8,confirmed,synthetic
EMPRESI-ASF-0001267,WAHIS-ASF-TUR-2020-08-24-01,WAHIS,African swine fever,ASF,Türkiye,TUR,37.5829,34.3759,2020-08-27,2020-09-16,2020-09-25,Sus scrofa domesticus,55,48,confirmed,synthetic
EMPRESI-ASF-0001284,WAHIS-ASF-ROU-2020-08-31-01,WAHIS,African swine fever,ASF,Romania,ROU,44.7646,21.9706,2020-09-06,2020-09-19,2020-09-25,Sus scrofa domesticus,154,141,confirmed,synthetic
EMPRESI-ASF-0001292,WAHIS-ASF-RUS-2020-08-31-00,WAHIS,African swine fever,ASF,Russian Federation,RUS,58.1277,44.1783,2020-09-06,2020-09-14,2020-09-26,Sus scrofa (wild boar),40,35,confirmed,synthetic
EMPRESI-ASF-0001115,WAHIS-ASF-BGR-2020-08-03-01,WAHIS,African swine fever,ASF,Bulgaria,BGR,43.0626,26.5727,2020-08-07,2020-09-18,2020-09-26,Sus scrofa domesticus,194,173,confirmed,synthetic
EMPRESI-ASF-0001256,WAHIS-ASF-BEL-2020-08-24-02,WAHIS,African swine fever,ASF,Belgium,BEL,51.2171,3.6116,2020-08-24,2020-09-20,2020-09-26,Sus scrofa domesticus,80,71,confirmed,synthetic
EMPRESI-ASF-0001227,WAHIS-ASF-HUN-2020-08-17-00,WAHIS,African swine fever,ASF,Hungary,HUN,46.1549,18.7167,2020-08-19,2020-09-15,2020-09-26,Sus scrofa (wild boar),20,18,confirmed,synthetic
EMPRESI-ASF-0001311,WAHIS-ASF-BGR-2020-09-07-01,WAHIS,African swine fever,ASF,Bulgaria,BGR,42.0971,25.6226,2020-09-08,2020-09-19,2020-09-27,Sus scrofa domesticus,59,47,confirmed,synthetic
EMPRESI-ASF-0001317,WAHIS-ASF-NLD-2020-09-14-01,WAHIS,African swine fever,ASF,Netherlands,NLD,52.2933,6.934,2020-09-16,2020-09-21,2020-09-27,Sus scrofa (wild boar),68,57,confirmed,synthetic
EMPRESI-ASF-0001229,WAHIS-ASF-HUN-2020-08-17-02,WAHIS,African swine fever,ASF,Hungary,HUN,47.6707,20.3653,2020-08-21,2020-09-18,2020-09-27,Sus scrofa (wild boar),140,120,confirmed,synthetic
EMPRESI-ASF-0001274,WAHIS-ASF-NLD-2020-08-31-00,WAHIS,African swine fever,ASF,Netherlands,NLD,52.271,5.8122,2020-09-06,2020-09-22,2020-09-27,Sus scrofa (wild boar),218,193,confirmed,synthetic
EMPRESI-ASF-0001203,WAHIS-ASF-ISR-2020-08-10-05,WAHIS,African swine fever,ASF,Israel,ISR,31.1511,35.1625,2020-08-12,2020-09-23,2020-09-28,Sus scrofa domesticus,29,25,confirmed,synthetic
EMPRESI-ASF-0001130,WAHIS-ASF-TUR-2020-08-03-01,WAHIS,African swine fever,ASF,Türkiye,TUR,38.7599,32.2133,2020-08-07,2020-09-17,2020-09-28,Sus scrofa (wild boar),190,168,confirmed,synthetic
EMPRESI-ASF-0001176,WAHIS-ASF-ROU-2020-08-10-02,WAHIS,African swine fever,ASF,Romania,ROU,47.1993,23.9982,2020-08-15,2020-09-17,2020-09-28,Sus scrofa domesticus,210,186,confirmed,synthetic
EMPRESI-ASF-0001146,WAHIS-ASF-DEU-2020-08-10-04,WAHIS,African swine fever,ASF,Germany,DEU,53.5475,11.5314,2020-08-14,2020-09-18,2020-09-28,Sus scrofa domesticus,136,123,confirmed,synthetic
EMPRESI-ASF-0001269,WAHIS-ASF-DEU-2020-08-31-00,WAHIS,African swine fever,ASF,Germany,DEU,52.7642,12.6043,2020-09-06,2020-09-21,2020-09-30,Sus scrofa (wild boar),23,23,confirmed,synthetic
EMPRESI-ASF-0001286,WAHIS-ASF-BGR-2020-08-31-00,WAHIS,African swine fever,ASF,Bulgaria,BGR,44.2328,25.0455,2020-09-02,2020-09-23,2020-09-30,Sus scrofa domesticus,87,77,confirmed,synthetic
EMPRESI-ASF-0001322,WAHIS-ASF-ITA-2020-09-14-00,WAHIS,African swine fever,ASF,Italy,ITA,41.3791,14.5898,2020-09-14,2020-09-19,2020-09-30,Sus scrofa domesticus,76,65,confirmed,synthetic
EMPRESI-ASF-0001307,WAHIS-ASF-POL-2020-09-07-00,WAHIS,African swine fever,ASF,Poland,POL,51.6785,18.313,2020-09-08,2020-09-21,2020-10-01,Sus scrofa (wild boar),233,203,confirmed,synthetic
EMPRESI-ASF-0001287,WAHIS-ASF-BGR-2020-08-31-01,WAHIS,African swine fever,ASF,Bulgaria,BGR,42.4269,27.2171,2020-09-02,2020-09-19,2020-10-01,Sus scrofa domesticus,27,24,confirmed,synthetic
EMPRESI-ASF-0000957,WAHIS-ASF-RUS-2020-07-20-06,WAHIS,African swine fever,ASF,Russian Federation,RUS,60.9305,50.1151,2020-07-23,2020-09-23,2020-10-01,Sus scrofa (wild boar),156,135,confirmed,synthetic
EMPRESI-ASF-0000546,WAHIS-ASF-NLD-2020-07-06-03,WAHIS,African swine fever,ASF,Netherlands,NLD,51.1696,5.5229,2020-07-12,2020-09-23,2020-10-01,Sus scrofa (wild boar),111,97,confirmed,synthetic
EMPRESI-HPAI-0000222,WAHIS-HPAI-NLD-2020-09-14-00,WAHIS,High pathogenicity avian influenza,HPAI,Netherlands,NLD,53.1128,5.0571,2020-09-14,2020-09-18,2020-10-02,Larus spp. (wild),3243,1789,confirmed,synthetic
EMPRESI-ASF-0001247,WAHIS-ASF-DEU-2020-08-24-01,WAHIS,African swine fever,ASF,Germany,DEU,49.7478,9.1242,2020-08-25,2020-09-18,2020-10-02,Sus scrofa (wild boar),94,82,confirmed,synthetic
EMPRESI-ASF-0001295,WAHIS-ASF-TUR-2020-08-31-00,WAHIS,African swine fever,ASF,Türkiye,TUR,37.5866,37.9977,2020-09-04,2020-09-23,2020-10-02,Sus scrofa domesticus,19,19,confirmed,synthetic
EMPRESI-ASF-0001189,WAHIS-ASF-SRB-2020-08-10-01,WAHIS,African swine fever,ASF,Serbia,SRB,44.0517,21.2526,2020-08-12,2020-09-27,2020-10-03,Sus scrofa (wild boar),32,27,confirmed,synthetic
EMPRESI-ASF-0001329,WAHIS-ASF-MDA-2020-09-14-00,WAHIS,African swine fever,ASF,Moldova,MDA,46.4627,28.3073,2020-09-17,2020-09-29,2020-10-03,Sus scrofa (wild boar),112,97,confirmed,synthetic
EMPRESI-ASF-0000435,WAHIS-ASF-ESP-2020-06-29-06,WAHIS,African swine fever,ASF,Spain,ESP,40.6439,-4.1549,2020-07-03,2020-09-24,2020-10-03,Sus scrofa (wild boar),182,165,confirmed,synthetic
EMPRESI-ASF-0001255,WAHIS-ASF-BEL-2020-08-24-01,WAHIS,African swine fever,ASF,Belgium,BEL,51.1038,3.5831,2020-08-29,2020-09-27,2020-10-03,Sus scrofa domesticus,150,131,confirmed,synthetic
EMPRESI-ASF-0001318,WAHIS-ASF-BEL-2020-09-14-00,WAHIS,African swine fever,ASF,Belgium,BEL,51.4438,4.6061,2020-09-15,2020-09-27,2020-10-04,Sus scrofa (wild boar),26,21,confirmed,synthetic
EMPRESI-ASF-0001040,WAHIS-ASF-MDA-2020-07-27-01,WAHIS,African swine fever,ASF,Moldova,MDA,46.7686,28.409,2020-08-01,2020-09-26,2020-10-04,Sus scrofa (wild boar),80,61,confirmed,synthetic
EMPRESI-ASF-0001240,WAHIS-ASF-RUS-2020-08-17-01,WAHIS,African swine fever,ASF,Russian Federation,RUS,50.3148,40.1628,2020-08-19,2020-09-27,2020-10-04,Sus scrofa (wild boar),140,112,confirmed,synthetic
EMPRESI-ASF-0001327,WAHIS-ASF-SRB-2020-09-14-00,WAHIS,African swine fever,ASF,Serbia,SRB,44.6937,21.3135,2020-09-15,2020-09-24,2020-10-05,Sus scrofa domesticus,26,24,confirmed,synthetic
EMPRESI-ASF-0000794,WAHIS-ASF-HUN-2020-07-13-11,WAHIS,African swine fever,ASF,Hungary,HUN,46.4382,20.699,2020-07-18,2020-09-26,2020-10-05,Sus scrofa domesticus,140,127,confirmed,synthetic
EMPRESI-ASF-0001074,WAHIS-ASF-NLD-2020-08-03-00,WAHIS,African swine fever,ASF,Netherlands,NLD,51.7737,4.2187,2020-08-03,2020-09-29,2020-10-06,Sus scrofa domesticus,57,47,confirmed,synthetic
EMPRESI-ASF-0001334,WAHIS-ASF-ITA-2020-09-21-02,WAHIS,African swine fever,ASF,Italy,ITA,42.9425,15.9672,2020-09-21,2020-09-30,2020-10-06,Sus scrofa (wild boar),38,34,confirmed,synthetic
EMPRESI-ASF-0001337,WAHIS-ASF-TUR-2020-09-21-00,WAHIS,African swine fever,ASF,Türkiye,TUR,41.0538,34.5025,2020-09-22,2020-09-28,2020-10-07,Sus scrofa domesticus,22,19,confirmed,synthetic
EMPRESI-ASF-0001298,WAHIS-ASF-DEU-2020-09-07-01,WAHIS,African swine fever,ASF,Germany,DEU,53.6906,13.0484,2020-09-09,2020-09-29,2020-10-07,Sus scrofa (wild boar),243,208,confirmed,synthetic
EMPRESI-ASF-0001333,WAHIS-ASF-ITA-2020-09-21-01,WAHIS,African swine fever,ASF,Italy,ITA,41.2991,13.3062,2020-09-25,2020-09-29,2020-10-07,Sus scrofa domesticus,203,182,confirmed,synthetic
EMPRESI-ASF-0001304,WAHIS-ASF-ITA-2020-09-07-00,WAHIS,African swine fever,ASF,Italy,ITA,40.9645,12.717,2020-09-08,2020-09-26,2020-10-07,Sus scrofa domesticus,141,123,confirmed,synthetic
EMPRESI-ASF-0001325,WAHIS-ASF-ROU-2020-09-14-01,WAHIS,African swine fever,ASF,Romania,ROU,46.2958,22.8167,2020-09-14,2020-09-29,2020-10-07,Sus scrofa (wild boar),10,8,confirmed,synthetic
EMPRESI-ASF-0001263,WAHIS-ASF-ROU-2020-08-24-00,WAHIS,African swine fever,ASF,Romania,ROU,46.6279,21.877,2020-08-27,2020-09-26,2020-10-07,Sus scrofa (wild boar),30,28,confirmed,synthetic
EMPRESI-ASF-0001279,WAHIS-ASF-ITA-2020-08-31-00,WAHIS,African swine fever,ASF,Italy,ITA,43.7418,12.1352,2020-09-01,2020-09-30,2020-10-08,Sus scrofa (wild boar),73,69,confirmed,synthetic
EMPRESI-ASF-0001289,WAHIS-ASF-UKR-2020-08-31-00,WAHIS,African swine fever,ASF,Ukraine,UKR,50.5758,30.7299,2020-09-01,2020-10-01,2020-10-08,Sus scrofa (wild boar),225,193,confirmed,synthetic
EMPRESI-ASF-0001243,WAHIS-ASF-GEO-2020-08-17-01,WAHIS,African swine fever,ASF,Georgia,GEO,42.069,42.678,2020-08-20,2020-09-30,2020-10-08,Sus scrofa (wild boar),132,121,confirmed,synthetic
EMPRESI-ASF-0001312,WAHIS-ASF-UKR-2020-09-07-00,WAHIS,African swine fever,ASF,Ukraine,UKR,49.7012,30.1434,2020-09-11,2020-10-03,2020-10-08,Sus scrofa domesticus,67,58,confirmed,synthetic
EMPRESI-ASF-0001238,WAHIS-ASF-MDA-2020-08-17-02,WAHIS,African swine fever,ASF,Moldova,MDA,47.2472,27.1321,2020-08-20,2020-10-02,2020-10-08,Sus scrofa (wild boar),81,68,confirmed,synthetic
EMPRESI-ASF-0000475,WAHIS-ASF-SRB-2020-06-29-03,WAHIS,African swine fever,ASF,Serbia,SRB,44.1684,21.6321,2020-07-04,2020-09-30,2020-10-08,Sus scrofa domesticus,61,54,confirmed,synthetic
EMPRESI-ASF-0001316,WAHIS-ASF-NLD-2020-09-14-00,WAHIS,African swine fever,ASF,Netherlands,NLD,53.2046,5.2925,2020-09-20,2020-09-29,2020-10-08,Sus scrofa (wild boar),24,21,confirmed,synthetic
EMPRESI-ASF-0000400,WAHIS-ASF-NLD-2020-06-29-11,WAHIS,African swine fever,ASF,Netherlands,NLD,52.5522,5.4752,2020-07-05,2020-10-02,2020-10-09,Sus scrofa (wild boar),93,80,confirmed,synthetic
EMPRESI-ASF-0001320,WAHIS-ASF-BEL-2020-09-14-02,WAHIS,African swine fever,ASF,Belgium,BEL,50.4852,4.0196,2020-09-19,2020-10-03,2020-10-10,Sus scrofa (wild boar),173,145,confirmed,synthetic
EMPRESI-ASF-0000493,WAHIS-ASF-UKR-2020-06-29-09,WAHIS,African swine fever,ASF,Ukraine,UKR,45.4133,31.81,2020-07-03,2020-10-01,2020-10-10,Sus scrofa domesticus,50,41,confirmed,synthetic
EMPRESI-ASF-0001299,WAHIS-ASF-DEU-2020-09-07-02,WAHIS,African swine fever,ASF,Germany,DEU,48.6107,12.2471,2020-09-13,2020-09-30,2020-10-11,Sus scrofa domesticus,100,91,confirmed,synthetic
EMPRESI-ASF-0001253,WAHIS-ASF-NLD-2020-08-24-02,WAHIS,African swine fever,ASF,Netherlands,NLD,51.3976,5.8047,2020-08-28,2020-10-01,2020-10-11,Sus scrofa (wild boar),17,17,confirmed,synthetic
EMPRESI-ASF-0001023,WAHIS-ASF-ROU-2020-07-27-04,WAHIS,African swine fever,ASF,Romania,ROU,43.6954,26.3008,2020-07-31,2020-10-05,2020-10-12,Sus scrofa domesticus,193,179,confirmed,synthetic
EMPRESI-ASF-0001314,WAHIS-ASF-RUS-2020-09-07-00,WAHIS,African swine fever,ASF,Russian Federation,RUS,55.858,37.6883,2020-09-07,2020-10-01,2020-10-12,Sus scrofa (wild boar),54,46,confirmed,synthetic
EMPRESI-ASF-0001315,WAHIS-ASF-TUR-2020-09-07-00,WAHIS,African swine fever,ASF,Türkiye,TUR,34.9965,34.1838,2020-09-08,2020-10-01,2020-10-12,Sus scrofa domesticus,47,39,confirmed,synthetic
EMPRESI-ASF-0001294,WAHIS-ASF-RUS-2020-08-31-02,WAHIS,African swine fever,ASF,Russian Federation,RUS,59.1656,37.2007,2020-09-04,2020-10-06,2020-10-13,Sus scrofa domesticus,39,35,confirmed,synthetic
EMPRESI-ASF-0001310,WAHIS-ASF-BGR-2020-09-07-00,WAHIS,African swine fever,ASF,Bulgaria,BGR,42.2539,24.7382,2020-09-08,2020-10-05,2020-10-13,Sus scrofa (wild boar),41,31,confirmed,synthetic
EMPRESI-ASF-0001308,WAHIS-ASF-HUN-2020-09-07-00,WAHIS,African swine fever,ASF,Hungary,HUN,48.0092,19.6325,2020-09-10,2020-10-08,2020-10-14,Sus scrofa domesticus,298,267,confirmed,synthetic
EMPRESI-ASF-0001343,WAHIS-ASF-UKR-2020-09-28-00,WAHIS,African swine fever,ASF,Ukraine,UKR,48.271,31.7574,2020-10-04,2020-10-07,2020-10-14,Sus scrofa domesticus,75,63,confirmed,synthetic
EMPRESI-HPAI-0000223,WAHIS-HPAI-ITA-2020-09-28-00,WAHIS,High pathogenicity avian influenza,HPAI,Italy,ITA,42.782,12.9856,2020-10-02,2020-10-08,2020-10-15,Larus spp. (wild),2536,1458,confirmed,synthetic
EMPRESI-ASF-0000697,WAHIS-ASF-TUN-2020-07-06-01,WAHIS,African swine fever,ASF,Tunisia,TUN,33.938,8.5061,2020-07-07,2020-10-10,2020-10-15,Sus scrofa domesticus,25,23,confirmed,synthetic
EMPRESI-ASF-0000941,WAHIS-ASF-SRB-2020-07-20-05,WAHIS,African swine fever,ASF,Serbia,SRB,43.8361,22.148,2020-07-26,2020-10-07,2020-10-17,Sus scrofa (wild boar),97,82,confirmed,synthetic
EMPRESI-ASF-0001323,WAHIS-ASF-HUN-2020-09-14-00,WAHIS,African swine fever,ASF,Hungary,HUN,46.0119,19.1119,2020-09-14,2020-10-10,2020-10-17,Sus scrofa domesticus,285,251,confirmed,synthetic
EMPRESI-ASF-0001291,WAHIS-ASF-MDA-2020-08-31-01,WAHIS,African swine fever,ASF,Moldova,MDA,47.9995,28.2719,2020-09-05,2020-10-09,2020-10-18,Sus scrofa (wild boar),60,52,confirmed,synthetic
EMPRESI-ASF-0001338,WAHIS-ASF-TUR-2020-09-21-01,WAHIS,African swine fever,ASF,Türkiye,TUR,37.9666,33.6911,2020-09-27,2020-10-13,2020-10-18,Sus scrofa domesticus,313,282,confirmed,synthetic
EMPRESI-ASF-0001313,WAHIS-ASF-UKR-2020-09-07-01,WAHIS,African swine fever,ASF,Ukraine,UKR,49.9322,29.6752,2020-09-11,2020-10-12,2020-10-19,Sus scrofa domesticus,332,296,confirmed,synthetic
EMPRESI-ASF-0001336,WAHIS-ASF-ROU-2020-09-21-00,WAHIS,African swine fever,ASF,Romania,ROU,46.9415,22.9125,2020-09-25,2020-10-14,2020-10-20,Sus scrofa domesticus,38,33,confirmed,synthetic
EMPRESI-ASF-0001297,WAHIS-ASF-DEU-2020-09-07-00,WAHIS,African swine fever,ASF,Germany,DEU,48.6608,10.5392,2020-09-09,2020-10-08,2020-10-20,Sus scrofa domesticus,145,125,confirmed,synthetic
EMPRESI-ASF-0001335,WAHIS-ASF-ESP-2020-09-21-00,WAHIS,African swine fever,ASF,Spain,ESP,37.1384,-1.4695,2020-09-26,2020-10-09,2020-10-21,Sus scrofa domesticus,182,164,confirmed,synthetic
EMPRESI-ASF-0001332,WAHIS-ASF-ITA-2020-09-21-00,WAHIS,African swine fever,ASF,Italy,ITA,42.5214,9.7272,2020-09-24,2020-10-07,2020-10-22,Sus scrofa domesticus,254,228,confirmed,synthetic
EMPRESI-ASF-0001330,WAHIS-ASF-TUR-2020-09-14-00,WAHIS,African swine fever,ASF,Türkiye,TUR,38.6995,36.4769,2020-09-14,2020-10-12,2020-10-23,Sus scrofa (wild boar),253,226,confirmed,synthetic
EMPRESI-ASF-0001342,WAHIS-ASF-ROU-2020-09-28-00,WAHIS,African swine fever,ASF,Romania,ROU,46.6119,26.4663,2020-10-04,2020-10-18,2020-10-23,Sus scrofa (wild boar),3,3,confirmed,synthetic
EMPRESI-ASF-0000362,WAHIS-ASF-TUR-2020-06-22-04,WAHIS,African swine fever,ASF,Türkiye,TUR,39.1649,32.0607,2020-06-23,2020-10-17,2020-10-23,Sus scrofa domesticus,80,72,confirmed,synthetic
EMPRESI-ASF-0001110,WAHIS-ASF-ROU-2020-08-03-03,WAHIS,African swine fever,ASF,Romania,ROU,44.9546,25.2467,2020-08-08,2020-10-15,2020-10-24,Sus scrofa domesticus,90,78,confirmed,synthetic
EMPRESI-ASF-0001281,WAHIS-ASF-POL-2020-08-31-01,WAHIS,African swine fever,ASF,Poland,POL,54.2016,18.6209,2020-09-05,2020-10-15,2020-10-25,Sus scrofa domesticus,128,108,confirmed,synthetic
EMPRESI-ASF-0001344,WAHIS-ASF-RUS-2020-09-28-00,WAHIS,African swine fever,ASF,Russian Federation,RUS,59.4524,39.3024,2020-10-03,2020-10-17,2020-10-26,Sus scrofa (wild boar),131,104,confirmed,synthetic
EMPRESI-ASF-0001134,WAHIS-ASF-GEO-2020-08-03-01,WAHIS,African swine fever,ASF,Georgia,GEO,42.1768,41.8295,2020-08-03,2020-10-21,2020-10-27,Sus scrofa domesticus,180,160,confirmed,synthetic
EMPRESI-ASF-0001346,WAHIS-ASF-HUN-2020-10-05-00,WAHIS,African swine fever,ASF,Hungary,HUN,47.4395,18.6691,2020-10-05,2020-10-19,2020-10-28,Sus scrofa domesticus,18,16,confirmed,synthetic
EMPRESI-ASF-0001321,WAHIS-ASF-BEL-2020-09-14-03,WAHIS,African swine fever,ASF,Belgium,BEL,50.0051,5.151,2020-09-15,2020-10-17,2020-10-29,Sus scrofa (wild boar),107,96,confirmed,synthetic
EMPRESI-ASF-0001347,WAHIS-ASF-ITA-2020-10-12-00,WAHIS,African swine fever,ASF,Italy,ITA,44.6151,12.9628,2020-10-14,2020-10-25,2020-10-30,Sus scrofa domesticus,69,61,confirmed,synthetic
EMPRESI-ASF-0001331,WAHIS-ASF-NLD-2020-09-21-00,WAHIS,African swine fever,ASF,Netherlands,NLD,52.3091,6.4024,2020-09-26,2020-10-23,2020-10-31,Sus scrofa domesticus,2,2,confirmed,synthetic
EMPRESI-ASF-0001197,WAHIS-ASF-GEO-2020-08-10-00,WAHIS,African swine fever,ASF,Georgia,GEO,41.11,44.6241,2020-08-15,2020-10-24,2020-10-31,Sus scrofa (wild boar),131,116,confirmed,synthetic
EMPRESI-ASF-0000948,WAHIS-ASF-MDA-2020-07-20-03,WAHIS,African swine fever,ASF,Moldova,MDA,47.2835,27.8457,2020-07-24,2020-10-27,2020-11-01,Sus scrofa domesticus,121,109,confirmed,synthetic
EMPRESI-ASF-0001300,WAHIS-ASF-DEU-2020-09-07-03,WAHIS,African swine fever,ASF,Germany,DEU,50.5176,13.7605,2020-09-11,2020-10-20,2020-11-02,Sus scrofa domesticus,46,41,confirmed,synthetic
EMPRESI-ASF-0001345,WAHIS-ASF-ESP-2020-10-05-00,WAHIS,African swine fever,ASF,Spain,ESP,38.1172,-3.9495,2020-10-11,2020-10-25,2020-11-02,Sus scrofa domesticus,76,68,confirmed,synthetic
EMPRESI-HPAI-0000227,WAHIS-HPAI-POL-2020-10-19-00,WAHIS,High pathogenicity avian influenza,HPAI,Poland,POL,51.5203,22.352,2020-10-20,2020-10-25,2020-11-02,Larus spp. (wild),1284,723,confirmed,synthetic
EMPRESI-ASF-0001351,WAHIS-ASF-NLD-2020-10-19-00,WAHIS,African swine fever,ASF,Netherlands,NLD,51.6126,6.4082,2020-10-22,2020-10-31,2020-11-03,Sus scrofa domesticus,68,53,confirmed,synthetic
EMPRESI-ASF-0001339,WAHIS-ASF-GEO-2020-09-21-00,WAHIS,African swine fever,ASF,Georgia,GEO,41.6836,43.8351,2020-09-23,2020-10-21,2020-11-04,Sus scrofa (wild boar),131,117,confirmed,synthetic
EMPRESI-ASF-0001349,WAHIS-ASF-ITA-2020-10-12-02,WAHIS,African swine fever,ASF,Italy,ITA,43.8457,10.8579,2020-10-17,2020-10-30,2020-11-06,Sus scrofa domesticus,9,7,confirmed,synthetic
EMPRESI-HPAI-0000230,WAHIS-HPAI-NLD-2020-10-26-01,WAHIS,High pathogenicity avian influenza,HPAI,Netherlands,NLD,52.3382,3.9407,2020-10-30,2020-11-03,2020-11-09,Larus spp. (wild),8309,4645,confirmed,synthetic
EMPRESI-ASF-0001120,WAHIS-ASF-UKR-2020-08-03-00,WAHIS,African swine fever,ASF,Ukraine,UKR,46.5754,29.3578,2020-08-09,2020-11-03,2020-11-09,Sus scrofa domesticus,112,92,confirmed,synthetic
EMPRESI-ASF-0001354,WAHIS-ASF-RUS-2020-10-19-00,WAHIS,African swine fever,ASF,Russian Federation,RUS,59.8435,38.7226,2020-10-22,2020-11-02,2020-11-09,Sus scrofa (wild boar),24,20,confirmed,synthetic
EMPRESI-HPAI-0000226,WAHIS-HPAI-NLD-2020-10-19-01,WAHIS,High pathogenicity avian influenza,HPAI,Netherlands,NLD,52.8658,5.8019,2020-10-25,2020-11-03,2020-11-10,Gallus gallus (domestic),10695,5771,confirmed,synthetic
EMPRESI-HPAI-0000231,WAHIS-HPAI-NLD-2020-10-26-02,WAHIS,High pathogenicity avian influenza,HPAI,Netherlands,NLD,52.307,5.3956,2020-10-29,2020-11-07,2020-11-15,Cygnus olor (wild),3164,1762,confirmed,synthetic
EMPRESI-ASF-0000934,WAHIS-ASF-BGR-2020-07-20-05,WAHIS,African swine fever,ASF,Bulgaria,BGR,41.274,24.4736,2020-07-21,2020-11-06,2020-11-15,Sus scrofa domesticus,179,162,confirmed,synthetic
EMPRESI-HPAI-0000229,WAHIS-HPAI-NLD-2020-10-26-00,WAHIS,High pathogenicity avian influenza,HPAI,Netherlands,NLD,53.1608,5.1895,2020-10-31,2020-11-08,2020-11-16,Cygnus olor (wild),3276,1778,confirmed,synthetic
EMPRESI-ASF-0000931,WAHIS-ASF-BGR-2020-07-20-02,WAHIS,African swine fever,ASF,Bulgaria,BGR,42.7272,26.4769,2020-07-25,2020-11-08,2020-11-18,Sus scrofa (wild boar),29,23,confirmed,synthetic
EMPRESI-ASF-0001355,WAHIS-ASF-ESP-2020-10-26-00,WAHIS,African swine fever,ASF,Spain,ESP,38.8834,-6.3601,2020-10-28,2020-11-11,2020-11-20,Sus scrofa (wild boar),18,16,confirmed,synthetic
EMPRESI-ASF-0001309,WAHIS-ASF-ROU-2020-09-07-00,WAHIS,African swine fever,ASF,Romania,ROU,46.8898,22.8848,2020-09-09,2020-11-11,2020-11-21,Sus scrofa domesticus,38,32,confirmed,synthetic
EMPRESI-HPAI-0000233,WAHIS-HPAI-DEU-2020-11-02-01,WAHIS,High pathogenicity avian influenza,HPAI,Germany,DEU,51.9491,8.6943,2020-11-03,2020-11-13,2020-11-22,Meleagris gallopavo (domestic),4297,2397,confirmed,synthetic
EMPRESI-HPAI-0000232,WAHIS-HPAI-DEU-2020-11-02-00,WAHIS,High pathogenicity avian influenza,HPAI,Germany,DEU,51.2443,7.9443,2020-11-08,2020-11-14,2020-11-22,Gallus gallus (domestic),4405,2398,confirmed,synthetic
EMPRESI-HPAI-0000228,WAHIS-HPAI-DEU-2020-10-26-00,WAHIS,High pathogenicity avian influenza,HPAI,Germany,DEU,52.5508,12.1755,2020-10-29,2020-11-13,2020-11-23,Anas platyrhynchos (domestic),1717,912,confirmed,synthetic
EMPRESI-ASF-0000491,WAHIS-ASF-UKR-2020-06-29-07,WAHIS,African swine fever,ASF,Ukraine,UKR,45.3581,30.7516,2020-07-04,2020-11-09,2020-11-24,Sus scrofa domesticus,95,82,confirmed,synthetic
EMPRESI-HPAI-0000241,WAHIS-HPAI-DEU-2020-11-09-00,WAHIS,High pathogenicity avian influenza,HPAI,Germany,DEU,51.304,5.5961,2020-11-14,2020-11-19,2020-11-25,Cygnus olor (wild),7566,4150,confirmed,synthetic
EMPRESI-ASF-0001356,WAHIS-ASF-ROU-2020-10-26-00,WAHIS,African swine fever,ASF,Romania,ROU,45.3174,22.1965,2020-10-27,2020-11-14,2020-11-25,Sus scrofa domesticus,93,83,confirmed,synthetic
EMPRESI-HPAI-0000247,WAHIS-HPAI-ITA-2020-11-09-01,WAHIS,High pathogenicity avian influenza,HPAI,Italy,ITA,45.2545,12.3586,2020-11-12,2020-11-18,2020-11-25,Cygnus olor (wild),2976,1651,confirmed,synthetic
EMPRESI-HPAI-0000236,WAHIS-HPAI-BEL-2020-11-02-00,WAHIS,High pathogenicity avian influenza,HPAI,Belgium,BEL,50.3093,3.8597,2020-11-04,2020-11-16,2020-11-25,Gallus gallus (domestic),1327,721,confirmed,synthetic
EMPRESI-HPAI-0000249,WAHIS-HPAI-ROU-2020-11-09-00,WAHIS,High pathogenicity avian influenza,HPAI,Romania,ROU,44.3679,27.5545,2020-11-09,2020-11-21,2020-11-29,Meleagris gallopavo (domestic),2906,1604,confirmed,synthetic
EMPRESI-HPAI-0000263,WAHIS-HPAI-NLD-2020-11-16-07,WAHIS,High pathogenicity avian influenza,HPAI,Netherlands,NLD,51.8936,4.0168,2020-11-18,2020-11-21,2020-11-29,Anas platyrhynchos (domestic),5719,3157,confirmed,synthetic
EMPRESI-ASF-0001358,WAHIS-ASF-ESP-2020-11-02-00,WAHIS,African swine fever,ASF,Spain,ESP,39.6251,-6.9288,2020-11-03,2020-11-19,2020-11-29,Sus scrofa (wild boar),52,47,confirmed,synthetic
EMPRESI-HPAI-0000264,WAHIS-HPAI-BEL-2020-11-16-00,WAHIS,High pathogenicity avian influenza,HPAI,Belgium,BEL,49.978,3.9545,2020-11-16,2020-11-21,2020-11-30,Larus spp. (wild),7592,4211,confirmed,synthetic
EMPRESI-HPAI-0000246,WAHIS-HPAI-ITA-2020-11-09-00,WAHIS,High pathogenicity avian influenza,HPAI,Italy,ITA,41.6579,9.8114,2020-11-13,2020-11-20,2020-11-30,Anas platyrhynchos (domestic),2400,1345,confirmed,synthetic
EMPRESI-ASF-0001170,WAHIS-ASF-HUN-2020-08-10-00,WAHIS,African swine fever,ASF,Hungary,HUN,46.0493,20.2364,2020-08-15,2020-11-24,2020-12-01,Sus scrofa (wild boar),31,29,confirmed,synthetic
EMPRESI-HPAI-0000271,WAHIS-HPAI-POL-2020-11-16-00,WAHIS,High pathogenicity avian influenza,HPAI,Poland,POL,49.3832,18.9963,2020-11-18,2020-11-26,2020-12-02,Larus spp. (wild),2683,1463,confirmed,synthetic
EMPRESI-HPAI-0000272,WAHIS-HPAI-POL-2020-11-16-01,WAHIS,High pathogenicity avian influenza,HPAI,Poland,POL,54.3182,17.4994,2020-11-19,2020-11-26,2020-12-03,Larus spp. (wild),5975,3296,confirmed,synthetic
EMPRESI-HPAI-0000252,WAHIS-HPAI-FRA-2020-11-16-01,WAHIS,High pathogenicity avian influenza,HPAI,France,FRA,46.8564,-2.2692,2020-11-19,2020-11-22,2020-12-03,Meleagris gallopavo (domestic),6437,3539,confirmed,synthetic
EMPRESI-HPAI-0000266,WAHIS-HPAI-BEL-2020-11-16-02,WAHIS,High pathogenicity avian influenza,HPAI,Belgium,BEL,50.1378,5.4738,2020-11-20,2020-11-29,2020-12-03,Cygnus olor (wild),1742,991,confirmed,synthetic
EMPRESI-HPAI-0000295,WAHIS-HPAI-BEL-2020-11-23-03,WAHIS,High pathogenicity avian influenza,HPAI,Belgium,BEL,50.7238,4.1045,2020-11-27,2020-11-29,2020-12-04,Larus spp. (wild),6348,3477,confirmed,synthetic
EMPRESI-HPAI-0000286,WAHIS-HPAI-NLD-2020-11-23-03,WAHIS,High pathogenicity avian influenza,HPAI,Netherlands,NLD,52.4614,6.1461,2020-11-23,2020-11-28,2020-12-05,Meleagris gallopavo (domestic),353,225,confirmed,synthetic
EMPRESI-HPAI-0000243,WAHIS-HPAI-NLD-2020-11-09-00,WAHIS,High pathogenicity avian influenza,HPAI,Netherlands,NLD,51.4607,4.4562,2020-11-11,2020-11-28,2020-12-05,Cygnus olor (wild),2890,1582,confirmed,synthetic
EMPRESI-HPAI-0000256,WAHIS-HPAI-NLD-2020-11-16-00,WAHIS,High pathogenicity avian influenza,HPAI,Netherlands,NLD,52.8235,5.6071,2020-11-17,2020-11-27,2020-12-05,Anas platyrhynchos (domestic),2069,1151,confirmed,synthetic
EMPRESI-HPAI-0000299,WAHIS-HPAI-POL-2020-11-23-00,WAHIS,High pathogenicity avian influenza,HPAI,Poland,POL,53.8518,20.8163,2020-11-23,2020-11-29,2020-12-06,Gallus gallus (domestic),2310,1258,confirmed,synthetic
EMPRESI-HPAI-0000248,WAHIS-HPAI-POL-2020-11-09-00,WAHIS,High pathogenicity avian influenza,HPAI,Poland,POL,51.8515,15.4508,2020-11-15,2020-11-25,2020-12-06,Gallus gallus (domestic),190,99,confirmed,synthetic
EMPRESI-ASF-0001236,WAHIS-ASF-MDA-2020-08-17-00,WAHIS,African swine fever,ASF,Moldova,MDA,47.3724,27.29,2020-08-17,2020-11-29,2020-12-07,Sus scrofa domesticus,222,195,confirmed,synthetic
EMPRESI-HPAI-0000250,WAHIS-HPAI-UKR-2020-11-09-00,WAHIS,High pathogenicity avian influenza,HPAI,Ukraine,UKR,48.1096,28.2645,2020-11-11,2020-11-28,2020-12-07,Anas platyrhynchos (domestic),6071,3353,confirmed,synthetic
EMPRESI-HPAI-0000265,WAHIS-HPAI-BEL-2020-11-16-01,WAHIS,High pathogenicity avian influenza,HPAI,Belgium,BEL,51.1585,4.5514,2020-11-19,2020-11-30,2020-12-07,Meleagris gallopavo (domestic),2165,1188,confirmed,synthetic
EMPRESI-HPAI-0000288,WAHIS-HPAI-NLD-2020-11-23-05,WAHIS,High pathogenicity avian influenza,HPAI,Netherlands,NLD,52.6485,5.8164,2020-11-24,2020-11-30,2020-12-08,Gallus gallus (domestic),326,186,confirmed,synthetic
EMPRESI-HPAI-0000258,WAHIS-HPAI-NLD-2020-11-16-02,WAHIS,High pathogenicity avian influenza,HPAI,Netherlands,NLD,51.6547,6.398,2020-11-20,2020-11-27,2020-12-08,Gallus gallus (domestic),3213,1790,confirmed,synthetic
EMPRESI-ASF-0001359,WAHIS-ASF-HUN-2020-11-16-00,WAHIS,African swine fever,ASF,Hungary,HUN,46.6338,18.0576,2020-11-18,2020-11-30,2020-12-09,Sus scrofa domesticus,257,226,confirmed,synthetic
EMPRESI-ASF-0001348,WAHIS-ASF-ITA-2020-10-12-01,WAHIS,African swine fever,ASF,Italy,ITA,42.306,16.2058,2020-10-15,2020-11-29,2020-12-09,Sus scrofa (wild boar),140,127,confirmed,synthetic
EMPRESI-HPAI-0000278,WAHIS-HPAI-FRA-2020-11-23-04,WAHIS,High pathogenicity avian influenza,HPAI,France,FRA,43.682,4.0905,2020-11-24,2020-11-30,2020-12-09,Meleagris gallopavo (domestic),10513,5824,confirmed,synthetic
EMPRESI-HPAI-0000279,WAHIS-HPAI-FRA-2020-11-23-05,WAHIS,High pathogenicity avian influenza,HPAI,France,FRA,47.5189,-1.0651,2020-11-28,2020-12-04,2020-12-10,Gallus gallus (domestic),2706,1474,confirmed,synthetic
EMPRESI-HPAI-0000297,WAHIS-HPAI-ESP-2020-11-23-00,WAHIS,High pathogenicity avian influenza,HPAI,Spain,ESP,38.4163,-6.2307,2020-11-24,2020-11-29,2020-12-10,Meleagris gallopavo (domestic),5296,2962,confirmed,synthetic
EMPRESI-HPAI-0000303,WAHIS-HPAI-SRB-2020-11-23-00,WAHIS,High pathogenicity avian influenza,HPAI,Serbia,SRB,44.6548,22.1023,2020-11-23,2020-11-30,2020-12-10,Gallus gallus (domestic),5093,2831,confirmed,synthetic
EMPRESI-HPAI-0000281,WAHIS-HPAI-DEU-2020-11-23-01,WAHIS,High pathogenicity avian influenza,HPAI,Germany,DEU,50.8439,6.3253,2020-11-29,2020-12-04,2020-12-11,Larus spp. (wild),2348,1275,confirmed,synthetic
EMPRESI-HPAI-0000294,WAHIS-HPAI-BEL-2020-11-23-02,WAHIS,High pathogenicity avian influenza,HPAI,Belgium,BEL,50.5869,5.2279,2020-11-27,2020-12-02,2020-12-11,Larus spp. (wild),4203,2281,confirmed,synthetic
EMPRESI-HPAI-0000237,WAHIS-HPAI-POL-2020-11-02-00,WAHIS,High pathogenicity avian influenza,HPAI,Poland,POL,49.8972,17.8729,2020-11-06,2020-12-04,2020-12-11,Meleagris gallopavo (domestic),4733,2640,confirmed,synthetic
EMPRESI-HPAI-0000287,WAHIS-HPAI-NLD-2020-11-23-04,WAHIS,High pathogenicity avian influenza,HPAI,Netherlands,NLD,52.5066,4.3117,2020-11-24,2020-12-02,2020-12-11,Larus spp. (wild),1381,743,confirmed,synthetic
EMPRESI-HPAI-0000298,WAHIS-HPAI-ESP-2020-11-23-01,WAHIS,High pathogenicity avian influenza,HPAI,Spain,ESP,38.71,-7.367,2020-11-24,2020-12-02,2020-12-12,Anas platyrhynchos (domestic),5325,2916,confirmed,synthetic
EMPRESI-HPAI-0000257,WAHIS-HPAI-NLD-2020-11-16-01,WAHIS,High pathogenicity avian influenza,HPAI,Netherlands,NLD,53.0028,5.7018,2020-11-21,2020-12-05,2020-12-12,Gallus gallus (domestic),2163,1193,confirmed,synthetic
EMPRESI-HPAI-0000270,WAHIS-HPAI-ITA-2020-11-16-01,WAHIS,High pathogenicity avian influenza,HPAI,Italy,ITA,42.3907,9.5795,2020-11-17,2020-12-03,2020-12-12,Gallus gallus (domestic),369,193,confirmed,synthetic
EMPRESI-HPAI-0000240,WAHIS-HPAI-FRA-2020-11-09-01,WAHIS,High pathogenicity avian influenza,HPAI,France,FRA,45.5203,-2.588,2020-11-09,2020-12-05,2020-12-13,Cygnus olor (wild),4290,2330,confirmed,synthetic
EMPRESI-HPAI-0000302,WAHIS-HPAI-HUN-2020-11-23-02,WAHIS,High pathogenicity avian influenza,HPAI,Hungary,HUN,48.3217,18.66,2020-11-23,2020-12-05,2020-12-13,Meleagris gallopavo (domestic),1970,1104,confirmed,synthetic
EMPRESI-HPAI-0000292,WAHIS-HPAI-BEL-2020-11-23-00,WAHIS,High pathogenicity avian influenza,HPAI,Belgium,BEL,50.6459,3.6226,2020-11-26,2020-12-08,2020-12-14,Meleagris gallopavo (domestic),5745,3165,confirmed,synthetic
EMPRESI-HPAI-0000338,WAHIS-HPAI-HUN-2020-11-30-03,WAHIS,High pathogenicity avian influenza,HPAI,Hungary,HUN,47.8376,19.3514,2020-12-05,2020-12-11,2020-12-14,Gallus gallus (domestic),2976,1630,confirmed,synthetic
EMPRESI-HPAI-0000275,WAHIS-HPAI-FRA-2020-11-23-01,WAHIS,High pathogenicity avian influenza,HPAI,France,FRA,45.2278,3.4049,2020-11-29,2020-12-06,2020-12-14,Cygnus olor (wild),3111,1656,confirmed,synthetic
EMPRESI-HPAI-0000255,WAHIS-HPAI-DEU-2020-11-16-00,WAHIS,High pathogenicity avian influenza,HPAI,Germany,DEU,50.246,7.0702,2020-11-20,2020-12-06,2020-12-14,Meleagris gallopavo (domestic),7826,4246,confirmed,synthetic
EMPRESI-HPAI-0000261,WAHIS-HPAI-NLD-2020-11-16-05,WAHIS,High pathogenicity avian influenza,HPAI,Netherlands,NLD,52.4831,6.3314,2020-11-22,2020-12-07,2020-12-15,Larus spp. (wild),16496,9047,confirmed,synthetic
EMPRESI-HPAI-0000321,WAHIS-HPAI-NLD-2020-11-30-08,WAHIS,High pathogenicity avian influenza,HPAI,Netherlands,NLD,51.4069,4.9111,2020-12-05,2020-12-09,2020-12-15,Cygnus olor (wild),5862,3177,confirmed,synthetic
EMPRESI-HPAI-0000305,WAHIS-HPAI-UKR-2020-11-23-01,WAHIS,High pathogenicity avian influenza,HPAI,Ukraine,UKR,48.5535,30.0608,2020-11-28,2020-12-08,2020-12-15,Larus spp. (wild),7975,4369,confirmed,synthetic
EMPRESI-HPAI-0000310,WAHIS-HPAI-FRA-2020-11-30-04,WAHIS,High pathogenicity avian influenza,HPAI,France,FRA,46.4782,3.0886,2020-12-02,2020-12-08,2020-12-15,Gallus gallus (domestic),2228,1229,confirmed,synthetic
EMPRESI-HPAI-0000285,WAHIS-HPAI-NLD-2020-11-23-02,WAHIS,High pathogenicity avian influenza,HPAI,Netherlands,NLD,52.0563,5.8033,2020-11-26,2020-12-08,2020-12-15,Gallus gallus (domestic),789,421,confirmed,synthetic
EMPRESI-HPAI-0000349,WAHIS-HPAI-FRA-2020-12-07-00,WAHIS,High pathogenicity avian influenza,HPAI,France,FRA,47.0397,0.9437,2020-12-08,2020-12-11,2020-12-16,Larus spp. (wild),858,485,confirmed,synthetic
EMPRESI-HPAI-0000289,WAHIS-HPAI-NLD-2020-11-23-06,WAHIS,High pathogenicity avian influenza,HPAI,Netherlands,NLD,51.5072,4.622,2020-11-28,2020-12-06,2020-12-16,Anas platyrhynchos (domestic),8504,4652,confirmed,synthetic
EMPRESI-HPAI-0000316,WAHIS-HPAI-NLD-2020-11-30-03,WAHIS,High pathogenicity avian influenza,HPAI,Netherlands,NLD,52.6163,4.2109,2020-11-30,2020-12-06,2020-12-17,Larus spp. (wild),3512,1931,confirmed,synthetic
EMPRESI-HPAI-0000334,WAHIS-HPAI-ESP-2020-11-30-01,WAHIS,High pathogenicity avian influenza,HPAI,Spain,ESP,39.2704,-2.0664,2020-12-03,2020-12-10,2020-12-17,Larus spp. (wild),2948,1582,confirmed,synthetic
EMPRESI-HPAI-0000367,WAHIS-HPAI-ITA-2020-12-07-01,WAHIS,High pathogenicity avian influenza,HPAI,Italy,ITA,43.4711,10.5272,2020-12-07,2020-12-10,2020-12-18,Gallus gallus (domestic),3223,1806,confirmed,synthetic
EMPRESI-HPAI-0000319,WAHIS-HPAI-NLD-2020-11-30-06,WAHIS,High pathogenicity avian influenza,HPAI,Netherlands,NLD,51.7571,4.5557,2020-12-03,2020-12-09,2020-12-18,Anas platyrhynchos (domestic),2319,1268,confirmed,synthetic
EMPRESI-HPAI-0000267,WAHIS-HPAI-BEL-2020-11-16-03,WAHIS,High pathogenicity avian influenza,HPAI,Belgium,BEL,50.2197,5.8612,2020-11-17,2020-12-11,2020-12-18,Gallus gallus (domestic),5574,3123,confirmed,synthetic
EMPRESI-HPAI-0000368,WAHIS-HPAI-ITA-2020-12-07-02,WAHIS,High pathogenicity avian influenza,HPAI,Italy,ITA,41.77,12.0518,2020-12-07,2020-12-11,2020-12-19,Meleagris gallopavo (domestic),3973,2207,confirmed,synthetic
EMPRESI-HPAI-0000311,WAHIS-HPAI-DEU-2020-11-30-00,WAHIS,High pathogenicity avian influenza,HPAI,Germany,DEU,51.0054,13.0035,2020-12-02,2020-12-12,2020-12-19,Meleagris gallopavo (domestic),724,410,confirmed,synthetic
EMPRESI-HPAI-0000322,WAHIS-HPAI-NLD-2020-11-30-09,WAHIS,High pathogenicity avian influenza,HPAI,Netherlands,NLD,51.7134,6.7926,2020-12-05,2020-12-11,2020-12-19,Anas platyrhynchos (domestic),2465,1376,confirmed,synthetic
EMPRESI-HPAI-0000366,WAHIS-HPAI-ITA-2020-12-07-00,WAHIS,High pathogenicity avian influenza,HPAI,Italy,ITA,42.5371,16.2141,2020-12-09,2020-12-14,2020-12-19,Meleagris gallopavo (domestic),4695,2638,confirmed,synthetic
EMPRESI-HPAI-0000330,WAHIS-HPAI-ITA-2020-11-30-03,WAHIS,High pathogenicity avian influenza,HPAI,Italy,ITA,42.6176,14.4545,2020-12-04,2020-12-11,2020-12-19,Meleagris gallopavo (domestic),2284,1198,confirmed,synthetic
EMPRESI-HPAI-0000301,WAHIS-HPAI-HUN-2020-11-23-01,WAHIS,High pathogenicity avian influenza,HPAI,Hungary,HUN,46.2435,20.2904,2020-11-29,2020-12-10,2020-12-20,Cygnus olor (wild),1852,984,confirmed,synthetic
EMPRESI-HPAI-0000320,WAHIS-HPAI-NLD-2020-11-30-07,WAHIS,High pathogenicity avian influenza,HPAI,Netherlands,NLD,52.4666,4.0117,2020-12-05,2020-12-14,2020-12-20,Meleagris gallopavo (domestic),4194,2327,confirmed,synthetic
EMPRESI-HPAI-0000274,WAHIS-HPAI-FRA-2020-11-23-00,WAHIS,High pathogenicity avian influenza,HPAI,France,FRA,44.7682,3.0659,2020-11-27,2020-12-13,2020-12-20,Meleagris gallopavo (domestic),3526,1912,confirmed,synthetic
EMPRESI-HPAI-0000290,WAHIS-HPAI-NLD-2020-11-23-07,WAHIS,High pathogenicity avian influenza,HPAI,Netherlands,NLD,51.7925,4.26,2020-11-29,2020-12-12,2020-12-21,Meleagris gallopavo (domestic),4954,2694,confirmed,synthetic
EMPRESI-HPAI-0000304,WAHIS-HPAI-UKR-2020-11-23-00,WAHIS,High pathogenicity avian influenza,HPAI,Ukraine,UKR,49.8655,33.5032,2020-11-27,2020-12-12,2020-12-21,Gallus gallus (domestic),5012,2765,confirmed,synthetic
EMPRESI-HPAI-0000314,WAHIS-HPAI-NLD-2020-11-30-01,WAHIS,High pathogenicity avian influenza,HPAI,Netherlands,NLD,51.8292,4.6527,2020-12-04,2020-12-12,2020-12-21,Cygnus olor (wild),3366,1879,confirmed,synthetic
EMPRESI-HPAI-0000333,WAHIS-HPAI-ESP-2020-11-30-00,WAHIS,High pathogenicity avian influenza,HPAI,Spain,ESP,40.5347,-0.2692,2020-12-06,2020-12-13,2020-12-21,Cygnus olor (wild),6395,3566,confirmed,synthetic
EMPRESI-HPAI-0000332,WAHIS-HPAI-ITA-2020-11-30-05,WAHIS,High pathogenicity avian influenza,HPAI,Italy,ITA,44.0181,12.6002,2020-12-04,2020-12-12,2020-12-21,Anas platyrhynchos (domestic),4718,2558,confirmed,synthetic
EMPRESI-HPAI-0000370,WAHIS-HPAI-ITA-2020-12-07-04,WAHIS,High pathogenicity avian influenza,HPAI,Italy,ITA,43.1217,14.3353,2020-12-10,2020-12-16,2020-12-22,Larus spp. (wild),1088,616,confirmed,synthetic
EMPRESI-HPAI-0000296,WAHIS-HPAI-ITA-2020-11-23-00,WAHIS,High pathogenicity avian influenza,HPAI,Italy,ITA,44.1075,10.0767,2020-11-28,2020-12-14,2020-12-22,Larus spp. (wild),3026,1677,confirmed,synthetic
EMPRESI-HPAI-0000328,WAHIS-HPAI-ITA-2020-11-30-01,WAHIS,High pathogenicity avian influenza,HPAI,Italy,ITA,41.5147,13.3894,2020-12-04,2020-12-14,2020-12-22,Gallus gallus (domestic),2285,1284,confirmed,synthetic
EMPRESI-HPAI-0000325,WAHIS-HPAI-BEL-2020-11-30-02,WAHIS,High pathogenicity avian influenza,HPAI,Belgium,BEL,50.357,5.2,2020-12-06,2020-12-12,2020-12-22,Larus spp. (wild),1848,1026,confirmed,synthetic
EMPRESI-HPAI-0000344,WAHIS-HPAI-MDA-2020-11-30-00,WAHIS,High pathogenicity avian influenza,HPAI,Moldova,MDA,46.5358,28.8635,2020-12-06,2020-12-13,2020-12-22,Larus spp. (wild),3304,1791,confirmed,synthetic
EMPRESI-HPAI-0000253,WAHIS-HPAI-FRA-2020-11-16-02,WAHIS,High pathogenicity avian influenza,HPAI,France,FRA,45.8747,3.2373,2020-11-22,2020-12-11,2020-12-22,Cygnus olor (wild),2312,1286,confirmed,synthetic
EMPRESI-HPAI-0000372,WAHIS-HPAI-ITA-2020-12-07-06,WAHIS,High pathogenicity avian influenza,HPAI,Italy,ITA,43.5147,10.809,2020-12-07,2020-12-18,2020-12-23,Gallus gallus (domestic),1497,824,confirmed,synthetic
EMPRESI-HPAI-0000323,WAHIS-HPAI-BEL-2020-11-30-00,WAHIS,High pathogenicity avian influenza,HPAI,Belgium,BEL,50.0491,3.7834,2020-11-30,2020-12-14,2020-12-24,Larus spp. (wild),3216,1789,confirmed,synthetic
EMPRESI-HPAI-0000361,WAHIS-HPAI-NLD-2020-12-07-04,WAHIS,High pathogenicity avian influenza,HPAI,Netherlands,NLD,52.9547,4.9417,2020-12-07,2020-12-17,2020-12-24,Cygnus olor (wild),326,165,confirmed,synthetic
EMPRESI-HPAI-0000384,WAHIS-HPAI-ROU-2020-12-07-01,WAHIS,High pathogenicity avian influenza,HPAI,Romania,ROU,47.5829,27.1284,2020-12-10,2020-12-18,2020-12-24,Cygnus olor (wild),3323,1836,confirmed,synthetic
EMPRESI-HPAI-0000418,WAHIS-HPAI-ITA-2020-12-14-05,WAHIS,High pathogenicity avian influenza,HPAI,Italy,ITA,42.4633,14.131,2020-12-15,2020-12-21,2020-12-25,Anas platyrhynchos (domestic),2792,1552,confirmed,synthetic
EMPRESI-HPAI-0000374,WAHIS-HPAI-ITA-2020-12-07-08,WAHIS,High pathogenicity avian influenza,HPAI,Italy,ITA,43.9536,9.0753,2020-12-08,2020-12-15,2020-12-25,Gallus gallus (domestic),9820,5355,confirmed,synthetic
EMPRESI-HPAI-0000360,WAHIS-HPAI-NLD-2020-12-07-03,WAHIS,High pathogenicity avian influenza,HPAI,Netherlands,NLD,51.9882,6.0442,2020-12-08,2020-12-14,2020-12-25,Meleagris gallopavo (domestic),4351,2368,confirmed,synthetic
EMPRESI-HPAI-0000341,WAHIS-HPAI-UKR-2020-11-30-00,WAHIS,High pathogenicity avian influenza,HPAI,Ukraine,UKR,47.8659,35.2409,2020-12-06,2020-12-21,2020-12-25,Anas platyrhynchos (domestic),4977,2672,confirmed,synthetic
EMPRESI-HPAI-0000329,WAHIS-HPAI-ITA-2020-11-30-02,WAHIS,High pathogenicity avian influenza,HPAI,Italy,ITA,43.0414,11.6422,2020-12-06,2020-12-15,2020-12-26,Cygnus olor (wild),5424,2957,confirmed,synthetic
EMPRESI-HPAI-0000318,WAHIS-HPAI-NLD-2020-11-30-05,WAHIS,High pathogenicity avian influenza,HPAI,Netherlands,NLD,51.3331,6.1966,2020-12-04,2020-12-18,2020-12-27,Larus spp. (wild),4324,2415,confirmed,synthetic
EMPRESI-HPAI-0000376,WAHIS-HPAI-ESP-2020-12-07-01,WAHIS,High pathogenicity avian influenza,HPAI,Spain,ESP,42.1933,-6.291,2020-12-07,2020-12-19,2020-12-27,Larus spp. (wild),2311,1259,confirmed,synthetic
EMPRESI-HPAI-0000300,WAHIS-HPAI-HUN-2020-11-23-00,WAHIS,High pathogenicity avian influenza,HPAI,Hungary,HUN,47.3798,18.535,2020-11-26,2020-12-19,2020-12-27,Larus spp. (wild),3903,2150,confirmed,synthetic
EMPRESI-HPAI-0000280,WAHIS-HPAI-DEU-2020-11-23-00,WAHIS,High pathogenicity avian influenza,HPAI,Germany,DEU,50.5389,9.5094,2020-11-23,2020-12-23,2020-12-27,Anas platyrhynchos (domestic),4608,2493,confirmed,synthetic
EMPRESI-HPAI-0000428,WAHIS-HPAI-POL-2020-12-14-00,WAHIS,High pathogenicity avian influenza,HPAI,Poland,POL,52.1852,17.8189,2020-12-14,2020-12-21,2020-12-28,Larus spp. (wild),8137,4482,confirmed,synthetic
EMPRESI-HPAI-0000405,WAHIS-HPAI-DEU-2020-12-14-01,WAHIS,High pathogenicity avian influenza,HPAI,Germany,DEU,51.6938,13.6263,2020-12-17,2020-12-21,2020-12-28,Meleagris gallopavo (domestic),1094,613,confirmed,synthetic
EMPRESI-HPAI-0000377,WAHIS-HPAI-ESP-2020-12-07-02,WAHIS,High pathogenicity avian influenza,HPAI,Spain,ESP,42.5959,-2.3829,2020-12-10,2020-12-13,2020-12-28,Cygnus olor (wild),2679,1471,confirmed,synthetic
EMPRESI-HPAI-0000420,WAHIS-HPAI-ITA-2020-12-14-07,WAHIS,High pathogenicity avian influenza,HPAI,Italy,ITA,41.3206,11.867,2020-12-16,2020-12-23,2020-12-29,Meleagris gallopavo (domestic),5120,2765,confirmed,synthetic
EMPRESI-HPAI-0000432,WAHIS-HPAI-HUN-2020-12-14-02,WAHIS,High pathogenicity avian influenza,HPAI,Hungary,HUN,45.9992,19.497,2020-12-17,2020-12-24,2020-12-29,Meleagris gallopavo (domestic),2892,1628,confirmed,synthetic
EMPRESI-HPAI-0000424,WAHIS-HPAI-ESP-2020-12-14-00,WAHIS,High pathogenicity avian influenza,HPAI,Spain,ESP,42.8804,-0.7568,2020-12-14,2020-12-17,2020-12-29,Anas platyrhynchos (domestic),8476,4640,confirmed,synthetic
EMPRESI-HPAI-0000371,WAHIS-HPAI-ITA-2020-12-07-05,WAHIS,High pathogenicity avian influenza,HPAI,Italy,ITA,42.8572,11.2823,2020-12-12,2020-12-24,2020-12-29,Meleagris gallopavo (domestic),7089,3914,confirmed,synthetic
EMPRESI-HPAI-0000327,WAHIS-HPAI-ITA-2020-11-30-00,WAHIS,High pathogenicity avian influenza,HPAI,Italy,ITA,41.6653,9.5655,2020-12-05,2020-12-19,2020-12-29,Meleagris gallopavo (domestic),1630,900,confirmed,synthetic
EMPRESI-HPAI-0000362,WAHIS-HPAI-BEL-2020-12-07-00,WAHIS,High pathogenicity avian influenza,HPAI,Belgium,BEL,50.1126,4.7571,2020-12-13,2020-12-22,2020-12-29,Meleagris gallopavo (domestic),7547,4107,confirmed,synthetic
EMPRESI-HPAI-0000284,WAHIS-HPAI-NLD-2020-11-23-01,WAHIS,High pathogenicity avian influenza,HPAI,Netherlands,NLD,51.7972,5.0623,2020-11-23,2020-12-21,2020-12-29,Larus spp. (wild),1947,1041,confirmed,synthetic
EMPRESI-HPAI-0000356,WAHIS-HPAI-DEU-2020-12-07-01,WAHIS,High pathogenicity avian influenza,HPAI,Germany,DEU,48.9124,11.8042,2020-12-11,2020-12-20,2020-12-30,Larus spp. (wild),3584,1978,confirmed,synthetic
EMPRESI-HPAI-0000412,WAHIS-HPAI-BEL-2020-12-14-02,WAHIS,High pathogenicity avian influenza,HPAI,Belgium,BEL,50.6419,5.1192,2020-12-20,2020-12-24,2020-12-30,Anas platyrhynchos (domestic),9142,5062,confirmed,synthetic
EMPRESI-HPAI-0000438,WAHIS-HPAI-SRB-2020-12-14-01,WAHIS,High pathogenicity avian influenza,HPAI,Serbia,SRB,44.2343,20.9827,2020-12-14,2020-12-22,2020-12-30,Larus spp. (wild),2993,1643,confirmed,synthetic
EMPRESI-HPAI-0000417,WAHIS-HPAI-ITA-2020-12-14-04,WAHIS,High pathogenicity avian influenza,HPAI,Italy,ITA,43.2781,15.6089,2020-12-18,2020-12-26,2020-12-30,Gallus gallus (domestic),2556,1472,confirmed,synthetic
EMPRESI-HPAI-0000440,WAHIS-HPAI-SRB-2020-12-14-03,WAHIS,High pathogenicity avian influenza,HPAI,Serbia,SRB,45.1817,20.9825,2020-12-15,2020-12-20,2020-12-30,Anas platyrhynchos (domestic),1286,693,confirmed,synthetic
EMPRESI-HPAI-0000385,WAHIS-HPAI-UKR-2020-12-07-00,WAHIS,High pathogenicity avian influenza,HPAI,Ukraine,UKR,45.7855,29.8569,2020-12-07,2020-12-22,2020-12-31,Cygnus olor (wild),5435,3024,confirmed,synthetic
EMPRESI-HPAI-0000411,WAHIS-HPAI-BEL-2020-12-14-01,WAHIS,High pathogenicity avian influenza,HPAI,Belgium,BEL,50.3311,5.1084,2020-12-17,2020-12-24,2020-12-31,Cygnus olor (wild),6030,3307,confirmed,synthetic
EMPRESI-HPAI-0000317,WAHIS-HPAI-NLD-2020-11-30-04,WAHIS,High pathogenicity avian influenza,HPAI,Netherlands,NLD,51.5526,6.7252,2020-12-02,2020-12-24,2020-12-31,Cygnus olor (wild),3019,1733,confirmed,synthetic
EMPRESI-HPAI-0000434,WAHIS-HPAI-ROU-2020-12-14-00,WAHIS,High pathogenicity avian influenza,HPAI,Romania,ROU,43.899,26.4991,2020-12-15,2020-12-23,2020-12-31,Larus spp. (wild),592,317,confirmed,synthetic
EMPRESI-HPAI-0000336,WAHIS-HPAI-HUN-2020-11-30-01,WAHIS,High pathogenicity avian influenza,HPAI,Hungary,HUN,47.8977,17.9934,2020-12-02,2020-12-25,2020-12-31,Cygnus olor (wild),2543,1378,confirmed,synthetic
EMPRESI-HPAI-0000381,WAHIS-HPAI-HUN-2020-12-07-01,WAHIS,High pathogenicity avian influenza,HPAI,Hungary,HUN,45.9823,20.3494,2020-12-08,2020-12-22,2020-12-31,Anas platyrhynchos (domestic),2627,1483,confirmed,synthetic
EMPRESI-HPAI-0000312,WAHIS-HPAI-DEU-2020-11-30-01,WAHIS,High pathogenicity avian influenza,HPAI,Germany,DEU,51.0245,7.3259,2020-12-03,2020-12-23,2020-12-31,Meleagris gallopavo (domestic),4414,2511,confirmed,synthetic
EMPRESI-HPAI-0000359,WAHIS-HPAI-NLD-2020-12-07-02,WAHIS,High pathogenicity avian influenza,HPAI,Netherlands,NLD,51.312,4.7324,2020-12-09,2020-12-23,2021-01-01,Anas platyrhynchos (domestic),5925,3254,confirmed,synthetic
EMPRESI-HPAI-0000351,WAHIS-HPAI-FRA-2020-12-07-02,WAHIS,High pathogenicity avian influenza,HPAI,France,FRA,44.3287,4.3176,2020-12-13,2020-12-25,2021-01-01,Anas platyrhynchos (domestic),11451,6299,confirmed,synthetic
EMPRESI-HPAI-0000435,WAHIS-HPAI-BGR-2020-12-14-00,WAHIS,High pathogenicity avian influenza,HPAI,Bulgaria,BGR,42.4726,24.0017,2020-12-15,2020-12-23,2021-01-01,Meleagris gallopavo (domestic),2145,1164,confirmed,synthetic
EMPRESI-HPAI-0000276,WAHIS-HPAI-FRA-2020-11-23-02,WAHIS,High pathogenicity avian influenza,HPAI,France,FRA,46.8966,3.8888,2020-11-25,2020-12-25,2021-01-02,Cygnus olor (wild),3552,1959,confirmed,synthetic
EMPRESI-HPAI-0000324,WAHIS-HPAI-BEL-2020-11-30-01,WAHIS,High pathogenicity avian influenza,HPAI,Belgium,BEL,50.5829,4.8296,2020-12-03,2020-12-20,2021-01-02,Cygnus olor (wild),219,126,confirmed,synthetic
EMPRESI-HPAI-0000407,WAHIS-HPAI-NLD-2020-12-14-01,WAHIS,High pathogenicity avian influenza,HPAI,Netherlands,NLD,52.7842,4.8217,2020-12-18,2020-12-24,2021-01-02,Meleagris gallopavo (domestic),5484,3021,confirmed,synthetic
EMPRESI-HPAI-0000427,WAHIS-HPAI-ESP-2020-12-14-03,WAHIS,High pathogenicity avian influenza,HPAI,Spain,ESP,38.8836,-7.8178,2020-12-17,2020-12-27,2021-01-02,Larus spp. (wild),2733,1518,confirmed,synthetic
EMPRESI-HPAI-0000469,WAHIS-HPAI-HUN-2020-12-21-04,WAHIS,High pathogenicity avian influenza,HPAI,Hungary,HUN,46.7172,18.6927,2020-12-26,2020-12-30,2021-01-03,Cygnus olor (wild),1523,828,confirmed,synthetic
EMPRESI-HPAI-0000400,WAHIS-HPAI-FRA-2020-12-14-06,WAHIS,High pathogenicity avian influenza,HPAI,France,FRA,45.4269,5.6128,2020-12-19,2020-12-29,2021-01-03,Gallus gallus (domestic),12585,7002,confirmed,synthetic
EMPRESI-HPAI-0000395,WAHIS-HPAI-FRA-2020-12-14-01,WAHIS,High pathogenicity avian influenza,HPAI,France,FRA,45.4132,1.871,2020-12-20,2020-12-26,2021-01-03,Cygnus olor (wild),1412,776,confirmed,synthetic
EMPRESI-HPAI-0000397,WAHIS-HPAI-FRA-2020-12-14-03,WAHIS,High pathogenicity avian influenza,HPAI,France,FRA,45.3329,6.2252,2020-12-15,2020-12-24,2021-01-03,Anas platyrhynchos (domestic),3397,1874,confirmed,synthetic
EMPRESI-HPAI-0000375,WAHIS-HPAI-ESP-2020-12-07-00,WAHIS,High pathogenicity avian influenza,HPAI,Spain,ESP,40.2977,-4.807,2020-12-12,2020-12-27,2021-01-04,Meleagris gallopavo (domestic),4796,2637,confirmed,synthetic
EMPRESI-HPAI-0000459,WAHIS-HPAI-ITA-2020-12-21-02,WAHIS,High pathogenicity avian influenza,HPAI,Italy,ITA,41.2904,12.7122,2020-12-21,2020-12-26,2021-01-04,Gallus gallus (domestic),3228,1756,confirmed,synthetic
EMPRESI-HPAI-0000409,WAHIS-HPAI-NLD-2020-12-14-03,WAHIS,High pathogenicity avian influenza,HPAI,Netherlands,NLD,51.4646,5.5872,2020-12-17,2020-12-28,2021-01-04,Larus spp. (wild),2257,1198,confirmed,synthetic
EMPRESI-HPAI-0000393,WAHIS-HPAI-EGY-2020-12-07-00,WAHIS,High pathogenicity avian influenza,HPAI,Egypt,EGY,30.1457,32.6537,2020-12-08,2020-12-27,2021-01-04,Meleagris gallopavo (domestic),449,263,confirmed,synthetic
EMPRESI-HPAI-0000403,WAHIS-HPAI-FRA-2020-12-14-09,WAHIS,High pathogenicity avian influenza,HPAI,France,FRA,47.8861,3.1587,2020-12-14,2020-12-26,2021-01-04,Meleagris gallopavo (domestic),2145,1185,confirmed,synthetic
EMPRESI-HPAI-0000425,WAHIS-HPAI-ESP-2020-12-14-01,WAHIS,High pathogenicity avian influenza,HPAI,Spain,ESP,42.6211,-0.6327,2020-12-17,2020-12-28,2021-01-04,Anas platyrhynchos (domestic),9034,4925,confirmed,synthetic
EMPRESI-HPAI-0000444,WAHIS-HPAI-MDA-2020-12-14-01,WAHIS,High pathogenicity avian influenza,HPAI,Moldova,MDA,46.8909,29.7728,2020-12-16,2020-12-25,2021-01-04,Larus spp. (wild),6713,3699,confirmed,synthetic
EMPRESI-HPAI-0000445,WAHIS-HPAI-MDA-2020-12-14-02,WAHIS,High pathogenicity avian influenza,HPAI,Moldova,MDA,46.973,28.7429,2020-12-14,2020-12-30,2021-01-05,Meleagris gallopavo (domestic),3975,2193,confirmed,synthetic
EMPRESI-HPAI-0000463,WAHIS-HPAI-ESP-2020-12-21-01,WAHIS,High pathogenicity avian influenza,HPAI,Spain,ESP,39.1004,-5.4261,2020-12-23,2020-12-29,2021-01-05,Larus spp. (wild),4147,2310,confirmed,synthetic
EMPRESI-HPAI-0000485,WAHIS-HPAI-MAR-2020-12-21-00,WAHIS,High pathogenicity avian influenza,HPAI,Morocco,MAR,33.029,-3.9192,2020-12-23,2020-12-29,2021-01-05,Anas platyrhynchos (domestic),6338,3413,confirmed,synthetic
EMPRESI-HPAI-0000379,WAHIS-HPAI-ESP-2020-12-07-04,WAHIS,High pathogenicity avian influenza,HPAI,Spain,ESP,39.5074,-4.0759,2020-12-13,2020-12-31,2021-01-05,Anas platyrhynchos (domestic),1296,678,confirmed,synthetic
EMPRESI-HPAI-0000394,WAHIS-HPAI-FRA-2020-12-14-00,WAHIS,High pathogenicity avian influenza,HPAI,France,FRA,49.2753,2.9327,2020-12-17,2020-12-29,2021-01-05,Gallus gallus (domestic),4511,2483,confirmed,synthetic
EMPRESI-HPAI-0000358,WAHIS-HPAI-NLD-2020-12-07-01,WAHIS,High pathogenicity avian influenza,HPAI,Netherlands,NLD,51.5485,4.7364,2020-12-07,2020-12-29,2021-01-06,Cygnus olor (wild),12183,6682,confirmed,synthetic
EMPRESI-HPAI-0000343,WAHIS-HPAI-UKR-2020-11-30-02,WAHIS,High pathogenicity avian influenza,HPAI,Ukraine,UKR,49.0184,34.0244,2020-11-30,2020-12-29,2021-01-06,Larus spp. (wild),4015,2237,confirmed,synthetic
EMPRESI-HPAI-0000353,WAHIS-HPAI-FRA-2020-12-07-04,WAHIS,High pathogenicity avian influenza,HPAI,France,FRA,48.2273,7.1921,2020-12-07,2020-12-23,2021-01-06,Gallus gallus (domestic),2780,1471,confirmed,synthetic
EMPRESI-HPAI-0000386,WAHIS-HPAI-UKR-2020-12-07-01,WAHIS,High pathogenicity avian influenza,HPAI,Ukraine,UKR,46.584,29.0168,2020-12-12,2020-12-30,2021-01-06,Gallus gallus (domestic),12009,6611,confirmed,synthetic
EMPRESI-HPAI-0000421,WAHIS-HPAI-ITA-2020-12-14-08,WAHIS,High pathogenicity avian influenza,HPAI,Italy,ITA,43.6774,14.7072,2020-12-17,2020-12-30,2021-01-06,Meleagris gallopavo (domestic),3621,2001,confirmed,synthetic
EMPRESI-HPAI-0000415,WAHIS-HPAI-ITA-2020-12-14-02,WAHIS,High pathogenicity avian influenza,HPAI,Italy,ITA,44.5129,12.9611,2020-12-17,2020-12-31,2021-01-06,Gallus gallus (domestic),1620,867,confirmed,synthetic
EMPRESI-HPAI-0000473,WAHIS-HPAI-ROU-2020-12-21-02,WAHIS,High pathogenicity avian influenza,HPAI,Romania,ROU,47.1842,26.293,2020-12-23,2020-12-31,2021-01-06,Cygnus olor (wild),165,75,confirmed,synthetic
EMPRESI-HPAI-0000449,WAHIS-HPAI-TUN-2020-12-14-00,WAHIS,High pathogenicity avian influenza,HPAI,Tunisia,TUN,34.9065,10.5149,2020-12-16,2020-12-28,2021-01-06,Larus spp. (wild),9397,5123,confirmed,synthetic
EMPRESI-HPAI-0000475,WAHIS-HPAI-SRB-2020-12-21-01,WAHIS,High pathogenicity avian influenza,HPAI,Serbia,SRB,44.122,20.4992,2020-12-24,2021-01-03,2021-01-07,Gallus gallus (domestic),14514,7915,confirmed,synthetic
EMPRESI-HPAI-0000422,WAHIS-HPAI-ITA-2020-12-14-09,WAHIS,High pathogenicity avian influenza,HPAI,Italy,ITA,44.2299,15.1474,2020-12-20,2020-12-30,2021-01-07,Larus spp. (wild),7773,4270,confirmed,synthetic
EMPRESI-HPAI-0000363,WAHIS-HPAI-BEL-2020-12-07-01,WAHIS,High pathogenicity avian influenza,HPAI,Belgium,BEL,50.0049,5.4437,2020-12-09,2021-01-01,2021-01-08,Gallus gallus (domestic),15089,8277,confirmed,synthetic
EMPRESI-HPAI-0000410,WAHIS-HPAI-BEL-2020-12-14-00,WAHIS,High pathogenicity avian influenza,HPAI,Belgium,BEL,50.7245,5.3151,2020-12-20,2021-01-01,2021-01-08,Anas platyrhynchos (domestic),2014,1113,confirmed,synthetic
EMPRESI-HPAI-0000414,WAHIS-HPAI-ITA-2020-12-14-01,WAHIS,High pathogenicity avian influenza,HPAI,Italy,ITA,40.8789,12.6469,2020-12-16,2020-12-31,2021-01-08,Larus spp. (wild),3240,1743,confirmed,synthetic
EMPRESI-HPAI-0000399,WAHIS-HPAI-FRA-2020-12-14-05,WAHIS,High pathogenicity avian influenza,HPAI,France,FRA,45.3344,2.6083,2020-12-20,2021-01-01,2021-01-09,Gallus gallus (domestic),6279,3409,confirmed,synthetic
EMPRESI-HPAI-0000455,WAHIS-HPAI-BEL-2020-12-21-00,WAHIS,High pathogenicity avian influenza,HPAI,Belgium,BEL,51.0059,5.3043,2020-12-22,2020-12-29,2021-01-09,Larus spp. (wild),2915,1603,confirmed,synthetic
EMPRESI-HPAI-0000490,WAHIS-HPAI-BEL-2020-12-28-00,WAHIS,High pathogenicity avian influenza,HPAI,Belgium,BEL,50.0845,4.3581,2020-12-31,2021-01-01,2021-01-09,Cygnus olor (wild),6354,3472,confirmed,synthetic
EMPRESI-HPAI-0000468,WAHIS-HPAI-HUN-2020-12-21-03,WAHIS,High pathogenicity avian influenza,HPAI,Hungary,HUN,47.582,20.3252,2020-12-22,2020-12-30,2021-01-10,Anas platyrhynchos (domestic),5214,2899,confirmed,synthetic
EMPRESI-HPAI-0000481,WAHIS-HPAI-ISR-2020-12-21-00,WAHIS,High pathogenicity avian influenza,HPAI,Israel,ISR,31.9157,35.4644,2020-12-25,2021-01-02,2021-01-10,Anas platyrhynchos (domestic),2466,1345,confirmed,synthetic
EMPRESI-HPAI-0000460,WAHIS-HPAI-ITA-2020-12-21-03,WAHIS,High pathogenicity avian influenza,HPAI,Italy,ITA,44.9558,11.6472,2020-12-25,2021-01-04,2021-01-10,Larus spp. (wild),7588,4190,confirmed,synthetic
EMPRESI-HPAI-0000448,WAHIS-HPAI-ISR-2020-12-14-00,WAHIS,High pathogenicity avian influenza,HPAI,Israel,ISR,30.932,34.4239,2020-12-20,2021-01-02,2021-01-10,Cygnus olor (wild),6581,3578,confirmed,synthetic
EMPRESI-HPAI-0000387,WAHIS-HPAI-UKR-2020-12-07-02,WAHIS,High pathogenicity avian influenza,HPAI,Ukraine,UKR,47.5509,27.1889,2020-12-13,2021-01-08,2021-01-11,Cygnus olor (wild),3071,1735,confirmed,synthetic
EMPRESI-HPAI-0000416,WAHIS-HPAI-ITA-2020-12-14-03,WAHIS,High pathogenicity avian influenza,HPAI,Italy,ITA,43.9775,15.2276,2020-12-18,2020-12-31,2021-01-11,Meleagris gallopavo (domestic),4750,2663,confirmed,synthetic
EMPRESI-HPAI-0000335,WAHIS-HPAI-HUN-2020-11-30-00,WAHIS,High pathogenicity avian influenza,HPAI,Hungary,HUN,48.2217,18.2674,2020-12-06,2021-01-03,2021-01-11,Larus spp. (wild),4665,2585,confirmed,synthetic
EMPRESI-HPAI-0000458,WAHIS-HPAI-ITA-2020-12-21-01,WAHIS,High pathogenicity avian influenza,HPAI,Italy,ITA,42.5074,14.1065,2020-12-27,2021-01-04,2021-01-11,Gallus gallus (domestic),2383,1283,confirmed,synthetic
EMPRESI-HPAI-0000476,WAHIS-HPAI-SRB-2020-12-21-02,WAHIS,High pathogenicity avian influenza,HPAI,Serbia,SRB,42.5851,21.6164,2020-12-22,2021-01-06,2021-01-11,Larus spp. (wild),11971,6546,confirmed,synthetic
EMPRESI-HPAI-0000454,WAHIS-HPAI-DEU-2020-12-21-01,WAHIS,High pathogenicity avian influenza,HPAI,Germany,DEU,50.28,14.4766,2020-12-25,2021-01-05,2021-01-11,Meleagris gallopavo (domestic),1915,1038,confirmed,synthetic
EMPRESI-HPAI-0000401,WAHIS-HPAI-FRA-2020-12-14-07,WAHIS,High pathogenicity avian influenza,HPAI,France,FRA,44.7507,3.752,2020-12-18,2021-01-01,2021-01-11,Anas platyrhynchos (domestic),1241,676,confirmed,synthetic
EMPRESI-HPAI-0000456,WAHIS-HPAI-BEL-2020-12-21-01,WAHIS,High pathogenicity avian influenza,HPAI,Belgium,BEL,51.0722,4.9478,2020-12-25,2020-12-31,2021-01-12,Anas platyrhynchos (domestic),1653,926,confirmed,synthetic
EMPRESI-HPAI-0000477,WAHIS-HPAI-UKR-2020-12-21-00,WAHIS,High pathogenicity avian influenza,HPAI,Ukraine,UKR,45.9688,32.7714,2020-12-25,2021-01-02,2021-01-12,Meleagris gallopavo (domestic),7461,4074,confirmed,synthetic
EMPRESI-HPAI-0000466,WAHIS-HPAI-HUN-2020-12-21-01,WAHIS,High pathogenicity avian influenza,HPAI,Hungary,HUN,48.5852,20.2557,2020-12-22,2021-01-04,2021-01-12,Meleagris gallopavo (domestic),3513,1943,confirmed,synthetic
EMPRESI-HPAI-0000447,WAHIS-HPAI-GEO-2020-12-14-00,WAHIS,High pathogenicity avian influenza,HPAI,Georgia,GEO,43.1734,43.1001,2020-12-19,2021-01-02,2021-01-13,Larus spp. (wild),7438,4066,confirmed,synthetic
EMPRESI-HPAI-0000429,WAHIS-HPAI-POL-2020-12-14-01,WAHIS,High pathogenicity avian influenza,HPAI,Poland,POL,53.1503,21.1259,2020-12-19,2020-12-31,2021-01-13,Cygnus olor (wild),1059,563,confirmed,synthetic
EMPRESI-HPAI-0000487,WAHIS-HPAI-FRA-2020-12-28-01,WAHIS,High pathogenicity avian influenza,HPAI,France,FRA,44.2598,1.4299,2021-01-03,2021-01-07,2021-01-13,Cygnus olor (wild),4450,2401,confirmed,synthetic
EMPRESI-HPAI-0000457,WAHIS-HPAI-ITA-2020-12-21-00,WAHIS,High pathogenicity avian influenza,HPAI,Italy,ITA,40.8666,13.1957,2020-12-24,2021-01-05,2021-01-13,Cygnus olor (wild),5132,2823,confirmed,synthetic
EMPRESI-HPAI-0000474,WAHIS-HPAI-SRB-2020-12-21-00,WAHIS,High pathogenicity avian influenza,HPAI,Serbia,SRB,45.09,20.9476,2020-12-24,2021-01-05,2021-01-14,Anas platyrhynchos (domestic),981,549,confirmed,synthetic
EMPRESI-HPAI-0000494,WAHIS-HPAI-ITA-2020-12-28-03,WAHIS,High pathogenicity avian influenza,HPAI,Italy,ITA,41.8241,9.2424,2020-12-29,2021-01-03,2021-01-14,Larus spp. (wild),7632,4215,confirmed,synthetic
EMPRESI-HPAI-0000452,WAHIS-HPAI-FRA-2020-12-21-01,WAHIS,High pathogenicity avian influenza,HPAI,France,FRA,48.7178,2.0311,2020-12-25,2021-01-05,2021-01-14,Anas platyrhynchos (domestic),5027,2774,confirmed,synthetic
EMPRESI-HPAI-0000437,WAHIS-HPAI-SRB-2020-12-14-00,WAHIS,High pathogenicity avian influenza,HPAI,Serbia,SRB,43.49,19.1194,2020-12-20,2021-01-02,2021-01-14,Anas platyrhynchos (domestic),7664,4214,confirmed,synthetic
EMPRESI-HPAI-0000489,WAHIS-HPAI-DEU-2020-12-28-00,WAHIS,High pathogenicity avian influenza,HPAI,Germany,DEU,49.0775,12.8116,2021-01-01,2021-01-08,2021-01-14,Meleagris gallopavo (domestic),2714,1471,confirmed,synthetic
EMPRESI-HPAI-0000507,WAHIS-HPAI-HUN-2020-12-28-00,WAHIS,High pathogenicity avian influenza,HPAI,Hungary,HUN,47.0174,20.3194,2021-01-02,2021-01-07,2021-01-15,Anas platyrhynchos (domestic),3662,2041,confirmed,synthetic
EMPRESI-HPAI-0000472,WAHIS-HPAI-ROU-2020-12-21-01,WAHIS,High pathogenicity avian influenza,HPAI,Romania,ROU,47.5222,24.9133,2020-12-26,2021-01-09,2021-01-15,Anas platyrhynchos (domestic),4841,2658,confirmed,synthetic
EMPRESI-HPAI-0000453,WAHIS-HPAI-DEU-2020-12-21-00,WAHIS,High pathogenicity avian influenza,HPAI,Germany,DEU,51.7277,6.405,2020-12-21,2021-01-07,2021-01-15,Gallus gallus (domestic),433,251,confirmed,synthetic
EMPRESI-HPAI-0000388,WAHIS-HPAI-UKR-2020-12-07-03,WAHIS,High pathogenicity avian influenza,HPAI,Ukraine,UKR,51.0699,32.5047,2020-12-13,2021-01-08,2021-01-15,Meleagris gallopavo (domestic),1958,1101,confirmed,synthetic
EMPRESI-HPAI-0000508,WAHIS-HPAI-HUN-2020-12-28-01,WAHIS,High pathogenicity avian influenza,HPAI,Hungary,HUN,47.7375,19.2952,2021-01-03,2021-01-07,2021-01-15,Gallus gallus (domestic),2579,1431,confirmed,synthetic
EMPRESI-HPAI-0000498,WAHIS-HPAI-ESP-2020-12-28-00,WAHIS,High pathogenicity avian influenza,HPAI,Spain,ESP,38.8904,-0.9709,2021-01-01,2021-01-10,2021-01-16,Cygnus olor (wild),3368,1832,confirmed,synthetic
EMPRESI-HPAI-0000509,WAHIS-HPAI-ROU-2020-12-28-00,WAHIS,High pathogenicity avian influenza,HPAI,Romania,ROU,45.4072,25.8272,2020-12-28,2021-01-08,2021-01-16,Anas platyrhynchos (domestic),1923,1062,confirmed,synthetic
EMPRESI-HPAI-0000352,WAHIS-HPAI-FRA-2020-12-07-03,WAHIS,High pathogenicity avian influenza,HPAI,France,FRA,46.8195,-1.5497,2020-12-13,2021-01-07,2021-01-16,Anas platyrhynchos (domestic),1989,1120,confirmed,synthetic
EMPRESI-HPAI-0000339,WAHIS-HPAI-HUN-2020-11-30-04,WAHIS,High pathogenicity avian influenza,HPAI,Hungary,HUN,46.361,21.3017,2020-12-05,2021-01-07,2021-01-17,Cygnus olor (wild),7946,4384,confirmed,synthetic
EMPRESI-HPAI-0000499,WAHIS-HPAI-ESP-2020-12-28-01,WAHIS,High pathogenicity avian influenza,HPAI,Spain,ESP,39.8561,-3.5115,2021-01-02,2021-01-12,2021-01-17,Anas platyrhynchos (domestic),5980,3317,confirmed,synthetic
EMPRESI-HPAI-0000398,WAHIS-HPAI-FRA-2020-12-14-04,WAHIS,High pathogenicity avian influenza,HPAI,France,FRA,48.5251,-1.3575,2020-12-14,2021-01-09,2021-01-17,Gallus gallus (domestic),9034,5041,confirmed,synthetic
EMPRESI-HPAI-0000471,WAHIS-HPAI-ROU-2020-12-21-00,WAHIS,High pathogenicity avian influenza,HPAI,Romania,ROU,46.5164,25.3002,2020-12-24,2021-01-10,2021-01-18,Anas platyrhynchos (domestic),9698,5342,confirmed,synthetic
EMPRESI-HPAI-0000548,WAHIS-HPAI-TUN-2021-01-04-01,WAHIS,High pathogenicity avian influenza,HPAI,Tunisia,TUN,35.3351,11.2852,2021-01-09,2021-01-14,2021-01-18,Cygnus olor (wild),4265,2335,confirmed,synthetic
EMPRESI-HPAI-0000505,WAHIS-HPAI-ESP-2020-12-28-07,WAHIS,High pathogenicity avian influenza,HPAI,Spain,ESP,37.754,-0.5006,2021-01-03,2021-01-09,2021-01-18,Anas platyrhynchos (domestic),11546,6325,confirmed,synthetic
EMPRESI-HPAI-0000430,WAHIS-HPAI-HUN-2020-12-14-00,WAHIS,High pathogenicity avian influenza,HPAI,Hungary,HUN,47.3066,20.5047,2020-12-16,2021-01-10,2021-01-18,Cygnus olor (wild),3035,1659,confirmed,synthetic
EMPRESI-HPAI-0000443,WAHIS-HPAI-MDA-2020-12-14-00,WAHIS,High pathogenicity avian influenza,HPAI,Moldova,MDA,47.2221,27.2765,2020-12-17,2021-01-10,2021-01-18,Cygnus olor (wild),4122,2240,confirmed,synthetic
EMPRESI-HPAI-0000389,WAHIS-HPAI-UKR-2020-12-07-04,WAHIS,High pathogenicity avian influenza,HPAI,Ukraine,UKR,48.1163,26.1345,2020-12-11,2021-01-08,2021-01-18,Larus spp. (wild),5043,2757,confirmed,synthetic
EMPRESI-HPAI-0000450,WAHIS-HPAI-MAR-2020-12-14-00,WAHIS,High pathogenicity avian influenza,HPAI,Morocco,MAR,34.0155,-6.4437,2020-12-19,2021-01-09,2021-01-18,Gallus gallus (domestic),5154,2875,confirmed,synthetic
EMPRESI-HPAI-0000446,WAHIS-HPAI-MDA-2020-12-14-03,WAHIS,High pathogenicity avian influenza,HPAI,Moldova,MDA,47.6655,27.3983,2020-12-15,2021-01-08,2021-01-19,Anas platyrhynchos (domestic),3222,1754,confirmed,synthetic
EMPRESI-HPAI-0000492,WAHIS-HPAI-ITA-2020-12-28-01,WAHIS,High pathogenicity avian influenza,HPAI,Italy,ITA,43.9268,13.4036,2021-01-02,2021-01-12,2021-01-19,Anas platyrhynchos (domestic),5194,2885,confirmed,synthetic
EMPRESI-HPAI-0000511,WAHIS-HPAI-ROU-2020-12-28-02,WAHIS,High pathogenicity avian influenza,HPAI,Romania,ROU,46.7018,22.1766,2020-12-31,2021-01-13,2021-01-19,Larus spp. (wild),972,524,confirmed,synthetic
EMPRESI-HPAI-0000436,WAHIS-HPAI-BGR-2020-12-14-01,WAHIS,High pathogenicity avian influenza,HPAI,Bulgaria,BGR,41.0428,25.1953,2020-12-16,2021-01-07,2021-01-19,Gallus gallus (domestic),1115,601,confirmed,synthetic
EMPRESI-HPAI-0000441,WAHIS-HPAI-SRB-2020-12-14-04,WAHIS,High pathogenicity avian influenza,HPAI,Serbia,SRB,44.8281,21.8186,2020-12-14,2021-01-13,2021-01-20,Cygnus olor (wild),734,396,confirmed,synthetic
EMPRESI-HPAI-0000538,WAHIS-HPAI-ESP-2021-01-04-03,WAHIS,High pathogenicity avian influenza,HPAI,Spain,ESP,37.8414,-0.242,2021-01-07,2021-01-15,2021-01-20,Anas platyrhynchos (domestic),5465,2997,confirmed,synthetic
EMPRESI-HPAI-0000539,WAHIS-HPAI-ESP-2021-01-04-04,WAHIS,High pathogenicity avian influenza,HPAI,Spain,ESP,41.8196,-3.1926,2021-01-09,2021-01-13,2021-01-20,Larus spp. (wild),5855,3209,confirmed,synthetic
EMPRESI-HPAI-0000355,WAHIS-HPAI-DEU-2020-12-07-00,WAHIS,High pathogenicity avian influenza,HPAI,Germany,DEU,53.4776,13.3491,2020-12-10,2021-01-07,2021-01-20,Larus spp. (wild),5838,3135,confirmed,synthetic
EMPRESI-HPAI-0000513,WAHIS-HPAI-SRB-2020-12-28-00,WAHIS,High pathogenicity avian influenza,HPAI,Serbia,SRB,44.7403,20.8697,2020-12-29,2021-01-14,2021-01-20,Meleagris gallopavo (domestic),4696,2590,confirmed,synthetic
EMPRESI-HPAI-0000500,WAHIS-HPAI-ESP-2020-12-28-02,WAHIS,High pathogenicity avian influenza,HPAI,Spain,ESP,39.1518,-7.2865,2020-12-28,2021-01-11,2021-01-20,Larus spp. (wild),5317,2940,confirmed,synthetic
EMPRESI-HPAI-0000528,WAHIS-HPAI-NLD-2021-01-04-01,WAHIS,High pathogenicity avian influenza,HPAI,Netherlands,NLD,52.6094,6.571,2021-01-08,2021-01-13,2021-01-21,Cygnus olor (wild),4418,2439,confirmed,synthetic
EMPRESI-HPAI-0000506,WAHIS-HPAI-POL-2020-12-28-00,WAHIS,High pathogenicity avian influenza,HPAI,Poland,POL,51.8159,21.924,2020-12-30,2021-01-14,2021-01-21,Larus spp. (wild),5748,3151,confirmed,synthetic
EMPRESI-HPAI-0000348,WAHIS-HPAI-TUN-2020-11-30-00,WAHIS,High pathogenicity avian influenza,HPAI,Tunisia,TUN,33.2961,9.8375,2020-12-03,2021-01-11,2021-01-21,Gallus gallus (domestic),3903,2121,confirmed,synthetic
EMPRESI-HPAI-0000467,WAHIS-HPAI-HUN-2020-12-21-02,WAHIS,High pathogenicity avian influenza,HPAI,Hungary,HUN,46.736,17.8347,2020-12-22,2021-01-16,2021-01-21,Larus spp. (wild),7698,4251,confirmed,synthetic
EMPRESI-HPAI-0000482,WAHIS-HPAI-ISR-2020-12-21-01,WAHIS,High pathogenicity avian influenza,HPAI,Israel,ISR,30.7732,34.5403,2020-12-23,2021-01-10,2021-01-21,Gallus gallus (domestic),2670,1469,confirmed,synthetic
EMPRESI-HPAI-0000465,WAHIS-HPAI-HUN-2020-12-21-00,WAHIS,High pathogenicity avian influenza,HPAI,Hungary,HUN,46.6583,18.4516,2020-12-25,2021-01-13,2021-01-21,Gallus gallus (domestic),11238,6191,confirmed,synthetic
EMPRESI-HPAI-0000470,WAHIS-HPAI-HUN-2020-12-21-05,WAHIS,High pathogenicity avian influenza,HPAI,Hungary,HUN,45.6785,19.1919,2020-12-26,2021-01-12,2021-01-21,Cygnus olor (wild),2661,1470,confirmed,synthetic
EMPRESI-HPAI-0000545,WAHIS-HPAI-ISR-2021-01-04-01,WAHIS,High pathogenicity avian influenza,HPAI,Israel,ISR,31.6315,34.3895,2021-01-06,2021-01-17,2021-01-22,Cygnus olor (wild),3506,1913,confirmed,synthetic
EMPRESI-HPAI-0000524,WAHIS-HPAI-FRA-2021-01-04-01,WAHIS,High pathogenicity avian influenza,HPAI,France,FRA,48.3436,5.7445,2021-01-05,2021-01-13,2021-01-22,Larus spp. (wild),4308,2364,confirmed,synthetic
EMPRESI-HPAI-0000512,WAHIS-HPAI-ROU-2020-12-28-03,WAHIS,High pathogenicity avian influenza,HPAI,Romania,ROU,44.2554,24.9114,2020-12-30,2021-01-16,2021-01-22,Anas platyrhynchos (domestic),2131,1136,confirmed,synthetic
EMPRESI-HPAI-0000518,WAHIS-HPAI-GEO-2020-12-28-00,WAHIS,High pathogenicity avian influenza,HPAI,Georgia,GEO,41.5804,42.58,2020-12-29,2021-01-15,2021-01-22,Larus spp. (wild),561,314,confirmed,synthetic
EMPRESI-HPAI-0000510,WAHIS-HPAI-ROU-2020-12-28-01,WAHIS,High pathogenicity avian influenza,HPAI,Romania,ROU,45.8291,25.1255,2020-12-28,2021-01-13,2021-01-22,Larus spp. (wild),2522,1387,confirmed,synthetic
EMPRESI-HPAI-0000342,WAHIS-HPAI-UKR-2020-11-30-01,WAHIS,High pathogenicity avian influenza,HPAI,Ukraine,UKR,48.4193,25.8499,2020-12-05,2021-01-12,2021-01-23,Cygnus olor (wild),6992,3901,confirmed,synthetic
EMPRESI-HPAI-0000562,WAHIS-HPAI-ESP-2021-01-11-01,WAHIS,High pathogenicity avian influenza,HPAI,Spain,ESP,40.0046,0.7419,2021-01-12,2021-01-14,2021-01-23,Cygnus olor (wild),6265,3454,confirmed,synthetic
EMPRESI-HPAI-0000543,WAHIS-HPAI-TUR-2021-01-04-01,WAHIS,High pathogenicity avian influenza,HPAI,Türkiye,TUR,35.2683,32.0221,2021-01-04,2021-01-18,2021-01-23,Cygnus olor (wild),8281,4511,confirmed,synthetic
EMPRESI-HPAI-0000544,WAHIS-HPAI-ISR-2021-01-04-00,WAHIS,High pathogenicity avian influenza,HPAI,Israel,ISR,31.7523,34.2735,2021-01-05,2021-01-17,2021-01-23,Larus spp. (wild),1830,989,confirmed,synthetic
EMPRESI-HPAI-0000488,WAHIS-HPAI-FRA-2020-12-28-02,WAHIS,High pathogenicity avian influenza,HPAI,France,FRA,49.0844,4.019,2020-12-28,2021-01-13,2021-01-24,Meleagris gallopavo (domestic),3694,2073,confirmed,synthetic
EMPRESI-HPAI-0000536,WAHIS-HPAI-ESP-2021-01-04-01,WAHIS,High pathogenicity avian influenza,HPAI,Spain,ESP,42.3203,-7.3866,2021-01-07,2021-01-16,2021-01-26,Larus spp. (wild),4413,2421,confirmed,synthetic
EMPRESI-HPAI-0000483,WAHIS-HPAI-TUN-2020-12-21-00,WAHIS,High pathogenicity avian influenza,HPAI,Tunisia,TUN,32.7983,8.7189,2020-12-26,2021-01-17,2021-01-26,Cygnus olor (wild),5189,2811,confirmed,synthetic
EMPRESI-HPAI-0000547,WAHIS-HPAI-TUN-2021-01-04-00,WAHIS,High pathogenicity avian influenza,HPAI,Tunisia,TUN,32.726,10.28,2021-01-06,2021-01-18,2021-01-26,Anas platyrhynchos (domestic),1058,566,confirmed,synthetic
EMPRESI-HPAI-0000419,WAHIS-HPAI-ITA-2020-12-14-06,WAHIS,High pathogenicity avian influenza,HPAI,Italy,ITA,45.4215,12.7612,2020-12-20,2021-01-16,2021-01-26,Meleagris gallopavo (domestic),5210,2960,confirmed,synthetic
EMPRESI-HPAI-0000464,WAHIS-HPAI-ESP-2020-12-21-02,WAHIS,High pathogenicity avian influenza,HPAI,Spain,ESP,41.6769,-6.2873,2020-12-26,2021-01-15,2021-01-26,Gallus gallus (domestic),976,570,confirmed,synthetic
EMPRESI-HPAI-0000462,WAHIS-HPAI-ESP-2020-12-21-00,WAHIS,High pathogenicity avian influenza,HPAI,Spain,ESP,41.0014,-2.8985,2020-12-26,2021-01-18,2021-01-27,Anas platyrhynchos (domestic),5756,3206,confirmed,synthetic
EMPRESI-HPAI-0000537,WAHIS-HPAI-ESP-2021-01-04-02,WAHIS,High pathogenicity avian influenza,HPAI,Spain,ESP,36.6867,-3.7976,2021-01-06,2021-01-16,2021-01-27,Gallus gallus (domestic),4297,2333,confirmed,synthetic
EMPRESI-HPAI-0000433,WAHIS-HPAI-HUN-2020-12-14-03,WAHIS,High pathogenicity avian influenza,HPAI,Hungary,HUN,47.0077,21.5568,2020-12-14,2021-01-19,2021-01-27,Meleagris gallopavo (domestic),7238,4044,confirmed,synthetic
EMPRESI-HPAI-0000526,WAHIS-HPAI-DEU-2021-01-04-00,WAHIS,High pathogenicity avian influenza,HPAI,Germany,DEU,52.0294,11.6293,2021-01-10,2021-01-15,2021-01-28,Anas platyrhynchos (domestic),578,318,confirmed,synthetic
EMPRESI-HPAI-0000495,WAHIS-HPAI-ITA-2020-12-28-04,WAHIS,High pathogenicity avian influenza,HPAI,Italy,ITA,41.3845,13.2783,2021-01-03,2021-01-16,2021-01-28,Gallus gallus (domestic),4784,2605,confirmed,synthetic
EMPRESI-HPAI-0000565,WAHIS-HPAI-SRB-2021-01-11-00,WAHIS,High pathogenicity avian influenza,HPAI,Serbia,SRB,44.1069,19.9692,2021-01-11,2021-01-19,2021-01-28,Anas platyrhynchos (domestic),7774,4316,confirmed,synthetic
EMPRESI-HPAI-0000496,WAHIS-HPAI-ITA-2020-12-28-05,WAHIS,High pathogenicity avian influenza,HPAI,Italy,ITA,40.7087,10.5942,2021-01-02,2021-01-20,2021-01-30,Meleagris gallopavo (domestic),661,337,confirmed,synthetic
EMPRESI-HPAI-0000491,WAHIS-HPAI-ITA-2020-12-28-00,WAHIS,High pathogenicity avian influenza,HPAI,Italy,ITA,42.4055,10.7364,2020-12-29,2021-01-22,2021-01-30,Cygnus olor (wild),3151,1722,confirmed,synthetic
EMPRESI-HPAI-0000501,WAHIS-HPAI-ESP-2020-12-28-03,WAHIS,High pathogenicity avian influenza,HPAI,Spain,ESP,42.6356,-4.2926,2020-12-28,2021-01-23,2021-01-31,Gallus gallus (domestic),5492,3018,confirmed,synthetic
EMPRESI-HPAI-0000542,WAHIS-HPAI-TUR-2021-01-04-00,WAHIS,High pathogenicity avian influenza,HPAI,Türkiye,TUR,37.5819,37.7434,2021-01-07,2021-01-25,2021-01-31,Cygnus olor (wild),2716,1509,confirmed,synthetic
EMPRESI-HPAI-0000533,WAHIS-HPAI-ITA-2021-01-04-02,WAHIS,High pathogenicity avian influenza,HPAI,Italy,ITA,41.611,10.1634,2021-01-08,2021-01-22,2021-02-01,Gallus gallus (domestic),906,503,confirmed,synthetic
EMPRESI-HPAI-0000569,WAHIS-HPAI-MAR-2021-01-11-00,WAHIS,High pathogenicity avian influenza,HPAI,Morocco,MAR,30.2367,-5.985,2021-01-11,2021-01-23,2021-02-01,Anas platyrhynchos (domestic),1844,1040,confirmed,synthetic
EMPRESI-HPAI-0000520,WAHIS-HPAI-MAR-2020-12-28-00,WAHIS,High pathogenicity avian influenza,HPAI,Morocco,MAR,28.6579,-7.4223,2021-01-03,2021-01-24,2021-02-01,Larus spp. (wild),9897,5422,confirmed,synthetic
EMPRESI-HPAI-0000587,WAHIS-HPAI-MAR-2021-01-18-01,WAHIS,High pathogenicity avian influenza,HPAI,Morocco,MAR,29.1513,-8.0556,2021-01-20,2021-01-27,2021-02-01,Larus spp. (wild),4264,2327,confirmed,synthetic
EMPRESI-HPAI-0000556,WAHIS-HPAI-BEL-2021-01-11-01,WAHIS,High pathogenicity avian influenza,HPAI,Belgium,BEL,51.0171,5.6046,2021-01-13,2021-01-23,2021-02-02,Cygnus olor (wild),4336,2379,confirmed,synthetic
EMPRESI-HPAI-0000553,WAHIS-HPAI-DEU-2021-01-11-00,WAHIS,High pathogenicity avian influenza,HPAI,Germany,DEU,49.4339,9.5484,2021-01-16,2021-01-26,2021-02-02,Meleagris gallopavo (domestic),1602,876,confirmed,synthetic
EMPRESI-HPAI-0000540,WAHIS-HPAI-SRB-2021-01-04-00,WAHIS,High pathogenicity avian influenza,HPAI,Serbia,SRB,44.8264,20.0135,2021-01-08,2021-01-22,2021-02-03,Meleagris gallopavo (domestic),1248,636,confirmed,synthetic
EMPRESI-HPAI-0000566,WAHIS-HPAI-SRB-2021-01-11-01,WAHIS,High pathogenicity avian influenza,HPAI,Serbia,SRB,44.5149,21.7527,2021-01-17,2021-01-27,2021-02-03,Gallus gallus (domestic),5241,2840,confirmed,synthetic
EMPRESI-HPAI-0000532,WAHIS-HPAI-ITA-2021-01-04-01,WAHIS,High pathogenicity avian influenza,HPAI,Italy,ITA,44.0742,12.3015,2021-01-05,2021-01-25,2021-02-03,Larus spp. (wild),2533,1417,confirmed,synthetic
EMPRESI-HPAI-0000531,WAHIS-HPAI-ITA-2021-01-04-00,WAHIS,High pathogenicity avian influenza,HPAI,Italy,ITA,42.6817,11.2132,2021-01-10,2021-01-20,2021-02-03,Gallus gallus (domestic),1486,759,confirmed,synthetic
EMPRESI-HPAI-0000575,WAHIS-HPAI-ITA-2021-01-18-00,WAHIS,High pathogenicity avian influenza,HPAI,Italy,ITA,43.8726,13.2493,2021-01-20,2021-01-27,2021-02-03,Meleagris gallopavo (domestic),4442,2445,confirmed,synthetic
EMPRESI-HPAI-0000581,WAHIS-HPAI-BGR-2021-01-18-01,WAHIS,High pathogenicity avian influenza,HPAI,Bulgaria,BGR,42.088,25.5329,2021-01-18,2021-01-23,2021-02-04,Gallus gallus (domestic),4324,2394,confirmed,synthetic
EMPRESI-HPAI-0000576,WAHIS-HPAI-ITA-2021-01-18-01,WAHIS,High pathogenicity avian influenza,HPAI,Italy,ITA,43.3952,16.0104,2021-01-21,2021-01-26,2021-02-04,Larus spp. (wild),2829,1515,confirmed,synthetic
EMPRESI-HPAI-0000517,WAHIS-HPAI-TUR-2020-12-28-00,WAHIS,High pathogenicity avian influenza,HPAI,Türkiye,TUR,35.6903,31.8295,2021-01-03,2021-02-01,2021-02-05,Cygnus olor (wild),4533,2456,confirmed,synthetic
EMPRESI-HPAI-0000555,WAHIS-HPAI-BEL-2021-01-11-00,WAHIS,High pathogenicity avian influenza,HPAI,Belgium,BEL,51.182,3.9161,2021-01-12,2021-01-27,2021-02-05,Meleagris gallopavo (domestic),11096,6156,confirmed,synthetic
EMPRESI-HPAI-0000572,WAHIS-HPAI-FRA-2021-01-18-01,WAHIS,High pathogenicity avian influenza,HPAI,France,FRA,44.8894,6.985,2021-01-23,2021-01-28,2021-02-07,Anas platyrhynchos (domestic),2860,1546,confirmed,synthetic
EMPRESI-HPAI-0000564,WAHIS-HPAI-ROU-2021-01-11-00,WAHIS,High pathogenicity avian influenza,HPAI,Romania,ROU,43.9098,24.6044,2021-01-13,2021-02-02,2021-02-07,Gallus gallus (domestic),1176,653,confirmed,synthetic
EMPRESI-HPAI-0000559,WAHIS-HPAI-ITA-2021-01-11-01,WAHIS,High pathogenicity avian influenza,HPAI,Italy,ITA,41.8893,10.8208,2021-01-16,2021-02-01,2021-02-07,Larus spp. (wild),4950,2771,confirmed,synthetic
EMPRESI-HPAI-0000527,WAHIS-HPAI-NLD-2021-01-04-00,WAHIS,High pathogenicity avian influenza,HPAI,Netherlands,NLD,52.9431,4.4408,2021-01-09,2021-01-26,2021-02-07,Gallus gallus (domestic),3246,1806,confirmed,synthetic
EMPRESI-HPAI-0000554,WAHIS-HPAI-NLD-2021-01-11-00,WAHIS,High pathogenicity avian influenza,HPAI,Netherlands,NLD,52.1574,4.7487,2021-01-15,2021-01-29,2021-02-08,Meleagris gallopavo (domestic),4413,2420,confirmed,synthetic
EMPRESI-HPAI-0000580,WAHIS-HPAI-BGR-2021-01-18-00,WAHIS,High pathogenicity avian influenza,HPAI,Bulgaria,BGR,43.7164,26.6232,2021-01-23,2021-02-03,2021-02-08,Meleagris gallopavo (domestic),6557,3613,confirmed,synthetic
EMPRESI-HPAI-0000563,WAHIS-HPAI-POL-2021-01-11-00,WAHIS,High pathogenicity avian influenza,HPAI,Poland,POL,51.7755,19.7992,2021-01-15,2021-01-31,2021-02-08,Cygnus olor (wild),3146,1739,confirmed,synthetic
EMPRESI-HPAI-0000578,WAHIS-HPAI-ESP-2021-01-18-01,WAHIS,High pathogenicity avian influenza,HPAI,Spain,ESP,36.9284,-2.978,2021-01-21,2021-01-29,2021-02-08,Larus spp. (wild),5020,2711,confirmed,synthetic
EMPRESI-HPAI-0000592,WAHIS-HPAI-ESP-2021-01-25-02,WAHIS,High pathogenicity avian influenza,HPAI,Spain,ESP,41.3971,-0.0491,2021-01-25,2021-02-02,2021-02-08,Larus spp. (wild),11173,6155,confirmed,synthetic
EMPRESI-HPAI-0000596,WAHIS-HPAI-TUR-2021-01-25-01,WAHIS,High pathogenicity avian influenza,HPAI,Türkiye,TUR,36.373,31.7657,2021-01-26,2021-02-03,2021-02-08,Meleagris gallopavo (domestic),4813,2628,confirmed,synthetic
EMPRESI-HPAI-0000593,WAHIS-HPAI-ESP-2021-01-25-03,WAHIS,High pathogenicity avian influenza,HPAI,Spain,ESP,40.3285,-7.0291,2021-01-27,2021-02-05,2021-02-09,Meleagris gallopavo (domestic),8141,4484,confirmed,synthetic
EMPRESI-HPAI-0000584,WAHIS-HPAI-ISR-2021-01-18-00,WAHIS,High pathogenicity avian influenza,HPAI,Israel,ISR,31.9348,34.3811,2021-01-24,2021-02-02,2021-02-09,Gallus gallus (domestic),2782,1563,confirmed,synthetic
EMPRESI-HPAI-0000560,WAHIS-HPAI-ITA-2021-01-11-02,WAHIS,High pathogenicity avian influenza,HPAI,Italy,ITA,43.9855,15.8225,2021-01-16,2021-02-03,2021-02-09,Larus spp. (wild),4118,2273,confirmed,synthetic
EMPRESI-HPAI-0000551,WAHIS-HPAI-FRA-2021-01-11-00,WAHIS,High pathogenicity avian influenza,HPAI,France,FRA,46.0207,5.3085,2021-01-11,2021-02-01,2021-02-09,Cygnus olor (wild),14676,8042,confirmed,synthetic
EMPRESI-HPAI-0000552,WAHIS-HPAI-FRA-2021-01-11-01,WAHIS,High pathogenicity avian influenza,HPAI,France,FRA,44.1786,1.5542,2021-01-11,2021-02-04,2021-02-09,Larus spp. (wild),4126,2258,confirmed,synthetic
EMPRESI-HPAI-0000567,WAHIS-HPAI-ISR-2021-01-11-00,WAHIS,High pathogenicity avian influenza,HPAI,Israel,ISR,31.7493,34.379,2021-01-17,2021-02-05,2021-02-10,Gallus gallus (domestic),2496,1382,confirmed,synthetic
EMPRESI-HPAI-0000571,WAHIS-HPAI-FRA-2021-01-18-00,WAHIS,High pathogenicity avian influenza,HPAI,France,FRA,49.2151,-1.3899,2021-01-18,2021-01-28,2021-02-11,Gallus gallus (domestic),6183,3390,confirmed,synthetic
EMPRESI-HPAI-0000497,WAHIS-HPAI-ITA-2020-12-28-06,WAHIS,High pathogenicity avian influenza,HPAI,Italy,ITA,41.9878,10.0377,2020-12-31,2021-02-02,2021-02-11,Meleagris gallopavo (domestic),5754,3181,confirmed,synthetic
EMPRESI-HPAI-0000522,WAHIS-HPAI-MAR-2020-12-28-02,WAHIS,High pathogenicity avian influenza,HPAI,Morocco,MAR,34.5034,-6.2372,2020-12-30,2021-02-02,2021-02-12,Anas platyrhynchos (domestic),1087,615,confirmed,synthetic
EMPRESI-HPAI-0000486,WAHIS-HPAI-FRA-2020-12-28-00,WAHIS,High pathogenicity avian influenza,HPAI,France,FRA,47.5722,6.7301,2020-12-29,2021-02-04,2021-02-12,Larus spp. (wild),6724,3737,confirmed,synthetic
EMPRESI-HPAI-0000591,WAHIS-HPAI-ESP-2021-01-25-01,WAHIS,High pathogenicity avian influenza,HPAI,Spain,ESP,40.5272,-2.3137,2021-01-30,2021-02-07,2021-02-14,Larus spp. (wild),3313,1797,confirmed,synthetic
EMPRESI-HPAI-0000574,WAHIS-HPAI-DEU-2021-01-18-01,WAHIS,High pathogenicity avian influenza,HPAI,Germany,DEU,50.6523,10.9679,2021-01-24,2021-02-06,2021-02-15,Meleagris gallopavo (domestic),3143,1726,confirmed,synthetic
EMPRESI-HPAI-0000582,WAHIS-HPAI-SRB-2021-01-18-00,WAHIS,High pathogenicity avian influenza,HPAI,Serbia,SRB,42.613,20.8861,2021-01-18,2021-02-07,2021-02-15,Meleagris gallopavo (domestic),3077,1728,confirmed,synthetic
EMPRESI-HPAI-0000603,WAHIS-HPAI-ESP-2021-02-01-01,WAHIS,High pathogenicity avian influenza,HPAI,Spain,ESP,39.8139,-1.8057,2021-02-01,2021-02-08,2021-02-15,Anas platyrhynchos (domestic),1751,961,confirmed,synthetic
EMPRESI-HPAI-0000588,WAHIS-HPAI-BEL-2021-01-25-00,WAHIS,High pathogenicity avian influenza,HPAI,Belgium,BEL,50.1012,3.7931,2021-01-30,2021-02-06,2021-02-15,Gallus gallus (domestic),3614,2015,confirmed,synthetic
EMPRESI-HPAI-0000604,WAHIS-HPAI-ESP-2021-02-01-02,WAHIS,High pathogenicity avian influenza,HPAI,Spain,ESP,38.0491,-4.983,2021-02-04,2021-02-09,2021-02-16,Gallus gallus (domestic),6739,3683,confirmed,synthetic
EMPRESI-HPAI-0000610,WAHIS-HPAI-TUN-2021-02-01-00,WAHIS,High pathogenicity avian influenza,HPAI,Tunisia,TUN,33.7061,10.7189,2021-02-01,2021-02-10,2021-02-17,Gallus gallus (domestic),6882,3803,confirmed,synthetic
EMPRESI-HPAI-0000601,WAHIS-HPAI-ITA-2021-02-01-00,WAHIS,High pathogenicity avian influenza,HPAI,Italy,ITA,43.9852,11.9152,2021-02-06,2021-02-10,2021-02-17,Anas platyrhynchos (domestic),5271,2834,confirmed,synthetic
EMPRESI-HPAI-0000602,WAHIS-HPAI-ESP-2021-02-01-00,WAHIS,High pathogenicity avian influenza,HPAI,Spain,ESP,39.0543,-4.4022,2021-02-06,2021-02-14,2021-02-18,Cygnus olor (wild),3785,2079,confirmed,synthetic
EMPRESI-HPAI-0000579,WAHIS-HPAI-POL-2021-01-18-00,WAHIS,High pathogenicity avian influenza,HPAI,Poland,POL,54.3115,18.6632,2021-01-20,2021-02-12,2021-02-18,Larus spp. (wild),5850,3261,confirmed,synthetic
EMPRESI-HPAI-0000478,WAHIS-HPAI-MDA-2020-12-21-00,WAHIS,High pathogenicity avian influenza,HPAI,Moldova,MDA,46.7854,28.7546,2020-12-27,2021-02-09,2021-02-18,Anas platyrhynchos (domestic),2915,1559,confirmed,synthetic
EMPRESI-HPAI-0000586,WAHIS-HPAI-MAR-2021-01-18-00,WAHIS,High pathogenicity avian influenza,HPAI,Morocco,MAR,30.5313,-6.8892,2021-01-19,2021-02-11,2021-02-20,Gallus gallus (domestic),2778,1513,confirmed,synthetic
EMPRESI-HPAI-0000611,WAHIS-HPAI-TUN-2021-02-01-01,WAHIS,High pathogenicity avian influenza,HPAI,Tunisia,TUN,34.3285,11.0428,2021-02-01,2021-02-17,2021-02-20,Larus spp. (wild),6793,3715,confirmed,synthetic
EMPRESI-HPAI-0000590,WAHIS-HPAI-ESP-2021-01-25-00,WAHIS,High pathogenicity avian influenza,HPAI,Spain,ESP,37.7615,-6.4736,2021-01-30,2021-02-10,2021-02-20,Larus spp. (wild),2839,1531,confirmed,synthetic
EMPRESI-HPAI-0000546,WAHIS-HPAI-EGY-2021-01-04-00,WAHIS,High pathogenicity avian influenza,HPAI,Egypt,EGY,21.9166,32.0737,2021-01-08,2021-02-12,2021-02-21,Cygnus olor (wild),5570,3063,confirmed,synthetic
EMPRESI-HPAI-0000570,WAHIS-HPAI-MAR-2021-01-11-01,WAHIS,High pathogenicity avian influenza,HPAI,Morocco,MAR,33.8573,-7.9738,2021-01-11,2021-02-16,2021-02-22,Meleagris gallopavo (domestic),2101,1148,confirmed,synthetic
EMPRESI-HPAI-0000614,WAHIS-HPAI-ITA-2021-02-08-00,WAHIS,High pathogenicity avian influenza,HPAI,Italy,ITA,45.0822,12.0678,2021-02-09,2021-02-16,2021-02-24,Cygnus olor (wild),2493,1413,confirmed,synthetic
EMPRESI-HPAI-0000380,WAHIS-HPAI-HUN-2020-12-07-00,WAHIS,High pathogenicity avian influenza,HPAI,Hungary,HUN,47.8094,19.1852,2020-12-07,2021-02-18,2021-02-26,Gallus gallus (domestic),6666,3699,confirmed,synthetic
EMPRESI-HPAI-0000573,WAHIS-HPAI-DEU-2021-01-18-00,WAHIS,High pathogenicity avian influenza,HPAI,Germany,DEU,48.7997,11.3337,2021-01-21,2021-02-15,2021-02-26,Cygnus olor (wild),1521,818,confirmed,synthetic
EMPRESI-HPAI-0000607,WAHIS-HPAI-TUR-2021-02-01-00,WAHIS,High pathogenicity avian influenza,HPAI,Türkiye,TUR,40.8833,33.2328,2021-02-03,2021-02-22,2021-03-01,Cygnus olor (wild),3993,2208,confirmed,synthetic
EMPRESI-HPAI-0000612,WAHIS-HPAI-MAR-2021-02-01-00,WAHIS,High pathogenicity avian influenza,HPAI,Morocco,MAR,32.0857,-7.3463,2021-02-01,2021-02-18,2021-03-01,Anas platyrhynchos (domestic),1887,1037,confirmed,synthetic
EMPRESI-HPAI-0000557,WAHIS-HPAI-BEL-2021-01-11-02,WAHIS,High pathogenicity avian influenza,HPAI,Belgium,BEL,50.2898,5.3898,2021-01-15,2021-02-21,2021-03-03,Gallus gallus (domestic),6431,3585,confirmed,synthetic
EMPRESI-HPAI-0000623,WAHIS-HPAI-ESP-2021-02-15-01,WAHIS,High pathogenicity avian influenza,HPAI,Spain,ESP,41.8791,-0.1229,2021-02-20,2021-02-26,2021-03-05,Gallus gallus (domestic),2593,1425,confirmed,synthetic
EMPRESI-HPAI-0000609,WAHIS-HPAI-GEO-2021-02-01-00,WAHIS,High pathogenicity avian influenza,HPAI,Georgia,GEO,42.515,42.9923,2021-02-03,2021-02-24,2021-03-05,Cygnus olor (wild),4346,2432,confirmed,synthetic
EMPRESI-HPAI-0000626,WAHIS-HPAI-TUN-2021-02-15-01,WAHIS,High pathogenicity avian influenza,HPAI,Tunisia,TUN,32.334,10.8456,2021-02-21,2021-02-27,2021-03-06,Cygnus olor (wild),2928,1593,confirmed,synthetic
EMPRESI-HPAI-0000615,WAHIS-HPAI-ESP-2021-02-08-00,WAHIS,High pathogenicity avian influenza,HPAI,Spain,ESP,37.5802,-5.4154,2021-02-10,2021-02-24,2021-03-07,Anas platyrhynchos (domestic),8268,4580,confirmed,synthetic
EMPRESI-HPAI-0000391,WAHIS-HPAI-GEO-2020-12-07-01,WAHIS,High pathogenicity avian influenza,HPAI,Georgia,GEO,43.3207,43.1932,2020-12-12,2021-02-28,2021-03-07,Gallus gallus (domestic),4618,2507,confirmed,synthetic
EMPRESI-HPAI-0000628,WAHIS-HPAI-MAR-2021-02-15-01,WAHIS,High pathogenicity avian influenza,HPAI,Morocco,MAR,32.5158,-10.3558,2021-02-16,2021-02-28,2021-03-07,Gallus gallus (domestic),874,482,confirmed,synthetic
EMPRESI-HPAI-0000620,WAHIS-HPAI-DEU-2021-02-15-00,WAHIS,High pathogenicity avian influenza,HPAI,Germany,DEU,51.8838,12.1469,2021-02-20,2021-02-26,2021-03-08,Gallus gallus (domestic),4800,2660,confirmed,synthetic
EMPRESI-HPAI-0000598,WAHIS-HPAI-GEO-2021-01-25-00,WAHIS,High pathogenicity avian influenza,HPAI,Georgia,GEO,43.2657,43.0473,2021-01-28,2021-03-04,2021-03-09,Cygnus olor (wild),8666,4671,confirmed,synthetic
EMPRESI-HPAI-0000523,WAHIS-HPAI-FRA-2021-01-04-00,WAHIS,High pathogenicity avian influenza,HPAI,France,FRA,46.967,5.0447,2021-01-07,2021-02-27,2021-03-11,Meleagris gallopavo (domestic),9825,5555,confirmed,synthetic
EMPRESI-HPAI-0000617,WAHIS-HPAI-ESP-2021-02-08-02,WAHIS,High pathogenicity avian influenza,HPAI,Spain,ESP,38.2081,-6.6231,2021-02-09,2021-03-06,2021-03-13,Gallus gallus (domestic),2535,1397,confirmed,synthetic
EMPRESI-HPAI-0000541,WAHIS-HPAI-UKR-2021-01-04-00,WAHIS,High pathogenicity avian influenza,HPAI,Ukraine,UKR,49.179,32.2315,2021-01-05,2021-03-03,2021-03-14,Gallus gallus (domestic),4011,2216,confirmed,synthetic
EMPRESI-HPAI-0000630,WAHIS-HPAI-FRA-2021-03-01-00,WAHIS,High pathogenicity avian influenza,HPAI,France,FRA,46.1317,3.0897,2021-03-06,2021-03-09,2021-03-15,Anas platyrhynchos (domestic),2375,1333,confirmed,synthetic
EMPRESI-HPAI-0000595,WAHIS-HPAI-TUR-2021-01-25-00,WAHIS,High pathogenicity avian influenza,HPAI,Türkiye,TUR,36.4857,36.0474,2021-01-26,2021-03-07,2021-03-15,Gallus gallus (domestic),8378,4595,confirmed,synthetic
EMPRESI-HPAI-0000633,WAHIS-HPAI-TUR-2021-03-01-00,WAHIS,High pathogenicity avian influenza,HPAI,Türkiye,TUR,41.4511,38.106,2021-03-06,2021-03-12,2021-03-17,Gallus gallus (domestic),2288,1251,confirmed,synthetic
EMPRESI-HPAI-0000634,WAHIS-HPAI-TUN-2021-03-01-00,WAHIS,High pathogenicity avian influenza,HPAI,Tunisia,TUN,33.4899,10.4433,2021-03-07,2021-03-14,2021-03-20,Anas platyrhynchos (domestic),6986,3806,confirmed,synthetic
EMPRESI-HPAI-0000631,WAHIS-HPAI-ESP-2021-03-01-00,WAHIS,High pathogenicity avian influenza,HPAI,Spain,ESP,41.8991,-2.054,2021-03-01,2021-03-17,2021-03-24,Meleagris gallopavo (domestic),1465,817,confirmed,synthetic
EMPRESI-HPAI-0000625,WAHIS-HPAI-TUN-2021-02-15-00,WAHIS,High pathogenicity avian influenza,HPAI,Tunisia,TUN,33.3843,10.8322,2021-02-21,2021-03-26,2021-04-01,Gallus gallus (domestic),314,176,confirmed,synthetic
EMPRESI-HPAI-0000390,WAHIS-HPAI-GEO-2020-12-07-00,WAHIS,High pathogenicity avian influenza,HPAI,Georgia,GEO,41.1557,43.4493,2020-12-10,2021-03-27,2021-04-03,Gallus gallus (domestic),1061,550,confirmed,synthetic
EMPRESI-HPAI-0000638,WAHIS-HPAI-TUR-2021-03-15-00,WAHIS,High pathogenicity avian influenza,HPAI,Türkiye,TUR,37.545,30.8912,2021-03-15,2021-03-26,2021-04-03,Cygnus olor (wild),6196,3373,confirmed,synthetic
EMPRESI-HPAI-0000629,WAHIS-HPAI-BEL-2021-02-22-00,WAHIS,High pathogenicity avian influenza,HPAI,Belgium,BEL,50.5082,5.0177,2021-02-28,2021-03-29,2021-04-06,Cygnus olor (wild),1330,746,confirmed,synthetic
EMPRESI-HPAI-0000622,WAHIS-HPAI-ESP-2021-02-15-00,WAHIS,High pathogenicity avian influenza,HPAI,Spain,ESP,37.5251,-6.0853,2021-02-17,2021-03-31,2021-04-08,Meleagris gallopavo (domestic),2310,1239,confirmed,synthetic
EMPRESI-HPAI-0000619,WAHIS-HPAI-EGY-2021-02-08-00,WAHIS,High pathogenicity avian influenza,HPAI,Egypt,EGY,28.2011,34.415,2021-02-12,2021-04-04,2021-04-10,Meleagris gallopavo (domestic),4861,2705,confirmed,synthetic
EMPRESI-HPAI-0000643,WAHIS-HPAI-ESP-2021-03-29-00,WAHIS,High pathogenicity avian influenza,HPAI,Spain,ESP,39.3794,-2.4071,2021-03-31,2021-04-04,2021-04-11,Anas platyrhynchos (domestic),3181,1731,confirmed,synthetic
EMPRESI-HPAI-0000635,WAHIS-HPAI-TUR-2021-03-08-00,WAHIS,High pathogenicity avian influenza,HPAI,Türkiye,TUR,37.6244,33.0248,2021-03-13,2021-04-02,2021-04-13,Gallus gallus (domestic),3818,2106,confirmed,synthetic
EMPRESI-HPAI-0000642,WAHIS-HPAI-FRA-2021-03-29-00,WAHIS,High pathogenicity avian influenza,HPAI,France,FRA,49.6886,1.4285,2021-03-29,2021-04-08,2021-04-18,Gallus gallus (domestic),4433,2476,confirmed,synthetic
EMPRESI-HPAI-0000636,WAHIS-HPAI-MAR-2021-03-08-00,WAHIS,High pathogenicity avian influenza,HPAI,Morocco,MAR,30.2154,-6.4369,2021-03-12,2021-04-09,2021-04-19,Cygnus olor (wild),8982,4911,confirmed,synthetic
EMPRESI-HPAI-0000639,WAHIS-HPAI-ITA-2021-03-22-00,WAHIS,High pathogenicity avian influenza,HPAI,Italy,ITA,41.0484,12.666,2021-03-28,2021-04-19,2021-04-26,Anas platyrhynchos (domestic),4789,2633,confirmed,synthetic
EMPRESI-HPAI-0000646,WAHIS-HPAI-NLD-2021-04-12-00,WAHIS,High pathogenicity avian influenza,HPAI,Netherlands,NLD,51.7623,5.9338,2021-04-15,2021-04-24,2021-05-01,Cygnus olor (wild),2511,1419,confirmed,synthetic
EMPRESI-HPAI-0000647,WAHIS-HPAI-TUR-2021-04-12-00,WAHIS,High pathogenicity avian influenza,HPAI,Türkiye,TUR,40.8156,36.0183,2021-04-16,2021-04-30,2021-05-09,Anas platyrhynchos (domestic),1640,914,confirmed,synthetic
EMPRESI-HPAI-0000648,WAHIS-HPAI-BEL-2021-04-19-00,WAHIS,High pathogenicity avian influenza,HPAI,Belgium,BEL,50.9516,5.7597,2021-04-24,2021-04-30,2021-05-12,Meleagris gallopavo (domestic),7061,3868,confirmed,synthetic
EMPRESI-HPAI-0000645,WAHIS-HPAI-FRA-2021-04-05-01,WAHIS,High pathogenicity avian influenza,HPAI,France,FRA,45.0878,7.1627,2021-04-11,2021-04-30,2021-05-13,Gallus gallus (domestic),8928,4923,confirmed,synthetic
EMPRESI-HPAI-0000649,WAHIS-HPAI-HUN-2021-04-26-00,WAHIS,High pathogenicity avian influenza,HPAI,Hungary,HUN,48.4124,19.7682,2021-04-30,2021-05-15,2021-05-20,Larus spp. (wild),4244,2318,confirmed,synthetic
EMPRESI-HPAI-0000652,WAHIS-HPAI-ROU-2021-05-03-00,WAHIS,High pathogenicity avian influenza,HPAI,Romania,ROU,47.8806,25.2759,2021-05-05,2021-05-14,2021-05-20,Gallus gallus (domestic),624,362,confirmed,synthetic
EMPRESI-HPAI-0000650,WAHIS-HPAI-BGR-2021-04-26-00,WAHIS,High pathogenicity avian influenza,HPAI,Bulgaria,BGR,43.3194,23.2778,2021-04-27,2021-05-20,2021-05-27,Meleagris gallopavo (domestic),1516,835,confirmed,synthetic
EMPRESI-ASF-0001360,WAHIS-ASF-POL-2021-05-17-00,WAHIS,African swine fever,ASF,Poland,POL,53.3731,20.9277,2021-05-23,2021-05-29,2021-06-05,Sus scrofa domesticus,128,112,confirmed,synthetic
EMPRESI-HPAI-0000653,WAHIS-HPAI-ROU-2021-05-24-00,WAHIS,High pathogenicity avian influenza,HPAI,Romania,ROU,44.6464,27.4693,2021-05-25,2021-06-08,2021-06-20,Cygnus olor (wild),4135,2267,confirmed,synthetic
EMPRESI-ASF-0001361,WAHIS-ASF-ROU-2021-05-24-00,WAHIS,African swine fever,ASF,Romania,ROU,45.3249,23.8378,2021-05-30,2021-06-14,2021-06-21,Sus scrofa (wild boar),61,51,confirmed,synthetic
EMPRESI-HPAI-0000655,WAHIS-HPAI-ROU-2021-05-31-00,WAHIS,High pathogenicity avian influenza,HPAI,Romania,ROU,43.7615,25.1111,2021-06-04,2021-06-11,2021-06-24,Gallus gallus (domestic),917,522,confirmed,synthetic
EMPRESI-ASF-0001368,WAHIS-ASF-ROU-2021-06-14-00,WAHIS,African swine fever,ASF,Romania,ROU,44.6003,23.5891,2021-06-16,2021-06-19,2021-06-25,Sus scrofa (wild boar),21,19,confirmed,synthetic
EMPRESI-ASF-0001366,WAHIS-ASF-RUS-2021-06-07-00,WAHIS,African swine fever,ASF,Russian Federation,RUS,57.6639,48.4195,2021-06-08,2021-06-22,2021-06-27,Sus scrofa domesticus,250,221,confirmed,synthetic
EMPRESI-ASF-0001365,WAHIS-ASF-HUN-2021-06-07-01,WAHIS,African swine fever,ASF,Hungary,HUN,47.5433,21.0466,2021-06-09,2021-06-16,2021-06-30,Sus scrofa domesticus,77,70,confirmed,synthetic
EMPRESI-HPAI-0000654,WAHIS-HPAI-NLD-2021-05-31-00,WAHIS,High pathogenicity avian influenza,HPAI,Netherlands,NLD,51.485,4.8434,2021-06-01,2021-06-23,2021-06-30,Cygnus olor (wild),8976,4994,confirmed,synthetic
EMPRESI-ASF-0001372,WAHIS-ASF-RUS-2021-06-21-00,WAHIS,African swine fever,ASF,Russian Federation,RUS,52.3336,43.0793,2021-06-26,2021-06-29,2021-07-02,Sus scrofa (wild boar),233,209,confirmed,synthetic
EMPRESI-ASF-0001369,WAHIS-ASF-BGR-2021-06-14-00,WAHIS,African swine fever,ASF,Bulgaria,BGR,42.7206,24.8183,2021-06-20,2021-06-24,2021-07-03,Sus scrofa domesticus,19,16,confirmed,synthetic
EMPRESI-ASF-0001363,WAHIS-ASF-SRB-2021-05-31-00,WAHIS,African swine fever,ASF,Serbia,SRB,43.3288,20.9626,2021-06-02,2021-06-26,2021-07-03,Sus scrofa (wild boar),89,70,confirmed,synthetic
EMPRESI-ASF-0001370,WAHIS-ASF-RUS-2021-06-14-00,WAHIS,African swine fever,ASF,Russian Federation,RUS,60.3273,42.4777,2021-06-14,2021-06-25,2021-07-04,Sus scrofa (wild boar),34,30,confirmed,synthetic
EMPRESI-ASF-0001373,WAHIS-ASF-SRB-2021-06-28-00,WAHIS,African swine fever,ASF,Serbia,SRB,44.8807,21.5288,2021-07-01,2021-07-05,2021-07-13,Sus scrofa domesticus,56,51,confirmed,synthetic
EMPRESI-ASF-0001367,WAHIS-ASF-HUN-2021-06-14-00,WAHIS,African swine fever,ASF,Hungary,HUN,46.1842,20.754,2021-06-16,2021-07-10,2021-07-16,Sus scrofa (wild boar),132,113,confirmed,synthetic
EMPRESI-ASF-0001374,WAHIS-ASF-RUS-2021-06-28-00,WAHIS,African swine fever,ASF,Russian Federation,RUS,55.0536,45.2351,2021-06-28,2021-07-10,2021-07-16,Sus scrofa domesticus,84,77,confirmed,synthetic
EMPRESI-HPAI-0000656,WAHIS-HPAI-BEL-2021-07-05-00,WAHIS,High pathogenicity avian influenza,HPAI,Belgium,BEL,50.1571,4.1758,2021-07-10,2021-07-23,2021-07-31,Larus spp. (wild),2969,1632,confirmed,synthetic
EMPRESI-ASF-0001375,WAHIS-ASF-SRB-2021-07-05-00,WAHIS,African swine fever,ASF,Serbia,SRB,43.1525,21.8781,2021-07-06,2021-07-24,2021-08-03,Sus scrofa domesticus,192,168,confirmed,synthetic
EMPRESI-ASF-0001380,WAHIS-ASF-SRB-2021-07-19-00,WAHIS,African swine fever,ASF,Serbia,SRB,44.9025,20.1097,2021-07-22,2021-07-29,2021-08-04,Sus scrofa (wild boar),74,65,confirmed,synthetic
EMPRESI-ASF-0001381,WAHIS-ASF-NLD-2021-07-26-00,WAHIS,African swine fever,ASF,Netherlands,NLD,52.6855,5.6919,2021-07-26,2021-08-01,2021-08-10,Sus scrofa (wild boar),419,363,confirmed,synthetic
EMPRESI-ASF-0001376,WAHIS-ASF-NLD-2021-07-19-00,WAHIS,African swine fever,ASF,Netherlands,NLD,51.8779,5.7722,2021-07-24,2021-08-08,2021-08-17,Sus scrofa (wild boar),110,97,confirmed,synthetic
EMPRESI-ASF-0001390,WAHIS-ASF-FRA-2021-08-09-01,WAHIS,African swine fever,ASF,France,FRA,47.6238,1.8259,2021-08-10,2021-08-17,2021-08-24,Sus scrofa (wild boar),19,19,confirmed,synthetic
EMPRESI-ASF-0001388,WAHIS-ASF-SRB-2021-08-02-00,WAHIS,African swine fever,ASF,Serbia,SRB,45.1037,22.2044,2021-08-02,2021-08-21,2021-08-28,Sus scrofa domesticus,23,22,confirmed,synthetic
EMPRESI-ASF-0001394,WAHIS-ASF-FRA-2021-08-16-00,WAHIS,African swine fever,ASF,France,FRA,45.5091,-0.8207,2021-08-20,2021-08-25,2021-09-01,Sus scrofa (wild boar),179,160,confirmed,synthetic
EMPRESI-ASF-0001395,WAHIS-ASF-NLD-2021-08-16-00,WAHIS,African swine fever,ASF,Netherlands,NLD,51.5857,5.0577,2021-08-17,2021-08-25,2021-09-02,Sus scrofa domesticus,72,65,confirmed,synthetic
EMPRESI-ASF-0001387,WAHIS-ASF-POL-2021-08-02-00,WAHIS,African swine fever,ASF,Poland,POL,50.6267,17.786,2021-08-02,2021-08-28,2021-09-04,Sus scrofa domesticus,275,245,confirmed,synthetic
EMPRESI-ASF-0001399,WAHIS-ASF-FRA-2021-08-23-00,WAHIS,African swine fever,ASF,France,FRA,46.54,-2.0309,2021-08-23,2021-08-31,2021-09-05,Sus scrofa domesticus,58,47,confirmed,synthetic
EMPRESI-ASF-0001379,WAHIS-ASF-ROU-2021-07-19-00,WAHIS,African swine fever,ASF,Romania,ROU,44.9859,25.8683,2021-07-21,2021-08-28,2021-09-06,Sus scrofa domesticus,31,29,confirmed,synthetic
EMPRESI-ASF-0001393,WAHIS-ASF-SRB-2021-08-09-00,WAHIS,African swine fever,ASF,Serbia,SRB,44.2868,20.6728,2021-08-15,2021-08-30,2021-09-07,Sus scrofa (wild boar),24,19,confirmed,synthetic
EMPRESI-ASF-0001406,WAHIS-ASF-ROU-2021-08-23-00,WAHIS,African swine fever,ASF,Romania,ROU,46.5563,21.9456,2021-08-29,2021-09-01,2021-09-09,Sus scrofa domesticus,169,151,confirmed,synthetic
EMPRESI-ASF-0001397,WAHIS-ASF-ESP-2021-08-16-00,WAHIS,African swine fever,ASF,Spain,ESP,38.3506,-3.3608,2021-08-21,2021-09-03,2021-09-10,Sus scrofa domesticus,523,458,confirmed,synthetic
EMPRESI-ASF-0001401,WAHIS-ASF-NLD-2021-08-23-00,WAHIS,African swine fever,ASF,Netherlands,NLD,52.7031,4.529,2021-08-27,2021-09-05,2021-09-11,Sus scrofa (wild boar),175,151,confirmed,synthetic
EMPRESI-ASF-0001403,WAHIS-ASF-BEL-2021-08-23-01,WAHIS,African swine fever,ASF,Belgium,BEL,51.1163,4.9441,2021-08-27,2021-09-06,2021-09-15,Sus scrofa (wild boar),29,27,confirmed,synthetic
EMPRESI-ASF-0001412,WAHIS-ASF-NLD-2021-08-30-00,WAHIS,African swine fever,ASF,Netherlands,NLD,51.978,6.1422,2021-09-04,2021-09-09,2021-09-15,Sus scrofa (wild boar),68,56,confirmed,synthetic
EMPRESI-ASF-0001408,WAHIS-ASF-FRA-2021-08-30-01,WAHIS,African swine fever,ASF,France,FRA,48.1034,3.4221,2021-09-04,2021-09-09,2021-09-15,Sus scrofa domesticus,51,48,confirmed,synthetic
EMPRESI-ASF-0001398,WAHIS-ASF-POL-2021-08-16-00,WAHIS,African swine fever,ASF,Poland,POL,54.4144,17.6285,2021-08-17,2021-09-09,2021-09-16,Sus scrofa (wild boar),121,101,confirmed,synthetic
EMPRESI-ASF-0001391,WAHIS-ASF-NLD-2021-08-09-00,WAHIS,African swine fever,ASF,Netherlands,NLD,52.524,5.7316,2021-08-13,2021-09-07,2021-09-17,Sus scrofa (wild boar),172,149,confirmed,synthetic
EMPRESI-ASF-0001396,WAHIS-ASF-BEL-2021-08-16-00,WAHIS,African swine fever,ASF,Belgium,BEL,50.8175,3.3311,2021-08-21,2021-09-13,2021-09-17,Sus scrofa (wild boar),15,14,confirmed,synthetic
EMPRESI-ASF-0001402,WAHIS-ASF-BEL-2021-08-23-00,WAHIS,African swine fever,ASF,Belgium,BEL,50.2042,5.5712,2021-08-27,2021-09-11,2021-09-21,Sus scrofa domesticus,175,160,confirmed,synthetic
EMPRESI-ASF-0001389,WAHIS-ASF-FRA-2021-08-09-00,WAHIS,African swine fever,ASF,France,FRA,46.7347,2.0117,2021-08-14,2021-09-09,2021-09-21,Sus scrofa (wild boar),156,139,confirmed,synthetic
EMPRESI-ASF-0001430,WAHIS-ASF-HUN-2021-09-06-01,WAHIS,African swine fever,ASF,Hungary,HUN,47.8936,17.635,2021-09-08,2021-09-15,2021-09-22,Sus scrofa (wild boar),114,103,confirmed,synthetic
EMPRESI-ASF-0001400,WAHIS-ASF-DEU-2021-08-23-00,WAHIS,African swine fever,ASF,Germany,DEU,52.1864,6.2913,2021-08-29,2021-09-15,2021-09-22,Sus scrofa (wild boar),146,122,confirmed,synthetic
EMPRESI-ASF-0001416,WAHIS-ASF-HUN-2021-08-30-01,WAHIS,African swine fever,ASF,Hungary,HUN,48.2172,18.4058,2021-09-05,2021-09-14,2021-09-22,Sus scrofa (wild boar),51,45,confirmed,synthetic
EMPRESI-ASF-0001442,WAHIS-ASF-ROU-2021-09-13-00,WAHIS,African swine fever,ASF,Romania,ROU,45.7165,26.225,2021-09-14,2021-09-17,2021-09-23,Sus scrofa domesticus,70,61,confirmed,synthetic
EMPRESI-ASF-0001420,WAHIS-ASF-FRA-2021-09-06-02,WAHIS,African swine fever,ASF,France,FRA,47.3767,-1.6773,2021-09-06,2021-09-17,2021-09-24,Sus scrofa domesticus,82,75,confirmed,synthetic
EMPRESI-ASF-0001438,WAHIS-ASF-BEL-2021-09-13-00,WAHIS,African swine fever,ASF,Belgium,BEL,51.1235,5.4005,2021-09-13,2021-09-18,2021-09-25,Sus scrofa (wild boar),293,254,confirmed,synthetic
EMPRESI-ASF-0001443,WAHIS-ASF-BGR-2021-09-13-00,WAHIS,African swine fever,ASF,Bulgaria,BGR,42.6189,25.1245,2021-09-13,2021-09-18,2021-09-26,Sus scrofa (wild boar),119,101,confirmed,synthetic
EMPRESI-ASF-0001413,WAHIS-ASF-NLD-2021-08-30-01,WAHIS,African swine fever,ASF,Netherlands,NLD,52.0805,4.2399,2021-08-30,2021-09-18,2021-09-27,Sus scrofa domesticus,107,92,confirmed,synthetic
EMPRESI-ASF-0001364,WAHIS-ASF-HUN-2021-06-07-00,WAHIS,African swine fever,ASF,Hungary,HUN,46.8538,20.7391,2021-06-07,2021-09-19,2021-09-27,Sus scrofa (wild boar),21,19,confirmed,synthetic
EMPRESI-ASF-0001378,WAHIS-ASF-HUN-2021-07-19-00,WAHIS,African swine fever,ASF,Hungary,HUN,46.1537,20.5168,2021-07-23,2021-09-22,2021-09-29,Sus scrofa (wild boar),49,41,confirmed,synthetic
EMPRESI-ASF-0001410,WAHIS-ASF-DEU-2021-08-30-00,WAHIS,African swine fever,ASF,Germany,DEU,50.6396,13.882,2021-09-01,2021-09-23,2021-09-29,Sus scrofa domesticus,102,87,confirmed,synthetic
EMPRESI-ASF-0001437,WAHIS-ASF-NLD-2021-09-13-03,WAHIS,African swine fever,ASF,Netherlands,NLD,51.3141,4.8219,2021-09-18,2021-09-22,2021-09-30,Sus scrofa domesticus,48,39,confirmed,synthetic
EMPRESI-ASF-0001451,WAHIS-ASF-BEL-2021-09-20-00,WAHIS,African swine fever,ASF,Belgium,BEL,50.7761,4.749,2021-09-20,2021-09-25,2021-09-30,Sus scrofa (wild boar),38,36,confirmed,synthetic
EMPRESI-ASF-0001427,WAHIS-ASF-POL-2021-09-06-00,WAHIS,African swine fever,ASF,Poland,POL,49.8672,19.5843,2021-09-06,2021-09-20,2021-09-30,Sus scrofa domesticus,113,99,confirmed,synthetic
EMPRESI-ASF-0001423,WAHIS-ASF-NLD-2021-09-06-01,WAHIS,African swine fever,ASF,Netherlands,NLD,52.3232,5.5002,2021-09-10,2021-09-21,2021-10-01,Sus scrofa domesticus,112,100,confirmed,synthetic
EMPRESI-ASF-0001436,WAHIS-ASF-NLD-2021-09-13-02,WAHIS,African swine fever,ASF,Netherlands,NLD,52.0614,6.444,2021-09-15,2021-09-27,2021-10-02,Sus scrofa (wild boar),71,63,confirmed,synthetic
EMPRESI-ASF-0001405,WAHIS-ASF-POL-2021-08-23-01,WAHIS,African swine fever,ASF,Poland,POL,52.6409,19.3842,2021-08-29,2021-09-28,2021-10-03,Sus scrofa (wild boar),18,16,confirmed,synthetic
EMPRESI-ASF-0001439,WAHIS-ASF-BEL-2021-09-13-01,WAHIS,African swine fever,ASF,Belgium,BEL,50.1888,5.0168,2021-09-17,2021-10-03,2021-10-07,Sus scrofa (wild boar),9,8,confirmed,synthetic
EMPRESI-ASF-0001435,WAHIS-ASF-NLD-2021-09-13-01,WAHIS,African swine fever,ASF,Netherlands,NLD,51.6042,6.5693,2021-09-15,2021-09-29,2021-10-07,Sus scrofa domesticus,86,76,confirmed,synthetic
EMPRESI-ASF-0001409,WAHIS-ASF-FRA-2021-08-30-02,WAHIS,African swine fever,ASF,France,FRA,49.4937,1.7701,2021-09-04,2021-09-29,2021-10-08,Sus scrofa (wild boar),70,63,confirmed,synthetic
EMPRESI-ASF-0001422,WAHIS-ASF-NLD-2021-09-06-00,WAHIS,African swine fever,ASF,Netherlands,NLD,52.7754,5.6378,2021-09-06,2021-09-28,2021-10-08,Sus scrofa domesticus,133,119,confirmed,synthetic
EMPRESI-ASF-0001433,WAHIS-ASF-FRA-2021-09-13-01,WAHIS,African swine fever,ASF,France,FRA,45.6882,1.6907,2021-09-19,2021-09-28,2021-10-08,Sus scrofa (wild boar),3,3,confirmed,synthetic
EMPRESI-ASF-0001421,WAHIS-ASF-FRA-2021-09-06-03,WAHIS,African swine fever,ASF,France,FRA,46.0548,-1.1347,2021-09-12,2021-09-30,2021-10-09,Sus scrofa (wild boar),83,75,confirmed,synthetic
EMPRESI-ASF-0001419,WAHIS-ASF-FRA-2021-09-06-01,WAHIS,African swine fever,ASF,France,FRA,48.5084,0.8148,2021-09-11,2021-09-29,2021-10-09,Sus scrofa domesticus,67,58,confirmed,synthetic
EMPRESI-ASF-0001461,WAHIS-ASF-HUN-2021-09-20-01,WAHIS,African swine fever,ASF,Hungary,HUN,46.1936,19.0833,2021-09-25,2021-10-01,2021-10-10,Sus scrofa domesticus,101,86,confirmed,synthetic
EMPRESI-ASF-0001453,WAHIS-ASF-ESP-2021-09-20-00,WAHIS,African swine fever,ASF,Spain,ESP,40.3029,-7.7473,2021-09-20,2021-10-03,2021-10-11,Sus scrofa domesticus,242,208,confirmed,synthetic
EMPRESI-ASF-0001426,WAHIS-ASF-ESP-2021-09-06-00,WAHIS,African swine fever,ASF,Spain,ESP,41.1757,-6.383,2021-09-07,2021-10-03,2021-10-11,Sus scrofa (wild boar),53,49,confirmed,synthetic
EMPRESI-ASF-0001480,WAHIS-ASF-ESP-2021-09-27-00,WAHIS,African swine fever,ASF,Spain,ESP,43.3277,-1.3854,2021-09-29,2021-10-03,2021-10-12,Sus scrofa (wild boar),60,54,confirmed,synthetic
EMPRESI-ASF-0001460,WAHIS-ASF-HUN-2021-09-20-00,WAHIS,African swine fever,ASF,Hungary,HUN,45.964,20.3426,2021-09-21,2021-10-05,2021-10-13,Sus scrofa (wild boar),166,149,confirmed,synthetic
EMPRESI-ASF-0001428,WAHIS-ASF-POL-2021-09-06-01,WAHIS,African swine fever,ASF,Poland,POL,54.33,21.188,2021-09-09,2021-10-03,2021-10-13,Sus scrofa domesticus,38,32,confirmed,synthetic
EMPRESI-ASF-0001471,WAHIS-ASF-NLD-2021-09-27-02,WAHIS,African swine fever,ASF,Netherlands,NLD,51.8324,6.4961,2021-09-29,2021-10-10,2021-10-15,Sus scrofa (wild boar),59,55,confirmed,synthetic
EMPRESI-ASF-0001415,WAHIS-ASF-HUN-2021-08-30-00,WAHIS,African swine fever,ASF,Hungary,HUN,47.4307,21.2721,2021-09-01,2021-10-04,2021-10-15,Sus scrofa (wild boar),6,6,confirmed,synthetic
EMPRESI-ASF-0001466,WAHIS-ASF-DEU-2021-09-27-00,WAHIS,African swine fever,ASF,Germany,DEU,51.024,5.8788,2021-10-03,2021-10-11,2021-10-16,Sus scrofa domesticus,175,153,confirmed,synthetic
EMPRESI-ASF-0001479,WAHIS-ASF-ITA-2021-09-27-01,WAHIS,African swine fever,ASF,Italy,ITA,43.5898,14.8486,2021-10-01,2021-10-06,2021-10-16,Sus scrofa (wild boar),145,127,confirmed,synthetic
EMPRESI-ASF-0001474,WAHIS-ASF-BEL-2021-09-27-02,WAHIS,African swine fever,ASF,Belgium,BEL,50.6598,3.805,2021-10-01,2021-10-05,2021-10-17,Sus scrofa domesticus,404,358,confirmed,synthetic
EMPRESI-ASF-0001445,WAHIS-ASF-FRA-2021-09-20-00,WAHIS,African swine fever,ASF,France,FRA,46.8006,-2.4953,2021-09-23,2021-10-06,2021-10-18,Sus scrofa (wild boar),71,57,confirmed,synthetic
EMPRESI-ASF-0001469,WAHIS-ASF-NLD-2021-09-27-00,WAHIS,African swine fever,ASF,Netherlands,NLD,52.6911,5.2118,2021-10-01,2021-10-12,2021-10-18,Sus scrofa domesticus,259,220,confirmed,synthetic
EMPRESI-ASF-0001473,WAHIS-ASF-BEL-2021-09-27-01,WAHIS,African swine fever,ASF,Belgium,BEL,49.9039,5.3863,2021-10-02,2021-10-13,2021-10-18,Sus scrofa domesticus,103,85,confirmed,synthetic
EMPRESI-ASF-0001444,WAHIS-ASF-MDA-2021-09-13-00,WAHIS,African swine fever,ASF,Moldova,MDA,47.0753,29.5012,2021-09-16,2021-10-09,2021-10-18,Sus scrofa domesticus,135,117,confirmed,synthetic
EMPRESI-ASF-0001475,WAHIS-ASF-BEL-2021-09-27-03,WAHIS,African swine fever,ASF,Belgium,BEL,50.849,5.6444,2021-09-28,2021-10-13,2021-10-18,Sus scrofa (wild boar),91,80,confirmed,synthetic
EMPRESI-ASF-0001456,WAHIS-ASF-POL-2021-09-20-02,WAHIS,African swine fever,ASF,Poland,POL,53.8203,22.7045,2021-09-26,2021-10-10,2021-10-18,Sus scrofa (wild boar),149,135,confirmed,synthetic
EMPRESI-ASF-0001432,WAHIS-ASF-FRA-2021-09-13-00,WAHIS,African swine fever,ASF,France,FRA,48.6427,4.2503,2021-09-15,2021-10-07,2021-10-18,Sus scrofa domesticus,186,165,confirmed,synthetic
EMPRESI-ASF-0001517,WAHIS-ASF-BGR-2021-10-04-01,WAHIS,African swine fever,ASF,Bulgaria,BGR,41.6645,25.4844,2021-10-06,2021-10-14,2021-10-19,Sus scrofa (wild boar),109,96,confirmed,synthetic
EMPRESI-ASF-0001495,WAHIS-ASF-DEU-2021-10-04-00,WAHIS,African swine fever,ASF,Germany,DEU,52.6165,12.939,2021-10-04,2021-10-12,2021-10-20,Sus scrofa (wild boar),52,47,confirmed,synthetic
EMPRESI-ASF-0001506,WAHIS-ASF-BEL-2021-10-04-03,WAHIS,African swine fever,ASF,Belgium,BEL,51.2158,4.3473,2021-10-06,2021-10-10,2021-10-20,Sus scrofa domesticus,468,423,confirmed,synthetic
EMPRESI-ASF-0001476,WAHIS-ASF-BEL-2021-09-27-04,WAHIS,African swine fever,ASF,Belgium,BEL,50.6499,4.5951,2021-10-03,2021-10-15,2021-10-20,Sus scrofa (wild boar),78,65,confirmed,synthetic
EMPRESI-ASF-0001519,WAHIS-ASF-RUS-2021-10-04-00,WAHIS,African swine fever,ASF,Russian Federation,RUS,56.7628,45.0798,2021-10-10,2021-10-15,2021-10-21,Sus scrofa (wild boar),166,145,confirmed,synthetic
EMPRESI-ASF-0001414,WAHIS-ASF-BEL-2021-08-30-00,WAHIS,African swine fever,ASF,Belgium,BEL,50.2694,4.471,2021-09-02,2021-10-15,2021-10-21,Sus scrofa (wild boar),40,34,confirmed,synthetic
EMPRESI-ASF-0001452,WAHIS-ASF-BEL-2021-09-20-01,WAHIS,African swine fever,ASF,Belgium,BEL,50.8202,3.8201,2021-09-23,2021-10-14,2021-10-21,Sus scrofa (wild boar),234,196,confirmed,synthetic
EMPRESI-ASF-0001472,WAHIS-ASF-BEL-2021-09-27-00,WAHIS,African swine fever,ASF,Belgium,BEL,51.308,4.2215,2021-10-02,2021-10-14,2021-10-21,Sus scrofa domesticus,207,179,confirmed,synthetic
EMPRESI-ASF-0001468,WAHIS-ASF-DEU-2021-09-27-02,WAHIS,African swine fever,ASF,Germany,DEU,49.3808,13.5325,2021-09-28,2021-10-12,2021-10-22,Sus scrofa (wild boar),139,127,confirmed,synthetic
EMPRESI-ASF-0001499,WAHIS-ASF-DEU-2021-10-04-04,WAHIS,African swine fever,ASF,Germany,DEU,51.2391,7.5469,2021-10-09,2021-10-15,2021-10-23,Sus scrofa domesticus,44,40,confirmed,synthetic
EMPRESI-ASF-0001514,WAHIS-ASF-POL-2021-10-04-01,WAHIS,African swine fever,ASF,Poland,POL,53.0449,21.355,2021-10-06,2021-10-16,2021-10-23,Sus scrofa (wild boar),236,205,confirmed,synthetic
EMPRESI-ASF-0001441,WAHIS-ASF-POL-2021-09-13-00,WAHIS,African swine fever,ASF,Poland,POL,52.8191,17.5187,2021-09-14,2021-10-14,2021-10-23,Sus scrofa domesticus,124,103,confirmed,synthetic
EMPRESI-ASF-0001502,WAHIS-ASF-NLD-2021-10-04-02,WAHIS,African swine fever,ASF,Netherlands,NLD,51.6781,4.3399,2021-10-07,2021-10-15,2021-10-23,Sus scrofa (wild boar),57,52,confirmed,synthetic
EMPRESI-ASF-0001494,WAHIS-ASF-FRA-2021-10-04-03,WAHIS,African swine fever,ASF,France,FRA,43.7933,3.886,2021-10-07,2021-10-17,2021-10-23,Sus scrofa (wild boar),248,221,confirmed,synthetic
EMPRESI-ASF-0001509,WAHIS-ASF-ITA-2021-10-04-00,WAHIS,African swine fever,ASF,Italy,ITA,43.0658,13.7767,2021-10-09,2021-10-14,2021-10-23,Sus scrofa (wild boar),60,53,confirmed,synthetic
EMPRESI-ASF-0001508,WAHIS-ASF-BEL-2021-10-04-05,WAHIS,African swine fever,ASF,Belgium,BEL,50.4912,4.3356,2021-10-05,2021-10-14,2021-10-23,Sus scrofa domesticus,73,66,confirmed,synthetic
EMPRESI-ASF-0001511,WAHIS-ASF-ITA-2021-10-04-02,WAHIS,African swine fever,ASF,Italy,ITA,41.8669,14.7751,2021-10-10,2021-10-18,2021-10-23,Sus scrofa (wild boar),59,54,confirmed,synthetic
EMPRESI-ASF-0001465,WAHIS-ASF-FRA-2021-09-27-02,WAHIS,African swine fever,ASF,France,FRA,44.9725,7.122,2021-10-02,2021-10-17,2021-10-24,Sus scrofa domesticus,83,75,confirmed,synthetic
EMPRESI-ASF-0001483,WAHIS-ASF-SRB-2021-09-27-00,WAHIS,African swine fever,ASF,Serbia,SRB,42.841,21.939,2021-09-30,2021-10-16,2021-10-24,Sus scrofa domesticus,29,26,confirmed,synthetic
EMPRESI-ASF-0001501,WAHIS-ASF-NLD-2021-10-04-01,WAHIS,African swine fever,ASF,Netherlands,NLD,51.7484,6.4939,2021-10-09,2021-10-14,2021-10-24,Sus scrofa (wild boar),49,43,confirmed,synthetic
EMPRESI-ASF-0001510,WAHIS-ASF-ITA-2021-10-04-01,WAHIS,African swine fever,ASF,Italy,ITA,42.4582,9.4432,2021-10-05,2021-10-15,2021-10-24,Sus scrofa (wild boar),40,38,confirmed,synthetic
EMPRESI-ASF-0001512,WAHIS-ASF-ESP-2021-10-04-00,WAHIS,African swine fever,ASF,Spain,ESP,39.1196,0.489,2021-10-06,2021-10-16,2021-10-25,Sus scrofa (wild boar),56,47,confirmed,synthetic
EMPRESI-ASF-0001504,WAHIS-ASF-BEL-2021-10-04-01,WAHIS,African swine fever,ASF,Belgium,BEL,50.5365,5.1949,2021-10-08,2021-10-16,2021-10-25,Sus scrofa (wild boar),176,148,confirmed,synthetic
EMPRESI-ASF-0001497,WAHIS-ASF-DEU-2021-10-04-02,WAHIS,African swine fever,ASF,Germany,DEU,51.3114,15.0025,2021-10-08,2021-10-18,2021-10-25,Sus scrofa (wild boar),70,63,confirmed,synthetic
EMPRESI-ASF-0001538,WAHIS-ASF-POL-2021-10-11-00,WAHIS,African swine fever,ASF,Poland,POL,54.13,17.6775,2021-10-11,2021-10-17,2021-10-25,Sus scrofa (wild boar),78,68,confirmed,synthetic
EMPRESI-ASF-0001545,WAHIS-ASF-ISR-2021-10-11-00,WAHIS,African swine fever,ASF,Israel,ISR,31.0888,35.2392,2021-10-15,2021-10-20,2021-10-25,Sus scrofa (wild boar),112,95,confirmed,synthetic
EMPRESI-ASF-0001470,WAHIS-ASF-NLD-2021-09-27-01,WAHIS,African swine fever,ASF,Netherlands,NLD,52.9598,4.8958,2021-09-29,2021-10-16,2021-10-25,Sus scrofa (wild boar),165,146,confirmed,synthetic
EMPRESI-ASF-0001478,WAHIS-ASF-ITA-2021-09-27-00,WAHIS,African swine fever,ASF,Italy,ITA,41.2302,14.0428,2021-09-30,2021-10-17,2021-10-25,Sus scrofa domesticus,212,180,confirmed,synthetic
EMPRESI-ASF-0001536,WAHIS-ASF-ESP-2021-10-11-03,WAHIS,African swine fever,ASF,Spain,ESP,39.3438,-2.337,2021-10-11,2021-10-18,2021-10-26,Sus scrofa (wild boar),324,283,confirmed,synthetic
EMPRESI-ASF-0001424,WAHIS-ASF-NLD-2021-09-06-02,WAHIS,African swine fever,ASF,Netherlands,NLD,53.1619,5.8634,2021-09-07,2021-10-18,2021-10-26,Sus scrofa (wild boar),134,115,confirmed,synthetic
EMPRESI-ASF-0001496,WAHIS-ASF-DEU-2021-10-04-01,WAHIS,African swine fever,ASF,Germany,DEU,50.6462,7.9782,2021-10-10,2021-10-17,2021-10-26,Sus scrofa (wild boar),106,89,confirmed,synthetic
EMPRESI-ASF-0001449,WAHIS-ASF-NLD-2021-09-20-01,WAHIS,African swine fever,ASF,Netherlands,NLD,52.7741,6.6985,2021-09-24,2021-10-22,2021-10-27,Sus scrofa domesticus,139,121,confirmed,synthetic
EMPRESI-HPAI-0000657,WAHIS-HPAI-BEL-2021-10-04-00,WAHIS,High pathogenicity avian influenza,HPAI,Belgium,BEL,50.798,4.6591,2021-10-04,2021-10-18,2021-10-27,Anas platyrhynchos (domestic),810,446,confirmed,synthetic
EMPRESI-ASF-0001524,WAHIS-ASF-NLD-2021-10-11-00,WAHIS,African swine fever,ASF,Netherlands,NLD,52.4229,6.8833,2021-10-17,2021-10-20,2021-10-28,Sus scrofa domesticus,53,51,confirmed,synthetic
EMPRESI-ASF-0001532,WAHIS-ASF-ITA-2021-10-11-02,WAHIS,African swine fever,ASF,Italy,ITA,44.2759,11.6108,2021-10-13,2021-10-23,2021-10-28,Sus scrofa domesticus,74,66,confirmed,synthetic
EMPRESI-ASF-0001492,WAHIS-ASF-FRA-2021-10-04-01,WAHIS,African swine fever,ASF,France,FRA,47.2309,5.9354,2021-10-07,2021-10-21,2021-10-28,Sus scrofa (wild boar),118,100,confirmed,synthetic
EMPRESI-ASF-0001455,WAHIS-ASF-POL-2021-09-20-01,WAHIS,African swine fever,ASF,Poland,POL,50.3227,18.0899,2021-09-22,2021-10-19,2021-10-29,Sus scrofa domesticus,160,136,confirmed,synthetic
EMPRESI-ASF-0001484,WAHIS-ASF-UKR-2021-09-27-00,WAHIS,African swine fever,ASF,Ukraine,UKR,49.3712,33.9566,2021-09-28,2021-10-19,2021-10-29,Sus scrofa domesticus,272,235,confirmed,synthetic
EMPRESI-ASF-0001540,WAHIS-ASF-POL-2021-10-11-02,WAHIS,African swine fever,ASF,Poland,POL,50.512,18.2295,2021-10-15,2021-10-21,2021-10-29,Sus scrofa domesticus,187,159,confirmed,synthetic
EMPRESI-ASF-0001450,WAHIS-ASF-NLD-2021-09-20-02,WAHIS,African swine fever,ASF,Netherlands,NLD,51.779,4.4732,2021-09-20,2021-10-17,2021-10-29,Sus scrofa domesticus,147,131,confirmed,synthetic
EMPRESI-ASF-0001526,WAHIS-ASF-BEL-2021-10-11-00,WAHIS,African swine fever,ASF,Belgium,BEL,49.8129,4.7693,2021-10-15,2021-10-21,2021-10-30,Sus scrofa domesticus,151,133,confirmed,synthetic
EMPRESI-ASF-0001522,WAHIS-ASF-FRA-2021-10-11-00,WAHIS,African swine fever,ASF,France,FRA,43.5119,4.2194,2021-10-17,2021-10-23,2021-10-30,Sus scrofa domesticus,58,53,confirmed,synthetic
EMPRESI-ASF-0001537,WAHIS-ASF-ESP-2021-10-11-04,WAHIS,African swine fever,ASF,Spain,ESP,43.1969,-2.8191,2021-10-13,2021-10-26,2021-10-30,Sus scrofa (wild boar),140,129,confirmed,synthetic
EMPRESI-ASF-0001530,WAHIS-ASF-ITA-2021-10-11-00,WAHIS,African swine fever,ASF,Italy,ITA,42.6816,8.919,2021-10-11,2021-10-21,2021-10-30,Sus scrofa (wild boar),1,1,confirmed,synthetic
EMPRESI-ASF-0001535,WAHIS-ASF-ESP-2021-10-11-02,WAHIS,African swine fever,ASF,Spain,ESP,38.6794,-5.3081,2021-10-14,2021-10-22,2021-10-31,Sus scrofa (wild boar),1,1,confirmed,synthetic
EMPRESI-HPAI-0000663,WAHIS-HPAI-RUS-2021-10-18-00,WAHIS,High pathogenicity avian influenza,HPAI,Russian Federation,RUS,55.8179,54.4549,2021-10-18,2021-10-24,2021-10-31,Cygnus olor (wild),4487,2462,confirmed,synthetic
EMPRESI-ASF-0001548,WAHIS-ASF-DEU-2021-10-18-01,WAHIS,African swine fever,ASF,Germany,DEU,51.3865,13.1753,2021-10-19,2021-10-27,2021-10-31,Sus scrofa domesticus,227,192,confirmed,synthetic
EMPRESI-ASF-0001505,WAHIS-ASF-BEL-2021-10-04-02,WAHIS,African swine fever,ASF,Belgium,BEL,50.3927,4.6706,2021-10-10,2021-10-25,2021-10-31,Sus scrofa domesticus,130,119,confirmed,synthetic
EMPRESI-ASF-0001507,WAHIS-ASF-BEL-2021-10-04-04,WAHIS,African swine fever,ASF,Belgium,BEL,50.3201,3.5962,2021-10-07,2021-10-19,2021-10-31,Sus scrofa domesticus,42,35,confirmed,synthetic
EMPRESI-ASF-0001515,WAHIS-ASF-ROU-2021-10-04-00,WAHIS,African swine fever,ASF,Romania,ROU,45.2677,27.7738,2021-10-10,2021-10-21,2021-11-01,Sus scrofa (wild boar),25,21,confirmed,synthetic
EMPRESI-ASF-0001531,WAHIS-ASF-ITA-2021-10-11-01,WAHIS,African swine fever,ASF,Italy,ITA,42.0931,9.5956,2021-10-12,2021-10-20,2021-11-01,Sus scrofa (wild boar),107,95,confirmed,synthetic
EMPRESI-ASF-0001491,WAHIS-ASF-FRA-2021-10-04-00,WAHIS,African swine fever,ASF,France,FRA,49.1156,4.158,2021-10-09,2021-10-26,2021-11-01,Sus scrofa domesticus,19,18,confirmed,synthetic
EMPRESI-ASF-0001528,WAHIS-ASF-BEL-2021-10-11-02,WAHIS,African swine fever,ASF,Belgium,BEL,51.3723,4.5064,2021-10-16,2021-10-24,2021-11-01,Sus scrofa domesticus,94,85,confirmed,synthetic
EMPRESI-ASF-0001464,WAHIS-ASF-FRA-2021-09-27-01,WAHIS,African swine fever,ASF,France,FRA,48.7537,-0.979,2021-10-01,2021-10-23,2021-11-02,Sus scrofa domesticus,160,146,confirmed,synthetic
EMPRESI-ASF-0001539,WAHIS-ASF-POL-2021-10-11-01,WAHIS,African swine fever,ASF,Poland,POL,54.0169,21.0006,2021-10-13,2021-10-24,2021-11-02,Sus scrofa (wild boar),103,90,confirmed,synthetic
EMPRESI-ASF-0001487,WAHIS-ASF-RUS-2021-09-27-01,WAHIS,African swine fever,ASF,Russian Federation,RUS,54.6885,53.973,2021-09-30,2021-10-27,2021-11-03,Sus scrofa (wild boar),96,83,confirmed,synthetic
EMPRESI-ASF-0001572,WAHIS-ASF-SRB-2021-10-18-02,WAHIS,African swine fever,ASF,Serbia,SRB,43.4134,19.5665,2021-10-21,2021-10-25,2021-11-03,Sus scrofa domesticus,419,373,confirmed,synthetic
EMPRESI-ASF-0001425,WAHIS-ASF-ITA-2021-09-06-00,WAHIS,African swine fever,ASF,Italy,ITA,44.4498,14.6282,2021-09-07,2021-10-18,2021-11-03,Sus scrofa domesticus,43,38,confirmed,synthetic
EMPRESI-ASF-0001448,WAHIS-ASF-NLD-2021-09-20-00,WAHIS,African swine fever,ASF,Netherlands,NLD,51.6,6.0646,2021-09-26,2021-10-24,2021-11-04,Sus scrofa (wild boar),6,6,confirmed,synthetic
EMPRESI-ASF-0001560,WAHIS-ASF-ESP-2021-10-18-01,WAHIS,African swine fever,ASF,Spain,ESP,43.5068,-3.0224,2021-10-21,2021-10-26,2021-11-04,Sus scrofa (wild boar),26,24,confirmed,synthetic
EMPRESI-ASF-0001549,WAHIS-ASF-DEU-2021-10-18-02,WAHIS,African swine fever,ASF,Germany,DEU,51.0173,7.9535,2021-10-23,2021-11-01,2021-11-05,Sus scrofa domesticus,35,35,confirmed,synthetic
EMPRESI-ASF-0001551,WAHIS-ASF-NLD-2021-10-18-01,WAHIS,African swine fever,ASF,Netherlands,NLD,52.4854,4.3863,2021-10-19,2021-10-27,2021-11-05,Sus scrofa (wild boar),96,88,confirmed,synthetic
EMPRESI-ASF-0001457,WAHIS-ASF-POL-2021-09-20-03,WAHIS,African swine fever,ASF,Poland,POL,51.0862,16.9825,2021-09-22,2021-10-27,2021-11-06,Sus scrofa domesticus,194,167,confirmed,synthetic
EMPRESI-HPAI-0000658,WAHIS-HPAI-UKR-2021-10-04-00,WAHIS,High pathogenicity avian influenza,HPAI,Ukraine,UKR,48.8557,30.8462,2021-10-04,2021-10-31,2021-11-06,Cygnus olor (wild),1374,727,confirmed,synthetic
EMPRESI-ASF-0001554,WAHIS-ASF-BEL-2021-10-18-02,WAHIS,African swine fever,ASF,Belgium,BEL,50.3468,4.7871,2021-10-23,2021-10-27,2021-11-06,Sus scrofa (wild boar),71,62,confirmed,synthetic
EMPRESI-ASF-0001568,WAHIS-ASF-HUN-2021-10-18-01,WAHIS,African swine fever,ASF,Hungary,HUN,47.8003,20.2495,2021-10-23,2021-11-01,2021-11-07,Sus scrofa domesticus,69,58,confirmed,synthetic
EMPRESI-ASF-0001533,WAHIS-ASF-ESP-2021-10-11-00,WAHIS,African swine fever,ASF,Spain,ESP,41.1914,-5.2304,2021-10-16,2021-11-01,2021-11-08,Sus scrofa domesticus,38,35,confirmed,synthetic
EMPRESI-ASF-0001576,WAHIS-ASF-TUR-2021-10-18-00,WAHIS,African swine fever,ASF,Türkiye,TUR,35.9296,32.723,2021-10-24,2021-11-04,2021-11-08,Sus scrofa domesticus,257,222,confirmed,synthetic
EMPRESI-ASF-0001477,WAHIS-ASF-BEL-2021-09-27-05,WAHIS,African swine fever,ASF,Belgium,BEL,51.2552,5.1377,2021-09-30,2021-11-01,2021-11-08,Sus scrofa domesticus,3,3,confirmed,synthetic
EMPRESI-ASF-0001559,WAHIS-ASF-ESP-2021-10-18-00,WAHIS,African swine fever,ASF,Spain,ESP,41.2626,-0.2425,2021-10-19,2021-10-28,2021-11-08,Sus scrofa (wild boar),121,106,confirmed,synthetic
EMPRESI-ASF-0001454,WAHIS-ASF-POL-2021-09-20-00,WAHIS,African swine fever,ASF,Poland,POL,51.6816,19.9778,2021-09-21,2021-10-30,2021-11-08,Sus scrofa (wild boar),66,61,confirmed,synthetic
EMPRESI-ASF-0001556,WAHIS-ASF-ITA-2021-10-18-00,WAHIS,African swine fever,ASF,Italy,ITA,44.9717,10.4037,2021-10-18,2021-10-31,2021-11-08,Sus scrofa domesticus,58,44,confirmed,synthetic
EMPRESI-ASF-0001520,WAHIS-ASF-TUR-2021-10-04-00,WAHIS,African swine fever,ASF,Türkiye,TUR,34.9803,34.773,2021-10-07,2021-11-01,2021-11-09,Sus scrofa domesticus,5,4,confirmed,synthetic
EMPRESI-ASF-0001542,WAHIS-ASF-ROU-2021-10-11-00,WAHIS,African swine fever,ASF,Romania,ROU,46.2993,26.8912,2021-10-16,2021-11-01,2021-11-09,Sus scrofa domesticus,143,127,confirmed,synthetic
EMPRESI-ASF-0001541,WAHIS-ASF-HUN-2021-10-11-00,WAHIS,African swine fever,ASF,Hungary,HUN,46.2338,19.3304,2021-10-13,2021-11-02,2021-11-09,Sus scrofa (wild boar),113,96,confirmed,synthetic
EMPRESI-ASF-0001382,WAHIS-ASF-BEL-2021-07-26-00,WAHIS,African swine fever,ASF,Belgium,BEL,50.3277,5.1604,2021-07-29,2021-10-31,2021-11-09,Sus scrofa (wild boar),327,287,confirmed,synthetic
EMPRESI-ASF-0001552,WAHIS-ASF-BEL-2021-10-18-00,WAHIS,African swine fever,ASF,Belgium,BEL,50.1899,3.9477,2021-10-20,2021-11-01,2021-11-10,Sus scrofa (wild boar),69,60,confirmed,synthetic
EMPRESI-ASF-0001574,WAHIS-ASF-UKR-2021-10-18-00,WAHIS,African swine fever,ASF,Ukraine,UKR,50.485,27.4413,2021-10-18,2021-11-01,2021-11-10,Sus scrofa domesticus,14,13,confirmed,synthetic
EMPRESI-ASF-0001534,WAHIS-ASF-ESP-2021-10-11-01,WAHIS,African swine fever,ASF,Spain,ESP,40.6891,-1.4699,2021-10-15,2021-11-03,2021-11-10,Sus scrofa domesticus,78,67,confirmed,synthetic
EMPRESI-ASF-0001481,WAHIS-ASF-ROU-2021-09-27-00,WAHIS,African swine fever,ASF,Romania,ROU,44.5403,22.838,2021-10-02,2021-10-31,2021-11-11,Sus scrofa domesticus,75,72,confirmed,synthetic
EMPRESI-ASF-0001529,WAHIS-ASF-BEL-2021-10-11-03,WAHIS,African swine fever,ASF,Belgium,BEL,50.4348,5.2698,2021-10-16,2021-11-01,2021-11-12,Sus scrofa (wild boar),318,269,confirmed,synthetic
EMPRESI-HPAI-0000664,WAHIS-HPAI-RUS-2021-10-18-01,WAHIS,High pathogenicity avian influenza,HPAI,Russian Federation,RUS,51.7014,43.3056,2021-10-24,2021-11-02,2021-11-12,Meleagris gallopavo (domestic),4632,2553,confirmed,synthetic
EMPRESI-HPAI-0000665,WAHIS-HPAI-FRA-2021-10-25-00,WAHIS,High pathogenicity avian influenza,HPAI,France,FRA,44.2792,-1.1314,2021-10-26,2021-11-03,2021-11-12,Cygnus olor (wild),778,430,confirmed,synthetic
EMPRESI-ASF-0001488,WAHIS-ASF-RUS-2021-09-27-02,WAHIS,African swine fever,ASF,Russian Federation,RUS,55.8554,46.8691,2021-10-01,2021-11-06,2021-11-12,Sus scrofa (wild boar),179,162,confirmed,synthetic
EMPRESI-ASF-0001562,WAHIS-ASF-POL-2021-10-18-01,WAHIS,African swine fever,ASF,Poland,POL,54.5329,17.0612,2021-10-24,2021-11-05,2021-11-12,Sus scrofa domesticus,104,90,confirmed,synthetic
EMPRESI-ASF-0001544,WAHIS-ASF-TUR-2021-10-11-00,WAHIS,African swine fever,ASF,Türkiye,TUR,40.7751,33.6114,2021-10-17,2021-11-06,2021-11-13,Sus scrofa domesticus,114,98,confirmed,synthetic
EMPRESI-HPAI-0000677,WAHIS-HPAI-FRA-2021-11-01-05,WAHIS,High pathogenicity avian influenza,HPAI,France,FRA,50.254,2.1477,2021-11-04,2021-11-07,2021-11-14,Gallus gallus (domestic),1844,1011,confirmed,synthetic
EMPRESI-HPAI-0000671,WAHIS-HPAI-ROU-2021-10-25-00,WAHIS,High pathogenicity avian influenza,HPAI,Romania,ROU,46.548,26.6583,2021-10-29,2021-11-06,2021-11-15,Gallus gallus (domestic),4743,2621,confirmed,synthetic
EMPRESI-ASF-0001585,WAHIS-ASF-ITA-2021-10-25-01,WAHIS,African swine fever,ASF,Italy,ITA,43.8429,13.219,2021-10-27,2021-11-07,2021-11-15,Sus scrofa (wild boar),121,109,confirmed,synthetic
EMPRESI-HPAI-0000660,WAHIS-HPAI-FRA-2021-10-18-00,WAHIS,High pathogenicity avian influenza,HPAI,France,FRA,45.9715,-2.1913,2021-10-23,2021-11-05,2021-11-15,Larus spp. (wild),2603,1421,confirmed,synthetic
EMPRESI-ASF-0001573,WAHIS-ASF-SRB-2021-10-18-03,WAHIS,African swine fever,ASF,Serbia,SRB,45.0181,20.6789,2021-10-21,2021-11-09,2021-11-17,Sus scrofa domesticus,163,139,confirmed,synthetic
EMPRESI-ASF-0001594,WAHIS-ASF-TUN-2021-10-25-00,WAHIS,African swine fever,ASF,Tunisia,TUN,34.6844,10.1199,2021-10-25,2021-11-10,2021-11-17,Sus scrofa domesticus,171,146,confirmed,synthetic
EMPRESI-ASF-0001607,WAHIS-ASF-ROU-2021-11-01-01,WAHIS,African swine fever,ASF,Romania,ROU,46.214,22.8975,2021-11-02,2021-11-14,2021-11-17,Sus scrofa (wild boar),53,49,confirmed,synthetic
EMPRESI-ASF-0001577,WAHIS-ASF-FRA-2021-10-25-00,WAHIS,African swine fever,ASF,France,FRA,43.0252,2.7341,2021-10-31,2021-11-10,2021-11-18,Sus scrofa domesticus,97,88,confirmed,synthetic
EMPRESI-ASF-0001564,WAHIS-ASF-POL-2021-10-18-03,WAHIS,African swine fever,ASF,Poland,POL,49.7868,20.4894,2021-10-21,2021-11-10,2021-11-18,Sus scrofa domesticus,1,1,confirmed,synthetic
EMPRESI-HPAI-0000701,WAHIS-HPAI-RUS-2021-11-08-02,WAHIS,High pathogenicity avian influenza,HPAI,Russian Federation,RUS,56.3688,42.2724,2021-11-09,2021-11-13,2021-11-18,Cygnus olor (wild),6051,3353,confirmed,synthetic
EMPRESI-ASF-0001586,WAHIS-ASF-ITA-2021-10-25-02,WAHIS,African swine fever,ASF,Italy,ITA,43.9743,11.9518,2021-10-29,2021-11-06,2021-11-18,Sus scrofa domesticus,91,79,confirmed,synthetic
EMPRESI-ASF-0001597,WAHIS-ASF-DEU-2021-11-01-01,WAHIS,African swine fever,ASF,Germany,DEU,51.631,13.4334,2021-11-01,2021-11-12,2021-11-18,Sus scrofa domesticus,216,199,confirmed,synthetic
EMPRESI-ASF-0001603,WAHIS-ASF-ITA-2021-11-01-01,WAHIS,African swine fever,ASF,Italy,ITA,41.9901,13.2933,2021-11-05,2021-11-11,2021-11-18,Sus scrofa domesticus,66,56,confirmed,synthetic
EMPRESI-HPAI-0000678,WAHIS-HPAI-DEU-2021-11-01-00,WAHIS,High pathogenicity avian influenza,HPAI,Germany,DEU,51.7015,11.387,2021-11-05,2021-11-10,2021-11-19,Larus spp. (wild),5913,3181,confirmed,synthetic
EMPRESI-ASF-0001546,WAHIS-ASF-FRA-2021-10-18-00,WAHIS,African swine fever,ASF,France,FRA,43.171,4.1261,2021-10-18,2021-11-09,2021-11-19,Sus scrofa domesticus,281,241,confirmed,synthetic
EMPRESI-ASF-0001593,WAHIS-ASF-SRB-2021-10-25-00,WAHIS,African swine fever,ASF,Serbia,SRB,44.321,22.8955,2021-10-25,2021-11-12,2021-11-19,Sus scrofa (wild boar),138,116,confirmed,synthetic
EMPRESI-HPAI-0000690,WAHIS-HPAI-DEU-2021-11-08-01,WAHIS,High pathogenicity avian influenza,HPAI,Germany,DEU,51.4401,9.8471,2021-11-08,2021-11-12,2021-11-20,Meleagris gallopavo (domestic),2455,1380,confirmed,synthetic
EMPRESI-HPAI-0000662,WAHIS-HPAI-UKR-2021-10-18-00,WAHIS,High pathogenicity avian influenza,HPAI,Ukraine,UKR,50.1495,31.0141,2021-10-18,2021-11-07,2021-11-20,Gallus gallus (domestic),2658,1473,confirmed,synthetic
EMPRESI-ASF-0001614,WAHIS-ASF-DEU-2021-11-08-00,WAHIS,African swine fever,ASF,Germany,DEU,53.3372,9.5423,2021-11-08,2021-11-12,2021-11-20,Sus scrofa (wild boar),187,165,confirmed,synthetic
EMPRESI-ASF-0001565,WAHIS-ASF-POL-2021-10-18-04,WAHIS,African swine fever,ASF,Poland,POL,53.7695,19.2225,2021-10-19,2021-11-11,2021-11-20,Sus scrofa domesticus,7,6,confirmed,synthetic
EMPRESI-ASF-0001592,WAHIS-ASF-HUN-2021-10-25-00,WAHIS,African swine fever,ASF,Hungary,HUN,47.2525,20.4014,2021-10-27,2021-11-11,2021-11-21,Sus scrofa domesticus,79,67,confirmed,synthetic
EMPRESI-ASF-0001596,WAHIS-ASF-DEU-2021-11-01-00,WAHIS,African swine fever,ASF,Germany,DEU,53.8947,9.7021,2021-11-06,2021-11-13,2021-11-21,Sus scrofa domesticus,352,305,confirmed,synthetic
EMPRESI-HPAI-0000659,WAHIS-HPAI-FRA-2021-10-11-00,WAHIS,High pathogenicity avian influenza,HPAI,France,FRA,48.9265,0.0272,2021-10-16,2021-11-17,2021-11-22,Gallus gallus (domestic),1841,993,confirmed,synthetic
EMPRESI-ASF-0001587,WAHIS-ASF-ITA-2021-10-25-03,WAHIS,African swine fever,ASF,Italy,ITA,42.0583,9.8182,2021-10-28,2021-11-13,2021-11-22,Sus scrofa (wild boar),74,66,confirmed,synthetic
EMPRESI-HPAI-0000673,WAHIS-HPAI-FRA-2021-11-01-01,WAHIS,High pathogenicity avian influenza,HPAI,France,FRA,45.735,2.9697,2021-11-06,2021-11-13,2021-11-22,Cygnus olor (wild),7170,3923,confirmed,synthetic
EMPRESI-ASF-0001598,WAHIS-ASF-NLD-2021-11-01-00,WAHIS,African swine fever,ASF,Netherlands,NLD,51.8403,4.3216,2021-11-02,2021-11-13,2021-11-22,Sus scrofa (wild boar),105,91,confirmed,synthetic
EMPRESI-ASF-0001600,WAHIS-ASF-BEL-2021-11-01-01,WAHIS,African swine fever,ASF,Belgium,BEL,50.0523,4.1523,2021-11-04,2021-11-14,2021-11-23,Sus scrofa domesticus,44,35,confirmed,synthetic
EMPRESI-ASF-0001547,WAHIS-ASF-DEU-2021-10-18-00,WAHIS,African swine fever,ASF,Germany,DEU,50.0661,8.6185,2021-10-21,2021-11-17,2021-11-23,Sus scrofa domesticus,120,107,confirmed,synthetic
EMPRESI-HPAI-0000672,WAHIS-HPAI-FRA-2021-11-01-00,WAHIS,High pathogenicity avian influenza,HPAI,France,FRA,43.8319,1.8326,2021-11-01,2021-11-17,2021-11-24,Larus spp. (wild),2665,1452,confirmed,synthetic
EMPRESI-HPAI-0000700,WAHIS-HPAI-RUS-2021-11-08-01,WAHIS,High pathogenicity avian influenza,HPAI,Russian Federation,RUS,57.3412,37.2587,2021-11-09,2021-11-17,2021-11-24,Larus spp. (wild),2546,1412,confirmed,synthetic
EMPRESI-HPAI-0000667,WAHIS-HPAI-FRA-2021-10-25-02,WAHIS,High pathogenicity avian influenza,HPAI,France,FRA,46.0585,1.3536,2021-10-31,2021-11-15,2021-11-24,Larus spp. (wild),1111,591,confirmed,synthetic
EMPRESI-HPAI-0000666,WAHIS-HPAI-FRA-2021-10-25-01,WAHIS,High pathogenicity avian influenza,HPAI,France,FRA,49.2523,0.1286,2021-10-27,2021-11-16,2021-11-24,Anas platyrhynchos (domestic),3943,2208,confirmed,synthetic
EMPRESI-HPAI-0000691,WAHIS-HPAI-NLD-2021-11-08-00,WAHIS,High pathogenicity avian influenza,HPAI,Netherlands,NLD,52.6866,5.0994,2021-11-08,2021-11-17,2021-11-24,Cygnus olor (wild),4688,2631,confirmed,synthetic
EMPRESI-HPAI-0000681,WAHIS-HPAI-ROU-2021-11-01-00,WAHIS,High pathogenicity avian influenza,HPAI,Romania,ROU,45.5127,22.4937,2021-11-07,2021-11-19,2021-11-24,Cygnus olor (wild),6509,3601,confirmed,synthetic
EMPRESI-ASF-0001616,WAHIS-ASF-NLD-2021-11-08-00,WAHIS,African swine fever,ASF,Netherlands,NLD,52.7163,6.9181,2021-11-08,2021-11-16,2021-11-24,Sus scrofa (wild boar),450,394,confirmed,synthetic
EMPRESI-ASF-0001463,WAHIS-ASF-FRA-2021-09-27-00,WAHIS,African swine fever,ASF,France,FRA,46.1506,6.5484,2021-09-29,2021-11-21,2021-11-24,Sus scrofa domesticus,26,21,confirmed,synthetic
EMPRESI-ASF-0001569,WAHIS-ASF-BGR-2021-10-18-00,WAHIS,African swine fever,ASF,Bulgaria,BGR,43.537,23.3288,2021-10-21,2021-11-19,2021-11-24,Sus scrofa (wild boar),35,30,confirmed,synthetic
EMPRESI-ASF-0001619,WAHIS-ASF-ESP-2021-11-08-00,WAHIS,African swine fever,ASF,Spain,ESP,37.688,-5.5768,2021-11-12,2021-11-18,2021-11-25,Sus scrofa domesticus,60,52,confirmed,synthetic
EMPRESI-ASF-0001617,WAHIS-ASF-BEL-2021-11-08-00,WAHIS,African swine fever,ASF,Belgium,BEL,51.2098,4.3878,2021-11-14,2021-11-21,2021-11-25,Sus scrofa domesticus,42,38,confirmed,synthetic
EMPRESI-ASF-0001610,WAHIS-ASF-TUR-2021-11-01-00,WAHIS,African swine fever,ASF,Türkiye,TUR,38.3876,40.6459,2021-11-04,2021-11-15,2021-11-25,Sus scrofa domesticus,117,105,confirmed,synthetic
EMPRESI-ASF-0001604,WAHIS-ASF-HUN-2021-11-01-00,WAHIS,African swine fever,ASF,Hungary,HUN,48.6995,19.1771,2021-11-01,2021-11-17,2021-11-25,Sus scrofa domesticus,87,71,confirmed,synthetic
EMPRESI-ASF-0001527,WAHIS-ASF-BEL-2021-10-11-01,WAHIS,African swine fever,ASF,Belgium,BEL,51.1114,3.6049,2021-10-16,2021-11-19,2021-11-25,Sus scrofa domesticus,29,28,confirmed,synthetic
EMPRESI-ASF-0001578,WAHIS-ASF-FRA-2021-10-25-01,WAHIS,African swine fever,ASF,France,FRA,48.2535,6.8296,2021-10-28,2021-11-17,2021-11-26,Sus scrofa (wild boar),10,9,confirmed,synthetic
EMPRESI-ASF-0001601,WAHIS-ASF-BEL-2021-11-01-02,WAHIS,African swine fever,ASF,Belgium,BEL,51.1796,5.2982,2021-11-05,2021-11-15,2021-11-26,Sus scrofa domesticus,62,54,confirmed,synthetic
EMPRESI-HPAI-0000704,WAHIS-HPAI-DEU-2021-11-15-00,WAHIS,High pathogenicity avian influenza,HPAI,Germany,DEU,54.0753,9.9554,2021-11-19,2021-11-21,2021-11-26,Cygnus olor (wild),2539,1376,confirmed,synthetic
EMPRESI-HPAI-0000692,WAHIS-HPAI-BEL-2021-11-08-00,WAHIS,High pathogenicity avian influenza,HPAI,Belgium,BEL,50.8291,5.5845,2021-11-08,2021-11-16,2021-11-26,Meleagris gallopavo (domestic),2627,1383,confirmed,synthetic
EMPRESI-ASF-0001567,WAHIS-ASF-HUN-2021-10-18-00,WAHIS,African swine fever,ASF,Hungary,HUN,46.6677,20.1761,2021-10-20,2021-11-21,2021-11-27,Sus scrofa domesticus,119,101,confirmed,synthetic
EMPRESI-HPAI-0000686,WAHIS-HPAI-FRA-2021-11-08-00,WAHIS,High pathogenicity avian influenza,HPAI,France,FRA,49.3471,4.5692,2021-11-08,2021-11-21,2021-11-28,Cygnus olor (wild),7307,4023,confirmed,synthetic
EMPRESI-HPAI-0000693,WAHIS-HPAI-BEL-2021-11-08-01,WAHIS,High pathogenicity avian influenza,HPAI,Belgium,BEL,50.4971,5.0715,2021-11-08,2021-11-22,2021-11-30,Cygnus olor (wild),4906,2721,confirmed,synthetic
EMPRESI-HPAI-0000703,WAHIS-HPAI-GEO-2021-11-08-00,WAHIS,High pathogenicity avian influenza,HPAI,Georgia,GEO,42.135,42.5195,2021-11-10,2021-11-23,2021-11-30,Cygnus olor (wild),2362,1310,confirmed,synthetic
EMPRESI-ASF-0001555,WAHIS-ASF-BEL-2021-10-18-03,WAHIS,African swine fever,ASF,Belgium,BEL,50.3194,5.2904,2021-10-23,2021-11-25,2021-12-01,Sus scrofa domesticus,44,38,confirmed,synthetic
EMPRESI-ASF-0001608,WAHIS-ASF-BGR-2021-11-01-00,WAHIS,African swine fever,ASF,Bulgaria,BGR,43.7943,25.2507,2021-11-07,2021-11-23,2021-12-01,Sus scrofa domesticus,61,46,confirmed,synthetic
EMPRESI-HPAI-0000721,WAHIS-HPAI-TUR-2021-11-15-00,WAHIS,High pathogenicity avian influenza,HPAI,Türkiye,TUR,40.698,34.9091,2021-11-18,2021-11-23,2021-12-01,Anas platyrhynchos (domestic),2433,1324,confirmed,synthetic
EMPRESI-HPAI-0000705,WAHIS-HPAI-DEU-2021-11-15-01,WAHIS,High pathogenicity avian influenza,HPAI,Germany,DEU,50.0786,14.157,2021-11-20,2021-11-26,2021-12-02,Larus spp. (wild),4095,2253,confirmed,synthetic
EMPRESI-ASF-0001630,WAHIS-ASF-ITA-2021-11-15-00,WAHIS,African swine fever,ASF,Italy,ITA,42.2657,11.676,2021-11-19,2021-11-25,2021-12-02,Sus scrofa (wild boar),32,27,confirmed,synthetic
EMPRESI-ASF-0001580,WAHIS-ASF-NLD-2021-10-25-01,WAHIS,African swine fever,ASF,Netherlands,NLD,51.7048,4.3044,2021-10-31,2021-11-22,2021-12-02,Sus scrofa (wild boar),140,130,confirmed,synthetic
EMPRESI-HPAI-0000710,WAHIS-HPAI-BEL-2021-11-15-00,WAHIS,High pathogenicity avian influenza,HPAI,Belgium,BEL,50.2464,4.72,2021-11-17,2021-11-23,2021-12-02,Meleagris gallopavo (domestic),1969,1113,confirmed,synthetic
EMPRESI-HPAI-0000719,WAHIS-HPAI-RUS-2021-11-15-02,WAHIS,High pathogenicity avian influenza,HPAI,Russian Federation,RUS,53.7728,41.0783,2021-11-21,2021-11-25,2021-12-03,Larus spp. (wild),1320,708,confirmed,synthetic
EMPRESI-ASF-0001621,WAHIS-ASF-POL-2021-11-08-00,WAHIS,African swine fever,ASF,Poland,POL,51.5225,18.8288,2021-11-12,2021-11-24,2021-12-03,Sus scrofa (wild boar),525,454,confirmed,synthetic
EMPRESI-HPAI-0000689,WAHIS-HPAI-DEU-2021-11-08-00,WAHIS,High pathogenicity avian influenza,HPAI,Germany,DEU,49.9464,7.3244,2021-11-12,2021-11-26,2021-12-03,Anas platyrhynchos (domestic),1285,736,confirmed,synthetic
EMPRESI-HPAI-0000694,WAHIS-HPAI-POL-2021-11-08-00,WAHIS,High pathogenicity avian influenza,HPAI,Poland,POL,50.8524,20.3754,2021-11-10,2021-11-25,2021-12-03,Cygnus olor (wild),4267,2409,confirmed,synthetic
EMPRESI-ASF-0001489,WAHIS-ASF-GEO-2021-09-27-00,WAHIS,African swine fever,ASF,Georgia,GEO,41.4816,44.7122,2021-10-02,2021-11-23,2021-12-03,Sus scrofa (wild boar),71,63,confirmed,synthetic
EMPRESI-HPAI-0000718,WAHIS-HPAI-RUS-2021-11-15-01,WAHIS,High pathogenicity avian influenza,HPAI,Russian Federation,RUS,60.7122,38.8497,2021-11-16,2021-11-26,2021-12-04,Larus spp. (wild),7949,4253,confirmed,synthetic
EMPRESI-ASF-0001626,WAHIS-ASF-RUS-2021-11-08-00,WAHIS,African swine fever,ASF,Russian Federation,RUS,56.009,34.7616,2021-11-10,2021-11-23,2021-12-04,Sus scrofa (wild boar),65,55,confirmed,synthetic
EMPRESI-ASF-0001543,WAHIS-ASF-BGR-2021-10-11-00,WAHIS,African swine fever,ASF,Bulgaria,BGR,43.3084,23.69,2021-10-12,2021-11-28,2021-12-05,Sus scrofa (wild boar),112,99,confirmed,synthetic
EMPRESI-ASF-0001553,WAHIS-ASF-BEL-2021-10-18-01,WAHIS,African swine fever,ASF,Belgium,BEL,51.2786,3.9622,2021-10-18,2021-11-24,2021-12-05,Sus scrofa (wild boar),137,120,confirmed,synthetic
EMPRESI-HPAI-0000699,WAHIS-HPAI-RUS-2021-11-08-00,WAHIS,High pathogenicity avian influenza,HPAI,Russian Federation,RUS,53.9854,40.957,2021-11-13,2021-11-25,2021-12-05,Cygnus olor (wild),6161,3400,confirmed,synthetic
EMPRESI-HPAI-0000720,WAHIS-HPAI-RUS-2021-11-15-03,WAHIS,High pathogenicity avian influenza,HPAI,Russian Federation,RUS,53.6167,41.5438,2021-11-15,2021-11-26,2021-12-05,Anas platyrhynchos (domestic),4769,2577,confirmed,synthetic
EMPRESI-ASF-0001629,WAHIS-ASF-DEU-2021-11-15-01,WAHIS,African swine fever,ASF,Germany,DEU,52.4967,13.9947,2021-11-21,2021-11-28,2021-12-05,Sus scrofa (wild boar),118,103,confirmed,synthetic
EMPRESI-ASF-0001570,WAHIS-ASF-SRB-2021-10-18-00,WAHIS,African swine fever,ASF,Serbia,SRB,44.156,21.0746,2021-10-23,2021-11-28,2021-12-06,Sus scrofa (wild boar),194,176,confirmed,synthetic
EMPRESI-HPAI-0000682,WAHIS-HPAI-ROU-2021-11-01-01,WAHIS,High pathogenicity avian influenza,HPAI,Romania,ROU,47.1369,25.4943,2021-11-02,2021-11-23,2021-12-07,Anas platyrhynchos (domestic),5761,3100,confirmed,synthetic
EMPRESI-HPAI-0000733,WAHIS-HPAI-NLD-2021-11-22-03,WAHIS,High pathogenicity avian influenza,HPAI,Netherlands,NLD,52.7258,6.936,2021-11-26,2021-11-29,2021-12-07,Cygnus olor (wild),2644,1426,confirmed,synthetic
EMPRESI-HPAI-0000706,WAHIS-HPAI-DEU-2021-11-15-02,WAHIS,High pathogenicity avian influenza,HPAI,Germany,DEU,51.7572,11.2397,2021-11-16,2021-11-27,2021-12-07,Anas platyrhynchos (domestic),8108,4438,confirmed,synthetic
EMPRESI-HPAI-0000731,WAHIS-HPAI-NLD-2021-11-22-01,WAHIS,High pathogenicity avian influenza,HPAI,Netherlands,NLD,51.5515,5.2371,2021-11-24,2021-12-04,2021-12-08,Anas platyrhynchos (domestic),1548,820,confirmed,synthetic
EMPRESI-ASF-0001623,WAHIS-ASF-UKR-2021-11-08-00,WAHIS,African swine fever,ASF,Ukraine,UKR,49.7899,37.2355,2021-11-08,2021-12-01,2021-12-08,Sus scrofa (wild boar),190,164,confirmed,synthetic
EMPRESI-ASF-0001627,WAHIS-ASF-ISR-2021-11-08-00,WAHIS,African swine fever,ASF,Israel,ISR,31.8295,35.333,2021-11-08,2021-11-29,2021-12-09,Sus scrofa (wild boar),90,76,confirmed,synthetic
EMPRESI-HPAI-0000684,WAHIS-HPAI-UKR-2021-11-01-00,WAHIS,High pathogenicity avian influenza,HPAI,Ukraine,UKR,46.7563,34.9242,2021-11-05,2021-12-02,2021-12-09,Cygnus olor (wild),4308,2427,confirmed,synthetic
EMPRESI-HPAI-0000776,WAHIS-HPAI-ITA-2021-11-29-01,WAHIS,High pathogenicity avian influenza,HPAI,Italy,ITA,41.0442,12.7478,2021-11-29,2021-12-04,2021-12-09,Meleagris gallopavo (domestic),1831,1002,confirmed,synthetic
EMPRESI-ASF-0001609,WAHIS-ASF-SRB-2021-11-01-00,WAHIS,African swine fever,ASF,Serbia,SRB,43.765,21.8976,2021-11-05,2021-12-03,2021-12-09,Sus scrofa (wild boar),38,36,confirmed,synthetic
EMPRESI-HPAI-0000745,WAHIS-HPAI-RUS-2021-11-22-00,WAHIS,High pathogenicity avian influenza,HPAI,Russian Federation,RUS,57.1287,35.7811,2021-11-25,2021-12-01,2021-12-09,Anas platyrhynchos (domestic),5402,3009,confirmed,synthetic
EMPRESI-HPAI-0000783,WAHIS-HPAI-POL-2021-11-29-03,WAHIS,High pathogenicity avian influenza,HPAI,Poland,POL,51.6431,15.7861,2021-11-29,2021-12-03,2021-12-10,Larus spp. (wild),10750,5849,confirmed,synthetic
EMPRESI-HPAI-0000713,WAHIS-HPAI-ROU-2021-11-15-01,WAHIS,High pathogenicity avian influenza,HPAI,Romania,ROU,45.1029,24.6638,2021-11-18,2021-11-30,2021-12-10,Anas platyrhynchos (domestic),5658,3119,confirmed,synthetic
EMPRESI-HPAI-0000698,WAHIS-HPAI-UKR-2021-11-08-00,WAHIS,High pathogenicity avian influenza,HPAI,Ukraine,UKR,51.9427,29.3871,2021-11-13,2021-12-02,2021-12-11,Meleagris gallopavo (domestic),2764,1520,confirmed,synthetic
EMPRESI-HPAI-0000736,WAHIS-HPAI-POL-2021-11-22-00,WAHIS,High pathogenicity avian influenza,HPAI,Poland,POL,53.0575,15.5621,2021-11-26,2021-12-05,2021-12-11,Meleagris gallopavo (domestic),8040,4373,confirmed,synthetic
EMPRESI-ASF-0001581,WAHIS-ASF-NLD-2021-10-25-02,WAHIS,African swine fever,ASF,Netherlands,NLD,51.4649,5.0339,2021-10-25,2021-12-01,2021-12-11,Sus scrofa domesticus,17,13,confirmed,synthetic
EMPRESI-ASF-0001611,WAHIS-ASF-GEO-2021-11-01-00,WAHIS,African swine fever,ASF,Georgia,GEO,41.8916,43.7286,2021-11-04,2021-12-04,2021-12-11,Sus scrofa (wild boar),96,83,confirmed,synthetic
EMPRESI-ASF-0001582,WAHIS-ASF-BEL-2021-10-25-00,WAHIS,African swine fever,ASF,Belgium,BEL,50.4257,5.1398,2021-10-26,2021-12-01,2021-12-11,Sus scrofa domesticus,12,11,confirmed,synthetic
EMPRESI-HPAI-0000714,WAHIS-HPAI-UKR-2021-11-15-00,WAHIS,High pathogenicity avian influenza,HPAI,Ukraine,UKR,48.1002,36.7415,2021-11-16,2021-12-03,2021-12-11,Cygnus olor (wild),3052,1684,confirmed,synthetic
EMPRESI-HPAI-0000777,WAHIS-HPAI-ITA-2021-11-29-02,WAHIS,High pathogenicity avian influenza,HPAI,Italy,ITA,43.2659,12.0357,2021-12-01,2021-12-06,2021-12-12,Gallus gallus (domestic),4504,2469,confirmed,synthetic
EMPRESI-HPAI-0000696,WAHIS-HPAI-ROU-2021-11-08-00,WAHIS,High pathogenicity avian influenza,HPAI,Romania,ROU,48.1209,25.4314,2021-11-12,2021-12-03,2021-12-12,Gallus gallus (domestic),2458,1371,confirmed,synthetic
EMPRESI-HPAI-0000732,WAHIS-HPAI-NLD-2021-11-22-02,WAHIS,High pathogenicity avian influenza,HPAI,Netherlands,NLD,52.4644,5.3555,2021-11-25,2021-12-07,2021-12-12,Larus spp. (wild),2598,1403,confirmed,synthetic
EMPRESI-ASF-0001589,WAHIS-ASF-POL-2021-10-25-00,WAHIS,African swine fever,ASF,Poland,POL,51.2074,19.1152,2021-10-26,2021-12-05,2021-12-12,Sus scrofa domesticus,152,135,confirmed,synthetic
EMPRESI-HPAI-0000728,WAHIS-HPAI-DEU-2021-11-22-01,WAHIS,High pathogenicity avian influenza,HPAI,Germany,DEU,54.1936,10.552,2021-11-25,2021-12-01,2021-12-12,Anas platyrhynchos (domestic),3450,1909,confirmed,synthetic
EMPRESI-HPAI-0000729,WAHIS-HPAI-DEU-2021-11-22-02,WAHIS,High pathogenicity avian influenza,HPAI,Germany,DEU,52.0685,6.8172,2021-11-27,2021-12-03,2021-12-13,Anas platyrhynchos (domestic),1490,798,confirmed,synthetic
EMPRESI-HPAI-0000754,WAHIS-HPAI-DEU-2021-11-29-02,WAHIS,High pathogenicity avian influenza,HPAI,Germany,DEU,50.6615,6.9967,2021-12-02,2021-12-05,2021-12-13,Larus spp. (wild),6197,3404,confirmed,synthetic
EMPRESI-ASF-0001624,WAHIS-ASF-UKR-2021-11-08-01,WAHIS,African swine fever,ASF,Ukraine,UKR,47.277,35.8744,2021-11-11,2021-12-08,2021-12-13,Sus scrofa domesticus,59,52,confirmed,synthetic
EMPRESI-ASF-0001606,WAHIS-ASF-ROU-2021-11-01-00,WAHIS,African swine fever,ASF,Romania,ROU,47.223,27.675,2021-11-01,2021-12-04,2021-12-13,Sus scrofa (wild boar),32,26,confirmed,synthetic
EMPRESI-ASF-0001431,WAHIS-ASF-ROU-2021-09-06-00,WAHIS,African swine fever,ASF,Romania,ROU,46.2068,25.7074,2021-09-09,2021-12-06,2021-12-13,Sus scrofa domesticus,97,83,confirmed,synthetic
EMPRESI-HPAI-0000707,WAHIS-HPAI-NLD-2021-11-15-00,WAHIS,High pathogenicity avian influenza,HPAI,Netherlands,NLD,52.7424,5.4798,2021-11-20,2021-12-04,2021-12-13,Meleagris gallopavo (domestic),6182,3416,confirmed,synthetic
EMPRESI-ASF-0001482,WAHIS-ASF-BGR-2021-09-27-00,WAHIS,African swine fever,ASF,Bulgaria,BGR,43.2961,23.7048,2021-09-29,2021-12-06,2021-12-13,Sus scrofa (wild boar),152,127,confirmed,synthetic
EMPRESI-HPAI-0000695,WAHIS-HPAI-POL-2021-11-08-01,WAHIS,High pathogenicity avian influenza,HPAI,Poland,POL,50.1705,17.9973,2021-11-10,2021-12-04,2021-12-14,Meleagris gallopavo (domestic),658,353,confirmed,synthetic
EMPRESI-HPAI-0000788,WAHIS-HPAI-HUN-2021-11-29-03,WAHIS,High pathogenicity avian influenza,HPAI,Hungary,HUN,46.5989,17.6689,2021-11-30,2021-12-08,2021-12-14,Anas platyrhynchos (domestic),2845,1552,confirmed,synthetic
EMPRESI-HPAI-0000715,WAHIS-HPAI-UKR-2021-11-15-01,WAHIS,High pathogenicity avian influenza,HPAI,Ukraine,UKR,48.9178,26.4933,2021-11-19,2021-12-08,2021-12-14,Larus spp. (wild),4882,2668,confirmed,synthetic
EMPRESI-HPAI-0000780,WAHIS-HPAI-POL-2021-11-29-00,WAHIS,High pathogenicity avian influenza,HPAI,Poland,POL,51.0381,16.0897,2021-12-01,2021-12-08,2021-12-14,Gallus gallus (domestic),1528,825,confirmed,synthetic
EMPRESI-HPAI-0000716,WAHIS-HPAI-UKR-2021-11-15-02,WAHIS,High pathogenicity avian influenza,HPAI,Ukraine,UKR,49.035,34.3191,2021-11-20,2021-12-07,2021-12-14,Meleagris gallopavo (domestic),4497,2496,confirmed,synthetic
EMPRESI-HPAI-0000739,WAHIS-HPAI-HUN-2021-11-22-01,WAHIS,High pathogenicity avian influenza,HPAI,Hungary,HUN,46.7827,21.6692,2021-11-28,2021-12-05,2021-12-14,Cygnus olor (wild),8625,4747,confirmed,synthetic
EMPRESI-HPAI-0000758,WAHIS-HPAI-DEU-2021-11-29-06,WAHIS,High pathogenicity avian influenza,HPAI,Germany,DEU,51.8147,13.8099,2021-11-30,2021-12-07,2021-12-14,Larus spp. (wild),3213,1803,confirmed,synthetic
EMPRESI-HPAI-0000755,WAHIS-HPAI-DEU-2021-11-29-03,WAHIS,High pathogenicity avian influenza,HPAI,Germany,DEU,52.6133,11.4397,2021-12-01,2021-12-07,2021-12-14,Larus spp. (wild),3708,2005,confirmed,synthetic
EMPRESI-ASF-0001635,WAHIS-ASF-ESP-2021-11-29-00,WAHIS,African swine fever,ASF,Spain,ESP,38.3691,-0.3762,2021-11-30,2021-12-05,2021-12-14,Sus scrofa domesticus,76,68,confirmed,synthetic
EMPRESI-HPAI-0000775,WAHIS-HPAI-ITA-2021-11-29-00,WAHIS,High pathogenicity avian influenza,HPAI,Italy,ITA,41.8494,14.327,2021-12-01,2021-12-08,2021-12-15,Meleagris gallopavo (domestic),3749,2047,confirmed,synthetic
EMPRESI-HPAI-0000767,WAHIS-HPAI-NLD-2021-11-29-06,WAHIS,High pathogenicity avian influenza,HPAI,Netherlands,NLD,52.2771,4.9556,2021-12-01,2021-12-08,2021-12-15,Anas platyrhynchos (domestic),2172,1196,confirmed,synthetic
EMPRESI-HPAI-0000683,WAHIS-HPAI-ROU-2021-11-01-02,WAHIS,High pathogenicity avian influenza,HPAI,Romania,ROU,47.7717,23.248,2021-11-06,2021-12-02,2021-12-15,Anas platyrhynchos (domestic),4129,2299,confirmed,synthetic
EMPRESI-HPAI-0000789,WAHIS-HPAI-HUN-2021-11-29-04,WAHIS,High pathogenicity avian influenza,HPAI,Hungary,HUN,45.6984,20.005,2021-12-02,2021-12-06,2021-12-15,Cygnus olor (wild),7369,3995,confirmed,synthetic
EMPRESI-HPAI-0000791,WAHIS-HPAI-ROU-2021-11-29-01,WAHIS,High pathogenicity avian influenza,HPAI,Romania,ROU,46.7335,28.0881,2021-12-03,2021-12-09,2021-12-15,Cygnus olor (wild),8677,4736,confirmed,synthetic
EMPRESI-HPAI-0000778,WAHIS-HPAI-ESP-2021-11-29-00,WAHIS,High pathogenicity avian influenza,HPAI,Spain,ESP,38.3045,-7.2507,2021-11-30,2021-12-08,2021-12-16,Anas platyrhynchos (domestic),1984,1082,confirmed,synthetic
EMPRESI-HPAI-0000709,WAHIS-HPAI-NLD-2021-11-15-02,WAHIS,High pathogenicity avian influenza,HPAI,Netherlands,NLD,51.5848,5.7752,2021-11-16,2021-12-06,2021-12-16,Anas platyrhynchos (domestic),1141,632,confirmed,synthetic
EMPRESI-HPAI-0000848,WAHIS-HPAI-BGR-2021-12-06-01,WAHIS,High pathogenicity avian influenza,HPAI,Bulgaria,BGR,43.2253,25.0541,2021-12-06,2021-12-11,2021-12-17,Gallus gallus (domestic),4975,2739,confirmed,synthetic
EMPRESI-HPAI-0000794,WAHIS-HPAI-RUS-2021-11-29-00,WAHIS,High pathogenicity avian influenza,HPAI,Russian Federation,RUS,50.5817,49.1104,2021-11-30,2021-12-10,2021-12-17,Meleagris gallopavo (domestic),1268,710,confirmed,synthetic
EMPRESI-HPAI-0000769,WAHIS-HPAI-NLD-2021-11-29-08,WAHIS,High pathogenicity avian influenza,HPAI,Netherlands,NLD,52.8451,5.526,2021-11-29,2021-12-10,2021-12-17,Gallus gallus (domestic),9896,5508,confirmed,synthetic
EMPRESI-HPAI-0000786,WAHIS-HPAI-HUN-2021-11-29-01,WAHIS,High pathogenicity avian influenza,HPAI,Hungary,HUN,46.8388,20.6847,2021-12-03,2021-12-09,2021-12-17,Meleagris gallopavo (domestic),3603,2001,confirmed,synthetic
EMPRESI-HPAI-0000813,WAHIS-HPAI-NLD-2021-12-06-03,WAHIS,High pathogenicity avian influenza,HPAI,Netherlands,NLD,52.8666,6.2041,2021-12-10,2021-12-15,2021-12-18,Meleagris gallopavo (domestic),3717,1989,confirmed,synthetic
EMPRESI-ASF-0001628,WAHIS-ASF-DEU-2021-11-15-00,WAHIS,African swine fever,ASF,Germany,DEU,53.211,7.0115,2021-11-18,2021-12-08,2021-12-18,Sus scrofa (wild boar),43,36,confirmed,synthetic
EMPRESI-HPAI-0000708,WAHIS-HPAI-NLD-2021-11-15-01,WAHIS,High pathogenicity avian influenza,HPAI,Netherlands,NLD,52.0981,5.4244,2021-11-17,2021-12-08,2021-12-18,Gallus gallus (domestic),9376,5188,confirmed,synthetic
EMPRESI-HPAI-0000770,WAHIS-HPAI-BEL-2021-11-29-00,WAHIS,High pathogenicity avian influenza,HPAI,Belgium,BEL,50.1493,5.0766,2021-11-30,2021-12-06,2021-12-18,Meleagris gallopavo (domestic),5086,2791,confirmed,synthetic
EMPRESI-HPAI-0000734,WAHIS-HPAI-BEL-2021-11-22-00,WAHIS,High pathogenicity avian influenza,HPAI,Belgium,BEL,49.7958,4.2612,2021-11-25,2021-12-11,2021-12-18,Larus spp. (wild),1953,1066,confirmed,synthetic
EMPRESI-HPAI-0000727,WAHIS-HPAI-DEU-2021-11-22-00,WAHIS,High pathogenicity avian influenza,HPAI,Germany,DEU,50.3148,13.8142,2021-11-26,2021-12-08,2021-12-18,Cygnus olor (wild),3196,1832,confirmed,synthetic
EMPRESI-HPAI-0000792,WAHIS-HPAI-BGR-2021-11-29-00,WAHIS,High pathogenicity avian influenza,HPAI,Bulgaria,BGR,43.4718,25.0136,2021-12-02,2021-12-09,2021-12-18,Anas platyrhynchos (domestic),898,520,confirmed,synthetic
EMPRESI-HPAI-0000748,WAHIS-HPAI-RUS-2021-11-22-03,WAHIS,High pathogenicity avian influenza,HPAI,Russian Federation,RUS,55.5162,37.5388,2021-11-28,2021-12-12,2021-12-18,Meleagris gallopavo (domestic),7144,3945,confirmed,synthetic
EMPRESI-HPAI-0000762,WAHIS-HPAI-NLD-2021-11-29-01,WAHIS,High pathogenicity avian influenza,HPAI,Netherlands,NLD,52.6104,5.6408,2021-11-30,2021-12-09,2021-12-19,Gallus gallus (domestic),737,416,confirmed,synthetic
EMPRESI-HPAI-0000811,WAHIS-HPAI-NLD-2021-12-06-01,WAHIS,High pathogenicity avian influenza,HPAI,Netherlands,NLD,52.0196,4.033,2021-12-06,2021-12-12,2021-12-19,Meleagris gallopavo (domestic),1700,934,confirmed,synthetic
EMPRESI-HPAI-0000785,WAHIS-HPAI-HUN-2021-11-29-00,WAHIS,High pathogenicity avian influenza,HPAI,Hungary,HUN,45.9189,20.2302,2021-12-03,2021-12-09,2021-12-19,Anas platyrhynchos (domestic),3516,1965,confirmed,synthetic
EMPRESI-HPAI-0000768,WAHIS-HPAI-NLD-2021-11-29-07,WAHIS,High pathogenicity avian influenza,HPAI,Netherlands,NLD,52.6709,6.3361,2021-12-01,2021-12-09,2021-12-19,Gallus gallus (domestic),11310,6201,confirmed,synthetic
EMPRESI-HPAI-0000816,WAHIS-HPAI-NLD-2021-12-06-06,WAHIS,High pathogenicity avian influenza,HPAI,Netherlands,NLD,51.59,5.694,2021-12-06,2021-12-12,2021-12-19,Cygnus olor (wild),1403,765,confirmed,synthetic
EMPRESI-HPAI-0000726,WAHIS-HPAI-FRA-2021-11-22-03,WAHIS,High pathogenicity avian influenza,HPAI,France,FRA,43.4473,4.8705,2021-11-27,2021-12-08,2021-12-19,Larus spp. (wild),2038,1111,confirmed,synthetic
EMPRESI-HPAI-0000738,WAHIS-HPAI-HUN-2021-11-22-00,WAHIS,High pathogenicity avian influenza,HPAI,Hungary,HUN,46.2096,20.4792,2021-11-27,2021-12-11,2021-12-19,Larus spp. (wild),2002,1105,confirmed,synthetic
EMPRESI-HPAI-0000751,WAHIS-HPAI-FRA-2021-11-29-01,WAHIS,High pathogenicity avian influenza,HPAI,France,FRA,48.7583,4.6509,2021-12-04,2021-12-16,2021-12-20,Gallus gallus (domestic),1274,713,confirmed,synthetic
EMPRESI-HPAI-0000753,WAHIS-HPAI-DEU-2021-11-29-01,WAHIS,High pathogenicity avian influenza,HPAI,Germany,DEU,51.4888,8.3625,2021-12-03,2021-12-11,2021-12-20,Anas platyrhynchos (domestic),2513,1328,confirmed,synthetic
EMPRESI-HPAI-0000828,WAHIS-HPAI-ITA-2021-12-06-00,WAHIS,High pathogenicity avian influenza,HPAI,Italy,ITA,43.9155,13.3245,2021-12-07,2021-12-14,2021-12-20,Meleagris gallopavo (domestic),2600,1436,confirmed,synthetic
EMPRESI-HPAI-0000712,WAHIS-HPAI-ROU-2021-11-15-00,WAHIS,High pathogenicity avian influenza,HPAI,Romania,ROU,47.6364,26.1586,2021-11-16,2021-12-11,2021-12-21,Meleagris gallopavo (domestic),1033,581,confirmed,synthetic
EMPRESI-HPAI-0000784,WAHIS-HPAI-POL-2021-11-29-04,WAHIS,High pathogenicity avian influenza,HPAI,Poland,POL,53.4258,19.2359,2021-12-04,2021-12-11,2021-12-21,Meleagris gallopavo (domestic),8529,4706,confirmed,synthetic
EMPRESI-HPAI-0000795,WAHIS-HPAI-RUS-2021-11-29-01,WAHIS,High pathogenicity avian influenza,HPAI,Russian Federation,RUS,53.1743,36.7644,2021-11-30,2021-12-15,2021-12-21,Gallus gallus (domestic),2228,1161,confirmed,synthetic
EMPRESI-HPAI-0000787,WAHIS-HPAI-HUN-2021-11-29-02,WAHIS,High pathogenicity avian influenza,HPAI,Hungary,HUN,48.3349,19.7732,2021-12-01,2021-12-16,2021-12-21,Anas platyrhynchos (domestic),8713,4782,confirmed,synthetic
EMPRESI-HPAI-0000774,WAHIS-HPAI-BEL-2021-11-29-04,WAHIS,High pathogenicity avian influenza,HPAI,Belgium,BEL,50.7807,4.9264,2021-12-02,2021-12-12,2021-12-21,Gallus gallus (domestic),5550,3040,confirmed,synthetic
EMPRESI-ASF-0001633,WAHIS-ASF-BGR-2021-11-22-00,WAHIS,African swine fever,ASF,Bulgaria,BGR,44.0229,24.3683,2021-11-28,2021-12-13,2021-12-22,Sus scrofa domesticus,91,81,confirmed,synthetic
EMPRESI-HPAI-0000823,WAHIS-HPAI-BEL-2021-12-06-04,WAHIS,High pathogenicity avian influenza,HPAI,Belgium,BEL,50.4566,5.8065,2021-12-07,2021-12-14,2021-12-22,Anas platyrhynchos (domestic),1804,1009,confirmed,synthetic
EMPRESI-HPAI-0000827,WAHIS-HPAI-BEL-2021-12-06-08,WAHIS,High pathogenicity avian influenza,HPAI,Belgium,BEL,51.4616,4.6053,2021-12-06,2021-12-16,2021-12-22,Cygnus olor (wild),6650,3575,confirmed,synthetic
EMPRESI-HPAI-0000750,WAHIS-HPAI-FRA-2021-11-29-00,WAHIS,High pathogenicity avian influenza,HPAI,France,FRA,46.0392,0.29,2021-12-03,2021-12-17,2021-12-23,Cygnus olor (wild),2132,1154,confirmed,synthetic
EMPRESI-ASF-0001622,WAHIS-ASF-ROU-2021-11-08-00,WAHIS,African swine fever,ASF,Romania,ROU,44.852,22.2563,2021-11-08,2021-12-17,2021-12-23,Sus scrofa (wild boar),37,31,confirmed,synthetic
EMPRESI-HPAI-0000821,WAHIS-HPAI-BEL-2021-12-06-02,WAHIS,High pathogenicity avian influenza,HPAI,Belgium,BEL,50.4094,3.6102,2021-12-08,2021-12-14,2021-12-23,Anas platyrhynchos (domestic),7747,4244,confirmed,synthetic
EMPRESI-ASF-0001615,WAHIS-ASF-DEU-2021-11-08-01,WAHIS,African swine fever,ASF,Germany,DEU,50.3203,14.9607,2021-11-11,2021-12-20,2021-12-23,Sus scrofa (wild boar),188,168,confirmed,synthetic
EMPRESI-HPAI-0000807,WAHIS-HPAI-DEU-2021-12-06-03,WAHIS,High pathogenicity avian influenza,HPAI,Germany,DEU,51.2962,6.4227,2021-12-07,2021-12-17,2021-12-24,Meleagris gallopavo (domestic),1644,898,confirmed,synthetic
EMPRESI-HPAI-0000740,WAHIS-HPAI-ROU-2021-11-22-00,WAHIS,High pathogenicity avian influenza,HPAI,Romania,ROU,44.0235,25.9113,2021-11-28,2021-12-14,2021-12-24,Cygnus olor (wild),1826,998,confirmed,synthetic
EMPRESI-HPAI-0000759,WAHIS-HPAI-DEU-2021-11-29-07,WAHIS,High pathogenicity avian influenza,HPAI,Germany,DEU,51.8026,13.1569,2021-11-29,2021-12-18,2021-12-24,Meleagris gallopavo (domestic),4077,2280,confirmed,synthetic
EMPRESI-HPAI-0000846,WAHIS-HPAI-ROU-2021-12-06-02,WAHIS,High pathogenicity avian influenza,HPAI,Romania,ROU,46.7955,23.3501,2021-12-10,2021-12-16,2021-12-24,Larus spp. (wild),2723,1484,confirmed,synthetic
EMPRESI-HPAI-0000801,WAHIS-HPAI-FRA-2021-12-06-00,WAHIS,High pathogenicity avian influenza,HPAI,France,FRA,48.0674,4.161,2021-12-07,2021-12-19,2021-12-24,Gallus gallus (domestic),3922,2122,confirmed,synthetic
EMPRESI-HPAI-0000832,WAHIS-HPAI-ITA-2021-12-06-04,WAHIS,High pathogenicity avian influenza,HPAI,Italy,ITA,45.0752,11.9157,2021-12-07,2021-12-20,2021-12-24,Gallus gallus (domestic),1340,747,confirmed,synthetic
EMPRESI-HPAI-0000797,WAHIS-HPAI-RUS-2021-11-29-03,WAHIS,High pathogenicity avian influenza,HPAI,Russian Federation,RUS,49.7936,40.5493,2021-12-04,2021-12-15,2021-12-25,Anas platyrhynchos (domestic),3164,1743,confirmed,synthetic
EMPRESI-HPAI-0000805,WAHIS-HPAI-DEU-2021-12-06-01,WAHIS,High pathogenicity avian influenza,HPAI,Germany,DEU,48.5265,11.2293,2021-12-12,2021-12-16,2021-12-25,Cygnus olor (wild),3887,2193,confirmed,synthetic
EMPRESI-HPAI-0000809,WAHIS-HPAI-DEU-2021-12-06-05,WAHIS,High pathogenicity avian influenza,HPAI,Germany,DEU,53.6424,7.7285,2021-12-12,2021-12-18,2021-12-25,Anas platyrhynchos (domestic),12988,7104,confirmed,synthetic
EMPRESI-HPAI-0000702,WAHIS-HPAI-RUS-2021-11-08-03,WAHIS,High pathogenicity avian influenza,HPAI,Russian Federation,RUS,53.0799,43.1354,2021-11-12,2021-12-18,2021-12-25,Larus spp. (wild),3859,2124,confirmed,synthetic
EMPRESI-HPAI-0000861,WAHIS-HPAI-DEU-2021-12-13-02,WAHIS,High pathogenicity avian influenza,HPAI,Germany,DEU,53.7704,9.4409,2021-12-17,2021-12-19,2021-12-25,Cygnus olor (wild),6512,3607,confirmed,synthetic
EMPRESI-HPAI-0000746,WAHIS-HPAI-RUS-2021-11-22-01,WAHIS,High pathogenicity avian influenza,HPAI,Russian Federation,RUS,51.1889,41.0021,2021-11-26,2021-12-13,2021-12-25,Cygnus olor (wild),2144,1200,confirmed,synthetic
EMPRESI-HPAI-0000849,WAHIS-HPAI-BGR-2021-12-06-02,WAHIS,High pathogenicity avian influenza,HPAI,Bulgaria,BGR,42.543,25.9543,2021-12-09,2021-12-16,2021-12-25,Anas platyrhynchos (domestic),9155,5116,confirmed,synthetic
EMPRESI-HPAI-0000838,WAHIS-HPAI-POL-2021-12-06-03,WAHIS,High pathogenicity avian influenza,HPAI,Poland,POL,50.9575,16.5448,2021-12-12,2021-12-19,2021-12-25,Gallus gallus (domestic),3705,2023,confirmed,synthetic
EMPRESI-HPAI-0000817,WAHIS-HPAI-NLD-2021-12-06-07,WAHIS,High pathogenicity avian influenza,HPAI,Netherlands,NLD,51.7735,6.9413,2021-12-10,2021-12-19,2021-12-26,Cygnus olor (wild),5630,3141,confirmed,synthetic
EMPRESI-HPAI-0000723,WAHIS-HPAI-FRA-2021-11-22-00,WAHIS,High pathogenicity avian influenza,HPAI,France,FRA,47.9431,1.536,2021-11-22,2021-12-19,2021-12-26,Anas platyrhynchos (domestic),5056,2765,confirmed,synthetic
EMPRESI-HPAI-0000752,WAHIS-HPAI-DEU-2021-11-29-00,WAHIS,High pathogenicity avian influenza,HPAI,Germany,DEU,52.1771,11.826,2021-12-05,2021-12-20,2021-12-26,Meleagris gallopavo (domestic),3957,2181,confirmed,synthetic
EMPRESI-HPAI-0000766,WAHIS-HPAI-NLD-2021-11-29-05,WAHIS,High pathogenicity avian influenza,HPAI,Netherlands,NLD,52.5199,4.8264,2021-12-05,2021-12-17,2021-12-27,Meleagris gallopavo (domestic),6788,3804,confirmed,synthetic
EMPRESI-HPAI-0000808,WAHIS-HPAI-DEU-2021-12-06-04,WAHIS,High pathogenicity avian influenza,HPAI,Germany,DEU,53.2455,8.4382,2021-12-07,2021-12-18,2021-12-27,Cygnus olor (wild),5026,2752,confirmed,synthetic
EMPRESI-HPAI-0000730,WAHIS-HPAI-NLD-2021-11-22-00,WAHIS,High pathogenicity avian influenza,HPAI,Netherlands,NLD,52.674,6.7841,2021-11-23,2021-12-17,2021-12-28,Anas platyrhynchos (domestic),2332,1287,confirmed,synthetic
EMPRESI-HPAI-0000757,WAHIS-HPAI-DEU-2021-11-29-05,WAHIS,High pathogenicity avian influenza,HPAI,Germany,DEU,52.0459,7.2685,2021-11-29,2021-12-20,2021-12-28,Cygnus olor (wild),6292,3493,confirmed,synthetic
EMPRESI-HPAI-0000810,WAHIS-HPAI-NLD-2021-12-06-00,WAHIS,High pathogenicity avian influenza,HPAI,Netherlands,NLD,52.2871,4.5345,2021-12-11,2021-12-20,2021-12-28,Meleagris gallopavo (domestic),3045,1695,confirmed,synthetic
EMPRESI-HPAI-0000893,WAHIS-HPAI-UKR-2021-12-13-01,WAHIS,High pathogenicity avian influenza,HPAI,Ukraine,UKR,50.1252,26.669,2021-12-14,2021-12-23,2021-12-28,Meleagris gallopavo (domestic),8095,4417,confirmed,synthetic
EMPRESI-HPAI-0000814,WAHIS-HPAI-NLD-2021-12-06-04,WAHIS,High pathogenicity avian influenza,HPAI,Netherlands,NLD,52.3246,5.6594,2021-12-12,2021-12-21,2021-12-28,Larus spp. (wild),2202,1202,confirmed,synthetic
EMPRESI-HPAI-0000782,WAHIS-HPAI-POL-2021-11-29-02,WAHIS,High pathogenicity avian influenza,HPAI,Poland,POL,52.7396,20.8418,2021-11-30,2021-12-21,2021-12-28,Anas platyrhynchos (domestic),4862,2663,confirmed,synthetic
EMPRESI-HPAI-0000806,WAHIS-HPAI-DEU-2021-12-06-02,WAHIS,High pathogenicity avian influenza,HPAI,Germany,DEU,50.1489,11.6096,2021-12-06,2021-12-23,2021-12-29,Meleagris gallopavo (domestic),5703,3150,confirmed,synthetic
EMPRESI-HPAI-0000803,WAHIS-HPAI-FRA-2021-12-06-02,WAHIS,High pathogenicity avian influenza,HPAI,France,FRA,49.0349,1.7974,2021-12-06,2021-12-19,2021-12-29,Gallus gallus (domestic),2357,1263,confirmed,synthetic
EMPRESI-HPAI-0000850,WAHIS-HPAI-UKR-2021-12-06-00,WAHIS,High pathogenicity avian influenza,HPAI,Ukraine,UKR,52.2976,32.2938,2021-12-06,2021-12-21,2021-12-29,Gallus gallus (domestic),5241,2869,confirmed,synthetic
EMPRESI-HPAI-0000853,WAHIS-HPAI-RUS-2021-12-06-01,WAHIS,High pathogenicity avian influenza,HPAI,Russian Federation,RUS,52.3422,38.4471,2021-12-10,2021-12-19,2021-12-29,Gallus gallus (domestic),4323,2370,confirmed,synthetic
EMPRESI-HPAI-0000855,WAHIS-HPAI-TUR-2021-12-06-01,WAHIS,High pathogenicity avian influenza,HPAI,Türkiye,TUR,37.4738,32.6324,2021-12-08,2021-12-19,2021-12-29,Larus spp. (wild),524,275,confirmed,synthetic
EMPRESI-HPAI-0000896,WAHIS-HPAI-FRA-2021-12-20-01,WAHIS,High pathogenicity avian influenza,HPAI,France,FRA,44.3552,0.608,2021-12-21,2021-12-24,2021-12-29,Anas platyrhynchos (domestic),1598,854,confirmed,synthetic
EMPRESI-HPAI-0000820,WAHIS-HPAI-BEL-2021-12-06-01,WAHIS,High pathogenicity avian influenza,HPAI,Belgium,BEL,49.7965,5.0501,2021-12-06,2021-12-21,2021-12-29,Anas platyrhynchos (domestic),3062,1724,confirmed,synthetic
EMPRESI-HPAI-0000890,WAHIS-HPAI-SRB-2021-12-13-00,WAHIS,High pathogenicity avian influenza,HPAI,Serbia,SRB,42.9022,19.8903,2021-12-16,2021-12-22,2021-12-29,Gallus gallus (domestic),3042,1701,confirmed,synthetic
EMPRESI-HPAI-0000764,WAHIS-HPAI-NLD-2021-11-29-03,WAHIS,High pathogenicity avian influenza,HPAI,Netherlands,NLD,52.4007,6.7489,2021-12-03,2021-12-20,2021-12-29,Meleagris gallopavo (domestic),8397,4631,confirmed,synthetic
EMPRESI-HPAI-0000845,WAHIS-HPAI-ROU-2021-12-06-01,WAHIS,High pathogenicity avian influenza,HPAI,Romania,ROU,46.5746,23.8842,2021-12-06,2021-12-23,2021-12-30,Meleagris gallopavo (domestic),6117,3344,confirmed,synthetic
EMPRESI-HPAI-0000837,WAHIS-HPAI-POL-2021-12-06-02,WAHIS,High pathogenicity avian influenza,HPAI,Poland,POL,52.9951,18.9454,2021-12-10,2021-12-19,2021-12-30,Cygnus olor (wild),2382,1341,confirmed,synthetic
EMPRESI-HPAI-0000826,WAHIS-HPAI-BEL-2021-12-06-07,WAHIS,High pathogenicity avian influenza,HPAI,Belgium,BEL,51.0012,4.3189,2021-12-09,2021-12-18,2021-12-30,Cygnus olor (wild),14780,8247,confirmed,synthetic
EMPRESI-HPAI-0000812,WAHIS-HPAI-NLD-2021-12-06-02,WAHIS,High pathogenicity avian influenza,HPAI,Netherlands,NLD,52.5446,6.5919,2021-12-07,2021-12-17,2021-12-30,Cygnus olor (wild),6224,3422,confirmed,synthetic
EMPRESI-HPAI-0000725,WAHIS-HPAI-FRA-2021-11-22-02,WAHIS,High pathogenicity avian influenza,HPAI,France,FRA,43.5732,5.5703,2021-11-27,2021-12-21,2021-12-30,Cygnus olor (wild),1253,682,confirmed,synthetic
EMPRESI-HPAI-0000831,WAHIS-HPAI-ITA-2021-12-06-03,WAHIS,High pathogenicity avian influenza,HPAI,Italy,ITA,43.6516,15.2577,2021-12-07,2021-12-23,2021-12-31,Gallus gallus (domestic),1716,942,confirmed,synthetic
EMPRESI-HPAI-0000844,WAHIS-HPAI-ROU-2021-12-06-00,WAHIS,High pathogenicity avian influenza,HPAI,Romania,ROU,45.9361,28.4528,2021-12-10,2021-12-22,2021-12-31,Gallus gallus (domestic),1770,949,confirmed,synthetic
EMPRESI-ASF-0001620,WAHIS-ASF-ESP-2021-11-08-01,WAHIS,African swine fever,ASF,Spain,ESP,39.1773,-0.2377,2021-11-13,2021-12-18,2021-12-31,Sus scrofa domesticus,21,17,confirmed,synthetic
EMPRESI-HPAI-0000825,WAHIS-HPAI-BEL-2021-12-06-06,WAHIS,High pathogenicity avian influenza,HPAI,Belgium,BEL,49.8084,4.1061,2021-12-07,2021-12-26,2021-12-31,Meleagris gallopavo (domestic),2760,1524,confirmed,synthetic
EMPRESI-HPAI-0000822,WAHIS-HPAI-BEL-2021-12-06-03,WAHIS,High pathogenicity avian influenza,HPAI,Belgium,BEL,50.3277,4.9718,2021-12-12,2021-12-23,2021-12-31,Meleagris gallopavo (domestic),4575,2499,confirmed,synthetic
EMPRESI-HPAI-0000829,WAHIS-HPAI-ITA-2021-12-06-01,WAHIS,High pathogenicity avian influenza,HPAI,Italy,ITA,44.788,10.0687,2021-12-12,2021-12-22,2021-12-31,Gallus gallus (domestic),9491,5170,confirmed,synthetic
EMPRESI-HPAI-0000772,WAHIS-HPAI-BEL-2021-11-29-02,WAHIS,High pathogenicity avian influenza,HPAI,Belgium,BEL,50.689,5.9869,2021-11-29,2021-12-22,2022-01-01,Larus spp. (wild),8392,4621,confirmed,synthetic
EMPRESI-ASF-0001638,WAHIS-ASF-SRB-2021-12-06-01,WAHIS,African swine fever,ASF,Serbia,SRB,43.1793,20.6479,2021-12-12,2021-12-22,2022-01-01,Sus scrofa domesticus,78,73,confirmed,synthetic
EMPRESI-HPAI-0000882,WAHIS-HPAI-HUN-2021-12-13-03,WAHIS,High pathogenicity avian influenza,HPAI,Hungary,HUN,48.2318,20.9983,2021-12-15,2021-12-26,2022-01-01,Meleagris gallopavo (domestic),1928,1063,confirmed,synthetic
EMPRESI-HPAI-0000842,WAHIS-HPAI-HUN-2021-12-06-03,WAHIS,High pathogenicity avian influenza,HPAI,Hungary,HUN,45.7024,19.6604,2021-12-09,2021-12-19,2022-01-01,Larus spp. (wild),3156,1719,confirmed,synthetic
EMPRESI-ASF-0001613,WAHIS-ASF-FRA-2021-11-08-00,WAHIS,African swine fever,ASF,France,FRA,44.0917,4.8407,2021-11-13,2021-12-25,2022-01-02,Sus scrofa domesticus,115,105,confirmed,synthetic
EMPRESI-HPAI-0000873,WAHIS-HPAI-ESP-2021-12-13-00,WAHIS,High pathogenicity avian influenza,HPAI,Spain,ESP,41.4916,-7.9348,2021-12-19,2021-12-26,2022-01-02,Larus spp. (wild),1452,794,confirmed,synthetic
EMPRESI-HPAI-0000852,WAHIS-HPAI-RUS-2021-12-06-00,WAHIS,High pathogenicity avian influenza,HPAI,Russian Federation,RUS,52.4557,37.3951,2021-12-08,2021-12-28,2022-01-03,Cygnus olor (wild),1429,783,confirmed,synthetic
EMPRESI-HPAI-0000779,WAHIS-HPAI-ESP-2021-11-29-01,WAHIS,High pathogenicity avian influenza,HPAI,Spain,ESP,40.8796,-1.2654,2021-11-30,2021-12-30,2022-01-03,Gallus gallus (domestic),8293,4506,confirmed,synthetic
EMPRESI-HPAI-0000936,WAHIS-HPAI-RUS-2021-12-20-00,WAHIS,High pathogenicity avian influenza,HPAI,Russian Federation,RUS,56.4084,42.8778,2021-12-23,2021-12-29,2022-01-03,Gallus gallus (domestic),2145,1158,confirmed,synthetic
EMPRESI-HPAI-0000938,WAHIS-HPAI-ISR-2021-12-20-00,WAHIS,High pathogenicity avian influenza,HPAI,Israel,ISR,31.5531,34.6463,2021-12-25,2021-12-27,2022-01-03,Gallus gallus (domestic),11796,6507,confirmed,synthetic
EMPRESI-HPAI-0000860,WAHIS-HPAI-DEU-2021-12-13-01,WAHIS,High pathogenicity avian influenza,HPAI,Germany,DEU,51.0382,9.5075,2021-12-13,2021-12-27,2022-01-04,Cygnus olor (wild),7938,4316,confirmed,synthetic
EMPRESI-HPAI-0000851,WAHIS-HPAI-MDA-2021-12-06-00,WAHIS,High pathogenicity avian influenza,HPAI,Moldova,MDA,47.5324,27.2974,2021-12-07,2021-12-28,2022-01-04,Gallus gallus (domestic),1641,901,confirmed,synthetic
EMPRESI-HPAI-0000744,WAHIS-HPAI-MDA-2021-11-22-03,WAHIS,High pathogenicity avian influenza,HPAI,Moldova,MDA,46.5015,28.2017,2021-11-27,2021-12-25,2022-01-04,Gallus gallus (domestic),2702,1482,confirmed,synthetic
EMPRESI-HPAI-0000830,WAHIS-HPAI-ITA-2021-12-06-02,WAHIS,High pathogenicity avian influenza,HPAI,Italy,ITA,43.183,15.1338,2021-12-06,2021-12-29,2022-01-05,Cygnus olor (wild),16134,8878,confirmed,synthetic
EMPRESI-HPAI-0000763,WAHIS-HPAI-NLD-2021-11-29-02,WAHIS,High pathogenicity avian influenza,HPAI,Netherlands,NLD,51.5008,4.937,2021-12-05,2021-12-27,2022-01-05,Gallus gallus (domestic),8088,4497,confirmed,synthetic
EMPRESI-HPAI-0000925,WAHIS-HPAI-ROU-2021-12-20-00,WAHIS,High pathogenicity avian influenza,HPAI,Romania,ROU,44.6452,25.036,2021-12-20,2021-12-29,2022-01-05,Gallus gallus (domestic),2200,1246,confirmed,synthetic
EMPRESI-HPAI-0000889,WAHIS-HPAI-BGR-2021-12-13-01,WAHIS,High pathogenicity avian influenza,HPAI,Bulgaria,BGR,42.2574,24.0424,2021-12-15,2021-12-31,2022-01-05,Meleagris gallopavo (domestic),3634,1981,confirmed,synthetic
EMPRESI-HPAI-0000869,WAHIS-HPAI-BEL-2021-12-13-00,WAHIS,High pathogenicity avian influenza,HPAI,Belgium,BEL,50.9993,3.8535,2021-12-17,2021-12-30,2022-01-05,Anas platyrhynchos (domestic),6701,3675,confirmed,synthetic
EMPRESI-HPAI-0000877,WAHIS-HPAI-POL-2021-12-13-03,WAHIS,High pathogenicity avian influenza,HPAI,Poland,POL,50.5535,17.5306,2021-12-16,2021-12-25,2022-01-05,Larus spp. (wild),12726,6922,confirmed,synthetic
EMPRESI-ASF-0001631,WAHIS-ASF-ITA-2021-11-15-01,WAHIS,African swine fever,ASF,Italy,ITA,42.055,13.5746,2021-11-19,2021-12-29,2022-01-05,Sus scrofa (wild boar),36,34,confirmed,synthetic
EMPRESI-HPAI-0000878,WAHIS-HPAI-POL-2021-12-13-04,WAHIS,High pathogenicity avian influenza,HPAI,Poland,POL,51.6118,18.8855,2021-12-15,2022-01-02,2022-01-06,Meleagris gallopavo (domestic),2537,1418,confirmed,synthetic
EMPRESI-HPAI-0000950,WAHIS-HPAI-BEL-2021-12-27-00,WAHIS,High pathogenicity avian influenza,HPAI,Belgium,BEL,50.4827,5.4955,2021-12-28,2021-12-31,2022-01-06,Meleagris gallopavo (domestic),1674,910,confirmed,synthetic
EMPRESI-HPAI-0000911,WAHIS-HPAI-BEL-2021-12-20-03,WAHIS,High pathogenicity avian influenza,HPAI,Belgium,BEL,50.4276,4.0084,2021-12-26,2022-01-01,2022-01-06,Gallus gallus (domestic),6831,3745,confirmed,synthetic
EMPRESI-HPAI-0000899,WAHIS-HPAI-FRA-2021-12-20-04,WAHIS,High pathogenicity avian influenza,HPAI,France,FRA,50.1009,4.1987,2021-12-24,2021-12-31,2022-01-06,Cygnus olor (wild),4423,2473,confirmed,synthetic
EMPRESI-HPAI-0000858,WAHIS-HPAI-FRA-2021-12-13-02,WAHIS,High pathogenicity avian influenza,HPAI,France,FRA,48.0539,0.3876,2021-12-19,2021-12-30,2022-01-07,Gallus gallus (domestic),1831,1014,confirmed,synthetic
EMPRESI-HPAI-0000697,WAHIS-HPAI-ROU-2021-11-08-01,WAHIS,High pathogenicity avian influenza,HPAI,Romania,ROU,48.0792,23.7128,2021-11-10,2021-12-29,2022-01-07,Anas platyrhynchos (domestic),1872,1034,confirmed,synthetic
EMPRESI-HPAI-0000824,WAHIS-HPAI-BEL-2021-12-06-05,WAHIS,High pathogenicity avian influenza,HPAI,Belgium,BEL,50.8642,5.4188,2021-12-10,2022-01-02,2022-01-07,Meleagris gallopavo (domestic),1070,588,confirmed,synthetic
EMPRESI-HPAI-0000888,WAHIS-HPAI-BGR-2021-12-13-00,WAHIS,High pathogenicity avian influenza,HPAI,Bulgaria,BGR,42.0638,24.7045,2021-12-19,2021-12-29,2022-01-07,Meleagris gallopavo (domestic),4368,2345,confirmed,synthetic
EMPRESI-HPAI-0000887,WAHIS-HPAI-ROU-2021-12-13-04,WAHIS,High pathogenicity avian influenza,HPAI,Romania,ROU,47.594,24.0297,2021-12-15,2021-12-26,2022-01-07,Meleagris gallopavo (domestic),5089,2818,confirmed,synthetic
EMPRESI-HPAI-0000865,WAHIS-HPAI-NLD-2021-12-13-00,WAHIS,High pathogenicity avian influenza,HPAI,Netherlands,NLD,51.9763,6.5221,2021-12-19,2022-01-01,2022-01-07,Gallus gallus (domestic),3250,1808,confirmed,synthetic
EMPRESI-HPAI-0000901,WAHIS-HPAI-DEU-2021-12-20-01,WAHIS,High pathogenicity avian influenza,HPAI,Germany,DEU,51.1621,9.1902,2021-12-24,2021-12-29,2022-01-07,Anas platyrhynchos (domestic),5032,2758,confirmed,synthetic
EMPRESI-HPAI-0000868,WAHIS-HPAI-NLD-2021-12-13-03,WAHIS,High pathogenicity avian influenza,HPAI,Netherlands,NLD,53.0948,5.653,2021-12-14,2021-12-29,2022-01-08,Gallus gallus (domestic),1190,667,confirmed,synthetic
EMPRESI-ASF-0001637,WAHIS-ASF-SRB-2021-12-06-00,WAHIS,African swine fever,ASF,Serbia,SRB,44.5399,20.5509,2021-12-07,2021-12-28,2022-01-08,Sus scrofa domesticus,160,137,confirmed,synthetic
EMPRESI-HPAI-0000897,WAHIS-HPAI-FRA-2021-12-20-02,WAHIS,High pathogenicity avian influenza,HPAI,France,FRA,48.0638,-1.3709,2021-12-21,2021-12-31,2022-01-08,Cygnus olor (wild),4462,2470,confirmed,synthetic
EMPRESI-ASF-0001591,WAHIS-ASF-POL-2021-10-25-02,WAHIS,African swine fever,ASF,Poland,POL,51.5612,18.7936,2021-10-30,2021-12-29,2022-01-08,Sus scrofa domesticus,425,375,confirmed,synthetic
EMPRESI-HPAI-0000931,WAHIS-HPAI-BGR-2021-12-20-04,WAHIS,High pathogenicity avian influenza,HPAI,Bulgaria,BGR,41.3011,24.6458,2021-12-23,2021-12-31,2022-01-08,Gallus gallus (domestic),6557,3688,confirmed,synthetic
EMPRESI-HPAI-0000872,WAHIS-HPAI-ITA-2021-12-13-01,WAHIS,High pathogenicity avian influenza,HPAI,Italy,ITA,40.1106,12.7211,2021-12-17,2022-01-02,2022-01-08,Anas platyrhynchos (domestic),2364,1268,confirmed,synthetic
EMPRESI-HPAI-0000859,WAHIS-HPAI-DEU-2021-12-13-00,WAHIS,High pathogenicity avian influenza,HPAI,Germany,DEU,51.9614,8.3136,2021-12-17,2021-12-29,2022-01-08,Cygnus olor (wild),1903,1044,confirmed,synthetic
EMPRESI-HPAI-0000916,WAHIS-HPAI-ITA-2021-12-20-01,WAHIS,High pathogenicity avian influenza,HPAI,Italy,ITA,41.7972,14.0137,2021-12-25,2022-01-03,2022-01-09,Meleagris gallopavo (domestic),908,501,confirmed,synthetic
EMPRESI-HPAI-0000867,WAHIS-HPAI-NLD-2021-12-13-02,WAHIS,High pathogenicity avian influenza,HPAI,Netherlands,NLD,52.0088,6.2442,2021-12-16,2022-01-04,2022-01-09,Anas platyrhynchos (domestic),1557,854,confirmed,synthetic
EMPRESI-HPAI-0000930,WAHIS-HPAI-BGR-2021-12-20-03,WAHIS,High pathogenicity avian influenza,HPAI,Bulgaria,BGR,44.3048,25.38,2021-12-21,2022-01-02,2022-01-09,Larus spp. (wild),588,334,confirmed,synthetic
EMPRESI-HPAI-0000874,WAHIS-HPAI-POL-2021-12-13-00,WAHIS,High pathogenicity avian influenza,HPAI,Poland,POL,51.0662,20.6416,2021-12-13,2021-12-29,2022-01-09,Anas platyrhynchos (domestic),538,334,confirmed,synthetic
EMPRESI-HPAI-0000903,WAHIS-HPAI-DEU-2021-12-20-03,WAHIS,High pathogenicity avian influenza,HPAI,Germany,DEU,49.4321,9.6334,2021-12-22,2021-12-30,2022-01-09,Anas platyrhynchos (domestic),3031,1644,confirmed,synthetic
EMPRESI-HPAI-0000908,WAHIS-HPAI-BEL-2021-12-20-00,WAHIS,High pathogenicity avian influenza,HPAI,Belgium,BEL,50.9098,5.4355,2021-12-26,2022-01-01,2022-01-09,Gallus gallus (domestic),4083,2276,confirmed,synthetic
EMPRESI-HPAI-0000856,WAHIS-HPAI-FRA-2021-12-13-00,WAHIS,High pathogenicity avian influenza,HPAI,France,FRA,49.4774,5.0197,2021-12-16,2022-01-04,2022-01-09,Cygnus olor (wild),1477,841,confirmed,synthetic
EMPRESI-HPAI-0000914,WAHIS-HPAI-BEL-2021-12-20-06,WAHIS,High pathogenicity avian influenza,HPAI,Belgium,BEL,51.0087,3.841,2021-12-21,2022-01-03,2022-01-10,Gallus gallus (domestic),519,299,confirmed,synthetic
EMPRESI-HPAI-0000932,WAHIS-HPAI-BGR-2021-12-20-05,WAHIS,High pathogenicity avian influenza,HPAI,Bulgaria,BGR,43.3518,26.2248,2021-12-21,2021-12-31,2022-01-10,Larus spp. (wild),5822,3157,confirmed,synthetic
EMPRESI-HPAI-0000886,WAHIS-HPAI-ROU-2021-12-13-03,WAHIS,High pathogenicity avian influenza,HPAI,Romania,ROU,44.4176,23.4091,2021-12-18,2022-01-01,2022-01-10,Cygnus olor (wild),4214,2303,confirmed,synthetic
EMPRESI-HPAI-0000871,WAHIS-HPAI-ITA-2021-12-13-00,WAHIS,High pathogenicity avian influenza,HPAI,Italy,ITA,43.219,10.7877,2021-12-18,2022-01-04,2022-01-10,Gallus gallus (domestic),8637,4699,confirmed,synthetic
EMPRESI-HPAI-0000905,WAHIS-HPAI-NLD-2021-12-20-00,WAHIS,High pathogenicity avian influenza,HPAI,Netherlands,NLD,53.2149,5.9234,2021-12-23,2022-01-04,2022-01-11,Larus spp. (wild),2772,1550,confirmed,synthetic
EMPRESI-HPAI-0000945,WAHIS-HPAI-DEU-2021-12-27-01,WAHIS,High pathogenicity avian influenza,HPAI,Germany,DEU,53.2744,12.0945,2021-12-27,2022-01-04,2022-01-11,Anas platyrhynchos (domestic),1797,1009,confirmed,synthetic
EMPRESI-HPAI-0000941,WAHIS-HPAI-FRA-2021-12-27-02,WAHIS,High pathogenicity avian influenza,HPAI,France,FRA,46.771,4.6222,2021-12-27,2021-12-30,2022-01-11,Anas platyrhynchos (domestic),6041,3339,confirmed,synthetic
EMPRESI-HPAI-0000895,WAHIS-HPAI-FRA-2021-12-20-00,WAHIS,High pathogenicity avian influenza,HPAI,France,FRA,47.6077,3.2896,2021-12-22,2021-12-29,2022-01-11,Cygnus olor (wild),5589,3030,confirmed,synthetic
EMPRESI-HPAI-0000946,WAHIS-HPAI-DEU-2021-12-27-02,WAHIS,High pathogenicity avian influenza,HPAI,Germany,DEU,51.3605,6.4166,2021-12-27,2022-01-05,2022-01-11,Anas platyrhynchos (domestic),7175,3903,confirmed,synthetic
EMPRESI-HPAI-0000943,WAHIS-HPAI-FRA-2021-12-27-04,WAHIS,High pathogenicity avian influenza,HPAI,France,FRA,49.5617,3.3349,2022-01-02,2022-01-07,2022-01-12,Anas platyrhynchos (domestic),3263,1787,confirmed,synthetic
EMPRESI-HPAI-0000919,WAHIS-HPAI-ESP-2021-12-20-00,WAHIS,High pathogenicity avian influenza,HPAI,Spain,ESP,37.3988,-0.9638,2021-12-20,2022-01-03,2022-01-12,Cygnus olor (wild),6727,3596,confirmed,synthetic
EMPRESI-HPAI-0000935,WAHIS-HPAI-SRB-2021-12-20-01,WAHIS,High pathogenicity avian influenza,HPAI,Serbia,SRB,43.0908,19.7303,2021-12-22,2022-01-01,2022-01-12,Meleagris gallopavo (domestic),1488,824,confirmed,synthetic
EMPRESI-HPAI-0000834,WAHIS-HPAI-ESP-2021-12-06-00,WAHIS,High pathogenicity avian influenza,HPAI,Spain,ESP,40.8348,-0.4255,2021-12-11,2022-01-05,2022-01-12,Anas platyrhynchos (domestic),4099,2232,confirmed,synthetic
EMPRESI-HPAI-0000952,WAHIS-HPAI-ITA-2021-12-27-01,WAHIS,High pathogenicity avian influenza,HPAI,Italy,ITA,45.1558,13.662,2022-01-02,2022-01-07,2022-01-13,Gallus gallus (domestic),3788,2064,confirmed,synthetic
EMPRESI-HPAI-0000742,WAHIS-HPAI-MDA-2021-11-22-01,WAHIS,High pathogenicity avian influenza,HPAI,Moldova,MDA,47.9312,27.7015,2021-11-23,2022-01-01,2022-01-13,Meleagris gallopavo (domestic),7611,4142,confirmed,synthetic
EMPRESI-HPAI-0000939,WAHIS-HPAI-FRA-2021-12-27-00,WAHIS,High pathogenicity avian influenza,HPAI,France,FRA,44.6728,2.3833,2021-12-31,2022-01-04,2022-01-13,Cygnus olor (wild),344,198,confirmed,synthetic
EMPRESI-HPAI-0000906,WAHIS-HPAI-NLD-2021-12-20-01,WAHIS,High pathogenicity avian influenza,HPAI,Netherlands,NLD,52.0455,5.7504,2021-12-23,2022-01-01,2022-01-13,Meleagris gallopavo (domestic),7746,4215,confirmed,synthetic
EMPRESI-HPAI-0000891,WAHIS-HPAI-SRB-2021-12-13-01,WAHIS,High pathogenicity avian influenza,HPAI,Serbia,SRB,42.9582,20.9689,2021-12-18,2022-01-07,2022-01-13,Gallus gallus (domestic),1815,1019,confirmed,synthetic
EMPRESI-HPAI-0000949,WAHIS-HPAI-NLD-2021-12-27-02,WAHIS,High pathogenicity avian influenza,HPAI,Netherlands,NLD,52.1959,4.7659,2021-12-30,2022-01-06,2022-01-14,Anas platyrhynchos (domestic),870,493,confirmed,synthetic
EMPRESI-HPAI-0000864,WAHIS-HPAI-DEU-2021-12-13-05,WAHIS,High pathogenicity avian influenza,HPAI,Germany,DEU,49.9302,6.4641,2021-12-15,2022-01-02,2022-01-14,Anas platyrhynchos (domestic),2581,1413,confirmed,synthetic
EMPRESI-HPAI-0000910,WAHIS-HPAI-BEL-2021-12-20-02,WAHIS,High pathogenicity avian influenza,HPAI,Belgium,BEL,51.2306,4.4948,2021-12-24,2022-01-03,2022-01-14,Cygnus olor (wild),3974,2183,confirmed,synthetic
EMPRESI-HPAI-0000929,WAHIS-HPAI-BGR-2021-12-20-02,WAHIS,High pathogenicity avian influenza,HPAI,Bulgaria,BGR,41.9424,24.7954,2021-12-23,2022-01-05,2022-01-15,Gallus gallus (domestic),5849,3208,confirmed,synthetic
EMPRESI-HPAI-0000918,WAHIS-HPAI-ITA-2021-12-20-03,WAHIS,High pathogenicity avian influenza,HPAI,Italy,ITA,45.1069,12.9067,2021-12-21,2022-01-08,2022-01-15,Anas platyrhynchos (domestic),2779,1549,confirmed,synthetic
EMPRESI-HPAI-0000843,WAHIS-HPAI-HUN-2021-12-06-04,WAHIS,High pathogenicity avian influenza,HPAI,Hungary,HUN,48.0359,18.041,2021-12-10,2022-01-09,2022-01-15,Larus spp. (wild),5627,3104,confirmed,synthetic
EMPRESI-HPAI-0000979,WAHIS-HPAI-ROU-2022-01-03-00,WAHIS,High pathogenicity avian influenza,HPAI,Romania,ROU,46.1183,24.8396,2022-01-04,2022-01-11,2022-01-16,Anas platyrhynchos (domestic),4106,2261,confirmed,synthetic
EMPRESI-HPAI-0000854,WAHIS-HPAI-TUR-2021-12-06-00,WAHIS,High pathogenicity avian influenza,HPAI,Türkiye,TUR,40.6953,32.0851,2021-12-11,2022-01-04,2022-01-16,Anas platyrhynchos (domestic),2246,1232,confirmed,synthetic
EMPRESI-HPAI-0000968,WAHIS-HPAI-FRA-2022-01-03-01,WAHIS,High pathogenicity avian influenza,HPAI,France,FRA,49.8942,2.9351,2022-01-06,2022-01-09,2022-01-16,Gallus gallus (domestic),7229,4031,confirmed,synthetic
EMPRESI-HPAI-0000947,WAHIS-HPAI-NLD-2021-12-27-00,WAHIS,High pathogenicity avian influenza,HPAI,Netherlands,NLD,52.73,6.2059,2021-12-31,2022-01-06,2022-01-16,Anas platyrhynchos (domestic),8097,4424,confirmed,synthetic
EMPRESI-HPAI-0000977,WAHIS-HPAI-ESP-2022-01-03-01,WAHIS,High pathogenicity avian influenza,HPAI,Spain,ESP,41.4332,-0.8104,2022-01-04,2022-01-08,2022-01-16,Meleagris gallopavo (domestic),2862,1564,confirmed,synthetic
EMPRESI-HPAI-0000956,WAHIS-HPAI-POL-2021-12-27-01,WAHIS,High pathogenicity avian influenza,HPAI,Poland,POL,52.3579,16.8695,2022-01-02,2022-01-11,2022-01-17,Anas platyrhynchos (domestic),7595,4185,confirmed,synthetic
EMPRESI-HPAI-0000980,WAHIS-HPAI-BGR-2022-01-03-00,WAHIS,High pathogenicity avian influenza,HPAI,Bulgaria,BGR,42.3609,26.6602,2022-01-05,2022-01-11,2022-01-17,Meleagris gallopavo (domestic),4407,2422,confirmed,synthetic
EMPRESI-HPAI-0000909,WAHIS-HPAI-BEL-2021-12-20-01,WAHIS,High pathogenicity avian influenza,HPAI,Belgium,BEL,50.68,4.2289,2021-12-25,2022-01-07,2022-01-17,Larus spp. (wild),10910,6000,confirmed,synthetic
EMPRESI-HPAI-0000884,WAHIS-HPAI-ROU-2021-12-13-01,WAHIS,High pathogenicity avian influenza,HPAI,Romania,ROU,45.2768,23.4662,2021-12-18,2022-01-07,2022-01-17,Larus spp. (wild),3652,1965,confirmed,synthetic
EMPRESI-HPAI-0000970,WAHIS-HPAI-DEU-2022-01-03-00,WAHIS,High pathogenicity avian influenza,HPAI,Germany,DEU,50.6811,8.7184,2022-01-05,2022-01-12,2022-01-18,Larus spp. (wild),697,390,confirmed,synthetic
EMPRESI-HPAI-0000966,WAHIS-HPAI-ISR-2021-12-27-00,WAHIS,High pathogenicity avian influenza,HPAI,Israel,ISR,31.8934,34.9154,2021-12-30,2022-01-07,2022-01-18,Anas platyrhynchos (domestic),5074,2722,confirmed,synthetic
EMPRESI-HPAI-0000960,WAHIS-HPAI-BGR-2021-12-27-00,WAHIS,High pathogenicity avian influenza,HPAI,Bulgaria,BGR,42.2568,25.9182,2021-12-30,2022-01-09,2022-01-18,Cygnus olor (wild),7861,4335,confirmed,synthetic
EMPRESI-HPAI-0000756,WAHIS-HPAI-DEU-2021-11-29-04,WAHIS,High pathogenicity avian influenza,HPAI,Germany,DEU,53.1084,12.4481,2021-12-01,2022-01-09,2022-01-19,Meleagris gallopavo (domestic),5748,3156,confirmed,synthetic
EMPRESI-HPAI-0000942,WAHIS-HPAI-FRA-2021-12-27-03,WAHIS,High pathogenicity avian influenza,HPAI,France,FRA,48.5265,6.725,2022-01-02,2022-01-13,2022-01-20,Anas platyrhynchos (domestic),1041,559,confirmed,synthetic
EMPRESI-HPAI-0000933,WAHIS-HPAI-BGR-2021-12-20-06,WAHIS,High pathogenicity avian influenza,HPAI,Bulgaria,BGR,42.8184,25.1544,2021-12-26,2022-01-13,2022-01-20,Larus spp. (wild),1855,1013,confirmed,synthetic
EMPRESI-HPAI-0000875,WAHIS-HPAI-POL-2021-12-13-01,WAHIS,High pathogenicity avian influenza,HPAI,Poland,POL,53.8722,19.5026,2021-12-14,2022-01-16,2022-01-21,Gallus gallus (domestic),1965,1084,confirmed,synthetic
EMPRESI-HPAI-0000961,WAHIS-HPAI-SRB-2021-12-27-00,WAHIS,High pathogenicity avian influenza,HPAI,Serbia,SRB,44.6358,20.8393,2021-12-31,2022-01-13,2022-01-21,Gallus gallus (domestic),8508,4625,confirmed,synthetic
EMPRESI-HPAI-0000924,WAHIS-HPAI-POL-2021-12-20-04,WAHIS,High pathogenicity avian influenza,HPAI,Poland,POL,52.2348,20.2379,2021-12-26,2022-01-09,2022-01-21,Cygnus olor (wild),3691,1988,confirmed,synthetic
EMPRESI-HPAI-0000937,WAHIS-HPAI-GEO-2021-12-20-00,WAHIS,High pathogenicity avian influenza,HPAI,Georgia,GEO,42.5472,43.5766,2021-12-21,2022-01-14,2022-01-22,Larus spp. (wild),4280,2326,confirmed,synthetic
EMPRESI-HPAI-0000992,WAHIS-HPAI-ITA-2022-01-10-01,WAHIS,High pathogenicity avian influenza,HPAI,Italy,ITA,40.5564,12.9039,2022-01-12,2022-01-14,2022-01-22,Cygnus olor (wild),2360,1312,confirmed,synthetic
EMPRESI-HPAI-0000976,WAHIS-HPAI-ESP-2022-01-03-00,WAHIS,High pathogenicity avian influenza,HPAI,Spain,ESP,39.3315,-3.3692,2022-01-06,2022-01-16,2022-01-22,Meleagris gallopavo (domestic),793,451,confirmed,synthetic
EMPRESI-HPAI-0000955,WAHIS-HPAI-POL-2021-12-27-00,WAHIS,High pathogenicity avian influenza,HPAI,Poland,POL,51.2819,22.7549,2021-12-30,2022-01-14,2022-01-22,Larus spp. (wild),934,530,confirmed,synthetic
EMPRESI-HPAI-0000928,WAHIS-HPAI-BGR-2021-12-20-01,WAHIS,High pathogenicity avian influenza,HPAI,Bulgaria,BGR,44.2252,24.435,2021-12-26,2022-01-12,2022-01-22,Anas platyrhynchos (domestic),1373,765,confirmed,synthetic
EMPRESI-HPAI-0000988,WAHIS-HPAI-DEU-2022-01-10-00,WAHIS,High pathogenicity avian influenza,HPAI,Germany,DEU,48.9855,9.8257,2022-01-10,2022-01-18,2022-01-23,Cygnus olor (wild),3959,2155,confirmed,synthetic
EMPRESI-HPAI-0000999,WAHIS-HPAI-BGR-2022-01-10-00,WAHIS,High pathogenicity avian influenza,HPAI,Bulgaria,BGR,43.3961,27.3226,2022-01-11,2022-01-19,2022-01-23,Anas platyrhynchos (domestic),5629,3082,confirmed,synthetic
EMPRESI-HPAI-0000965,WAHIS-HPAI-GEO-2021-12-27-00,WAHIS,High pathogenicity avian influenza,HPAI,Georgia,GEO,41.9297,44.3196,2022-01-02,2022-01-14,2022-01-23,Larus spp. (wild),4334,2415,confirmed,synthetic
EMPRESI-HPAI-0000743,WAHIS-HPAI-MDA-2021-11-22-02,WAHIS,High pathogenicity avian influenza,HPAI,Moldova,MDA,46.591,28.1877,2021-11-24,2022-01-15,2022-01-23,Cygnus olor (wild),3124,1739,confirmed,synthetic
EMPRESI-HPAI-0000973,WAHIS-HPAI-BEL-2022-01-03-00,WAHIS,High pathogenicity avian influenza,HPAI,Belgium,BEL,50.9684,3.934,2022-01-04,2022-01-14,2022-01-24,Larus spp. (wild),1385,745,confirmed,synthetic
EMPRESI-HPAI-0000951,WAHIS-HPAI-ITA-2021-12-27-00,WAHIS,High pathogenicity avian influenza,HPAI,Italy,ITA,40.4614,13.1433,2021-12-27,2022-01-16,2022-01-24,Gallus gallus (domestic),1480,833,confirmed,synthetic
EMPRESI-HPAI-0000964,WAHIS-HPAI-TUR-2021-12-27-01,WAHIS,High pathogenicity avian influenza,HPAI,Türkiye,TUR,43.0882,35.6798,2022-01-02,2022-01-15,2022-01-24,Larus spp. (wild),3313,1836,confirmed,synthetic
EMPRESI-ASF-0001485,WAHIS-ASF-UKR-2021-09-27-01,WAHIS,African swine fever,ASF,Ukraine,UKR,49.866,36.1263,2021-10-02,2022-01-17,2022-01-25,Sus scrofa (wild boar),133,120,confirmed,synthetic
EMPRESI-HPAI-0000917,WAHIS-HPAI-ITA-2021-12-20-02,WAHIS,High pathogenicity avian influenza,HPAI,Italy,ITA,42.8822,15.8876,2021-12-22,2022-01-18,2022-01-25,Cygnus olor (wild),2613,1419,confirmed,synthetic
EMPRESI-HPAI-0000983,WAHIS-HPAI-TUR-2022-01-03-00,WAHIS,High pathogenicity avian influenza,HPAI,Türkiye,TUR,35.3094,37.3978,2022-01-03,2022-01-19,2022-01-25,Cygnus olor (wild),3481,1947,confirmed,synthetic
EMPRESI-HPAI-0000840,WAHIS-HPAI-HUN-2021-12-06-01,WAHIS,High pathogenicity avian influenza,HPAI,Hungary,HUN,47.908,18.927,2021-12-06,2022-01-18,2022-01-25,Larus spp. (wild),1465,782,confirmed,synthetic
EMPRESI-HPAI-0000997,WAHIS-HPAI-HUN-2022-01-10-00,WAHIS,High pathogenicity avian influenza,HPAI,Hungary,HUN,46.1546,20.045,2022-01-11,2022-01-18,2022-01-25,Meleagris gallopavo (domestic),9759,5378,confirmed,synthetic
EMPRESI-HPAI-0000972,WAHIS-HPAI-NLD-2022-01-03-01,WAHIS,High pathogenicity avian influenza,HPAI,Netherlands,NLD,52.3353,6.9055,2022-01-04,2022-01-18,2022-01-25,Meleagris gallopavo (domestic),5512,3028,confirmed,synthetic
EMPRESI-HPAI-0001000,WAHIS-HPAI-BGR-2022-01-10-01,WAHIS,High pathogenicity avian influenza,HPAI,Bulgaria,BGR,43.1854,23.3694,2022-01-14,2022-01-19,2022-01-26,Anas platyrhynchos (domestic),7031,3857,confirmed,synthetic
EMPRESI-HPAI-0001003,WAHIS-HPAI-TUR-2022-01-10-00,WAHIS,High pathogenicity avian influenza,HPAI,Türkiye,TUR,39.2259,39.5629,2022-01-12,2022-01-20,2022-01-26,Gallus gallus (domestic),680,413,confirmed,synthetic
EMPRESI-HPAI-0000885,WAHIS-HPAI-ROU-2021-12-13-02,WAHIS,High pathogenicity avian influenza,HPAI,Romania,ROU,45.0911,22.0705,2021-12-17,2022-01-18,2022-01-26,Gallus gallus (domestic),2437,1370,confirmed,synthetic
EMPRESI-HPAI-0000957,WAHIS-HPAI-POL-2021-12-27-02,WAHIS,High pathogenicity avian influenza,HPAI,Poland,POL,50.9369,23.5259,2021-12-31,2022-01-24,2022-01-27,Meleagris gallopavo (domestic),620,328,confirmed,synthetic
EMPRESI-HPAI-0000962,WAHIS-HPAI-SRB-2021-12-27-01,WAHIS,High pathogenicity avian influenza,HPAI,Serbia,SRB,44.622,19.0418,2021-12-29,2022-01-16,2022-01-27,Cygnus olor (wild),1686,903,confirmed,synthetic
EMPRESI-HPAI-0000981,WAHIS-HPAI-BGR-2022-01-03-01,WAHIS,High pathogenicity avian influenza,HPAI,Bulgaria,BGR,41.1795,24.7929,2022-01-04,2022-01-21,2022-01-27,Cygnus olor (wild),7223,4000,confirmed,synthetic
EMPRESI-HPAI-0000880,WAHIS-HPAI-HUN-2021-12-13-01,WAHIS,High pathogenicity avian influenza,HPAI,Hungary,HUN,47.2424,21.2907,2021-12-16,2022-01-20,2022-01-28,Meleagris gallopavo (domestic),3234,1798,confirmed,synthetic
EMPRESI-HPAI-0000798,WAHIS-HPAI-RUS-2021-11-29-04,WAHIS,High pathogenicity avian influenza,HPAI,Russian Federation,RUS,60.2862,46.6592,2021-11-30,2022-01-21,2022-01-28,Gallus gallus (domestic),6445,3580,confirmed,synthetic
EMPRESI-HPAI-0000969,WAHIS-HPAI-FRA-2022-01-03-02,WAHIS,High pathogenicity avian influenza,HPAI,France,FRA,43.1567,2.8368,2022-01-07,2022-01-22,2022-01-28,Meleagris gallopavo (domestic),1485,816,confirmed,synthetic
EMPRESI-HPAI-0000991,WAHIS-HPAI-ITA-2022-01-10-00,WAHIS,High pathogenicity avian influenza,HPAI,Italy,ITA,42.1059,8.9215,2022-01-13,2022-01-22,2022-01-30,Anas platyrhynchos (domestic),4507,2512,confirmed,synthetic
EMPRESI-HPAI-0000902,WAHIS-HPAI-DEU-2021-12-20-02,WAHIS,High pathogenicity avian influenza,HPAI,Germany,DEU,53.6738,12.2898,2021-12-22,2022-01-23,2022-01-30,Gallus gallus (domestic),6897,3829,confirmed,synthetic
EMPRESI-HPAI-0000996,WAHIS-HPAI-ESP-2022-01-10-02,WAHIS,High pathogenicity avian influenza,HPAI,Spain,ESP,40.0494,-5.7183,2022-01-13,2022-01-20,2022-01-31,Meleagris gallopavo (domestic),4915,2667,confirmed,synthetic
EMPRESI-HPAI-0001017,WAHIS-HPAI-ESP-2022-01-17-02,WAHIS,High pathogenicity avian influenza,HPAI,Spain,ESP,41.2866,-2.3708,2022-01-23,2022-01-26,2022-02-01,Gallus gallus (domestic),1715,946,confirmed,synthetic
EMPRESI-ASF-0001605,WAHIS-ASF-HUN-2021-11-01-01,WAHIS,African swine fever,ASF,Hungary,HUN,48.309,19.5377,2021-11-05,2022-01-19,2022-02-01,Sus scrofa domesticus,79,70,confirmed,synthetic
EMPRESI-HPAI-0000940,WAHIS-HPAI-FRA-2021-12-27-01,WAHIS,High pathogenicity avian influenza,HPAI,France,FRA,46.0957,6.867,2022-01-02,2022-01-27,2022-02-02,Gallus gallus (domestic),4386,2366,confirmed,synthetic
EMPRESI-HPAI-0001021,WAHIS-HPAI-TUR-2022-01-17-00,WAHIS,High pathogenicity avian influenza,HPAI,Türkiye,TUR,39.7604,32.7437,2022-01-19,2022-01-28,2022-02-03,Cygnus olor (wild),994,536,confirmed,synthetic
EMPRESI-HPAI-0000971,WAHIS-HPAI-NLD-2022-01-03-00,WAHIS,High pathogenicity avian influenza,HPAI,Netherlands,NLD,52.59,4.3632,2022-01-07,2022-01-29,2022-02-03,Larus spp. (wild),8024,4406,confirmed,synthetic
EMPRESI-HPAI-0001009,WAHIS-HPAI-DEU-2022-01-17-00,WAHIS,High pathogenicity avian influenza,HPAI,Germany,DEU,53.0405,11.9267,2022-01-23,2022-01-26,2022-02-03,Meleagris gallopavo (domestic),1908,1075,confirmed,synthetic
EMPRESI-HPAI-0000921,WAHIS-HPAI-POL-2021-12-20-01,WAHIS,High pathogenicity avian influenza,HPAI,Poland,POL,51.7444,22.8322,2021-12-26,2022-01-29,2022-02-03,Anas platyrhynchos (domestic),5644,3088,confirmed,synthetic
EMPRESI-HPAI-0000892,WAHIS-HPAI-UKR-2021-12-13-00,WAHIS,High pathogenicity avian influenza,HPAI,Ukraine,UKR,45.3191,31.8331,2021-12-16,2022-01-24,2022-02-03,Meleagris gallopavo (domestic),804,473,confirmed,synthetic
EMPRESI-HPAI-0000944,WAHIS-HPAI-DEU-2021-12-27-00,WAHIS,High pathogenicity avian influenza,HPAI,Germany,DEU,51.2119,8.7876,2021-12-30,2022-01-28,2022-02-03,Gallus gallus (domestic),4678,2551,confirmed,synthetic
EMPRESI-HPAI-0000879,WAHIS-HPAI-HUN-2021-12-13-00,WAHIS,High pathogenicity avian influenza,HPAI,Hungary,HUN,48.0989,20.7139,2021-12-19,2022-01-28,2022-02-03,Larus spp. (wild),2182,1148,confirmed,synthetic
EMPRESI-HPAI-0000993,WAHIS-HPAI-ITA-2022-01-10-02,WAHIS,High pathogenicity avian influenza,HPAI,Italy,ITA,42.2473,11.2696,2022-01-16,2022-01-25,2022-02-04,Gallus gallus (domestic),4774,2595,confirmed,synthetic
EMPRESI-HPAI-0001016,WAHIS-HPAI-ESP-2022-01-17-01,WAHIS,High pathogenicity avian influenza,HPAI,Spain,ESP,43.1226,-6.1952,2022-01-21,2022-01-27,2022-02-04,Cygnus olor (wild),2245,1218,confirmed,synthetic
EMPRESI-HPAI-0001010,WAHIS-HPAI-BEL-2022-01-17-00,WAHIS,High pathogenicity avian influenza,HPAI,Belgium,BEL,49.9436,4.7017,2022-01-18,2022-01-27,2022-02-04,Gallus gallus (domestic),2833,1564,confirmed,synthetic
EMPRESI-ASF-0001634,WAHIS-ASF-ITA-2021-11-29-00,WAHIS,African swine fever,ASF,Italy,ITA,41.1155,10.6744,2021-12-04,2022-01-26,2022-02-05,Sus scrofa (wild boar),47,37,confirmed,synthetic
EMPRESI-HPAI-0000995,WAHIS-HPAI-ESP-2022-01-10-01,WAHIS,High pathogenicity avian influenza,HPAI,Spain,ESP,38.4538,-5.0764,2022-01-14,2022-01-26,2022-02-05,Larus spp. (wild),5793,3200,confirmed,synthetic
EMPRESI-HPAI-0001002,WAHIS-HPAI-SRB-2022-01-10-01,WAHIS,High pathogenicity avian influenza,HPAI,Serbia,SRB,45.2857,21.967,2022-01-14,2022-01-26,2022-02-06,Anas platyrhynchos (domestic),1169,658,confirmed,synthetic
EMPRESI-HPAI-0000978,WAHIS-HPAI-HUN-2022-01-03-00,WAHIS,High pathogenicity avian influenza,HPAI,Hungary,HUN,48.2264,19.2391,2022-01-09,2022-01-25,2022-02-06,Meleagris gallopavo (domestic),1737,952,confirmed,synthetic
EMPRESI-HPAI-0000986,WAHIS-HPAI-TUN-2022-01-03-00,WAHIS,High pathogenicity avian influenza,HPAI,Tunisia,TUN,35.5743,10.1621,2022-01-08,2022-01-29,2022-02-06,Meleagris gallopavo (domestic),3174,1748,confirmed,synthetic
EMPRESI-HPAI-0000819,WAHIS-HPAI-BEL-2021-12-06-00,WAHIS,High pathogenicity avian influenza,HPAI,Belgium,BEL,50.5887,5.7388,2021-12-10,2022-01-29,2022-02-07,Larus spp. (wild),4668,2540,confirmed,synthetic
EMPRESI-HPAI-0001023,WAHIS-HPAI-FRA-2022-01-24-00,WAHIS,High pathogenicity avian influenza,HPAI,France,FRA,44.5717,6.2144,2022-01-24,2022-01-29,2022-02-07,Cygnus olor (wild),1865,995,confirmed,synthetic
EMPRESI-HPAI-0001018,WAHIS-HPAI-POL-2022-01-17-00,WAHIS,High pathogenicity avian influenza,HPAI,Poland,POL,52.4062,20.8549,2022-01-20,2022-01-30,2022-02-08,Anas platyrhynchos (domestic),1857,1043,confirmed,synthetic
EMPRESI-ASF-0001639,WAHIS-ASF-BGR-2021-12-20-00,WAHIS,African swine fever,ASF,Bulgaria,BGR,43.2964,25.8534,2021-12-25,2022-01-29,2022-02-08,Sus scrofa domesticus,121,107,confirmed,synthetic
EMPRESI-HPAI-0001001,WAHIS-HPAI-SRB-2022-01-10-00,WAHIS,High pathogenicity avian influenza,HPAI,Serbia,SRB,44.426,20.7063,2022-01-16,2022-01-28,2022-02-08,Anas platyrhynchos (domestic),2155,1166,confirmed,synthetic
EMPRESI-ASF-0001625,WAHIS-ASF-UKR-2021-11-08-02,WAHIS,African swine fever,ASF,Ukraine,UKR,49.6011,30.0776,2021-11-11,2022-01-30,2022-02-09,Sus scrofa domesticus,30,30,confirmed,synthetic
EMPRESI-HPAI-0001019,WAHIS-HPAI-SRB-2022-01-17-00,WAHIS,High pathogenicity avian influenza,HPAI,Serbia,SRB,44.6323,21.1357,2022-01-22,2022-02-01,2022-02-09,Meleagris gallopavo (domestic),3439,1890,confirmed,synthetic
EMPRESI-HPAI-0001014,WAHIS-HPAI-ITA-2022-01-17-03,WAHIS,High pathogenicity avian influenza,HPAI,Italy,ITA,41.8495,13.3317,2022-01-17,2022-01-29,2022-02-10,Gallus gallus (domestic),3482,1899,confirmed,synthetic
EMPRESI-HPAI-0000990,WAHIS-HPAI-BEL-2022-01-10-00,WAHIS,High pathogenicity avian influenza,HPAI,Belgium,BEL,49.995,3.7956,2022-01-11,2022-01-29,2022-02-10,Cygnus olor (wild),5612,3040,confirmed,synthetic
EMPRESI-HPAI-0000857,WAHIS-HPAI-FRA-2021-12-13-01,WAHIS,High pathogenicity avian influenza,HPAI,France,FRA,44.8338,2.6507,2021-12-17,2022-01-31,2022-02-10,Anas platyrhynchos (domestic),1181,671,confirmed,synthetic
EMPRESI-HPAI-0000985,WAHIS-HPAI-GEO-2022-01-03-00,WAHIS,High pathogenicity avian influenza,HPAI,Georgia,GEO,41.8215,44.8665,2022-01-05,2022-02-03,2022-02-12,Gallus gallus (domestic),6716,3648,confirmed,synthetic
EMPRESI-HPAI-0001047,WAHIS-HPAI-ISR-2022-01-31-00,WAHIS,High pathogenicity avian influenza,HPAI,Israel,ISR,31.3347,34.8449,2022-02-01,2022-02-08,2022-02-13,Cygnus olor (wild),1323,693,confirmed,synthetic
EMPRESI-HPAI-0001038,WAHIS-HPAI-ITA-2022-01-31-03,WAHIS,High pathogenicity avian influenza,HPAI,Italy,ITA,40.7555,11.8457,2022-02-01,2022-02-09,2022-02-14,Gallus gallus (domestic),6480,3536,confirmed,synthetic
EMPRESI-HPAI-0001015,WAHIS-HPAI-ESP-2022-01-17-00,WAHIS,High pathogenicity avian influenza,HPAI,Spain,ESP,42.161,-2.2713,2022-01-23,2022-02-04,2022-02-14,Anas platyrhynchos (domestic),6542,3606,confirmed,synthetic
EMPRESI-HPAI-0001030,WAHIS-HPAI-TUR-2022-01-24-00,WAHIS,High pathogenicity avian influenza,HPAI,Türkiye,TUR,41.6033,33.6494,2022-01-24,2022-02-05,2022-02-15,Anas platyrhynchos (domestic),1483,820,confirmed,synthetic
EMPRESI-HPAI-0001027,WAHIS-HPAI-BGR-2022-01-24-00,WAHIS,High pathogenicity avian influenza,HPAI,Bulgaria,BGR,42.4444,23.6266,2022-01-26,2022-02-09,2022-02-16,Meleagris gallopavo (domestic),1941,1080,confirmed,synthetic
EMPRESI-HPAI-0001022,WAHIS-HPAI-ISR-2022-01-17-00,WAHIS,High pathogenicity avian influenza,HPAI,Israel,ISR,31.5236,35.0014,2022-01-22,2022-02-02,2022-02-16,Larus spp. (wild),3840,2126,confirmed,synthetic
EMPRESI-HPAI-0001024,WAHIS-HPAI-NLD-2022-01-24-00,WAHIS,High pathogenicity avian influenza,HPAI,Netherlands,NLD,52.8548,5.4716,2022-01-24,2022-02-09,2022-02-17,Cygnus olor (wild),595,322,confirmed,synthetic
EMPRESI-HPAI-0001013,WAHIS-HPAI-ITA-2022-01-17-02,WAHIS,High pathogenicity avian influenza,HPAI,Italy,ITA,42.1914,13.0428,2022-01-22,2022-02-10,2022-02-17,Larus spp. (wild),5329,2959,confirmed,synthetic
EMPRESI-HPAI-0000975,WAHIS-HPAI-ITA-2022-01-03-01,WAHIS,High pathogenicity avian influenza,HPAI,Italy,ITA,42.0855,11.8884,2022-01-06,2022-02-06,2022-02-17,Meleagris gallopavo (domestic),6345,3540,confirmed,synthetic
EMPRESI-HPAI-0001040,WAHIS-HPAI-ESP-2022-01-31-01,WAHIS,High pathogenicity avian influenza,HPAI,Spain,ESP,43.3838,-4.8611,2022-02-04,2022-02-08,2022-02-18,Anas platyrhynchos (domestic),6200,3379,confirmed,synthetic
EMPRESI-HPAI-0001025,WAHIS-HPAI-BEL-2022-01-24-00,WAHIS,High pathogenicity avian influenza,HPAI,Belgium,BEL,51.0818,5.2918,2022-01-24,2022-02-09,2022-02-19,Cygnus olor (wild),2343,1300,confirmed,synthetic
EMPRESI-HPAI-0001054,WAHIS-HPAI-TUR-2022-02-07-01,WAHIS,High pathogenicity avian influenza,HPAI,Türkiye,TUR,40.6704,33.7605,2022-02-11,2022-02-14,2022-02-19,Gallus gallus (domestic),1122,629,confirmed,synthetic
EMPRESI-HPAI-0001026,WAHIS-HPAI-BEL-2022-01-24-01,WAHIS,High pathogenicity avian influenza,HPAI,Belgium,BEL,50.6902,4.1423,2022-01-30,2022-02-14,2022-02-19,Cygnus olor (wild),2005,1093,confirmed,synthetic
EMPRESI-HPAI-0001041,WAHIS-HPAI-BGR-2022-01-31-00,WAHIS,High pathogenicity avian influenza,HPAI,Bulgaria,BGR,41.6165,24.8933,2022-01-31,2022-02-14,2022-02-21,Meleagris gallopavo (domestic),3593,1987,confirmed,synthetic
EMPRESI-HPAI-0001011,WAHIS-HPAI-ITA-2022-01-17-00,WAHIS,High pathogenicity avian influenza,HPAI,Italy,ITA,42.7821,12.368,2022-01-18,2022-02-11,2022-02-21,Cygnus olor (wild),2186,1200,confirmed,synthetic
EMPRESI-HPAI-0001034,WAHIS-HPAI-BEL-2022-01-31-00,WAHIS,High pathogenicity avian influenza,HPAI,Belgium,BEL,50.1288,4.4683,2022-02-05,2022-02-13,2022-02-21,Meleagris gallopavo (domestic),1635,894,confirmed,synthetic
EMPRESI-HPAI-0001028,WAHIS-HPAI-SRB-2022-01-24-00,WAHIS,High pathogenicity avian influenza,HPAI,Serbia,SRB,43.857,19.6653,2022-01-28,2022-02-17,2022-02-22,Gallus gallus (domestic),4198,2303,confirmed,synthetic
EMPRESI-HPAI-0001032,WAHIS-HPAI-FRA-2022-01-31-00,WAHIS,High pathogenicity avian influenza,HPAI,France,FRA,49.5873,2.3731,2022-02-01,2022-02-14,2022-02-23,Larus spp. (wild),2584,1403,confirmed,synthetic
EMPRESI-HPAI-0001004,WAHIS-HPAI-GEO-2022-01-10-00,WAHIS,High pathogenicity avian influenza,HPAI,Georgia,GEO,42.5625,42.8836,2022-01-14,2022-02-15,2022-02-23,Meleagris gallopavo (domestic),6276,3440,confirmed,synthetic
EMPRESI-HPAI-0001036,WAHIS-HPAI-ITA-2022-01-31-01,WAHIS,High pathogenicity avian influenza,HPAI,Italy,ITA,44.9846,10.9672,2022-01-31,2022-02-13,2022-02-24,Gallus gallus (domestic),7270,3965,confirmed,synthetic
EMPRESI-HPAI-0000800,WAHIS-HPAI-GEO-2021-11-29-00,WAHIS,High pathogenicity avian influenza,HPAI,Georgia,GEO,42.6713,44.2168,2021-12-05,2022-02-17,2022-02-24,Anas platyrhynchos (domestic),2826,1541,confirmed,synthetic
EMPRESI-HPAI-0001031,WAHIS-HPAI-TUR-2022-01-24-01,WAHIS,High pathogenicity avian influenza,HPAI,Türkiye,TUR,36.8589,30.9915,2022-01-25,2022-02-17,2022-02-25,Gallus gallus (domestic),2692,1468,confirmed,synthetic
EMPRESI-HPAI-0001020,WAHIS-HPAI-MDA-2022-01-17-00,WAHIS,High pathogenicity avian influenza,HPAI,Moldova,MDA,47.6067,29.1017,2022-01-22,2022-02-20,2022-02-25,Meleagris gallopavo (domestic),3076,1701,confirmed,synthetic
EMPRESI-HPAI-0001050,WAHIS-HPAI-ESP-2022-02-07-00,WAHIS,High pathogenicity avian influenza,HPAI,Spain,ESP,39.8488,-6.7636,2022-02-13,2022-02-18,2022-02-26,Gallus gallus (domestic),1844,1015,confirmed,synthetic
EMPRESI-HPAI-0000987,WAHIS-HPAI-MAR-2022-01-03-00,WAHIS,High pathogenicity avian influenza,HPAI,Morocco,MAR,32.4261,-4.5376,2022-01-07,2022-02-17,2022-02-26,Anas platyrhynchos (domestic),2945,1563,confirmed,synthetic
EMPRESI-HPAI-0001044,WAHIS-HPAI-MDA-2022-01-31-00,WAHIS,High pathogenicity avian influenza,HPAI,Moldova,MDA,46.9384,28.0539,2022-02-06,2022-02-20,2022-02-28,Meleagris gallopavo (domestic),2416,1289,confirmed,synthetic
EMPRESI-HPAI-0001006,WAHIS-HPAI-TUN-2022-01-10-00,WAHIS,High pathogenicity avian influenza,HPAI,Tunisia,TUN,35.4633,10.6288,2022-01-14,2022-02-20,2022-03-01,Gallus gallus (domestic),5043,2789,confirmed,synthetic
EMPRESI-HPAI-0001055,WAHIS-HPAI-ITA-2022-02-14-00,WAHIS,High pathogenicity avian influenza,HPAI,Italy,ITA,40.6887,10.4972,2022-02-14,2022-02-19,2022-03-01,Gallus gallus (domestic),1630,886,confirmed,synthetic
EMPRESI-HPAI-0001049,WAHIS-HPAI-TUN-2022-01-31-01,WAHIS,High pathogenicity avian influenza,HPAI,Tunisia,TUN,35.0207,8.735,2022-02-05,2022-02-21,2022-03-03,Meleagris gallopavo (domestic),3906,2099,confirmed,synthetic
EMPRESI-HPAI-0001057,WAHIS-HPAI-ROU-2022-02-14-00,WAHIS,High pathogenicity avian influenza,HPAI,Romania,ROU,45.8594,26.5487,2022-02-17,2022-02-24,2022-03-03,Cygnus olor (wild),531,276,confirmed,synthetic
EMPRESI-HPAI-0001064,WAHIS-HPAI-ESP-2022-02-21-02,WAHIS,High pathogenicity avian influenza,HPAI,Spain,ESP,37.6695,-1.248,2022-02-21,2022-02-28,2022-03-07,Meleagris gallopavo (domestic),1219,699,confirmed,synthetic
EMPRESI-HPAI-0001066,WAHIS-HPAI-ESP-2022-02-21-04,WAHIS,High pathogenicity avian influenza,HPAI,Spain,ESP,38.5214,-4.0846,2022-02-25,2022-02-28,2022-03-07,Gallus gallus (domestic),2487,1403,confirmed,synthetic
EMPRESI-HPAI-0001060,WAHIS-HPAI-TUR-2022-02-14-00,WAHIS,High pathogenicity avian influenza,HPAI,Türkiye,TUR,38.3188,35.3673,2022-02-20,2022-02-23,2022-03-07,Cygnus olor (wild),8236,4505,confirmed,synthetic
EMPRESI-HPAI-0001052,WAHIS-HPAI-SRB-2022-02-07-00,WAHIS,High pathogenicity avian influenza,HPAI,Serbia,SRB,44.0467,20.5054,2022-02-07,2022-03-03,2022-03-09,Cygnus olor (wild),2086,1182,confirmed,synthetic
EMPRESI-HPAI-0001058,WAHIS-HPAI-SRB-2022-02-14-00,WAHIS,High pathogenicity avian influenza,HPAI,Serbia,SRB,45.0277,20.1049,2022-02-15,2022-02-28,2022-03-11,Meleagris gallopavo (domestic),1124,648,confirmed,synthetic
EMPRESI-HPAI-0001053,WAHIS-HPAI-TUR-2022-02-07-00,WAHIS,High pathogenicity avian influenza,HPAI,Türkiye,TUR,42.2911,38.9828,2022-02-12,2022-03-02,2022-03-11,Anas platyrhynchos (domestic),1075,587,confirmed,synthetic
EMPRESI-HPAI-0001035,WAHIS-HPAI-ITA-2022-01-31-00,WAHIS,High pathogenicity avian influenza,HPAI,Italy,ITA,42.0458,9.4884,2022-02-02,2022-02-27,2022-03-12,Gallus gallus (domestic),3023,1668,confirmed,synthetic
EMPRESI-HPAI-0001029,WAHIS-HPAI-SRB-2022-01-24-01,WAHIS,High pathogenicity avian influenza,HPAI,Serbia,SRB,43.984,20.51,2022-01-28,2022-02-27,2022-03-14,Anas platyrhynchos (domestic),10316,5610,confirmed,synthetic
EMPRESI-HPAI-0001075,WAHIS-HPAI-SRB-2022-02-28-00,WAHIS,High pathogenicity avian influenza,HPAI,Serbia,SRB,44.6604,19.7602,2022-03-01,2022-03-07,2022-03-14,Larus spp. (wild),9869,5479,confirmed,synthetic
EMPRESI-HPAI-0001037,WAHIS-HPAI-ITA-2022-01-31-02,WAHIS,High pathogenicity avian influenza,HPAI,Italy,ITA,43.9024,10.1751,2022-02-05,2022-03-08,2022-03-15,Gallus gallus (domestic),2881,1589,confirmed,synthetic
EMPRESI-HPAI-0001051,WAHIS-HPAI-HUN-2022-02-07-00,WAHIS,High pathogenicity avian influenza,HPAI,Hungary,HUN,45.9463,20.1006,2022-02-09,2022-03-08,2022-03-16,Anas platyrhynchos (domestic),3455,1903,confirmed,synthetic
EMPRESI-HPAI-0001076,WAHIS-HPAI-TUN-2022-02-28-00,WAHIS,High pathogenicity avian influenza,HPAI,Tunisia,TUN,32.5286,7.9364,2022-03-05,2022-03-12,2022-03-17,Gallus gallus (domestic),8821,4882,confirmed,synthetic
EMPRESI-HPAI-0001062,WAHIS-HPAI-ESP-2022-02-21-00,WAHIS,High pathogenicity avian influenza,HPAI,Spain,ESP,39.0783,-5.5113,2022-02-27,2022-03-09,2022-03-18,Gallus gallus (domestic),3118,1706,confirmed,synthetic
EMPRESI-HPAI-0001068,WAHIS-HPAI-SRB-2022-02-21-00,WAHIS,High pathogenicity avian influenza,HPAI,Serbia,SRB,42.9258,20.566,2022-02-27,2022-03-11,2022-03-19,Larus spp. (wild),3417,1874,confirmed,synthetic
EMPRESI-HPAI-0001074,WAHIS-HPAI-ROU-2022-02-28-00,WAHIS,High pathogenicity avian influenza,HPAI,Romania,ROU,47.8745,26.478,2022-03-03,2022-03-15,2022-03-21,Gallus gallus (domestic),4786,2631,confirmed,synthetic
EMPRESI-HPAI-0001077,WAHIS-HPAI-ESP-2022-03-07-00,WAHIS,High pathogenicity avian influenza,HPAI,Spain,ESP,42.0247,-4.8264,2022-03-09,2022-03-13,2022-03-24,Larus spp. (wild),3189,1761,confirmed,synthetic
EMPRESI-HPAI-0001065,WAHIS-HPAI-ESP-2022-02-21-03,WAHIS,High pathogenicity avian influenza,HPAI,Spain,ESP,39.12,-2.2017,2022-02-23,2022-03-16,2022-03-25,Anas platyrhynchos (domestic),876,469,confirmed,synthetic
EMPRESI-ASF-0001641,WAHIS-ASF-HUN-2022-03-07-00,WAHIS,African swine fever,ASF,Hungary,HUN,48.5041,19.702,2022-03-10,2022-03-18,2022-03-25,Sus scrofa (wild boar),210,179,confirmed,synthetic
EMPRESI-HPAI-0001067,WAHIS-HPAI-HUN-2022-02-21-00,WAHIS,High pathogenicity avian influenza,HPAI,Hungary,HUN,46.3839,18.1041,2022-02-22,2022-03-16,2022-03-25,Meleagris gallopavo (domestic),5352,2964,confirmed,synthetic
EMPRESI-HPAI-0001071,WAHIS-HPAI-ITA-2022-02-28-00,WAHIS,High pathogenicity avian influenza,HPAI,Italy,ITA,40.3119,11.264,2022-03-01,2022-03-19,2022-03-26,Meleagris gallopavo (domestic),1833,1024,confirmed,synthetic
EMPRESI-HPAI-0001080,WAHIS-HPAI-TUR-2022-03-07-00,WAHIS,High pathogenicity avian influenza,HPAI,Türkiye,TUR,38.8088,37.167,2022-03-12,2022-03-19,2022-03-27,Gallus gallus (domestic),4850,2662,confirmed,synthetic
EMPRESI-HPAI-0001063,WAHIS-HPAI-ESP-2022-02-21-01,WAHIS,High pathogenicity avian influenza,HPAI,Spain,ESP,37.7587,-5.2249,2022-02-27,2022-03-22,2022-03-28,Gallus gallus (domestic),1710,934,confirmed,synthetic
EMPRESI-HPAI-0001078,WAHIS-HPAI-SRB-2022-03-07-00,WAHIS,High pathogenicity avian influenza,HPAI,Serbia,SRB,43.7641,21.7153,2022-03-13,2022-03-22,2022-03-29,Anas platyrhynchos (domestic),4622,2519,confirmed,synthetic
EMPRESI-HPAI-0001083,WAHIS-HPAI-ITA-2022-03-14-00,WAHIS,High pathogenicity avian influenza,HPAI,Italy,ITA,43.3891,14.2513,2022-03-19,2022-03-23,2022-03-31,Anas platyrhynchos (domestic),286,165,confirmed,synthetic
EMPRESI-HPAI-0001079,WAHIS-HPAI-SRB-2022-03-07-01,WAHIS,High pathogenicity avian influenza,HPAI,Serbia,SRB,44.2273,22.3841,2022-03-10,2022-03-24,2022-04-01,Larus spp. (wild),3917,2180,confirmed,synthetic
EMPRESI-HPAI-0001086,WAHIS-HPAI-SRB-2022-03-14-00,WAHIS,High pathogenicity avian influenza,HPAI,Serbia,SRB,43.7442,21.2787,2022-03-14,2022-03-26,2022-04-02,Meleagris gallopavo (domestic),3543,1956,confirmed,synthetic
EMPRESI-HPAI-0001081,WAHIS-HPAI-EGY-2022-03-07-00,WAHIS,High pathogenicity avian influenza,HPAI,Egypt,EGY,24.8886,32.0923,2022-03-12,2022-03-27,2022-04-03,Cygnus olor (wild),1075,592,confirmed,synthetic
EMPRESI-HPAI-0001072,WAHIS-HPAI-ESP-2022-02-28-00,WAHIS,High pathogenicity avian influenza,HPAI,Spain,ESP,38.8559,-7.8474,2022-03-03,2022-03-24,2022-04-03,Anas platyrhynchos (domestic),7635,4171,confirmed,synthetic
EMPRESI-HPAI-0001073,WAHIS-HPAI-ESP-2022-02-28-01,WAHIS,High pathogenicity avian influenza,HPAI,Spain,ESP,43.2233,-1.2577,2022-03-05,2022-03-24,2022-04-03,Larus spp. (wild),9237,5132,confirmed,synthetic
EMPRESI-HPAI-0001092,WAHIS-HPAI-MAR-2022-03-21-00,WAHIS,High pathogenicity avian influenza,HPAI,Morocco,MAR,34.4452,-4.7828,2022-03-21,2022-03-29,2022-04-04,Meleagris gallopavo (domestic),6616,3617,confirmed,synthetic
EMPRESI-HPAI-0001082,WAHIS-HPAI-BEL-2022-03-14-00,WAHIS,High pathogenicity avian influenza,HPAI,Belgium,BEL,50.2234,3.939,2022-03-15,2022-03-28,2022-04-05,Gallus gallus (domestic),4581,2547,confirmed,synthetic
EMPRESI-HPAI-0001090,WAHIS-HPAI-SRB-2022-03-21-01,WAHIS,High pathogenicity avian influenza,HPAI,Serbia,SRB,42.7365,21.4702,2022-03-21,2022-04-01,2022-04-09,Cygnus olor (wild),4457,2486,confirmed,synthetic
EMPRESI-HPAI-0001069,WAHIS-HPAI-SRB-2022-02-21-01,WAHIS,High pathogenicity avian influenza,HPAI,Serbia,SRB,43.2767,19.7593,2022-02-23,2022-03-29,2022-04-11,Cygnus olor (wild),1284,699,confirmed,synthetic
EMPRESI-HPAI-0001070,WAHIS-HPAI-UKR-2022-02-21-00,WAHIS,High pathogenicity avian influenza,HPAI,Ukraine,UKR,46.0318,35.159,2022-02-26,2022-03-31,2022-04-12,Gallus gallus (domestic),2323,1275,confirmed,synthetic
EMPRESI-HPAI-0001094,WAHIS-HPAI-ROU-2022-03-28-00,WAHIS,High pathogenicity avian influenza,HPAI,Romania,ROU,47.2096,23.7122,2022-03-29,2022-04-06,2022-04-13,Meleagris gallopavo (domestic),1977,1112,confirmed,synthetic
EMPRESI-HPAI-0001098,WAHIS-HPAI-ESP-2022-04-04-01,WAHIS,High pathogenicity avian influenza,HPAI,Spain,ESP,39.4923,-4.2454,2022-04-04,2022-04-12,2022-04-21,Gallus gallus (domestic),1504,842,confirmed,synthetic
EMPRESI-HPAI-0001059,WAHIS-HPAI-SRB-2022-02-14-01,WAHIS,High pathogenicity avian influenza,HPAI,Serbia,SRB,43.8302,20.0156,2022-02-16,2022-04-15,2022-04-23,Anas platyrhynchos (domestic),1866,1017,confirmed,synthetic
EMPRESI-HPAI-0001095,WAHIS-HPAI-TUR-2022-03-28-00,WAHIS,High pathogenicity avian influenza,HPAI,Türkiye,TUR,37.3264,39.6782,2022-04-03,2022-04-18,2022-04-26,Meleagris gallopavo (domestic),6170,3484,confirmed,synthetic
EMPRESI-HPAI-0001103,WAHIS-HPAI-BEL-2022-04-11-00,WAHIS,High pathogenicity avian influenza,HPAI,Belgium,BEL,50.2323,4.8779,2022-04-14,2022-04-21,2022-04-27,Anas platyrhynchos (domestic),1213,702,confirmed,synthetic
EMPRESI-HPAI-0001097,WAHIS-HPAI-ESP-2022-04-04-00,WAHIS,High pathogenicity avian influenza,HPAI,Spain,ESP,40.9838,0.6231,2022-04-06,2022-04-23,2022-04-30,Larus spp. (wild),4217,2323,confirmed,synthetic
EMPRESI-HPAI-0001101,WAHIS-HPAI-BGR-2022-04-04-00,WAHIS,High pathogenicity avian influenza,HPAI,Bulgaria,BGR,41.8587,25.0094,2022-04-04,2022-04-22,2022-05-04,Cygnus olor (wild),4630,2537,confirmed,synthetic
EMPRESI-HPAI-0001105,WAHIS-HPAI-EGY-2022-04-11-00,WAHIS,High pathogenicity avian influenza,HPAI,Egypt,EGY,26.7204,25.8446,2022-04-12,2022-04-26,2022-05-04,Gallus gallus (domestic),10633,5892,confirmed,synthetic
EMPRESI-HPAI-0001104,WAHIS-HPAI-BGR-2022-04-11-00,WAHIS,High pathogenicity avian influenza,HPAI,Bulgaria,BGR,41.8691,23.6123,2022-04-16,2022-04-28,2022-05-04,Larus spp. (wild),4482,2432,confirmed,synthetic
EMPRESI-HPAI-0001106,WAHIS-HPAI-FRA-2022-04-18-00,WAHIS,High pathogenicity avian influenza,HPAI,France,FRA,44.5378,6.052,2022-04-19,2022-04-27,2022-05-06,Meleagris gallopavo (domestic),8700,4757,confirmed,synthetic
EMPRESI-HPAI-0001100,WAHIS-HPAI-HUN-2022-04-04-00,WAHIS,High pathogenicity avian influenza,HPAI,Hungary,HUN,46.5724,19.0071,2022-04-08,2022-04-29,2022-05-06,Anas platyrhynchos (domestic),1861,1029,confirmed,synthetic
EMPRESI-HPAI-0001088,WAHIS-HPAI-ROU-2022-03-21-00,WAHIS,High pathogenicity avian influenza,HPAI,Romania,ROU,44.9106,27.0478,2022-03-27,2022-05-01,2022-05-07,Cygnus olor (wild),2047,1148,confirmed,synthetic
EMPRESI-HPAI-0001112,WAHIS-HPAI-FRA-2022-04-25-00,WAHIS,High pathogenicity avian influenza,HPAI,France,FRA,49.1715,1.1305,2022-04-30,2022-05-04,2022-05-11,Anas platyrhynchos (domestic),5045,2806,confirmed,synthetic
EMPRESI-HPAI-0001096,WAHIS-HPAI-MAR-2022-03-28-00,WAHIS,High pathogenicity avian influenza,HPAI,Morocco,MAR,31.0277,-6.1082,2022-04-01,2022-05-05,2022-05-12,Gallus gallus (domestic),6901,3777,confirmed,synthetic
EMPRESI-HPAI-0001113,WAHIS-HPAI-BEL-2022-04-25-00,WAHIS,High pathogenicity avian influenza,HPAI,Belgium,BEL,51.3327,4.2754,2022-04-25,2022-05-05,2022-05-15,Cygnus olor (wild),7073,3843,confirmed,synthetic
EMPRESI-HPAI-0001109,WAHIS-HPAI-POL-2022-04-18-00,WAHIS,High pathogenicity avian influenza,HPAI,Poland,POL,50.4921,17.0706,2022-04-21,2022-05-13,2022-05-17,Anas platyrhynchos (domestic),2728,1527,confirmed,synthetic
EMPRESI-HPAI-0001115,WAHIS-HPAI-SRB-2022-04-25-00,WAHIS,High pathogenicity avian influenza,HPAI,Serbia,SRB,44.163,20.6756,2022-04-30,2022-05-12,2022-05-20,Cygnus olor (wild),3319,1823,confirmed,synthetic
EMPRESI-HPAI-0001111,WAHIS-HPAI-BGR-2022-04-18-00,WAHIS,High pathogenicity avian influenza,HPAI,Bulgaria,BGR,42.0429,23.9094,2022-04-19,2022-05-10,2022-05-21,Gallus gallus (domestic),3514,1915,confirmed,synthetic
EMPRESI-HPAI-0001117,WAHIS-HPAI-HUN-2022-05-02-00,WAHIS,High pathogenicity avian influenza,HPAI,Hungary,HUN,47.3585,19.1919,2022-05-06,2022-05-14,2022-05-23,Anas platyrhynchos (domestic),1345,748,confirmed,synthetic
EMPRESI-ASF-0001643,WAHIS-ASF-POL-2022-05-09-00,WAHIS,African swine fever,ASF,Poland,POL,54.5695,19.5078,2022-05-13,2022-05-18,2022-05-24,Sus scrofa domesticus,36,33,confirmed,synthetic
EMPRESI-HPAI-0001110,WAHIS-HPAI-ROU-2022-04-18-00,WAHIS,High pathogenicity avian influenza,HPAI,Romania,ROU,44.5903,25.6607,2022-04-23,2022-05-18,2022-05-30,Anas platyrhynchos (domestic),1602,863,confirmed,synthetic
EMPRESI-HPAI-0001116,WAHIS-HPAI-GEO-2022-04-25-00,WAHIS,High pathogenicity avian influenza,HPAI,Georgia,GEO,41.4289,42.9433,2022-04-27,2022-05-23,2022-06-01,Gallus gallus (domestic),4486,2450,confirmed,synthetic
EMPRESI-HPAI-0001121,WAHIS-HPAI-SRB-2022-05-16-00,WAHIS,High pathogenicity avian influenza,HPAI,Serbia,SRB,42.9648,21.7078,2022-05-16,2022-05-28,2022-06-03,Anas platyrhynchos (domestic),2297,1260,confirmed,synthetic
EMPRESI-HPAI-0001091,WAHIS-HPAI-UKR-2022-03-21-00,WAHIS,High pathogenicity avian influenza,HPAI,Ukraine,UKR,49.9294,32.003,2022-03-25,2022-06-01,2022-06-09,Larus spp. (wild),2694,1517,confirmed,synthetic
EMPRESI-ASF-0001644,WAHIS-ASF-RUS-2022-05-09-00,WAHIS,African swine fever,ASF,Russian Federation,RUS,53.6457,44.0198,2022-05-12,2022-05-29,2022-06-09,Sus scrofa domesticus,143,122,confirmed,synthetic
EMPRESI-HPAI-0001122,WAHIS-HPAI-MDA-2022-05-16-00,WAHIS,High pathogenicity avian influenza,HPAI,Moldova,MDA,47.4507,29.6334,2022-05-19,2022-06-12,2022-06-18,Gallus gallus (domestic),4260,2360,confirmed,synthetic
EMPRESI-ASF-0001646,WAHIS-ASF-ITA-2022-05-30-00,WAHIS,African swine fever,ASF,Italy,ITA,41.6188,9.5203,2022-06-01,2022-06-10,2022-06-18,Sus scrofa domesticus,188,167,confirmed,synthetic
EMPRESI-ASF-0001649,WAHIS-ASF-ITA-2022-05-30-03,WAHIS,African swine fever,ASF,Italy,ITA,43.4588,9.3016,2022-06-05,2022-06-09,2022-06-20,Sus scrofa (wild boar),70,64,confirmed,synthetic
EMPRESI-ASF-0001647,WAHIS-ASF-ITA-2022-05-30-01,WAHIS,African swine fever,ASF,Italy,ITA,42.258,9.1553,2022-06-01,2022-06-16,2022-06-22,Sus scrofa (wild boar),146,129,confirmed,synthetic
EMPRESI-ASF-0001648,WAHIS-ASF-ITA-2022-05-30-02,WAHIS,African swine fever,ASF,Italy,ITA,44.8853,13.7423,2022-05-30,2022-06-17,2022-06-22,Sus scrofa domesticus,62,52,confirmed,synthetic
EMPRESI-ASF-0001651,WAHIS-ASF-ROU-2022-05-30-00,WAHIS,African swine fever,ASF,Romania,ROU,45.3279,28.2544,2022-06-02,2022-06-10,2022-06-22,Sus scrofa domesticus,73,68,confirmed,synthetic
EMPRESI-ASF-0001645,WAHIS-ASF-ITA-2022-05-23-00,WAHIS,African swine fever,ASF,Italy,ITA,44.9789,14.617,2022-05-23,2022-06-18,2022-06-23,Sus scrofa domesticus,137,125,confirmed,synthetic
EMPRESI-ASF-0001652,WAHIS-ASF-SRB-2022-05-30-00,WAHIS,African swine fever,ASF,Serbia,SRB,44.1947,21.0294,2022-05-31,2022-06-17,2022-06-25,Sus scrofa (wild boar),218,184,confirmed,synthetic
EMPRESI-ASF-0001657,WAHIS-ASF-UKR-2022-06-06-00,WAHIS,African swine fever,ASF,Ukraine,UKR,52.3116,29.6453,2022-06-08,2022-06-20,2022-06-26,Sus scrofa (wild boar),24,23,confirmed,synthetic
EMPRESI-ASF-0001665,WAHIS-ASF-ITA-2022-06-20-03,WAHIS,African swine fever,ASF,Italy,ITA,42.147,10.9489,2022-06-24,2022-06-27,2022-07-02,Sus scrofa domesticus,109,95,confirmed,synthetic
EMPRESI-ASF-0001663,WAHIS-ASF-ITA-2022-06-20-01,WAHIS,African swine fever,ASF,Italy,ITA,42.4615,8.7889,2022-06-25,2022-06-28,2022-07-05,Sus scrofa (wild boar),155,129,confirmed,synthetic
EMPRESI-ASF-0001655,WAHIS-ASF-ROU-2022-06-06-00,WAHIS,African swine fever,ASF,Romania,ROU,44.715,24.135,2022-06-07,2022-06-30,2022-07-08,Sus scrofa (wild boar),23,18,confirmed,synthetic
EMPRESI-ASF-0001659,WAHIS-ASF-POL-2022-06-13-00,WAHIS,African swine fever,ASF,Poland,POL,51.592,19.1744,2022-06-16,2022-07-01,2022-07-08,Sus scrofa domesticus,79,62,confirmed,synthetic
EMPRESI-ASF-0001668,WAHIS-ASF-HUN-2022-06-20-01,WAHIS,African swine fever,ASF,Hungary,HUN,48.3557,20.622,2022-06-22,2022-07-03,2022-07-09,Sus scrofa domesticus,21,19,confirmed,synthetic
EMPRESI-ASF-0001650,WAHIS-ASF-ITA-2022-05-30-04,WAHIS,African swine fever,ASF,Italy,ITA,43.5758,12.6553,2022-06-01,2022-07-02,2022-07-10,Sus scrofa domesticus,40,36,confirmed,synthetic
EMPRESI-ASF-0001684,WAHIS-ASF-SRB-2022-06-27-00,WAHIS,African swine fever,ASF,Serbia,SRB,44.6053,20.8597,2022-06-27,2022-07-06,2022-07-11,Sus scrofa (wild boar),114,105,confirmed,synthetic
EMPRESI-ASF-0001664,WAHIS-ASF-ITA-2022-06-20-02,WAHIS,African swine fever,ASF,Italy,ITA,40.1434,11.5307,2022-06-26,2022-07-07,2022-07-12,Sus scrofa (wild boar),200,174,confirmed,synthetic
EMPRESI-ASF-0001682,WAHIS-ASF-ROU-2022-06-27-02,WAHIS,African swine fever,ASF,Romania,ROU,45.7145,25.049,2022-06-29,2022-07-05,2022-07-12,Sus scrofa (wild boar),94,88,confirmed,synthetic
EMPRESI-ASF-0001667,WAHIS-ASF-HUN-2022-06-20-00,WAHIS,African swine fever,ASF,Hungary,HUN,47.7636,20.1604,2022-06-25,2022-07-05,2022-07-15,Sus scrofa (wild boar),154,138,confirmed,synthetic
EMPRESI-ASF-0001673,WAHIS-ASF-RUS-2022-06-20-00,WAHIS,African swine fever,ASF,Russian Federation,RUS,59.6225,46.8587,2022-06-26,2022-07-09,2022-07-15,Sus scrofa domesticus,45,40,confirmed,synthetic
EMPRESI-ASF-0001678,WAHIS-ASF-POL-2022-06-27-01,WAHIS,African swine fever,ASF,Poland,POL,51.4954,20.5881,2022-06-27,2022-07-06,2022-07-15,Sus scrofa domesticus,147,133,confirmed,synthetic
EMPRESI-ASF-0001660,WAHIS-ASF-NLD-2022-06-20-00,WAHIS,African swine fever,ASF,Netherlands,NLD,52.5472,4.6004,2022-06-26,2022-07-08,2022-07-15,Sus scrofa domesticus,143,125,confirmed,synthetic
EMPRESI-ASF-0001675,WAHIS-ASF-ITA-2022-06-27-01,WAHIS,African swine fever,ASF,Italy,ITA,43.8685,14.492,2022-07-01,2022-07-09,2022-07-16,Sus scrofa (wild boar),82,69,confirmed,synthetic
EMPRESI-ASF-0001677,WAHIS-ASF-POL-2022-06-27-00,WAHIS,African swine fever,ASF,Poland,POL,52.9001,22.1601,2022-07-02,2022-07-11,2022-07-16,Sus scrofa (wild boar),87,74,confirmed,synthetic
EMPRESI-ASF-0001661,WAHIS-ASF-BEL-2022-06-20-00,WAHIS,African swine fever,ASF,Belgium,BEL,51.4164,4.5151,2022-06-24,2022-07-09,2022-07-17,Sus scrofa domesticus,16,14,confirmed,synthetic
EMPRESI-ASF-0001674,WAHIS-ASF-ITA-2022-06-27-00,WAHIS,African swine fever,ASF,Italy,ITA,41.4554,12.7289,2022-07-03,2022-07-12,2022-07-19,Sus scrofa domesticus,206,179,confirmed,synthetic
EMPRESI-ASF-0001686,WAHIS-ASF-RUS-2022-06-27-01,WAHIS,African swine fever,ASF,Russian Federation,RUS,51.2746,48.5689,2022-07-02,2022-07-15,2022-07-20,Sus scrofa domesticus,31,25,confirmed,synthetic
EMPRESI-ASF-0001688,WAHIS-ASF-TUR-2022-06-27-00,WAHIS,African swine fever,ASF,Türkiye,TUR,37.0376,30.3036,2022-07-01,2022-07-16,2022-07-20,Sus scrofa domesticus,140,131,confirmed,synthetic
EMPRESI-ASF-0001697,WAHIS-ASF-ROU-2022-07-04-00,WAHIS,African swine fever,ASF,Romania,ROU,44.4578,27.5685,2022-07-10,2022-07-14,2022-07-22,Sus scrofa (wild boar),301,266,confirmed,synthetic
EMPRESI-ASF-0001695,WAHIS-ASF-POL-2022-07-04-02,WAHIS,African swine fever,ASF,Poland,POL,50.0487,22.1662,2022-07-05,2022-07-15,2022-07-23,Sus scrofa (wild boar),114,94,confirmed,synthetic
EMPRESI-ASF-0001731,WAHIS-ASF-RUS-2022-07-11-01,WAHIS,African swine fever,ASF,Russian Federation,RUS,51.8043,39.766,2022-07-11,2022-07-20,2022-07-25,Sus scrofa domesticus,221,195,confirmed,synthetic
EMPRESI-ASF-0001704,WAHIS-ASF-TUR-2022-07-04-00,WAHIS,African swine fever,ASF,Türkiye,TUR,39.2343,35.5714,2022-07-08,2022-07-18,2022-07-25,Sus scrofa domesticus,28,28,confirmed,synthetic
EMPRESI-ASF-0001700,WAHIS-ASF-RUS-2022-07-04-00,WAHIS,African swine fever,ASF,Russian Federation,RUS,54.2924,52.0573,2022-07-08,2022-07-19,2022-07-25,Sus scrofa domesticus,174,161,confirmed,synthetic
EMPRESI-ASF-0001701,WAHIS-ASF-RUS-2022-07-04-01,WAHIS,African swine fever,ASF,Russian Federation,RUS,60.0567,44.8019,2022-07-08,2022-07-18,2022-07-27,Sus scrofa domesticus,93,78,confirmed,synthetic
EMPRESI-ASF-0001692,WAHIS-ASF-ESP-2022-07-04-00,WAHIS,African swine fever,ASF,Spain,ESP,42.4644,-0.7113,2022-07-09,2022-07-16,2022-07-27,Sus scrofa (wild boar),204,189,confirmed,synthetic
EMPRESI-ASF-0001676,WAHIS-ASF-ITA-2022-06-27-02,WAHIS,African swine fever,ASF,Italy,ITA,42.6009,10.6824,2022-07-01,2022-07-15,2022-07-27,Sus scrofa domesticus,41,33,confirmed,synthetic
EMPRESI-ASF-0001711,WAHIS-ASF-ITA-2022-07-11-02,WAHIS,African swine fever,ASF,Italy,ITA,44.2436,13.5465,2022-07-16,2022-07-19,2022-07-27,Sus scrofa (wild boar),72,69,confirmed,synthetic
EMPRESI-ASF-0001719,WAHIS-ASF-ROU-2022-07-11-02,WAHIS,African swine fever,ASF,Romania,ROU,47.1587,25.5567,2022-07-12,2022-07-21,2022-07-27,Sus scrofa (wild boar),81,69,confirmed,synthetic
EMPRESI-ASF-0001705,WAHIS-ASF-TUR-2022-07-04-01,WAHIS,African swine fever,ASF,Türkiye,TUR,39.9115,32.3995,2022-07-08,2022-07-18,2022-07-28,Sus scrofa domesticus,51,46,confirmed,synthetic
EMPRESI-ASF-0001702,WAHIS-ASF-RUS-2022-07-04-02,WAHIS,African swine fever,ASF,Russian Federation,RUS,61.2244,40.8008,2022-07-09,2022-07-22,2022-07-29,Sus scrofa (wild boar),263,230,confirmed,synthetic
EMPRESI-ASF-0001707,WAHIS-ASF-DEU-2022-07-11-00,WAHIS,African swine fever,ASF,Germany,DEU,50.7868,13.1083,2022-07-14,2022-07-21,2022-07-30,Sus scrofa (wild boar),95,84,confirmed,synthetic
EMPRESI-ASF-0001712,WAHIS-ASF-ESP-2022-07-11-00,WAHIS,African swine fever,ASF,Spain,ESP,42.7987,-7.117,2022-07-16,2022-07-26,2022-07-31,Sus scrofa (wild boar),25,21,confirmed,synthetic
EMPRESI-ASF-0001721,WAHIS-ASF-BGR-2022-07-11-00,WAHIS,African swine fever,ASF,Bulgaria,BGR,43.7016,25.5568,2022-07-15,2022-07-25,2022-08-01,Sus scrofa domesticus,295,271,confirmed,synthetic
EMPRESI-ASF-0001794,WAHIS-ASF-ISR-2022-07-25-00,WAHIS,African swine fever,ASF,Israel,ISR,30.9558,34.9731,2022-07-28,2022-07-31,2022-08-03,Sus scrofa domesticus,32,28,confirmed,synthetic
EMPRESI-ASF-0001723,WAHIS-ASF-BGR-2022-07-11-02,WAHIS,African swine fever,ASF,Bulgaria,BGR,41.9552,26.6751,2022-07-13,2022-07-26,2022-08-03,Sus scrofa (wild boar),201,175,confirmed,synthetic
EMPRESI-ASF-0001724,WAHIS-ASF-BGR-2022-07-11-03,WAHIS,African swine fever,ASF,Bulgaria,BGR,42.2831,26.9271,2022-07-14,2022-07-26,2022-08-03,Sus scrofa (wild boar),54,48,confirmed,synthetic
EMPRESI-ASF-0001715,WAHIS-ASF-HUN-2022-07-11-00,WAHIS,African swine fever,ASF,Hungary,HUN,48.2179,20.6356,2022-07-17,2022-07-25,2022-08-03,Sus scrofa (wild boar),416,365,confirmed,synthetic
EMPRESI-ASF-0001735,WAHIS-ASF-DEU-2022-07-18-00,WAHIS,African swine fever,ASF,Germany,DEU,50.9222,14.0698,2022-07-23,2022-07-25,2022-08-04,Sus scrofa (wild boar),168,151,confirmed,synthetic
EMPRESI-ASF-0001756,WAHIS-ASF-TUR-2022-07-18-00,WAHIS,African swine fever,ASF,Türkiye,TUR,35.2555,32.7165,2022-07-21,2022-07-30,2022-08-05,Sus scrofa (wild boar),10,7,confirmed,synthetic
EMPRESI-ASF-0001729,WAHIS-ASF-MDA-2022-07-11-01,WAHIS,African swine fever,ASF,Moldova,MDA,47.0286,29.0906,2022-07-15,2022-07-28,2022-08-07,Sus scrofa (wild boar),59,51,confirmed,synthetic
EMPRESI-ASF-0001747,WAHIS-ASF-BGR-2022-07-18-00,WAHIS,African swine fever,ASF,Bulgaria,BGR,42.4244,23.3153,2022-07-20,2022-07-31,2022-08-07,Sus scrofa domesticus,190,169,confirmed,synthetic
EMPRESI-ASF-0001662,WAHIS-ASF-ITA-2022-06-20-00,WAHIS,African swine fever,ASF,Italy,ITA,41.4052,15.566,2022-06-21,2022-07-29,2022-08-08,Sus scrofa domesticus,73,62,confirmed,synthetic
EMPRESI-ASF-0001710,WAHIS-ASF-ITA-2022-07-11-01,WAHIS,African swine fever,ASF,Italy,ITA,41.126,10.7737,2022-07-15,2022-07-30,2022-08-08,Sus scrofa domesticus,82,71,confirmed,synthetic
EMPRESI-ASF-0001749,WAHIS-ASF-SRB-2022-07-18-00,WAHIS,African swine fever,ASF,Serbia,SRB,44.1984,19.925,2022-07-22,2022-08-02,2022-08-09,Sus scrofa (wild boar),103,88,confirmed,synthetic
EMPRESI-ASF-0001781,WAHIS-ASF-SRB-2022-07-25-03,WAHIS,African swine fever,ASF,Serbia,SRB,42.8861,20.9773,2022-07-30,2022-08-02,2022-08-09,Sus scrofa domesticus,104,93,confirmed,synthetic
EMPRESI-ASF-0001766,WAHIS-ASF-ITA-2022-07-25-02,WAHIS,African swine fever,ASF,Italy,ITA,44.8791,14.6022,2022-07-27,2022-07-30,2022-08-09,Sus scrofa (wild boar),64,60,confirmed,synthetic
EMPRESI-ASF-0001738,WAHIS-ASF-POL-2022-07-18-00,WAHIS,African swine fever,ASF,Poland,POL,51.9222,19.4947,2022-07-23,2022-07-31,2022-08-10,Sus scrofa domesticus,156,137,confirmed,synthetic
EMPRESI-ASF-0001750,WAHIS-ASF-SRB-2022-07-18-01,WAHIS,African swine fever,ASF,Serbia,SRB,44.1674,20.6388,2022-07-21,2022-07-30,2022-08-10,Sus scrofa domesticus,215,196,confirmed,synthetic
EMPRESI-ASF-0001778,WAHIS-ASF-SRB-2022-07-25-00,WAHIS,African swine fever,ASF,Serbia,SRB,42.9104,19.9072,2022-07-26,2022-08-03,2022-08-10,Sus scrofa (wild boar),52,41,confirmed,synthetic
EMPRESI-ASF-0001734,WAHIS-ASF-FRA-2022-07-18-01,WAHIS,African swine fever,ASF,France,FRA,44.8275,-2.2344,2022-07-23,2022-07-31,2022-08-11,Sus scrofa domesticus,2,2,confirmed,synthetic
EMPRESI-ASF-0001733,WAHIS-ASF-FRA-2022-07-18-00,WAHIS,African swine fever,ASF,France,FRA,49.7099,2.1554,2022-07-24,2022-08-02,2022-08-11,Sus scrofa (wild boar),11,9,confirmed,synthetic
EMPRESI-ASF-0001754,WAHIS-ASF-RUS-2022-07-18-00,WAHIS,African swine fever,ASF,Russian Federation,RUS,55.1584,36.9436,2022-07-18,2022-08-03,2022-08-11,Sus scrofa domesticus,222,193,confirmed,synthetic
EMPRESI-ASF-0001788,WAHIS-ASF-RUS-2022-07-25-00,WAHIS,African swine fever,ASF,Russian Federation,RUS,52.1287,42.7609,2022-07-26,2022-08-06,2022-08-11,Sus scrofa domesticus,281,249,confirmed,synthetic
EMPRESI-ASF-0001737,WAHIS-ASF-ITA-2022-07-18-00,WAHIS,African swine fever,ASF,Italy,ITA,43.6135,10.0321,2022-07-23,2022-08-05,2022-08-11,Sus scrofa (wild boar),136,117,confirmed,synthetic
EMPRESI-ASF-0001748,WAHIS-ASF-BGR-2022-07-18-01,WAHIS,African swine fever,ASF,Bulgaria,BGR,43.0798,24.3593,2022-07-18,2022-08-05,2022-08-11,Sus scrofa (wild boar),365,318,confirmed,synthetic
EMPRESI-ASF-0001780,WAHIS-ASF-SRB-2022-07-25-02,WAHIS,African swine fever,ASF,Serbia,SRB,45.1996,22.1415,2022-07-29,2022-08-07,2022-08-11,Sus scrofa domesticus,235,204,confirmed,synthetic
EMPRESI-ASF-0001709,WAHIS-ASF-ITA-2022-07-11-00,WAHIS,African swine fever,ASF,Italy,ITA,43.5315,15.6776,2022-07-15,2022-08-02,2022-08-12,Sus scrofa (wild boar),64,59,confirmed,synthetic
EMPRESI-ASF-0001706,WAHIS-ASF-GEO-2022-07-04-00,WAHIS,African swine fever,ASF,Georgia,GEO,41.3285,44.2591,2022-07-06,2022-08-06,2022-08-12,Sus scrofa (wild boar),48,42,confirmed,synthetic
EMPRESI-ASF-0001775,WAHIS-ASF-ROU-2022-07-25-04,WAHIS,African swine fever,ASF,Romania,ROU,45.8377,22.1964,2022-07-28,2022-08-06,2022-08-12,Sus scrofa domesticus,38,37,confirmed,synthetic
EMPRESI-ASF-0001755,WAHIS-ASF-RUS-2022-07-18-01,WAHIS,African swine fever,ASF,Russian Federation,RUS,50.392,43.4494,2022-07-20,2022-08-07,2022-08-12,Sus scrofa (wild boar),129,121,confirmed,synthetic
EMPRESI-ASF-0001740,WAHIS-ASF-POL-2022-07-18-02,WAHIS,African swine fever,ASF,Poland,POL,51.4171,22.0933,2022-07-23,2022-07-30,2022-08-12,Sus scrofa (wild boar),125,110,confirmed,synthetic
EMPRESI-ASF-0001786,WAHIS-ASF-MDA-2022-07-25-02,WAHIS,African swine fever,ASF,Moldova,MDA,47.65,27.8731,2022-07-28,2022-08-03,2022-08-12,Sus scrofa domesticus,111,101,confirmed,synthetic
EMPRESI-ASF-0001796,WAHIS-ASF-FRA-2022-08-01-01,WAHIS,African swine fever,ASF,France,FRA,47.0629,1.0954,2022-08-02,2022-08-06,2022-08-13,Sus scrofa (wild boar),57,50,confirmed,synthetic
EMPRESI-ASF-0001693,WAHIS-ASF-POL-2022-07-04-00,WAHIS,African swine fever,ASF,Poland,POL,50.5797,16.4833,2022-07-07,2022-08-06,2022-08-13,Sus scrofa (wild boar),4,4,confirmed,synthetic
EMPRESI-ASF-0001758,WAHIS-ASF-DEU-2022-07-25-00,WAHIS,African swine fever,ASF,Germany,DEU,51.6562,6.3217,2022-07-26,2022-07-31,2022-08-13,Sus scrofa (wild boar),6,6,confirmed,synthetic
EMPRESI-ASF-0001804,WAHIS-ASF-POL-2022-08-01-00,WAHIS,African swine fever,ASF,Poland,POL,51.2855,16.8168,2022-08-01,2022-08-07,2022-08-15,Sus scrofa domesticus,60,52,confirmed,synthetic
EMPRESI-ASF-0001669,WAHIS-ASF-ROU-2022-06-20-00,WAHIS,African swine fever,ASF,Romania,ROU,45.8331,25.4951,2022-06-26,2022-08-02,2022-08-16,Sus scrofa (wild boar),66,59,confirmed,synthetic
EMPRESI-ASF-0001760,WAHIS-ASF-NLD-2022-07-25-00,WAHIS,African swine fever,ASF,Netherlands,NLD,52.514,6.7989,2022-07-28,2022-08-07,2022-08-16,Sus scrofa (wild boar),54,46,confirmed,synthetic
EMPRESI-ASF-0001791,WAHIS-ASF-TUR-2022-07-25-01,WAHIS,African swine fever,ASF,Türkiye,TUR,34.8782,33.0347,2022-07-29,2022-08-08,2022-08-16,Sus scrofa (wild boar),24,19,confirmed,synthetic
EMPRESI-ASF-0001687,WAHIS-ASF-RUS-2022-06-27-02,WAHIS,African swine fever,ASF,Russian Federation,RUS,61.3618,49.0326,2022-07-03,2022-08-02,2022-08-17,Sus scrofa domesticus,251,223,confirmed,synthetic
EMPRESI-ASF-0001793,WAHIS-ASF-GEO-2022-07-25-01,WAHIS,African swine fever,ASF,Georgia,GEO,40.9812,43.5245,2022-07-31,2022-08-11,2022-08-17,Sus scrofa domesticus,40,37,confirmed,synthetic
EMPRESI-ASF-0001762,WAHIS-ASF-NLD-2022-07-25-02,WAHIS,African swine fever,ASF,Netherlands,NLD,52.109,6.3115,2022-07-31,2022-08-12,2022-08-17,Sus scrofa domesticus,69,62,confirmed,synthetic
EMPRESI-ASF-0001769,WAHIS-ASF-HUN-2022-07-25-00,WAHIS,African swine fever,ASF,Hungary,HUN,46.2062,19.4302,2022-07-31,2022-08-13,2022-08-18,Sus scrofa (wild boar),59,53,confirmed,synthetic
EMPRESI-ASF-0001759,WAHIS-ASF-DEU-2022-07-25-01,WAHIS,African swine fever,ASF,Germany,DEU,51.5136,13.5838,2022-07-28,2022-08-07,2022-08-18,Sus scrofa (wild boar),482,424,confirmed,synthetic
EMPRESI-ASF-0001787,WAHIS-ASF-MDA-2022-07-25-03,WAHIS,African swine fever,ASF,Moldova,MDA,47.3889,29.6652,2022-07-29,2022-08-11,2022-08-18,Sus scrofa domesticus,81,73,confirmed,synthetic
EMPRESI-ASF-0001666,WAHIS-ASF-POL-2022-06-20-00,WAHIS,African swine fever,ASF,Poland,POL,52.29,19.5259,2022-06-22,2022-08-08,2022-08-18,Sus scrofa (wild boar),36,31,confirmed,synthetic
EMPRESI-ASF-0001718,WAHIS-ASF-ROU-2022-07-11-01,WAHIS,African swine fever,ASF,Romania,ROU,46.361,22.824,2022-07-17,2022-08-12,2022-08-18,Sus scrofa (wild boar),115,98,confirmed,synthetic
EMPRESI-ASF-0001671,WAHIS-ASF-MDA-2022-06-20-00,WAHIS,African swine fever,ASF,Moldova,MDA,47.1934,27.8084,2022-06-26,2022-08-13,2022-08-18,Sus scrofa (wild boar),29,23,confirmed,synthetic
EMPRESI-ASF-0001680,WAHIS-ASF-ROU-2022-06-27-00,WAHIS,African swine fever,ASF,Romania,ROU,45.5256,26.9567,2022-07-03,2022-08-09,2022-08-19,Sus scrofa domesticus,90,82,confirmed,synthetic
EMPRESI-ASF-0001795,WAHIS-ASF-FRA-2022-08-01-00,WAHIS,African swine fever,ASF,France,FRA,43.8316,5.3251,2022-08-02,2022-08-11,2022-08-19,Sus scrofa domesticus,191,164,confirmed,synthetic
EMPRESI-ASF-0001805,WAHIS-ASF-POL-2022-08-01-01,WAHIS,African swine fever,ASF,Poland,POL,50.8989,17.9286,2022-08-01,2022-08-13,2022-08-19,Sus scrofa (wild boar),37,33,confirmed,synthetic
EMPRESI-ASF-0001797,WAHIS-ASF-FRA-2022-08-01-02,WAHIS,African swine fever,ASF,France,FRA,50.195,3.6614,2022-08-07,2022-08-12,2022-08-19,Sus scrofa (wild boar),27,26,confirmed,synthetic
EMPRESI-ASF-0001739,WAHIS-ASF-POL-2022-07-18-01,WAHIS,African swine fever,ASF,Poland,POL,54.2518,19.7433,2022-07-24,2022-08-07,2022-08-19,Sus scrofa (wild boar),101,91,confirmed,synthetic
EMPRESI-ASF-0001776,WAHIS-ASF-ROU-2022-07-25-05,WAHIS,African swine fever,ASF,Romania,ROU,44.7875,27.0877,2022-07-28,2022-08-11,2022-08-19,Sus scrofa domesticus,30,26,confirmed,synthetic
EMPRESI-ASF-0001741,WAHIS-ASF-POL-2022-07-18-03,WAHIS,African swine fever,ASF,Poland,POL,52.4186,21.1314,2022-07-20,2022-08-14,2022-08-19,Sus scrofa domesticus,30,26,confirmed,synthetic
EMPRESI-ASF-0001801,WAHIS-ASF-ITA-2022-08-01-00,WAHIS,African swine fever,ASF,Italy,ITA,41.5616,10.9695,2022-08-06,2022-08-09,2022-08-20,Sus scrofa (wild boar),120,113,confirmed,synthetic
EMPRESI-ASF-0001685,WAHIS-ASF-RUS-2022-06-27-00,WAHIS,African swine fever,ASF,Russian Federation,RUS,57.5339,45.1084,2022-07-03,2022-08-05,2022-08-20,Sus scrofa domesticus,27,21,confirmed,synthetic
EMPRESI-ASF-0001699,WAHIS-ASF-MDA-2022-07-04-00,WAHIS,African swine fever,ASF,Moldova,MDA,48.0294,28.4203,2022-07-05,2022-08-14,2022-08-20,Sus scrofa (wild boar),42,40,confirmed,synthetic
EMPRESI-ASF-0001835,WAHIS-ASF-BEL-2022-08-08-01,WAHIS,African swine fever,ASF,Belgium,BEL,50.7324,3.9433,2022-08-13,2022-08-15,2022-08-20,Sus scrofa (wild boar),124,114,confirmed,synthetic
EMPRESI-ASF-0001744,WAHIS-ASF-HUN-2022-07-18-01,WAHIS,African swine fever,ASF,Hungary,HUN,46.5054,17.8292,2022-07-23,2022-08-10,2022-08-20,Sus scrofa (wild boar),1,1,confirmed,synthetic
EMPRESI-ASF-0001802,WAHIS-ASF-ITA-2022-08-01-01,WAHIS,African swine fever,ASF,Italy,ITA,42.9675,15.5649,2022-08-07,2022-08-12,2022-08-21,Sus scrofa (wild boar),152,132,confirmed,synthetic
EMPRESI-ASF-0001813,WAHIS-ASF-ROU-2022-08-01-04,WAHIS,African swine fever,ASF,Romania,ROU,47.0791,22.3994,2022-08-02,2022-08-14,2022-08-21,Sus scrofa (wild boar),272,241,confirmed,synthetic
EMPRESI-ASF-0001826,WAHIS-ASF-RUS-2022-08-01-00,WAHIS,African swine fever,ASF,Russian Federation,RUS,58.9125,46.8779,2022-08-07,2022-08-15,2022-08-21,Sus scrofa domesticus,82,75,confirmed,synthetic
EMPRESI-ASF-0001771,WAHIS-ASF-ROU-2022-07-25-00,WAHIS,African swine fever,ASF,Romania,ROU,46.6627,21.6422,2022-07-29,2022-08-11,2022-08-21,Sus scrofa (wild boar),31,26,confirmed,synthetic
EMPRESI-ASF-0001846,WAHIS-ASF-BGR-2022-08-08-01,WAHIS,African swine fever,ASF,Bulgaria,BGR,42.3769,24.5392,2022-08-09,2022-08-13,2022-08-21,Sus scrofa (wild boar),64,62,confirmed,synthetic
EMPRESI-ASF-0001829,WAHIS-ASF-ISR-2022-08-01-00,WAHIS,African swine fever,ASF,Israel,ISR,31.9997,35.4674,2022-08-07,2022-08-14,2022-08-22,Sus scrofa domesticus,109,95,confirmed,synthetic
EMPRESI-ASF-0001745,WAHIS-ASF-ROU-2022-07-18-00,WAHIS,African swine fever,ASF,Romania,ROU,47.4952,27.127,2022-07-22,2022-08-16,2022-08-22,Sus scrofa (wild boar),79,71,confirmed,synthetic
EMPRESI-ASF-0001725,WAHIS-ASF-BGR-2022-07-11-04,WAHIS,African swine fever,ASF,Bulgaria,BGR,41.7832,24.3951,2022-07-12,2022-08-13,2022-08-22,Sus scrofa domesticus,38,33,confirmed,synthetic
EMPRESI-ASF-0001727,WAHIS-ASF-SRB-2022-07-11-01,WAHIS,African swine fever,ASF,Serbia,SRB,44.0072,19.1903,2022-07-15,2022-08-07,2022-08-22,Sus scrofa domesticus,95,86,confirmed,synthetic
EMPRESI-ASF-0001814,WAHIS-ASF-ROU-2022-08-01-05,WAHIS,African swine fever,ASF,Romania,ROU,45.9411,21.7347,2022-08-05,2022-08-13,2022-08-22,Sus scrofa (wild boar),40,32,confirmed,synthetic
EMPRESI-ASF-0001783,WAHIS-ASF-UKR-2022-07-25-00,WAHIS,African swine fever,ASF,Ukraine,UKR,48.2233,35.7603,2022-07-28,2022-08-12,2022-08-23,Sus scrofa domesticus,141,122,confirmed,synthetic
EMPRESI-ASF-0001743,WAHIS-ASF-HUN-2022-07-18-00,WAHIS,African swine fever,ASF,Hungary,HUN,46.3324,21.0586,2022-07-19,2022-08-14,2022-08-23,Sus scrofa domesticus,216,185,confirmed,synthetic
EMPRESI-ASF-0001800,WAHIS-ASF-BEL-2022-08-01-00,WAHIS,African swine fever,ASF,Belgium,BEL,51.2135,4.771,2022-08-02,2022-08-12,2022-08-23,Sus scrofa (wild boar),162,148,confirmed,synthetic
EMPRESI-ASF-0001790,WAHIS-ASF-TUR-2022-07-25-00,WAHIS,African swine fever,ASF,Türkiye,TUR,42.4034,35.722,2022-07-30,2022-08-15,2022-08-23,Sus scrofa domesticus,50,42,confirmed,synthetic
EMPRESI-ASF-0001777,WAHIS-ASF-ROU-2022-07-25-06,WAHIS,African swine fever,ASF,Romania,ROU,45.9207,25.408,2022-07-31,2022-08-15,2022-08-23,Sus scrofa domesticus,64,61,confirmed,synthetic
EMPRESI-ASF-0001866,WAHIS-ASF-GEO-2022-08-08-02,WAHIS,African swine fever,ASF,Georgia,GEO,43.206,42.676,2022-08-09,2022-08-17,2022-08-24,Sus scrofa (wild boar),7,7,confirmed,synthetic
EMPRESI-ASF-0001822,WAHIS-ASF-UKR-2022-08-01-01,WAHIS,African swine fever,ASF,Ukraine,UKR,45.3135,33.5892,2022-08-06,2022-08-17,2022-08-24,Sus scrofa domesticus,46,40,confirmed,synthetic
EMPRESI-ASF-0001828,WAHIS-ASF-TUR-2022-08-01-01,WAHIS,African swine fever,ASF,Türkiye,TUR,42.2915,38.2626,2022-08-02,2022-08-16,2022-08-25,Sus scrofa domesticus,209,184,confirmed,synthetic
EMPRESI-ASF-0001825,WAHIS-ASF-MDA-2022-08-01-00,WAHIS,African swine fever,ASF,Moldova,MDA,47.6346,27.9346,2022-08-06,2022-08-15,2022-08-25,Sus scrofa domesticus,43,30,confirmed,synthetic
EMPRESI-ASF-0001860,WAHIS-ASF-RUS-2022-08-08-01,WAHIS,African swine fever,ASF,Russian Federation,RUS,54.5237,35.2785,2022-08-09,2022-08-20,2022-08-25,Sus scrofa (wild boar),27,25,confirmed,synthetic
EMPRESI-ASF-0001799,WAHIS-ASF-DEU-2022-08-01-01,WAHIS,African swine fever,ASF,Germany,DEU,53.9875,8.7214,2022-08-07,2022-08-19,2022-08-25,Sus scrofa domesticus,73,64,confirmed,synthetic
EMPRESI-ASF-0001789,WAHIS-ASF-RUS-2022-07-25-01,WAHIS,African swine fever,ASF,Russian Federation,RUS,54.7648,38.8799,2022-07-29,2022-08-20,2022-08-26,Sus scrofa (wild boar),30,25,confirmed,synthetic
EMPRESI-ASF-0001774,WAHIS-ASF-ROU-2022-07-25-03,WAHIS,African swine fever,ASF,Romania,ROU,44.2968,24.4833,2022-07-27,2022-08-18,2022-08-26,Sus scrofa (wild boar),33,31,confirmed,synthetic
EMPRESI-ASF-0001915,WAHIS-ASF-TUN-2022-08-15-00,WAHIS,African swine fever,ASF,Tunisia,TUN,35.533,9.2215,2022-08-17,2022-08-20,2022-08-26,Sus scrofa (wild boar),3,3,confirmed,synthetic
EMPRESI-ASF-0001714,WAHIS-ASF-POL-2022-07-11-01,WAHIS,African swine fever,ASF,Poland,POL,50.9937,21.7444,2022-07-17,2022-08-18,2022-08-26,Sus scrofa domesticus,79,71,confirmed,synthetic
EMPRESI-ASF-0001862,WAHIS-ASF-TUR-2022-08-08-00,WAHIS,African swine fever,ASF,Türkiye,TUR,40.9169,40.0797,2022-08-12,2022-08-19,2022-08-26,Sus scrofa domesticus,32,29,confirmed,synthetic
EMPRESI-ASF-0001831,WAHIS-ASF-NLD-2022-08-08-00,WAHIS,African swine fever,ASF,Netherlands,NLD,51.8902,4.2811,2022-08-09,2022-08-19,2022-08-27,Sus scrofa (wild boar),76,71,confirmed,synthetic
EMPRESI-ASF-0001845,WAHIS-ASF-BGR-2022-08-08-00,WAHIS,African swine fever,ASF,Bulgaria,BGR,41.6188,25.7261,2022-08-13,2022-08-21,2022-08-27,Sus scrofa (wild boar),117,106,confirmed,synthetic
EMPRESI-ASF-0001806,WAHIS-ASF-POL-2022-08-01-02,WAHIS,African swine fever,ASF,Poland,POL,51.2924,15.0066,2022-08-05,2022-08-23,2022-08-28,Sus scrofa domesticus,92,84,confirmed,synthetic
EMPRESI-ASF-0001817,WAHIS-ASF-SRB-2022-08-01-00,WAHIS,African swine fever,ASF,Serbia,SRB,43.6101,20.3924,2022-08-06,2022-08-20,2022-08-28,Sus scrofa (wild boar),218,195,confirmed,synthetic
EMPRESI-ASF-0001852,WAHIS-ASF-SRB-2022-08-08-02,WAHIS,African swine fever,ASF,Serbia,SRB,42.6342,21.5687,2022-08-10,2022-08-15,2022-08-28,Sus scrofa (wild boar),72,64,confirmed,synthetic
EMPRESI-ASF-0001848,WAHIS-ASF-BGR-2022-08-08-03,WAHIS,African swine fever,ASF,Bulgaria,BGR,43.7209,24.7042,2022-08-09,2022-08-23,2022-08-29,Sus scrofa domesticus,254,217,confirmed,synthetic
EMPRESI-ASF-0001765,WAHIS-ASF-ITA-2022-07-25-01,WAHIS,African swine fever,ASF,Italy,ITA,41.6481,14.7305,2022-07-25,2022-08-20,2022-08-29,Sus scrofa domesticus,12,10,confirmed,synthetic
EMPRESI-ASF-0001764,WAHIS-ASF-ITA-2022-07-25-00,WAHIS,African swine fever,ASF,Italy,ITA,44.6917,14.7305,2022-07-27,2022-08-20,2022-08-29,Sus scrofa (wild boar),116,98,confirmed,synthetic
EMPRESI-ASF-0001843,WAHIS-ASF-ROU-2022-08-08-02,WAHIS,African swine fever,ASF,Romania,ROU,45.1773,25.5715,2022-08-14,2022-08-25,2022-08-29,Sus scrofa (wild boar),144,132,confirmed,synthetic
EMPRESI-ASF-0001887,WAHIS-ASF-HUN-2022-08-15-00,WAHIS,African swine fever,ASF,Hungary,HUN,45.7574,20.3002,2022-08-15,2022-08-23,2022-08-29,Sus scrofa (wild boar),117,105,confirmed,synthetic
EMPRESI-ASF-0001772,WAHIS-ASF-ROU-2022-07-25-01,WAHIS,African swine fever,ASF,Romania,ROU,44.7713,21.8515,2022-07-26,2022-08-23,2022-08-30,Sus scrofa (wild boar),148,131,confirmed,synthetic
EMPRESI-ASF-0001696,WAHIS-ASF-POL-2022-07-04-03,WAHIS,African swine fever,ASF,Poland,POL,49.5866,18.5748,2022-07-08,2022-08-24,2022-08-30,Sus scrofa (wild boar),66,54,confirmed,synthetic
EMPRESI-ASF-0001807,WAHIS-ASF-POL-2022-08-01-03,WAHIS,African swine fever,ASF,Poland,POL,53.993,16.2416,2022-08-01,2022-08-26,2022-08-30,Sus scrofa domesticus,78,66,confirmed,synthetic
EMPRESI-ASF-0001722,WAHIS-ASF-BGR-2022-07-11-01,WAHIS,African swine fever,ASF,Bulgaria,BGR,42.6389,26.6029,2022-07-16,2022-08-23,2022-08-30,Sus scrofa (wild boar),62,58,confirmed,synthetic
EMPRESI-ASF-0001833,WAHIS-ASF-NLD-2022-08-08-02,WAHIS,African swine fever,ASF,Netherlands,NLD,52.6714,5.4163,2022-08-14,2022-08-19,2022-08-30,Sus scrofa (wild boar),71,62,confirmed,synthetic
EMPRESI-ASF-0001886,WAHIS-ASF-POL-2022-08-15-05,WAHIS,African swine fever,ASF,Poland,POL,50.2277,22.4924,2022-08-15,2022-08-21,2022-08-31,Sus scrofa (wild boar),52,45,confirmed,synthetic
EMPRESI-ASF-0001768,WAHIS-ASF-POL-2022-07-25-01,WAHIS,African swine fever,ASF,Poland,POL,53.4983,22.3367,2022-07-30,2022-08-24,2022-08-31,Sus scrofa (wild boar),78,70,confirmed,synthetic
EMPRESI-ASF-0001811,WAHIS-ASF-ROU-2022-08-01-02,WAHIS,African swine fever,ASF,Romania,ROU,44.5984,26.9204,2022-08-06,2022-08-20,2022-09-01,Sus scrofa (wild boar),61,58,confirmed,synthetic
EMPRESI-ASF-0001834,WAHIS-ASF-BEL-2022-08-08-00,WAHIS,African swine fever,ASF,Belgium,BEL,51.2047,4.4377,2022-08-11,2022-08-24,2022-09-01,Sus scrofa (wild boar),49,42,confirmed,synthetic
EMPRESI-ASF-0001809,WAHIS-ASF-ROU-2022-08-01-00,WAHIS,African swine fever,ASF,Romania,ROU,44.6586,23.5485,2022-08-02,2022-08-26,2022-09-01,Sus scrofa (wild boar),15,14,confirmed,synthetic
EMPRESI-ASF-0001871,WAHIS-ASF-DEU-2022-08-15-01,WAHIS,African swine fever,ASF,Germany,DEU,50.2754,9.8264,2022-08-17,2022-08-27,2022-09-01,Sus scrofa domesticus,124,111,confirmed,synthetic
EMPRESI-ASF-0001836,WAHIS-ASF-POL-2022-08-08-00,WAHIS,African swine fever,ASF,Poland,POL,53.2902,22.25,2022-08-10,2022-08-25,2022-09-02,Sus scrofa domesticus,41,37,confirmed,synthetic
EMPRESI-ASF-0001880,WAHIS-ASF-ITA-2022-08-15-01,WAHIS,African swine fever,ASF,Italy,ITA,43.4737,8.9634,2022-08-18,2022-08-25,2022-09-02,Sus scrofa (wild boar),2,2,confirmed,synthetic
EMPRESI-ASF-0001921,WAHIS-ASF-DEU-2022-08-22-00,WAHIS,African swine fever,ASF,Germany,DEU,49.2798,8.3847,2022-08-24,2022-08-27,2022-09-02,Sus scrofa (wild boar),112,104,confirmed,synthetic
EMPRESI-ASF-0001773,WAHIS-ASF-ROU-2022-07-25-02,WAHIS,African swine fever,ASF,Romania,ROU,46.0832,23.455,2022-07-25,2022-08-22,2022-09-02,Sus scrofa (wild boar),41,38,confirmed,synthetic
EMPRESI-ASF-0001881,WAHIS-ASF-POL-2022-08-15-00,WAHIS,African swine fever,ASF,Poland,POL,53.9353,22.3717,2022-08-17,2022-08-25,2022-09-02,Sus scrofa domesticus,96,82,confirmed,synthetic
EMPRESI-ASF-0001898,WAHIS-ASF-BGR-2022-08-15-02,WAHIS,African swine fever,ASF,Bulgaria,BGR,43.7158,26.3006,2022-08-19,2022-08-27,2022-09-03,Sus scrofa (wild boar),40,34,confirmed,synthetic
EMPRESI-ASF-0001838,WAHIS-ASF-POL-2022-08-08-02,WAHIS,African swine fever,ASF,Poland,POL,51.4736,23.3069,2022-08-12,2022-08-25,2022-09-03,Sus scrofa (wild boar),91,78,confirmed,synthetic
EMPRESI-ASF-0001919,WAHIS-ASF-FRA-2022-08-22-03,WAHIS,African swine fever,ASF,France,FRA,48.5031,4.5266,2022-08-22,2022-08-30,2022-09-04,Sus scrofa domesticus,222,202,confirmed,synthetic
EMPRESI-ASF-0001892,WAHIS-ASF-HUN-2022-08-15-05,WAHIS,African swine fever,ASF,Hungary,HUN,47.4037,18.7855,2022-08-21,2022-08-30,2022-09-04,Sus scrofa (wild boar),132,118,confirmed,synthetic
EMPRESI-ASF-0001891,WAHIS-ASF-HUN-2022-08-15-04,WAHIS,African swine fever,ASF,Hungary,HUN,48.3169,18.2494,2022-08-18,2022-08-24,2022-09-04,Sus scrofa (wild boar),1,1,confirmed,synthetic
EMPRESI-ASF-0001903,WAHIS-ASF-SRB-2022-08-15-03,WAHIS,African swine fever,ASF,Serbia,SRB,44.0699,20.941,2022-08-17,2022-08-29,2022-09-04,Sus scrofa domesticus,53,51,confirmed,synthetic
EMPRESI-ASF-0001877,WAHIS-ASF-BEL-2022-08-15-00,WAHIS,African swine fever,ASF,Belgium,BEL,51.1033,3.6083,2022-08-16,2022-08-28,2022-09-04,Sus scrofa domesticus,155,146,confirmed,synthetic
EMPRESI-ASF-0001885,WAHIS-ASF-POL-2022-08-15-04,WAHIS,African swine fever,ASF,Poland,POL,54.5828,19.482,2022-08-19,2022-08-26,2022-09-04,Sus scrofa (wild boar),102,93,confirmed,synthetic
EMPRESI-ASF-0001746,WAHIS-ASF-ROU-2022-07-18-01,WAHIS,African swine fever,ASF,Romania,ROU,48.3764,25.2268,2022-07-22,2022-08-27,2022-09-04,Sus scrofa (wild boar),122,104,confirmed,synthetic
EMPRESI-ASF-0001716,WAHIS-ASF-HUN-2022-07-11-01,WAHIS,African swine fever,ASF,Hungary,HUN,47.2711,21.7302,2022-07-12,2022-08-31,2022-09-05,Sus scrofa (wild boar),40,37,confirmed,synthetic
EMPRESI-ASF-0001910,WAHIS-ASF-RUS-2022-08-15-01,WAHIS,African swine fever,ASF,Russian Federation,RUS,52.4536,46.2299,2022-08-15,2022-08-31,2022-09-05,Sus scrofa domesticus,15,13,confirmed,synthetic
EMPRESI-ASF-0001938,WAHIS-ASF-POL-2022-08-22-05,WAHIS,African swine fever,ASF,Poland,POL,51.2061,17.7915,2022-08-24,2022-08-29,2022-09-05,Sus scrofa domesticus,123,105,confirmed,synthetic
EMPRESI-ASF-0001865,WAHIS-ASF-GEO-2022-08-08-01,WAHIS,African swine fever,ASF,Georgia,GEO,42.048,44.0869,2022-08-09,2022-08-31,2022-09-05,Sus scrofa (wild boar),57,52,confirmed,synthetic
EMPRESI-ASF-0001850,WAHIS-ASF-SRB-2022-08-08-00,WAHIS,African swine fever,ASF,Serbia,SRB,44.1375,20.0742,2022-08-13,2022-08-28,2022-09-05,Sus scrofa (wild boar),182,160,confirmed,synthetic
EMPRESI-ASF-0001808,WAHIS-ASF-HUN-2022-08-01-00,WAHIS,African swine fever,ASF,Hungary,HUN,48.0614,20.8617,2022-08-04,2022-08-26,2022-09-05,Sus scrofa domesticus,178,159,confirmed,synthetic
EMPRESI-ASF-0001883,WAHIS-ASF-POL-2022-08-15-02,WAHIS,African swine fever,ASF,Poland,POL,51.3918,16.9431,2022-08-21,2022-08-30,2022-09-05,Sus scrofa (wild boar),104,92,confirmed,synthetic
EMPRESI-ASF-0001856,WAHIS-ASF-MDA-2022-08-08-00,WAHIS,African swine fever,ASF,Moldova,MDA,46.5743,27.9322,2022-08-10,2022-08-29,2022-09-06,Sus scrofa (wild boar),142,129,confirmed,synthetic
EMPRESI-ASF-0001947,WAHIS-ASF-ROU-2022-08-22-04,WAHIS,African swine fever,ASF,Romania,ROU,43.936,27.1109,2022-08-24,2022-08-28,2022-09-06,Sus scrofa (wild boar),177,154,confirmed,synthetic
EMPRESI-ASF-0001821,WAHIS-ASF-UKR-2022-08-01-00,WAHIS,African swine fever,ASF,Ukraine,UKR,50.5769,36.3187,2022-08-06,2022-08-27,2022-09-06,Sus scrofa domesticus,223,192,confirmed,synthetic
EMPRESI-ASF-0001857,WAHIS-ASF-MDA-2022-08-08-01,WAHIS,African swine fever,ASF,Moldova,MDA,46.3612,28.2711,2022-08-10,2022-08-28,2022-09-07,Sus scrofa (wild boar),10,6,confirmed,synthetic
EMPRESI-ASF-0001872,WAHIS-ASF-DEU-2022-08-15-02,WAHIS,African swine fever,ASF,Germany,DEU,53.9255,9.1208,2022-08-21,2022-08-29,2022-09-07,Sus scrofa (wild boar),131,108,confirmed,synthetic
EMPRESI-ASF-0001849,WAHIS-ASF-BGR-2022-08-08-04,WAHIS,African swine fever,ASF,Bulgaria,BGR,43.1812,23.4562,2022-08-12,2022-08-25,2022-09-07,Sus scrofa (wild boar),146,131,confirmed,synthetic
EMPRESI-ASF-0001953,WAHIS-ASF-SRB-2022-08-22-00,WAHIS,African swine fever,ASF,Serbia,SRB,45.1931,22.1061,2022-08-23,2022-09-01,2022-09-08,Sus scrofa domesticus,6,5,confirmed,synthetic
EMPRESI-ASF-0001970,WAHIS-ASF-TUN-2022-08-22-00,WAHIS,African swine fever,ASF,Tunisia,TUN,32.9595,10.4996,2022-08-23,2022-08-30,2022-09-08,Sus scrofa (wild boar),202,169,confirmed,synthetic
EMPRESI-ASF-0001896,WAHIS-ASF-BGR-2022-08-15-00,WAHIS,African swine fever,ASF,Bulgaria,BGR,41.7216,24.1777,2022-08-18,2022-09-01,2022-09-08,Sus scrofa (wild boar),58,50,confirmed,synthetic
EMPRESI-ASF-0001950,WAHIS-ASF-BGR-2022-08-22-01,WAHIS,African swine fever,ASF,Bulgaria,BGR,42.2939,25.5169,2022-08-27,2022-09-03,2022-09-08,Sus scrofa (wild boar),173,151,confirmed,synthetic
EMPRESI-ASF-0001859,WAHIS-ASF-RUS-2022-08-08-00,WAHIS,African swine fever,ASF,Russian Federation,RUS,58.2658,42.7821,2022-08-12,2022-09-02,2022-09-08,Sus scrofa (wild boar),78,70,confirmed,synthetic
EMPRESI-ASF-0001956,WAHIS-ASF-SRB-2022-08-22-03,WAHIS,African swine fever,ASF,Serbia,SRB,43.9528,19.0216,2022-08-23,2022-09-02,2022-09-08,Sus scrofa (wild boar),123,112,confirmed,synthetic
EMPRESI-ASF-0001944,WAHIS-ASF-ROU-2022-08-22-01,WAHIS,African swine fever,ASF,Romania,ROU,46.052,27.0051,2022-08-24,2022-09-02,2022-09-09,Sus scrofa (wild boar),119,106,confirmed,synthetic
EMPRESI-ASF-0001906,WAHIS-ASF-UKR-2022-08-15-01,WAHIS,African swine fever,ASF,Ukraine,UKR,47.1424,26.4153,2022-08-15,2022-09-02,2022-09-09,Sus scrofa (wild boar),245,220,confirmed,synthetic
EMPRESI-ASF-0001926,WAHIS-ASF-NLD-2022-08-22-01,WAHIS,African swine fever,ASF,Netherlands,NLD,52.0307,4.6105,2022-08-24,2022-08-31,2022-09-09,Sus scrofa domesticus,55,49,confirmed,synthetic
EMPRESI-ASF-0001933,WAHIS-ASF-POL-2022-08-22-00,WAHIS,African swine fever,ASF,Poland,POL,53.5636,18.7133,2022-08-22,2022-09-04,2022-09-09,Sus scrofa domesticus,16,14,confirmed,synthetic
EMPRESI-ASF-0001810,WAHIS-ASF-ROU-2022-08-01-01,WAHIS,African swine fever,ASF,Romania,ROU,44.7226,28.001,2022-08-03,2022-08-29,2022-09-09,Sus scrofa domesticus,180,161,confirmed,synthetic
EMPRESI-ASF-0001879,WAHIS-ASF-ITA-2022-08-15-00,WAHIS,African swine fever,ASF,Italy,ITA,44.1762,12.1191,2022-08-18,2022-08-28,2022-09-09,Sus scrofa (wild boar),121,107,confirmed,synthetic
EMPRESI-ASF-0001832,WAHIS-ASF-NLD-2022-08-08-01,WAHIS,African swine fever,ASF,Netherlands,NLD,51.9058,4.04,2022-08-13,2022-08-30,2022-09-09,Sus scrofa domesticus,73,64,confirmed,synthetic
EMPRESI-ASF-0001918,WAHIS-ASF-FRA-2022-08-22-02,WAHIS,African swine fever,ASF,France,FRA,44.9881,5.8497,2022-08-23,2022-09-01,2022-09-10,Sus scrofa (wild boar),90,79,confirmed,synthetic
EMPRESI-ASF-0001861,WAHIS-ASF-RUS-2022-08-08-02,WAHIS,African swine fever,ASF,Russian Federation,RUS,56.1602,54.3218,2022-08-09,2022-08-28,2022-09-10,Sus scrofa (wild boar),4,3,confirmed,synthetic
EMPRESI-ASF-0001854,WAHIS-ASF-UKR-2022-08-08-01,WAHIS,African swine fever,ASF,Ukraine,UKR,50.0246,31.6667,2022-08-14,2022-09-03,2022-09-10,Sus scrofa (wild boar),103,95,confirmed,synthetic
EMPRESI-ASF-0001889,WAHIS-ASF-HUN-2022-08-15-02,WAHIS,African swine fever,ASF,Hungary,HUN,45.9784,20.7065,2022-08-21,2022-09-03,2022-09-10,Sus scrofa (wild boar),49,44,confirmed,synthetic
EMPRESI-ASF-0001971,WAHIS-ASF-TUN-2022-08-22-01,WAHIS,African swine fever,ASF,Tunisia,TUN,34.4894,11.6068,2022-08-25,2022-09-04,2022-09-10,Sus scrofa domesticus,190,173,confirmed,synthetic
EMPRESI-ASF-0001932,WAHIS-ASF-ITA-2022-08-22-01,WAHIS,African swine fever,ASF,Italy,ITA,44.1884,11.4154,2022-08-26,2022-09-07,2022-09-10,Sus scrofa (wild boar),45,42,confirmed,synthetic
EMPRESI-ASF-0001840,WAHIS-ASF-HUN-2022-08-08-00,WAHIS,African swine fever,ASF,Hungary,HUN,48.5974,19.2218,2022-08-08,2022-09-05,2022-09-10,Sus scrofa domesticus,91,80,confirmed,synthetic
EMPRESI-ASF-0001897,WAHIS-ASF-BGR-2022-08-15-01,WAHIS,African swine fever,ASF,Bulgaria,BGR,43.0459,24.9962,2022-08-19,2022-09-01,2022-09-11,Sus scrofa domesticus,89,72,confirmed,synthetic
EMPRESI-ASF-0001818,WAHIS-ASF-SRB-2022-08-01-01,WAHIS,African swine fever,ASF,Serbia,SRB,43.7706,22.7225,2022-08-05,2022-09-01,2022-09-11,Sus scrofa domesticus,34,28,confirmed,synthetic
EMPRESI-ASF-0001837,WAHIS-ASF-POL-2022-08-08-01,WAHIS,African swine fever,ASF,Poland,POL,50.1375,18.9345,2022-08-11,2022-08-31,2022-09-11,Sus scrofa domesticus,77,66,confirmed,synthetic
EMPRESI-ASF-0001965,WAHIS-ASF-RUS-2022-08-22-02,WAHIS,African swine fever,ASF,Russian Federation,RUS,58.3374,40.5103,2022-08-27,2022-09-04,2022-09-12,Sus scrofa (wild boar),14,14,confirmed,synthetic
EMPRESI-ASF-0001924,WAHIS-ASF-DEU-2022-08-22-03,WAHIS,African swine fever,ASF,Germany,DEU,52.8371,10.54,2022-08-26,2022-09-02,2022-09-12,Sus scrofa domesticus,120,106,confirmed,synthetic
EMPRESI-ASF-0001913,WAHIS-ASF-GEO-2022-08-15-00,WAHIS,African swine fever,ASF,Georgia,GEO,41.1554,42.8222,2022-08-21,2022-09-06,2022-09-12,Sus scrofa domesticus,227,193,confirmed,synthetic
EMPRESI-ASF-0001974,WAHIS-ASF-DEU-2022-08-29-00,WAHIS,African swine fever,ASF,Germany,DEU,48.829,11.1129,2022-09-03,2022-09-09,2022-09-13,Sus scrofa domesticus,92,84,confirmed,synthetic
EMPRESI-ASF-0001819,WAHIS-ASF-SRB-2022-08-01-02,WAHIS,African swine fever,ASF,Serbia,SRB,43.5572,19.5806,2022-08-06,2022-09-03,2022-09-13,Sus scrofa (wild boar),168,148,confirmed,synthetic
EMPRESI-ASF-0001957,WAHIS-ASF-SRB-2022-08-22-04,WAHIS,African swine fever,ASF,Serbia,SRB,43.898,19.0924,2022-08-28,2022-09-04,2022-09-13,Sus scrofa domesticus,103,92,confirmed,synthetic
EMPRESI-ASF-0001998,WAHIS-ASF-ROU-2022-08-29-01,WAHIS,African swine fever,ASF,Romania,ROU,44.6571,27.6309,2022-09-02,2022-09-07,2022-09-13,Sus scrofa (wild boar),129,109,confirmed,synthetic
EMPRESI-ASF-0001907,WAHIS-ASF-MDA-2022-08-15-00,WAHIS,African swine fever,ASF,Moldova,MDA,47.7228,28.7024,2022-08-15,2022-09-02,2022-09-14,Sus scrofa domesticus,36,36,confirmed,synthetic
EMPRESI-ASF-0002019,WAHIS-ASF-TUR-2022-08-29-03,WAHIS,African swine fever,ASF,Türkiye,TUR,39.0114,40.059,2022-08-29,2022-09-09,2022-09-14,Sus scrofa domesticus,462,410,confirmed,synthetic
EMPRESI-ASF-0001954,WAHIS-ASF-SRB-2022-08-22-01,WAHIS,African swine fever,ASF,Serbia,SRB,44.8897,21.3769,2022-08-27,2022-09-06,2022-09-14,Sus scrofa (wild boar),38,35,confirmed,synthetic
EMPRESI-ASF-0001923,WAHIS-ASF-DEU-2022-08-22-02,WAHIS,African swine fever,ASF,Germany,DEU,48.5721,8.9103,2022-08-27,2022-09-06,2022-09-15,Sus scrofa domesticus,7,6,confirmed,synthetic
EMPRESI-ASF-0002013,WAHIS-ASF-RUS-2022-08-29-00,WAHIS,African swine fever,ASF,Russian Federation,RUS,52.56,48.2226,2022-09-03,2022-09-07,2022-09-15,Sus scrofa domesticus,127,111,confirmed,synthetic
EMPRESI-ASF-0001977,WAHIS-ASF-NLD-2022-08-29-00,WAHIS,African swine fever,ASF,Netherlands,NLD,52.8027,6.7741,2022-09-01,2022-09-09,2022-09-15,Sus scrofa (wild boar),59,50,confirmed,synthetic
EMPRESI-ASF-0001978,WAHIS-ASF-NLD-2022-08-29-01,WAHIS,African swine fever,ASF,Netherlands,NLD,51.3258,5.6311,2022-08-30,2022-09-05,2022-09-15,Sus scrofa domesticus,126,112,confirmed,synthetic
EMPRESI-ASF-0001900,WAHIS-ASF-SRB-2022-08-15-00,WAHIS,African swine fever,ASF,Serbia,SRB,44.5291,19.97,2022-08-17,2022-09-05,2022-09-16,Sus scrofa domesticus,255,227,confirmed,synthetic
EMPRESI-ASF-0001925,WAHIS-ASF-NLD-2022-08-22-00,WAHIS,African swine fever,ASF,Netherlands,NLD,52.5532,5.3531,2022-08-28,2022-09-03,2022-09-16,Sus scrofa domesticus,118,101,confirmed,synthetic
EMPRESI-ASF-0001980,WAHIS-ASF-BEL-2022-08-29-00,WAHIS,African swine fever,ASF,Belgium,BEL,50.041,5.1161,2022-09-03,2022-09-11,2022-09-16,Sus scrofa (wild boar),41,32,confirmed,synthetic
EMPRESI-ASF-0001993,WAHIS-ASF-POL-2022-08-29-05,WAHIS,African swine fever,ASF,Poland,POL,53.4656,17.9331,2022-08-30,2022-09-11,2022-09-16,Sus scrofa domesticus,43,37,confirmed,synthetic
EMPRESI-ASF-0001916,WAHIS-ASF-FRA-2022-08-22-00,WAHIS,African swine fever,ASF,France,FRA,49.1165,2.6374,2022-08-28,2022-09-09,2022-09-16,Sus scrofa (wild boar),22,17,confirmed,synthetic
EMPRESI-ASF-0002004,WAHIS-ASF-SRB-2022-08-29-01,WAHIS,African swine fever,ASF,Serbia,SRB,43.6357,21.9954,2022-08-31,2022-09-12,2022-09-17,Sus scrofa (wild boar),43,41,confirmed,synthetic
EMPRESI-ASF-0001914,WAHIS-ASF-GEO-2022-08-15-01,WAHIS,African swine fever,ASF,Georgia,GEO,42.6099,44.3177,2022-08-17,2022-09-11,2022-09-17,Sus scrofa (wild boar),337,286,confirmed,synthetic
EMPRESI-ASF-0001785,WAHIS-ASF-MDA-2022-07-25-01,WAHIS,African swine fever,ASF,Moldova,MDA,47.8125,28.0924,2022-07-29,2022-09-11,2022-09-17,Sus scrofa domesticus,162,143,confirmed,synthetic
EMPRESI-ASF-0002008,WAHIS-ASF-MDA-2022-08-29-00,WAHIS,African swine fever,ASF,Moldova,MDA,47.4266,28.5985,2022-08-30,2022-09-11,2022-09-18,Sus scrofa domesticus,87,83,confirmed,synthetic
EMPRESI-ASF-0001931,WAHIS-ASF-ITA-2022-08-22-00,WAHIS,African swine fever,ASF,Italy,ITA,42.3431,10.4675,2022-08-24,2022-09-13,2022-09-18,Sus scrofa domesticus,70,62,confirmed,synthetic
EMPRESI-ASF-0002060,WAHIS-ASF-RUS-2022-09-05-00,WAHIS,African swine fever,ASF,Russian Federation,RUS,54.4741,44.3306,2022-09-08,2022-09-12,2022-09-18,Sus scrofa (wild boar),36,33,confirmed,synthetic
EMPRESI-ASF-0001990,WAHIS-ASF-POL-2022-08-29-02,WAHIS,African swine fever,ASF,Poland,POL,54.6035,19.6922,2022-08-30,2022-09-11,2022-09-18,Sus scrofa (wild boar),132,116,confirmed,synthetic
EMPRESI-ASF-0001940,WAHIS-ASF-HUN-2022-08-22-01,WAHIS,African swine fever,ASF,Hungary,HUN,47.5864,21.08,2022-08-25,2022-09-11,2022-09-18,Sus scrofa (wild boar),40,36,confirmed,synthetic
EMPRESI-ASF-0002009,WAHIS-ASF-MDA-2022-08-29-01,WAHIS,African swine fever,ASF,Moldova,MDA,48.0557,28.8586,2022-08-31,2022-09-08,2022-09-19,Sus scrofa (wild boar),100,89,confirmed,synthetic
EMPRESI-ASF-0001873,WAHIS-ASF-DEU-2022-08-15-03,WAHIS,African swine fever,ASF,Germany,DEU,52.5038,14.7201,2022-08-15,2022-09-09,2022-09-19,Sus scrofa domesticus,48,42,confirmed,synthetic
EMPRESI-ASF-0001972,WAHIS-ASF-FRA-2022-08-29-00,WAHIS,African swine fever,ASF,France,FRA,44.1046,0.6258,2022-09-01,2022-09-07,2022-09-19,Sus scrofa domesticus,131,117,confirmed,synthetic
EMPRESI-ASF-0001816,WAHIS-ASF-BGR-2022-08-01-01,WAHIS,African swine fever,ASF,Bulgaria,BGR,41.6295,25.1564,2022-08-05,2022-09-14,2022-09-20,Sus scrofa domesticus,36,33,confirmed,synthetic
EMPRESI-ASF-0001945,WAHIS-ASF-ROU-2022-08-22-02,WAHIS,African swine fever,ASF,Romania,ROU,46.3564,25.9927,2022-08-26,2022-09-13,2022-09-20,Sus scrofa domesticus,189,164,confirmed,synthetic
EMPRESI-ASF-0002000,WAHIS-ASF-ROU-2022-08-29-03,WAHIS,African swine fever,ASF,Romania,ROU,46.8113,25.9905,2022-08-31,2022-09-14,2022-09-20,Sus scrofa domesticus,40,37,confirmed,synthetic
EMPRESI-ASF-0002011,WAHIS-ASF-MDA-2022-08-29-03,WAHIS,African swine fever,ASF,Moldova,MDA,47.8011,29.1922,2022-09-02,2022-09-13,2022-09-21,Sus scrofa domesticus,59,51,confirmed,synthetic
EMPRESI-ASF-0001858,WAHIS-ASF-MDA-2022-08-08-02,WAHIS,African swine fever,ASF,Moldova,MDA,46.8775,29.1176,2022-08-08,2022-09-13,2022-09-21,Sus scrofa (wild boar),34,30,confirmed,synthetic
EMPRESI-ASF-0002058,WAHIS-ASF-MDA-2022-09-05-01,WAHIS,African swine fever,ASF,Moldova,MDA,47.4057,28.2242,2022-09-06,2022-09-15,2022-09-21,Sus scrofa domesticus,8,8,confirmed,synthetic
EMPRESI-ASF-0002032,WAHIS-ASF-ESP-2022-09-05-00,WAHIS,African swine fever,ASF,Spain,ESP,41.3873,-4.5266,2022-09-07,2022-09-14,2022-09-21,Sus scrofa domesticus,167,139,confirmed,synthetic
EMPRESI-ASF-0001949,WAHIS-ASF-BGR-2022-08-22-00,WAHIS,African swine fever,ASF,Bulgaria,BGR,41.2929,25.1371,2022-08-24,2022-09-15,2022-09-21,Sus scrofa domesticus,15,14,confirmed,synthetic
EMPRESI-ASF-0002030,WAHIS-ASF-ITA-2022-09-05-02,WAHIS,African swine fever,ASF,Italy,ITA,45.0348,14.1505,2022-09-06,2022-09-15,2022-09-21,Sus scrofa (wild boar),2,2,confirmed,synthetic
EMPRESI-ASF-0001952,WAHIS-ASF-BGR-2022-08-22-03,WAHIS,African swine fever,ASF,Bulgaria,BGR,42.8843,24.5,2022-08-22,2022-09-08,2022-09-21,Sus scrofa domesticus,48,46,confirmed,synthetic
EMPRESI-ASF-0001992,WAHIS-ASF-POL-2022-08-29-04,WAHIS,African swine fever,ASF,Poland,POL,50.6131,17.6372,2022-08-29,2022-09-12,2022-09-21,Sus scrofa (wild boar),180,165,confirmed,synthetic
EMPRESI-ASF-0001999,WAHIS-ASF-ROU-2022-08-29-02,WAHIS,African swine fever,ASF,Romania,ROU,43.8256,25.2395,2022-08-31,2022-09-15,2022-09-22,Sus scrofa domesticus,148,129,confirmed,synthetic
EMPRESI-ASF-0002001,WAHIS-ASF-BGR-2022-08-29-00,WAHIS,African swine fever,ASF,Bulgaria,BGR,42.529,25.8615,2022-08-31,2022-09-13,2022-09-22,Sus scrofa (wild boar),84,66,confirmed,synthetic
EMPRESI-ASF-0001842,WAHIS-ASF-ROU-2022-08-08-01,WAHIS,African swine fever,ASF,Romania,ROU,44.5828,27.6014,2022-08-10,2022-09-11,2022-09-22,Sus scrofa (wild boar),127,110,confirmed,synthetic
EMPRESI-ASF-0001905,WAHIS-ASF-UKR-2022-08-15-00,WAHIS,African swine fever,ASF,Ukraine,UKR,48.9591,37.0675,2022-08-19,2022-09-13,2022-09-22,Sus scrofa domesticus,14,13,confirmed,synthetic
EMPRESI-ASF-0001937,WAHIS-ASF-POL-2022-08-22-04,WAHIS,African swine fever,ASF,Poland,POL,50.7404,19.1441,2022-08-25,2022-09-11,2022-09-22,Sus scrofa (wild boar),36,31,confirmed,synthetic
EMPRESI-ASF-0001936,WAHIS-ASF-POL-2022-08-22-03,WAHIS,African swine fever,ASF,Poland,POL,51.9871,20.3376,2022-08-27,2022-09-13,2022-09-22,Sus scrofa (wild boar),147,123,confirmed,synthetic
EMPRESI-ASF-0001935,WAHIS-ASF-POL-2022-08-22-02,WAHIS,African swine fever,ASF,Poland,POL,53.9905,21.0326,2022-08-26,2022-09-15,2022-09-22,Sus scrofa (wild boar),82,71,confirmed,synthetic
EMPRESI-ASF-0001988,WAHIS-ASF-POL-2022-08-29-00,WAHIS,African swine fever,ASF,Poland,POL,50.0764,18.2025,2022-09-04,2022-09-17,2022-09-23,Sus scrofa (wild boar),266,234,confirmed,synthetic
EMPRESI-ASF-0001964,WAHIS-ASF-RUS-2022-08-22-01,WAHIS,African swine fever,ASF,Russian Federation,RUS,54.4426,42.444,2022-08-22,2022-09-14,2022-09-23,Sus scrofa (wild boar),77,69,confirmed,synthetic
EMPRESI-ASF-0002014,WAHIS-ASF-RUS-2022-08-29-01,WAHIS,African swine fever,ASF,Russian Federation,RUS,60.1748,45.2248,2022-08-29,2022-09-15,2022-09-23,Sus scrofa domesticus,121,104,confirmed,synthetic
EMPRESI-ASF-0002020,WAHIS-ASF-GEO-2022-08-29-00,WAHIS,African swine fever,ASF,Georgia,GEO,41.6511,45.0778,2022-08-29,2022-09-16,2022-09-23,Sus scrofa domesticus,83,75,confirmed,synthetic
EMPRESI-ASF-0002051,WAHIS-ASF-SRB-2022-09-05-00,WAHIS,African swine fever,ASF,Serbia,SRB,45.0319,21.6902,2022-09-05,2022-09-17,2022-09-24,Sus scrofa domesticus,191,176,confirmed,synthetic
EMPRESI-ASF-0002016,WAHIS-ASF-TUR-2022-08-29-00,WAHIS,African swine fever,ASF,Türkiye,TUR,36.0873,37.091,2022-08-30,2022-09-17,2022-09-25,Sus scrofa domesticus,113,98,confirmed,synthetic
EMPRESI-ASF-0001751,WAHIS-ASF-UKR-2022-07-18-00,WAHIS,African swine fever,ASF,Ukraine,UKR,47.5593,27.6821,2022-07-18,2022-09-19,2022-09-25,Sus scrofa (wild boar),118,105,confirmed,synthetic
EMPRESI-ASF-0002064,WAHIS-ASF-GEO-2022-09-05-00,WAHIS,African swine fever,ASF,Georgia,GEO,41.4007,42.9008,2022-09-05,2022-09-17,2022-09-25,Sus scrofa (wild boar),85,71,confirmed,synthetic
EMPRESI-ASF-0002055,WAHIS-ASF-SRB-2022-09-05-04,WAHIS,African swine fever,ASF,Serbia,SRB,43.659,19.2454,2022-09-06,2022-09-18,2022-09-25,Sus scrofa domesticus,356,308,confirmed,synthetic
EMPRESI-ASF-0002049,WAHIS-ASF-BGR-2022-09-05-01,WAHIS,African swine fever,ASF,Bulgaria,BGR,41.6243,24.8369,2022-09-07,2022-09-12,2022-09-25,Sus scrofa domesticus,448,396,confirmed,synthetic
EMPRESI-ASF-0002042,WAHIS-ASF-HUN-2022-09-05-03,WAHIS,African swine fever,ASF,Hungary,HUN,47.1086,19.7298,2022-09-06,2022-09-16,2022-09-25,Sus scrofa domesticus,49,40,confirmed,synthetic
EMPRESI-ASF-0001779,WAHIS-ASF-SRB-2022-07-25-01,WAHIS,African swine fever,ASF,Serbia,SRB,44.0211,22.9023,2022-07-25,2022-09-16,2022-09-25,Sus scrofa domesticus,23,20,confirmed,synthetic
EMPRESI-ASF-0001939,WAHIS-ASF-HUN-2022-08-22-00,WAHIS,African swine fever,ASF,Hungary,HUN,46.8403,18.4639,2022-08-25,2022-09-15,2022-09-25,Sus scrofa domesticus,297,265,confirmed,synthetic
EMPRESI-ASF-0002022,WAHIS-ASF-FRA-2022-09-05-01,WAHIS,African swine fever,ASF,France,FRA,44.2972,-1.0913,2022-09-08,2022-09-18,2022-09-26,Sus scrofa domesticus,248,222,confirmed,synthetic
EMPRESI-ASF-0001975,WAHIS-ASF-DEU-2022-08-29-01,WAHIS,African swine fever,ASF,Germany,DEU,48.7236,12.1254,2022-09-02,2022-09-18,2022-09-26,Sus scrofa domesticus,142,128,confirmed,synthetic
EMPRESI-ASF-0001963,WAHIS-ASF-RUS-2022-08-22-00,WAHIS,African swine fever,ASF,Russian Federation,RUS,55.614,46.2959,2022-08-24,2022-09-21,2022-09-26,Sus scrofa domesticus,110,99,confirmed,synthetic
EMPRESI-ASF-0001869,WAHIS-ASF-FRA-2022-08-15-01,WAHIS,African swine fever,ASF,France,FRA,45.5817,6.1266,2022-08-21,2022-09-18,2022-09-26,Sus scrofa (wild boar),132,116,confirmed,synthetic
EMPRESI-ASF-0001803,WAHIS-ASF-ESP-2022-08-01-00,WAHIS,African swine fever,ASF,Spain,ESP,39.0085,-0.7923,2022-08-06,2022-09-21,2022-09-26,Sus scrofa (wild boar),176,153,confirmed,synthetic
EMPRESI-ASF-0002039,WAHIS-ASF-HUN-2022-09-05-00,WAHIS,African swine fever,ASF,Hungary,HUN,48.0252,20.0197,2022-09-09,2022-09-20,2022-09-26,Sus scrofa (wild boar),78,74,confirmed,synthetic
EMPRESI-ASF-0002034,WAHIS-ASF-POL-2022-09-05-01,WAHIS,African swine fever,ASF,Poland,POL,51.8444,20.3819,2022-09-05,2022-09-15,2022-09-26,Sus scrofa (wild boar),165,150,confirmed,synthetic
EMPRESI-ASF-0001928,WAHIS-ASF-NLD-2022-08-22-03,WAHIS,African swine fever,ASF,Netherlands,NLD,51.1762,5.519,2022-08-28,2022-09-20,2022-09-26,Sus scrofa domesticus,184,160,confirmed,synthetic
EMPRESI-ASF-0002096,WAHIS-ASF-UKR-2022-09-12-02,WAHIS,African swine fever,ASF,Ukraine,UKR,47.5442,29.2471,2022-09-12,2022-09-19,2022-09-26,Sus scrofa (wild boar),137,115,confirmed,synthetic
EMPRESI-ASF-0002010,WAHIS-ASF-MDA-2022-08-29-02,WAHIS,African swine fever,ASF,Moldova,MDA,46.9649,28.4284,2022-09-01,2022-09-22,2022-09-27,Sus scrofa (wild boar),13,10,confirmed,synthetic
EMPRESI-ASF-0002044,WAHIS-ASF-ROU-2022-09-05-01,WAHIS,African swine fever,ASF,Romania,ROU,45.382,26.8099,2022-09-08,2022-09-20,2022-09-27,Sus scrofa domesticus,272,232,confirmed,synthetic
EMPRESI-ASF-0001927,WAHIS-ASF-NLD-2022-08-22-02,WAHIS,African swine fever,ASF,Netherlands,NLD,51.9023,6.207,2022-08-24,2022-09-18,2022-09-27,Sus scrofa (wild boar),7,6,confirmed,synthetic
EMPRESI-ASF-0002081,WAHIS-ASF-POL-2022-09-12-04,WAHIS,African swine fever,ASF,Poland,POL,52.3477,21.4207,2022-09-12,2022-09-17,2022-09-27,Sus scrofa domesticus,105,99,confirmed,synthetic
EMPRESI-ASF-0002061,WAHIS-ASF-TUR-2022-09-05-00,WAHIS,African swine fever,ASF,Türkiye,TUR,38.144,37.4144,2022-09-07,2022-09-18,2022-09-27,Sus scrofa (wild boar),55,47,confirmed,synthetic
EMPRESI-ASF-0001973,WAHIS-ASF-FRA-2022-08-29-01,WAHIS,African swine fever,ASF,France,FRA,45.6584,-1.2277,2022-09-02,2022-09-22,2022-09-27,Sus scrofa domesticus,15,10,confirmed,synthetic
EMPRESI-ASF-0001946,WAHIS-ASF-ROU-2022-08-22-03,WAHIS,African swine fever,ASF,Romania,ROU,44.6434,27.1275,2022-08-25,2022-09-20,2022-09-27,Sus scrofa domesticus,193,168,confirmed,synthetic
EMPRESI-ASF-0002023,WAHIS-ASF-DEU-2022-09-05-00,WAHIS,African swine fever,ASF,Germany,DEU,51.3134,9.6675,2022-09-07,2022-09-19,2022-09-27,Sus scrofa (wild boar),82,74,confirmed,synthetic
EMPRESI-ASF-0002063,WAHIS-ASF-TUR-2022-09-05-02,WAHIS,African swine fever,ASF,Türkiye,TUR,35.4109,34.886,2022-09-09,2022-09-19,2022-09-28,Sus scrofa (wild boar),73,64,confirmed,synthetic
EMPRESI-ASF-0002021,WAHIS-ASF-FRA-2022-09-05-00,WAHIS,African swine fever,ASF,France,FRA,46.5668,5.5747,2022-09-08,2022-09-13,2022-09-28,Sus scrofa (wild boar),49,46,confirmed,synthetic
EMPRESI-ASF-0002028,WAHIS-ASF-ITA-2022-09-05-00,WAHIS,African swine fever,ASF,Italy,ITA,43.5231,14.5818,2022-09-11,2022-09-17,2022-09-28,Sus scrofa domesticus,77,71,confirmed,synthetic
EMPRESI-ASF-0002101,WAHIS-ASF-FRA-2022-09-19-00,WAHIS,African swine fever,ASF,France,FRA,49.0496,2.843,2022-09-19,2022-09-22,2022-09-29,Sus scrofa (wild boar),168,153,confirmed,synthetic
EMPRESI-ASF-0002036,WAHIS-ASF-POL-2022-09-05-03,WAHIS,African swine fever,ASF,Poland,POL,54.0909,16.6909,2022-09-08,2022-09-22,2022-09-29,Sus scrofa domesticus,65,53,confirmed,synthetic
EMPRESI-ASF-0001985,WAHIS-ASF-ITA-2022-08-29-03,WAHIS,African swine fever,ASF,Italy,ITA,43.8544,15.1061,2022-09-01,2022-09-22,2022-09-29,Sus scrofa (wild boar),56,52,confirmed,synthetic
EMPRESI-ASF-0001987,WAHIS-ASF-ITA-2022-08-29-05,WAHIS,African swine fever,ASF,Italy,ITA,43.3241,12.8908,2022-09-01,2022-09-22,2022-09-29,Sus scrofa (wild boar),70,65,confirmed,synthetic
EMPRESI-ASF-0001882,WAHIS-ASF-POL-2022-08-15-01,WAHIS,African swine fever,ASF,Poland,POL,52.7819,19.2294,2022-08-18,2022-09-25,2022-09-29,Sus scrofa (wild boar),149,128,confirmed,synthetic
EMPRESI-ASF-0002046,WAHIS-ASF-ROU-2022-09-05-03,WAHIS,African swine fever,ASF,Romania,ROU,46.1985,25.4764,2022-09-06,2022-09-18,2022-09-30,Sus scrofa (wild boar),162,141,confirmed,synthetic
EMPRESI-ASF-0002027,WAHIS-ASF-BEL-2022-09-05-00,WAHIS,African swine fever,ASF,Belgium,BEL,51.2795,5.2319,2022-09-07,2022-09-20,2022-09-30,Sus scrofa domesticus,61,54,confirmed,synthetic
EMPRESI-ASF-0001839,WAHIS-ASF-POL-2022-08-08-03,WAHIS,African swine fever,ASF,Poland,POL,50.601,19.9754,2022-08-11,2022-09-22,2022-09-30,Sus scrofa (wild boar),54,48,confirmed,synthetic
EMPRESI-ASF-0001823,WAHIS-ASF-UKR-2022-08-01-02,WAHIS,African swine fever,ASF,Ukraine,UKR,46.5891,32.3542,2022-08-03,2022-09-24,2022-09-30,Sus scrofa (wild boar),1,1,confirmed,synthetic
EMPRESI-ASF-0001994,WAHIS-ASF-HUN-2022-08-29-00,WAHIS,African swine fever,ASF,Hungary,HUN,46.6345,17.8561,2022-08-31,2022-09-25,2022-09-30,Sus scrofa (wild boar),239,208,confirmed,synthetic
EMPRESI-ASF-0002067,WAHIS-ASF-DEU-2022-09-12-00,WAHIS,African swine fever,ASF,Germany,DEU,54.1921,11.08,2022-09-16,2022-09-22,2022-10-01,Sus scrofa domesticus,326,293,confirmed,synthetic
EMPRESI-ASF-0002083,WAHIS-ASF-HUN-2022-09-12-01,WAHIS,African swine fever,ASF,Hungary,HUN,46.9326,19.8165,2022-09-15,2022-09-22,2022-10-01,Sus scrofa domesticus,148,130,confirmed,synthetic
EMPRESI-ASF-0001969,WAHIS-ASF-EGY-2022-08-22-00,WAHIS,African swine fever,ASF,Egypt,EGY,23.8861,31.0774,2022-08-27,2022-09-23,2022-10-01,Sus scrofa (wild boar),129,113,confirmed,synthetic
EMPRESI-ASF-0001960,WAHIS-ASF-MDA-2022-08-22-01,WAHIS,African swine fever,ASF,Moldova,MDA,48.0617,28.6412,2022-08-27,2022-09-17,2022-10-01,Sus scrofa (wild boar),37,30,confirmed,synthetic
EMPRESI-ASF-0002037,WAHIS-ASF-POL-2022-09-05-04,WAHIS,African swine fever,ASF,Poland,POL,50.4085,16.8534,2022-09-11,2022-09-22,2022-10-01,Sus scrofa (wild boar),16,14,confirmed,synthetic
EMPRESI-ASF-0002038,WAHIS-ASF-POL-2022-09-05-05,WAHIS,African swine fever,ASF,Poland,POL,51.7444,23.5608,2022-09-09,2022-09-17,2022-10-01,Sus scrofa domesticus,70,63,confirmed,synthetic
EMPRESI-ASF-0002116,WAHIS-ASF-ITA-2022-09-19-02,WAHIS,African swine fever,ASF,Italy,ITA,42.4795,9.5541,2022-09-21,2022-09-25,2022-10-02,Sus scrofa domesticus,135,117,confirmed,synthetic
EMPRESI-ASF-0002056,WAHIS-ASF-SRB-2022-09-05-05,WAHIS,African swine fever,ASF,Serbia,SRB,44.1874,20.2382,2022-09-08,2022-09-24,2022-10-02,Sus scrofa (wild boar),96,82,confirmed,synthetic
EMPRESI-ASF-0002069,WAHIS-ASF-NLD-2022-09-12-00,WAHIS,African swine fever,ASF,Netherlands,NLD,52.4491,6.5876,2022-09-17,2022-09-24,2022-10-02,Sus scrofa (wild boar),216,185,confirmed,synthetic
EMPRESI-ASF-0002073,WAHIS-ASF-BEL-2022-09-12-01,WAHIS,African swine fever,ASF,Belgium,BEL,50.6736,4.7296,2022-09-15,2022-09-27,2022-10-02,Sus scrofa domesticus,202,188,confirmed,synthetic
EMPRESI-ASF-0002086,WAHIS-ASF-HUN-2022-09-12-04,WAHIS,African swine fever,ASF,Hungary,HUN,47.2125,20.2536,2022-09-12,2022-09-27,2022-10-03,Sus scrofa domesticus,118,101,confirmed,synthetic
EMPRESI-ASF-0001968,WAHIS-ASF-TUR-2022-08-22-02,WAHIS,African swine fever,ASF,Türkiye,TUR,37.704,37.7052,2022-08-26,2022-09-26,2022-10-03,Sus scrofa (wild boar),70,61,confirmed,synthetic
EMPRESI-ASF-0001984,WAHIS-ASF-ITA-2022-08-29-02,WAHIS,African swine fever,ASF,Italy,ITA,43.2581,11.4752,2022-09-01,2022-09-27,2022-10-03,Sus scrofa (wild boar),116,104,confirmed,synthetic
EMPRESI-ASF-0002068,WAHIS-ASF-DEU-2022-09-12-01,WAHIS,African swine fever,ASF,Germany,DEU,51.8612,7.6537,2022-09-16,2022-09-26,2022-10-04,Sus scrofa domesticus,137,117,confirmed,synthetic
EMPRESI-ASF-0002024,WAHIS-ASF-NLD-2022-09-05-00,WAHIS,African swine fever,ASF,Netherlands,NLD,52.9504,6.6595,2022-09-11,2022-09-24,2022-10-04,Sus scrofa (wild boar),18,15,confirmed,synthetic
EMPRESI-ASF-0002006,WAHIS-ASF-SRB-2022-08-29-03,WAHIS,African swine fever,ASF,Serbia,SRB,44.2209,20.3821,2022-08-30,2022-09-27,2022-10-04,Sus scrofa (wild boar),7,7,confirmed,synthetic
EMPRESI-ASF-0001959,WAHIS-ASF-MDA-2022-08-22-00,WAHIS,African swine fever,ASF,Moldova,MDA,46.4169,28.6317,2022-08-28,2022-09-26,2022-10-04,Sus scrofa domesticus,56,51,confirmed,synthetic
EMPRESI-ASF-0002103,WAHIS-ASF-FRA-2022-09-19-02,WAHIS,African swine fever,ASF,France,FRA,44.8875,4.635,2022-09-22,2022-09-27,2022-10-05,Sus scrofa (wild boar),534,472,confirmed,synthetic
EMPRESI-ASF-0002005,WAHIS-ASF-SRB-2022-08-29-02,WAHIS,African swine fever,ASF,Serbia,SRB,43.9168,19.545,2022-09-03,2022-09-26,2022-10-05,Sus scrofa (wild boar),161,147,confirmed,synthetic
EMPRESI-ASF-0002002,WAHIS-ASF-BGR-2022-08-29-01,WAHIS,African swine fever,ASF,Bulgaria,BGR,43.4279,24.6658,2022-09-01,2022-09-26,2022-10-05,Sus scrofa domesticus,8,6,confirmed,synthetic
EMPRESI-ASF-0002080,WAHIS-ASF-POL-2022-09-12-03,WAHIS,African swine fever,ASF,Poland,POL,51.6792,23.4735,2022-09-12,2022-09-21,2022-10-05,Sus scrofa domesticus,79,69,confirmed,synthetic
EMPRESI-ASF-0001853,WAHIS-ASF-UKR-2022-08-08-00,WAHIS,African swine fever,ASF,Ukraine,UKR,49.631,34.4538,2022-08-13,2022-09-26,2022-10-05,Sus scrofa (wild boar),271,242,confirmed,synthetic
EMPRESI-ASF-0001996,WAHIS-ASF-HUN-2022-08-29-02,WAHIS,African swine fever,ASF,Hungary,HUN,47.5145,19.6788,2022-08-30,2022-09-28,2022-10-05,Sus scrofa (wild boar),144,134,confirmed,synthetic
EMPRESI-ASF-0002072,WAHIS-ASF-BEL-2022-09-12-00,WAHIS,African swine fever,ASF,Belgium,BEL,50.1254,5.1622,2022-09-18,2022-09-28,2022-10-06,Sus scrofa (wild boar),19,17,confirmed,synthetic
EMPRESI-ASF-0002041,WAHIS-ASF-HUN-2022-09-05-02,WAHIS,African swine fever,ASF,Hungary,HUN,46.4541,20.3164,2022-09-06,2022-09-24,2022-10-06,Sus scrofa domesticus,136,119,confirmed,synthetic
EMPRESI-ASF-0002050,WAHIS-ASF-BGR-2022-09-05-02,WAHIS,African swine fever,ASF,Bulgaria,BGR,42.9282,26.2401,2022-09-09,2022-09-29,2022-10-06,Sus scrofa domesticus,66,60,confirmed,synthetic
EMPRESI-ASF-0002043,WAHIS-ASF-ROU-2022-09-05-00,WAHIS,African swine fever,ASF,Romania,ROU,43.7033,25.451,2022-09-09,2022-09-30,2022-10-07,Sus scrofa (wild boar),24,19,confirmed,synthetic
EMPRESI-ASF-0002118,WAHIS-ASF-ESP-2022-09-19-01,WAHIS,African swine fever,ASF,Spain,ESP,38.3017,-1.5751,2022-09-22,2022-09-30,2022-10-07,Sus scrofa domesticus,157,139,confirmed,synthetic
EMPRESI-ASF-0001929,WAHIS-ASF-NLD-2022-08-22-04,WAHIS,African swine fever,ASF,Netherlands,NLD,51.5924,6.3429,2022-08-27,2022-10-02,2022-10-07,Sus scrofa (wild boar),322,286,confirmed,synthetic
EMPRESI-ASF-0002088,WAHIS-ASF-HUN-2022-09-12-06,WAHIS,African swine fever,ASF,Hungary,HUN,47.0975,18.8396,2022-09-16,2022-09-27,2022-10-07,Sus scrofa (wild boar),213,193,confirmed,synthetic
EMPRESI-ASF-0002082,WAHIS-ASF-HUN-2022-09-12-00,WAHIS,African swine fever,ASF,Hungary,HUN,45.7673,20.2471,2022-09-18,2022-09-30,2022-10-07,Sus scrofa domesticus,43,36,confirmed,synthetic
EMPRESI-ASF-0002107,WAHIS-ASF-DEU-2022-09-19-01,WAHIS,African swine fever,ASF,Germany,DEU,52.0465,6.3999,2022-09-21,2022-10-02,2022-10-07,Sus scrofa (wild boar),72,61,confirmed,synthetic
EMPRESI-ASF-0001922,WAHIS-ASF-DEU-2022-08-22-01,WAHIS,African swine fever,ASF,Germany,DEU,50.6118,9.7963,2022-08-27,2022-10-01,2022-10-08,Sus scrofa (wild boar),123,106,confirmed,synthetic
EMPRESI-ASF-0002085,WAHIS-ASF-HUN-2022-09-12-03,WAHIS,African swine fever,ASF,Hungary,HUN,47.6817,17.9307,2022-09-17,2022-10-02,2022-10-08,Sus scrofa (wild boar),93,85,confirmed,synthetic
EMPRESI-ASF-0002117,WAHIS-ASF-ESP-2022-09-19-00,WAHIS,African swine fever,ASF,Spain,ESP,42.2435,-5.9185,2022-09-25,2022-09-29,2022-10-09,Sus scrofa (wild boar),51,47,confirmed,synthetic
EMPRESI-ASF-0002091,WAHIS-ASF-ROU-2022-09-12-01,WAHIS,African swine fever,ASF,Romania,ROU,45.7953,22.4228,2022-09-17,2022-10-04,2022-10-09,Sus scrofa (wild boar),56,50,confirmed,synthetic
EMPRESI-ASF-0002026,WAHIS-ASF-NLD-2022-09-05-02,WAHIS,African swine fever,ASF,Netherlands,NLD,52.1956,4.0014,2022-09-07,2022-10-03,2022-10-09,Sus scrofa domesticus,179,155,confirmed,synthetic
EMPRESI-ASF-0002124,WAHIS-ASF-HUN-2022-09-19-02,WAHIS,African swine fever,ASF,Hungary,HUN,46.6223,21.4862,2022-09-24,2022-10-01,2022-10-10,Sus scrofa domesticus,221,184,confirmed,synthetic
EMPRESI-ASF-0002075,WAHIS-ASF-ITA-2022-09-12-01,WAHIS,African swine fever,ASF,Italy,ITA,42.5843,12.2016,2022-09-15,2022-10-05,2022-10-10,Sus scrofa (wild boar),200,179,confirmed,synthetic
EMPRESI-ASF-0001876,WAHIS-ASF-NLD-2022-08-15-02,WAHIS,African swine fever,ASF,Netherlands,NLD,53.0261,4.8808,2022-08-18,2022-10-06,2022-10-10,Sus scrofa domesticus,70,60,confirmed,synthetic
EMPRESI-ASF-0001941,WAHIS-ASF-HUN-2022-08-22-02,WAHIS,African swine fever,ASF,Hungary,HUN,47.7624,19.0141,2022-08-28,2022-09-30,2022-10-10,Sus scrofa domesticus,199,168,confirmed,synthetic
EMPRESI-ASF-0002089,WAHIS-ASF-HUN-2022-09-12-07,WAHIS,African swine fever,ASF,Hungary,HUN,47.906,17.4991,2022-09-15,2022-09-29,2022-10-11,Sus scrofa domesticus,27,21,confirmed,synthetic
EMPRESI-ASF-0002120,WAHIS-ASF-POL-2022-09-19-01,WAHIS,African swine fever,ASF,Poland,POL,54.2076,21.5206,2022-09-20,2022-10-01,2022-10-11,Sus scrofa (wild boar),78,66,confirmed,synthetic
EMPRESI-ASF-0002151,WAHIS-ASF-HUN-2022-09-26-01,WAHIS,African swine fever,ASF,Hungary,HUN,47.0899,18.6143,2022-09-28,2022-10-05,2022-10-12,Sus scrofa (wild boar),22,18,confirmed,synthetic
EMPRESI-ASF-0002065,WAHIS-ASF-FRA-2022-09-12-00,WAHIS,African swine fever,ASF,France,FRA,44.7052,-0.5533,2022-09-15,2022-10-05,2022-10-12,Sus scrofa domesticus,235,209,confirmed,synthetic
EMPRESI-ASF-0001962,WAHIS-ASF-MDA-2022-08-22-03,WAHIS,African swine fever,ASF,Moldova,MDA,46.4137,28.0721,2022-08-28,2022-10-06,2022-10-12,Sus scrofa (wild boar),46,39,confirmed,synthetic
EMPRESI-ASF-0002059,WAHIS-ASF-MDA-2022-09-05-02,WAHIS,African swine fever,ASF,Moldova,MDA,47.2496,27.4559,2022-09-11,2022-10-07,2022-10-12,Sus scrofa (wild boar),12,12,confirmed,synthetic
EMPRESI-ASF-0002146,WAHIS-ASF-POL-2022-09-26-00,WAHIS,African swine fever,ASF,Poland,POL,53.3915,21.3292,2022-09-29,2022-10-07,2022-10-12,Sus scrofa (wild boar),109,97,confirmed,synthetic
EMPRESI-ASF-0002070,WAHIS-ASF-NLD-2022-09-12-01,WAHIS,African swine fever,ASF,Netherlands,NLD,51.5587,5.3898,2022-09-17,2022-10-04,2022-10-12,Sus scrofa (wild boar),158,135,confirmed,synthetic
EMPRESI-ASF-0002074,WAHIS-ASF-ITA-2022-09-12-00,WAHIS,African swine fever,ASF,Italy,ITA,42.6107,15.8038,2022-09-15,2022-10-05,2022-10-13,Sus scrofa domesticus,108,89,confirmed,synthetic
EMPRESI-ASF-0001890,WAHIS-ASF-HUN-2022-08-15-03,WAHIS,African swine fever,ASF,Hungary,HUN,46.4275,19.8666,2022-08-21,2022-10-03,2022-10-13,Sus scrofa domesticus,2,2,confirmed,synthetic
EMPRESI-ASF-0002127,WAHIS-ASF-SRB-2022-09-19-00,WAHIS,African swine fever,ASF,Serbia,SRB,42.5375,21.2195,2022-09-21,2022-10-04,2022-10-13,Sus scrofa (wild boar),269,233,confirmed,synthetic
EMPRESI-ASF-0001982,WAHIS-ASF-ITA-2022-08-29-00,WAHIS,African swine fever,ASF,Italy,ITA,44.5141,14.7645,2022-09-04,2022-10-09,2022-10-13,Sus scrofa domesticus,99,88,confirmed,synthetic
EMPRESI-ASF-0002129,WAHIS-ASF-SRB-2022-09-19-02,WAHIS,African swine fever,ASF,Serbia,SRB,43.4528,20.6594,2022-09-21,2022-10-05,2022-10-14,Sus scrofa (wild boar),29,25,confirmed,synthetic
EMPRESI-ASF-0002090,WAHIS-ASF-ROU-2022-09-12-00,WAHIS,African swine fever,ASF,Romania,ROU,44.9543,27.702,2022-09-17,2022-10-08,2022-10-14,Sus scrofa (wild boar),234,208,confirmed,synthetic
EMPRESI-ASF-0002077,WAHIS-ASF-POL-2022-09-12-00,WAHIS,African swine fever,ASF,Poland,POL,52.2302,18.8424,2022-09-14,2022-10-08,2022-10-14,Sus scrofa domesticus,27,24,confirmed,synthetic
EMPRESI-ASF-0002095,WAHIS-ASF-UKR-2022-09-12-01,WAHIS,African swine fever,ASF,Ukraine,UKR,45.7052,28.4178,2022-09-18,2022-10-10,2022-10-15,Sus scrofa (wild boar),130,113,confirmed,synthetic
EMPRESI-ASF-0002105,WAHIS-ASF-FRA-2022-09-19-04,WAHIS,African swine fever,ASF,France,FRA,45.1512,0.2513,2022-09-20,2022-10-07,2022-10-15,Sus scrofa domesticus,27,23,confirmed,synthetic
EMPRESI-ASF-0002115,WAHIS-ASF-ITA-2022-09-19-01,WAHIS,African swine fever,ASF,Italy,ITA,44.4958,12.7705,2022-09-23,2022-10-07,2022-10-15,Sus scrofa (wild boar),249,220,confirmed,synthetic
EMPRESI-ASF-0001995,WAHIS-ASF-HUN-2022-08-29-01,WAHIS,African swine fever,ASF,Hungary,HUN,47.6501,18.8292,2022-08-31,2022-10-06,2022-10-16,Sus scrofa domesticus,126,110,confirmed,synthetic
EMPRESI-ASF-0002165,WAHIS-ASF-DEU-2022-10-03-02,WAHIS,African swine fever,ASF,Germany,DEU,49.2447,11.9799,2022-10-06,2022-10-09,2022-10-16,Sus scrofa (wild boar),110,96,confirmed,synthetic
EMPRESI-ASF-0002084,WAHIS-ASF-HUN-2022-09-12-02,WAHIS,African swine fever,ASF,Hungary,HUN,46.3839,18.8188,2022-09-14,2022-10-13,2022-10-18,Sus scrofa domesticus,98,89,confirmed,synthetic
EMPRESI-ASF-0002076,WAHIS-ASF-ESP-2022-09-12-00,WAHIS,African swine fever,ASF,Spain,ESP,39.1568,-1.9756,2022-09-18,2022-10-07,2022-10-18,Sus scrofa domesticus,14,14,confirmed,synthetic
EMPRESI-ASF-0002093,WAHIS-ASF-SRB-2022-09-12-00,WAHIS,African swine fever,ASF,Serbia,SRB,44.5995,21.1734,2022-09-16,2022-10-07,2022-10-18,Sus scrofa domesticus,59,56,confirmed,synthetic
EMPRESI-ASF-0002114,WAHIS-ASF-ITA-2022-09-19-00,WAHIS,African swine fever,ASF,Italy,ITA,42.0665,15.4609,2022-09-22,2022-10-05,2022-10-18,Sus scrofa (wild boar),24,21,confirmed,synthetic
EMPRESI-ASF-0002162,WAHIS-ASF-FRA-2022-10-03-03,WAHIS,African swine fever,ASF,France,FRA,46.4782,5.0651,2022-10-05,2022-10-12,2022-10-19,Sus scrofa domesticus,37,31,confirmed,synthetic
EMPRESI-ASF-0002176,WAHIS-ASF-ROU-2022-10-03-00,WAHIS,African swine fever,ASF,Romania,ROU,43.9602,23.8623,2022-10-06,2022-10-13,2022-10-19,Sus scrofa domesticus,30,27,confirmed,synthetic
EMPRESI-ASF-0002104,WAHIS-ASF-FRA-2022-09-19-03,WAHIS,African swine fever,ASF,France,FRA,45.3538,5.8347,2022-09-20,2022-10-10,2022-10-19,Sus scrofa domesticus,34,33,confirmed,synthetic
EMPRESI-ASF-0002110,WAHIS-ASF-NLD-2022-09-19-00,WAHIS,African swine fever,ASF,Netherlands,NLD,53.0502,6.4479,2022-09-22,2022-10-12,2022-10-19,Sus scrofa domesticus,183,153,confirmed,synthetic
EMPRESI-ASF-0001997,WAHIS-ASF-ROU-2022-08-29-00,WAHIS,African swine fever,ASF,Romania,ROU,45.4771,25.8198,2022-09-02,2022-10-09,2022-10-20,Sus scrofa domesticus,98,90,confirmed,synthetic
EMPRESI-ASF-0002137,WAHIS-ASF-DEU-2022-09-26-00,WAHIS,African swine fever,ASF,Germany,DEU,50.8425,13.9122,2022-09-30,2022-10-14,2022-10-20,Sus scrofa domesticus,134,113,confirmed,synthetic
EMPRESI-ASF-0002139,WAHIS-ASF-DEU-2022-09-26-02,WAHIS,African swine fever,ASF,Germany,DEU,52.4774,11.6637,2022-09-28,2022-10-15,2022-10-20,Sus scrofa domesticus,189,164,confirmed,synthetic
EMPRESI-ASF-0002102,WAHIS-ASF-FRA-2022-09-19-01,WAHIS,African swine fever,ASF,France,FRA,45.126,6.1081,2022-09-22,2022-10-07,2022-10-20,Sus scrofa (wild boar),33,30,confirmed,synthetic
EMPRESI-ASF-0002178,WAHIS-ASF-ROU-2022-10-03-02,WAHIS,African swine fever,ASF,Romania,ROU,47.6906,22.6183,2022-10-04,2022-10-12,2022-10-20,Sus scrofa domesticus,221,201,confirmed,synthetic
EMPRESI-ASF-0002163,WAHIS-ASF-DEU-2022-10-03-00,WAHIS,African swine fever,ASF,Germany,DEU,49.5787,12.267,2022-10-09,2022-10-13,2022-10-21,Sus scrofa (wild boar),3,3,confirmed,synthetic
EMPRESI-ASF-0002106,WAHIS-ASF-DEU-2022-09-19-00,WAHIS,African swine fever,ASF,Germany,DEU,51.7793,10.3351,2022-09-23,2022-10-13,2022-10-21,Sus scrofa (wild boar),78,66,confirmed,synthetic
EMPRESI-ASF-0001934,WAHIS-ASF-POL-2022-08-22-01,WAHIS,African swine fever,ASF,Poland,POL,50.9711,20.7976,2022-08-25,2022-10-13,2022-10-21,Sus scrofa (wild boar),73,64,confirmed,synthetic
EMPRESI-ASF-0002152,WAHIS-ASF-ROU-2022-09-26-00,WAHIS,African swine fever,ASF,Romania,ROU,48.1448,25.5148,2022-09-28,2022-10-15,2022-10-21,Sus scrofa (wild boar),157,139,confirmed,synthetic
EMPRESI-ASF-0001917,WAHIS-ASF-FRA-2022-08-22-01,WAHIS,African swine fever,ASF,France,FRA,47.0406,4.4477,2022-08-25,2022-10-12,2022-10-21,Sus scrofa domesticus,7,4,confirmed,synthetic
EMPRESI-ASF-0002018,WAHIS-ASF-TUR-2022-08-29-02,WAHIS,African swine fever,ASF,Türkiye,TUR,40.2775,32.2022,2022-09-01,2022-10-12,2022-10-21,Sus scrofa domesticus,149,136,confirmed,synthetic
EMPRESI-ASF-0001908,WAHIS-ASF-MDA-2022-08-15-01,WAHIS,African swine fever,ASF,Moldova,MDA,46.8156,28.4974,2022-08-19,2022-10-17,2022-10-22,Sus scrofa domesticus,99,90,confirmed,synthetic
EMPRESI-ASF-0002054,WAHIS-ASF-SRB-2022-09-05-03,WAHIS,African swine fever,ASF,Serbia,SRB,43.9198,20.8716,2022-09-09,2022-10-14,2022-10-22,Sus scrofa (wild boar),48,42,confirmed,synthetic
EMPRESI-ASF-0002119,WAHIS-ASF-POL-2022-09-19-00,WAHIS,African swine fever,ASF,Poland,POL,53.0029,17.9935,2022-09-23,2022-10-16,2022-10-22,Sus scrofa domesticus,54,48,confirmed,synthetic
EMPRESI-ASF-0002057,WAHIS-ASF-MDA-2022-09-05-00,WAHIS,African swine fever,ASF,Moldova,MDA,46.6622,29.0095,2022-09-09,2022-10-13,2022-10-23,Sus scrofa domesticus,379,337,confirmed,synthetic
EMPRESI-ASF-0002145,WAHIS-ASF-ITA-2022-09-26-00,WAHIS,African swine fever,ASF,Italy,ITA,44.177,9.73,2022-09-30,2022-10-18,2022-10-23,Sus scrofa (wild boar),18,15,confirmed,synthetic
EMPRESI-ASF-0001961,WAHIS-ASF-MDA-2022-08-22-02,WAHIS,African swine fever,ASF,Moldova,MDA,46.8277,29.6447,2022-08-28,2022-10-16,2022-10-24,Sus scrofa domesticus,243,214,confirmed,synthetic
EMPRESI-ASF-0002100,WAHIS-ASF-TUN-2022-09-12-00,WAHIS,African swine fever,ASF,Tunisia,TUN,32.0574,9.2882,2022-09-16,2022-10-15,2022-10-24,Sus scrofa (wild boar),85,73,confirmed,synthetic
EMPRESI-ASF-0002199,WAHIS-ASF-ITA-2022-10-10-00,WAHIS,African swine fever,ASF,Italy,ITA,43.6426,14.3768,2022-10-12,2022-10-17,2022-10-24,Sus scrofa domesticus,59,53,confirmed,synthetic
EMPRESI-ASF-0002144,WAHIS-ASF-NLD-2022-09-26-02,WAHIS,African swine fever,ASF,Netherlands,NLD,51.7696,5.6521,2022-10-01,2022-10-12,2022-10-24,Sus scrofa (wild boar),69,57,confirmed,synthetic
EMPRESI-ASF-0002158,WAHIS-ASF-RUS-2022-09-26-01,WAHIS,African swine fever,ASF,Russian Federation,RUS,60.018,51.7008,2022-09-26,2022-10-11,2022-10-24,Sus scrofa domesticus,416,366,confirmed,synthetic
EMPRESI-ASF-0002211,WAHIS-ASF-ISR-2022-10-10-00,WAHIS,African swine fever,ASF,Israel,ISR,31.1612,34.3035,2022-10-10,2022-10-18,2022-10-24,Sus scrofa domesticus,247,210,confirmed,synthetic
EMPRESI-ASF-0002153,WAHIS-ASF-BGR-2022-09-26-00,WAHIS,African swine fever,ASF,Bulgaria,BGR,41.3299,26.2559,2022-09-27,2022-10-14,2022-10-24,Sus scrofa domesticus,81,68,confirmed,synthetic
EMPRESI-ASF-0002113,WAHIS-ASF-NLD-2022-09-19-03,WAHIS,African swine fever,ASF,Netherlands,NLD,51.1946,5.2414,2022-09-21,2022-10-18,2022-10-25,Sus scrofa domesticus,15,12,confirmed,synthetic
EMPRESI-ASF-0002134,WAHIS-ASF-FRA-2022-09-26-02,WAHIS,African swine fever,ASF,France,FRA,44.1624,3.4735,2022-09-26,2022-10-19,2022-10-25,Sus scrofa domesticus,300,252,confirmed,synthetic
EMPRESI-ASF-0002191,WAHIS-ASF-FRA-2022-10-10-01,WAHIS,African swine fever,ASF,France,FRA,46.2885,1.8387,2022-10-11,2022-10-18,2022-10-26,Sus scrofa (wild boar),217,190,confirmed,synthetic
EMPRESI-ASF-0002147,WAHIS-ASF-POL-2022-09-26-01,WAHIS,African swine fever,ASF,Poland,POL,53.1012,23.1505,2022-09-27,2022-10-17,2022-10-26,Sus scrofa domesticus,181,161,confirmed,synthetic
EMPRESI-ASF-0002186,WAHIS-ASF-TUR-2022-10-03-00,WAHIS,African swine fever,ASF,Türkiye,TUR,37.4467,34.7973,2022-10-09,2022-10-18,2022-10-27,Sus scrofa domesticus,45,39,confirmed,synthetic
EMPRESI-ASF-0002198,WAHIS-ASF-BEL-2022-10-10-01,WAHIS,African swine fever,ASF,Belgium,BEL,50.1033,3.4652,2022-10-13,2022-10-20,2022-10-27,Sus scrofa (wild boar),34,27,confirmed,synthetic
EMPRESI-ASF-0002025,WAHIS-ASF-NLD-2022-09-05-01,WAHIS,African swine fever,ASF,Netherlands,NLD,52.2765,4.6505,2022-09-06,2022-10-20,2022-10-27,Sus scrofa (wild boar),113,101,confirmed,synthetic
EMPRESI-ASF-0002222,WAHIS-ASF-ESP-2022-10-17-00,WAHIS,African swine fever,ASF,Spain,ESP,38.8805,-7.2231,2022-10-17,2022-10-19,2022-10-27,Sus scrofa domesticus,75,62,confirmed,synthetic
EMPRESI-ASF-0002135,WAHIS-ASF-FRA-2022-09-26-03,WAHIS,African swine fever,ASF,France,FRA,43.6984,0.6932,2022-09-29,2022-10-19,2022-10-28,Sus scrofa (wild boar),145,131,confirmed,synthetic
EMPRESI-ASF-0002108,WAHIS-ASF-DEU-2022-09-19-02,WAHIS,African swine fever,ASF,Germany,DEU,50.0785,6.5931,2022-09-21,2022-10-16,2022-10-28,Sus scrofa domesticus,109,99,confirmed,synthetic
EMPRESI-ASF-0002157,WAHIS-ASF-RUS-2022-09-26-00,WAHIS,African swine fever,ASF,Russian Federation,RUS,54.006,40.8134,2022-10-02,2022-10-17,2022-10-28,Sus scrofa (wild boar),66,55,confirmed,synthetic
EMPRESI-ASF-0002166,WAHIS-ASF-DEU-2022-10-03-03,WAHIS,African swine fever,ASF,Germany,DEU,49.4576,14.2105,2022-10-09,2022-10-17,2022-10-28,Sus scrofa (wild boar),32,28,confirmed,synthetic
EMPRESI-ASF-0002053,WAHIS-ASF-SRB-2022-09-05-02,WAHIS,African swine fever,ASF,Serbia,SRB,44.611,22.2967,2022-09-05,2022-10-14,2022-10-28,Sus scrofa (wild boar),44,40,confirmed,synthetic
EMPRESI-ASF-0002111,WAHIS-ASF-NLD-2022-09-19-01,WAHIS,African swine fever,ASF,Netherlands,NLD,51.9004,6.1204,2022-09-23,2022-10-19,2022-10-29,Sus scrofa domesticus,23,22,confirmed,synthetic
EMPRESI-ASF-0002170,WAHIS-ASF-BEL-2022-10-03-00,WAHIS,African swine fever,ASF,Belgium,BEL,50.8906,3.9569,2022-10-06,2022-10-22,2022-10-30,Sus scrofa domesticus,222,204,confirmed,synthetic
EMPRESI-ASF-0002169,WAHIS-ASF-NLD-2022-10-03-02,WAHIS,African swine fever,ASF,Netherlands,NLD,51.586,5.2077,2022-10-05,2022-10-21,2022-10-30,Sus scrofa (wild boar),219,199,confirmed,synthetic
EMPRESI-ASF-0002130,WAHIS-ASF-MDA-2022-09-19-00,WAHIS,African swine fever,ASF,Moldova,MDA,46.7349,29.6623,2022-09-25,2022-10-19,2022-10-30,Sus scrofa domesticus,4,4,confirmed,synthetic
EMPRESI-ASF-0002184,WAHIS-ASF-SRB-2022-10-03-04,WAHIS,African swine fever,ASF,Serbia,SRB,43.2529,22.113,2022-10-04,2022-10-25,2022-10-30,Sus scrofa (wild boar),58,53,confirmed,synthetic
EMPRESI-ASF-0002131,WAHIS-ASF-MDA-2022-09-19-01,WAHIS,African swine fever,ASF,Moldova,MDA,47.305,28.5487,2022-09-23,2022-10-21,2022-10-30,Sus scrofa domesticus,62,53,confirmed,synthetic
EMPRESI-ASF-0002226,WAHIS-ASF-ROU-2022-10-17-02,WAHIS,African swine fever,ASF,Romania,ROU,46.5177,25.3193,2022-10-17,2022-10-24,2022-10-30,Sus scrofa domesticus,35,26,confirmed,synthetic
EMPRESI-ASF-0002099,WAHIS-ASF-ISR-2022-09-12-00,WAHIS,African swine fever,ASF,Israel,ISR,31.3519,35.6891,2022-09-12,2022-10-22,2022-10-31,Sus scrofa domesticus,72,64,confirmed,synthetic
EMPRESI-ASF-0002143,WAHIS-ASF-NLD-2022-09-26-01,WAHIS,African swine fever,ASF,Netherlands,NLD,52.213,5.3723,2022-09-26,2022-10-24,2022-10-31,Sus scrofa (wild boar),155,134,confirmed,synthetic
EMPRESI-ASF-0002220,WAHIS-ASF-BEL-2022-10-17-00,WAHIS,African swine fever,ASF,Belgium,BEL,50.5104,4.8078,2022-10-19,2022-10-24,2022-10-31,Sus scrofa (wild boar),42,37,confirmed,synthetic
EMPRESI-ASF-0002112,WAHIS-ASF-NLD-2022-09-19-02,WAHIS,African swine fever,ASF,Netherlands,NLD,53.1603,5.9693,2022-09-25,2022-10-23,2022-10-31,Sus scrofa (wild boar),162,138,confirmed,synthetic
EMPRESI-ASF-0002213,WAHIS-ASF-FRA-2022-10-17-00,WAHIS,African swine fever,ASF,France,FRA,45.9907,-1.0909,2022-10-21,2022-10-25,2022-10-31,Sus scrofa domesticus,224,189,confirmed,synthetic
EMPRESI-ASF-0002015,WAHIS-ASF-RUS-2022-08-29-02,WAHIS,African swine fever,ASF,Russian Federation,RUS,53.2316,46.4199,2022-08-30,2022-10-25,2022-10-31,Sus scrofa (wild boar),172,156,confirmed,synthetic
EMPRESI-ASF-0002192,WAHIS-ASF-FRA-2022-10-10-02,WAHIS,African swine fever,ASF,France,FRA,46.1287,-2.3043,2022-10-13,2022-10-22,2022-10-31,Sus scrofa (wild boar),112,94,confirmed,synthetic
EMPRESI-ASF-0002208,WAHIS-ASF-SRB-2022-10-10-02,WAHIS,African swine fever,ASF,Serbia,SRB,44.5925,21.9998,2022-10-13,2022-10-21,2022-11-01,Sus scrofa (wild boar),40,37,confirmed,synthetic
EMPRESI-ASF-0002193,WAHIS-ASF-FRA-2022-10-10-03,WAHIS,African swine fever,ASF,France,FRA,45.6299,2.4064,2022-10-15,2022-10-26,2022-11-01,Sus scrofa (wild boar),243,220,confirmed,synthetic
EMPRESI-ASF-0002202,WAHIS-ASF-HUN-2022-10-10-01,WAHIS,African swine fever,ASF,Hungary,HUN,48.0291,21.0858,2022-10-11,2022-10-25,2022-11-02,Sus scrofa domesticus,256,238,confirmed,synthetic
EMPRESI-ASF-0002160,WAHIS-ASF-FRA-2022-10-03-01,WAHIS,African swine fever,ASF,France,FRA,44.6171,2.0425,2022-10-06,2022-10-24,2022-11-02,Sus scrofa domesticus,183,164,confirmed,synthetic
EMPRESI-ASF-0002159,WAHIS-ASF-FRA-2022-10-03-00,WAHIS,African swine fever,ASF,France,FRA,48.872,2.1818,2022-10-09,2022-10-26,2022-11-03,Sus scrofa domesticus,213,189,confirmed,synthetic
EMPRESI-ASF-0002205,WAHIS-ASF-ROU-2022-10-10-01,WAHIS,African swine fever,ASF,Romania,ROU,45.6855,25.2611,2022-10-14,2022-10-23,2022-11-03,Sus scrofa (wild boar),227,193,confirmed,synthetic
EMPRESI-ASF-0002123,WAHIS-ASF-HUN-2022-09-19-01,WAHIS,African swine fever,ASF,Hungary,HUN,46.1539,18.4289,2022-09-25,2022-10-28,2022-11-03,Sus scrofa domesticus,164,150,confirmed,synthetic
EMPRESI-ASF-0002138,WAHIS-ASF-DEU-2022-09-26-01,WAHIS,African swine fever,ASF,Germany,DEU,50.6496,14.7213,2022-09-27,2022-10-25,2022-11-03,Sus scrofa domesticus,294,256,confirmed,synthetic
EMPRESI-ASF-0002229,WAHIS-ASF-MDA-2022-10-17-01,WAHIS,African swine fever,ASF,Moldova,MDA,47.5625,28.3635,2022-10-17,2022-10-24,2022-11-03,Sus scrofa domesticus,78,72,confirmed,synthetic
EMPRESI-ASF-0002167,WAHIS-ASF-NLD-2022-10-03-00,WAHIS,African swine fever,ASF,Netherlands,NLD,52.1497,4.8784,2022-10-09,2022-10-27,2022-11-04,Sus scrofa (wild boar),259,225,confirmed,synthetic
EMPRESI-ASF-0002212,WAHIS-ASF-TUN-2022-10-10-00,WAHIS,African swine fever,ASF,Tunisia,TUN,35.2899,9.1404,2022-10-12,2022-10-30,2022-11-04,Sus scrofa (wild boar),23,21,confirmed,synthetic
EMPRESI-ASF-0002136,WAHIS-ASF-FRA-2022-09-26-04,WAHIS,African swine fever,ASF,France,FRA,45.4729,-2.7003,2022-10-01,2022-10-25,2022-11-06,Sus scrofa (wild boar),349,307,confirmed,synthetic
EMPRESI-ASF-0002185,WAHIS-ASF-UKR-2022-10-03-00,WAHIS,African swine fever,ASF,Ukraine,UKR,48.6294,34.6201,2022-10-06,2022-10-29,2022-11-07,Sus scrofa (wild boar),70,66,confirmed,synthetic
EMPRESI-ASF-0002207,WAHIS-ASF-SRB-2022-10-10-01,WAHIS,African swine fever,ASF,Serbia,SRB,43.7922,19.4819,2022-10-15,2022-11-01,2022-11-08,Sus scrofa (wild boar),12,9,confirmed,synthetic
EMPRESI-ASF-0002172,WAHIS-ASF-ESP-2022-10-03-00,WAHIS,African swine fever,ASF,Spain,ESP,40.5668,-5.5332,2022-10-03,2022-11-02,2022-11-09,Sus scrofa domesticus,70,63,confirmed,synthetic
EMPRESI-ASF-0002235,WAHIS-ASF-DEU-2022-10-24-00,WAHIS,African swine fever,ASF,Germany,DEU,49.3215,6.7638,2022-10-25,2022-11-01,2022-11-09,Sus scrofa (wild boar),80,74,confirmed,synthetic
EMPRESI-ASF-0002233,WAHIS-ASF-FRA-2022-10-24-00,WAHIS,African swine fever,ASF,France,FRA,44.4406,3.2106,2022-10-28,2022-11-03,2022-11-09,Sus scrofa (wild boar),187,164,confirmed,synthetic
EMPRESI-ASF-0002098,WAHIS-ASF-GEO-2022-09-12-01,WAHIS,African swine fever,ASF,Georgia,GEO,43.2253,43.9098,2022-09-13,2022-11-01,2022-11-09,Sus scrofa domesticus,27,25,confirmed,synthetic
EMPRESI-ASF-0002225,WAHIS-ASF-ROU-2022-10-17-01,WAHIS,African swine fever,ASF,Romania,ROU,46.112,25.1363,2022-10-20,2022-10-30,2022-11-09,Sus scrofa (wild boar),187,167,confirmed,synthetic
EMPRESI-ASF-0002197,WAHIS-ASF-BEL-2022-10-10-00,WAHIS,African swine fever,ASF,Belgium,BEL,50.3813,4.508,2022-10-15,2022-10-25,2022-11-09,Sus scrofa domesticus,46,37,confirmed,synthetic
EMPRESI-ASF-0002126,WAHIS-ASF-BGR-2022-09-19-01,WAHIS,African swine fever,ASF,Bulgaria,BGR,43.3108,24.635,2022-09-19,2022-11-02,2022-11-10,Sus scrofa domesticus,96,82,confirmed,synthetic
EMPRESI-ASF-0002097,WAHIS-ASF-GEO-2022-09-12-00,WAHIS,African swine fever,ASF,Georgia,GEO,41.105,43.9685,2022-09-13,2022-10-31,2022-11-10,Sus scrofa (wild boar),166,144,confirmed,synthetic
EMPRESI-ASF-0002218,WAHIS-ASF-NLD-2022-10-17-00,WAHIS,African swine fever,ASF,Netherlands,NLD,51.4197,6.1366,2022-10-21,2022-10-29,2022-11-11,Sus scrofa (wild boar),106,90,confirmed,synthetic
EMPRESI-ASF-0002045,WAHIS-ASF-ROU-2022-09-05-02,WAHIS,African swine fever,ASF,Romania,ROU,47.5132,26.2468,2022-09-05,2022-11-03,2022-11-12,Sus scrofa (wild boar),56,54,confirmed,synthetic
EMPRESI-ASF-0002171,WAHIS-ASF-ITA-2022-10-03-00,WAHIS,African swine fever,ASF,Italy,ITA,43.3836,14.3346,2022-10-09,2022-11-05,2022-11-13,Sus scrofa domesticus,95,85,confirmed,synthetic
EMPRESI-ASF-0002121,WAHIS-ASF-POL-2022-09-19-02,WAHIS,African swine fever,ASF,Poland,POL,50.3865,20.3167,2022-09-22,2022-11-03,2022-11-13,Sus scrofa domesticus,98,86,confirmed,synthetic
EMPRESI-ASF-0002236,WAHIS-ASF-DEU-2022-10-24-01,WAHIS,African swine fever,ASF,Germany,DEU,51.6959,7.9003,2022-10-25,2022-11-05,2022-11-13,Sus scrofa (wild boar),39,37,confirmed,synthetic
EMPRESI-ASF-0002181,WAHIS-ASF-SRB-2022-10-03-01,WAHIS,African swine fever,ASF,Serbia,SRB,44.0294,20.4269,2022-10-09,2022-11-07,2022-11-13,Sus scrofa domesticus,89,77,confirmed,synthetic
EMPRESI-ASF-0002243,WAHIS-ASF-HUN-2022-10-24-00,WAHIS,African swine fever,ASF,Hungary,HUN,47.4824,18.6192,2022-10-29,2022-11-05,2022-11-14,Sus scrofa (wild boar),91,75,confirmed,synthetic
EMPRESI-ASF-0002231,WAHIS-ASF-GEO-2022-10-17-00,WAHIS,African swine fever,ASF,Georgia,GEO,41.4017,42.38,2022-10-23,2022-11-07,2022-11-14,Sus scrofa (wild boar),62,55,confirmed,synthetic
EMPRESI-ASF-0002230,WAHIS-ASF-RUS-2022-10-17-00,WAHIS,African swine fever,ASF,Russian Federation,RUS,58.8497,49.2518,2022-10-18,2022-11-03,2022-11-14,Sus scrofa domesticus,360,326,confirmed,synthetic
EMPRESI-ASF-0002234,WAHIS-ASF-FRA-2022-10-24-01,WAHIS,African swine fever,ASF,France,FRA,44.6721,2.3474,2022-10-26,2022-11-06,2022-11-15,Sus scrofa domesticus,112,99,confirmed,synthetic
EMPRESI-ASF-0002142,WAHIS-ASF-NLD-2022-09-26-00,WAHIS,African swine fever,ASF,Netherlands,NLD,52.5647,5.7017,2022-09-26,2022-11-10,2022-11-15,Sus scrofa (wild boar),103,84,confirmed,synthetic
EMPRESI-ASF-0002201,WAHIS-ASF-HUN-2022-10-10-00,WAHIS,African swine fever,ASF,Hungary,HUN,48.5909,19.7495,2022-10-16,2022-11-07,2022-11-15,Sus scrofa domesticus,29,27,confirmed,synthetic
EMPRESI-ASF-0002161,WAHIS-ASF-FRA-2022-10-03-02,WAHIS,African swine fever,ASF,France,FRA,48.8759,3.3429,2022-10-09,2022-11-07,2022-11-16,Sus scrofa (wild boar),19,16,confirmed,synthetic
EMPRESI-ASF-0002155,WAHIS-ASF-SRB-2022-09-26-01,WAHIS,African swine fever,ASF,Serbia,SRB,45.2695,20.0419,2022-09-28,2022-11-12,2022-11-18,Sus scrofa domesticus,219,200,confirmed,synthetic
EMPRESI-ASF-0002232,WAHIS-ASF-TUN-2022-10-17-00,WAHIS,African swine fever,ASF,Tunisia,TUN,34.2891,8.2077,2022-10-23,2022-11-10,2022-11-18,Sus scrofa (wild boar),133,118,confirmed,synthetic
EMPRESI-ASF-0002239,WAHIS-ASF-BEL-2022-10-24-01,WAHIS,African swine fever,ASF,Belgium,BEL,49.9276,4.5425,2022-10-30,2022-11-12,2022-11-19,Sus scrofa (wild boar),23,21,confirmed,synthetic
EMPRESI-ASF-0002195,WAHIS-ASF-NLD-2022-10-10-00,WAHIS,African swine fever,ASF,Netherlands,NLD,52.5618,6.462,2022-10-14,2022-11-14,2022-11-19,Sus scrofa (wild boar),49,44,confirmed,synthetic
EMPRESI-ASF-0002223,WAHIS-ASF-HUN-2022-10-17-00,WAHIS,African swine fever,ASF,Hungary,HUN,47.744,18.4369,2022-10-18,2022-11-11,2022-11-19,Sus scrofa domesticus,29,22,confirmed,synthetic
EMPRESI-ASF-0002216,WAHIS-ASF-DEU-2022-10-17-01,WAHIS,African swine fever,ASF,Germany,DEU,51.5611,8.3023,2022-10-19,2022-11-13,2022-11-20,Sus scrofa domesticus,29,26,confirmed,synthetic
EMPRESI-ASF-0002253,WAHIS-ASF-FRA-2022-11-07-00,WAHIS,African swine fever,ASF,France,FRA,48.7373,6.5915,2022-11-07,2022-11-12,2022-11-20,Sus scrofa domesticus,38,34,confirmed,synthetic
EMPRESI-ASF-0002238,WAHIS-ASF-BEL-2022-10-24-00,WAHIS,African swine fever,ASF,Belgium,BEL,49.7844,4.9563,2022-10-25,2022-11-11,2022-11-20,Sus scrofa (wild boar),82,70,confirmed,synthetic
EMPRESI-ASF-0002252,WAHIS-ASF-RUS-2022-10-31-00,WAHIS,African swine fever,ASF,Russian Federation,RUS,58.171,51.8809,2022-11-05,2022-11-15,2022-11-21,Sus scrofa domesticus,326,281,confirmed,synthetic
EMPRESI-ASF-0002141,WAHIS-ASF-DEU-2022-09-26-04,WAHIS,African swine fever,ASF,Germany,DEU,52.2435,8.2775,2022-09-27,2022-11-15,2022-11-23,Sus scrofa domesticus,95,83,confirmed,synthetic
EMPRESI-ASF-0002250,WAHIS-ASF-HUN-2022-10-31-00,WAHIS,African swine fever,ASF,Hungary,HUN,47.3004,20.9498,2022-11-03,2022-11-18,2022-11-23,Sus scrofa domesticus,109,97,confirmed,synthetic
EMPRESI-ASF-0002203,WAHIS-ASF-HUN-2022-10-10-02,WAHIS,African swine fever,ASF,Hungary,HUN,47.7977,17.5628,2022-10-12,2022-11-16,2022-11-24,Sus scrofa (wild boar),166,144,confirmed,synthetic
EMPRESI-ASF-0002174,WAHIS-ASF-HUN-2022-10-03-00,WAHIS,African swine fever,ASF,Hungary,HUN,46.1502,18.9823,2022-10-07,2022-11-13,2022-11-26,Sus scrofa (wild boar),153,136,confirmed,synthetic
EMPRESI-ASF-0002237,WAHIS-ASF-DEU-2022-10-24-02,WAHIS,African swine fever,ASF,Germany,DEU,51.4679,7.44,2022-10-27,2022-11-12,2022-11-28,Sus scrofa domesticus,20,18,confirmed,synthetic
EMPRESI-ASF-0002204,WAHIS-ASF-ROU-2022-10-10-00,WAHIS,African swine fever,ASF,Romania,ROU,48.152,23.7369,2022-10-13,2022-11-22,2022-11-28,Sus scrofa (wild boar),88,78,confirmed,synthetic
EMPRESI-ASF-0002255,WAHIS-ASF-BEL-2022-11-07-00,WAHIS,African swine fever,ASF,Belgium,BEL,50.8657,4.4576,2022-11-09,2022-11-16,2022-11-28,Sus scrofa (wild boar),171,153,confirmed,synthetic
EMPRESI-ASF-0002190,WAHIS-ASF-FRA-2022-10-10-00,WAHIS,African swine fever,ASF,France,FRA,43.7732,0.6116,2022-10-14,2022-11-20,2022-11-29,Sus scrofa (wild boar),346,313,confirmed,synthetic
EMPRESI-ASF-0002242,WAHIS-ASF-POL-2022-10-24-00,WAHIS,African swine fever,ASF,Poland,POL,51.9367,19.0624,2022-10-26,2022-11-16,2022-11-30,Sus scrofa domesticus,81,66,confirmed,synthetic
EMPRESI-ASF-0002254,WAHIS-ASF-FRA-2022-11-07-01,WAHIS,African swine fever,ASF,France,FRA,44.838,1.9639,2022-11-12,2022-11-21,2022-12-01,Sus scrofa domesticus,280,239,confirmed,synthetic
EMPRESI-ASF-0002221,WAHIS-ASF-ITA-2022-10-17-00,WAHIS,African swine fever,ASF,Italy,ITA,43.1494,12.1845,2022-10-22,2022-11-16,2022-12-03,Sus scrofa domesticus,68,58,confirmed,synthetic
EMPRESI-HPAI-0001131,WAHIS-HPAI-HUN-2022-11-21-00,WAHIS,High pathogenicity avian influenza,HPAI,Hungary,HUN,47.7653,20.8137,2022-11-22,2022-11-27,2022-12-03,Meleagris gallopavo (domestic),10582,5846,confirmed,synthetic
EMPRESI-ASF-0002257,WAHIS-ASF-POL-2022-11-07-00,WAHIS,African swine fever,ASF,Poland,POL,50.356,16.1933,2022-11-08,2022-11-26,2022-12-03,Sus scrofa (wild boar),267,229,confirmed,synthetic
EMPRESI-ASF-0002194,WAHIS-ASF-DEU-2022-10-10-00,WAHIS,African swine fever,ASF,Germany,DEU,53.2559,10.274,2022-10-12,2022-11-27,2022-12-05,Sus scrofa domesticus,70,59,confirmed,synthetic
EMPRESI-ASF-0002209,WAHIS-ASF-UKR-2022-10-10-00,WAHIS,African swine fever,ASF,Ukraine,UKR,51.7107,34.8521,2022-10-14,2022-11-24,2022-12-05,Sus scrofa domesticus,55,45,confirmed,synthetic
EMPRESI-ASF-0002173,WAHIS-ASF-POL-2022-10-03-00,WAHIS,African swine fever,ASF,Poland,POL,52.7506,15.3982,2022-10-03,2022-11-28,2022-12-05,Sus scrofa (wild boar),113,104,confirmed,synthetic
EMPRESI-ASF-0001820,WAHIS-ASF-SRB-2022-08-01-03,WAHIS,African swine fever,ASF,Serbia,SRB,42.7541,19.7316,2022-08-04,2022-11-25,2022-12-07,Sus scrofa domesticus,37,34,confirmed,synthetic
EMPRESI-HPAI-0001129,WAHIS-HPAI-BEL-2022-11-21-00,WAHIS,High pathogenicity avian influenza,HPAI,Belgium,BEL,50.4626,4.8914,2022-11-23,2022-11-30,2022-12-07,Meleagris gallopavo (domestic),2914,1569,confirmed,synthetic
EMPRESI-ASF-0002180,WAHIS-ASF-SRB-2022-10-03-00,WAHIS,African swine fever,ASF,Serbia,SRB,44.7296,21.6834,2022-10-07,2022-12-01,2022-12-08,Sus scrofa domesticus,148,137,confirmed,synthetic
EMPRESI-ASF-0002251,WAHIS-ASF-ROU-2022-10-31-00,WAHIS,African swine fever,ASF,Romania,ROU,43.9037,25.4466,2022-11-03,2022-12-01,2022-12-09,Sus scrofa domesticus,27,25,confirmed,synthetic
EMPRESI-ASF-0002261,WAHIS-ASF-POL-2022-11-21-00,WAHIS,African swine fever,ASF,Poland,POL,52.898,23.2598,2022-11-24,2022-12-04,2022-12-09,Sus scrofa (wild boar),107,100,confirmed,synthetic
EMPRESI-ASF-0002259,WAHIS-ASF-DEU-2022-11-14-00,WAHIS,African swine fever,ASF,Germany,DEU,50.0349,8.3919,2022-11-20,2022-12-01,2022-12-09,Sus scrofa domesticus,110,99,confirmed,synthetic
EMPRESI-ASF-0001894,WAHIS-ASF-ROU-2022-08-15-01,WAHIS,African swine fever,ASF,Romania,ROU,46.6192,23.8477,2022-08-20,2022-11-30,2022-12-10,Sus scrofa (wild boar),158,142,confirmed,synthetic
EMPRESI-HPAI-0001127,WAHIS-HPAI-ITA-2022-11-14-00,WAHIS,High pathogenicity avian influenza,HPAI,Italy,ITA,40.3144,11.7228,2022-11-17,2022-11-25,2022-12-10,Larus spp. (wild),8718,4764,confirmed,synthetic
EMPRESI-HPAI-0001137,WAHIS-HPAI-NLD-2022-11-28-02,WAHIS,High pathogenicity avian influenza,HPAI,Netherlands,NLD,52.2529,6.8825,2022-11-28,2022-12-02,2022-12-10,Anas platyrhynchos (domestic),1109,599,confirmed,synthetic
EMPRESI-ASF-0002189,WAHIS-ASF-TUN-2022-10-03-00,WAHIS,African swine fever,ASF,Tunisia,TUN,33.0351,7.4989,2022-10-08,2022-11-29,2022-12-11,Sus scrofa (wild boar),121,109,confirmed,synthetic
EMPRESI-ASF-0002241,WAHIS-ASF-ITA-2022-10-24-00,WAHIS,African swine fever,ASF,Italy,ITA,45.0854,12.9414,2022-10-27,2022-12-06,2022-12-12,Sus scrofa (wild boar),16,14,confirmed,synthetic
EMPRESI-ASF-0002260,WAHIS-ASF-SRB-2022-11-14-00,WAHIS,African swine fever,ASF,Serbia,SRB,44.3398,21.6346,2022-11-15,2022-12-05,2022-12-12,Sus scrofa (wild boar),142,126,confirmed,synthetic
EMPRESI-HPAI-0001141,WAHIS-HPAI-TUR-2022-11-28-00,WAHIS,High pathogenicity avian influenza,HPAI,Türkiye,TUR,42.6685,35.3302,2022-11-29,2022-12-07,2022-12-16,Anas platyrhynchos (domestic),4597,2508,confirmed,synthetic
EMPRESI-ASF-0002109,WAHIS-ASF-DEU-2022-09-19-03,WAHIS,African swine fever,ASF,Germany,DEU,51.6658,14.7381,2022-09-20,2022-12-07,2022-12-17,Sus scrofa (wild boar),28,25,confirmed,synthetic
EMPRESI-HPAI-0001138,WAHIS-HPAI-HUN-2022-11-28-00,WAHIS,High pathogenicity avian influenza,HPAI,Hungary,HUN,46.7499,19.5465,2022-11-29,2022-12-10,2022-12-17,Anas platyrhynchos (domestic),3270,1820,confirmed,synthetic
EMPRESI-HPAI-0001149,WAHIS-HPAI-SRB-2022-12-05-00,WAHIS,High pathogenicity avian influenza,HPAI,Serbia,SRB,45.1463,20.5838,2022-12-09,2022-12-15,2022-12-19,Meleagris gallopavo (domestic),1385,758,confirmed,synthetic
EMPRESI-HPAI-0001152,WAHIS-HPAI-GEO-2022-12-05-00,WAHIS,High pathogenicity avian influenza,HPAI,Georgia,GEO,41.2945,44.8946,2022-12-08,2022-12-14,2022-12-20,Gallus gallus (domestic),4379,2357,confirmed,synthetic
EMPRESI-ASF-0002266,WAHIS-ASF-FRA-2022-12-05-00,WAHIS,African swine fever,ASF,France,FRA,46.5843,1.813,2022-12-06,2022-12-14,2022-12-20,Sus scrofa domesticus,76,59,confirmed,synthetic
EMPRESI-ASF-0002265,WAHIS-ASF-EGY-2022-11-28-00,WAHIS,African swine fever,ASF,Egypt,EGY,27.2336,36.3406,2022-12-02,2022-12-17,2022-12-22,Sus scrofa (wild boar),120,102,confirmed,synthetic
EMPRESI-HPAI-0001143,WAHIS-HPAI-ESP-2022-12-05-00,WAHIS,High pathogenicity avian influenza,HPAI,Spain,ESP,38.9899,-7.2585,2022-12-10,2022-12-18,2022-12-23,Meleagris gallopavo (domestic),2539,1430,confirmed,synthetic
EMPRESI-HPAI-0001144,WAHIS-HPAI-HUN-2022-12-05-00,WAHIS,High pathogenicity avian influenza,HPAI,Hungary,HUN,48.1783,18.4252,2022-12-06,2022-12-16,2022-12-23,Larus spp. (wild),5292,2876,confirmed,synthetic
EMPRESI-HPAI-0001126,WAHIS-HPAI-POL-2022-11-07-00,WAHIS,High pathogenicity avian influenza,HPAI,Poland,POL,52.3701,15.6022,2022-11-12,2022-12-15,2022-12-24,Larus spp. (wild),4170,2338,confirmed,synthetic
EMPRESI-ASF-0002052,WAHIS-ASF-SRB-2022-09-05-01,WAHIS,African swine fever,ASF,Serbia,SRB,44.61,20.6927,2022-09-05,2022-12-18,2022-12-25,Sus scrofa domesticus,94,82,confirmed,synthetic
EMPRESI-HPAI-0001142,WAHIS-HPAI-ITA-2022-12-05-00,WAHIS,High pathogenicity avian influenza,HPAI,Italy,ITA,42.24,14.1395,2022-12-11,2022-12-18,2022-12-25,Gallus gallus (domestic),7129,3892,confirmed,synthetic
EMPRESI-HPAI-0001150,WAHIS-HPAI-TUR-2022-12-05-00,WAHIS,High pathogenicity avian influenza,HPAI,Türkiye,TUR,36.2106,35.4745,2022-12-08,2022-12-16,2022-12-26,Larus spp. (wild),1782,989,confirmed,synthetic
EMPRESI-HPAI-0001145,WAHIS-HPAI-ROU-2022-12-05-00,WAHIS,High pathogenicity avian influenza,HPAI,Romania,ROU,45.9193,22.8909,2022-12-08,2022-12-21,2022-12-26,Cygnus olor (wild),1370,725,confirmed,synthetic
EMPRESI-HPAI-0001156,WAHIS-HPAI-POL-2022-12-12-00,WAHIS,High pathogenicity avian influenza,HPAI,Poland,POL,51.1739,21.2349,2022-12-16,2022-12-21,2022-12-27,Cygnus olor (wild),5514,3007,confirmed,synthetic
EMPRESI-HPAI-0001155,WAHIS-HPAI-NLD-2022-12-12-01,WAHIS,High pathogenicity avian influenza,HPAI,Netherlands,NLD,52.2627,4.187,2022-12-17,2022-12-24,2022-12-31,Larus spp. (wild),3686,2051,confirmed,synthetic
EMPRESI-ASF-0002227,WAHIS-ASF-SRB-2022-10-17-00,WAHIS,African swine fever,ASF,Serbia,SRB,44.6108,19.528,2022-10-19,2022-12-22,2022-12-31,Sus scrofa domesticus,140,126,confirmed,synthetic
EMPRESI-HPAI-0001160,WAHIS-HPAI-MDA-2022-12-12-01,WAHIS,High pathogenicity avian influenza,HPAI,Moldova,MDA,46.4306,29.2126,2022-12-18,2022-12-25,2023-01-01,Larus spp. (wild),3860,2095,confirmed,synthetic
EMPRESI-HPAI-0001146,WAHIS-HPAI-ROU-2022-12-05-01,WAHIS,High pathogenicity avian influenza,HPAI,Romania,ROU,43.9368,25.4415,2022-12-11,2022-12-24,2023-01-01,Gallus gallus (domestic),8898,4897,confirmed,synthetic
EMPRESI-ASF-0002263,WAHIS-ASF-RUS-2022-11-21-00,WAHIS,African swine fever,ASF,Russian Federation,RUS,57.9708,52.5147,2022-11-22,2022-12-28,2023-01-02,Sus scrofa domesticus,35,32,confirmed,synthetic
EMPRESI-HPAI-0001166,WAHIS-HPAI-ROU-2022-12-19-00,WAHIS,High pathogenicity avian influenza,HPAI,Romania,ROU,46.1027,21.9638,2022-12-19,2022-12-24,2023-01-02,Cygnus olor (wild),1293,754,confirmed,synthetic
EMPRESI-HPAI-0001125,WAHIS-HPAI-NLD-2022-11-07-00,WAHIS,High pathogenicity avian influenza,HPAI,Netherlands,NLD,53.2161,5.565,2022-11-10,2022-12-26,2023-01-02,Gallus gallus (domestic),4529,2456,confirmed,synthetic
EMPRESI-HPAI-0001164,WAHIS-HPAI-ESP-2022-12-19-00,WAHIS,High pathogenicity avian influenza,HPAI,Spain,ESP,41.9172,-5.3859,2022-12-19,2022-12-27,2023-01-03,Anas platyrhynchos (domestic),4601,2537,confirmed,synthetic
EMPRESI-HPAI-0001161,WAHIS-HPAI-TUR-2022-12-12-00,WAHIS,High pathogenicity avian influenza,HPAI,Türkiye,TUR,36.8087,38.9096,2022-12-18,2022-12-27,2023-01-03,Gallus gallus (domestic),2886,1587,confirmed,synthetic
EMPRESI-HPAI-0001147,WAHIS-HPAI-ROU-2022-12-05-02,WAHIS,High pathogenicity avian influenza,HPAI,Romania,ROU,48.0298,23.2489,2022-12-11,2022-12-22,2023-01-05,Meleagris gallopavo (domestic),2137,1183,confirmed,synthetic
EMPRESI-HPAI-0001170,WAHIS-HPAI-GEO-2022-12-19-00,WAHIS,High pathogenicity avian influenza,HPAI,Georgia,GEO,41.4356,43.0282,2022-12-19,2022-12-27,2023-01-05,Gallus gallus (domestic),7863,4373,confirmed,synthetic
EMPRESI-HPAI-0001157,WAHIS-HPAI-ROU-2022-12-12-00,WAHIS,High pathogenicity avian influenza,HPAI,Romania,ROU,44.3878,26.4724,2022-12-16,2022-12-28,2023-01-05,Larus spp. (wild),1479,845,confirmed,synthetic
EMPRESI-HPAI-0001163,WAHIS-HPAI-ITA-2022-12-19-00,WAHIS,High pathogenicity avian influenza,HPAI,Italy,ITA,42.8013,12.9341,2022-12-20,2022-12-29,2023-01-05,Cygnus olor (wild),1814,1024,confirmed,synthetic
EMPRESI-ASF-0002256,WAHIS-ASF-ESP-2022-11-07-00,WAHIS,African swine fever,ASF,Spain,ESP,39.0891,-4.0368,2022-11-12,2023-01-01,2023-01-07,Sus scrofa domesticus,132,115,confirmed,synthetic
EMPRESI-HPAI-0001139,WAHIS-HPAI-ROU-2022-11-28-00,WAHIS,High pathogenicity avian influenza,HPAI,Romania,ROU,46.3504,23.2363,2022-12-04,2023-01-01,2023-01-09,Cygnus olor (wild),1157,666,confirmed,synthetic
EMPRESI-HPAI-0001159,WAHIS-HPAI-MDA-2022-12-12-00,WAHIS,High pathogenicity avian influenza,HPAI,Moldova,MDA,47.7924,27.4781,2022-12-12,2022-12-29,2023-01-11,Anas platyrhynchos (domestic),1896,985,confirmed,synthetic
EMPRESI-HPAI-0001172,WAHIS-HPAI-ESP-2022-12-26-00,WAHIS,High pathogenicity avian influenza,HPAI,Spain,ESP,37.4825,-4.1196,2023-01-01,2023-01-07,2023-01-12,Cygnus olor (wild),2721,1469,confirmed,synthetic
EMPRESI-HPAI-0001174,WAHIS-HPAI-ROU-2022-12-26-00,WAHIS,High pathogenicity avian influenza,HPAI,Romania,ROU,46.0536,26.4364,2022-12-27,2023-01-06,2023-01-13,Gallus gallus (domestic),5016,2796,confirmed,synthetic
EMPRESI-HPAI-0001162,WAHIS-HPAI-TUN-2022-12-12-00,WAHIS,High pathogenicity avian influenza,HPAI,Tunisia,TUN,34.23,9.5705,2022-12-14,2023-01-08,2023-01-16,Larus spp. (wild),3541,1954,confirmed,synthetic
EMPRESI-HPAI-0001175,WAHIS-HPAI-EGY-2022-12-26-00,WAHIS,High pathogenicity avian influenza,HPAI,Egypt,EGY,22.1146,28.7851,2022-12-29,2023-01-12,2023-01-17,Meleagris gallopavo (domestic),2669,1464,confirmed,synthetic
EMPRESI-HPAI-0001154,WAHIS-HPAI-NLD-2022-12-12-00,WAHIS,High pathogenicity avian influenza,HPAI,Netherlands,NLD,53.0919,5.7308,2022-12-13,2023-01-10,2023-01-18,Cygnus olor (wild),3421,1901,confirmed,synthetic
EMPRESI-HPAI-0001173,WAHIS-HPAI-HUN-2022-12-26-00,WAHIS,High pathogenicity avian influenza,HPAI,Hungary,HUN,46.7974,17.3769,2022-12-31,2023-01-13,2023-01-20,Larus spp. (wild),3490,1937,confirmed,synthetic
EMPRESI-HPAI-0001167,WAHIS-HPAI-ROU-2022-12-19-01,WAHIS,High pathogenicity avian influenza,HPAI,Romania,ROU,47.1015,24.5654,2022-12-19,2023-01-17,2023-01-22,Cygnus olor (wild),6335,3551,confirmed,synthetic
EMPRESI-HPAI-0001133,WAHIS-HPAI-MDA-2022-11-21-00,WAHIS,High pathogenicity avian influenza,HPAI,Moldova,MDA,47.7497,28.9531,2022-11-24,2023-01-14,2023-01-22,Cygnus olor (wild),2872,1605,confirmed,synthetic
EMPRESI-HPAI-0001169,WAHIS-HPAI-TUR-2022-12-19-01,WAHIS,High pathogenicity avian influenza,HPAI,Türkiye,TUR,41.6211,38.4297,2022-12-25,2023-01-16,2023-01-24,Anas platyrhynchos (domestic),5353,2913,confirmed,synthetic
EMPRESI-HPAI-0001181,WAHIS-HPAI-ISR-2023-01-09-00,WAHIS,High pathogenicity avian influenza,HPAI,Israel,ISR,31.3824,34.4491,2023-01-10,2023-01-19,2023-01-28,Anas platyrhynchos (domestic),3145,1704,confirmed,synthetic
EMPRESI-ASF-0002258,WAHIS-ASF-GEO-2022-11-07-00,WAHIS,African swine fever,ASF,Georgia,GEO,42.5138,44.0343,2022-11-11,2023-01-19,2023-01-31,Sus scrofa domesticus,482,425,confirmed,synthetic
EMPRESI-HPAI-0001184,WAHIS-HPAI-ESP-2023-01-23-01,WAHIS,High pathogenicity avian influenza,HPAI,Spain,ESP,41.4342,-2.1275,2023-01-23,2023-01-28,2023-02-06,Anas platyrhynchos (domestic),3782,2095,confirmed,synthetic
EMPRESI-HPAI-0001183,WAHIS-HPAI-ESP-2023-01-23-00,WAHIS,High pathogenicity avian influenza,HPAI,Spain,ESP,38.5859,-4.0237,2023-01-25,2023-01-31,2023-02-09,Meleagris gallopavo (domestic),2117,1138,confirmed,synthetic
EMPRESI-HPAI-0001180,WAHIS-HPAI-ESP-2023-01-09-00,WAHIS,High pathogenicity avian influenza,HPAI,Spain,ESP,39.2903,-1.7583,2023-01-15,2023-02-05,2023-02-12,Gallus gallus (domestic),9588,5256,confirmed,synthetic
EMPRESI-HPAI-0001189,WAHIS-HPAI-ISR-2023-01-23-00,WAHIS,High pathogenicity avian influenza,HPAI,Israel,ISR,31.6931,34.4969,2023-01-25,2023-02-04,2023-02-12,Meleagris gallopavo (domestic),2287,1221,confirmed,synthetic
EMPRESI-HPAI-0001186,WAHIS-HPAI-SRB-2023-01-23-00,WAHIS,High pathogenicity avian influenza,HPAI,Serbia,SRB,43.9437,20.8576,2023-01-28,2023-02-07,2023-02-15,Larus spp. (wild),2260,1215,confirmed,synthetic
EMPRESI-HPAI-0001176,WAHIS-HPAI-ITA-2023-01-02-00,WAHIS,High pathogenicity avian influenza,HPAI,Italy,ITA,43.957,12.9526,2023-01-04,2023-02-10,2023-02-16,Meleagris gallopavo (domestic),2192,1199,confirmed,synthetic
EMPRESI-HPAI-0001197,WAHIS-HPAI-ISR-2023-02-06-00,WAHIS,High pathogenicity avian influenza,HPAI,Israel,ISR,31.4782,35.4505,2023-02-07,2023-02-14,2023-02-19,Cygnus olor (wild),6393,3534,confirmed,synthetic
EMPRESI-HPAI-0001195,WAHIS-HPAI-UKR-2023-02-06-00,WAHIS,High pathogenicity avian influenza,HPAI,Ukraine,UKR,50.5823,27.8723,2023-02-11,2023-02-18,2023-02-24,Gallus gallus (domestic),400,212,confirmed,synthetic
EMPRESI-HPAI-0001192,WAHIS-HPAI-ESP-2023-02-06-00,WAHIS,High pathogenicity avian influenza,HPAI,Spain,ESP,39.536,-2.5825,2023-02-12,2023-02-20,2023-02-25,Larus spp. (wild),6166,3406,confirmed,synthetic
EMPRESI-HPAI-0001198,WAHIS-HPAI-ISR-2023-02-06-01,WAHIS,High pathogenicity avian influenza,HPAI,Israel,ISR,31.1571,34.6578,2023-02-08,2023-02-15,2023-02-26,Anas platyrhynchos (domestic),4920,2668,confirmed,synthetic
EMPRESI-HPAI-0001191,WAHIS-HPAI-MAR-2023-01-30-00,WAHIS,High pathogenicity avian influenza,HPAI,Morocco,MAR,32.9572,-3.407,2023-02-04,2023-02-18,2023-02-28,Cygnus olor (wild),3569,1949,confirmed,synthetic
EMPRESI-HPAI-0001202,WAHIS-HPAI-UKR-2023-02-13-00,WAHIS,High pathogenicity avian influenza,HPAI,Ukraine,UKR,50.8849,29.8384,2023-02-13,2023-02-19,2023-02-28,Cygnus olor (wild),1312,730,confirmed,synthetic
EMPRESI-HPAI-0001194,WAHIS-HPAI-ROU-2023-02-06-00,WAHIS,High pathogenicity avian influenza,HPAI,Romania,ROU,43.6758,25.2493,2023-02-07,2023-02-16,2023-02-28,Anas platyrhynchos (domestic),2922,1609,confirmed,synthetic
EMPRESI-HPAI-0001196,WAHIS-HPAI-TUR-2023-02-06-00,WAHIS,High pathogenicity avian influenza,HPAI,Türkiye,TUR,38.5998,39.519,2023-02-06,2023-02-19,2023-02-28,Anas platyrhynchos (domestic),8456,4649,confirmed,synthetic
EMPRESI-HPAI-0001199,WAHIS-HPAI-ISR-2023-02-06-02,WAHIS,High pathogenicity avian influenza,HPAI,Israel,ISR,30.9169,34.4156,2023-02-07,2023-02-19,2023-03-03,Anas platyrhynchos (domestic),3967,2230,confirmed,synthetic
EMPRESI-HPAI-0001200,WAHIS-HPAI-DEU-2023-02-13-00,WAHIS,High pathogenicity avian influenza,HPAI,Germany,DEU,51.7168,10.7413,2023-02-17,2023-02-26,2023-03-03,Anas platyrhynchos (domestic),4754,2626,confirmed,synthetic
EMPRESI-HPAI-0001206,WAHIS-HPAI-ISR-2023-02-20-01,WAHIS,High pathogenicity avian influenza,HPAI,Israel,ISR,30.8678,34.4703,2023-02-25,2023-03-04,2023-03-10,Anas platyrhynchos (domestic),3677,2064,confirmed,synthetic
EMPRESI-HPAI-0001179,WAHIS-HPAI-MAR-2023-01-02-00,WAHIS,High pathogenicity avian influenza,HPAI,Morocco,MAR,31.1366,-8.3469,2023-01-05,2023-03-03,2023-03-10,Gallus gallus (domestic),2109,1129,confirmed,synthetic
EMPRESI-HPAI-0001201,WAHIS-HPAI-BGR-2023-02-13-00,WAHIS,High pathogenicity avian influenza,HPAI,Bulgaria,BGR,43.1313,24.1406,2023-02-19,2023-03-06,2023-03-10,Gallus gallus (domestic),1202,655,confirmed,synthetic
EMPRESI-HPAI-0001209,WAHIS-HPAI-UKR-2023-02-27-00,WAHIS,High pathogenicity avian influenza,HPAI,Ukraine,UKR,50.6174,28.6803,2023-02-27,2023-03-06,2023-03-12,Anas platyrhynchos (domestic),7140,3919,confirmed,synthetic
EMPRESI-HPAI-0001211,WAHIS-HPAI-ISR-2023-02-27-00,WAHIS,High pathogenicity avian influenza,HPAI,Israel,ISR,31.5779,34.5828,2023-03-02,2023-03-10,2023-03-16,Anas platyrhynchos (domestic),2648,1448,confirmed,synthetic
EMPRESI-HPAI-0001207,WAHIS-HPAI-NLD-2023-02-27-00,WAHIS,High pathogenicity avian influenza,HPAI,Netherlands,NLD,52.2951,3.9234,2023-03-02,2023-03-09,2023-03-18,Gallus gallus (domestic),2582,1434,confirmed,synthetic
EMPRESI-HPAI-0001203,WAHIS-HPAI-TUN-2023-02-13-00,WAHIS,High pathogenicity avian influenza,HPAI,Tunisia,TUN,33.9698,9.0011,2023-02-19,2023-03-18,2023-03-23,Anas platyrhynchos (domestic),2016,1073,confirmed,synthetic
EMPRESI-HPAI-0001212,WAHIS-HPAI-DEU-2023-03-06-00,WAHIS,High pathogenicity avian influenza,HPAI,Germany,DEU,50.5654,6.6417,2023-03-11,2023-03-20,2023-03-27,Meleagris gallopavo (domestic),3650,1996,confirmed,synthetic
EMPRESI-HPAI-0001204,WAHIS-HPAI-DEU-2023-02-20-00,WAHIS,High pathogenicity avian influenza,HPAI,Germany,DEU,53.9879,8.9437,2023-02-24,2023-03-15,2023-03-27,Cygnus olor (wild),5057,2702,confirmed,synthetic
EMPRESI-HPAI-0001215,WAHIS-HPAI-BEL-2023-03-13-00,WAHIS,High pathogenicity avian influenza,HPAI,Belgium,BEL,50.0628,4.7494,2023-03-15,2023-03-25,2023-03-28,Meleagris gallopavo (domestic),3443,1959,confirmed,synthetic
EMPRESI-HPAI-0001214,WAHIS-HPAI-GEO-2023-03-06-00,WAHIS,High pathogenicity avian influenza,HPAI,Georgia,GEO,42.931,42.9566,2023-03-09,2023-03-23,2023-03-31,Larus spp. (wild),5688,3170,confirmed,synthetic
EMPRESI-HPAI-0001217,WAHIS-HPAI-ESP-2023-03-13-00,WAHIS,High pathogenicity avian influenza,HPAI,Spain,ESP,41.0414,-4.0422,2023-03-17,2023-03-25,2023-04-01,Gallus gallus (domestic),4883,2627,confirmed,synthetic
EMPRESI-HPAI-0001208,WAHIS-HPAI-ESP-2023-02-27-00,WAHIS,High pathogenicity avian influenza,HPAI,Spain,ESP,38.0712,-6.4926,2023-03-05,2023-03-22,2023-04-01,Anas platyrhynchos (domestic),1456,816,confirmed,synthetic
EMPRESI-HPAI-0001213,WAHIS-HPAI-ESP-2023-03-06-00,WAHIS,High pathogenicity avian influenza,HPAI,Spain,ESP,42.3008,-1.5652,2023-03-09,2023-03-19,2023-04-01,Anas platyrhynchos (domestic),6009,3303,confirmed,synthetic
EMPRESI-HPAI-0001229,WAHIS-HPAI-GEO-2023-03-20-00,WAHIS,High pathogenicity avian influenza,HPAI,Georgia,GEO,40.7623,43.7155,2023-03-20,2023-03-30,2023-04-05,Cygnus olor (wild),3083,1642,confirmed,synthetic
EMPRESI-HPAI-0001228,WAHIS-HPAI-TUR-2023-03-20-00,WAHIS,High pathogenicity avian influenza,HPAI,Türkiye,TUR,42.828,36.6379,2023-03-22,2023-03-29,2023-04-05,Gallus gallus (domestic),1278,690,confirmed,synthetic
EMPRESI-HPAI-0001220,WAHIS-HPAI-NLD-2023-03-20-00,WAHIS,High pathogenicity avian influenza,HPAI,Netherlands,NLD,52.0044,6.3492,2023-03-26,2023-04-01,2023-04-07,Anas platyrhynchos (domestic),3703,2073,confirmed,synthetic
EMPRESI-HPAI-0001227,WAHIS-HPAI-RUS-2023-03-20-00,WAHIS,High pathogenicity avian influenza,HPAI,Russian Federation,RUS,56.1335,54.7365,2023-03-21,2023-04-01,2023-04-08,Gallus gallus (domestic),1756,988,confirmed,synthetic
EMPRESI-HPAI-0001223,WAHIS-HPAI-ESP-2023-03-20-01,WAHIS,High pathogenicity avian influenza,HPAI,Spain,ESP,39.5952,0.602,2023-03-22,2023-03-31,2023-04-09,Meleagris gallopavo (domestic),4782,2594,confirmed,synthetic
EMPRESI-HPAI-0001218,WAHIS-HPAI-UKR-2023-03-13-00,WAHIS,High pathogenicity avian influenza,HPAI,Ukraine,UKR,45.4557,29.5819,2023-03-19,2023-04-07,2023-04-15,Larus spp. (wild),1017,568,confirmed,synthetic
EMPRESI-HPAI-0001233,WAHIS-HPAI-SRB-2023-03-27-00,WAHIS,High pathogenicity avian influenza,HPAI,Serbia,SRB,45.2447,20.4709,2023-04-01,2023-04-09,2023-04-15,Anas platyrhynchos (domestic),6555,3654,confirmed,synthetic
EMPRESI-HPAI-0001231,WAHIS-HPAI-ITA-2023-03-27-00,WAHIS,High pathogenicity avian influenza,HPAI,Italy,ITA,44.4404,13.7469,2023-03-31,2023-04-09,2023-04-16,Gallus gallus (domestic),3371,1837,confirmed,synthetic
EMPRESI-HPAI-0001225,WAHIS-HPAI-POL-2023-03-20-00,WAHIS,High pathogenicity avian influenza,HPAI,Poland,POL,50.8754,20.1456,2023-03-26,2023-04-10,2023-04-17,Meleagris gallopavo (domestic),9107,4992,confirmed,synthetic
EMPRESI-HPAI-0001221,WAHIS-HPAI-ITA-2023-03-20-00,WAHIS,High pathogenicity avian influenza,HPAI,Italy,ITA,44.0316,10.9688,2023-03-20,2023-04-12,2023-04-19,Gallus gallus (domestic),9472,5207,confirmed,synthetic
EMPRESI-HPAI-0001239,WAHIS-HPAI-ITA-2023-04-03-00,WAHIS,High pathogenicity avian influenza,HPAI,Italy,ITA,44.1138,13.8406,2023-04-03,2023-04-12,2023-04-20,Larus spp. (wild),1888,1050,confirmed,synthetic
EMPRESI-HPAI-0001237,WAHIS-HPAI-DEU-2023-04-03-00,WAHIS,High pathogenicity avian influenza,HPAI,Germany,DEU,50.8043,14.1322,2023-04-03,2023-04-11,2023-04-20,Meleagris gallopavo (domestic),3636,2032,confirmed,synthetic
EMPRESI-HPAI-0001245,WAHIS-HPAI-NLD-2023-04-10-00,WAHIS,High pathogenicity avian influenza,HPAI,Netherlands,NLD,51.9188,4.0712,2023-04-11,2023-04-17,2023-04-26,Anas platyrhynchos (domestic),1290,722,confirmed,synthetic
EMPRESI-HPAI-0001254,WAHIS-HPAI-SRB-2023-04-10-00,WAHIS,High pathogenicity avian influenza,HPAI,Serbia,SRB,44.4347,21.2467,2023-04-15,2023-04-21,2023-04-26,Cygnus olor (wild),6030,3342,confirmed,synthetic
EMPRESI-HPAI-0001240,WAHIS-HPAI-ITA-2023-04-03-01,WAHIS,High pathogenicity avian influenza,HPAI,Italy,ITA,44.8927,11.506,2023-04-09,2023-04-18,2023-04-26,Meleagris gallopavo (domestic),2035,1137,confirmed,synthetic
EMPRESI-HPAI-0001235,WAHIS-HPAI-MAR-2023-03-27-00,WAHIS,High pathogenicity avian influenza,HPAI,Morocco,MAR,31.4586,-5.0619,2023-04-01,2023-04-19,2023-04-27,Meleagris gallopavo (domestic),1595,901,confirmed,synthetic
EMPRESI-HPAI-0001236,WAHIS-HPAI-FRA-2023-04-03-00,WAHIS,High pathogenicity avian influenza,HPAI,France,FRA,45.227,7.2608,2023-04-06,2023-04-23,2023-04-28,Meleagris gallopavo (domestic),9117,5005,confirmed,synthetic
EMPRESI-HPAI-0001241,WAHIS-HPAI-SRB-2023-04-03-00,WAHIS,High pathogenicity avian influenza,HPAI,Serbia,SRB,42.9732,21.481,2023-04-03,2023-04-23,2023-04-28,Anas platyrhynchos (domestic),984,541,confirmed,synthetic
EMPRESI-HPAI-0001249,WAHIS-HPAI-BEL-2023-04-10-00,WAHIS,High pathogenicity avian influenza,HPAI,Belgium,BEL,50.9804,5.3928,2023-04-10,2023-04-20,2023-04-29,Larus spp. (wild),6683,3658,confirmed,synthetic
EMPRESI-HPAI-0001251,WAHIS-HPAI-ITA-2023-04-10-00,WAHIS,High pathogenicity avian influenza,HPAI,Italy,ITA,43.1561,15.0459,2023-04-10,2023-04-20,2023-05-01,Larus spp. (wild),2910,1584,confirmed,synthetic
EMPRESI-HPAI-0001250,WAHIS-HPAI-BEL-2023-04-10-01,WAHIS,High pathogenicity avian influenza,HPAI,Belgium,BEL,51.3703,4.9712,2023-04-13,2023-04-21,2023-05-02,Meleagris gallopavo (domestic),4397,2362,confirmed,synthetic
EMPRESI-HPAI-0001248,WAHIS-HPAI-NLD-2023-04-10-03,WAHIS,High pathogenicity avian influenza,HPAI,Netherlands,NLD,51.9067,7.1202,2023-04-12,2023-04-23,2023-05-03,Larus spp. (wild),1556,829,confirmed,synthetic
EMPRESI-HPAI-0001260,WAHIS-HPAI-NLD-2023-04-17-03,WAHIS,High pathogenicity avian influenza,HPAI,Netherlands,NLD,52.5261,7.0629,2023-04-18,2023-04-25,2023-05-03,Larus spp. (wild),7778,4322,confirmed,synthetic
EMPRESI-HPAI-0001258,WAHIS-HPAI-NLD-2023-04-17-01,WAHIS,High pathogenicity avian influenza,HPAI,Netherlands,NLD,53.1436,5.0126,2023-04-19,2023-04-28,2023-05-04,Gallus gallus (domestic),1795,1003,confirmed,synthetic
EMPRESI-HPAI-0001269,WAHIS-HPAI-SRB-2023-04-17-00,WAHIS,High pathogenicity avian influenza,HPAI,Serbia,SRB,43.8755,22.3155,2023-04-21,2023-04-29,2023-05-04,Larus spp. (wild),719,400,confirmed,synthetic
EMPRESI-HPAI-0001259,WAHIS-HPAI-NLD-2023-04-17-02,WAHIS,High pathogenicity avian influenza,HPAI,Netherlands,NLD,51.9237,7.1605,2023-04-19,2023-04-26,2023-05-04,Cygnus olor (wild),5504,3050,confirmed,synthetic
EMPRESI-HPAI-0001222,WAHIS-HPAI-ESP-2023-03-20-00,WAHIS,High pathogenicity avian influenza,HPAI,Spain,ESP,37.8931,-6.2218,2023-03-23,2023-04-28,2023-05-05,Cygnus olor (wild),3227,1722,confirmed,synthetic
EMPRESI-HPAI-0001264,WAHIS-HPAI-ITA-2023-04-17-00,WAHIS,High pathogenicity avian influenza,HPAI,Italy,ITA,42.6002,9.1125,2023-04-23,2023-04-28,2023-05-05,Meleagris gallopavo (domestic),4526,2471,confirmed,synthetic
EMPRESI-HPAI-0001262,WAHIS-HPAI-BEL-2023-04-17-01,WAHIS,High pathogenicity avian influenza,HPAI,Belgium,BEL,50.7869,3.4296,2023-04-19,2023-05-01,2023-05-06,Gallus gallus (domestic),6494,3592,confirmed,synthetic
EMPRESI-HPAI-0001243,WAHIS-HPAI-FRA-2023-04-10-01,WAHIS,High pathogenicity avian influenza,HPAI,France,FRA,47.1084,4.4779,2023-04-10,2023-04-29,2023-05-07,Cygnus olor (wild),1350,745,confirmed,synthetic
EMPRESI-HPAI-0001247,WAHIS-HPAI-NLD-2023-04-10-02,WAHIS,High pathogenicity avian influenza,HPAI,Netherlands,NLD,51.8482,4.3128,2023-04-16,2023-04-30,2023-05-08,Meleagris gallopavo (domestic),771,415,confirmed,synthetic
EMPRESI-HPAI-0001261,WAHIS-HPAI-BEL-2023-04-17-00,WAHIS,High pathogenicity avian influenza,HPAI,Belgium,BEL,50.1365,5.6535,2023-04-19,2023-04-30,2023-05-08,Cygnus olor (wild),498,271,confirmed,synthetic
EMPRESI-HPAI-0001256,WAHIS-HPAI-DEU-2023-04-17-00,WAHIS,High pathogenicity avian influenza,HPAI,Germany,DEU,50.1584,12.9058,2023-04-23,2023-05-03,2023-05-09,Meleagris gallopavo (domestic),11282,6133,confirmed,synthetic
EMPRESI-HPAI-0001273,WAHIS-HPAI-NLD-2023-04-24-02,WAHIS,High pathogenicity avian influenza,HPAI,Netherlands,NLD,51.6474,6.2953,2023-04-27,2023-05-02,2023-05-09,Anas platyrhynchos (domestic),3829,2045,confirmed,synthetic
EMPRESI-HPAI-0001280,WAHIS-HPAI-ITA-2023-04-24-00,WAHIS,High pathogenicity avian influenza,HPAI,Italy,ITA,43.4162,11.1172,2023-04-29,2023-05-04,2023-05-09,Anas platyrhynchos (domestic),2684,1434,confirmed,synthetic
EMPRESI-HPAI-0001282,WAHIS-HPAI-HUN-2023-04-24-00,WAHIS,High pathogenicity avian influenza,HPAI,Hungary,HUN,47.339,21.1895,2023-04-26,2023-05-02,2023-05-09,Gallus gallus (domestic),3274,1796,confirmed,synthetic
EMPRESI-HPAI-0001272,WAHIS-HPAI-NLD-2023-04-24-01,WAHIS,High pathogenicity avian influenza,HPAI,Netherlands,NLD,51.5392,5.847,2023-04-25,2023-05-02,2023-05-09,Meleagris gallopavo (domestic),1999,1115,confirmed,synthetic
EMPRESI-HPAI-0001267,WAHIS-HPAI-HUN-2023-04-17-00,WAHIS,High pathogenicity avian influenza,HPAI,Hungary,HUN,47.5499,19.9818,2023-04-21,2023-05-02,2023-05-10,Gallus gallus (domestic),2285,1257,confirmed,synthetic
EMPRESI-HPAI-0001271,WAHIS-HPAI-NLD-2023-04-24-00,WAHIS,High pathogenicity avian influenza,HPAI,Netherlands,NLD,52.1919,4.4633,2023-04-28,2023-05-02,2023-05-10,Anas platyrhynchos (domestic),10050,5467,confirmed,synthetic
EMPRESI-HPAI-0001253,WAHIS-HPAI-POL-2023-04-10-01,WAHIS,High pathogenicity avian influenza,HPAI,Poland,POL,52.1986,15.7619,2023-04-10,2023-05-04,2023-05-10,Gallus gallus (domestic),2733,1507,confirmed,synthetic
EMPRESI-HPAI-0001276,WAHIS-HPAI-BEL-2023-04-24-00,WAHIS,High pathogenicity avian influenza,HPAI,Belgium,BEL,50.1993,3.9313,2023-04-24,2023-05-04,2023-05-10,Meleagris gallopavo (domestic),608,338,confirmed,synthetic
EMPRESI-HPAI-0001257,WAHIS-HPAI-NLD-2023-04-17-00,WAHIS,High pathogenicity avian influenza,HPAI,Netherlands,NLD,51.7993,5.9664,2023-04-21,2023-05-01,2023-05-12,Anas platyrhynchos (domestic),6481,3597,confirmed,synthetic
EMPRESI-HPAI-0001263,WAHIS-HPAI-BEL-2023-04-17-02,WAHIS,High pathogenicity avian influenza,HPAI,Belgium,BEL,50.8108,5.9415,2023-04-22,2023-05-03,2023-05-12,Cygnus olor (wild),1102,584,confirmed,synthetic
EMPRESI-HPAI-0001265,WAHIS-HPAI-ESP-2023-04-17-00,WAHIS,High pathogenicity avian influenza,HPAI,Spain,ESP,41.5097,-3.0186,2023-04-21,2023-05-08,2023-05-13,Anas platyrhynchos (domestic),1487,847,confirmed,synthetic
EMPRESI-HPAI-0001274,WAHIS-HPAI-NLD-2023-04-24-03,WAHIS,High pathogenicity avian influenza,HPAI,Netherlands,NLD,52.1225,4.3437,2023-04-30,2023-05-06,2023-05-13,Anas platyrhynchos (domestic),8014,4400,confirmed,synthetic
EMPRESI-HPAI-0001270,WAHIS-HPAI-DEU-2023-04-24-00,WAHIS,High pathogenicity avian influenza,HPAI,Germany,DEU,51.8807,14.8343,2023-04-27,2023-05-06,2023-05-14,Anas platyrhynchos (domestic),4212,2300,confirmed,synthetic
EMPRESI-HPAI-0001295,WAHIS-HPAI-POL-2023-05-01-01,WAHIS,High pathogenicity avian influenza,HPAI,Poland,POL,50.5432,21.8484,2023-05-02,2023-05-06,2023-05-14,Cygnus olor (wild),1801,1008,confirmed,synthetic
EMPRESI-HPAI-0001252,WAHIS-HPAI-POL-2023-04-10-00,WAHIS,High pathogenicity avian influenza,HPAI,Poland,POL,50.4799,21.8303,2023-04-11,2023-05-07,2023-05-14,Anas platyrhynchos (domestic),4428,2500,confirmed,synthetic
EMPRESI-HPAI-0001255,WAHIS-HPAI-UKR-2023-04-10-00,WAHIS,High pathogenicity avian influenza,HPAI,Ukraine,UKR,51.0899,27.9454,2023-04-10,2023-05-10,2023-05-16,Larus spp. (wild),1629,949,confirmed,synthetic
EMPRESI-HPAI-0001275,WAHIS-HPAI-NLD-2023-04-24-04,WAHIS,High pathogenicity avian influenza,HPAI,Netherlands,NLD,51.7424,6.5459,2023-04-28,2023-05-06,2023-05-16,Gallus gallus (domestic),7111,3926,confirmed,synthetic
EMPRESI-HPAI-0001307,WAHIS-HPAI-NLD-2023-05-08-05,WAHIS,High pathogenicity avian influenza,HPAI,Netherlands,NLD,52.7764,4.8696,2023-05-13,2023-05-15,2023-05-19,Larus spp. (wild),1550,852,confirmed,synthetic
EMPRESI-HPAI-0001288,WAHIS-HPAI-NLD-2023-05-01-02,WAHIS,High pathogenicity avian influenza,HPAI,Netherlands,NLD,51.501,6.7993,2023-05-05,2023-05-12,2023-05-20,Anas platyrhynchos (domestic),1181,685,confirmed,synthetic
EMPRESI-HPAI-0001306,WAHIS-HPAI-NLD-2023-05-08-04,WAHIS,High pathogenicity avian influenza,HPAI,Netherlands,NLD,52.8448,5.6058,2023-05-11,2023-05-15,2023-05-22,Gallus gallus (domestic),8296,4560,confirmed,synthetic
EMPRESI-HPAI-0001289,WAHIS-HPAI-BEL-2023-05-01-00,WAHIS,High pathogenicity avian influenza,HPAI,Belgium,BEL,51.2552,4.8462,2023-05-02,2023-05-17,2023-05-24,Anas platyrhynchos (domestic),6934,3825,confirmed,synthetic
EMPRESI-HPAI-0001303,WAHIS-HPAI-NLD-2023-05-08-01,WAHIS,High pathogenicity avian influenza,HPAI,Netherlands,NLD,52.5649,6.5356,2023-05-08,2023-05-15,2023-05-24,Larus spp. (wild),1671,949,confirmed,synthetic
EMPRESI-HPAI-0001300,WAHIS-HPAI-RUS-2023-05-01-00,WAHIS,High pathogenicity avian influenza,HPAI,Russian Federation,RUS,59.8586,38.4448,2023-05-06,2023-05-16,2023-05-25,Cygnus olor (wild),2004,1084,confirmed,synthetic
EMPRESI-HPAI-0001281,WAHIS-HPAI-POL-2023-04-24-00,WAHIS,High pathogenicity avian influenza,HPAI,Poland,POL,53.5765,20.4515,2023-04-29,2023-05-11,2023-05-26,Anas platyrhynchos (domestic),2806,1586,confirmed,synthetic
EMPRESI-HPAI-0001290,WAHIS-HPAI-BEL-2023-05-01-01,WAHIS,High pathogenicity avian influenza,HPAI,Belgium,BEL,51.227,4.946,2023-05-07,2023-05-18,2023-05-28,Larus spp. (wild),2462,1329,confirmed,synthetic
EMPRESI-ASF-0002268,WAHIS-ASF-ESP-2023-05-01-00,WAHIS,African swine fever,ASF,Spain,ESP,40.4389,-7.5875,2023-05-05,2023-05-23,2023-05-28,Sus scrofa domesticus,101,89,confirmed,synthetic
EMPRESI-HPAI-0001293,WAHIS-HPAI-BEL-2023-05-01-04,WAHIS,High pathogenicity avian influenza,HPAI,Belgium,BEL,51.1587,3.6057,2023-05-02,2023-05-22,2023-05-28,Gallus gallus (domestic),298,159,confirmed,synthetic
EMPRESI-HPAI-0001294,WAHIS-HPAI-POL-2023-05-01-00,WAHIS,High pathogenicity avian influenza,HPAI,Poland,POL,53.5463,16.6452,2023-05-06,2023-05-23,2023-05-28,Anas platyrhynchos (domestic),4874,2662,confirmed,synthetic
EMPRESI-HPAI-0001298,WAHIS-HPAI-ROU-2023-05-01-00,WAHIS,High pathogenicity avian influenza,HPAI,Romania,ROU,46.9505,27.4617,2023-05-04,2023-05-18,2023-05-28,Meleagris gallopavo (domestic),8817,4806,confirmed,synthetic
EMPRESI-HPAI-0001305,WAHIS-HPAI-NLD-2023-05-08-03,WAHIS,High pathogenicity avian influenza,HPAI,Netherlands,NLD,52.0128,6.5826,2023-05-12,2023-05-24,2023-05-30,Meleagris gallopavo (domestic),2954,1626,confirmed,synthetic
EMPRESI-HPAI-0001234,WAHIS-HPAI-GEO-2023-03-27-00,WAHIS,High pathogenicity avian influenza,HPAI,Georgia,GEO,41.5059,41.787,2023-03-28,2023-05-19,2023-05-31,Anas platyrhynchos (domestic),5754,3166,confirmed,synthetic
EMPRESI-HPAI-0001310,WAHIS-HPAI-BEL-2023-05-08-00,WAHIS,High pathogenicity avian influenza,HPAI,Belgium,BEL,50.8496,3.4621,2023-05-10,2023-05-26,2023-05-31,Larus spp. (wild),1347,710,confirmed,synthetic
EMPRESI-HPAI-0001283,WAHIS-HPAI-SRB-2023-04-24-00,WAHIS,High pathogenicity avian influenza,HPAI,Serbia,SRB,42.9024,21.2549,2023-04-30,2023-05-20,2023-06-01,Larus spp. (wild),1759,997,confirmed,synthetic
EMPRESI-HPAI-0001278,WAHIS-HPAI-BEL-2023-04-24-02,WAHIS,High pathogenicity avian influenza,HPAI,Belgium,BEL,50.817,4.9115,2023-04-25,2023-05-22,2023-06-01,Gallus gallus (domestic),5213,2808,confirmed,synthetic
EMPRESI-HPAI-0001301,WAHIS-HPAI-FRA-2023-05-08-00,WAHIS,High pathogenicity avian influenza,HPAI,France,FRA,44.3915,1.0962,2023-05-08,2023-05-15,2023-06-01,Cygnus olor (wild),3328,1816,confirmed,synthetic
EMPRESI-ASF-0002267,WAHIS-ASF-GEO-2023-04-10-00,WAHIS,African swine fever,ASF,Georgia,GEO,41.4552,44.748,2023-04-11,2023-05-21,2023-06-02,Sus scrofa (wild boar),132,117,confirmed,synthetic
EMPRESI-ASF-0002269,WAHIS-ASF-BEL-2023-05-15-00,WAHIS,African swine fever,ASF,Belgium,BEL,49.9677,5.1443,2023-05-19,2023-05-27,2023-06-02,Sus scrofa (wild boar),21,19,confirmed,synthetic
EMPRESI-HPAI-0001286,WAHIS-HPAI-NLD-2023-05-01-00,WAHIS,High pathogenicity avian influenza,HPAI,Netherlands,NLD,51.7123,4.4062,2023-05-07,2023-05-25,2023-06-03,Anas platyrhynchos (domestic),3059,1666,confirmed,synthetic
EMPRESI-HPAI-0001312,WAHIS-HPAI-MDA-2023-05-08-00,WAHIS,High pathogenicity avian influenza,HPAI,Moldova,MDA,46.6152,28.8323,2023-05-12,2023-05-25,2023-06-03,Cygnus olor (wild),3159,1681,confirmed,synthetic
EMPRESI-HPAI-0001314,WAHIS-HPAI-NLD-2023-05-15-01,WAHIS,High pathogenicity avian influenza,HPAI,Netherlands,NLD,51.4346,4.8637,2023-05-17,2023-05-27,2023-06-04,Gallus gallus (domestic),13387,7311,confirmed,synthetic
EMPRESI-HPAI-0001285,WAHIS-HPAI-DEU-2023-05-01-00,WAHIS,High pathogenicity avian influenza,HPAI,Germany,DEU,52.3655,12.6811,2023-05-06,2023-05-25,2023-06-04,Anas platyrhynchos (domestic),5208,2866,confirmed,synthetic
EMPRESI-HPAI-0001313,WAHIS-HPAI-NLD-2023-05-15-00,WAHIS,High pathogenicity avian influenza,HPAI,Netherlands,NLD,51.2579,6.2517,2023-05-18,2023-05-29,2023-06-04,Gallus gallus (domestic),4084,2200,confirmed,synthetic
EMPRESI-ASF-0002271,WAHIS-ASF-UKR-2023-05-22-00,WAHIS,African swine fever,ASF,Ukraine,UKR,49.3668,31.9636,2023-05-23,2023-05-31,2023-06-04,Sus scrofa domesticus,49,46,confirmed,synthetic
EMPRESI-ASF-0002270,WAHIS-ASF-ESP-2023-05-15-00,WAHIS,African swine fever,ASF,Spain,ESP,37.9975,-5.576,2023-05-20,2023-05-24,2023-06-06,Sus scrofa (wild boar),99,87,confirmed,synthetic
EMPRESI-HPAI-0001318,WAHIS-HPAI-UKR-2023-05-15-00,WAHIS,High pathogenicity avian influenza,HPAI,Ukraine,UKR,48.8693,26.9674,2023-05-16,2023-05-31,2023-06-07,Meleagris gallopavo (domestic),8694,4768,confirmed,synthetic
EMPRESI-HPAI-0001317,WAHIS-HPAI-ROU-2023-05-15-01,WAHIS,High pathogenicity avian influenza,HPAI,Romania,ROU,45.0321,22.3645,2023-05-18,2023-05-29,2023-06-08,Meleagris gallopavo (domestic),2931,1608,confirmed,synthetic
EMPRESI-HPAI-0001322,WAHIS-HPAI-NLD-2023-05-22-00,WAHIS,High pathogenicity avian influenza,HPAI,Netherlands,NLD,51.7235,6.8738,2023-05-22,2023-06-02,2023-06-10,Cygnus olor (wild),4820,2673,confirmed,synthetic
EMPRESI-HPAI-0001326,WAHIS-HPAI-RUS-2023-05-22-01,WAHIS,High pathogenicity avian influenza,HPAI,Russian Federation,RUS,53.472,48.1821,2023-05-22,2023-06-06,2023-06-13,Meleagris gallopavo (domestic),1067,592,confirmed,synthetic
EMPRESI-HPAI-0001320,WAHIS-HPAI-RUS-2023-05-15-01,WAHIS,High pathogenicity avian influenza,HPAI,Russian Federation,RUS,50.8239,45.2152,2023-05-18,2023-06-03,2023-06-14,Gallus gallus (domestic),2768,1508,confirmed,synthetic
EMPRESI-ASF-0002274,WAHIS-ASF-BEL-2023-06-05-00,WAHIS,African swine fever,ASF,Belgium,BEL,50.304,4.0828,2023-06-05,2023-06-11,2023-06-15,Sus scrofa domesticus,64,59,confirmed,synthetic
EMPRESI-HPAI-0001291,WAHIS-HPAI-BEL-2023-05-01-02,WAHIS,High pathogenicity avian influenza,HPAI,Belgium,BEL,50.765,4.0531,2023-05-05,2023-06-05,2023-06-15,Meleagris gallopavo (domestic),910,503,confirmed,synthetic
EMPRESI-HPAI-0001321,WAHIS-HPAI-DEU-2023-05-22-00,WAHIS,High pathogenicity avian influenza,HPAI,Germany,DEU,50.659,6.439,2023-05-27,2023-06-08,2023-06-16,Larus spp. (wild),4505,2530,confirmed,synthetic
EMPRESI-ASF-0002273,WAHIS-ASF-ESP-2023-05-29-00,WAHIS,African swine fever,ASF,Spain,ESP,39.572,0.4503,2023-06-01,2023-06-11,2023-06-17,Sus scrofa domesticus,180,162,confirmed,synthetic
EMPRESI-HPAI-0001324,WAHIS-HPAI-ESP-2023-05-22-00,WAHIS,High pathogenicity avian influenza,HPAI,Spain,ESP,38.2911,-7.0883,2023-05-26,2023-06-12,2023-06-18,Gallus gallus (domestic),2161,1199,confirmed,synthetic
EMPRESI-HPAI-0001287,WAHIS-HPAI-NLD-2023-05-01-01,WAHIS,High pathogenicity avian influenza,HPAI,Netherlands,NLD,51.5061,4.9874,2023-05-04,2023-06-13,2023-06-19,Cygnus olor (wild),2306,1276,confirmed,synthetic
EMPRESI-HPAI-0001327,WAHIS-HPAI-FRA-2023-05-29-00,WAHIS,High pathogenicity avian influenza,HPAI,France,FRA,49.276,3.958,2023-05-30,2023-06-13,2023-06-21,Anas platyrhynchos (domestic),1900,1019,confirmed,synthetic
EMPRESI-HPAI-0001325,WAHIS-HPAI-RUS-2023-05-22-00,WAHIS,High pathogenicity avian influenza,HPAI,Russian Federation,RUS,56.872,33.8256,2023-05-23,2023-06-11,2023-06-21,Larus spp. (wild),2885,1567,confirmed,synthetic
EMPRESI-HPAI-0001323,WAHIS-HPAI-NLD-2023-05-22-01,WAHIS,High pathogenicity avian influenza,HPAI,Netherlands,NLD,51.9184,6.3938,2023-05-28,2023-06-13,2023-06-22,Gallus gallus (domestic),1830,1003,confirmed,synthetic
EMPRESI-HPAI-0001319,WAHIS-HPAI-RUS-2023-05-15-00,WAHIS,High pathogenicity avian influenza,HPAI,Russian Federation,RUS,54.3199,41.2108,2023-05-21,2023-06-14,2023-06-22,Anas platyrhynchos (domestic),1047,564,confirmed,synthetic
EMPRESI-ASF-0002278,WAHIS-ASF-UKR-2023-06-05-00,WAHIS,African swine fever,ASF,Ukraine,UKR,46.7782,27.5054,2023-06-09,2023-06-20,2023-06-24,Sus scrofa domesticus,116,96,confirmed,synthetic
EMPRESI-HPAI-0001330,WAHIS-HPAI-NLD-2023-06-05-00,WAHIS,High pathogenicity avian influenza,HPAI,Netherlands,NLD,52.2566,4.0897,2023-06-11,2023-06-13,2023-06-24,Anas platyrhynchos (domestic),310,185,confirmed,synthetic
EMPRESI-ASF-0002275,WAHIS-ASF-BEL-2023-06-05-01,WAHIS,African swine fever,ASF,Belgium,BEL,49.893,4.4152,2023-06-09,2023-06-19,2023-06-27,Sus scrofa domesticus,147,130,confirmed,synthetic
EMPRESI-HPAI-0001328,WAHIS-HPAI-MDA-2023-05-29-00,WAHIS,High pathogenicity avian influenza,HPAI,Moldova,MDA,47.5594,27.7792,2023-06-04,2023-06-24,2023-06-30,Anas platyrhynchos (domestic),1302,727,confirmed,synthetic
EMPRESI-ASF-0002276,WAHIS-ASF-ESP-2023-06-05-00,WAHIS,African swine fever,ASF,Spain,ESP,40.2311,-5.8039,2023-06-08,2023-06-26,2023-07-01,Sus scrofa (wild boar),135,119,confirmed,synthetic
EMPRESI-ASF-0002281,WAHIS-ASF-BEL-2023-06-12-01,WAHIS,African swine fever,ASF,Belgium,BEL,51.2918,4.0196,2023-06-16,2023-06-21,2023-07-01,Sus scrofa domesticus,210,186,confirmed,synthetic
EMPRESI-HPAI-0001329,WAHIS-HPAI-RUS-2023-05-29-00,WAHIS,High pathogenicity avian influenza,HPAI,Russian Federation,RUS,60.6741,42.7985,2023-06-01,2023-06-23,2023-07-02,Larus spp. (wild),2155,1229,confirmed,synthetic
EMPRESI-ASF-0002280,WAHIS-ASF-BEL-2023-06-12-00,WAHIS,African swine fever,ASF,Belgium,BEL,50.5995,3.9712,2023-06-18,2023-06-26,2023-07-03,Sus scrofa (wild boar),79,69,confirmed,synthetic
EMPRESI-ASF-0002285,WAHIS-ASF-BEL-2023-06-19-00,WAHIS,African swine fever,ASF,Belgium,BEL,50.8569,5.571,2023-06-20,2023-06-24,2023-07-04,Sus scrofa domesticus,196,177,confirmed,synthetic
EMPRESI-ASF-0002284,WAHIS-ASF-TUR-2023-06-12-00,WAHIS,African swine fever,ASF,Türkiye,TUR,36.418,39.239,2023-06-15,2023-06-29,2023-07-07,Sus scrofa (wild boar),33,27,confirmed,synthetic
EMPRESI-ASF-0002292,WAHIS-ASF-RUS-2023-06-19-00,WAHIS,African swine fever,ASF,Russian Federation,RUS,58.6502,45.967,2023-06-24,2023-06-29,2023-07-07,Sus scrofa (wild boar),98,84,confirmed,synthetic
EMPRESI-ASF-0002300,WAHIS-ASF-POL-2023-06-26-00,WAHIS,African swine fever,ASF,Poland,POL,53.1915,17.1268,2023-06-26,2023-06-30,2023-07-07,Sus scrofa (wild boar),26,22,confirmed,synthetic
EMPRESI-ASF-0002279,WAHIS-ASF-NLD-2023-06-12-00,WAHIS,African swine fever,ASF,Netherlands,NLD,52.7663,6.9376,2023-06-14,2023-06-28,2023-07-09,Sus scrofa domesticus,163,140,confirmed,synthetic
EMPRESI-ASF-0002299,WAHIS-ASF-ESP-2023-06-26-00,WAHIS,African swine fever,ASF,Spain,ESP,39.5177,-3.3091,2023-06-28,2023-07-08,2023-07-13,Sus scrofa (wild boar),33,31,confirmed,synthetic
EMPRESI-ASF-0002286,WAHIS-ASF-BEL-2023-06-19-01,WAHIS,African swine fever,ASF,Belgium,BEL,50.6868,4.4208,2023-06-19,2023-07-10,2023-07-15,Sus scrofa (wild boar),14,11,confirmed,synthetic
EMPRESI-ASF-0002306,WAHIS-ASF-ISR-2023-06-26-00,WAHIS,African swine fever,ASF,Israel,ISR,30.9103,35.0843,2023-06-27,2023-07-09,2023-07-16,Sus scrofa (wild boar),52,43,confirmed,synthetic
EMPRESI-ASF-0002296,WAHIS-ASF-BEL-2023-06-26-02,WAHIS,African swine fever,ASF,Belgium,BEL,50.997,3.7297,2023-06-28,2023-07-10,2023-07-16,Sus scrofa domesticus,110,99,confirmed,synthetic
EMPRESI-ASF-0002290,WAHIS-ASF-ROU-2023-06-19-00,WAHIS,African swine fever,ASF,Romania,ROU,47.5561,26.6141,2023-06-22,2023-07-04,2023-07-18,Sus scrofa (wild boar),15,12,confirmed,synthetic
EMPRESI-ASF-0002320,WAHIS-ASF-ISR-2023-07-03-00,WAHIS,African swine fever,ASF,Israel,ISR,30.971,35.4418,2023-07-06,2023-07-13,2023-07-19,Sus scrofa domesticus,100,87,confirmed,synthetic
EMPRESI-ASF-0002272,WAHIS-ASF-MAR-2023-05-22-00,WAHIS,African swine fever,ASF,Morocco,MAR,32.1781,-4.0747,2023-05-28,2023-07-12,2023-07-19,Sus scrofa domesticus,15,14,confirmed,synthetic
EMPRESI-ASF-0002294,WAHIS-ASF-BEL-2023-06-26-00,WAHIS,African swine fever,ASF,Belgium,BEL,51.4141,4.3536,2023-06-30,2023-07-11,2023-07-21,Sus scrofa domesticus,213,192,confirmed,synthetic
EMPRESI-ASF-0002305,WAHIS-ASF-TUR-2023-06-26-00,WAHIS,African swine fever,ASF,Türkiye,TUR,41.0502,33.2732,2023-06-26,2023-07-14,2023-07-21,Sus scrofa (wild boar),1,1,confirmed,synthetic
EMPRESI-ASF-0002283,WAHIS-ASF-UKR-2023-06-12-00,WAHIS,African swine fever,ASF,Ukraine,UKR,50.863,36.3536,2023-06-14,2023-07-10,2023-07-21,Sus scrofa (wild boar),158,141,confirmed,synthetic
EMPRESI-ASF-0002322,WAHIS-ASF-BEL-2023-07-10-00,WAHIS,African swine fever,ASF,Belgium,BEL,51.2831,4.3278,2023-07-10,2023-07-15,2023-07-21,Sus scrofa domesticus,20,17,confirmed,synthetic
EMPRESI-HPAI-0001284,WAHIS-HPAI-MDA-2023-04-24-00,WAHIS,High pathogenicity avian influenza,HPAI,Moldova,MDA,46.4789,28.9892,2023-04-25,2023-07-15,2023-07-21,Gallus gallus (domestic),3971,2241,confirmed,synthetic
EMPRESI-ASF-0002298,WAHIS-ASF-ITA-2023-06-26-01,WAHIS,African swine fever,ASF,Italy,ITA,43.4061,9.1718,2023-06-30,2023-07-15,2023-07-22,Sus scrofa domesticus,324,285,confirmed,synthetic
EMPRESI-ASF-0002293,WAHIS-ASF-DEU-2023-06-26-00,WAHIS,African swine fever,ASF,Germany,DEU,50.2791,6.644,2023-06-27,2023-07-16,2023-07-23,Sus scrofa domesticus,173,157,confirmed,synthetic
EMPRESI-ASF-0002291,WAHIS-ASF-SRB-2023-06-19-00,WAHIS,African swine fever,ASF,Serbia,SRB,44.5261,19.9089,2023-06-23,2023-07-16,2023-07-23,Sus scrofa (wild boar),48,41,confirmed,synthetic
EMPRESI-ASF-0002287,WAHIS-ASF-BEL-2023-06-19-02,WAHIS,African swine fever,ASF,Belgium,BEL,51.2257,4.2738,2023-06-24,2023-07-18,2023-07-23,Sus scrofa domesticus,48,45,confirmed,synthetic
EMPRESI-ASF-0002304,WAHIS-ASF-RUS-2023-06-26-00,WAHIS,African swine fever,ASF,Russian Federation,RUS,51.5124,36.4908,2023-06-29,2023-07-13,2023-07-25,Sus scrofa (wild boar),80,72,confirmed,synthetic
EMPRESI-ASF-0002314,WAHIS-ASF-BEL-2023-07-03-02,WAHIS,African swine fever,ASF,Belgium,BEL,49.7462,4.3911,2023-07-03,2023-07-18,2023-07-25,Sus scrofa domesticus,121,110,confirmed,synthetic
EMPRESI-ASF-0002327,WAHIS-ASF-UKR-2023-07-10-01,WAHIS,African swine fever,ASF,Ukraine,UKR,50.3305,29.5496,2023-07-10,2023-07-19,2023-07-26,Sus scrofa domesticus,178,153,confirmed,synthetic
EMPRESI-ASF-0002323,WAHIS-ASF-ITA-2023-07-10-00,WAHIS,African swine fever,ASF,Italy,ITA,41.2431,13.9389,2023-07-11,2023-07-22,2023-07-27,Sus scrofa domesticus,117,105,confirmed,synthetic
EMPRESI-ASF-0002308,WAHIS-ASF-FRA-2023-07-03-01,WAHIS,African swine fever,ASF,France,FRA,46.3323,5.1042,2023-07-07,2023-07-21,2023-07-27,Sus scrofa domesticus,225,195,confirmed,synthetic
EMPRESI-ASF-0002310,WAHIS-ASF-DEU-2023-07-03-00,WAHIS,African swine fever,ASF,Germany,DEU,50.9305,7.3935,2023-07-04,2023-07-17,2023-07-28,Sus scrofa domesticus,16,13,confirmed,synthetic
EMPRESI-ASF-0002312,WAHIS-ASF-BEL-2023-07-03-00,WAHIS,African swine fever,ASF,Belgium,BEL,50.4864,4.1763,2023-07-07,2023-07-20,2023-07-29,Sus scrofa domesticus,107,94,confirmed,synthetic
EMPRESI-ASF-0002316,WAHIS-ASF-ITA-2023-07-03-01,WAHIS,African swine fever,ASF,Italy,ITA,44.2667,15.0614,2023-07-08,2023-07-23,2023-07-29,Sus scrofa domesticus,42,39,confirmed,synthetic
EMPRESI-ASF-0002309,WAHIS-ASF-FRA-2023-07-03-02,WAHIS,African swine fever,ASF,France,FRA,44.8518,7.0199,2023-07-03,2023-07-21,2023-08-01,Sus scrofa domesticus,54,45,confirmed,synthetic
EMPRESI-ASF-0002311,WAHIS-ASF-NLD-2023-07-03-00,WAHIS,African swine fever,ASF,Netherlands,NLD,52.5729,4.9438,2023-07-06,2023-07-25,2023-08-01,Sus scrofa domesticus,167,147,confirmed,synthetic
EMPRESI-ASF-0002315,WAHIS-ASF-ITA-2023-07-03-00,WAHIS,African swine fever,ASF,Italy,ITA,43.3676,8.9103,2023-07-05,2023-07-22,2023-08-01,Sus scrofa domesticus,158,143,confirmed,synthetic
EMPRESI-ASF-0002330,WAHIS-ASF-NLD-2023-07-17-00,WAHIS,African swine fever,ASF,Netherlands,NLD,51.3056,5.1137,2023-07-17,2023-07-25,2023-08-02,Sus scrofa (wild boar),99,88,confirmed,synthetic
EMPRESI-ASF-0002307,WAHIS-ASF-FRA-2023-07-03-00,WAHIS,African swine fever,ASF,France,FRA,45.2021,4.1175,2023-07-08,2023-07-29,2023-08-02,Sus scrofa (wild boar),117,105,confirmed,synthetic
EMPRESI-ASF-0002302,WAHIS-ASF-UKR-2023-06-26-00,WAHIS,African swine fever,ASF,Ukraine,UKR,51.8274,28.1847,2023-07-02,2023-07-26,2023-08-03,Sus scrofa (wild boar),34,26,confirmed,synthetic
EMPRESI-ASF-0002337,WAHIS-ASF-TUR-2023-07-17-00,WAHIS,African swine fever,ASF,Türkiye,TUR,39.2962,36.0174,2023-07-17,2023-07-27,2023-08-04,Sus scrofa (wild boar),88,75,confirmed,synthetic
EMPRESI-ASF-0002295,WAHIS-ASF-BEL-2023-06-26-01,WAHIS,African swine fever,ASF,Belgium,BEL,49.9445,4.8808,2023-06-29,2023-07-28,2023-08-04,Sus scrofa (wild boar),51,41,confirmed,synthetic
EMPRESI-ASF-0002338,WAHIS-ASF-TUR-2023-07-17-01,WAHIS,African swine fever,ASF,Türkiye,TUR,35.2634,37.38,2023-07-20,2023-07-27,2023-08-06,Sus scrofa domesticus,31,29,confirmed,synthetic
EMPRESI-ASF-0002317,WAHIS-ASF-POL-2023-07-03-00,WAHIS,African swine fever,ASF,Poland,POL,50.2597,20.4753,2023-07-08,2023-07-28,2023-08-06,Sus scrofa (wild boar),17,17,confirmed,synthetic
EMPRESI-ASF-0002333,WAHIS-ASF-ITA-2023-07-17-01,WAHIS,African swine fever,ASF,Italy,ITA,40.3102,11.4766,2023-07-22,2023-07-31,2023-08-09,Sus scrofa domesticus,8,8,confirmed,synthetic
EMPRESI-ASF-0002324,WAHIS-ASF-POL-2023-07-10-00,WAHIS,African swine fever,ASF,Poland,POL,51.7013,16.7206,2023-07-13,2023-07-29,2023-08-10,Sus scrofa domesticus,144,125,confirmed,synthetic
EMPRESI-ASF-0002282,WAHIS-ASF-ITA-2023-06-12-00,WAHIS,African swine fever,ASF,Italy,ITA,42.3803,13.9658,2023-06-16,2023-08-02,2023-08-10,Sus scrofa (wild boar),105,95,confirmed,synthetic
EMPRESI-ASF-0002303,WAHIS-ASF-UKR-2023-06-26-01,WAHIS,African swine fever,ASF,Ukraine,UKR,46.1291,28.2958,2023-06-26,2023-08-01,2023-08-11,Sus scrofa domesticus,12,10,confirmed,synthetic
EMPRESI-ASF-0002341,WAHIS-ASF-HUN-2023-07-24-00,WAHIS,African swine fever,ASF,Hungary,HUN,48.1581,20.4945,2023-07-29,2023-08-06,2023-08-11,Sus scrofa domesticus,23,21,confirmed,synthetic
EMPRESI-ASF-0002339,WAHIS-ASF-ITA-2023-07-24-00,WAHIS,African swine fever,ASF,Italy,ITA,44.4304,13.056,2023-07-29,2023-08-06,2023-08-11,Sus scrofa domesticus,3,3,confirmed,synthetic
EMPRESI-ASF-0002318,WAHIS-ASF-HUN-2023-07-03-00,WAHIS,African swine fever,ASF,Hungary,HUN,46.3766,18.2705,2023-07-09,2023-07-31,2023-08-12,Sus scrofa (wild boar),155,143,confirmed,synthetic
EMPRESI-ASF-0002340,WAHIS-ASF-ESP-2023-07-24-00,WAHIS,African swine fever,ASF,Spain,ESP,42.4386,-0.8944,2023-07-26,2023-08-07,2023-08-13,Sus scrofa (wild boar),161,141,confirmed,synthetic
EMPRESI-ASF-0002289,WAHIS-ASF-HUN-2023-06-19-00,WAHIS,African swine fever,ASF,Hungary,HUN,48.4857,19.4347,2023-06-21,2023-08-08,2023-08-14,Sus scrofa domesticus,237,212,confirmed,synthetic
EMPRESI-ASF-0002346,WAHIS-ASF-FRA-2023-07-31-00,WAHIS,African swine fever,ASF,France,FRA,48.6456,4.0336,2023-08-02,2023-08-07,2023-08-16,Sus scrofa domesticus,247,225,confirmed,synthetic
EMPRESI-ASF-0002356,WAHIS-ASF-POL-2023-07-31-02,WAHIS,African swine fever,ASF,Poland,POL,50.8282,19.618,2023-08-01,2023-08-07,2023-08-18,Sus scrofa domesticus,50,44,confirmed,synthetic
EMPRESI-ASF-0002351,WAHIS-ASF-ITA-2023-07-31-03,WAHIS,African swine fever,ASF,Italy,ITA,42.8571,10.7838,2023-08-01,2023-08-12,2023-08-19,Sus scrofa (wild boar),113,104,confirmed,synthetic
EMPRESI-ASF-0002328,WAHIS-ASF-TUR-2023-07-10-00,WAHIS,African swine fever,ASF,Türkiye,TUR,38.0589,31.7387,2023-07-15,2023-08-15,2023-08-20,Sus scrofa domesticus,37,32,confirmed,synthetic
EMPRESI-ASF-0002349,WAHIS-ASF-ITA-2023-07-31-01,WAHIS,African swine fever,ASF,Italy,ITA,45.007,10.3293,2023-08-05,2023-08-13,2023-08-20,Sus scrofa domesticus,62,52,confirmed,synthetic
EMPRESI-ASF-0002355,WAHIS-ASF-POL-2023-07-31-01,WAHIS,African swine fever,ASF,Poland,POL,53.7566,20.4553,2023-08-01,2023-08-12,2023-08-20,Sus scrofa domesticus,123,111,confirmed,synthetic
EMPRESI-ASF-0002359,WAHIS-ASF-TUR-2023-07-31-00,WAHIS,African swine fever,ASF,Türkiye,TUR,38.5084,33.7803,2023-08-04,2023-08-14,2023-08-22,Sus scrofa (wild boar),56,52,confirmed,synthetic
EMPRESI-ASF-0002336,WAHIS-ASF-BGR-2023-07-17-00,WAHIS,African swine fever,ASF,Bulgaria,BGR,43.206,25.4711,2023-07-21,2023-08-15,2023-08-22,Sus scrofa (wild boar),104,90,confirmed,synthetic
EMPRESI-ASF-0002362,WAHIS-ASF-BEL-2023-08-07-01,WAHIS,African swine fever,ASF,Belgium,BEL,50.6339,5.4369,2023-08-07,2023-08-11,2023-08-23,Sus scrofa domesticus,52,48,confirmed,synthetic
EMPRESI-ASF-0002352,WAHIS-ASF-ESP-2023-07-31-00,WAHIS,African swine fever,ASF,Spain,ESP,42.7008,-5.3413,2023-08-03,2023-08-17,2023-08-24,Sus scrofa domesticus,114,101,confirmed,synthetic
EMPRESI-ASF-0002358,WAHIS-ASF-BGR-2023-07-31-00,WAHIS,African swine fever,ASF,Bulgaria,BGR,41.5891,24.9979,2023-08-06,2023-08-16,2023-08-25,Sus scrofa (wild boar),67,60,confirmed,synthetic
EMPRESI-ASF-0002369,WAHIS-ASF-BGR-2023-08-07-00,WAHIS,African swine fever,ASF,Bulgaria,BGR,43.4388,23.9873,2023-08-07,2023-08-24,2023-08-27,Sus scrofa (wild boar),115,91,confirmed,synthetic
EMPRESI-ASF-0002370,WAHIS-ASF-SRB-2023-08-07-00,WAHIS,African swine fever,ASF,Serbia,SRB,43.4326,21.4659,2023-08-07,2023-08-20,2023-08-28,Sus scrofa (wild boar),27,23,confirmed,synthetic
EMPRESI-ASF-0002334,WAHIS-ASF-POL-2023-07-17-00,WAHIS,African swine fever,ASF,Poland,POL,54.7087,20.3419,2023-07-21,2023-08-18,2023-08-28,Sus scrofa domesticus,13,13,confirmed,synthetic
EMPRESI-ASF-0002363,WAHIS-ASF-BEL-2023-08-07-02,WAHIS,African swine fever,ASF,Belgium,BEL,50.2047,3.436,2023-08-09,2023-08-18,2023-08-28,Sus scrofa (wild boar),82,75,confirmed,synthetic
EMPRESI-ASF-0002366,WAHIS-ASF-ESP-2023-08-07-00,WAHIS,African swine fever,ASF,Spain,ESP,41.4594,-0.0415,2023-08-10,2023-08-18,2023-08-28,Sus scrofa (wild boar),48,42,confirmed,synthetic
EMPRESI-ASF-0002380,WAHIS-ASF-POL-2023-08-14-02,WAHIS,African swine fever,ASF,Poland,POL,52.1717,22.0818,2023-08-15,2023-08-24,2023-08-29,Sus scrofa domesticus,303,270,confirmed,synthetic
EMPRESI-ASF-0002367,WAHIS-ASF-ESP-2023-08-07-01,WAHIS,African swine fever,ASF,Spain,ESP,41.1746,0.1546,2023-08-12,2023-08-21,2023-08-29,Sus scrofa (wild boar),98,85,confirmed,synthetic
EMPRESI-ASF-0002371,WAHIS-ASF-ISR-2023-08-07-00,WAHIS,African swine fever,ASF,Israel,ISR,31.7868,34.8478,2023-08-11,2023-08-20,2023-08-30,Sus scrofa (wild boar),117,103,confirmed,synthetic
EMPRESI-ASF-0002365,WAHIS-ASF-ITA-2023-08-07-01,WAHIS,African swine fever,ASF,Italy,ITA,41.8874,13.2269,2023-08-09,2023-08-24,2023-08-30,Sus scrofa (wild boar),146,131,confirmed,synthetic
EMPRESI-ASF-0002382,WAHIS-ASF-SRB-2023-08-14-00,WAHIS,African swine fever,ASF,Serbia,SRB,43.4172,20.4303,2023-08-18,2023-08-23,2023-08-30,Sus scrofa (wild boar),25,22,confirmed,synthetic
EMPRESI-ASF-0002357,WAHIS-ASF-HUN-2023-07-31-00,WAHIS,African swine fever,ASF,Hungary,HUN,47.4963,20.9492,2023-07-31,2023-08-25,2023-08-30,Sus scrofa (wild boar),50,43,confirmed,synthetic
EMPRESI-ASF-0002348,WAHIS-ASF-ITA-2023-07-31-00,WAHIS,African swine fever,ASF,Italy,ITA,43.6496,15.6878,2023-08-06,2023-08-23,2023-08-31,Sus scrofa domesticus,67,55,confirmed,synthetic
EMPRESI-ASF-0002335,WAHIS-ASF-HUN-2023-07-17-00,WAHIS,African swine fever,ASF,Hungary,HUN,46.628,19.8504,2023-07-20,2023-08-27,2023-09-01,Sus scrofa domesticus,141,120,confirmed,synthetic
EMPRESI-ASF-0002381,WAHIS-ASF-ROU-2023-08-14-00,WAHIS,African swine fever,ASF,Romania,ROU,46.3008,21.7294,2023-08-17,2023-08-26,2023-09-02,Sus scrofa (wild boar),3,2,confirmed,synthetic
EMPRESI-ASF-0002342,WAHIS-ASF-UKR-2023-07-24-00,WAHIS,African swine fever,ASF,Ukraine,UKR,47.8168,34.1189,2023-07-26,2023-08-23,2023-09-02,Sus scrofa (wild boar),119,103,confirmed,synthetic
EMPRESI-ASF-0002354,WAHIS-ASF-POL-2023-07-31-00,WAHIS,African swine fever,ASF,Poland,POL,54.5758,19.1131,2023-08-05,2023-08-28,2023-09-03,Sus scrofa (wild boar),32,30,confirmed,synthetic
EMPRESI-ASF-0002389,WAHIS-ASF-ESP-2023-08-21-00,WAHIS,African swine fever,ASF,Spain,ESP,37.7103,-4.9177,2023-08-21,2023-08-29,2023-09-05,Sus scrofa (wild boar),296,262,confirmed,synthetic
EMPRESI-ASF-0002390,WAHIS-ASF-POL-2023-08-21-00,WAHIS,African swine fever,ASF,Poland,POL,49.5578,20.1925,2023-08-23,2023-08-30,2023-09-07,Sus scrofa domesticus,211,194,confirmed,synthetic
EMPRESI-ASF-0002375,WAHIS-ASF-BEL-2023-08-14-00,WAHIS,African swine fever,ASF,Belgium,BEL,50.947,4.9811,2023-08-18,2023-08-31,2023-09-07,Sus scrofa domesticus,15,15,confirmed,synthetic
EMPRESI-ASF-0002384,WAHIS-ASF-TUR-2023-08-14-01,WAHIS,African swine fever,ASF,Türkiye,TUR,42.1521,35.141,2023-08-17,2023-09-01,2023-09-08,Sus scrofa domesticus,149,129,confirmed,synthetic
EMPRESI-ASF-0002379,WAHIS-ASF-POL-2023-08-14-01,WAHIS,African swine fever,ASF,Poland,POL,51.5501,22.9146,2023-08-20,2023-09-02,2023-09-08,Sus scrofa (wild boar),106,96,confirmed,synthetic
EMPRESI-ASF-0002347,WAHIS-ASF-BEL-2023-07-31-00,WAHIS,African swine fever,ASF,Belgium,BEL,50.702,5.6836,2023-08-06,2023-09-02,2023-09-08,Sus scrofa (wild boar),54,49,confirmed,synthetic
EMPRESI-ASF-0002372,WAHIS-ASF-FRA-2023-08-14-00,WAHIS,African swine fever,ASF,France,FRA,47.8438,-0.0081,2023-08-19,2023-09-03,2023-09-09,Sus scrofa (wild boar),166,145,confirmed,synthetic
EMPRESI-ASF-0002393,WAHIS-ASF-BGR-2023-08-21-00,WAHIS,African swine fever,ASF,Bulgaria,BGR,43.4993,24.7125,2023-08-24,2023-09-03,2023-09-09,Sus scrofa domesticus,102,88,confirmed,synthetic
EMPRESI-ASF-0002401,WAHIS-ASF-NLD-2023-08-28-01,WAHIS,African swine fever,ASF,Netherlands,NLD,51.7967,4.6076,2023-08-29,2023-09-05,2023-09-11,Sus scrofa domesticus,186,157,confirmed,synthetic
EMPRESI-ASF-0002388,WAHIS-ASF-ITA-2023-08-21-00,WAHIS,African swine fever,ASF,Italy,ITA,40.8878,11.2369,2023-08-27,2023-09-06,2023-09-11,Sus scrofa (wild boar),149,134,confirmed,synthetic
EMPRESI-ASF-0002373,WAHIS-ASF-FRA-2023-08-14-01,WAHIS,African swine fever,ASF,France,FRA,49.5987,1.5299,2023-08-18,2023-09-04,2023-09-13,Sus scrofa (wild boar),31,27,confirmed,synthetic
EMPRESI-ASF-0002385,WAHIS-ASF-DEU-2023-08-21-00,WAHIS,African swine fever,ASF,Germany,DEU,48.7052,9.8687,2023-08-26,2023-09-08,2023-09-14,Sus scrofa (wild boar),173,147,confirmed,synthetic
EMPRESI-ASF-0002374,WAHIS-ASF-NLD-2023-08-14-00,WAHIS,African swine fever,ASF,Netherlands,NLD,53.0368,5.8412,2023-08-20,2023-09-07,2023-09-14,Sus scrofa (wild boar),54,51,confirmed,synthetic
EMPRESI-ASF-0002392,WAHIS-ASF-HUN-2023-08-21-01,WAHIS,African swine fever,ASF,Hungary,HUN,47.8735,21.3784,2023-08-25,2023-09-06,2023-09-15,Sus scrofa domesticus,143,130,confirmed,synthetic
EMPRESI-ASF-0002396,WAHIS-ASF-FRA-2023-08-28-00,WAHIS,African swine fever,ASF,France,FRA,47.5741,2.3538,2023-08-31,2023-09-08,2023-09-15,Sus scrofa domesticus,210,194,confirmed,synthetic
EMPRESI-ASF-0002411,WAHIS-ASF-DEU-2023-09-04-01,WAHIS,African swine fever,ASF,Germany,DEU,50.4715,12.66,2023-09-05,2023-09-11,2023-09-16,Sus scrofa domesticus,53,48,confirmed,synthetic
EMPRESI-ASF-0002402,WAHIS-ASF-BEL-2023-08-28-00,WAHIS,African swine fever,ASF,Belgium,BEL,49.9522,3.7576,2023-08-31,2023-09-07,2023-09-17,Sus scrofa (wild boar),137,125,confirmed,synthetic
EMPRESI-ASF-0002403,WAHIS-ASF-BEL-2023-08-28-01,WAHIS,African swine fever,ASF,Belgium,BEL,50.4566,3.31,2023-09-01,2023-09-09,2023-09-19,Sus scrofa domesticus,12,11,confirmed,synthetic
EMPRESI-ASF-0002386,WAHIS-ASF-BEL-2023-08-21-00,WAHIS,African swine fever,ASF,Belgium,BEL,49.7501,4.9334,2023-08-25,2023-09-10,2023-09-20,Sus scrofa (wild boar),59,48,confirmed,synthetic
EMPRESI-ASF-0002383,WAHIS-ASF-TUR-2023-08-14-00,WAHIS,African swine fever,ASF,Türkiye,TUR,40.7156,33.6939,2023-08-14,2023-09-12,2023-09-20,Sus scrofa (wild boar),68,58,confirmed,synthetic
EMPRESI-ASF-0002397,WAHIS-ASF-DEU-2023-08-28-00,WAHIS,African swine fever,ASF,Germany,DEU,48.8759,10.8874,2023-08-28,2023-09-11,2023-09-21,Sus scrofa domesticus,92,77,confirmed,synthetic
EMPRESI-ASF-0002387,WAHIS-ASF-BEL-2023-08-21-01,WAHIS,African swine fever,ASF,Belgium,BEL,50.1895,4.388,2023-08-24,2023-09-10,2023-09-21,Sus scrofa (wild boar),117,103,confirmed,synthetic
EMPRESI-ASF-0002398,WAHIS-ASF-DEU-2023-08-28-01,WAHIS,African swine fever,ASF,Germany,DEU,48.4626,10.6633,2023-08-29,2023-09-12,2023-09-23,Sus scrofa (wild boar),24,21,confirmed,synthetic
EMPRESI-ASF-0002417,WAHIS-ASF-ESP-2023-09-04-00,WAHIS,African swine fever,ASF,Spain,ESP,42.8625,-4.892,2023-09-09,2023-09-19,2023-09-23,Sus scrofa (wild boar),93,86,confirmed,synthetic
EMPRESI-ASF-0002418,WAHIS-ASF-ESP-2023-09-04-01,WAHIS,African swine fever,ASF,Spain,ESP,37.532,-6.2037,2023-09-09,2023-09-14,2023-09-24,Sus scrofa domesticus,79,64,confirmed,synthetic
EMPRESI-ASF-0002413,WAHIS-ASF-BEL-2023-09-04-01,WAHIS,African swine fever,ASF,Belgium,BEL,50.8742,4.5631,2023-09-04,2023-09-13,2023-09-24,Sus scrofa domesticus,394,354,confirmed,synthetic
EMPRESI-ASF-0002408,WAHIS-ASF-SRB-2023-08-28-00,WAHIS,African swine fever,ASF,Serbia,SRB,44.0164,20.3076,2023-09-01,2023-09-16,2023-09-25,Sus scrofa domesticus,160,141,confirmed,synthetic
EMPRESI-ASF-0002399,WAHIS-ASF-DEU-2023-08-28-02,WAHIS,African swine fever,ASF,Germany,DEU,50.4122,9.0711,2023-08-31,2023-09-19,2023-09-28,Sus scrofa domesticus,184,164,confirmed,synthetic
EMPRESI-ASF-0002405,WAHIS-ASF-POL-2023-08-28-00,WAHIS,African swine fever,ASF,Poland,POL,53.5305,23.3788,2023-08-29,2023-09-23,2023-09-29,Sus scrofa (wild boar),116,103,confirmed,synthetic
EMPRESI-ASF-0002424,WAHIS-ASF-RUS-2023-09-04-00,WAHIS,African swine fever,ASF,Russian Federation,RUS,50.1348,45.4226,2023-09-08,2023-09-25,2023-09-30,Sus scrofa domesticus,65,60,confirmed,synthetic
EMPRESI-ASF-0002423,WAHIS-ASF-MDA-2023-09-04-00,WAHIS,African swine fever,ASF,Moldova,MDA,47.7196,29.0177,2023-09-08,2023-09-21,2023-10-01,Sus scrofa domesticus,247,220,confirmed,synthetic
EMPRESI-ASF-0002414,WAHIS-ASF-BEL-2023-09-04-02,WAHIS,African swine fever,ASF,Belgium,BEL,50.6814,5.3099,2023-09-08,2023-09-23,2023-10-01,Sus scrofa (wild boar),60,58,confirmed,synthetic
EMPRESI-ASF-0002410,WAHIS-ASF-DEU-2023-09-04-00,WAHIS,African swine fever,ASF,Germany,DEU,53.7894,11.1875,2023-09-06,2023-09-25,2023-10-02,Sus scrofa (wild boar),93,87,confirmed,synthetic
EMPRESI-ASF-0002415,WAHIS-ASF-BEL-2023-09-04-03,WAHIS,African swine fever,ASF,Belgium,BEL,50.3994,5.3719,2023-09-10,2023-09-27,2023-10-03,Sus scrofa (wild boar),58,51,confirmed,synthetic
EMPRESI-ASF-0002440,WAHIS-ASF-NLD-2023-09-18-01,WAHIS,African swine fever,ASF,Netherlands,NLD,51.5927,4.6868,2023-09-22,2023-09-29,2023-10-05,Sus scrofa (wild boar),95,86,confirmed,synthetic
EMPRESI-ASF-0002436,WAHIS-ASF-UKR-2023-09-11-00,WAHIS,African swine fever,ASF,Ukraine,UKR,50.0848,26.3837,2023-09-11,2023-09-27,2023-10-05,Sus scrofa (wild boar),301,268,confirmed,synthetic
EMPRESI-ASF-0002445,WAHIS-ASF-ESP-2023-09-18-00,WAHIS,African swine fever,ASF,Spain,ESP,37.2761,-5.0994,2023-09-23,2023-09-29,2023-10-06,Sus scrofa (wild boar),417,370,confirmed,synthetic
EMPRESI-ASF-0002441,WAHIS-ASF-NLD-2023-09-18-02,WAHIS,African swine fever,ASF,Netherlands,NLD,51.4503,5.4102,2023-09-18,2023-10-01,2023-10-07,Sus scrofa domesticus,28,25,confirmed,synthetic
EMPRESI-ASF-0002428,WAHIS-ASF-BEL-2023-09-11-00,WAHIS,African swine fever,ASF,Belgium,BEL,51.0172,4.061,2023-09-11,2023-10-01,2023-10-07,Sus scrofa (wild boar),35,32,confirmed,synthetic
EMPRESI-ASF-0002394,WAHIS-ASF-SRB-2023-08-21-00,WAHIS,African swine fever,ASF,Serbia,SRB,43.2535,22.1916,2023-08-27,2023-09-28,2023-10-07,Sus scrofa (wild boar),225,194,confirmed,synthetic
EMPRESI-ASF-0002420,WAHIS-ASF-ESP-2023-09-04-03,WAHIS,African swine fever,ASF,Spain,ESP,41.0762,0.1065,2023-09-05,2023-10-01,2023-10-07,Sus scrofa (wild boar),116,101,confirmed,synthetic
EMPRESI-ASF-0002439,WAHIS-ASF-NLD-2023-09-18-00,WAHIS,African swine fever,ASF,Netherlands,NLD,52.3658,4.194,2023-09-21,2023-09-29,2023-10-07,Sus scrofa (wild boar),25,20,confirmed,synthetic
EMPRESI-ASF-0002471,WAHIS-ASF-ROU-2023-09-25-00,WAHIS,African swine fever,ASF,Romania,ROU,47.9205,25.7679,2023-09-26,2023-10-05,2023-10-08,Sus scrofa (wild boar),143,124,confirmed,synthetic
EMPRESI-ASF-0002474,WAHIS-ASF-SRB-2023-09-25-00,WAHIS,African swine fever,ASF,Serbia,SRB,44.6506,19.5201,2023-09-27,2023-10-03,2023-10-08,Sus scrofa domesticus,158,144,confirmed,synthetic
EMPRESI-ASF-0002430,WAHIS-ASF-ESP-2023-09-11-00,WAHIS,African swine fever,ASF,Spain,ESP,39.5052,-2.4577,2023-09-16,2023-10-01,2023-10-08,Sus scrofa domesticus,61,53,confirmed,synthetic
EMPRESI-ASF-0002463,WAHIS-ASF-BEL-2023-09-25-03,WAHIS,African swine fever,ASF,Belgium,BEL,51.2244,3.9171,2023-09-25,2023-09-30,2023-10-08,Sus scrofa (wild boar),72,64,confirmed,synthetic
EMPRESI-ASF-0002490,WAHIS-ASF-RUS-2023-10-02-00,WAHIS,African swine fever,ASF,Russian Federation,RUS,58.1258,34.7744,2023-10-02,2023-10-05,2023-10-09,Sus scrofa (wild boar),42,33,confirmed,synthetic
EMPRESI-ASF-0002456,WAHIS-ASF-FRA-2023-09-25-00,WAHIS,African swine fever,ASF,France,FRA,44.4802,-0.4447,2023-09-26,2023-10-04,2023-10-10,Sus scrofa domesticus,186,163,confirmed,synthetic
EMPRESI-ASF-0002470,WAHIS-ASF-HUN-2023-09-25-01,WAHIS,African swine fever,ASF,Hungary,HUN,46.9165,21.2254,2023-09-25,2023-10-05,2023-10-10,Sus scrofa domesticus,42,40,confirmed,synthetic
EMPRESI-ASF-0002454,WAHIS-ASF-RUS-2023-09-18-00,WAHIS,African swine fever,ASF,Russian Federation,RUS,59.2491,48.1918,2023-09-18,2023-10-05,2023-10-10,Sus scrofa domesticus,129,114,confirmed,synthetic
EMPRESI-ASF-0002400,WAHIS-ASF-NLD-2023-08-28-00,WAHIS,African swine fever,ASF,Netherlands,NLD,51.4264,5.8721,2023-08-29,2023-10-03,2023-10-10,Sus scrofa domesticus,73,60,confirmed,synthetic
EMPRESI-ASF-0002434,WAHIS-ASF-SRB-2023-09-11-00,WAHIS,African swine fever,ASF,Serbia,SRB,44.9807,19.7353,2023-09-12,2023-10-02,2023-10-10,Sus scrofa (wild boar),25,21,confirmed,synthetic
EMPRESI-ASF-0002427,WAHIS-ASF-NLD-2023-09-11-00,WAHIS,African swine fever,ASF,Netherlands,NLD,52.6215,4.0742,2023-09-13,2023-10-05,2023-10-11,Sus scrofa (wild boar),117,95,confirmed,synthetic
EMPRESI-ASF-0002451,WAHIS-ASF-ROU-2023-09-18-02,WAHIS,African swine fever,ASF,Romania,ROU,47.8156,26.0825,2023-09-21,2023-10-06,2023-10-13,Sus scrofa domesticus,134,113,confirmed,synthetic
EMPRESI-ASF-0002461,WAHIS-ASF-BEL-2023-09-25-01,WAHIS,African swine fever,ASF,Belgium,BEL,49.7561,4.5953,2023-09-26,2023-10-06,2023-10-14,Sus scrofa (wild boar),93,84,confirmed,synthetic
EMPRESI-ASF-0002452,WAHIS-ASF-SRB-2023-09-18-00,WAHIS,African swine fever,ASF,Serbia,SRB,44.9695,19.7683,2023-09-20,2023-10-04,2023-10-15,Sus scrofa (wild boar),76,66,confirmed,synthetic
EMPRESI-ASF-0002478,WAHIS-ASF-DEU-2023-10-02-01,WAHIS,African swine fever,ASF,Germany,DEU,50.5489,9.5143,2023-10-05,2023-10-07,2023-10-16,Sus scrofa domesticus,109,96,confirmed,synthetic
EMPRESI-ASF-0002421,WAHIS-ASF-POL-2023-09-04-00,WAHIS,African swine fever,ASF,Poland,POL,51.4163,17.2894,2023-09-06,2023-10-07,2023-10-16,Sus scrofa domesticus,19,15,confirmed,synthetic
EMPRESI-ASF-0002429,WAHIS-ASF-ITA-2023-09-11-00,WAHIS,African swine fever,ASF,Italy,ITA,43.6859,12.6143,2023-09-12,2023-10-12,2023-10-16,Sus scrofa domesticus,213,180,confirmed,synthetic
EMPRESI-ASF-0002442,WAHIS-ASF-BEL-2023-09-18-00,WAHIS,African swine fever,ASF,Belgium,BEL,50.5277,4.9963,2023-09-19,2023-10-11,2023-10-17,Sus scrofa (wild boar),53,45,confirmed,synthetic
EMPRESI-ASF-0002458,WAHIS-ASF-DEU-2023-09-25-00,WAHIS,African swine fever,ASF,Germany,DEU,48.7008,10.9633,2023-09-27,2023-10-13,2023-10-18,Sus scrofa (wild boar),199,172,confirmed,synthetic
EMPRESI-ASF-0002443,WAHIS-ASF-BEL-2023-09-18-01,WAHIS,African swine fever,ASF,Belgium,BEL,50.259,5.4576,2023-09-22,2023-10-08,2023-10-18,Sus scrofa (wild boar),80,70,confirmed,synthetic
EMPRESI-ASF-0002473,WAHIS-ASF-ROU-2023-09-25-02,WAHIS,African swine fever,ASF,Romania,ROU,46.7062,22.7542,2023-09-27,2023-10-07,2023-10-18,Sus scrofa domesticus,99,88,confirmed,synthetic
EMPRESI-ASF-0002455,WAHIS-ASF-RUS-2023-09-18-01,WAHIS,African swine fever,ASF,Russian Federation,RUS,59.8954,40.8895,2023-09-19,2023-10-12,2023-10-19,Sus scrofa (wild boar),72,58,confirmed,synthetic
EMPRESI-ASF-0002409,WAHIS-ASF-RUS-2023-08-28-00,WAHIS,African swine fever,ASF,Russian Federation,RUS,52.7422,40.6513,2023-09-03,2023-10-13,2023-10-20,Sus scrofa (wild boar),86,78,confirmed,synthetic
EMPRESI-ASF-0002416,WAHIS-ASF-ITA-2023-09-04-00,WAHIS,African swine fever,ASF,Italy,ITA,42.8173,15.352,2023-09-07,2023-10-09,2023-10-20,Sus scrofa (wild boar),27,21,confirmed,synthetic
EMPRESI-ASF-0002491,WAHIS-ASF-RUS-2023-10-02-01,WAHIS,African swine fever,ASF,Russian Federation,RUS,54.252,34.4879,2023-10-05,2023-10-15,2023-10-20,Sus scrofa (wild boar),23,21,confirmed,synthetic
EMPRESI-ASF-0002457,WAHIS-ASF-FRA-2023-09-25-01,WAHIS,African swine fever,ASF,France,FRA,46.1629,1.188,2023-09-30,2023-10-17,2023-10-22,Sus scrofa (wild boar),53,44,confirmed,synthetic
EMPRESI-ASF-0002391,WAHIS-ASF-HUN-2023-08-21-00,WAHIS,African swine fever,ASF,Hungary,HUN,45.7133,18.8388,2023-08-22,2023-10-14,2023-10-22,Sus scrofa domesticus,100,91,confirmed,synthetic
EMPRESI-ASF-0002481,WAHIS-ASF-ITA-2023-10-02-00,WAHIS,African swine fever,ASF,Italy,ITA,43.9869,10.6755,2023-10-04,2023-10-16,2023-10-22,Sus scrofa (wild boar),15,14,confirmed,synthetic
EMPRESI-ASF-0002412,WAHIS-ASF-BEL-2023-09-04-00,WAHIS,African swine fever,ASF,Belgium,BEL,50.9048,5.6432,2023-09-10,2023-10-11,2023-10-23,Sus scrofa domesticus,56,52,confirmed,synthetic
EMPRESI-ASF-0002495,WAHIS-ASF-NLD-2023-10-09-01,WAHIS,African swine fever,ASF,Netherlands,NLD,51.4622,6.3062,2023-10-14,2023-10-16,2023-10-23,Sus scrofa domesticus,58,51,confirmed,synthetic
EMPRESI-HPAI-0001331,WAHIS-HPAI-BEL-2023-10-02-00,WAHIS,High pathogenicity avian influenza,HPAI,Belgium,BEL,50.318,5.2165,2023-10-04,2023-10-16,2023-10-25,Cygnus olor (wild),2825,1637,confirmed,synthetic
EMPRESI-ASF-0002484,WAHIS-ASF-ESP-2023-10-02-02,WAHIS,African swine fever,ASF,Spain,ESP,38.2285,-7.432,2023-10-06,2023-10-19,2023-10-25,Sus scrofa domesticus,3,3,confirmed,synthetic
EMPRESI-ASF-0002493,WAHIS-ASF-DEU-2023-10-09-01,WAHIS,African swine fever,ASF,Germany,DEU,48.9996,10.8557,2023-10-13,2023-10-20,2023-10-26,Sus scrofa (wild boar),45,43,confirmed,synthetic
EMPRESI-ASF-0002476,WAHIS-ASF-FRA-2023-10-02-00,WAHIS,African swine fever,ASF,France,FRA,46.5326,-1.5707,2023-10-07,2023-10-15,2023-10-26,Sus scrofa domesticus,18,16,confirmed,synthetic
EMPRESI-ASF-0002479,WAHIS-ASF-DEU-2023-10-02-02,WAHIS,African swine fever,ASF,Germany,DEU,50.3084,11.7758,2023-10-08,2023-10-21,2023-10-26,Sus scrofa (wild boar),6,5,confirmed,synthetic
EMPRESI-ASF-0002466,WAHIS-ASF-ESP-2023-09-25-01,WAHIS,African swine fever,ASF,Spain,ESP,40.2836,-3.2353,2023-09-27,2023-10-14,2023-10-27,Sus scrofa domesticus,229,200,confirmed,synthetic
EMPRESI-ASF-0002462,WAHIS-ASF-BEL-2023-09-25-02,WAHIS,African swine fever,ASF,Belgium,BEL,50.1796,3.4468,2023-09-28,2023-10-22,2023-10-29,Sus scrofa domesticus,63,56,confirmed,synthetic
EMPRESI-ASF-0002501,WAHIS-ASF-ESP-2023-10-09-01,WAHIS,African swine fever,ASF,Spain,ESP,37.8108,-5.2135,2023-10-10,2023-10-22,2023-10-29,Sus scrofa (wild boar),253,219,confirmed,synthetic
EMPRESI-ASF-0002502,WAHIS-ASF-HUN-2023-10-09-00,WAHIS,African swine fever,ASF,Hungary,HUN,48.3209,19.1731,2023-10-13,2023-10-24,2023-10-29,Sus scrofa (wild boar),15,12,confirmed,synthetic
EMPRESI-ASF-0002395,WAHIS-ASF-GEO-2023-08-21-00,WAHIS,African swine fever,ASF,Georgia,GEO,41.1016,44.6995,2023-08-25,2023-10-21,2023-10-30,Sus scrofa domesticus,224,199,confirmed,synthetic
EMPRESI-ASF-0002498,WAHIS-ASF-ITA-2023-10-09-00,WAHIS,African swine fever,ASF,Italy,ITA,41.5489,12.0833,2023-10-14,2023-10-21,2023-10-30,Sus scrofa (wild boar),261,230,confirmed,synthetic
EMPRESI-ASF-0002494,WAHIS-ASF-NLD-2023-10-09-00,WAHIS,African swine fever,ASF,Netherlands,NLD,52.3021,5.6373,2023-10-13,2023-10-23,2023-10-30,Sus scrofa (wild boar),177,153,confirmed,synthetic
EMPRESI-ASF-0002465,WAHIS-ASF-ESP-2023-09-25-00,WAHIS,African swine fever,ASF,Spain,ESP,38.642,-4.7995,2023-09-25,2023-10-22,2023-10-30,Sus scrofa domesticus,275,244,confirmed,synthetic
EMPRESI-ASF-0002419,WAHIS-ASF-ESP-2023-09-04-02,WAHIS,African swine fever,ASF,Spain,ESP,37.7153,-0.685,2023-09-06,2023-10-23,2023-10-31,Sus scrofa (wild boar),140,124,confirmed,synthetic
EMPRESI-ASF-0002448,WAHIS-ASF-HUN-2023-09-18-00,WAHIS,African swine fever,ASF,Hungary,HUN,46.0882,20.8582,2023-09-24,2023-10-20,2023-10-31,Sus scrofa domesticus,243,209,confirmed,synthetic
EMPRESI-ASF-0002509,WAHIS-ASF-FRA-2023-10-16-01,WAHIS,African swine fever,ASF,France,FRA,49.9761,4.8712,2023-10-20,2023-10-24,2023-10-31,Sus scrofa (wild boar),282,244,confirmed,synthetic
EMPRESI-ASF-0002503,WAHIS-ASF-ROU-2023-10-09-00,WAHIS,African swine fever,ASF,Romania,ROU,45.5985,23.4729,2023-10-10,2023-10-21,2023-10-31,Sus scrofa domesticus,49,43,confirmed,synthetic
EMPRESI-ASF-0002407,WAHIS-ASF-HUN-2023-08-28-01,WAHIS,African swine fever,ASF,Hungary,HUN,46.6592,19.2595,2023-09-02,2023-10-25,2023-11-01,Sus scrofa (wild boar),148,127,confirmed,synthetic
EMPRESI-ASF-0002523,WAHIS-ASF-DEU-2023-10-23-00,WAHIS,African swine fever,ASF,Germany,DEU,50.5264,14.4407,2023-10-23,2023-10-25,2023-11-01,Sus scrofa domesticus,28,25,confirmed,synthetic
EMPRESI-ASF-0002480,WAHIS-ASF-NLD-2023-10-02-00,WAHIS,African swine fever,ASF,Netherlands,NLD,52.2471,5.991,2023-10-07,2023-10-28,2023-11-01,Sus scrofa (wild boar),122,110,confirmed,synthetic
EMPRESI-ASF-0002500,WAHIS-ASF-ESP-2023-10-09-00,WAHIS,African swine fever,ASF,Spain,ESP,40.3063,-4.7675,2023-10-12,2023-10-25,2023-11-01,Sus scrofa domesticus,14,10,confirmed,synthetic
EMPRESI-ASF-0002406,WAHIS-ASF-HUN-2023-08-28-00,WAHIS,African swine fever,ASF,Hungary,HUN,47.635,17.8029,2023-09-02,2023-10-24,2023-11-02,Sus scrofa (wild boar),38,33,confirmed,synthetic
EMPRESI-ASF-0002433,WAHIS-ASF-HUN-2023-09-11-01,WAHIS,African swine fever,ASF,Hungary,HUN,47.2025,21.46,2023-09-12,2023-10-26,2023-11-02,Sus scrofa domesticus,50,47,confirmed,synthetic
EMPRESI-ASF-0002496,WAHIS-ASF-BEL-2023-10-09-00,WAHIS,African swine fever,ASF,Belgium,BEL,51.138,5.5091,2023-10-15,2023-10-27,2023-11-02,Sus scrofa (wild boar),89,80,confirmed,synthetic
EMPRESI-HPAI-0001333,WAHIS-HPAI-HUN-2023-10-16-00,WAHIS,High pathogenicity avian influenza,HPAI,Hungary,HUN,47.2286,17.6334,2023-10-16,2023-10-23,2023-11-02,Gallus gallus (domestic),7483,4108,confirmed,synthetic
EMPRESI-ASF-0002492,WAHIS-ASF-DEU-2023-10-09-00,WAHIS,African swine fever,ASF,Germany,DEU,48.9036,11.9124,2023-10-13,2023-10-26,2023-11-03,Sus scrofa (wild boar),146,125,confirmed,synthetic
EMPRESI-ASF-0002520,WAHIS-ASF-RUS-2023-10-16-00,WAHIS,African swine fever,ASF,Russian Federation,RUS,55.9842,52.1273,2023-10-22,2023-10-28,2023-11-04,Sus scrofa (wild boar),171,145,confirmed,synthetic
EMPRESI-ASF-0002483,WAHIS-ASF-ESP-2023-10-02-01,WAHIS,African swine fever,ASF,Spain,ESP,37.4691,-2.949,2023-10-08,2023-10-23,2023-11-05,Sus scrofa (wild boar),100,85,confirmed,synthetic
EMPRESI-ASF-0002504,WAHIS-ASF-BGR-2023-10-09-00,WAHIS,African swine fever,ASF,Bulgaria,BGR,41.6452,24.2639,2023-10-11,2023-10-26,2023-11-05,Sus scrofa domesticus,80,71,confirmed,synthetic
EMPRESI-ASF-0002511,WAHIS-ASF-ITA-2023-10-16-00,WAHIS,African swine fever,ASF,Italy,ITA,44.2933,12.4233,2023-10-19,2023-10-29,2023-11-06,Sus scrofa domesticus,109,100,confirmed,synthetic
EMPRESI-ASF-0002506,WAHIS-ASF-MDA-2023-10-09-00,WAHIS,African swine fever,ASF,Moldova,MDA,47.8595,29.0229,2023-10-10,2023-10-28,2023-11-06,Sus scrofa domesticus,103,94,confirmed,synthetic
EMPRESI-ASF-0002512,WAHIS-ASF-ITA-2023-10-16-01,WAHIS,African swine fever,ASF,Italy,ITA,44.3829,10.2618,2023-10-22,2023-10-31,2023-11-06,Sus scrofa (wild boar),216,183,confirmed,synthetic
EMPRESI-ASF-0002531,WAHIS-ASF-TUR-2023-10-23-00,WAHIS,African swine fever,ASF,Türkiye,TUR,41.3801,35.954,2023-10-25,2023-10-30,2023-11-07,Sus scrofa (wild boar),227,203,confirmed,synthetic
EMPRESI-ASF-0002510,WAHIS-ASF-BEL-2023-10-16-00,WAHIS,African swine fever,ASF,Belgium,BEL,51.1516,4.8305,2023-10-21,2023-10-30,2023-11-09,Sus scrofa (wild boar),52,41,confirmed,synthetic
EMPRESI-ASF-0002507,WAHIS-ASF-TUN-2023-10-09-00,WAHIS,African swine fever,ASF,Tunisia,TUN,34.4439,8.4734,2023-10-13,2023-11-03,2023-11-09,Sus scrofa domesticus,46,43,confirmed,synthetic
EMPRESI-ASF-0002431,WAHIS-ASF-ESP-2023-09-11-01,WAHIS,African swine fever,ASF,Spain,ESP,41.6762,-5.8329,2023-09-16,2023-10-31,2023-11-11,Sus scrofa (wild boar),23,18,confirmed,synthetic
EMPRESI-HPAI-0001334,WAHIS-HPAI-BEL-2023-10-23-00,WAHIS,High pathogenicity avian influenza,HPAI,Belgium,BEL,51.4145,4.3027,2023-10-29,2023-11-02,2023-11-11,Larus spp. (wild),3504,1937,confirmed,synthetic
EMPRESI-ASF-0002464,WAHIS-ASF-ITA-2023-09-25-00,WAHIS,African swine fever,ASF,Italy,ITA,43.3959,11.6324,2023-09-28,2023-11-04,2023-11-12,Sus scrofa (wild boar),126,108,confirmed,synthetic
EMPRESI-ASF-0002482,WAHIS-ASF-ESP-2023-10-02-00,WAHIS,African swine fever,ASF,Spain,ESP,43.3284,-3.2203,2023-10-08,2023-11-05,2023-11-12,Sus scrofa domesticus,299,268,confirmed,synthetic
EMPRESI-ASF-0002449,WAHIS-ASF-ROU-2023-09-18-00,WAHIS,African swine fever,ASF,Romania,ROU,44.1682,27.1729,2023-09-22,2023-11-04,2023-11-13,Sus scrofa domesticus,107,95,confirmed,synthetic
EMPRESI-ASF-0002525,WAHIS-ASF-ITA-2023-10-23-00,WAHIS,African swine fever,ASF,Italy,ITA,44.0684,13.9955,2023-10-25,2023-11-06,2023-11-13,Sus scrofa (wild boar),25,22,confirmed,synthetic
EMPRESI-ASF-0002499,WAHIS-ASF-ITA-2023-10-09-01,WAHIS,African swine fever,ASF,Italy,ITA,41.9687,10.7557,2023-10-14,2023-11-07,2023-11-14,Sus scrofa domesticus,121,104,confirmed,synthetic
EMPRESI-ASF-0002489,WAHIS-ASF-SRB-2023-10-02-02,WAHIS,African swine fever,ASF,Serbia,SRB,43.0953,20.7437,2023-10-04,2023-11-04,2023-11-14,Sus scrofa domesticus,110,100,confirmed,synthetic
EMPRESI-ASF-0002516,WAHIS-ASF-HUN-2023-10-16-00,WAHIS,African swine fever,ASF,Hungary,HUN,47.4862,20.2404,2023-10-21,2023-11-06,2023-11-15,Sus scrofa domesticus,45,41,confirmed,synthetic
EMPRESI-ASF-0002518,WAHIS-ASF-BGR-2023-10-16-01,WAHIS,African swine fever,ASF,Bulgaria,BGR,43.2124,25.2002,2023-10-17,2023-11-07,2023-11-15,Sus scrofa domesticus,91,77,confirmed,synthetic
EMPRESI-ASF-0002529,WAHIS-ASF-ROU-2023-10-23-00,WAHIS,African swine fever,ASF,Romania,ROU,47.6743,26.0492,2023-10-28,2023-11-10,2023-11-15,Sus scrofa (wild boar),18,16,confirmed,synthetic
EMPRESI-HPAI-0001341,WAHIS-HPAI-BEL-2023-10-30-00,WAHIS,High pathogenicity avian influenza,HPAI,Belgium,BEL,50.2423,5.1429,2023-10-30,2023-11-12,2023-11-15,Larus spp. (wild),2658,1504,confirmed,synthetic
EMPRESI-ASF-0002528,WAHIS-ASF-ESP-2023-10-23-01,WAHIS,African swine fever,ASF,Spain,ESP,38.4225,-6.4806,2023-10-24,2023-11-07,2023-11-16,Sus scrofa (wild boar),42,38,confirmed,synthetic
EMPRESI-ASF-0002521,WAHIS-ASF-RUS-2023-10-16-01,WAHIS,African swine fever,ASF,Russian Federation,RUS,55.8085,43.6776,2023-10-16,2023-11-11,2023-11-16,Sus scrofa (wild boar),285,247,confirmed,synthetic
EMPRESI-HPAI-0001336,WAHIS-HPAI-HUN-2023-10-23-00,WAHIS,High pathogenicity avian influenza,HPAI,Hungary,HUN,46.6649,17.8315,2023-10-26,2023-11-09,2023-11-19,Gallus gallus (domestic),7247,4018,confirmed,synthetic
EMPRESI-ASF-0002505,WAHIS-ASF-SRB-2023-10-09-00,WAHIS,African swine fever,ASF,Serbia,SRB,42.8889,22.0651,2023-10-10,2023-11-10,2023-11-19,Sus scrofa (wild boar),40,34,confirmed,synthetic
EMPRESI-ASF-0002513,WAHIS-ASF-ESP-2023-10-16-00,WAHIS,African swine fever,ASF,Spain,ESP,43.0743,-6.5892,2023-10-21,2023-11-13,2023-11-20,Sus scrofa (wild boar),35,31,confirmed,synthetic
EMPRESI-HPAI-0001342,WAHIS-HPAI-ITA-2023-10-30-00,WAHIS,High pathogenicity avian influenza,HPAI,Italy,ITA,43.6615,9.9413,2023-11-03,2023-11-14,2023-11-21,Gallus gallus (domestic),3059,1681,confirmed,synthetic
EMPRESI-ASF-0002538,WAHIS-ASF-BEL-2023-11-06-00,WAHIS,African swine fever,ASF,Belgium,BEL,50.4168,4.7353,2023-11-10,2023-11-13,2023-11-22,Sus scrofa domesticus,14,13,confirmed,synthetic
EMPRESI-HPAI-0001346,WAHIS-HPAI-DEU-2023-11-06-00,WAHIS,High pathogenicity avian influenza,HPAI,Germany,DEU,52.0723,11.3659,2023-11-06,2023-11-15,2023-11-22,Meleagris gallopavo (domestic),4018,2209,confirmed,synthetic
EMPRESI-ASF-0002522,WAHIS-ASF-GEO-2023-10-16-00,WAHIS,African swine fever,ASF,Georgia,GEO,42.325,44.0474,2023-10-17,2023-11-10,2023-11-22,Sus scrofa (wild boar),234,208,confirmed,synthetic
EMPRESI-ASF-0002343,WAHIS-ASF-TUR-2023-07-24-00,WAHIS,African swine fever,ASF,Türkiye,TUR,38.0658,37.2209,2023-07-28,2023-11-15,2023-11-22,Sus scrofa domesticus,120,108,confirmed,synthetic
EMPRESI-HPAI-0001350,WAHIS-HPAI-NLD-2023-11-06-03,WAHIS,High pathogenicity avian influenza,HPAI,Netherlands,NLD,52.5266,6.0357,2023-11-06,2023-11-14,2023-11-23,Cygnus olor (wild),1865,990,confirmed,synthetic
EMPRESI-ASF-0002485,WAHIS-ASF-HUN-2023-10-02-00,WAHIS,African swine fever,ASF,Hungary,HUN,48.2451,19.6677,2023-10-07,2023-11-15,2023-11-23,Sus scrofa domesticus,83,74,confirmed,synthetic
EMPRESI-ASF-0002535,WAHIS-ASF-ROU-2023-10-30-00,WAHIS,African swine fever,ASF,Romania,ROU,46.3153,27.1643,2023-10-31,2023-11-16,2023-11-24,Sus scrofa (wild boar),107,97,confirmed,synthetic
EMPRESI-ASF-0002526,WAHIS-ASF-ITA-2023-10-23-01,WAHIS,African swine fever,ASF,Italy,ITA,44.4381,15.2294,2023-10-29,2023-11-19,2023-11-24,Sus scrofa domesticus,57,53,confirmed,synthetic
EMPRESI-HPAI-0001368,WAHIS-HPAI-ITA-2023-11-13-01,WAHIS,High pathogenicity avian influenza,HPAI,Italy,ITA,42.5373,9.6743,2023-11-16,2023-11-21,2023-11-26,Larus spp. (wild),8410,4644,confirmed,synthetic
EMPRESI-ASF-0002545,WAHIS-ASF-TUR-2023-11-13-00,WAHIS,African swine fever,ASF,Türkiye,TUR,36.6201,37.0661,2023-11-13,2023-11-21,2023-11-26,Sus scrofa (wild boar),176,150,confirmed,synthetic
EMPRESI-ASF-0002537,WAHIS-ASF-TUR-2023-10-30-00,WAHIS,African swine fever,ASF,Türkiye,TUR,42.1401,32.7495,2023-11-01,2023-11-23,2023-11-27,Sus scrofa domesticus,74,71,confirmed,synthetic
EMPRESI-ASF-0002519,WAHIS-ASF-MDA-2023-10-16-00,WAHIS,African swine fever,ASF,Moldova,MDA,47.0528,29.1299,2023-10-20,2023-11-16,2023-11-27,Sus scrofa domesticus,389,339,confirmed,synthetic
EMPRESI-HPAI-0001357,WAHIS-HPAI-FRA-2023-11-13-01,WAHIS,High pathogenicity avian influenza,HPAI,France,FRA,46.7626,7.8663,2023-11-17,2023-11-21,2023-11-27,Cygnus olor (wild),1831,1000,confirmed,synthetic
EMPRESI-HPAI-0001369,WAHIS-HPAI-ESP-2023-11-13-00,WAHIS,High pathogenicity avian influenza,HPAI,Spain,ESP,42.2668,-5.4003,2023-11-13,2023-11-20,2023-11-27,Meleagris gallopavo (domestic),1540,854,confirmed,synthetic
EMPRESI-HPAI-0001351,WAHIS-HPAI-NLD-2023-11-06-04,WAHIS,High pathogenicity avian influenza,HPAI,Netherlands,NLD,51.4256,5.3951,2023-11-11,2023-11-18,2023-11-28,Cygnus olor (wild),2342,1314,confirmed,synthetic
EMPRESI-ASF-0002534,WAHIS-ASF-BEL-2023-10-30-00,WAHIS,African swine fever,ASF,Belgium,BEL,50.5421,5.9192,2023-10-30,2023-11-22,2023-11-28,Sus scrofa (wild boar),76,68,confirmed,synthetic
EMPRESI-ASF-0002453,WAHIS-ASF-UKR-2023-09-18-00,WAHIS,African swine fever,ASF,Ukraine,UKR,46.6238,34.3408,2023-09-21,2023-11-20,2023-11-29,Sus scrofa domesticus,39,34,confirmed,synthetic
EMPRESI-ASF-0002541,WAHIS-ASF-FRA-2023-11-13-00,WAHIS,African swine fever,ASF,France,FRA,46.9068,1.8992,2023-11-13,2023-11-19,2023-11-29,Sus scrofa domesticus,116,101,confirmed,synthetic
EMPRESI-HPAI-0001371,WAHIS-HPAI-POL-2023-11-13-00,WAHIS,High pathogenicity avian influenza,HPAI,Poland,POL,49.8081,19.8649,2023-11-15,2023-11-25,2023-12-02,Gallus gallus (domestic),10692,5788,confirmed,synthetic
EMPRESI-HPAI-0001332,WAHIS-HPAI-BEL-2023-10-09-00,WAHIS,High pathogenicity avian influenza,HPAI,Belgium,BEL,50.7378,5.771,2023-10-14,2023-11-24,2023-12-03,Meleagris gallopavo (domestic),5144,2785,confirmed,synthetic
EMPRESI-HPAI-0001356,WAHIS-HPAI-FRA-2023-11-13-00,WAHIS,High pathogenicity avian influenza,HPAI,France,FRA,45.6099,2.9816,2023-11-18,2023-11-27,2023-12-03,Larus spp. (wild),3043,1659,confirmed,synthetic
EMPRESI-HPAI-0001361,WAHIS-HPAI-DEU-2023-11-13-01,WAHIS,High pathogenicity avian influenza,HPAI,Germany,DEU,51.1771,9.4146,2023-11-16,2023-11-28,2023-12-03,Meleagris gallopavo (domestic),8233,4523,confirmed,synthetic
EMPRESI-HPAI-0001370,WAHIS-HPAI-ESP-2023-11-13-01,WAHIS,High pathogenicity avian influenza,HPAI,Spain,ESP,42.2498,-4.8607,2023-11-18,2023-11-28,2023-12-03,Larus spp. (wild),237,126,confirmed,synthetic
EMPRESI-HPAI-0001354,WAHIS-HPAI-ITA-2023-11-06-01,WAHIS,High pathogenicity avian influenza,HPAI,Italy,ITA,43.3863,15.1536,2023-11-09,2023-11-22,2023-12-03,Larus spp. (wild),5330,2965,confirmed,synthetic
EMPRESI-HPAI-0001364,WAHIS-HPAI-BEL-2023-11-13-01,WAHIS,High pathogenicity avian influenza,HPAI,Belgium,BEL,50.0246,3.6188,2023-11-19,2023-11-25,2023-12-03,Larus spp. (wild),4338,2303,confirmed,synthetic
EMPRESI-HPAI-0001358,WAHIS-HPAI-FRA-2023-11-13-02,WAHIS,High pathogenicity avian influenza,HPAI,France,FRA,47.1799,-1.055,2023-11-13,2023-11-26,2023-12-04,Anas platyrhynchos (domestic),1137,634,confirmed,synthetic
EMPRESI-ASF-0002515,WAHIS-ASF-POL-2023-10-16-00,WAHIS,African swine fever,ASF,Poland,POL,53.5261,23.1802,2023-10-22,2023-11-24,2023-12-04,Sus scrofa domesticus,93,82,confirmed,synthetic
EMPRESI-ASF-0002524,WAHIS-ASF-NLD-2023-10-23-00,WAHIS,African swine fever,ASF,Netherlands,NLD,52.5295,6.4068,2023-10-28,2023-11-26,2023-12-04,Sus scrofa (wild boar),48,38,confirmed,synthetic
EMPRESI-HPAI-0001378,WAHIS-HPAI-FRA-2023-11-20-03,WAHIS,High pathogenicity avian influenza,HPAI,France,FRA,45.2398,5.6017,2023-11-24,2023-11-28,2023-12-04,Meleagris gallopavo (domestic),6189,3404,confirmed,synthetic
EMPRESI-ASF-0002539,WAHIS-ASF-TUR-2023-11-06-00,WAHIS,African swine fever,ASF,Türkiye,TUR,38.0537,31.2974,2023-11-09,2023-11-23,2023-12-04,Sus scrofa domesticus,41,39,confirmed,synthetic
EMPRESI-HPAI-0001374,WAHIS-HPAI-MDA-2023-11-13-00,WAHIS,High pathogenicity avian influenza,HPAI,Moldova,MDA,46.8292,28.4021,2023-11-19,2023-11-27,2023-12-05,Gallus gallus (domestic),8094,4394,confirmed,synthetic
EMPRESI-HPAI-0001355,WAHIS-HPAI-ITA-2023-11-06-02,WAHIS,High pathogenicity avian influenza,HPAI,Italy,ITA,42.2211,9.3812,2023-11-12,2023-11-26,2023-12-05,Meleagris gallopavo (domestic),3843,2073,confirmed,synthetic
EMPRESI-ASF-0002530,WAHIS-ASF-BGR-2023-10-23-00,WAHIS,African swine fever,ASF,Bulgaria,BGR,43.3717,25.2387,2023-10-23,2023-11-29,2023-12-05,Sus scrofa (wild boar),89,84,confirmed,synthetic
EMPRESI-ASF-0002549,WAHIS-ASF-BEL-2023-11-20-00,WAHIS,African swine fever,ASF,Belgium,BEL,50.0297,4.1721,2023-11-23,2023-12-01,2023-12-06,Sus scrofa (wild boar),24,21,confirmed,synthetic
EMPRESI-HPAI-0001375,WAHIS-HPAI-FRA-2023-11-20-00,WAHIS,High pathogenicity avian influenza,HPAI,France,FRA,49.7572,2.9964,2023-11-25,2023-11-30,2023-12-06,Gallus gallus (domestic),5945,3248,confirmed,synthetic
EMPRESI-ASF-0002550,WAHIS-ASF-ITA-2023-11-20-00,WAHIS,African swine fever,ASF,Italy,ITA,45.4996,11.6838,2023-11-23,2023-11-30,2023-12-06,Sus scrofa domesticus,8,8,confirmed,synthetic
EMPRESI-HPAI-0001406,WAHIS-HPAI-ESP-2023-11-20-01,WAHIS,High pathogenicity avian influenza,HPAI,Spain,ESP,40.8538,-3.6184,2023-11-21,2023-11-27,2023-12-06,Anas platyrhynchos (domestic),3326,1860,confirmed,synthetic
EMPRESI-HPAI-0001385,WAHIS-HPAI-DEU-2023-11-20-03,WAHIS,High pathogenicity avian influenza,HPAI,Germany,DEU,50.8079,11.1664,2023-11-22,2023-11-27,2023-12-06,Gallus gallus (domestic),1513,818,confirmed,synthetic
EMPRESI-HPAI-0001367,WAHIS-HPAI-ITA-2023-11-13-00,WAHIS,High pathogenicity avian influenza,HPAI,Italy,ITA,40.6211,10.8627,2023-11-18,2023-11-27,2023-12-07,Larus spp. (wild),2884,1584,confirmed,synthetic
EMPRESI-HPAI-0001380,WAHIS-HPAI-FRA-2023-11-20-05,WAHIS,High pathogenicity avian influenza,HPAI,France,FRA,44.4018,0.6906,2023-11-22,2023-12-02,2023-12-07,Meleagris gallopavo (domestic),2810,1538,confirmed,synthetic
EMPRESI-HPAI-0001462,WAHIS-HPAI-ROU-2023-11-27-00,WAHIS,High pathogenicity avian influenza,HPAI,Romania,ROU,45.3653,25.8226,2023-11-27,2023-11-30,2023-12-08,Larus spp. (wild),1399,799,confirmed,synthetic
EMPRESI-HPAI-0001360,WAHIS-HPAI-DEU-2023-11-13-00,WAHIS,High pathogenicity avian influenza,HPAI,Germany,DEU,53.1712,8.9443,2023-11-19,2023-11-30,2023-12-08,Anas platyrhynchos (domestic),3985,2169,confirmed,synthetic
EMPRESI-ASF-0002532,WAHIS-ASF-NLD-2023-10-30-00,WAHIS,African swine fever,ASF,Netherlands,NLD,51.5771,5.159,2023-11-05,2023-12-01,2023-12-08,Sus scrofa domesticus,20,16,confirmed,synthetic
EMPRESI-HPAI-0001390,WAHIS-HPAI-DEU-2023-11-20-08,WAHIS,High pathogenicity avian influenza,HPAI,Germany,DEU,52.7961,12.6714,2023-11-24,2023-12-03,2023-12-09,Meleagris gallopavo (domestic),3828,2103,confirmed,synthetic
EMPRESI-HPAI-0001386,WAHIS-HPAI-DEU-2023-11-20-04,WAHIS,High pathogenicity avian influenza,HPAI,Germany,DEU,50.0196,7.857,2023-11-23,2023-12-01,2023-12-09,Meleagris gallopavo (domestic),6225,3372,confirmed,synthetic
EMPRESI-HPAI-0001403,WAHIS-HPAI-ITA-2023-11-20-04,WAHIS,High pathogenicity avian influenza,HPAI,Italy,ITA,44.6409,11.5717,2023-11-21,2023-11-30,2023-12-09,Meleagris gallopavo (domestic),4355,2366,confirmed,synthetic
EMPRESI-HPAI-0001395,WAHIS-HPAI-NLD-2023-11-20-04,WAHIS,High pathogenicity avian influenza,HPAI,Netherlands,NLD,52.3285,5.7119,2023-11-23,2023-11-30,2023-12-09,Larus spp. (wild),8772,4745,confirmed,synthetic
EMPRESI-HPAI-0001373,WAHIS-HPAI-SRB-2023-11-13-00,WAHIS,High pathogenicity avian influenza,HPAI,Serbia,SRB,43.8369,22.7528,2023-11-17,2023-11-30,2023-12-09,Gallus gallus (domestic),6030,3354,confirmed,synthetic
EMPRESI-HPAI-0001399,WAHIS-HPAI-ITA-2023-11-20-00,WAHIS,High pathogenicity avian influenza,HPAI,Italy,ITA,42.8649,12.1946,2023-11-20,2023-11-28,2023-12-09,Larus spp. (wild),3861,2090,confirmed,synthetic
EMPRESI-ASF-0002546,WAHIS-ASF-TUR-2023-11-13-01,WAHIS,African swine fever,ASF,Türkiye,TUR,37.3143,38.4739,2023-11-17,2023-12-02,2023-12-09,Sus scrofa (wild boar),86,81,confirmed,synthetic
EMPRESI-HPAI-0001412,WAHIS-HPAI-FRA-2023-11-27-01,WAHIS,High pathogenicity avian influenza,HPAI,France,FRA,46.9142,2.3929,2023-11-27,2023-12-02,2023-12-09,Gallus gallus (domestic),11820,6515,confirmed,synthetic
EMPRESI-ASF-0002542,WAHIS-ASF-ESP-2023-11-13-00,WAHIS,African swine fever,ASF,Spain,ESP,36.8789,-4.8072,2023-11-19,2023-12-01,2023-12-09,Sus scrofa domesticus,41,37,confirmed,synthetic
EMPRESI-HPAI-0001388,WAHIS-HPAI-DEU-2023-11-20-06,WAHIS,High pathogenicity avian influenza,HPAI,Germany,DEU,53.1339,9.2755,2023-11-25,2023-12-03,2023-12-10,Anas platyrhynchos (domestic),2177,1174,confirmed,synthetic
EMPRESI-HPAI-0001384,WAHIS-HPAI-DEU-2023-11-20-02,WAHIS,High pathogenicity avian influenza,HPAI,Germany,DEU,52.0752,14.5295,2023-11-25,2023-12-01,2023-12-10,Cygnus olor (wild),1073,610,confirmed,synthetic
EMPRESI-HPAI-0001352,WAHIS-HPAI-BEL-2023-11-06-00,WAHIS,High pathogenicity avian influenza,HPAI,Belgium,BEL,51.2213,5.4965,2023-11-06,2023-11-29,2023-12-10,Gallus gallus (domestic),5989,3245,confirmed,synthetic
EMPRESI-HPAI-0001409,WAHIS-HPAI-SRB-2023-11-20-00,WAHIS,High pathogenicity avian influenza,HPAI,Serbia,SRB,43.2868,22.5339,2023-11-21,2023-12-04,2023-12-10,Cygnus olor (wild),2385,1266,confirmed,synthetic
EMPRESI-HPAI-0001407,WAHIS-HPAI-ESP-2023-11-20-02,WAHIS,High pathogenicity avian influenza,HPAI,Spain,ESP,42.2811,-0.8121,2023-11-25,2023-12-05,2023-12-11,Larus spp. (wild),9109,4993,confirmed,synthetic
EMPRESI-HPAI-0001401,WAHIS-HPAI-ITA-2023-11-20-02,WAHIS,High pathogenicity avian influenza,HPAI,Italy,ITA,44.3447,12.3145,2023-11-25,2023-12-06,2023-12-11,Larus spp. (wild),2621,1449,confirmed,synthetic
EMPRESI-HPAI-0001363,WAHIS-HPAI-BEL-2023-11-13-00,WAHIS,High pathogenicity avian influenza,HPAI,Belgium,BEL,50.9254,5.7053,2023-11-17,2023-12-01,2023-12-11,Larus spp. (wild),2482,1368,confirmed,synthetic
EMPRESI-HPAI-0001405,WAHIS-HPAI-ESP-2023-11-20-00,WAHIS,High pathogenicity avian influenza,HPAI,Spain,ESP,41.4683,-3.8449,2023-11-24,2023-12-04,2023-12-11,Anas platyrhynchos (domestic),5879,3208,confirmed,synthetic
EMPRESI-HPAI-0001393,WAHIS-HPAI-NLD-2023-11-20-02,WAHIS,High pathogenicity avian influenza,HPAI,Netherlands,NLD,51.8968,6.2841,2023-11-23,2023-12-03,2023-12-12,Meleagris gallopavo (domestic),1121,616,confirmed,synthetic
EMPRESI-HPAI-0001459,WAHIS-HPAI-POL-2023-11-27-02,WAHIS,High pathogenicity avian influenza,HPAI,Poland,POL,51.8334,19.5605,2023-11-28,2023-12-01,2023-12-12,Cygnus olor (wild),1454,796,confirmed,synthetic
EMPRESI-HPAI-0001382,WAHIS-HPAI-DEU-2023-11-20-00,WAHIS,High pathogenicity avian influenza,HPAI,Germany,DEU,50.3567,8.0393,2023-11-25,2023-12-03,2023-12-12,Cygnus olor (wild),7964,4391,confirmed,synthetic
EMPRESI-HPAI-0001396,WAHIS-HPAI-NLD-2023-11-20-05,WAHIS,High pathogenicity avian influenza,HPAI,Netherlands,NLD,52.866,4.3683,2023-11-26,2023-12-07,2023-12-13,Anas platyrhynchos (domestic),1871,1036,confirmed,synthetic
EMPRESI-HPAI-0001387,WAHIS-HPAI-DEU-2023-11-20-05,WAHIS,High pathogenicity avian influenza,HPAI,Germany,DEU,51.149,7.7415,2023-11-23,2023-12-03,2023-12-13,Gallus gallus (domestic),587,317,confirmed,synthetic
EMPRESI-HPAI-0001415,WAHIS-HPAI-FRA-2023-11-27-04,WAHIS,High pathogenicity avian influenza,HPAI,France,FRA,45.1151,4.1144,2023-12-02,2023-12-07,2023-12-14,Gallus gallus (domestic),2803,1543,confirmed,synthetic
EMPRESI-HPAI-0001435,WAHIS-HPAI-NLD-2023-11-27-07,WAHIS,High pathogenicity avian influenza,HPAI,Netherlands,NLD,51.4413,4.8683,2023-11-29,2023-12-06,2023-12-14,Larus spp. (wild),1430,768,confirmed,synthetic
EMPRESI-HPAI-0001345,WAHIS-HPAI-FRA-2023-11-06-02,WAHIS,High pathogenicity avian influenza,HPAI,France,FRA,46.769,4.8831,2023-11-12,2023-12-05,2023-12-14,Gallus gallus (domestic),4403,2393,confirmed,synthetic
EMPRESI-HPAI-0001411,WAHIS-HPAI-FRA-2023-11-27-00,WAHIS,High pathogenicity avian influenza,HPAI,France,FRA,47.2589,5.6963,2023-11-30,2023-12-06,2023-12-14,Meleagris gallopavo (domestic),6037,3326,confirmed,synthetic
EMPRESI-HPAI-0001359,WAHIS-HPAI-FRA-2023-11-13-03,WAHIS,High pathogenicity avian influenza,HPAI,France,FRA,46.7455,1.1781,2023-11-18,2023-12-02,2023-12-15,Anas platyrhynchos (domestic),2336,1235,confirmed,synthetic
EMPRESI-HPAI-0001424,WAHIS-HPAI-DEU-2023-11-27-05,WAHIS,High pathogenicity avian influenza,HPAI,Germany,DEU,52.9401,10.0862,2023-11-29,2023-12-10,2023-12-15,Larus spp. (wild),2222,1221,confirmed,synthetic
EMPRESI-HPAI-0001460,WAHIS-HPAI-HUN-2023-11-27-00,WAHIS,High pathogenicity avian influenza,HPAI,Hungary,HUN,47.2978,19.237,2023-12-02,2023-12-10,2023-12-15,Meleagris gallopavo (domestic),9557,5256,confirmed,synthetic
EMPRESI-HPAI-0001456,WAHIS-HPAI-ESP-2023-11-27-04,WAHIS,High pathogenicity avian influenza,HPAI,Spain,ESP,40.9676,-7.3829,2023-12-02,2023-12-07,2023-12-15,Meleagris gallopavo (domestic),4681,2567,confirmed,synthetic
EMPRESI-HPAI-0001389,WAHIS-HPAI-DEU-2023-11-20-07,WAHIS,High pathogenicity avian influenza,HPAI,Germany,DEU,51.0143,9.1133,2023-11-26,2023-12-05,2023-12-15,Gallus gallus (domestic),6258,3397,confirmed,synthetic
EMPRESI-HPAI-0001454,WAHIS-HPAI-ESP-2023-11-27-02,WAHIS,High pathogenicity avian influenza,HPAI,Spain,ESP,42.3452,-4.9231,2023-11-30,2023-12-06,2023-12-15,Anas platyrhynchos (domestic),4288,2372,confirmed,synthetic
EMPRESI-HPAI-0001416,WAHIS-HPAI-FRA-2023-11-27-05,WAHIS,High pathogenicity avian influenza,HPAI,France,FRA,47.0749,5.494,2023-11-28,2023-12-06,2023-12-15,Gallus gallus (domestic),2583,1426,confirmed,synthetic
EMPRESI-HPAI-0001425,WAHIS-HPAI-DEU-2023-11-27-06,WAHIS,High pathogenicity avian influenza,HPAI,Germany,DEU,52.6464,10.9072,2023-11-29,2023-12-05,2023-12-15,Gallus gallus (domestic),2693,1470,confirmed,synthetic
EMPRESI-HPAI-0001418,WAHIS-HPAI-FRA-2023-11-27-07,WAHIS,High pathogenicity avian influenza,HPAI,France,FRA,45.201,1.1761,2023-11-28,2023-12-07,2023-12-15,Meleagris gallopavo (domestic),3075,1735,confirmed,synthetic
EMPRESI-HPAI-0001434,WAHIS-HPAI-NLD-2023-11-27-06,WAHIS,High pathogenicity avian influenza,HPAI,Netherlands,NLD,52.1725,4.1168,2023-11-29,2023-12-07,2023-12-15,Meleagris gallopavo (domestic),5608,3050,confirmed,synthetic
EMPRESI-HPAI-0001447,WAHIS-HPAI-ITA-2023-11-27-03,WAHIS,High pathogenicity avian influenza,HPAI,Italy,ITA,45.2697,12.8721,2023-11-29,2023-12-07,2023-12-15,Cygnus olor (wild),1958,1053,confirmed,synthetic
EMPRESI-HPAI-0001419,WAHIS-HPAI-DEU-2023-11-27-00,WAHIS,High pathogenicity avian influenza,HPAI,Germany,DEU,53.2189,10.7455,2023-12-01,2023-12-06,2023-12-15,Gallus gallus (domestic),2470,1348,confirmed,synthetic
EMPRESI-HPAI-0001445,WAHIS-HPAI-ITA-2023-11-27-01,WAHIS,High pathogenicity avian influenza,HPAI,Italy,ITA,41.5491,11.8868,2023-12-01,2023-12-08,2023-12-15,Gallus gallus (domestic),5402,3042,confirmed,synthetic
EMPRESI-HPAI-0001408,WAHIS-HPAI-POL-2023-11-20-00,WAHIS,High pathogenicity avian influenza,HPAI,Poland,POL,54.7501,20.6318,2023-11-26,2023-12-08,2023-12-16,Gallus gallus (domestic),3089,1705,confirmed,synthetic
EMPRESI-HPAI-0001402,WAHIS-HPAI-ITA-2023-11-20-03,WAHIS,High pathogenicity avian influenza,HPAI,Italy,ITA,42.0338,10.8462,2023-11-26,2023-12-10,2023-12-16,Cygnus olor (wild),11243,6161,confirmed,synthetic
EMPRESI-HPAI-0001421,WAHIS-HPAI-DEU-2023-11-27-02,WAHIS,High pathogenicity avian influenza,HPAI,Germany,DEU,50.8912,14.1593,2023-12-03,2023-12-10,2023-12-16,Gallus gallus (domestic),1244,678,confirmed,synthetic
EMPRESI-HPAI-0001482,WAHIS-HPAI-DEU-2023-12-04-03,WAHIS,High pathogenicity avian influenza,HPAI,Germany,DEU,53.7026,10.0099,2023-12-05,2023-12-09,2023-12-16,Cygnus olor (wild),5364,2995,confirmed,synthetic
EMPRESI-HPAI-0001501,WAHIS-HPAI-ITA-2023-12-04-02,WAHIS,High pathogenicity avian influenza,HPAI,Italy,ITA,44.3464,11.2503,2023-12-06,2023-12-10,2023-12-16,Larus spp. (wild),4102,2296,confirmed,synthetic
EMPRESI-HPAI-0001365,WAHIS-HPAI-BEL-2023-11-13-02,WAHIS,High pathogenicity avian influenza,HPAI,Belgium,BEL,50.2219,4.4044,2023-11-18,2023-12-03,2023-12-16,Cygnus olor (wild),7639,4255,confirmed,synthetic
EMPRESI-HPAI-0001436,WAHIS-HPAI-NLD-2023-11-27-08,WAHIS,High pathogenicity avian influenza,HPAI,Netherlands,NLD,51.9417,6.0117,2023-12-03,2023-12-10,2023-12-16,Cygnus olor (wild),2404,1297,confirmed,synthetic
EMPRESI-HPAI-0001394,WAHIS-HPAI-NLD-2023-11-20-03,WAHIS,High pathogenicity avian influenza,HPAI,Netherlands,NLD,51.3722,5.3599,2023-11-23,2023-12-11,2023-12-17,Cygnus olor (wild),1556,844,confirmed,synthetic
EMPRESI-HPAI-0001504,WAHIS-HPAI-ITA-2023-12-04-05,WAHIS,High pathogenicity avian influenza,HPAI,Italy,ITA,44.9719,12.4782,2023-12-05,2023-12-10,2023-12-17,Anas platyrhynchos (domestic),1692,941,confirmed,synthetic
EMPRESI-HPAI-0001511,WAHIS-HPAI-ESP-2023-12-04-00,WAHIS,High pathogenicity avian influenza,HPAI,Spain,ESP,39.3039,-7.1347,2023-12-07,2023-12-10,2023-12-17,Cygnus olor (wild),2766,1507,confirmed,synthetic
EMPRESI-HPAI-0001432,WAHIS-HPAI-NLD-2023-11-27-04,WAHIS,High pathogenicity avian influenza,HPAI,Netherlands,NLD,51.7464,4.1766,2023-12-02,2023-12-10,2023-12-17,Anas platyrhynchos (domestic),5866,3235,confirmed,synthetic
EMPRESI-HPAI-0001404,WAHIS-HPAI-ITA-2023-11-20-05,WAHIS,High pathogenicity avian influenza,HPAI,Italy,ITA,42.3596,11.7867,2023-11-24,2023-12-08,2023-12-17,Meleagris gallopavo (domestic),3741,1997,confirmed,synthetic
EMPRESI-HPAI-0001431,WAHIS-HPAI-NLD-2023-11-27-03,WAHIS,High pathogenicity avian influenza,HPAI,Netherlands,NLD,51.3835,5.9132,2023-11-30,2023-12-06,2023-12-17,Larus spp. (wild),3781,2076,confirmed,synthetic
EMPRESI-HPAI-0001517,WAHIS-HPAI-POL-2023-12-04-00,WAHIS,High pathogenicity avian influenza,HPAI,Poland,POL,51.2654,21.2405,2023-12-06,2023-12-14,2023-12-17,Gallus gallus (domestic),4471,2472,confirmed,synthetic
EMPRESI-HPAI-0001437,WAHIS-HPAI-BEL-2023-11-27-00,WAHIS,High pathogenicity avian influenza,HPAI,Belgium,BEL,50.6358,3.2595,2023-11-27,2023-12-08,2023-12-17,Gallus gallus (domestic),7057,3859,confirmed,synthetic
EMPRESI-HPAI-0001450,WAHIS-HPAI-ITA-2023-11-27-06,WAHIS,High pathogenicity avian influenza,HPAI,Italy,ITA,43.7394,14.9791,2023-11-30,2023-12-15,2023-12-18,Meleagris gallopavo (domestic),3064,1786,confirmed,synthetic
EMPRESI-HPAI-0001428,WAHIS-HPAI-NLD-2023-11-27-00,WAHIS,High pathogenicity avian influenza,HPAI,Netherlands,NLD,52.8524,4.855,2023-11-28,2023-12-09,2023-12-18,Meleagris gallopavo (domestic),8836,4839,confirmed,synthetic
EMPRESI-HPAI-0001509,WAHIS-HPAI-ITA-2023-12-04-10,WAHIS,High pathogenicity avian influenza,HPAI,Italy,ITA,41.2697,14.3822,2023-12-06,2023-12-14,2023-12-18,Larus spp. (wild),4176,2327,confirmed,synthetic
EMPRESI-HPAI-0001413,WAHIS-HPAI-FRA-2023-11-27-02,WAHIS,High pathogenicity avian influenza,HPAI,France,FRA,45.8485,-1.7463,2023-11-30,2023-12-08,2023-12-18,Cygnus olor (wild),4102,2268,confirmed,synthetic
EMPRESI-HPAI-0001477,WAHIS-HPAI-FRA-2023-12-04-09,WAHIS,High pathogenicity avian influenza,HPAI,France,FRA,48.0558,-0.5626,2023-12-05,2023-12-10,2023-12-18,Anas platyrhynchos (domestic),1790,977,confirmed,synthetic
EMPRESI-HPAI-0001483,WAHIS-HPAI-DEU-2023-12-04-04,WAHIS,High pathogenicity avian influenza,HPAI,Germany,DEU,53.0962,8.7944,2023-12-04,2023-12-09,2023-12-18,Larus spp. (wild),439,244,confirmed,synthetic
EMPRESI-HPAI-0001493,WAHIS-HPAI-NLD-2023-12-04-05,WAHIS,High pathogenicity avian influenza,HPAI,Netherlands,NLD,52.8344,6.4439,2023-12-06,2023-12-11,2023-12-19,Meleagris gallopavo (domestic),1598,872,confirmed,synthetic
EMPRESI-HPAI-0001582,WAHIS-HPAI-ITA-2023-12-11-10,WAHIS,High pathogenicity avian influenza,HPAI,Italy,ITA,44.3113,12.1862,2023-12-11,2023-12-16,2023-12-19,Meleagris gallopavo (domestic),466,260,confirmed,synthetic
EMPRESI-ASF-0002548,WAHIS-ASF-NLD-2023-11-20-00,WAHIS,African swine fever,ASF,Netherlands,NLD,51.8397,6.9328,2023-11-22,2023-12-14,2023-12-20,Sus scrofa domesticus,60,47,confirmed,synthetic
EMPRESI-HPAI-0001486,WAHIS-HPAI-DEU-2023-12-04-07,WAHIS,High pathogenicity avian influenza,HPAI,Germany,DEU,51.0659,13.9928,2023-12-05,2023-12-12,2023-12-20,Meleagris gallopavo (domestic),6386,3571,confirmed,synthetic
EMPRESI-HPAI-0001391,WAHIS-HPAI-NLD-2023-11-20-00,WAHIS,High pathogenicity avian influenza,HPAI,Netherlands,NLD,51.6362,4.2835,2023-11-23,2023-12-07,2023-12-20,Cygnus olor (wild),3217,1789,confirmed,synthetic
EMPRESI-ASF-0002543,WAHIS-ASF-HUN-2023-11-13-00,WAHIS,African swine fever,ASF,Hungary,HUN,47.8507,21.3032,2023-11-16,2023-12-12,2023-12-20,Sus scrofa domesticus,72,58,confirmed,synthetic
EMPRESI-HPAI-0001433,WAHIS-HPAI-NLD-2023-11-27-05,WAHIS,High pathogenicity avian influenza,HPAI,Netherlands,NLD,52.7214,4.7644,2023-12-01,2023-12-12,2023-12-20,Cygnus olor (wild),2755,1508,confirmed,synthetic
EMPRESI-HPAI-0001343,WAHIS-HPAI-FRA-2023-11-06-00,WAHIS,High pathogenicity avian influenza,HPAI,France,FRA,47.2143,3.7776,2023-11-11,2023-12-11,2023-12-21,Anas platyrhynchos (domestic),7007,3851,confirmed,synthetic
EMPRESI-HPAI-0001512,WAHIS-HPAI-ESP-2023-12-04-01,WAHIS,High pathogenicity avian influenza,HPAI,Spain,ESP,40.7537,-0.248,2023-12-04,2023-12-11,2023-12-21,Gallus gallus (domestic),323,187,confirmed,synthetic
EMPRESI-HPAI-0001441,WAHIS-HPAI-BEL-2023-11-27-04,WAHIS,High pathogenicity avian influenza,HPAI,Belgium,BEL,50.8922,5.4567,2023-12-01,2023-12-07,2023-12-21,Anas platyrhynchos (domestic),1248,658,confirmed,synthetic
EMPRESI-HPAI-0001439,WAHIS-HPAI-BEL-2023-11-27-02,WAHIS,High pathogenicity avian influenza,HPAI,Belgium,BEL,51.2993,5.3661,2023-11-28,2023-12-14,2023-12-21,Cygnus olor (wild),2582,1411,confirmed,synthetic
EMPRESI-HPAI-0001451,WAHIS-HPAI-ITA-2023-11-27-07,WAHIS,High pathogenicity avian influenza,HPAI,Italy,ITA,43.7117,15.3027,2023-12-02,2023-12-14,2023-12-21,Anas platyrhynchos (domestic),2859,1575,confirmed,synthetic
EMPRESI-HPAI-0001429,WAHIS-HPAI-NLD-2023-11-27-01,WAHIS,High pathogenicity avian influenza,HPAI,Netherlands,NLD,51.3908,6.2961,2023-11-30,2023-12-14,2023-12-21,Gallus gallus (domestic),4840,2690,confirmed,synthetic
EMPRESI-HPAI-0001461,WAHIS-HPAI-HUN-2023-11-27-01,WAHIS,High pathogenicity avian influenza,HPAI,Hungary,HUN,47.2702,17.5201,2023-12-03,2023-12-12,2023-12-21,Meleagris gallopavo (domestic),4217,2298,confirmed,synthetic
EMPRESI-HPAI-0001398,WAHIS-HPAI-BEL-2023-11-20-01,WAHIS,High pathogenicity avian influenza,HPAI,Belgium,BEL,50.6109,5.2272,2023-11-22,2023-12-15,2023-12-21,Anas platyrhynchos (domestic),4268,2359,confirmed,synthetic
EMPRESI-HPAI-0001572,WAHIS-HPAI-ITA-2023-12-11-00,WAHIS,High pathogenicity avian influenza,HPAI,Italy,ITA,44.7904,13.8989,2023-12-11,2023-12-15,2023-12-22,Anas platyrhynchos (domestic),7646,4186,confirmed,synthetic
EMPRESI-HPAI-0001561,WAHIS-HPAI-NLD-2023-12-11-03,WAHIS,High pathogenicity avian influenza,HPAI,Netherlands,NLD,52.5046,6.2736,2023-12-11,2023-12-14,2023-12-22,Gallus gallus (domestic),1867,1019,confirmed,synthetic
EMPRESI-HPAI-0001524,WAHIS-HPAI-SRB-2023-12-04-01,WAHIS,High pathogenicity avian influenza,HPAI,Serbia,SRB,44.5974,20.9701,2023-12-04,2023-12-16,2023-12-22,Gallus gallus (domestic),1977,1115,confirmed,synthetic
EMPRESI-ASF-0002553,WAHIS-ASF-ISR-2023-11-20-00,WAHIS,African swine fever,ASF,Israel,ISR,30.6807,35.1763,2023-11-23,2023-12-14,2023-12-22,Sus scrofa (wild boar),146,123,confirmed,synthetic
EMPRESI-HPAI-0001446,WAHIS-HPAI-ITA-2023-11-27-02,WAHIS,High pathogenicity avian influenza,HPAI,Italy,ITA,40.3104,13.7809,2023-12-02,2023-12-13,2023-12-23,Gallus gallus (domestic),634,353,confirmed,synthetic
EMPRESI-HPAI-0001485,WAHIS-HPAI-DEU-2023-12-04-06,WAHIS,High pathogenicity avian influenza,HPAI,Germany,DEU,49.6019,9.9038,2023-12-08,2023-12-15,2023-12-23,Gallus gallus (domestic),3255,1786,confirmed,synthetic
EMPRESI-HPAI-0001568,WAHIS-HPAI-BEL-2023-12-11-04,WAHIS,High pathogenicity avian influenza,HPAI,Belgium,BEL,50.8456,5.6793,2023-12-13,2023-12-17,2023-12-23,Larus spp. (wild),6023,3271,confirmed,synthetic
EMPRESI-HPAI-0001479,WAHIS-HPAI-DEU-2023-12-04-00,WAHIS,High pathogenicity avian influenza,HPAI,Germany,DEU,53.0765,8.5358,2023-12-10,2023-12-18,2023-12-23,Larus spp. (wild),3153,1732,confirmed,synthetic
EMPRESI-HPAI-0001465,WAHIS-HPAI-UKR-2023-11-27-00,WAHIS,High pathogenicity avian influenza,HPAI,Ukraine,UKR,45.4931,33.5023,2023-11-30,2023-12-18,2023-12-24,Cygnus olor (wild),9103,4949,confirmed,synthetic
EMPRESI-HPAI-0001564,WAHIS-HPAI-BEL-2023-12-11-00,WAHIS,High pathogenicity avian influenza,HPAI,Belgium,BEL,50.2453,5.4148,2023-12-16,2023-12-20,2023-12-24,Meleagris gallopavo (domestic),4663,2554,confirmed,synthetic
EMPRESI-HPAI-0001499,WAHIS-HPAI-ITA-2023-12-04-00,WAHIS,High pathogenicity avian influenza,HPAI,Italy,ITA,43.9472,13.1382,2023-12-05,2023-12-19,2023-12-24,Cygnus olor (wild),6522,3647,confirmed,synthetic
EMPRESI-HPAI-0001494,WAHIS-HPAI-NLD-2023-12-04-06,WAHIS,High pathogenicity avian influenza,HPAI,Netherlands,NLD,52.0056,4.6347,2023-12-09,2023-12-14,2023-12-24,Cygnus olor (wild),3849,2123,confirmed,synthetic
EMPRESI-HPAI-0001414,WAHIS-HPAI-FRA-2023-11-27-03,WAHIS,High pathogenicity avian influenza,HPAI,France,FRA,46.0961,7.2444,2023-11-27,2023-12-20,2023-12-24,Meleagris gallopavo (domestic),1451,791,confirmed,synthetic
EMPRESI-HPAI-0001593,WAHIS-HPAI-ESP-2023-12-11-09,WAHIS,High pathogenicity avian influenza,HPAI,Spain,ESP,41.8984,-6.3558,2023-12-17,2023-12-21,2023-12-25,Larus spp. (wild),5603,3026,confirmed,synthetic
EMPRESI-HPAI-0001475,WAHIS-HPAI-FRA-2023-12-04-07,WAHIS,High pathogenicity avian influenza,HPAI,France,FRA,46.1714,0.8321,2023-12-06,2023-12-20,2023-12-25,Gallus gallus (domestic),4637,2508,confirmed,synthetic
EMPRESI-HPAI-0001596,WAHIS-HPAI-ESP-2023-12-11-12,WAHIS,High pathogenicity avian influenza,HPAI,Spain,ESP,43.4246,-1.6225,2023-12-12,2023-12-16,2023-12-25,Cygnus olor (wild),1193,648,confirmed,synthetic
EMPRESI-HPAI-0001527,WAHIS-HPAI-RUS-2023-12-04-00,WAHIS,High pathogenicity avian influenza,HPAI,Russian Federation,RUS,56.8544,33.4273,2023-12-09,2023-12-18,2023-12-25,Meleagris gallopavo (domestic),3788,2061,confirmed,synthetic
EMPRESI-HPAI-0001597,WAHIS-HPAI-ESP-2023-12-11-13,WAHIS,High pathogenicity avian influenza,HPAI,Spain,ESP,38.8455,-3.5542,2023-12-11,2023-12-19,2023-12-25,Larus spp. (wild),2278,1246,confirmed,synthetic
EMPRESI-HPAI-0001423,WAHIS-HPAI-DEU-2023-11-27-04,WAHIS,High pathogenicity avian influenza,HPAI,Germany,DEU,50.3293,12.3453,2023-12-02,2023-12-19,2023-12-25,Gallus gallus (domestic),10531,5825,confirmed,synthetic
EMPRESI-HPAI-0001507,WAHIS-HPAI-ITA-2023-12-04-08,WAHIS,High pathogenicity avian influenza,HPAI,Italy,ITA,44.3189,12.3802,2023-12-07,2023-12-15,2023-12-25,Gallus gallus (domestic),7218,3977,confirmed,synthetic
EMPRESI-HPAI-0001550,WAHIS-HPAI-DEU-2023-12-11-03,WAHIS,High pathogenicity avian influenza,HPAI,Germany,DEU,49.7182,10.0137,2023-12-16,2023-12-18,2023-12-26,Gallus gallus (domestic),1490,827,confirmed,synthetic
EMPRESI-HPAI-0001476,WAHIS-HPAI-FRA-2023-12-04-08,WAHIS,High pathogenicity avian influenza,HPAI,France,FRA,45.983,1.0397,2023-12-06,2023-12-16,2023-12-26,Larus spp. (wild),5295,2940,confirmed,synthetic
EMPRESI-HPAI-0001505,WAHIS-HPAI-ITA-2023-12-04-06,WAHIS,High pathogenicity avian influenza,HPAI,Italy,ITA,40.4874,10.679,2023-12-09,2023-12-15,2023-12-26,Meleagris gallopavo (domestic),5692,3093,confirmed,synthetic
EMPRESI-HPAI-0001397,WAHIS-HPAI-BEL-2023-11-20-00,WAHIS,High pathogenicity avian influenza,HPAI,Belgium,BEL,50.3348,4.9809,2023-11-24,2023-12-15,2023-12-26,Meleagris gallopavo (domestic),10587,5861,confirmed,synthetic
EMPRESI-HPAI-0001514,WAHIS-HPAI-ESP-2023-12-04-03,WAHIS,High pathogenicity avian influenza,HPAI,Spain,ESP,40.3645,-6.1325,2023-12-08,2023-12-18,2023-12-26,Meleagris gallopavo (domestic),4188,2307,confirmed,synthetic
EMPRESI-HPAI-0001444,WAHIS-HPAI-ITA-2023-11-27-00,WAHIS,High pathogenicity avian influenza,HPAI,Italy,ITA,45.2548,12.556,2023-11-29,2023-12-20,2023-12-26,Anas platyrhynchos (domestic),9893,5458,confirmed,synthetic
EMPRESI-HPAI-0001502,WAHIS-HPAI-ITA-2023-12-04-03,WAHIS,High pathogenicity avian influenza,HPAI,Italy,ITA,43.4951,10.8639,2023-12-04,2023-12-19,2023-12-26,Meleagris gallopavo (domestic),2833,1539,confirmed,synthetic
EMPRESI-HPAI-0001603,WAHIS-HPAI-HUN-2023-12-11-01,WAHIS,High pathogenicity avian influenza,HPAI,Hungary,HUN,48.1682,21.2197,2023-12-14,2023-12-22,2023-12-27,Larus spp. (wild),3443,1900,confirmed,synthetic
EMPRESI-HPAI-0001453,WAHIS-HPAI-ESP-2023-11-27-01,WAHIS,High pathogenicity avian influenza,HPAI,Spain,ESP,40.4872,-6.6822,2023-11-27,2023-12-18,2023-12-27,Gallus gallus (domestic),929,512,confirmed,synthetic
EMPRESI-HPAI-0001585,WAHIS-HPAI-ESP-2023-12-11-01,WAHIS,High pathogenicity avian influenza,HPAI,Spain,ESP,39.7765,-6.131,2023-12-11,2023-12-14,2023-12-27,Larus spp. (wild),5296,2900,confirmed,synthetic
EMPRESI-HPAI-0001469,WAHIS-HPAI-FRA-2023-12-04-01,WAHIS,High pathogenicity avian influenza,HPAI,France,FRA,47.0376,-3.0139,2023-12-09,2023-12-17,2023-12-27,Cygnus olor (wild),8228,4496,confirmed,synthetic
EMPRESI-HPAI-0001579,WAHIS-HPAI-ITA-2023-12-11-07,WAHIS,High pathogenicity avian influenza,HPAI,Italy,ITA,43.2836,13.6104,2023-12-14,2023-12-20,2023-12-27,Meleagris gallopavo (domestic),5142,2775,confirmed,synthetic
EMPRESI-HPAI-0001420,WAHIS-HPAI-DEU-2023-11-27-01,WAHIS,High pathogenicity avian influenza,HPAI,Germany,DEU,50.0232,6.4323,2023-12-02,2023-12-23,2023-12-27,Meleagris gallopavo (domestic),1484,844,confirmed,synthetic
EMPRESI-HPAI-0001542,WAHIS-HPAI-FRA-2023-12-11-13,WAHIS,High pathogenicity avian influenza,HPAI,France,FRA,46.366,-1.0942,2023-12-14,2023-12-18,2023-12-27,Meleagris gallopavo (domestic),8579,4727,confirmed,synthetic
EMPRESI-HPAI-0001539,WAHIS-HPAI-FRA-2023-12-11-10,WAHIS,High pathogenicity avian influenza,HPAI,France,FRA,45.8701,3.2535,2023-12-16,2023-12-20,2023-12-27,Anas platyrhynchos (domestic),4992,2755,confirmed,synthetic
EMPRESI-HPAI-0001518,WAHIS-HPAI-POL-2023-12-04-01,WAHIS,High pathogenicity avian influenza,HPAI,Poland,POL,52.8967,17.9546,2023-12-05,2023-12-18,2023-12-27,Anas platyrhynchos (domestic),5050,2747,confirmed,synthetic
EMPRESI-HPAI-0001537,WAHIS-HPAI-FRA-2023-12-11-08,WAHIS,High pathogenicity avian influenza,HPAI,France,FRA,45.218,1.1709,2023-12-16,2023-12-21,2023-12-27,Cygnus olor (wild),7679,4191,confirmed,synthetic
EMPRESI-HPAI-0001588,WAHIS-HPAI-ESP-2023-12-11-04,WAHIS,High pathogenicity avian influenza,HPAI,Spain,ESP,41.4729,-0.1935,2023-12-16,2023-12-23,2023-12-27,Gallus gallus (domestic),2370,1283,confirmed,synthetic
EMPRESI-HPAI-0001567,WAHIS-HPAI-BEL-2023-12-11-03,WAHIS,High pathogenicity avian influenza,HPAI,Belgium,BEL,50.394,5.5841,2023-12-15,2023-12-22,2023-12-28,Anas platyrhynchos (domestic),4081,2267,confirmed,synthetic
EMPRESI-HPAI-0001552,WAHIS-HPAI-DEU-2023-12-11-05,WAHIS,High pathogenicity avian influenza,HPAI,Germany,DEU,50.3167,6.7818,2023-12-13,2023-12-19,2023-12-28,Gallus gallus (domestic),10126,5554,confirmed,synthetic
EMPRESI-HPAI-0001519,WAHIS-HPAI-POL-2023-12-04-02,WAHIS,High pathogenicity avian influenza,HPAI,Poland,POL,50.8862,18.2247,2023-12-07,2023-12-20,2023-12-28,Meleagris gallopavo (domestic),3933,2159,confirmed,synthetic
EMPRESI-HPAI-0001520,WAHIS-HPAI-HUN-2023-12-04-00,WAHIS,High pathogenicity avian influenza,HPAI,Hungary,HUN,47.8614,19.0162,2023-12-05,2023-12-19,2023-12-28,Anas platyrhynchos (domestic),2432,1332,confirmed,synthetic
EMPRESI-HPAI-0001623,WAHIS-HPAI-FRA-2023-12-18-07,WAHIS,High pathogenicity avian influenza,HPAI,France,FRA,47.4416,6.1165,2023-12-18,2023-12-23,2023-12-28,Anas platyrhynchos (domestic),5561,2992,confirmed,synthetic
EMPRESI-HPAI-0001452,WAHIS-HPAI-ESP-2023-11-27-00,WAHIS,High pathogenicity avian influenza,HPAI,Spain,ESP,40.0855,-2.017,2023-11-28,2023-12-19,2023-12-28,Anas platyrhynchos (domestic),4383,2462,confirmed,synthetic
EMPRESI-HPAI-0001466,WAHIS-HPAI-MDA-2023-11-27-00,WAHIS,High pathogenicity avian influenza,HPAI,Moldova,MDA,47.355,29.5036,2023-11-29,2023-12-19,2023-12-28,Gallus gallus (domestic),6525,3584,confirmed,synthetic
EMPRESI-HPAI-0001558,WAHIS-HPAI-NLD-2023-12-11-00,WAHIS,High pathogenicity avian influenza,HPAI,Netherlands,NLD,52.9892,6.0689,2023-12-14,2023-12-18,2023-12-29,Meleagris gallopavo (domestic),1141,621,confirmed,synthetic
EMPRESI-ASF-0002477,WAHIS-ASF-DEU-2023-10-02-00,WAHIS,African swine fever,ASF,Germany,DEU,50.6564,8.2204,2023-10-07,2023-12-25,2023-12-29,Sus scrofa (wild boar),63,59,confirmed,synthetic
EMPRESI-HPAI-0001594,WAHIS-HPAI-ESP-2023-12-11-10,WAHIS,High pathogenicity avian influenza,HPAI,Spain,ESP,39.3488,-4.2237,2023-12-15,2023-12-21,2023-12-29,Anas platyrhynchos (domestic),5219,2875,confirmed,synthetic
EMPRESI-HPAI-0001599,WAHIS-HPAI-ESP-2023-12-11-15,WAHIS,High pathogenicity avian influenza,HPAI,Spain,ESP,38.6338,-4.9435,2023-12-15,2023-12-22,2023-12-29,Meleagris gallopavo (domestic),4636,2523,confirmed,synthetic
EMPRESI-HPAI-0001589,WAHIS-HPAI-ESP-2023-12-11-05,WAHIS,High pathogenicity avian influenza,HPAI,Spain,ESP,39.3116,-6.2961,2023-12-14,2023-12-18,2023-12-30,Meleagris gallopavo (domestic),3062,1693,confirmed,synthetic
EMPRESI-HPAI-0001457,WAHIS-HPAI-POL-2023-11-27-00,WAHIS,High pathogenicity avian influenza,HPAI,Poland,POL,52.429,22.1622,2023-11-30,2023-12-20,2023-12-30,Cygnus olor (wild),1851,1006,confirmed,synthetic
EMPRESI-HPAI-0001426,WAHIS-HPAI-DEU-2023-11-27-07,WAHIS,High pathogenicity avian influenza,HPAI,Germany,DEU,52.1617,11.4789,2023-12-03,2023-12-19,2023-12-30,Larus spp. (wild),1637,869,confirmed,synthetic
EMPRESI-HPAI-0001541,WAHIS-HPAI-FRA-2023-12-11-12,WAHIS,High pathogenicity avian influenza,HPAI,France,FRA,46.0309,0.0313,2023-12-14,2023-12-20,2023-12-30,Gallus gallus (domestic),4882,2707,confirmed,synthetic
EMPRESI-HPAI-0001474,WAHIS-HPAI-FRA-2023-12-04-06,WAHIS,High pathogenicity avian influenza,HPAI,France,FRA,44.2277,3.6563,2023-12-05,2023-12-21,2023-12-30,Meleagris gallopavo (domestic),2307,1213,confirmed,synthetic
EMPRESI-HPAI-0001632,WAHIS-HPAI-NLD-2023-12-18-00,WAHIS,High pathogenicity avian influenza,HPAI,Netherlands,NLD,52.3652,4.2081,2023-12-19,2023-12-26,2023-12-30,Cygnus olor (wild),2706,1480,confirmed,synthetic
EMPRESI-HPAI-0001563,WAHIS-HPAI-NLD-2023-12-11-05,WAHIS,High pathogenicity avian influenza,HPAI,Netherlands,NLD,52.9499,5.7939,2023-12-11,2023-12-19,2023-12-31,Cygnus olor (wild),1574,856,confirmed,synthetic
EMPRESI-HPAI-0001543,WAHIS-HPAI-FRA-2023-12-11-14,WAHIS,High pathogenicity avian influenza,HPAI,France,FRA,45.6845,-2.1252,2023-12-13,2023-12-23,2023-12-31,Larus spp. (wild),2088,1138,confirmed,synthetic
EMPRESI-HPAI-0001549,WAHIS-HPAI-DEU-2023-12-11-02,WAHIS,High pathogenicity avian influenza,HPAI,Germany,DEU,50.886,10.6164,2023-12-16,2023-12-20,2023-12-31,Larus spp. (wild),3459,1903,confirmed,synthetic
EMPRESI-HPAI-0001571,WAHIS-HPAI-BEL-2023-12-11-07,WAHIS,High pathogenicity avian influenza,HPAI,Belgium,BEL,51.4736,4.5509,2023-12-14,2023-12-21,2023-12-31,Meleagris gallopavo (domestic),973,536,confirmed,synthetic
EMPRESI-HPAI-0001338,WAHIS-HPAI-NLD-2023-10-30-00,WAHIS,High pathogenicity avian influenza,HPAI,Netherlands,NLD,52.5795,6.7522,2023-11-02,2023-12-18,2023-12-31,Cygnus olor (wild),2995,1637,confirmed,synthetic
EMPRESI-HPAI-0001535,WAHIS-HPAI-FRA-2023-12-11-06,WAHIS,High pathogenicity avian influenza,HPAI,France,FRA,49.0981,-1.1035,2023-12-16,2023-12-21,2023-12-31,Cygnus olor (wild),1629,863,confirmed,synthetic
EMPRESI-HPAI-0001534,WAHIS-HPAI-FRA-2023-12-11-05,WAHIS,High pathogenicity avian influenza,HPAI,France,FRA,43.085,1.3345,2023-12-13,2023-12-24,2023-12-31,Larus spp. (wild),8049,4386,confirmed,synthetic
EMPRESI-HPAI-0001560,WAHIS-HPAI-NLD-2023-12-11-02,WAHIS,High pathogenicity avian influenza,HPAI,Netherlands,NLD,51.3446,6.4824,2023-12-13,2023-12-23,2023-12-31,Meleagris gallopavo (domestic),2246,1247,confirmed,synthetic
EMPRESI-HPAI-0001498,WAHIS-HPAI-BEL-2023-12-04-03,WAHIS,High pathogenicity avian influenza,HPAI,Belgium,BEL,50.0631,4.4333,2023-12-06,2023-12-24,2023-12-31,Gallus gallus (domestic),3809,2107,confirmed,synthetic
EMPRESI-HPAI-0001442,WAHIS-HPAI-BEL-2023-11-27-05,WAHIS,High pathogenicity avian influenza,HPAI,Belgium,BEL,50.7794,4.148,2023-11-28,2023-12-29,2024-01-01,Anas platyrhynchos (domestic),1981,1094,confirmed,synthetic
EMPRESI-HPAI-0001565,WAHIS-HPAI-BEL-2023-12-11-01,WAHIS,High pathogenicity avian influenza,HPAI,Belgium,BEL,50.0899,5.239,2023-12-17,2023-12-20,2024-01-01,Anas platyrhynchos (domestic),4871,2609,confirmed,synthetic
EMPRESI-HPAI-0001508,WAHIS-HPAI-ITA-2023-12-04-09,WAHIS,High pathogenicity avian influenza,HPAI,Italy,ITA,41.4402,13.2394,2023-12-10,2023-12-26,2024-01-01,Cygnus olor (wild),2036,1084,confirmed,synthetic
EMPRESI-HPAI-0001612,WAHIS-HPAI-BGR-2023-12-11-01,WAHIS,High pathogenicity avian influenza,HPAI,Bulgaria,BGR,43.7916,26.665,2023-12-17,2023-12-25,2024-01-01,Meleagris gallopavo (domestic),5723,3138,confirmed,synthetic
EMPRESI-HPAI-0001578,WAHIS-HPAI-ITA-2023-12-11-06,WAHIS,High pathogenicity avian influenza,HPAI,Italy,ITA,41.2459,13.953,2023-12-11,2023-12-23,2024-01-01,Gallus gallus (domestic),2958,1608,confirmed,synthetic
EMPRESI-HPAI-0001650,WAHIS-HPAI-ESP-2023-12-18-02,WAHIS,High pathogenicity avian influenza,HPAI,Spain,ESP,40.976,-0.5934,2023-12-19,2023-12-25,2024-01-01,Meleagris gallopavo (domestic),5797,3173,confirmed,synthetic
EMPRESI-HPAI-0001600,WAHIS-HPAI-ESP-2023-12-11-16,WAHIS,High pathogenicity avian influenza,HPAI,Spain,ESP,42.4132,-3.7232,2023-12-17,2023-12-24,2024-01-02,Gallus gallus (domestic),2539,1406,confirmed,synthetic
EMPRESI-HPAI-0001640,WAHIS-HPAI-ITA-2023-12-18-00,WAHIS,High pathogenicity avian influenza,HPAI,Italy,ITA,42.6053,11.087,2023-12-20,2023-12-28,2024-01-02,Cygnus olor (wild),6494,3513,confirmed,synthetic
EMPRESI-HPAI-0001583,WAHIS-HPAI-ITA-2023-12-11-11,WAHIS,High pathogenicity avian influenza,HPAI,Italy,ITA,42.3364,12.7464,2023-12-16,2023-12-26,2024-01-02,Gallus gallus (domestic),1903,1030,confirmed,synthetic
EMPRESI-HPAI-0001490,WAHIS-HPAI-NLD-2023-12-04-02,WAHIS,High pathogenicity avian influenza,HPAI,Netherlands,NLD,52.8623,5.953,2023-12-08,2023-12-26,2024-01-02,Meleagris gallopavo (domestic),4733,2619,confirmed,synthetic
EMPRESI-HPAI-0001468,WAHIS-HPAI-FRA-2023-12-04-00,WAHIS,High pathogenicity avian influenza,HPAI,France,FRA,49.8582,4.8389,2023-12-10,2023-12-29,2024-01-02,Anas platyrhynchos (domestic),1970,1133,confirmed,synthetic
EMPRESI-HPAI-0001532,WAHIS-HPAI-FRA-2023-12-11-03,WAHIS,High pathogenicity avian influenza,HPAI,France,FRA,47.4387,0.1886,2023-12-17,2023-12-27,2024-01-02,Meleagris gallopavo (domestic),1197,657,confirmed,synthetic
EMPRESI-HPAI-0001605,WAHIS-HPAI-HUN-2023-12-11-03,WAHIS,High pathogenicity avian influenza,HPAI,Hungary,HUN,47.0895,20.9697,2023-12-17,2023-12-26,2024-01-02,Cygnus olor (wild),4329,2350,confirmed,synthetic
EMPRESI-HPAI-0001536,WAHIS-HPAI-FRA-2023-12-11-07,WAHIS,High pathogenicity avian influenza,HPAI,France,FRA,48.8604,6.133,2023-12-17,2023-12-23,2024-01-03,Anas platyrhynchos (domestic),6523,3519,confirmed,synthetic
EMPRESI-HPAI-0001621,WAHIS-HPAI-FRA-2023-12-18-05,WAHIS,High pathogenicity avian influenza,HPAI,France,FRA,47.1411,-2.4856,2023-12-22,2023-12-28,2024-01-03,Cygnus olor (wild),2444,1344,confirmed,synthetic
EMPRESI-HPAI-0001540,WAHIS-HPAI-FRA-2023-12-11-11,WAHIS,High pathogenicity avian influenza,HPAI,France,FRA,47.1249,-0.8169,2023-12-15,2023-12-24,2024-01-03,Anas platyrhynchos (domestic),1878,1030,confirmed,synthetic
EMPRESI-HPAI-0001422,WAHIS-HPAI-DEU-2023-11-27-03,WAHIS,High pathogenicity avian influenza,HPAI,Germany,DEU,52.4622,13.0441,2023-12-03,2023-12-27,2024-01-03,Gallus gallus (domestic),7697,4243,confirmed,synthetic
EMPRESI-HPAI-0001627,WAHIS-HPAI-DEU-2023-12-18-02,WAHIS,High pathogenicity avian influenza,HPAI,Germany,DEU,53.0208,12.3594,2023-12-19,2023-12-24,2024-01-03,Cygnus olor (wild),7401,4090,confirmed,synthetic
EMPRESI-HPAI-0001668,WAHIS-HPAI-SRB-2023-12-18-00,WAHIS,High pathogenicity avian influenza,HPAI,Serbia,SRB,43.3246,19.9187,2023-12-18,2023-12-27,2024-01-03,Meleagris gallopavo (domestic),1307,770,confirmed,synthetic
EMPRESI-HPAI-0001491,WAHIS-HPAI-NLD-2023-12-04-03,WAHIS,High pathogenicity avian influenza,HPAI,Netherlands,NLD,51.4309,5.0999,2023-12-10,2023-12-25,2024-01-03,Anas platyrhynchos (domestic),5222,2921,confirmed,synthetic
EMPRESI-HPAI-0001556,WAHIS-HPAI-DEU-2023-12-11-09,WAHIS,High pathogenicity avian influenza,HPAI,Germany,DEU,48.792,8.0376,2023-12-15,2023-12-24,2024-01-03,Cygnus olor (wild),14738,8091,confirmed,synthetic
EMPRESI-HPAI-0001551,WAHIS-HPAI-DEU-2023-12-11-04,WAHIS,High pathogenicity avian influenza,HPAI,Germany,DEU,51.375,11.4627,2023-12-15,2023-12-29,2024-01-03,Cygnus olor (wild),4008,2193,confirmed,synthetic
EMPRESI-HPAI-0001618,WAHIS-HPAI-FRA-2023-12-18-02,WAHIS,High pathogenicity avian influenza,HPAI,France,FRA,44.5145,-0.9908,2023-12-21,2023-12-27,2024-01-03,Anas platyrhynchos (domestic),5329,2882,confirmed,synthetic
EMPRESI-HPAI-0001548,WAHIS-HPAI-DEU-2023-12-11-01,WAHIS,High pathogenicity avian influenza,HPAI,Germany,DEU,50.0988,10.5009,2023-12-11,2023-12-30,2024-01-04,Meleagris gallopavo (domestic),7051,3828,confirmed,synthetic
EMPRESI-HPAI-0001610,WAHIS-HPAI-ROU-2023-12-11-00,WAHIS,High pathogenicity avian influenza,HPAI,Romania,ROU,46.5407,27.8439,2023-12-17,2023-12-29,2024-01-04,Larus spp. (wild),1843,1014,confirmed,synthetic
EMPRESI-HPAI-0001656,WAHIS-HPAI-POL-2023-12-18-02,WAHIS,High pathogenicity avian influenza,HPAI,Poland,POL,52.0821,17.85,2023-12-20,2023-12-25,2024-01-04,Larus spp. (wild),2109,1183,confirmed,synthetic
EMPRESI-HPAI-0001655,WAHIS-HPAI-POL-2023-12-18-01,WAHIS,High pathogenicity avian influenza,HPAI,Poland,POL,51.3629,19.593,2023-12-21,2023-12-29,2024-01-04,Larus spp. (wild),7971,4425,confirmed,synthetic
EMPRESI-HPAI-0001616,WAHIS-HPAI-FRA-2023-12-18-00,WAHIS,High pathogenicity avian influenza,HPAI,France,FRA,45.952,2.5878,2023-12-23,2023-12-29,2024-01-04,Anas platyrhynchos (domestic),6754,3667,confirmed,synthetic
EMPRESI-HPAI-0001611,WAHIS-HPAI-BGR-2023-12-11-00,WAHIS,High pathogenicity avian influenza,HPAI,Bulgaria,BGR,42.7952,27.447,2023-12-15,2023-12-26,2024-01-04,Anas platyrhynchos (domestic),6786,3672,confirmed,synthetic
EMPRESI-HPAI-0001659,WAHIS-HPAI-HUN-2023-12-18-01,WAHIS,High pathogenicity avian influenza,HPAI,Hungary,HUN,46.2355,20.8746,2023-12-23,2023-12-30,2024-01-05,Cygnus olor (wild),3877,2123,confirmed,synthetic
EMPRESI-HPAI-0001566,WAHIS-HPAI-BEL-2023-12-11-02,WAHIS,High pathogenicity avian influenza,HPAI,Belgium,BEL,49.8386,4.2872,2023-12-16,2023-12-29,2024-01-05,Gallus gallus (domestic),5329,2949,confirmed,synthetic
EMPRESI-HPAI-0001709,WAHIS-HPAI-ESP-2023-12-25-04,WAHIS,High pathogenicity avian influenza,HPAI,Spain,ESP,37.4243,-5.59,2023-12-25,2023-12-31,2024-01-05,Gallus gallus (domestic),3537,1911,confirmed,synthetic
EMPRESI-HPAI-0001624,WAHIS-HPAI-FRA-2023-12-18-08,WAHIS,High pathogenicity avian influenza,HPAI,France,FRA,49.8757,-0.0335,2023-12-21,2023-12-30,2024-01-05,Meleagris gallopavo (domestic),4527,2543,confirmed,synthetic
EMPRESI-HPAI-0001529,WAHIS-HPAI-FRA-2023-12-11-00,WAHIS,High pathogenicity avian influenza,HPAI,France,FRA,43.3219,4.8815,2023-12-14,2023-12-24,2024-01-05,Larus spp. (wild),3557,1967,confirmed,synthetic
EMPRESI-HPAI-0001530,WAHIS-HPAI-FRA-2023-12-11-01,WAHIS,High pathogenicity avian influenza,HPAI,France,FRA,49.3972,2.3141,2023-12-17,2023-12-28,2024-01-05,Anas platyrhynchos (domestic),1046,577,confirmed,synthetic
EMPRESI-ASF-0002527,WAHIS-ASF-ESP-2023-10-23-00,WAHIS,African swine fever,ASF,Spain,ESP,36.9361,-3.4897,2023-10-29,2023-12-28,2024-01-05,Sus scrofa domesticus,207,186,confirmed,synthetic
EMPRESI-HPAI-0001669,WAHIS-HPAI-SRB-2023-12-18-01,WAHIS,High pathogenicity avian influenza,HPAI,Serbia,SRB,44.0514,20.497,2023-12-19,2023-12-29,2024-01-06,Meleagris gallopavo (domestic),3758,2096,confirmed,synthetic
EMPRESI-HPAI-0001628,WAHIS-HPAI-DEU-2023-12-18-03,WAHIS,High pathogenicity avian influenza,HPAI,Germany,DEU,49.0288,9.1048,2023-12-23,2023-12-31,2024-01-06,Larus spp. (wild),6835,3812,confirmed,synthetic
EMPRESI-HPAI-0001470,WAHIS-HPAI-FRA-2023-12-04-02,WAHIS,High pathogenicity avian influenza,HPAI,France,FRA,46.0883,6.076,2023-12-07,2023-12-31,2024-01-06,Larus spp. (wild),2478,1376,confirmed,synthetic
EMPRESI-HPAI-0001654,WAHIS-HPAI-POL-2023-12-18-00,WAHIS,High pathogenicity avian influenza,HPAI,Poland,POL,51.096,22.2551,2023-12-18,2023-12-31,2024-01-06,Larus spp. (wild),1704,949,confirmed,synthetic
EMPRESI-HPAI-0001557,WAHIS-HPAI-DEU-2023-12-11-10,WAHIS,High pathogenicity avian influenza,HPAI,Germany,DEU,50.3315,11.188,2023-12-16,2023-12-29,2024-01-06,Larus spp. (wild),5867,3230,confirmed,synthetic
EMPRESI-HPAI-0001497,WAHIS-HPAI-BEL-2023-12-04-02,WAHIS,High pathogenicity avian influenza,HPAI,Belgium,BEL,51.2565,4.002,2023-12-06,2023-12-29,2024-01-06,Anas platyrhynchos (domestic),706,394,confirmed,synthetic
EMPRESI-HPAI-0001614,WAHIS-HPAI-SRB-2023-12-11-01,WAHIS,High pathogenicity avian influenza,HPAI,Serbia,SRB,44.1549,21.5138,2023-12-12,2023-12-28,2024-01-07,Meleagris gallopavo (domestic),1290,736,confirmed,synthetic
EMPRESI-HPAI-0001484,WAHIS-HPAI-DEU-2023-12-04-05,WAHIS,High pathogenicity avian influenza,HPAI,Germany,DEU,50.5304,11.2288,2023-12-09,2023-12-27,2024-01-07,Anas platyrhynchos (domestic),7110,3911,confirmed,synthetic
EMPRESI-HPAI-0001410,WAHIS-HPAI-UKR-2023-11-20-00,WAHIS,High pathogenicity avian influenza,HPAI,Ukraine,UKR,46.9962,35.2051,2023-11-23,2023-12-26,2024-01-07,Cygnus olor (wild),4819,2636,confirmed,synthetic
EMPRESI-HPAI-0001381,WAHIS-HPAI-FRA-2023-11-20-06,WAHIS,High pathogenicity avian influenza,HPAI,France,FRA,48.611,-0.6424,2023-11-22,2023-12-31,2024-01-07,Larus spp. (wild),4136,2274,confirmed,synthetic
EMPRESI-HPAI-0001595,WAHIS-HPAI-ESP-2023-12-11-11,WAHIS,High pathogenicity avian influenza,HPAI,Spain,ESP,41.6264,-1.7171,2023-12-14,2023-12-30,2024-01-07,Meleagris gallopavo (domestic),9650,5317,confirmed,synthetic
EMPRESI-HPAI-0001664,WAHIS-HPAI-BGR-2023-12-18-01,WAHIS,High pathogenicity avian influenza,HPAI,Bulgaria,BGR,43.3496,27.2916,2023-12-19,2023-12-31,2024-01-07,Larus spp. (wild),7068,3877,confirmed,synthetic
EMPRESI-HPAI-0001658,WAHIS-HPAI-HUN-2023-12-18-00,WAHIS,High pathogenicity avian influenza,HPAI,Hungary,HUN,48.2804,20.3258,2023-12-20,2023-12-27,2024-01-07,Larus spp. (wild),1232,679,confirmed,synthetic
EMPRESI-HPAI-0001590,WAHIS-HPAI-ESP-2023-12-11-06,WAHIS,High pathogenicity avian influenza,HPAI,Spain,ESP,41.6648,-5.1331,2023-12-15,2024-01-01,2024-01-07,Larus spp. (wild),2254,1230,confirmed,synthetic
EMPRESI-HPAI-0001657,WAHIS-HPAI-POL-2023-12-18-03,WAHIS,High pathogenicity avian influenza,HPAI,Poland,POL,50.8213,17.1919,2023-12-21,2023-12-28,2024-01-07,Gallus gallus (domestic),2904,1610,confirmed,synthetic
EMPRESI-HPAI-0001473,WAHIS-HPAI-FRA-2023-12-04-05,WAHIS,High pathogenicity avian influenza,HPAI,France,FRA,48.8843,1.4092,2023-12-10,2023-12-29,2024-01-07,Gallus gallus (domestic),5245,2899,confirmed,synthetic
EMPRESI-ASF-0002551,WAHIS-ASF-SRB-2023-11-20-00,WAHIS,African swine fever,ASF,Serbia,SRB,45.0526,19.4176,2023-11-21,2023-12-28,2024-01-07,Sus scrofa domesticus,240,217,confirmed,synthetic
EMPRESI-HPAI-0001635,WAHIS-HPAI-BEL-2023-12-18-02,WAHIS,High pathogenicity avian influenza,HPAI,Belgium,BEL,50.439,3.8233,2023-12-21,2024-01-02,2024-01-07,Meleagris gallopavo (domestic),3733,2071,confirmed,synthetic
EMPRESI-HPAI-0001576,WAHIS-HPAI-ITA-2023-12-11-04,WAHIS,High pathogenicity avian influenza,HPAI,Italy,ITA,43.4457,12.1993,2023-12-15,2023-12-31,2024-01-07,Meleagris gallopavo (domestic),4886,2733,confirmed,synthetic
EMPRESI-HPAI-0001637,WAHIS-HPAI-BEL-2023-12-18-04,WAHIS,High pathogenicity avian influenza,HPAI,Belgium,BEL,51.3595,4.3796,2023-12-22,2023-12-28,2024-01-08,Larus spp. (wild),1185,633,confirmed,synthetic
EMPRESI-HPAI-0001602,WAHIS-HPAI-HUN-2023-12-11-00,WAHIS,High pathogenicity avian influenza,HPAI,Hungary,HUN,47.8702,19.0614,2023-12-15,2024-01-01,2024-01-08,Gallus gallus (domestic),2112,1193,confirmed,synthetic
EMPRESI-HPAI-0001553,WAHIS-HPAI-DEU-2023-12-11-06,WAHIS,High pathogenicity avian influenza,HPAI,Germany,DEU,50.2639,10.4795,2023-12-13,2023-12-30,2024-01-08,Meleagris gallopavo (domestic),1246,669,confirmed,synthetic
EMPRESI-HPAI-0001671,WAHIS-HPAI-MDA-2023-12-18-01,WAHIS,High pathogenicity avian influenza,HPAI,Moldova,MDA,47.416,27.2983,2023-12-18,2024-01-04,2024-01-09,Larus spp. (wild),5913,3249,confirmed,synthetic
EMPRESI-HPAI-0001586,WAHIS-HPAI-ESP-2023-12-11-02,WAHIS,High pathogenicity avian influenza,HPAI,Spain,ESP,38.8378,-3.2298,2023-12-17,2023-12-31,2024-01-09,Meleagris gallopavo (domestic),4787,2658,confirmed,synthetic
EMPRESI-HPAI-0001648,WAHIS-HPAI-ESP-2023-12-18-00,WAHIS,High pathogenicity avian influenza,HPAI,Spain,ESP,37.8645,-6.1381,2023-12-18,2023-12-29,2024-01-09,Anas platyrhynchos (domestic),6279,3459,confirmed,synthetic
EMPRESI-HPAI-0001674,WAHIS-HPAI-TUN-2023-12-18-01,WAHIS,High pathogenicity avian influenza,HPAI,Tunisia,TUN,34.5008,8.6969,2023-12-21,2023-12-30,2024-01-09,Cygnus olor (wild),5107,2786,confirmed,synthetic
EMPRESI-HPAI-0001676,WAHIS-HPAI-FRA-2023-12-25-00,WAHIS,High pathogenicity avian influenza,HPAI,France,FRA,45.7028,2.1705,2023-12-25,2024-01-02,2024-01-09,Meleagris gallopavo (domestic),3430,1846,confirmed,synthetic
EMPRESI-HPAI-0001580,WAHIS-HPAI-ITA-2023-12-11-08,WAHIS,High pathogenicity avian influenza,HPAI,Italy,ITA,41.2271,10.1046,2023-12-14,2024-01-02,2024-01-09,Cygnus olor (wild),6145,3280,confirmed,synthetic
EMPRESI-HPAI-0001636,WAHIS-HPAI-BEL-2023-12-18-03,WAHIS,High pathogenicity avian influenza,HPAI,Belgium,BEL,50.4333,5.8442,2023-12-21,2024-01-03,2024-01-10,Gallus gallus (domestic),2440,1354,confirmed,synthetic
EMPRESI-HPAI-0001647,WAHIS-HPAI-ITA-2023-12-18-07,WAHIS,High pathogenicity avian influenza,HPAI,Italy,ITA,41.7894,12.5052,2023-12-24,2024-01-02,2024-01-10,Meleagris gallopavo (domestic),4419,2445,confirmed,synthetic
EMPRESI-HPAI-0001675,WAHIS-HPAI-MAR-2023-12-18-00,WAHIS,High pathogenicity avian influenza,HPAI,Morocco,MAR,30.6527,-7.5778,2023-12-20,2024-01-02,2024-01-10,Larus spp. (wild),1432,768,confirmed,synthetic
EMPRESI-HPAI-0001570,WAHIS-HPAI-BEL-2023-12-11-06,WAHIS,High pathogenicity avian influenza,HPAI,Belgium,BEL,50.9632,5.3748,2023-12-12,2024-01-01,2024-01-10,Cygnus olor (wild),3479,1920,confirmed,synthetic
EMPRESI-HPAI-0001601,WAHIS-HPAI-POL-2023-12-11-00,WAHIS,High pathogenicity avian influenza,HPAI,Poland,POL,52.2184,23.6881,2023-12-13,2024-01-03,2024-01-10,Gallus gallus (domestic),3792,2125,confirmed,synthetic
EMPRESI-HPAI-0001443,WAHIS-HPAI-BEL-2023-11-27-06,WAHIS,High pathogenicity avian influenza,HPAI,Belgium,BEL,49.9259,5.4512,2023-12-03,2023-12-31,2024-01-10,Gallus gallus (domestic),7039,3892,confirmed,synthetic
EMPRESI-HPAI-0001604,WAHIS-HPAI-HUN-2023-12-11-02,WAHIS,High pathogenicity avian influenza,HPAI,Hungary,HUN,45.8628,19.8607,2023-12-14,2024-01-02,2024-01-10,Meleagris gallopavo (domestic),734,414,confirmed,synthetic
EMPRESI-HPAI-0001533,WAHIS-HPAI-FRA-2023-12-11-04,WAHIS,High pathogenicity avian influenza,HPAI,France,FRA,44.3056,3.6047,2023-12-17,2024-01-02,2024-01-10,Cygnus olor (wild),3423,1867,confirmed,synthetic
EMPRESI-HPAI-0001438,WAHIS-HPAI-BEL-2023-11-27-01,WAHIS,High pathogenicity avian influenza,HPAI,Belgium,BEL,50.6211,5.1149,2023-11-29,2024-01-06,2024-01-11,Cygnus olor (wild),2747,1534,confirmed,synthetic
EMPRESI-HPAI-0001547,WAHIS-HPAI-DEU-2023-12-11-00,WAHIS,High pathogenicity avian influenza,HPAI,Germany,DEU,53.4658,12.4255,2023-12-15,2024-01-01,2024-01-11,Anas platyrhynchos (domestic),9743,5358,confirmed,synthetic
EMPRESI-HPAI-0001678,WAHIS-HPAI-FRA-2023-12-25-02,WAHIS,High pathogenicity avian influenza,HPAI,France,FRA,47.974,2.7835,2023-12-27,2024-01-04,2024-01-11,Larus spp. (wild),3888,2169,confirmed,synthetic
EMPRESI-HPAI-0001613,WAHIS-HPAI-SRB-2023-12-11-00,WAHIS,High pathogenicity avian influenza,HPAI,Serbia,SRB,43.879,19.3711,2023-12-16,2024-01-03,2024-01-11,Meleagris gallopavo (domestic),6321,3537,confirmed,synthetic
EMPRESI-HPAI-0001663,WAHIS-HPAI-BGR-2023-12-18-00,WAHIS,High pathogenicity avian influenza,HPAI,Bulgaria,BGR,42.6446,24.6998,2023-12-21,2024-01-01,2024-01-11,Cygnus olor (wild),4412,2421,confirmed,synthetic
EMPRESI-HPAI-0001701,WAHIS-HPAI-ITA-2023-12-25-07,WAHIS,High pathogenicity avian influenza,HPAI,Italy,ITA,44.4904,9.7597,2023-12-27,2024-01-03,2024-01-11,Gallus gallus (domestic),1485,808,confirmed,synthetic
EMPRESI-HPAI-0001643,WAHIS-HPAI-ITA-2023-12-18-03,WAHIS,High pathogenicity avian influenza,HPAI,Italy,ITA,41.2291,13.2446,2023-12-19,2024-01-04,2024-01-11,Gallus gallus (domestic),1263,695,confirmed,synthetic
EMPRESI-HPAI-0001706,WAHIS-HPAI-ESP-2023-12-25-01,WAHIS,High pathogenicity avian influenza,HPAI,Spain,ESP,41.4732,-3.7734,2023-12-26,2024-01-02,2024-01-12,Gallus gallus (domestic),3818,2164,confirmed,synthetic
EMPRESI-HPAI-0001696,WAHIS-HPAI-ITA-2023-12-25-02,WAHIS,High pathogenicity avian influenza,HPAI,Italy,ITA,41.1314,15.0756,2023-12-26,2024-01-04,2024-01-12,Anas platyrhynchos (domestic),4662,2577,confirmed,synthetic
EMPRESI-HPAI-0001781,WAHIS-HPAI-SRB-2024-01-01-01,WAHIS,High pathogenicity avian influenza,HPAI,Serbia,SRB,45.1932,21.1026,2024-01-02,2024-01-06,2024-01-12,Gallus gallus (domestic),3165,1707,confirmed,synthetic
EMPRESI-HPAI-0001705,WAHIS-HPAI-ESP-2023-12-25-00,WAHIS,High pathogenicity avian influenza,HPAI,Spain,ESP,39.4214,-5.3259,2023-12-25,2024-01-04,2024-01-12,Gallus gallus (domestic),4809,2696,confirmed,synthetic
EMPRESI-HPAI-0001617,WAHIS-HPAI-FRA-2023-12-18-01,WAHIS,High pathogenicity avian influenza,HPAI,France,FRA,48.8038,-0.9998,2023-12-24,2024-01-06,2024-01-12,Larus spp. (wild),3453,1894,confirmed,synthetic
EMPRESI-HPAI-0001692,WAHIS-HPAI-BEL-2023-12-25-02,WAHIS,High pathogenicity avian influenza,HPAI,Belgium,BEL,49.996,4.5364,2023-12-30,2024-01-07,2024-01-12,Cygnus olor (wild),966,508,confirmed,synthetic
EMPRESI-HPAI-0001642,WAHIS-HPAI-ITA-2023-12-18-02,WAHIS,High pathogenicity avian influenza,HPAI,Italy,ITA,40.3388,13.1669,2023-12-19,2023-12-31,2024-01-12,Anas platyrhynchos (domestic),2941,1640,confirmed,synthetic
EMPRESI-HPAI-0001697,WAHIS-HPAI-ITA-2023-12-25-03,WAHIS,High pathogenicity avian influenza,HPAI,Italy,ITA,41.4142,10.2167,2023-12-26,2024-01-03,2024-01-12,Anas platyrhynchos (domestic),5636,3120,confirmed,synthetic
EMPRESI-HPAI-0001686,WAHIS-HPAI-DEU-2023-12-25-03,WAHIS,High pathogenicity avian influenza,HPAI,Germany,DEU,53.8853,9.639,2023-12-28,2024-01-09,2024-01-13,Cygnus olor (wild),5344,2951,confirmed,synthetic
EMPRESI-HPAI-0001682,WAHIS-HPAI-FRA-2023-12-25-06,WAHIS,High pathogenicity avian influenza,HPAI,France,FRA,46.4954,4.7042,2023-12-31,2024-01-05,2024-01-13,Anas platyrhynchos (domestic),2079,1118,confirmed,synthetic
EMPRESI-HPAI-0001729,WAHIS-HPAI-ROU-2023-12-25-01,WAHIS,High pathogenicity avian influenza,HPAI,Romania,ROU,47.8477,24.797,2023-12-31,2024-01-04,2024-01-13,Anas platyrhynchos (domestic),2110,1167,confirmed,synthetic
EMPRESI-HPAI-0001653,WAHIS-HPAI-ESP-2023-12-18-05,WAHIS,High pathogenicity avian influenza,HPAI,Spain,ESP,40.4288,-5.4131,2023-12-18,2024-01-04,2024-01-13,Anas platyrhynchos (domestic),5625,3118,confirmed,synthetic
EMPRESI-HPAI-0001681,WAHIS-HPAI-FRA-2023-12-25-05,WAHIS,High pathogenicity avian influenza,HPAI,France,FRA,45.5875,-1.4117,2023-12-28,2024-01-01,2024-01-13,Larus spp. (wild),6327,3493,confirmed,synthetic
EMPRESI-HPAI-0001735,WAHIS-HPAI-SRB-2023-12-25-01,WAHIS,High pathogenicity avian influenza,HPAI,Serbia,SRB,44.341,19.5061,2023-12-25,2024-01-06,2024-01-13,Meleagris gallopavo (domestic),2334,1250,confirmed,synthetic
EMPRESI-HPAI-0001713,WAHIS-HPAI-ESP-2023-12-25-08,WAHIS,High pathogenicity avian influenza,HPAI,Spain,ESP,41.5655,-4.7947,2023-12-25,2024-01-05,2024-01-13,Larus spp. (wild),3361,1853,confirmed,synthetic
EMPRESI-HPAI-0001649,WAHIS-HPAI-ESP-2023-12-18-01,WAHIS,High pathogenicity avian influenza,HPAI,Spain,ESP,42.839,-0.3802,2023-12-21,2024-01-04,2024-01-13,Larus spp. (wild),2950,1608,confirmed,synthetic
EMPRESI-HPAI-0001620,WAHIS-HPAI-FRA-2023-12-18-04,WAHIS,High pathogenicity avian influenza,HPAI,France,FRA,47.6599,-0.9113,2023-12-22,2024-01-03,2024-01-14,Gallus gallus (domestic),3727,2041,confirmed,synthetic
EMPRESI-HPAI-0001544,WAHIS-HPAI-FRA-2023-12-11-15,WAHIS,High pathogenicity avian influenza,HPAI,France,FRA,49.9649,2.5674,2023-12-14,2024-01-06,2024-01-14,Larus spp. (wild),4754,2655,confirmed,synthetic
EMPRESI-HPAI-0001609,WAHIS-HPAI-HUN-2023-12-11-07,WAHIS,High pathogenicity avian influenza,HPAI,Hungary,HUN,46.2464,20.5054,2023-12-13,2024-01-03,2024-01-14,Gallus gallus (domestic),7435,4118,confirmed,synthetic
EMPRESI-HPAI-0001615,WAHIS-HPAI-MDA-2023-12-11-00,WAHIS,High pathogenicity avian influenza,HPAI,Moldova,MDA,47.0742,28.9493,2023-12-13,2024-01-04,2024-01-14,Anas platyrhynchos (domestic),3975,2194,confirmed,synthetic
EMPRESI-HPAI-0001771,WAHIS-HPAI-ESP-2024-01-01-02,WAHIS,High pathogenicity avian influenza,HPAI,Spain,ESP,36.7001,-4.1094,2024-01-05,2024-01-10,2024-01-14,Meleagris gallopavo (domestic),6813,3728,confirmed,synthetic
EMPRESI-HPAI-0001690,WAHIS-HPAI-BEL-2023-12-25-00,WAHIS,High pathogenicity avian influenza,HPAI,Belgium,BEL,51.2671,3.7162,2023-12-29,2024-01-06,2024-01-14,Larus spp. (wild),2784,1520,confirmed,synthetic
EMPRESI-HPAI-0001707,WAHIS-HPAI-ESP-2023-12-25-02,WAHIS,High pathogenicity avian influenza,HPAI,Spain,ESP,41.5338,-5.1172,2023-12-27,2024-01-04,2024-01-14,Meleagris gallopavo (domestic),4426,2447,confirmed,synthetic
EMPRESI-HPAI-0001740,WAHIS-HPAI-GEO-2023-12-25-00,WAHIS,High pathogenicity avian influenza,HPAI,Georgia,GEO,42.4819,44.0476,2023-12-31,2024-01-08,2024-01-14,Gallus gallus (domestic),1087,582,confirmed,synthetic
EMPRESI-HPAI-0001700,WAHIS-HPAI-ITA-2023-12-25-06,WAHIS,High pathogenicity avian influenza,HPAI,Italy,ITA,41.2838,9.6986,2023-12-29,2024-01-08,2024-01-15,Anas platyrhynchos (domestic),2933,1613,confirmed,synthetic
EMPRESI-HPAI-0001480,WAHIS-HPAI-DEU-2023-12-04-01,WAHIS,High pathogenicity avian influenza,HPAI,Germany,DEU,50.0823,11.4076,2023-12-10,2024-01-05,2024-01-15,Larus spp. (wild),2943,1635,confirmed,synthetic
EMPRESI-HPAI-0001710,WAHIS-HPAI-ESP-2023-12-25-05,WAHIS,High pathogenicity avian influenza,HPAI,Spain,ESP,38.2307,0.042,2023-12-30,2024-01-08,2024-01-15,Anas platyrhynchos (domestic),5062,2787,confirmed,synthetic
EMPRESI-HPAI-0001683,WAHIS-HPAI-DEU-2023-12-25-00,WAHIS,High pathogenicity avian influenza,HPAI,Germany,DEU,51.1459,7.8469,2023-12-28,2024-01-09,2024-01-15,Larus spp. (wild),3894,2105,confirmed,synthetic
EMPRESI-HPAI-0001679,WAHIS-HPAI-FRA-2023-12-25-03,WAHIS,High pathogenicity avian influenza,HPAI,France,FRA,47.9036,4.329,2023-12-27,2024-01-06,2024-01-15,Cygnus olor (wild),2795,1519,confirmed,synthetic
EMPRESI-HPAI-0001768,WAHIS-HPAI-ITA-2024-01-01-13,WAHIS,High pathogenicity avian influenza,HPAI,Italy,ITA,43.5184,12.8927,2024-01-01,2024-01-08,2024-01-15,Cygnus olor (wild),5385,2933,confirmed,synthetic
EMPRESI-HPAI-0001739,WAHIS-HPAI-TUR-2023-12-25-00,WAHIS,High pathogenicity avian influenza,HPAI,Türkiye,TUR,39.3754,38.6881,2023-12-31,2024-01-05,2024-01-15,Larus spp. (wild),4773,2695,confirmed,synthetic
EMPRESI-HPAI-0001633,WAHIS-HPAI-BEL-2023-12-18-00,WAHIS,High pathogenicity avian influenza,HPAI,Belgium,BEL,51.1557,5.6544,2023-12-19,2024-01-05,2024-01-15,Larus spp. (wild),4315,2400,confirmed,synthetic
EMPRESI-HPAI-0001743,WAHIS-HPAI-TUN-2023-12-25-02,WAHIS,High pathogenicity avian influenza,HPAI,Tunisia,TUN,33.8026,7.8351,2023-12-25,2024-01-09,2024-01-15,Larus spp. (wild),4175,2317,confirmed,synthetic
EMPRESI-HPAI-0001472,WAHIS-HPAI-FRA-2023-12-04-04,WAHIS,High pathogenicity avian influenza,HPAI,France,FRA,46.2627,-2.6518,2023-12-04,2024-01-11,2024-01-15,Cygnus olor (wild),1450,796,confirmed,synthetic
EMPRESI-HPAI-0001759,WAHIS-HPAI-ITA-2024-01-01-04,WAHIS,High pathogenicity avian influenza,HPAI,Italy,ITA,43.7331,12.6295,2024-01-03,2024-01-09,2024-01-15,Meleagris gallopavo (domestic),8256,4513,confirmed,synthetic
EMPRESI-HPAI-0001717,WAHIS-HPAI-ESP-2023-12-25-12,WAHIS,High pathogenicity avian influenza,HPAI,Spain,ESP,41.1373,-0.0698,2023-12-25,2024-01-05,2024-01-16,Anas platyrhynchos (domestic),4921,2729,confirmed,synthetic
EMPRESI-HPAI-0001715,WAHIS-HPAI-ESP-2023-12-25-10,WAHIS,High pathogenicity avian influenza,HPAI,Spain,ESP,38.2469,-0.0858,2023-12-28,2024-01-13,2024-01-16,Larus spp. (wild),9253,5104,confirmed,synthetic
EMPRESI-HPAI-0001714,WAHIS-HPAI-ESP-2023-12-25-09,WAHIS,High pathogenicity avian influenza,HPAI,Spain,ESP,40.5328,-7.0629,2023-12-27,2024-01-06,2024-01-16,Cygnus olor (wild),1725,916,confirmed,synthetic
EMPRESI-HPAI-0001694,WAHIS-HPAI-ITA-2023-12-25-00,WAHIS,High pathogenicity avian influenza,HPAI,Italy,ITA,40.9111,10.9061,2023-12-29,2024-01-09,2024-01-16,Cygnus olor (wild),2066,1136,confirmed,synthetic
EMPRESI-HPAI-0001629,WAHIS-HPAI-DEU-2023-12-18-04,WAHIS,High pathogenicity avian influenza,HPAI,Germany,DEU,53.1513,9.4184,2023-12-21,2024-01-09,2024-01-16,Cygnus olor (wild),8009,4490,confirmed,synthetic
EMPRESI-HPAI-0001685,WAHIS-HPAI-DEU-2023-12-25-02,WAHIS,High pathogenicity avian influenza,HPAI,Germany,DEU,50.0949,6.2554,2023-12-31,2024-01-07,2024-01-16,Cygnus olor (wild),9617,5366,confirmed,synthetic
EMPRESI-HPAI-0001639,WAHIS-HPAI-BEL-2023-12-18-06,WAHIS,High pathogenicity avian influenza,HPAI,Belgium,BEL,49.7984,4.6544,2023-12-24,2024-01-08,2024-01-16,Meleagris gallopavo (domestic),3592,1961,confirmed,synthetic
EMPRESI-HPAI-0001765,WAHIS-HPAI-ITA-2024-01-01-10,WAHIS,High pathogenicity avian influenza,HPAI,Italy,ITA,42.1507,10.9382,2024-01-02,2024-01-05,2024-01-16,Cygnus olor (wild),1108,592,confirmed,synthetic
EMPRESI-HPAI-0001677,WAHIS-HPAI-FRA-2023-12-25-01,WAHIS,High pathogenicity avian influenza,HPAI,France,FRA,45.1339,1.1394,2023-12-26,2024-01-07,2024-01-17,Cygnus olor (wild),1862,1042,confirmed,synthetic
EMPRESI-HPAI-0001766,WAHIS-HPAI-ITA-2024-01-01-11,WAHIS,High pathogenicity avian influenza,HPAI,Italy,ITA,43.5799,12.2248,2024-01-07,2024-01-12,2024-01-17,Gallus gallus (domestic),8106,4420,confirmed,synthetic
EMPRESI-HPAI-0001523,WAHIS-HPAI-SRB-2023-12-04-00,WAHIS,High pathogenicity avian influenza,HPAI,Serbia,SRB,45.0645,20.9916,2023-12-05,2024-01-07,2024-01-17,Larus spp. (wild),2440,1395,confirmed,synthetic
EMPRESI-HPAI-0001744,WAHIS-HPAI-MAR-2023-12-25-00,WAHIS,High pathogenicity avian influenza,HPAI,Morocco,MAR,33.278,-9.9623,2023-12-28,2024-01-10,2024-01-17,Cygnus olor (wild),2941,1639,confirmed,synthetic
EMPRESI-HPAI-0001699,WAHIS-HPAI-ITA-2023-12-25-05,WAHIS,High pathogenicity avian influenza,HPAI,Italy,ITA,42.5465,10.5526,2023-12-27,2024-01-08,2024-01-17,Anas platyrhynchos (domestic),3493,1917,confirmed,synthetic
EMPRESI-HPAI-0001667,WAHIS-HPAI-BGR-2023-12-18-04,WAHIS,High pathogenicity avian influenza,HPAI,Bulgaria,BGR,41.7315,26.9874,2023-12-20,2024-01-10,2024-01-17,Meleagris gallopavo (domestic),4445,2413,confirmed,synthetic
EMPRESI-HPAI-0001619,WAHIS-HPAI-FRA-2023-12-18-03,WAHIS,High pathogenicity avian influenza,HPAI,France,FRA,43.7319,4.3041,2023-12-21,2024-01-03,2024-01-17,Larus spp. (wild),4776,2580,confirmed,synthetic
EMPRESI-ASF-0002540,WAHIS-ASF-ISR-2023-11-06-00,WAHIS,African swine fever,ASF,Israel,ISR,30.8374,35.5762,2023-11-10,2024-01-12,2024-01-18,Sus scrofa domesticus,260,238,confirmed,synthetic
EMPRESI-HPAI-0001711,WAHIS-HPAI-ESP-2023-12-25-06,WAHIS,High pathogenicity avian influenza,HPAI,Spain,ESP,40.873,0.3274,2023-12-28,2024-01-12,2024-01-18,Gallus gallus (domestic),4251,2280,confirmed,synthetic
EMPRESI-HPAI-0001725,WAHIS-HPAI-HUN-2023-12-25-02,WAHIS,High pathogenicity avian influenza,HPAI,Hungary,HUN,46.1792,19.9754,2023-12-30,2024-01-08,2024-01-18,Cygnus olor (wild),2372,1310,confirmed,synthetic
EMPRESI-HPAI-0001738,WAHIS-HPAI-MDA-2023-12-25-01,WAHIS,High pathogenicity avian influenza,HPAI,Moldova,MDA,47.1021,28.3019,2023-12-27,2024-01-08,2024-01-18,Larus spp. (wild),4798,2596,confirmed,synthetic
EMPRESI-HPAI-0001688,WAHIS-HPAI-NLD-2023-12-25-01,WAHIS,High pathogenicity avian influenza,HPAI,Netherlands,NLD,51.3351,6.1738,2023-12-29,2024-01-09,2024-01-18,Cygnus olor (wild),441,236,confirmed,synthetic
EMPRESI-HPAI-0001767,WAHIS-HPAI-ITA-2024-01-01-12,WAHIS,High pathogenicity avian influenza,HPAI,Italy,ITA,43.798,11.0349,2024-01-03,2024-01-10,2024-01-18,Anas platyrhynchos (domestic),42,22,confirmed,synthetic
EMPRESI-HPAI-0001691,WAHIS-HPAI-BEL-2023-12-25-01,WAHIS,High pathogenicity avian influenza,HPAI,Belgium,BEL,50.8679,5.23,2023-12-31,2024-01-09,2024-01-19,Gallus gallus (domestic),1231,686,confirmed,synthetic
EMPRESI-HPAI-0001773,WAHIS-HPAI-ESP-2024-01-01-04,WAHIS,High pathogenicity avian influenza,HPAI,Spain,ESP,40.4903,-6.4404,2024-01-01,2024-01-08,2024-01-19,Cygnus olor (wild),4831,2650,confirmed,synthetic
EMPRESI-HPAI-0001769,WAHIS-HPAI-ESP-2024-01-01-00,WAHIS,High pathogenicity avian influenza,HPAI,Spain,ESP,40.0899,-8.3925,2024-01-03,2024-01-14,2024-01-19,Cygnus olor (wild),2184,1189,confirmed,synthetic
EMPRESI-HPAI-0001646,WAHIS-HPAI-ITA-2023-12-18-06,WAHIS,High pathogenicity avian influenza,HPAI,Italy,ITA,43.4146,13.9469,2023-12-21,2024-01-11,2024-01-19,Larus spp. (wild),2258,1268,confirmed,synthetic
EMPRESI-HPAI-0001758,WAHIS-HPAI-ITA-2024-01-01-03,WAHIS,High pathogenicity avian influenza,HPAI,Italy,ITA,42.7784,14.3921,2024-01-03,2024-01-11,2024-01-19,Larus spp. (wild),4348,2392,confirmed,synthetic
EMPRESI-HPAI-0001806,WAHIS-HPAI-ESP-2024-01-08-03,WAHIS,High pathogenicity avian influenza,HPAI,Spain,ESP,41.2607,-1.7147,2024-01-09,2024-01-14,2024-01-19,Gallus gallus (domestic),4016,2182,confirmed,synthetic
EMPRESI-HPAI-0001761,WAHIS-HPAI-ITA-2024-01-01-06,WAHIS,High pathogenicity avian influenza,HPAI,Italy,ITA,44.7085,12.6058,2024-01-07,2024-01-12,2024-01-19,Larus spp. (wild),2338,1270,confirmed,synthetic
EMPRESI-HPAI-0001757,WAHIS-HPAI-ITA-2024-01-01-02,WAHIS,High pathogenicity avian influenza,HPAI,Italy,ITA,42.3819,11.425,2024-01-05,2024-01-10,2024-01-19,Larus spp. (wild),4119,2260,confirmed,synthetic
EMPRESI-HPAI-0001698,WAHIS-HPAI-ITA-2023-12-25-04,WAHIS,High pathogenicity avian influenza,HPAI,Italy,ITA,43.2855,13.8506,2023-12-26,2024-01-13,2024-01-20,Cygnus olor (wild),6414,3562,confirmed,synthetic
EMPRESI-HPAI-0001772,WAHIS-HPAI-ESP-2024-01-01-03,WAHIS,High pathogenicity avian influenza,HPAI,Spain,ESP,37.405,-6.3681,2024-01-07,2024-01-15,2024-01-20,Meleagris gallopavo (domestic),1860,1010,confirmed,synthetic
EMPRESI-HPAI-0001749,WAHIS-HPAI-FRA-2024-01-01-04,WAHIS,High pathogenicity avian influenza,HPAI,France,FRA,42.9986,2.8118,2024-01-04,2024-01-10,2024-01-20,Meleagris gallopavo (domestic),5024,2781,confirmed,synthetic
EMPRESI-HPAI-0001684,WAHIS-HPAI-DEU-2023-12-25-01,WAHIS,High pathogenicity avian influenza,HPAI,Germany,DEU,52.7274,13.2262,2023-12-29,2024-01-13,2024-01-20,Larus spp. (wild),1134,587,confirmed,synthetic
EMPRESI-HPAI-0001702,WAHIS-HPAI-ITA-2023-12-25-08,WAHIS,High pathogenicity avian influenza,HPAI,Italy,ITA,42.8053,13.4301,2023-12-29,2024-01-14,2024-01-20,Larus spp. (wild),1909,1046,confirmed,synthetic
EMPRESI-HPAI-0001785,WAHIS-HPAI-MDA-2024-01-01-02,WAHIS,High pathogenicity avian influenza,HPAI,Moldova,MDA,46.9107,28.4838,2024-01-03,2024-01-12,2024-01-20,Cygnus olor (wild),8435,4650,confirmed,synthetic
EMPRESI-HPAI-0001790,WAHIS-HPAI-TUN-2024-01-01-01,WAHIS,High pathogenicity avian influenza,HPAI,Tunisia,TUN,34.7744,9.9894,2024-01-02,2024-01-15,2024-01-20,Larus spp. (wild),945,527,confirmed,synthetic
EMPRESI-HPAI-0001500,WAHIS-HPAI-ITA-2023-12-04-01,WAHIS,High pathogenicity avian influenza,HPAI,Italy,ITA,44.6607,13.5095,2023-12-09,2024-01-16,2024-01-20,Meleagris gallopavo (domestic),9180,5108,confirmed,synthetic
EMPRESI-HPAI-0001728,WAHIS-HPAI-ROU-2023-12-25-00,WAHIS,High pathogenicity avian influenza,HPAI,Romania,ROU,46.7486,22.8112,2023-12-31,2024-01-15,2024-01-21,Anas platyrhynchos (domestic),862,495,confirmed,synthetic
EMPRESI-HPAI-0001693,WAHIS-HPAI-BEL-2023-12-25-03,WAHIS,High pathogenicity avian influenza,HPAI,Belgium,BEL,49.9289,4.8877,2023-12-26,2024-01-10,2024-01-21,Cygnus olor (wild),8816,4793,confirmed,synthetic
EMPRESI-HPAI-0001733,WAHIS-HPAI-BGR-2023-12-25-02,WAHIS,High pathogenicity avian influenza,HPAI,Bulgaria,BGR,42.3202,25.3299,2023-12-27,2024-01-12,2024-01-21,Anas platyrhynchos (domestic),4113,2303,confirmed,synthetic
EMPRESI-HPAI-0001786,WAHIS-HPAI-TUR-2024-01-01-00,WAHIS,High pathogenicity avian influenza,HPAI,Türkiye,TUR,35.3806,35.5715,2024-01-03,2024-01-12,2024-01-21,Larus spp. (wild),1895,1073,confirmed,synthetic
EMPRESI-HPAI-0001695,WAHIS-HPAI-ITA-2023-12-25-01,WAHIS,High pathogenicity avian influenza,HPAI,Italy,ITA,41.2289,14.4053,2023-12-31,2024-01-14,2024-01-22,Gallus gallus (domestic),6408,3540,confirmed,synthetic
EMPRESI-HPAI-0001742,WAHIS-HPAI-TUN-2023-12-25-01,WAHIS,High pathogenicity avian influenza,HPAI,Tunisia,TUN,35.4607,8.7856,2023-12-27,2024-01-16,2024-01-22,Meleagris gallopavo (domestic),8602,4688,confirmed,synthetic
EMPRESI-HPAI-0001630,WAHIS-HPAI-DEU-2023-12-18-05,WAHIS,High pathogenicity avian influenza,HPAI,Germany,DEU,51.3552,8.4224,2023-12-21,2024-01-16,2024-01-22,Meleagris gallopavo (domestic),1368,735,confirmed,synthetic
EMPRESI-HPAI-0001577,WAHIS-HPAI-ITA-2023-12-11-05,WAHIS,High pathogenicity avian influenza,HPAI,Italy,ITA,44.3081,12.7119,2023-12-15,2024-01-13,2024-01-23,Anas platyrhynchos (domestic),9003,4905,confirmed,synthetic
EMPRESI-HPAI-0001795,WAHIS-HPAI-FRA-2024-01-08-01,WAHIS,High pathogenicity avian influenza,HPAI,France,FRA,44.9899,1.8762,2024-01-09,2024-01-11,2024-01-23,Cygnus olor (wild),3462,1903,confirmed,synthetic
EMPRESI-HPAI-0001760,WAHIS-HPAI-ITA-2024-01-01-05,WAHIS,High pathogenicity avian influenza,HPAI,Italy,ITA,44.5413,11.4958,2024-01-01,2024-01-14,2024-01-23,Larus spp. (wild),4047,2178,confirmed,synthetic
EMPRESI-HPAI-0001800,WAHIS-HPAI-ITA-2024-01-08-02,WAHIS,High pathogenicity avian influenza,HPAI,Italy,ITA,43.0813,12.3493,2024-01-08,2024-01-13,2024-01-23,Anas platyrhynchos (domestic),6927,3856,confirmed,synthetic
EMPRESI-HPAI-0001746,WAHIS-HPAI-FRA-2024-01-01-01,WAHIS,High pathogenicity avian influenza,HPAI,France,FRA,44.1332,0.2169,2024-01-05,2024-01-16,2024-01-23,Anas platyrhynchos (domestic),4541,2501,confirmed,synthetic
EMPRESI-HPAI-0001741,WAHIS-HPAI-TUN-2023-12-25-00,WAHIS,High pathogenicity avian influenza,HPAI,Tunisia,TUN,35.9203,9.337,2023-12-25,2024-01-18,2024-01-24,Gallus gallus (domestic),2378,1284,confirmed,synthetic
EMPRESI-HPAI-0001689,WAHIS-HPAI-NLD-2023-12-25-02,WAHIS,High pathogenicity avian influenza,HPAI,Netherlands,NLD,52.4588,4.4647,2023-12-26,2024-01-18,2024-01-24,Gallus gallus (domestic),5083,2782,confirmed,synthetic
EMPRESI-HPAI-0001626,WAHIS-HPAI-DEU-2023-12-18-01,WAHIS,High pathogenicity avian influenza,HPAI,Germany,DEU,51.2376,7.7491,2023-12-20,2024-01-10,2024-01-24,Meleagris gallopavo (domestic),2820,1511,confirmed,synthetic
EMPRESI-HPAI-0001745,WAHIS-HPAI-FRA-2024-01-01-00,WAHIS,High pathogenicity avian influenza,HPAI,France,FRA,48.7657,1.1403,2024-01-06,2024-01-15,2024-01-24,Meleagris gallopavo (domestic),3481,1902,confirmed,synthetic
EMPRESI-HPAI-0001807,WAHIS-HPAI-ESP-2024-01-08-04,WAHIS,High pathogenicity avian influenza,HPAI,Spain,ESP,41.3917,-0.4467,2024-01-10,2024-01-15,2024-01-24,Anas platyrhynchos (domestic),969,542,confirmed,synthetic
EMPRESI-HPAI-0001791,WAHIS-HPAI-MAR-2024-01-01-00,WAHIS,High pathogenicity avian influenza,HPAI,Morocco,MAR,34.7515,-5.1741,2024-01-02,2024-01-18,2024-01-24,Cygnus olor (wild),536,307,confirmed,synthetic
EMPRESI-HPAI-0001811,WAHIS-HPAI-ROU-2024-01-08-00,WAHIS,High pathogenicity avian influenza,HPAI,Romania,ROU,47.1499,24.0975,2024-01-08,2024-01-14,2024-01-24,Meleagris gallopavo (domestic),4396,2447,confirmed,synthetic
EMPRESI-HPAI-0001660,WAHIS-HPAI-HUN-2023-12-18-02,WAHIS,High pathogenicity avian influenza,HPAI,Hungary,HUN,48.0926,18.0531,2023-12-24,2024-01-13,2024-01-24,Larus spp. (wild),2753,1488,confirmed,synthetic
EMPRESI-HPAI-0001662,WAHIS-HPAI-ROU-2023-12-18-00,WAHIS,High pathogenicity avian influenza,HPAI,Romania,ROU,47.2829,24.4821,2023-12-21,2024-01-17,2024-01-24,Anas platyrhynchos (domestic),2261,1213,confirmed,synthetic
EMPRESI-HPAI-0001638,WAHIS-HPAI-BEL-2023-12-18-05,WAHIS,High pathogenicity avian influenza,HPAI,Belgium,BEL,50.534,3.269,2023-12-24,2024-01-19,2024-01-24,Meleagris gallopavo (domestic),644,356,confirmed,synthetic
EMPRESI-HPAI-0001752,WAHIS-HPAI-DEU-2024-01-01-01,WAHIS,High pathogenicity avian influenza,HPAI,Germany,DEU,50.6325,10.0215,2024-01-07,2024-01-16,2024-01-25,Meleagris gallopavo (domestic),5341,2936,confirmed,synthetic
EMPRESI-ASF-0002547,WAHIS-ASF-GEO-2023-11-13-00,WAHIS,African swine fever,ASF,Georgia,GEO,41.2635,43.4394,2023-11-13,2024-01-19,2024-01-25,Sus scrofa domesticus,264,233,confirmed,synthetic
EMPRESI-HPAI-0001808,WAHIS-HPAI-ESP-2024-01-08-05,WAHIS,High pathogenicity avian influenza,HPAI,Spain,ESP,38.853,-6.4912,2024-01-11,2024-01-17,2024-01-25,Larus spp. (wild),3536,1905,confirmed,synthetic
EMPRESI-ASF-0002544,WAHIS-ASF-BGR-2023-11-13-00,WAHIS,African swine fever,ASF,Bulgaria,BGR,42.671,24.4199,2023-11-15,2024-01-18,2024-01-26,Sus scrofa domesticus,46,42,confirmed,synthetic
EMPRESI-HPAI-0001804,WAHIS-HPAI-ESP-2024-01-08-01,WAHIS,High pathogenicity avian influenza,HPAI,Spain,ESP,38.4927,-6.6013,2024-01-13,2024-01-18,2024-01-26,Gallus gallus (domestic),4673,2591,confirmed,synthetic
EMPRESI-HPAI-0001467,WAHIS-HPAI-TUN-2023-11-27-00,WAHIS,High pathogenicity avian influenza,HPAI,Tunisia,TUN,35.8533,10.5351,2023-12-01,2024-01-19,2024-01-26,Larus spp. (wild),3215,1780,confirmed,synthetic
EMPRESI-HPAI-0001525,WAHIS-HPAI-UKR-2023-12-04-00,WAHIS,High pathogenicity avian influenza,HPAI,Ukraine,UKR,47.3736,34.7005,2023-12-09,2024-01-21,2024-01-26,Gallus gallus (domestic),1095,597,confirmed,synthetic
EMPRESI-HPAI-0001625,WAHIS-HPAI-DEU-2023-12-18-00,WAHIS,High pathogenicity avian influenza,HPAI,Germany,DEU,51.9546,7.7562,2023-12-23,2024-01-19,2024-01-27,Larus spp. (wild),3447,1891,confirmed,synthetic
EMPRESI-HPAI-0001763,WAHIS-HPAI-ITA-2024-01-01-08,WAHIS,High pathogenicity avian influenza,HPAI,Italy,ITA,41.6286,13.3578,2024-01-02,2024-01-18,2024-01-27,Larus spp. (wild),4452,2498,confirmed,synthetic
EMPRESI-HPAI-0001755,WAHIS-HPAI-ITA-2024-01-01-00,WAHIS,High pathogenicity avian influenza,HPAI,Italy,ITA,44.7368,13.5323,2024-01-04,2024-01-24,2024-01-27,Anas platyrhynchos (domestic),1528,824,confirmed,synthetic
EMPRESI-HPAI-0001756,WAHIS-HPAI-ITA-2024-01-01-01,WAHIS,High pathogenicity avian influenza,HPAI,Italy,ITA,43.8925,12.3541,2024-01-02,2024-01-20,2024-01-28,Anas platyrhynchos (domestic),516,283,confirmed,synthetic
EMPRESI-HPAI-0001774,WAHIS-HPAI-POL-2024-01-01-00,WAHIS,High pathogenicity avian influenza,HPAI,Poland,POL,52.1588,15.983,2024-01-06,2024-01-16,2024-01-28,Larus spp. (wild),1959,1115,confirmed,synthetic
EMPRESI-HPAI-0001816,WAHIS-HPAI-MAR-2024-01-08-00,WAHIS,High pathogenicity avian influenza,HPAI,Morocco,MAR,32.4428,-9.5111,2024-01-12,2024-01-20,2024-01-28,Larus spp. (wild),7097,3900,confirmed,synthetic
EMPRESI-HPAI-0001784,WAHIS-HPAI-MDA-2024-01-01-01,WAHIS,High pathogenicity avian influenza,HPAI,Moldova,MDA,46.8443,27.4137,2024-01-05,2024-01-20,2024-01-28,Larus spp. (wild),267,133,confirmed,synthetic
EMPRESI-HPAI-0001793,WAHIS-HPAI-MAR-2024-01-01-02,WAHIS,High pathogenicity avian influenza,HPAI,Morocco,MAR,33.1926,-9.9264,2024-01-02,2024-01-19,2024-01-29,Cygnus olor (wild),6796,3803,confirmed,synthetic
EMPRESI-HPAI-0001817,WAHIS-HPAI-MAR-2024-01-08-01,WAHIS,High pathogenicity avian influenza,HPAI,Morocco,MAR,31.5999,-8.5996,2024-01-09,2024-01-21,2024-01-29,Meleagris gallopavo (domestic),2076,1120,confirmed,synthetic
EMPRESI-HPAI-0001704,WAHIS-HPAI-ITA-2023-12-25-10,WAHIS,High pathogenicity avian influenza,HPAI,Italy,ITA,44.7112,12.4495,2023-12-30,2024-01-23,2024-01-29,Meleagris gallopavo (domestic),5607,3115,confirmed,synthetic
EMPRESI-HPAI-0001762,WAHIS-HPAI-ITA-2024-01-01-07,WAHIS,High pathogenicity avian influenza,HPAI,Italy,ITA,43.9456,10.3118,2024-01-03,2024-01-20,2024-01-29,Cygnus olor (wild),9600,5422,confirmed,synthetic
EMPRESI-HPAI-0001837,WAHIS-HPAI-BGR-2024-01-15-03,WAHIS,High pathogenicity avian influenza,HPAI,Bulgaria,BGR,43.1353,25.3007,2024-01-16,2024-01-23,2024-01-30,Cygnus olor (wild),5523,3006,confirmed,synthetic
EMPRESI-HPAI-0001721,WAHIS-HPAI-POL-2023-12-25-03,WAHIS,High pathogenicity avian influenza,HPAI,Poland,POL,51.6442,23.8885,2023-12-30,2024-01-24,2024-01-30,Anas platyrhynchos (domestic),5170,2850,confirmed,synthetic
EMPRESI-HPAI-0001819,WAHIS-HPAI-FRA-2024-01-15-00,WAHIS,High pathogenicity avian influenza,HPAI,France,FRA,46.059,7.212,2024-01-15,2024-01-24,2024-01-30,Larus spp. (wild),4887,2643,confirmed,synthetic
EMPRESI-HPAI-0001672,WAHIS-HPAI-MDA-2023-12-18-02,WAHIS,High pathogenicity avian influenza,HPAI,Moldova,MDA,47.5321,28.4756,2023-12-22,2024-01-22,2024-01-30,Larus spp. (wild),4705,2610,confirmed,synthetic
EMPRESI-HPAI-0001798,WAHIS-HPAI-ITA-2024-01-08-00,WAHIS,High pathogenicity avian influenza,HPAI,Italy,ITA,44.3793,9.4186,2024-01-14,2024-01-17,2024-01-30,Larus spp. (wild),4243,2339,confirmed,synthetic
EMPRESI-HPAI-0001818,WAHIS-HPAI-MAR-2024-01-08-02,WAHIS,High pathogenicity avian influenza,HPAI,Morocco,MAR,34.2289,-8.9442,2024-01-10,2024-01-23,2024-01-30,Anas platyrhynchos (domestic),11952,6625,confirmed,synthetic
EMPRESI-HPAI-0001730,WAHIS-HPAI-ROU-2023-12-25-02,WAHIS,High pathogenicity avian influenza,HPAI,Romania,ROU,45.7393,26.4945,2023-12-31,2024-01-24,2024-01-31,Gallus gallus (domestic),3121,1731,confirmed,synthetic
EMPRESI-HPAI-0001783,WAHIS-HPAI-MDA-2024-01-01-00,WAHIS,High pathogenicity avian influenza,HPAI,Moldova,MDA,47.6549,27.7685,2024-01-03,2024-01-26,2024-01-31,Larus spp. (wild),1066,599,confirmed,synthetic
EMPRESI-HPAI-0001737,WAHIS-HPAI-MDA-2023-12-25-00,WAHIS,High pathogenicity avian influenza,HPAI,Moldova,MDA,47.502,27.5677,2023-12-30,2024-01-16,2024-01-31,Gallus gallus (domestic),3664,1984,confirmed,synthetic
EMPRESI-HPAI-0001718,WAHIS-HPAI-POL-2023-12-25-00,WAHIS,High pathogenicity avian influenza,HPAI,Poland,POL,53.0948,19.952,2023-12-31,2024-01-26,2024-01-31,Anas platyrhynchos (domestic),2041,1102,confirmed,synthetic
EMPRESI-HPAI-0001750,WAHIS-HPAI-FRA-2024-01-01-05,WAHIS,High pathogenicity avian influenza,HPAI,France,FRA,43.4849,-0.6603,2024-01-04,2024-01-25,2024-01-31,Gallus gallus (domestic),3611,2030,confirmed,synthetic
EMPRESI-HPAI-0001840,WAHIS-HPAI-TUR-2024-01-15-00,WAHIS,High pathogenicity avian influenza,HPAI,Türkiye,TUR,38.5043,39.4566,2024-01-15,2024-01-24,2024-01-31,Larus spp. (wild),1457,805,confirmed,synthetic
EMPRESI-HPAI-0001538,WAHIS-HPAI-FRA-2023-12-11-09,WAHIS,High pathogenicity avian influenza,HPAI,France,FRA,47.4313,6.0464,2023-12-17,2024-01-21,2024-01-31,Meleagris gallopavo (domestic),557,308,confirmed,synthetic
EMPRESI-HPAI-0001770,WAHIS-HPAI-ESP-2024-01-01-01,WAHIS,High pathogenicity avian influenza,HPAI,Spain,ESP,41.5524,-2.6057,2024-01-06,2024-01-20,2024-02-01,Meleagris gallopavo (domestic),6537,3673,confirmed,synthetic
EMPRESI-HPAI-0001489,WAHIS-HPAI-NLD-2023-12-04-01,WAHIS,High pathogenicity avian influenza,HPAI,Netherlands,NLD,51.7599,6.0519,2023-12-06,2024-01-25,2024-02-01,Gallus gallus (domestic),5153,2859,confirmed,synthetic
EMPRESI-HPAI-0001777,WAHIS-HPAI-BGR-2024-01-01-00,WAHIS,High pathogenicity avian influenza,HPAI,Bulgaria,BGR,42.0847,26.6954,2024-01-07,2024-01-23,2024-02-01,Meleagris gallopavo (domestic),1394,757,confirmed,synthetic
EMPRESI-HPAI-0001526,WAHIS-HPAI-MDA-2023-12-04-00,WAHIS,High pathogenicity avian influenza,HPAI,Moldova,MDA,46.7911,27.9674,2023-12-06,2024-01-24,2024-02-02,Larus spp. (wild),5042,2745,confirmed,synthetic
EMPRESI-HPAI-0001825,WAHIS-HPAI-ESP-2024-01-15-01,WAHIS,High pathogenicity avian influenza,HPAI,Spain,ESP,42.4685,-0.5843,2024-01-17,2024-01-24,2024-02-03,Gallus gallus (domestic),6004,3356,confirmed,synthetic
EMPRESI-HPAI-0001751,WAHIS-HPAI-DEU-2024-01-01-00,WAHIS,High pathogenicity avian influenza,HPAI,Germany,DEU,48.9122,11.5907,2024-01-06,2024-01-27,2024-02-03,Gallus gallus (domestic),5767,3163,confirmed,synthetic
EMPRESI-HPAI-0001812,WAHIS-HPAI-ROU-2024-01-08-01,WAHIS,High pathogenicity avian influenza,HPAI,Romania,ROU,43.9613,25.4602,2024-01-14,2024-01-21,2024-02-03,Cygnus olor (wild),1043,574,confirmed,synthetic
EMPRESI-HPAI-0001832,WAHIS-HPAI-ROU-2024-01-15-02,WAHIS,High pathogenicity avian influenza,HPAI,Romania,ROU,45.8559,22.7755,2024-01-16,2024-01-26,2024-02-03,Cygnus olor (wild),10146,5626,confirmed,synthetic
EMPRESI-HPAI-0001703,WAHIS-HPAI-ITA-2023-12-25-09,WAHIS,High pathogenicity avian influenza,HPAI,Italy,ITA,42.6894,14.0967,2023-12-31,2024-01-29,2024-02-04,Gallus gallus (domestic),1758,964,confirmed,synthetic
EMPRESI-HPAI-0001651,WAHIS-HPAI-ESP-2023-12-18-03,WAHIS,High pathogenicity avian influenza,HPAI,Spain,ESP,40.4972,-2.1755,2023-12-21,2024-01-26,2024-02-04,Meleagris gallopavo (domestic),7288,3993,confirmed,synthetic
EMPRESI-HPAI-0001848,WAHIS-HPAI-ITA-2024-01-22-00,WAHIS,High pathogenicity avian influenza,HPAI,Italy,ITA,44.9362,14.5945,2024-01-23,2024-01-26,2024-02-04,Cygnus olor (wild),6039,3260,confirmed,synthetic
EMPRESI-HPAI-0001776,WAHIS-HPAI-ROU-2024-01-01-00,WAHIS,High pathogenicity avian influenza,HPAI,Romania,ROU,45.79,26.6012,2024-01-05,2024-01-28,2024-02-04,Anas platyrhynchos (domestic),1067,611,confirmed,synthetic
EMPRESI-HPAI-0001787,WAHIS-HPAI-TUR-2024-01-01-01,WAHIS,High pathogenicity avian influenza,HPAI,Türkiye,TUR,38.8636,37.1796,2024-01-03,2024-01-24,2024-02-04,Cygnus olor (wild),4042,2197,confirmed,synthetic
EMPRESI-HPAI-0001753,WAHIS-HPAI-NLD-2024-01-01-00,WAHIS,High pathogenicity avian influenza,HPAI,Netherlands,NLD,52.47,4.6456,2024-01-05,2024-01-28,2024-02-05,Larus spp. (wild),2372,1303,confirmed,synthetic
EMPRESI-HPAI-0001852,WAHIS-HPAI-SRB-2024-01-22-00,WAHIS,High pathogenicity avian influenza,HPAI,Serbia,SRB,43.8893,19.3564,2024-01-22,2024-01-30,2024-02-05,Anas platyrhynchos (domestic),3361,1872,confirmed,synthetic
EMPRESI-HPAI-0001824,WAHIS-HPAI-ESP-2024-01-15-00,WAHIS,High pathogenicity avian influenza,HPAI,Spain,ESP,43.0563,-5.8783,2024-01-19,2024-01-28,2024-02-05,Cygnus olor (wild),10142,5551,confirmed,synthetic
EMPRESI-HPAI-0001845,WAHIS-HPAI-ISR-2024-01-15-00,WAHIS,High pathogenicity avian influenza,HPAI,Israel,ISR,32.0069,35.0688,2024-01-20,2024-01-28,2024-02-05,Larus spp. (wild),2346,1270,confirmed,synthetic
EMPRESI-HPAI-0001673,WAHIS-HPAI-TUN-2023-12-18-00,WAHIS,High pathogenicity avian influenza,HPAI,Tunisia,TUN,34.1279,10.3253,2023-12-21,2024-01-27,2024-02-05,Anas platyrhynchos (domestic),1362,759,confirmed,synthetic
EMPRESI-HPAI-0001829,WAHIS-HPAI-HUN-2024-01-15-01,WAHIS,High pathogenicity avian influenza,HPAI,Hungary,HUN,47.4828,20.8453,2024-01-20,2024-01-22,2024-02-05,Meleagris gallopavo (domestic),10330,5663,confirmed,synthetic
EMPRESI-HPAI-0001802,WAHIS-HPAI-ITA-2024-01-08-04,WAHIS,High pathogenicity avian influenza,HPAI,Italy,ITA,41.8644,13.5264,2024-01-13,2024-01-29,2024-02-05,Meleagris gallopavo (domestic),3988,2193,confirmed,synthetic
EMPRESI-HPAI-0001838,WAHIS-HPAI-BGR-2024-01-15-04,WAHIS,High pathogenicity avian influenza,HPAI,Bulgaria,BGR,43.543,26.1657,2024-01-15,2024-02-01,2024-02-06,Anas platyrhynchos (domestic),2118,1138,confirmed,synthetic
EMPRESI-HPAI-0001503,WAHIS-HPAI-ITA-2023-12-04-04,WAHIS,High pathogenicity avian influenza,HPAI,Italy,ITA,44.8258,14.0196,2023-12-10,2024-01-29,2024-02-06,Cygnus olor (wild),6043,3307,confirmed,synthetic
EMPRESI-HPAI-0001820,WAHIS-HPAI-FRA-2024-01-15-01,WAHIS,High pathogenicity avian influenza,HPAI,France,FRA,46.0393,-1.2027,2024-01-17,2024-01-31,2024-02-06,Larus spp. (wild),1997,1132,confirmed,synthetic
EMPRESI-HPAI-0001851,WAHIS-HPAI-BGR-2024-01-22-02,WAHIS,High pathogenicity avian influenza,HPAI,Bulgaria,BGR,43.0354,25.427,2024-01-25,2024-01-31,2024-02-06,Meleagris gallopavo (domestic),7458,4099,confirmed,synthetic
EMPRESI-HPAI-0001724,WAHIS-HPAI-HUN-2023-12-25-01,WAHIS,High pathogenicity avian influenza,HPAI,Hungary,HUN,48.3025,18.5437,2023-12-27,2024-01-23,2024-02-07,Anas platyrhynchos (domestic),4459,2520,confirmed,synthetic
EMPRESI-HPAI-0001849,WAHIS-HPAI-BGR-2024-01-22-00,WAHIS,High pathogenicity avian influenza,HPAI,Bulgaria,BGR,42.1339,25.7729,2024-01-27,2024-02-01,2024-02-07,Meleagris gallopavo (domestic),5579,3090,confirmed,synthetic
EMPRESI-HPAI-0001828,WAHIS-HPAI-HUN-2024-01-15-00,WAHIS,High pathogenicity avian influenza,HPAI,Hungary,HUN,47.7337,17.5507,2024-01-21,2024-02-01,2024-02-07,Larus spp. (wild),3899,2178,confirmed,synthetic
EMPRESI-HPAI-0001822,WAHIS-HPAI-BEL-2024-01-15-00,WAHIS,High pathogenicity avian influenza,HPAI,Belgium,BEL,50.2363,4.4644,2024-01-17,2024-01-31,2024-02-07,Anas platyrhynchos (domestic),1042,566,confirmed,synthetic
EMPRESI-HPAI-0001831,WAHIS-HPAI-ROU-2024-01-15-01,WAHIS,High pathogenicity avian influenza,HPAI,Romania,ROU,44.1056,24.6507,2024-01-15,2024-01-27,2024-02-08,Larus spp. (wild),2052,1144,confirmed,synthetic
EMPRESI-HPAI-0001727,WAHIS-HPAI-HUN-2023-12-25-04,WAHIS,High pathogenicity avian influenza,HPAI,Hungary,HUN,47.1216,20.9889,2023-12-29,2024-01-29,2024-02-08,Meleagris gallopavo (domestic),1732,959,confirmed,synthetic
EMPRESI-HPAI-0001841,WAHIS-HPAI-TUR-2024-01-15-01,WAHIS,High pathogenicity avian influenza,HPAI,Türkiye,TUR,39.0886,37.7923,2024-01-21,2024-01-30,2024-02-09,Gallus gallus (domestic),3770,2069,confirmed,synthetic
EMPRESI-HPAI-0001799,WAHIS-HPAI-ITA-2024-01-08-01,WAHIS,High pathogenicity avian influenza,HPAI,Italy,ITA,43.7771,10.4502,2024-01-13,2024-01-30,2024-02-10,Anas platyrhynchos (domestic),4074,2255,confirmed,synthetic
EMPRESI-HPAI-0001854,WAHIS-HPAI-ISR-2024-01-22-00,WAHIS,High pathogenicity avian influenza,HPAI,Israel,ISR,31.8362,34.4748,2024-01-25,2024-02-03,2024-02-10,Gallus gallus (domestic),2570,1434,confirmed,synthetic
EMPRESI-HPAI-0001823,WAHIS-HPAI-ITA-2024-01-15-00,WAHIS,High pathogenicity avian influenza,HPAI,Italy,ITA,44.929,12.084,2024-01-18,2024-02-02,2024-02-10,Meleagris gallopavo (domestic),990,541,confirmed,synthetic
EMPRESI-HPAI-0001861,WAHIS-HPAI-TUR-2024-01-29-00,WAHIS,High pathogenicity avian influenza,HPAI,Türkiye,TUR,40.9551,31.5828,2024-01-30,2024-02-06,2024-02-11,Cygnus olor (wild),6290,3456,confirmed,synthetic
EMPRESI-HPAI-0001779,WAHIS-HPAI-BGR-2024-01-01-02,WAHIS,High pathogenicity avian influenza,HPAI,Bulgaria,BGR,42.5678,23.7432,2024-01-03,2024-02-04,2024-02-13,Anas platyrhynchos (domestic),4301,2378,confirmed,synthetic
EMPRESI-HPAI-0001830,WAHIS-HPAI-ROU-2024-01-15-00,WAHIS,High pathogenicity avian influenza,HPAI,Romania,ROU,45.9825,25.0353,2024-01-21,2024-02-04,2024-02-14,Cygnus olor (wild),4024,2214,confirmed,synthetic
EMPRESI-HPAI-0001788,WAHIS-HPAI-GEO-2024-01-01-00,WAHIS,High pathogenicity avian influenza,HPAI,Georgia,GEO,42.1166,45.1814,2024-01-02,2024-02-08,2024-02-15,Larus spp. (wild),5463,2928,confirmed,synthetic
EMPRESI-HPAI-0001827,WAHIS-HPAI-POL-2024-01-15-00,WAHIS,High pathogenicity avian influenza,HPAI,Poland,POL,51.511,23.1171,2024-01-20,2024-02-08,2024-02-15,Cygnus olor (wild),4867,2679,confirmed,synthetic
EMPRESI-HPAI-0001814,WAHIS-HPAI-BGR-2024-01-08-00,WAHIS,High pathogenicity avian influenza,HPAI,Bulgaria,BGR,42.9484,27.3251,2024-01-11,2024-02-11,2024-02-17,Cygnus olor (wild),6758,3690,confirmed,synthetic
EMPRESI-HPAI-0001839,WAHIS-HPAI-SRB-2024-01-15-00,WAHIS,High pathogenicity avian influenza,HPAI,Serbia,SRB,44.5271,19.7205,2024-01-19,2024-02-06,2024-02-17,Gallus gallus (domestic),5980,3288,confirmed,synthetic
EMPRESI-HPAI-0001843,WAHIS-HPAI-TUR-2024-01-15-03,WAHIS,High pathogenicity avian influenza,HPAI,Türkiye,TUR,40.0646,30.0278,2024-01-15,2024-02-11,2024-02-18,Meleagris gallopavo (domestic),9099,5009,confirmed,synthetic
EMPRESI-HPAI-0001868,WAHIS-HPAI-BGR-2024-02-05-01,WAHIS,High pathogenicity avian influenza,HPAI,Bulgaria,BGR,44.0564,25.5234,2024-02-06,2024-02-14,2024-02-20,Larus spp. (wild),5092,2840,confirmed,synthetic
EMPRESI-HPAI-0001821,WAHIS-HPAI-FRA-2024-01-15-02,WAHIS,High pathogenicity avian influenza,HPAI,France,FRA,45.9075,0.3392,2024-01-15,2024-02-14,2024-02-20,Cygnus olor (wild),4548,2494,confirmed,synthetic
EMPRESI-HPAI-0001858,WAHIS-HPAI-HUN-2024-01-29-00,WAHIS,High pathogenicity avian influenza,HPAI,Hungary,HUN,46.7786,17.6641,2024-02-04,2024-02-15,2024-02-21,Anas platyrhynchos (domestic),2990,1634,confirmed,synthetic
EMPRESI-HPAI-0001834,WAHIS-HPAI-BGR-2024-01-15-00,WAHIS,High pathogenicity avian influenza,HPAI,Bulgaria,BGR,41.8075,23.9582,2024-01-21,2024-02-13,2024-02-21,Larus spp. (wild),1281,685,confirmed,synthetic
EMPRESI-HPAI-0001863,WAHIS-HPAI-ISR-2024-01-29-01,WAHIS,High pathogenicity avian influenza,HPAI,Israel,ISR,31.9277,35.5932,2024-02-03,2024-02-16,2024-02-22,Gallus gallus (domestic),4093,2196,confirmed,synthetic
EMPRESI-HPAI-0001866,WAHIS-HPAI-HUN-2024-02-05-00,WAHIS,High pathogenicity avian influenza,HPAI,Hungary,HUN,46.2802,20.3315,2024-02-09,2024-02-17,2024-02-25,Meleagris gallopavo (domestic),1644,894,confirmed,synthetic
EMPRESI-HPAI-0001859,WAHIS-HPAI-BGR-2024-01-29-00,WAHIS,High pathogenicity avian influenza,HPAI,Bulgaria,BGR,43.6033,23.7532,2024-02-01,2024-02-16,2024-02-25,Gallus gallus (domestic),2619,1409,confirmed,synthetic
EMPRESI-HPAI-0001850,WAHIS-HPAI-BGR-2024-01-22-01,WAHIS,High pathogenicity avian influenza,HPAI,Bulgaria,BGR,41.1434,26.0723,2024-01-27,2024-02-18,2024-02-25,Anas platyrhynchos (domestic),5631,3109,confirmed,synthetic
EMPRESI-HPAI-0001864,WAHIS-HPAI-ESP-2024-02-05-00,WAHIS,High pathogenicity avian influenza,HPAI,Spain,ESP,41.8575,-6.0453,2024-02-06,2024-02-15,2024-02-25,Larus spp. (wild),1872,1020,confirmed,synthetic
EMPRESI-HPAI-0001853,WAHIS-HPAI-GEO-2024-01-22-00,WAHIS,High pathogenicity avian influenza,HPAI,Georgia,GEO,42.9048,44.5991,2024-01-25,2024-02-19,2024-02-26,Anas platyrhynchos (domestic),3074,1699,confirmed,synthetic
EMPRESI-HPAI-0001856,WAHIS-HPAI-TUN-2024-01-22-00,WAHIS,High pathogenicity avian influenza,HPAI,Tunisia,TUN,32.0195,8.9277,2024-01-24,2024-02-18,2024-02-29,Gallus gallus (domestic),938,494,confirmed,synthetic
EMPRESI-HPAI-0001876,WAHIS-HPAI-BGR-2024-02-12-01,WAHIS,High pathogenicity avian influenza,HPAI,Bulgaria,BGR,41.2375,25.8264,2024-02-12,2024-02-16,2024-02-29,Cygnus olor (wild),7804,4225,confirmed,synthetic
EMPRESI-HPAI-0001877,WAHIS-HPAI-BGR-2024-02-12-02,WAHIS,High pathogenicity avian influenza,HPAI,Bulgaria,BGR,43.0094,27.1226,2024-02-13,2024-02-23,2024-03-01,Anas platyrhynchos (domestic),1451,789,confirmed,synthetic
EMPRESI-HPAI-0001884,WAHIS-HPAI-ISR-2024-02-19-00,WAHIS,High pathogenicity avian influenza,HPAI,Israel,ISR,31.2107,34.9665,2024-02-19,2024-02-25,2024-03-03,Gallus gallus (domestic),8969,4897,confirmed,synthetic
EMPRESI-HPAI-0001842,WAHIS-HPAI-TUR-2024-01-15-02,WAHIS,High pathogenicity avian influenza,HPAI,Türkiye,TUR,36.3449,37.5052,2024-01-16,2024-02-25,2024-03-05,Anas platyrhynchos (domestic),3005,1641,confirmed,synthetic
EMPRESI-HPAI-0001886,WAHIS-HPAI-TUR-2024-02-26-00,WAHIS,High pathogenicity avian influenza,HPAI,Türkiye,TUR,37.6025,37.1373,2024-02-26,2024-03-02,2024-03-07,Cygnus olor (wild),7140,3906,confirmed,synthetic
EMPRESI-HPAI-0001847,WAHIS-HPAI-DEU-2024-01-22-00,WAHIS,High pathogenicity avian influenza,HPAI,Germany,DEU,50.0583,12.6189,2024-01-28,2024-02-26,2024-03-07,Larus spp. (wild),158,80,confirmed,synthetic
EMPRESI-HPAI-0001782,WAHIS-HPAI-UKR-2024-01-01-00,WAHIS,High pathogenicity avian influenza,HPAI,Ukraine,UKR,49.8471,28.2862,2024-01-06,2024-02-29,2024-03-10,Meleagris gallopavo (domestic),5574,2983,confirmed,synthetic
EMPRESI-HPAI-0001873,WAHIS-HPAI-TUN-2024-02-05-00,WAHIS,High pathogenicity avian influenza,HPAI,Tunisia,TUN,35.5106,10.6392,2024-02-05,2024-03-02,2024-03-11,Meleagris gallopavo (domestic),2977,1674,confirmed,synthetic
EMPRESI-HPAI-0001883,WAHIS-HPAI-TUR-2024-02-19-01,WAHIS,High pathogenicity avian influenza,HPAI,Türkiye,TUR,39.6686,29.9152,2024-02-23,2024-03-05,2024-03-13,Larus spp. (wild),5803,3161,confirmed,synthetic
EMPRESI-HPAI-0001882,WAHIS-HPAI-TUR-2024-02-19-00,WAHIS,High pathogenicity avian influenza,HPAI,Türkiye,TUR,40.9664,31.0134,2024-02-19,2024-03-05,2024-03-14,Cygnus olor (wild),2704,1474,confirmed,synthetic
EMPRESI-HPAI-0001870,WAHIS-HPAI-TUR-2024-02-05-00,WAHIS,High pathogenicity avian influenza,HPAI,Türkiye,TUR,35.9036,33.4579,2024-02-10,2024-02-24,2024-03-15,Anas platyrhynchos (domestic),1396,757,confirmed,synthetic
EMPRESI-HPAI-0001792,WAHIS-HPAI-MAR-2024-01-01-01,WAHIS,High pathogenicity avian influenza,HPAI,Morocco,MAR,31.3123,-3.6618,2024-01-07,2024-03-12,2024-03-19,Meleagris gallopavo (domestic),2171,1158,confirmed,synthetic
EMPRESI-ASF-0002556,WAHIS-ASF-BGR-2024-03-04-00,WAHIS,African swine fever,ASF,Bulgaria,BGR,43.761,25.206,2024-03-07,2024-03-11,2024-03-23,Sus scrofa (wild boar),98,88,confirmed,synthetic
EMPRESI-HPAI-0001889,WAHIS-HPAI-ESP-2024-03-04-00,WAHIS,High pathogenicity avian influenza,HPAI,Spain,ESP,38.2674,-7.1119,2024-03-08,2024-03-15,2024-03-24,Larus spp. (wild),4473,2459,confirmed,synthetic
EMPRESI-HPAI-0001890,WAHIS-HPAI-TUR-2024-03-04-00,WAHIS,High pathogenicity avian influenza,HPAI,Türkiye,TUR,37.4585,33.366,2024-03-06,2024-03-22,2024-03-29,Anas platyrhynchos (domestic),4576,2512,confirmed,synthetic
EMPRESI-HPAI-0001895,WAHIS-HPAI-TUR-2024-03-11-00,WAHIS,High pathogenicity avian influenza,HPAI,Türkiye,TUR,36.2185,34.1325,2024-03-11,2024-03-25,2024-04-01,Gallus gallus (domestic),2348,1250,confirmed,synthetic
EMPRESI-HPAI-0001892,WAHIS-HPAI-MAR-2024-03-04-00,WAHIS,High pathogenicity avian influenza,HPAI,Morocco,MAR,31.3592,-9.3903,2024-03-05,2024-03-26,2024-04-02,Gallus gallus (domestic),878,479,confirmed,synthetic
EMPRESI-HPAI-0001874,WAHIS-HPAI-MAR-2024-02-05-00,WAHIS,High pathogenicity avian influenza,HPAI,Morocco,MAR,29.1112,-6.9365,2024-02-05,2024-03-25,2024-04-03,Anas platyrhynchos (domestic),6874,3791,confirmed,synthetic
EMPRESI-HPAI-0001893,WAHIS-HPAI-FRA-2024-03-11-00,WAHIS,High pathogenicity avian influenza,HPAI,France,FRA,45.7212,3.6135,2024-03-15,2024-03-28,2024-04-04,Larus spp. (wild),1373,769,confirmed,synthetic
EMPRESI-HPAI-0001887,WAHIS-HPAI-TUR-2024-02-26-01,WAHIS,High pathogenicity avian influenza,HPAI,Türkiye,TUR,36.0758,35.6215,2024-03-02,2024-03-31,2024-04-05,Cygnus olor (wild),5610,3044,confirmed,synthetic
EMPRESI-HPAI-0001898,WAHIS-HPAI-ISR-2024-03-18-00,WAHIS,High pathogenicity avian influenza,HPAI,Israel,ISR,31.6193,35.3048,2024-03-20,2024-03-26,2024-04-07,Anas platyrhynchos (domestic),1766,974,confirmed,synthetic
EMPRESI-HPAI-0001896,WAHIS-HPAI-TUR-2024-03-11-01,WAHIS,High pathogenicity avian influenza,HPAI,Türkiye,TUR,37.8385,39.6635,2024-03-16,2024-04-02,2024-04-13,Larus spp. (wild),4665,2671,confirmed,synthetic
EMPRESI-HPAI-0001899,WAHIS-HPAI-TUR-2024-03-25-00,WAHIS,High pathogenicity avian influenza,HPAI,Türkiye,TUR,39.4,36.9446,2024-03-29,2024-04-10,2024-04-20,Gallus gallus (domestic),2367,1307,confirmed,synthetic
EMPRESI-HPAI-0001901,WAHIS-HPAI-FRA-2024-04-01-00,WAHIS,High pathogenicity avian influenza,HPAI,France,FRA,46.8034,-1.5311,2024-04-07,2024-04-26,2024-05-01,Larus spp. (wild),372,197,confirmed,synthetic
EMPRESI-HPAI-0001891,WAHIS-HPAI-TUR-2024-03-04-01,WAHIS,High pathogenicity avian influenza,HPAI,Türkiye,TUR,38.6733,35.6181,2024-03-09,2024-04-23,2024-05-02,Larus spp. (wild),9038,4949,confirmed,synthetic
EMPRESI-ASF-0002558,WAHIS-ASF-ROU-2024-04-08-00,WAHIS,African swine fever,ASF,Romania,ROU,47.8655,27.1745,2024-04-09,2024-04-23,2024-05-03,Sus scrofa domesticus,48,41,confirmed,synthetic
EMPRESI-ASF-0002561,WAHIS-ASF-ROU-2024-04-22-00,WAHIS,African swine fever,ASF,Romania,ROU,45.6789,25.9288,2024-04-27,2024-05-05,2024-05-11,Sus scrofa domesticus,39,32,confirmed,synthetic
EMPRESI-ASF-0002563,WAHIS-ASF-ESP-2024-04-29-00,WAHIS,African swine fever,ASF,Spain,ESP,40.6724,-5.4938,2024-05-05,2024-05-12,2024-05-18,Sus scrofa (wild boar),265,240,confirmed,synthetic
EMPRESI-HPAI-0001906,WAHIS-HPAI-ITA-2024-04-29-00,WAHIS,High pathogenicity avian influenza,HPAI,Italy,ITA,42.5819,15.3435,2024-05-05,2024-05-11,2024-05-18,Meleagris gallopavo (domestic),9400,5211,confirmed,synthetic
EMPRESI-ASF-0002564,WAHIS-ASF-ROU-2024-04-29-00,WAHIS,African swine fever,ASF,Romania,ROU,44.6689,25.1797,2024-05-04,2024-05-13,2024-05-21,Sus scrofa (wild boar),162,137,confirmed,synthetic
EMPRESI-ASF-0002565,WAHIS-ASF-DEU-2024-05-06-00,WAHIS,African swine fever,ASF,Germany,DEU,49.7868,6.4206,2024-05-12,2024-05-16,2024-05-22,Sus scrofa (wild boar),124,108,confirmed,synthetic
EMPRESI-ASF-0002566,WAHIS-ASF-DEU-2024-05-13-00,WAHIS,African swine fever,ASF,Germany,DEU,49.2478,9.0843,2024-05-18,2024-05-23,2024-06-01,Sus scrofa domesticus,6,4,confirmed,synthetic
EMPRESI-ASF-0002562,WAHIS-ASF-DEU-2024-04-29-00,WAHIS,African swine fever,ASF,Germany,DEU,49.7904,9.5004,2024-05-05,2024-05-28,2024-06-06,Sus scrofa (wild boar),180,159,confirmed,synthetic
EMPRESI-ASF-0002567,WAHIS-ASF-BEL-2024-05-13-00,WAHIS,African swine fever,ASF,Belgium,BEL,50.0269,4.471,2024-05-13,2024-05-30,2024-06-06,Sus scrofa (wild boar),50,43,confirmed,synthetic
EMPRESI-HPAI-0001907,WAHIS-HPAI-BEL-2024-05-06-00,WAHIS,High pathogenicity avian influenza,HPAI,Belgium,BEL,50.1762,3.7661,2024-05-10,2024-05-25,2024-06-07,Anas platyrhynchos (domestic),8589,4747,confirmed,synthetic
EMPRESI-HPAI-0001913,WAHIS-HPAI-BEL-2024-05-20-00,WAHIS,High pathogenicity avian influenza,HPAI,Belgium,BEL,50.1958,4.0343,2024-05-21,2024-06-03,2024-06-11,Larus spp. (wild),1269,683,confirmed,synthetic
EMPRESI-ASF-0002575,WAHIS-ASF-BEL-2024-05-27-00,WAHIS,African swine fever,ASF,Belgium,BEL,50.9441,4.8957,2024-05-28,2024-06-10,2024-06-15,Sus scrofa (wild boar),19,18,confirmed,synthetic
EMPRESI-ASF-0002581,WAHIS-ASF-NLD-2024-06-03-00,WAHIS,African swine fever,ASF,Netherlands,NLD,52.316,6.4029,2024-06-03,2024-06-11,2024-06-15,Sus scrofa domesticus,334,293,confirmed,synthetic
EMPRESI-ASF-0002591,WAHIS-ASF-BGR-2024-06-03-00,WAHIS,African swine fever,ASF,Bulgaria,BGR,41.9255,26.4141,2024-06-03,2024-06-10,2024-06-16,Sus scrofa (wild boar),79,62,confirmed,synthetic
EMPRESI-HPAI-0001909,WAHIS-HPAI-POL-2024-05-13-00,WAHIS,High pathogenicity avian influenza,HPAI,Poland,POL,49.9572,18.8524,2024-05-13,2024-06-09,2024-06-17,Anas platyrhynchos (domestic),7730,4238,confirmed,synthetic
EMPRESI-HPAI-0001910,WAHIS-HPAI-FRA-2024-05-20-00,WAHIS,High pathogenicity avian influenza,HPAI,France,FRA,44.6864,5.1113,2024-05-25,2024-06-12,2024-06-17,Cygnus olor (wild),2649,1477,confirmed,synthetic
EMPRESI-ASF-0002576,WAHIS-ASF-ITA-2024-05-27-00,WAHIS,African swine fever,ASF,Italy,ITA,40.1858,13.4245,2024-05-31,2024-06-12,2024-06-18,Sus scrofa domesticus,472,412,confirmed,synthetic
EMPRESI-ASF-0002582,WAHIS-ASF-BEL-2024-06-03-00,WAHIS,African swine fever,ASF,Belgium,BEL,50.2919,5.5574,2024-06-06,2024-06-12,2024-06-20,Sus scrofa domesticus,56,53,confirmed,synthetic
EMPRESI-ASF-0002587,WAHIS-ASF-HUN-2024-06-03-00,WAHIS,African swine fever,ASF,Hungary,HUN,46.8009,18.2073,2024-06-07,2024-06-14,2024-06-20,Sus scrofa (wild boar),72,61,confirmed,synthetic
EMPRESI-ASF-0002588,WAHIS-ASF-HUN-2024-06-03-01,WAHIS,African swine fever,ASF,Hungary,HUN,46.7994,18.2868,2024-06-06,2024-06-13,2024-06-22,Sus scrofa domesticus,15,14,confirmed,synthetic
EMPRESI-ASF-0002578,WAHIS-ASF-SRB-2024-05-27-00,WAHIS,African swine fever,ASF,Serbia,SRB,42.9743,22.3236,2024-05-29,2024-06-15,2024-06-23,Sus scrofa domesticus,55,50,confirmed,synthetic
EMPRESI-ASF-0002593,WAHIS-ASF-UKR-2024-06-03-01,WAHIS,African swine fever,ASF,Ukraine,UKR,46.7872,27.1514,2024-06-08,2024-06-15,2024-06-24,Sus scrofa domesticus,257,232,confirmed,synthetic
EMPRESI-ASF-0002571,WAHIS-ASF-DEU-2024-05-20-00,WAHIS,African swine fever,ASF,Germany,DEU,49.1181,13.5498,2024-05-22,2024-06-20,2024-06-24,Sus scrofa domesticus,138,126,confirmed,synthetic
EMPRESI-HPAI-0001912,WAHIS-HPAI-NLD-2024-05-20-01,WAHIS,High pathogenicity avian influenza,HPAI,Netherlands,NLD,52.1016,4.7995,2024-05-22,2024-06-17,2024-06-24,Meleagris gallopavo (domestic),1498,835,confirmed,synthetic
EMPRESI-ASF-0002598,WAHIS-ASF-POL-2024-06-10-00,WAHIS,African swine fever,ASF,Poland,POL,54.2781,22.3378,2024-06-12,2024-06-19,2024-06-25,Sus scrofa domesticus,91,76,confirmed,synthetic
EMPRESI-ASF-0002597,WAHIS-ASF-ESP-2024-06-10-00,WAHIS,African swine fever,ASF,Spain,ESP,41.6076,-2.9323,2024-06-10,2024-06-16,2024-06-25,Sus scrofa domesticus,84,71,confirmed,synthetic
EMPRESI-ASF-0002594,WAHIS-ASF-MDA-2024-06-03-00,WAHIS,African swine fever,ASF,Moldova,MDA,47.0485,29.3176,2024-06-06,2024-06-18,2024-06-27,Sus scrofa domesticus,2,2,confirmed,synthetic
EMPRESI-ASF-0002568,WAHIS-ASF-ROU-2024-05-13-00,WAHIS,African swine fever,ASF,Romania,ROU,47.5494,25.8757,2024-05-16,2024-06-25,2024-07-01,Sus scrofa (wild boar),46,37,confirmed,synthetic
EMPRESI-ASF-0002625,WAHIS-ASF-HUN-2024-06-17-03,WAHIS,African swine fever,ASF,Hungary,HUN,46.8763,19.1935,2024-06-17,2024-06-24,2024-07-01,Sus scrofa (wild boar),38,33,confirmed,synthetic
EMPRESI-ASF-0002612,WAHIS-ASF-BEL-2024-06-17-01,WAHIS,African swine fever,ASF,Belgium,BEL,50.7672,5.783,2024-06-21,2024-06-27,2024-07-02,Sus scrofa (wild boar),239,220,confirmed,synthetic
EMPRESI-ASF-0002610,WAHIS-ASF-DEU-2024-06-17-01,WAHIS,African swine fever,ASF,Germany,DEU,49.1988,8.5119,2024-06-18,2024-06-29,2024-07-02,Sus scrofa (wild boar),151,130,confirmed,synthetic
EMPRESI-ASF-0002577,WAHIS-ASF-POL-2024-05-27-00,WAHIS,African swine fever,ASF,Poland,POL,54.4585,18.2546,2024-05-29,2024-06-22,2024-07-03,Sus scrofa (wild boar),97,85,confirmed,synthetic
EMPRESI-ASF-0002651,WAHIS-ASF-HUN-2024-06-24-02,WAHIS,African swine fever,ASF,Hungary,HUN,45.9102,20.5524,2024-06-26,2024-06-29,2024-07-03,Sus scrofa (wild boar),105,96,confirmed,synthetic
EMPRESI-ASF-0002596,WAHIS-ASF-BEL-2024-06-10-00,WAHIS,African swine fever,ASF,Belgium,BEL,51.024,3.6181,2024-06-12,2024-06-27,2024-07-04,Sus scrofa (wild boar),127,110,confirmed,synthetic
EMPRESI-ASF-0002615,WAHIS-ASF-ITA-2024-06-17-01,WAHIS,African swine fever,ASF,Italy,ITA,42.3592,9.1908,2024-06-19,2024-06-24,2024-07-04,Sus scrofa (wild boar),48,40,confirmed,synthetic
EMPRESI-ASF-0002579,WAHIS-ASF-RUS-2024-05-27-00,WAHIS,African swine fever,ASF,Russian Federation,RUS,55.3127,35.6985,2024-06-02,2024-06-28,2024-07-05,Sus scrofa domesticus,47,39,confirmed,synthetic
EMPRESI-ASF-0002607,WAHIS-ASF-RUS-2024-06-10-01,WAHIS,African swine fever,ASF,Russian Federation,RUS,57.6152,47.1682,2024-06-10,2024-06-29,2024-07-06,Sus scrofa (wild boar),37,31,confirmed,synthetic
EMPRESI-ASF-0002620,WAHIS-ASF-POL-2024-06-17-03,WAHIS,African swine fever,ASF,Poland,POL,51.3861,19.8324,2024-06-22,2024-06-30,2024-07-06,Sus scrofa (wild boar),41,38,confirmed,synthetic
EMPRESI-ASF-0002586,WAHIS-ASF-POL-2024-06-03-03,WAHIS,African swine fever,ASF,Poland,POL,49.4938,19.5569,2024-06-04,2024-06-30,2024-07-07,Sus scrofa domesticus,135,116,confirmed,synthetic
EMPRESI-ASF-0002616,WAHIS-ASF-ITA-2024-06-17-02,WAHIS,African swine fever,ASF,Italy,ITA,41.0545,11.2136,2024-06-22,2024-06-30,2024-07-07,Sus scrofa domesticus,39,36,confirmed,synthetic
EMPRESI-ASF-0002627,WAHIS-ASF-ROU-2024-06-17-01,WAHIS,African swine fever,ASF,Romania,ROU,45.726,22.2755,2024-06-23,2024-06-30,2024-07-08,Sus scrofa domesticus,220,186,confirmed,synthetic
EMPRESI-ASF-0002635,WAHIS-ASF-RUS-2024-06-17-01,WAHIS,African swine fever,ASF,Russian Federation,RUS,50.9596,44.7433,2024-06-21,2024-07-03,2024-07-08,Sus scrofa (wild boar),100,86,confirmed,synthetic
EMPRESI-ASF-0002628,WAHIS-ASF-ROU-2024-06-17-02,WAHIS,African swine fever,ASF,Romania,ROU,44.2088,25.1682,2024-06-20,2024-07-03,2024-07-08,Sus scrofa (wild boar),285,248,confirmed,synthetic
EMPRESI-ASF-0002664,WAHIS-ASF-MDA-2024-06-24-00,WAHIS,African swine fever,ASF,Moldova,MDA,46.6815,28.0571,2024-06-27,2024-07-02,2024-07-09,Sus scrofa (wild boar),115,102,confirmed,synthetic
EMPRESI-ASF-0002595,WAHIS-ASF-DEU-2024-06-10-00,WAHIS,African swine fever,ASF,Germany,DEU,48.5557,12.1419,2024-06-16,2024-06-30,2024-07-09,Sus scrofa (wild boar),87,70,confirmed,synthetic
EMPRESI-ASF-0002606,WAHIS-ASF-RUS-2024-06-10-00,WAHIS,African swine fever,ASF,Russian Federation,RUS,53.5134,37.0084,2024-06-15,2024-07-02,2024-07-10,Sus scrofa (wild boar),237,212,confirmed,synthetic
EMPRESI-ASF-0002668,WAHIS-ASF-RUS-2024-06-24-01,WAHIS,African swine fever,ASF,Russian Federation,RUS,53.6899,45.9897,2024-06-25,2024-07-05,2024-07-10,Sus scrofa domesticus,143,131,confirmed,synthetic
EMPRESI-ASF-0002609,WAHIS-ASF-DEU-2024-06-17-00,WAHIS,African swine fever,ASF,Germany,DEU,50.3854,11.2031,2024-06-20,2024-07-02,2024-07-10,Sus scrofa domesticus,262,237,confirmed,synthetic
EMPRESI-ASF-0002618,WAHIS-ASF-POL-2024-06-17-01,WAHIS,African swine fever,ASF,Poland,POL,50.3392,16.0754,2024-06-22,2024-07-04,2024-07-10,Sus scrofa domesticus,142,126,confirmed,synthetic
EMPRESI-ASF-0002602,WAHIS-ASF-ROU-2024-06-10-01,WAHIS,African swine fever,ASF,Romania,ROU,47.5003,23.2089,2024-06-14,2024-07-05,2024-07-11,Sus scrofa (wild boar),115,97,confirmed,synthetic
EMPRESI-ASF-0002619,WAHIS-ASF-POL-2024-06-17-02,WAHIS,African swine fever,ASF,Poland,POL,53.4133,18.005,2024-06-19,2024-07-03,2024-07-11,Sus scrofa domesticus,63,55,confirmed,synthetic
EMPRESI-ASF-0002574,WAHIS-ASF-MDA-2024-05-20-00,WAHIS,African swine fever,ASF,Moldova,MDA,46.8121,28.4969,2024-05-22,2024-07-03,2024-07-11,Sus scrofa (wild boar),32,30,confirmed,synthetic
EMPRESI-ASF-0002647,WAHIS-ASF-POL-2024-06-24-02,WAHIS,African swine fever,ASF,Poland,POL,53.0731,18.0855,2024-06-28,2024-07-03,2024-07-11,Sus scrofa (wild boar),57,49,confirmed,synthetic
EMPRESI-ASF-0002646,WAHIS-ASF-POL-2024-06-24-01,WAHIS,African swine fever,ASF,Poland,POL,50.6581,20.5674,2024-06-27,2024-07-04,2024-07-12,Sus scrofa domesticus,240,215,confirmed,synthetic
EMPRESI-ASF-0002714,WAHIS-ASF-RUS-2024-07-01-02,WAHIS,African swine fever,ASF,Russian Federation,RUS,56.1355,46.3308,2024-07-02,2024-07-05,2024-07-13,Sus scrofa domesticus,96,83,confirmed,synthetic
EMPRESI-ASF-0002638,WAHIS-ASF-DEU-2024-06-24-00,WAHIS,African swine fever,ASF,Germany,DEU,50.8756,8.4122,2024-06-25,2024-07-04,2024-07-13,Sus scrofa (wild boar),122,107,confirmed,synthetic
EMPRESI-ASF-0002573,WAHIS-ASF-HUN-2024-05-20-00,WAHIS,African swine fever,ASF,Hungary,HUN,46.8689,19.972,2024-05-26,2024-07-05,2024-07-13,Sus scrofa domesticus,74,67,confirmed,synthetic
EMPRESI-ASF-0002604,WAHIS-ASF-SRB-2024-06-10-00,WAHIS,African swine fever,ASF,Serbia,SRB,42.8449,21.7811,2024-06-12,2024-07-05,2024-07-13,Sus scrofa (wild boar),235,213,confirmed,synthetic
EMPRESI-ASF-0002665,WAHIS-ASF-MDA-2024-06-24-01,WAHIS,African swine fever,ASF,Moldova,MDA,48.0757,28.6503,2024-06-27,2024-07-08,2024-07-13,Sus scrofa domesticus,35,31,confirmed,synthetic
EMPRESI-ASF-0002653,WAHIS-ASF-ROU-2024-06-24-00,WAHIS,African swine fever,ASF,Romania,ROU,45.6899,22.3371,2024-06-24,2024-07-03,2024-07-14,Sus scrofa (wild boar),132,110,confirmed,synthetic
EMPRESI-ASF-0002626,WAHIS-ASF-ROU-2024-06-17-00,WAHIS,African swine fever,ASF,Romania,ROU,44.9021,27.6606,2024-06-23,2024-07-03,2024-07-14,Sus scrofa domesticus,52,49,confirmed,synthetic
EMPRESI-ASF-0002690,WAHIS-ASF-ITA-2024-07-01-02,WAHIS,African swine fever,ASF,Italy,ITA,41.3502,10.1616,2024-07-03,2024-07-07,2024-07-14,Sus scrofa (wild boar),462,391,confirmed,synthetic
EMPRESI-ASF-0002661,WAHIS-ASF-SRB-2024-06-24-02,WAHIS,African swine fever,ASF,Serbia,SRB,44.2216,20.5909,2024-06-26,2024-07-08,2024-07-15,Sus scrofa (wild boar),57,50,confirmed,synthetic
EMPRESI-ASF-0002642,WAHIS-ASF-BEL-2024-06-24-00,WAHIS,African swine fever,ASF,Belgium,BEL,50.1929,4.5147,2024-06-30,2024-07-04,2024-07-15,Sus scrofa domesticus,226,202,confirmed,synthetic
EMPRESI-ASF-0002633,WAHIS-ASF-MDA-2024-06-17-00,WAHIS,African swine fever,ASF,Moldova,MDA,47.0171,29.5348,2024-06-21,2024-07-04,2024-07-15,Sus scrofa domesticus,141,134,confirmed,synthetic
EMPRESI-ASF-0002640,WAHIS-ASF-DEU-2024-06-24-02,WAHIS,African swine fever,ASF,Germany,DEU,50.5022,6.9479,2024-06-24,2024-07-10,2024-07-16,Sus scrofa domesticus,245,212,confirmed,synthetic
EMPRESI-ASF-0002621,WAHIS-ASF-POL-2024-06-17-04,WAHIS,African swine fever,ASF,Poland,POL,51.7211,19.6879,2024-06-23,2024-07-08,2024-07-16,Sus scrofa (wild boar),40,37,confirmed,synthetic
EMPRESI-ASF-0002624,WAHIS-ASF-HUN-2024-06-17-02,WAHIS,African swine fever,ASF,Hungary,HUN,46.7443,18.1205,2024-06-23,2024-07-12,2024-07-16,Sus scrofa domesticus,154,137,confirmed,synthetic
EMPRESI-ASF-0002666,WAHIS-ASF-MDA-2024-06-24-02,WAHIS,African swine fever,ASF,Moldova,MDA,46.7615,28.6674,2024-06-24,2024-07-10,2024-07-16,Sus scrofa domesticus,111,101,confirmed,synthetic
EMPRESI-ASF-0002683,WAHIS-ASF-NLD-2024-07-01-05,WAHIS,African swine fever,ASF,Netherlands,NLD,52.2645,4.9794,2024-07-02,2024-07-08,2024-07-16,Sus scrofa (wild boar),93,83,confirmed,synthetic
EMPRESI-ASF-0002693,WAHIS-ASF-POL-2024-07-01-01,WAHIS,African swine fever,ASF,Poland,POL,50.9726,19.9993,2024-07-01,2024-07-13,2024-07-17,Sus scrofa domesticus,90,81,confirmed,synthetic
EMPRESI-ASF-0002694,WAHIS-ASF-POL-2024-07-01-02,WAHIS,African swine fever,ASF,Poland,POL,53.9259,17.3636,2024-07-06,2024-07-11,2024-07-17,Sus scrofa domesticus,53,48,confirmed,synthetic
EMPRESI-ASF-0002622,WAHIS-ASF-HUN-2024-06-17-00,WAHIS,African swine fever,ASF,Hungary,HUN,47.143,20.8177,2024-06-21,2024-07-11,2024-07-19,Sus scrofa domesticus,88,73,confirmed,synthetic
EMPRESI-ASF-0002585,WAHIS-ASF-POL-2024-06-03-02,WAHIS,African swine fever,ASF,Poland,POL,51.133,22.6757,2024-06-06,2024-07-11,2024-07-19,Sus scrofa domesticus,31,26,confirmed,synthetic
EMPRESI-ASF-0002689,WAHIS-ASF-ITA-2024-07-01-01,WAHIS,African swine fever,ASF,Italy,ITA,42.3739,13.695,2024-07-01,2024-07-12,2024-07-19,Sus scrofa (wild boar),123,108,confirmed,synthetic
EMPRESI-ASF-0002702,WAHIS-ASF-ROU-2024-07-01-02,WAHIS,African swine fever,ASF,Romania,ROU,43.7411,24.0048,2024-07-03,2024-07-10,2024-07-19,Sus scrofa (wild boar),67,60,confirmed,synthetic
EMPRESI-ASF-0002605,WAHIS-ASF-MDA-2024-06-10-00,WAHIS,African swine fever,ASF,Moldova,MDA,47.2859,27.821,2024-06-11,2024-07-09,2024-07-19,Sus scrofa domesticus,102,83,confirmed,synthetic
EMPRESI-ASF-0002639,WAHIS-ASF-DEU-2024-06-24-01,WAHIS,African swine fever,ASF,Germany,DEU,52.4646,12.9251,2024-06-26,2024-07-09,2024-07-20,Sus scrofa domesticus,70,62,confirmed,synthetic
EMPRESI-ASF-0002600,WAHIS-ASF-HUN-2024-06-10-00,WAHIS,African swine fever,ASF,Hungary,HUN,46.1558,19.2776,2024-06-16,2024-07-12,2024-07-20,Sus scrofa domesticus,154,134,confirmed,synthetic
EMPRESI-ASF-0002697,WAHIS-ASF-HUN-2024-07-01-01,WAHIS,African swine fever,ASF,Hungary,HUN,46.2902,18.4687,2024-07-01,2024-07-09,2024-07-20,Sus scrofa domesticus,30,23,confirmed,synthetic
EMPRESI-ASF-0002673,WAHIS-ASF-FRA-2024-07-01-02,WAHIS,African swine fever,ASF,France,FRA,43.3248,4.9999,2024-07-06,2024-07-13,2024-07-20,Sus scrofa (wild boar),96,79,confirmed,synthetic
EMPRESI-ASF-0002636,WAHIS-ASF-RUS-2024-06-17-02,WAHIS,African swine fever,ASF,Russian Federation,RUS,55.2212,50.9356,2024-06-17,2024-07-15,2024-07-21,Sus scrofa (wild boar),305,270,confirmed,synthetic
EMPRESI-ASF-0002706,WAHIS-ASF-BGR-2024-07-01-02,WAHIS,African swine fever,ASF,Bulgaria,BGR,41.4304,23.895,2024-07-02,2024-07-10,2024-07-21,Sus scrofa domesticus,68,61,confirmed,synthetic
EMPRESI-ASF-0002685,WAHIS-ASF-BEL-2024-07-01-01,WAHIS,African swine fever,ASF,Belgium,BEL,51.0252,5.1343,2024-07-03,2024-07-14,2024-07-21,Sus scrofa domesticus,15,13,confirmed,synthetic
EMPRESI-ASF-0002704,WAHIS-ASF-BGR-2024-07-01-00,WAHIS,African swine fever,ASF,Bulgaria,BGR,43.8225,23.6992,2024-07-06,2024-07-15,2024-07-22,Sus scrofa (wild boar),88,80,confirmed,synthetic
EMPRESI-ASF-0002736,WAHIS-ASF-POL-2024-07-08-00,WAHIS,African swine fever,ASF,Poland,POL,52.3691,22.4101,2024-07-08,2024-07-15,2024-07-22,Sus scrofa (wild boar),96,83,confirmed,synthetic
EMPRESI-ASF-0002675,WAHIS-ASF-DEU-2024-07-01-01,WAHIS,African swine fever,ASF,Germany,DEU,53.933,10.1912,2024-07-05,2024-07-14,2024-07-22,Sus scrofa (wild boar),227,202,confirmed,synthetic
EMPRESI-ASF-0002692,WAHIS-ASF-POL-2024-07-01-00,WAHIS,African swine fever,ASF,Poland,POL,49.8275,21.0007,2024-07-05,2024-07-15,2024-07-22,Sus scrofa domesticus,209,184,confirmed,synthetic
EMPRESI-ASF-0002652,WAHIS-ASF-HUN-2024-06-24-03,WAHIS,African swine fever,ASF,Hungary,HUN,48.2503,19.508,2024-06-30,2024-07-16,2024-07-22,Sus scrofa domesticus,91,79,confirmed,synthetic
EMPRESI-ASF-0002632,WAHIS-ASF-UKR-2024-06-17-00,WAHIS,African swine fever,ASF,Ukraine,UKR,49.4754,31.2427,2024-06-17,2024-07-16,2024-07-22,Sus scrofa (wild boar),52,45,confirmed,synthetic
EMPRESI-ASF-0002751,WAHIS-ASF-BGR-2024-07-08-00,WAHIS,African swine fever,ASF,Bulgaria,BGR,43.9452,25.4853,2024-07-12,2024-07-19,2024-07-24,Sus scrofa (wild boar),57,52,confirmed,synthetic
EMPRESI-ASF-0002678,WAHIS-ASF-NLD-2024-07-01-00,WAHIS,African swine fever,ASF,Netherlands,NLD,53.0654,6.4642,2024-07-05,2024-07-15,2024-07-24,Sus scrofa (wild boar),187,159,confirmed,synthetic
EMPRESI-ASF-0002722,WAHIS-ASF-DEU-2024-07-08-02,WAHIS,African swine fever,ASF,Germany,DEU,48.6835,9.1896,2024-07-12,2024-07-16,2024-07-24,Sus scrofa (wild boar),17,16,confirmed,synthetic
EMPRESI-ASF-0002674,WAHIS-ASF-DEU-2024-07-01-00,WAHIS,African swine fever,ASF,Germany,DEU,51.0957,12.3105,2024-07-05,2024-07-16,2024-07-24,Sus scrofa (wild boar),170,152,confirmed,synthetic
EMPRESI-ASF-0002696,WAHIS-ASF-HUN-2024-07-01-00,WAHIS,African swine fever,ASF,Hungary,HUN,46.2225,18.4714,2024-07-05,2024-07-19,2024-07-24,Sus scrofa domesticus,166,156,confirmed,synthetic
EMPRESI-ASF-0002732,WAHIS-ASF-BEL-2024-07-08-01,WAHIS,African swine fever,ASF,Belgium,BEL,50.4812,3.7996,2024-07-09,2024-07-19,2024-07-25,Sus scrofa (wild boar),149,130,confirmed,synthetic
EMPRESI-ASF-0002729,WAHIS-ASF-NLD-2024-07-08-02,WAHIS,African swine fever,ASF,Netherlands,NLD,51.4935,5.5993,2024-07-08,2024-07-20,2024-07-25,Sus scrofa domesticus,62,58,confirmed,synthetic
EMPRESI-ASF-0002589,WAHIS-ASF-ROU-2024-06-03-00,WAHIS,African swine fever,ASF,Romania,ROU,45.1144,24.3323,2024-06-08,2024-07-14,2024-07-25,Sus scrofa (wild boar),25,23,confirmed,synthetic
EMPRESI-ASF-0002631,WAHIS-ASF-SRB-2024-06-17-00,WAHIS,African swine fever,ASF,Serbia,SRB,44.23,19.0209,2024-06-23,2024-07-19,2024-07-26,Sus scrofa domesticus,56,51,confirmed,synthetic
EMPRESI-ASF-0002740,WAHIS-ASF-POL-2024-07-08-04,WAHIS,African swine fever,ASF,Poland,POL,54.7929,18.3861,2024-07-09,2024-07-16,2024-07-26,Sus scrofa domesticus,57,50,confirmed,synthetic
EMPRESI-ASF-0002701,WAHIS-ASF-ROU-2024-07-01-01,WAHIS,African swine fever,ASF,Romania,ROU,43.5041,25.0687,2024-07-01,2024-07-15,2024-07-26,Sus scrofa domesticus,74,60,confirmed,synthetic
EMPRESI-ASF-0002686,WAHIS-ASF-BEL-2024-07-01-02,WAHIS,African swine fever,ASF,Belgium,BEL,49.9856,5.1968,2024-07-05,2024-07-18,2024-07-26,Sus scrofa (wild boar),56,45,confirmed,synthetic
EMPRESI-ASF-0002672,WAHIS-ASF-FRA-2024-07-01-01,WAHIS,African swine fever,ASF,France,FRA,46.0933,4.7435,2024-07-06,2024-07-16,2024-07-27,Sus scrofa (wild boar),125,111,confirmed,synthetic
EMPRESI-ASF-0002769,WAHIS-ASF-ISR-2024-07-08-00,WAHIS,African swine fever,ASF,Israel,ISR,32.001,34.9893,2024-07-08,2024-07-19,2024-07-27,Sus scrofa domesticus,85,70,confirmed,synthetic
EMPRESI-ASF-0002749,WAHIS-ASF-ROU-2024-07-08-02,WAHIS,African swine fever,ASF,Romania,ROU,45.2201,26.3911,2024-07-09,2024-07-21,2024-07-27,Sus scrofa domesticus,110,95,confirmed,synthetic
EMPRESI-ASF-0002656,WAHIS-ASF-BGR-2024-06-24-00,WAHIS,African swine fever,ASF,Bulgaria,BGR,42.8194,24.4103,2024-06-24,2024-07-20,2024-07-27,Sus scrofa (wild boar),28,23,confirmed,synthetic
EMPRESI-ASF-0002614,WAHIS-ASF-ITA-2024-06-17-00,WAHIS,African swine fever,ASF,Italy,ITA,41.2183,12.432,2024-06-17,2024-07-17,2024-07-27,Sus scrofa (wild boar),31,27,confirmed,synthetic
EMPRESI-ASF-0002712,WAHIS-ASF-RUS-2024-07-01-00,WAHIS,African swine fever,ASF,Russian Federation,RUS,50.027,44.0444,2024-07-05,2024-07-21,2024-07-28,Sus scrofa domesticus,93,84,confirmed,synthetic
EMPRESI-ASF-0002676,WAHIS-ASF-DEU-2024-07-01-02,WAHIS,African swine fever,ASF,Germany,DEU,50.5839,13.6346,2024-07-02,2024-07-18,2024-07-28,Sus scrofa (wild boar),65,55,confirmed,synthetic
EMPRESI-ASF-0002731,WAHIS-ASF-BEL-2024-07-08-00,WAHIS,African swine fever,ASF,Belgium,BEL,51.0424,3.5944,2024-07-13,2024-07-17,2024-07-28,Sus scrofa (wild boar),27,24,confirmed,synthetic
EMPRESI-ASF-0002723,WAHIS-ASF-DEU-2024-07-08-03,WAHIS,African swine fever,ASF,Germany,DEU,51.0739,15.1737,2024-07-11,2024-07-21,2024-07-29,Sus scrofa (wild boar),27,23,confirmed,synthetic
EMPRESI-ASF-0002726,WAHIS-ASF-DEU-2024-07-08-06,WAHIS,African swine fever,ASF,Germany,DEU,51.7758,11.1624,2024-07-13,2024-07-25,2024-07-29,Sus scrofa domesticus,143,125,confirmed,synthetic
EMPRESI-ASF-0002684,WAHIS-ASF-BEL-2024-07-01-00,WAHIS,African swine fever,ASF,Belgium,BEL,49.9506,4.4975,2024-07-07,2024-07-21,2024-07-29,Sus scrofa (wild boar),223,202,confirmed,synthetic
EMPRESI-ASF-0002742,WAHIS-ASF-HUN-2024-07-08-00,WAHIS,African swine fever,ASF,Hungary,HUN,46.7965,18.4209,2024-07-08,2024-07-18,2024-07-29,Sus scrofa (wild boar),252,215,confirmed,synthetic
EMPRESI-ASF-0002695,WAHIS-ASF-POL-2024-07-01-03,WAHIS,African swine fever,ASF,Poland,POL,52.4732,20.6821,2024-07-01,2024-07-23,2024-07-29,Sus scrofa (wild boar),76,70,confirmed,synthetic
EMPRESI-ASF-0002608,WAHIS-ASF-FRA-2024-06-17-00,WAHIS,African swine fever,ASF,France,FRA,45.388,-0.8476,2024-06-23,2024-07-22,2024-07-29,Sus scrofa domesticus,98,88,confirmed,synthetic
EMPRESI-ASF-0002691,WAHIS-ASF-ITA-2024-07-01-03,WAHIS,African swine fever,ASF,Italy,ITA,44.6109,14.5866,2024-07-02,2024-07-23,2024-07-29,Sus scrofa domesticus,85,74,confirmed,synthetic
EMPRESI-ASF-0002634,WAHIS-ASF-RUS-2024-06-17-00,WAHIS,African swine fever,ASF,Russian Federation,RUS,53.7782,35.5994,2024-06-20,2024-07-14,2024-07-29,Sus scrofa (wild boar),127,114,confirmed,synthetic
EMPRESI-ASF-0002680,WAHIS-ASF-NLD-2024-07-01-02,WAHIS,African swine fever,ASF,Netherlands,NLD,52.4025,5.2648,2024-07-03,2024-07-23,2024-07-30,Sus scrofa domesticus,62,58,confirmed,synthetic
EMPRESI-ASF-0002583,WAHIS-ASF-POL-2024-06-03-00,WAHIS,African swine fever,ASF,Poland,POL,54.5973,20.9908,2024-06-08,2024-07-24,2024-07-30,Sus scrofa (wild boar),74,69,confirmed,synthetic
EMPRESI-ASF-0002814,WAHIS-ASF-SRB-2024-07-15-01,WAHIS,African swine fever,ASF,Serbia,SRB,45.217,21.3478,2024-07-15,2024-07-23,2024-07-30,Sus scrofa domesticus,173,154,confirmed,synthetic
EMPRESI-ASF-0002713,WAHIS-ASF-RUS-2024-07-01-01,WAHIS,African swine fever,ASF,Russian Federation,RUS,50.4036,47.597,2024-07-04,2024-07-23,2024-07-30,Sus scrofa (wild boar),7,6,confirmed,synthetic
EMPRESI-ASF-0002741,WAHIS-ASF-POL-2024-07-08-05,WAHIS,African swine fever,ASF,Poland,POL,53.5427,20.306,2024-07-12,2024-07-22,2024-07-30,Sus scrofa domesticus,95,86,confirmed,synthetic
EMPRESI-ASF-0002818,WAHIS-ASF-SRB-2024-07-15-05,WAHIS,African swine fever,ASF,Serbia,SRB,43.1609,19.89,2024-07-16,2024-07-23,2024-07-31,Sus scrofa domesticus,40,36,confirmed,synthetic
EMPRESI-ASF-0002792,WAHIS-ASF-ITA-2024-07-15-04,WAHIS,African swine fever,ASF,Italy,ITA,43.5822,9.6064,2024-07-17,2024-07-22,2024-07-31,Sus scrofa domesticus,29,27,confirmed,synthetic
EMPRESI-ASF-0002823,WAHIS-ASF-UKR-2024-07-15-02,WAHIS,African swine fever,ASF,Ukraine,UKR,47.4561,31.2674,2024-07-16,2024-07-24,2024-07-31,Sus scrofa domesticus,130,110,confirmed,synthetic
EMPRESI-ASF-0002820,WAHIS-ASF-SRB-2024-07-15-07,WAHIS,African swine fever,ASF,Serbia,SRB,44.5455,22.5055,2024-07-17,2024-07-25,2024-08-01,Sus scrofa (wild boar),101,88,confirmed,synthetic
EMPRESI-ASF-0002816,WAHIS-ASF-SRB-2024-07-15-03,WAHIS,African swine fever,ASF,Serbia,SRB,44.8101,21.25,2024-07-19,2024-07-26,2024-08-01,Sus scrofa (wild boar),105,94,confirmed,synthetic
EMPRESI-ASF-0002855,WAHIS-ASF-NLD-2024-07-22-04,WAHIS,African swine fever,ASF,Netherlands,NLD,52.0739,4.3385,2024-07-23,2024-07-25,2024-08-01,Sus scrofa domesticus,291,246,confirmed,synthetic
EMPRESI-ASF-0002715,WAHIS-ASF-TUR-2024-07-01-00,WAHIS,African swine fever,ASF,Türkiye,TUR,39.3312,34.3749,2024-07-05,2024-07-23,2024-08-01,Sus scrofa domesticus,34,31,confirmed,synthetic
EMPRESI-ASF-0002861,WAHIS-ASF-ITA-2024-07-22-03,WAHIS,African swine fever,ASF,Italy,ITA,43.6134,10.9107,2024-07-24,2024-07-29,2024-08-01,Sus scrofa (wild boar),260,224,confirmed,synthetic
EMPRESI-ASF-0002592,WAHIS-ASF-UKR-2024-06-03-00,WAHIS,African swine fever,ASF,Ukraine,UKR,47.8272,25.6448,2024-06-05,2024-07-24,2024-08-01,Sus scrofa domesticus,137,118,confirmed,synthetic
EMPRESI-ASF-0002682,WAHIS-ASF-NLD-2024-07-01-04,WAHIS,African swine fever,ASF,Netherlands,NLD,51.1867,5.6205,2024-07-03,2024-07-28,2024-08-01,Sus scrofa (wild boar),268,244,confirmed,synthetic
EMPRESI-ASF-0002804,WAHIS-ASF-HUN-2024-07-15-04,WAHIS,African swine fever,ASF,Hungary,HUN,47.5867,19.2741,2024-07-17,2024-07-24,2024-08-01,Sus scrofa (wild boar),33,30,confirmed,synthetic
EMPRESI-ASF-0002808,WAHIS-ASF-ROU-2024-07-15-02,WAHIS,African swine fever,ASF,Romania,ROU,46.7372,27.7965,2024-07-20,2024-07-29,2024-08-02,Sus scrofa domesticus,262,231,confirmed,synthetic
EMPRESI-ASF-0002797,WAHIS-ASF-POL-2024-07-15-01,WAHIS,African swine fever,ASF,Poland,POL,51.2598,19.0971,2024-07-19,2024-07-27,2024-08-02,Sus scrofa domesticus,122,106,confirmed,synthetic
EMPRESI-ASF-0002660,WAHIS-ASF-SRB-2024-06-24-01,WAHIS,African swine fever,ASF,Serbia,SRB,43.6612,19.4725,2024-06-29,2024-07-23,2024-08-02,Sus scrofa domesticus,275,246,confirmed,synthetic
EMPRESI-ASF-0002654,WAHIS-ASF-ROU-2024-06-24-01,WAHIS,African swine fever,ASF,Romania,ROU,43.788,26.7061,2024-06-27,2024-07-26,2024-08-02,Sus scrofa (wild boar),175,155,confirmed,synthetic
EMPRESI-ASF-0002735,WAHIS-ASF-ITA-2024-07-08-01,WAHIS,African swine fever,ASF,Italy,ITA,43.276,14.1826,2024-07-13,2024-07-25,2024-08-03,Sus scrofa domesticus,49,40,confirmed,synthetic
EMPRESI-ASF-0002710,WAHIS-ASF-MDA-2024-07-01-00,WAHIS,African swine fever,ASF,Moldova,MDA,47.6664,28.4217,2024-07-06,2024-07-26,2024-08-03,Sus scrofa (wild boar),47,40,confirmed,synthetic
EMPRESI-ASF-0002794,WAHIS-ASF-ESP-2024-07-15-00,WAHIS,African swine fever,ASF,Spain,ESP,42.966,-5.791,2024-07-15,2024-07-27,2024-08-03,Sus scrofa domesticus,144,122,confirmed,synthetic
EMPRESI-ASF-0002658,WAHIS-ASF-BGR-2024-06-24-02,WAHIS,African swine fever,ASF,Bulgaria,BGR,43.3591,24.9417,2024-06-29,2024-07-17,2024-08-03,Sus scrofa domesticus,143,127,confirmed,synthetic
EMPRESI-ASF-0002810,WAHIS-ASF-BGR-2024-07-15-00,WAHIS,African swine fever,ASF,Bulgaria,BGR,42.5256,26.7866,2024-07-18,2024-07-29,2024-08-04,Sus scrofa domesticus,7,5,confirmed,synthetic
EMPRESI-ASF-0002784,WAHIS-ASF-BEL-2024-07-15-00,WAHIS,African swine fever,ASF,Belgium,BEL,50.8899,5.5681,2024-07-18,2024-07-30,2024-08-04,Sus scrofa domesticus,109,105,confirmed,synthetic
EMPRESI-ASF-0002727,WAHIS-ASF-NLD-2024-07-08-00,WAHIS,African swine fever,ASF,Netherlands,NLD,52.6196,4.9783,2024-07-08,2024-07-25,2024-08-04,Sus scrofa domesticus,196,177,confirmed,synthetic
EMPRESI-ASF-0002720,WAHIS-ASF-DEU-2024-07-08-00,WAHIS,African swine fever,ASF,Germany,DEU,53.5524,10.6295,2024-07-14,2024-07-23,2024-08-04,Sus scrofa domesticus,114,99,confirmed,synthetic
EMPRESI-ASF-0002724,WAHIS-ASF-DEU-2024-07-08-04,WAHIS,African swine fever,ASF,Germany,DEU,50.2037,14.3927,2024-07-09,2024-07-27,2024-08-04,Sus scrofa domesticus,5,3,confirmed,synthetic
EMPRESI-ASF-0002717,WAHIS-ASF-FRA-2024-07-08-00,WAHIS,African swine fever,ASF,France,FRA,46.932,2.9671,2024-07-09,2024-07-24,2024-08-04,Sus scrofa (wild boar),76,68,confirmed,synthetic
EMPRESI-ASF-0002752,WAHIS-ASF-BGR-2024-07-08-01,WAHIS,African swine fever,ASF,Bulgaria,BGR,43.8323,26.8848,2024-07-09,2024-07-31,2024-08-05,Sus scrofa domesticus,65,57,confirmed,synthetic
EMPRESI-ASF-0002707,WAHIS-ASF-UKR-2024-07-01-00,WAHIS,African swine fever,ASF,Ukraine,UKR,50.9355,35.0257,2024-07-05,2024-07-28,2024-08-05,Sus scrofa domesticus,140,125,confirmed,synthetic
EMPRESI-ASF-0002643,WAHIS-ASF-BEL-2024-06-24-01,WAHIS,African swine fever,ASF,Belgium,BEL,50.4565,5.544,2024-06-25,2024-08-01,2024-08-05,Sus scrofa domesticus,141,116,confirmed,synthetic
EMPRESI-ASF-0002777,WAHIS-ASF-NLD-2024-07-15-00,WAHIS,African swine fever,ASF,Netherlands,NLD,52.0804,6.3602,2024-07-20,2024-07-29,2024-08-05,Sus scrofa (wild boar),25,22,confirmed,synthetic
EMPRESI-ASF-0002803,WAHIS-ASF-HUN-2024-07-15-03,WAHIS,African swine fever,ASF,Hungary,HUN,45.8351,20.1056,2024-07-20,2024-07-30,2024-08-06,Sus scrofa domesticus,54,46,confirmed,synthetic
EMPRESI-ASF-0002873,WAHIS-ASF-HUN-2024-07-22-02,WAHIS,African swine fever,ASF,Hungary,HUN,48.435,20.078,2024-07-22,2024-07-29,2024-08-06,Sus scrofa (wild boar),85,69,confirmed,synthetic
EMPRESI-ASF-0002677,WAHIS-ASF-DEU-2024-07-01-03,WAHIS,African swine fever,ASF,Germany,DEU,50.1551,6.8687,2024-07-04,2024-07-28,2024-08-06,Sus scrofa (wild boar),111,93,confirmed,synthetic
EMPRESI-ASF-0002662,WAHIS-ASF-UKR-2024-06-24-00,WAHIS,African swine fever,ASF,Ukraine,UKR,50.4511,28.6948,2024-06-27,2024-07-29,2024-08-06,Sus scrofa domesticus,56,49,confirmed,synthetic
EMPRESI-ASF-0002756,WAHIS-ASF-SRB-2024-07-08-03,WAHIS,African swine fever,ASF,Serbia,SRB,43.6737,20.1993,2024-07-08,2024-08-01,2024-08-06,Sus scrofa domesticus,94,82,confirmed,synthetic
EMPRESI-ASF-0002830,WAHIS-ASF-RUS-2024-07-15-00,WAHIS,African swine fever,ASF,Russian Federation,RUS,49.7718,45.3736,2024-07-19,2024-07-28,2024-08-06,Sus scrofa domesticus,153,138,confirmed,synthetic
EMPRESI-ASF-0002831,WAHIS-ASF-RUS-2024-07-15-01,WAHIS,African swine fever,ASF,Russian Federation,RUS,58.3989,40.2758,2024-07-19,2024-07-28,2024-08-06,Sus scrofa domesticus,17,15,confirmed,synthetic
EMPRESI-ASF-0002813,WAHIS-ASF-SRB-2024-07-15-00,WAHIS,African swine fever,ASF,Serbia,SRB,44.453,22.3075,2024-07-18,2024-07-31,2024-08-07,Sus scrofa (wild boar),15,13,confirmed,synthetic
EMPRESI-ASF-0002881,WAHIS-ASF-ROU-2024-07-22-03,WAHIS,African swine fever,ASF,Romania,ROU,46.3022,26.4975,2024-07-24,2024-07-29,2024-08-07,Sus scrofa (wild boar),18,16,confirmed,synthetic
EMPRESI-ASF-0002747,WAHIS-ASF-ROU-2024-07-08-00,WAHIS,African swine fever,ASF,Romania,ROU,45.8622,22.5325,2024-07-13,2024-08-01,2024-08-07,Sus scrofa (wild boar),77,62,confirmed,synthetic
EMPRESI-ASF-0002869,WAHIS-ASF-POL-2024-07-22-04,WAHIS,African swine fever,ASF,Poland,POL,53.9107,20.8167,2024-07-28,2024-07-31,2024-08-08,Sus scrofa domesticus,51,44,confirmed,synthetic
EMPRESI-ASF-0002847,WAHIS-ASF-DEU-2024-07-22-00,WAHIS,African swine fever,ASF,Germany,DEU,52.8497,6.6497,2024-07-26,2024-07-30,2024-08-08,Sus scrofa domesticus,66,62,confirmed,synthetic
EMPRESI-ASF-0002753,WAHIS-ASF-SRB-2024-07-08-00,WAHIS,African swine fever,ASF,Serbia,SRB,44.8329,21.2161,2024-07-12,2024-08-02,2024-08-08,Sus scrofa domesticus,7,6,confirmed,synthetic
EMPRESI-ASF-0002758,WAHIS-ASF-UKR-2024-07-08-01,WAHIS,African swine fever,ASF,Ukraine,UKR,49.4597,32.3414,2024-07-09,2024-07-29,2024-08-08,Sus scrofa (wild boar),89,76,confirmed,synthetic
EMPRESI-ASF-0002789,WAHIS-ASF-ITA-2024-07-15-01,WAHIS,African swine fever,ASF,Italy,ITA,41.7392,11.8596,2024-07-21,2024-07-30,2024-08-08,Sus scrofa (wild boar),30,27,confirmed,synthetic
EMPRESI-ASF-0002827,WAHIS-ASF-MDA-2024-07-15-01,WAHIS,African swine fever,ASF,Moldova,MDA,47.4497,28.2223,2024-07-15,2024-08-02,2024-08-08,Sus scrofa (wild boar),28,26,confirmed,synthetic
EMPRESI-ASF-0002767,WAHIS-ASF-TUR-2024-07-08-00,WAHIS,African swine fever,ASF,Türkiye,TUR,41.5122,35.7307,2024-07-09,2024-07-29,2024-08-08,Sus scrofa domesticus,86,72,confirmed,synthetic
EMPRESI-ASF-0002817,WAHIS-ASF-SRB-2024-07-15-04,WAHIS,African swine fever,ASF,Serbia,SRB,43.1107,22.1562,2024-07-17,2024-08-03,2024-08-09,Sus scrofa (wild boar),123,110,confirmed,synthetic
EMPRESI-ASF-0002834,WAHIS-ASF-RUS-2024-07-15-04,WAHIS,African swine fever,ASF,Russian Federation,RUS,51.457,47.3644,2024-07-18,2024-07-30,2024-08-09,Sus scrofa domesticus,113,97,confirmed,synthetic
EMPRESI-ASF-0002858,WAHIS-ASF-ITA-2024-07-22-00,WAHIS,African swine fever,ASF,Italy,ITA,43.5428,13.7114,2024-07-22,2024-07-30,2024-08-10,Sus scrofa (wild boar),185,152,confirmed,synthetic
EMPRESI-ASF-0002850,WAHIS-ASF-DEU-2024-07-22-03,WAHIS,African swine fever,ASF,Germany,DEU,52.756,8.1766,2024-07-22,2024-08-04,2024-08-10,Sus scrofa (wild boar),30,26,confirmed,synthetic
EMPRESI-ASF-0002836,WAHIS-ASF-TUR-2024-07-15-01,WAHIS,African swine fever,ASF,Türkiye,TUR,41.5231,33.6904,2024-07-16,2024-07-29,2024-08-10,Sus scrofa (wild boar),141,129,confirmed,synthetic
EMPRESI-ASF-0002793,WAHIS-ASF-ITA-2024-07-15-05,WAHIS,African swine fever,ASF,Italy,ITA,44.0497,9.5431,2024-07-16,2024-07-30,2024-08-10,Sus scrofa (wild boar),385,342,confirmed,synthetic
EMPRESI-ASF-0002768,WAHIS-ASF-GEO-2024-07-08-00,WAHIS,African swine fever,ASF,Georgia,GEO,42.4148,42.7423,2024-07-11,2024-08-01,2024-08-10,Sus scrofa domesticus,235,199,confirmed,synthetic
EMPRESI-ASF-0002763,WAHIS-ASF-MDA-2024-07-08-02,WAHIS,African swine fever,ASF,Moldova,MDA,47.3743,29.0416,2024-07-14,2024-08-03,2024-08-11,Sus scrofa (wild boar),105,92,confirmed,synthetic
EMPRESI-ASF-0002687,WAHIS-ASF-BEL-2024-07-01-03,WAHIS,African swine fever,ASF,Belgium,BEL,51.1851,4.4869,2024-07-04,2024-07-28,2024-08-11,Sus scrofa domesticus,204,177,confirmed,synthetic
EMPRESI-ASF-0002963,WAHIS-ASF-ISR-2024-07-29-01,WAHIS,African swine fever,ASF,Israel,ISR,31.6214,35.0689,2024-07-30,2024-08-02,2024-08-11,Sus scrofa domesticus,40,35,confirmed,synthetic
EMPRESI-ASF-0002891,WAHIS-ASF-MDA-2024-07-22-00,WAHIS,African swine fever,ASF,Moldova,MDA,46.7267,29.3857,2024-07-22,2024-08-03,2024-08-11,Sus scrofa (wild boar),146,127,confirmed,synthetic
EMPRESI-ASF-0002863,WAHIS-ASF-ESP-2024-07-22-00,WAHIS,African swine fever,ASF,Spain,ESP,37.9504,-2.3786,2024-07-27,2024-08-04,2024-08-11,Sus scrofa domesticus,118,108,confirmed,synthetic
EMPRESI-ASF-0002809,WAHIS-ASF-ROU-2024-07-15-03,WAHIS,African swine fever,ASF,Romania,ROU,45.3882,26.2852,2024-07-18,2024-08-03,2024-08-12,Sus scrofa (wild boar),369,330,confirmed,synthetic
EMPRESI-ASF-0002918,WAHIS-ASF-BEL-2024-07-29-01,WAHIS,African swine fever,ASF,Belgium,BEL,51.4414,4.5526,2024-07-29,2024-08-05,2024-08-12,Sus scrofa (wild boar),26,21,confirmed,synthetic
EMPRESI-ASF-0002857,WAHIS-ASF-BEL-2024-07-22-01,WAHIS,African swine fever,ASF,Belgium,BEL,51.1842,4.8253,2024-07-24,2024-08-01,2024-08-12,Sus scrofa domesticus,53,47,confirmed,synthetic
EMPRESI-ASF-0002910,WAHIS-ASF-DEU-2024-07-29-06,WAHIS,African swine fever,ASF,Germany,DEU,50.1703,7.0867,2024-07-29,2024-08-06,2024-08-12,Sus scrofa (wild boar),97,90,confirmed,synthetic
EMPRESI-ASF-0002734,WAHIS-ASF-ITA-2024-07-08-00,WAHIS,African swine fever,ASF,Italy,ITA,44.7395,10.9453,2024-07-14,2024-08-04,2024-08-12,Sus scrofa (wild boar),49,42,confirmed,synthetic
EMPRESI-ASF-0002786,WAHIS-ASF-BEL-2024-07-15-02,WAHIS,African swine fever,ASF,Belgium,BEL,50.3324,4.5085,2024-07-21,2024-08-02,2024-08-12,Sus scrofa domesticus,149,137,confirmed,synthetic
EMPRESI-ASF-0002835,WAHIS-ASF-TUR-2024-07-15-00,WAHIS,African swine fever,ASF,Türkiye,TUR,35.8275,36.78,2024-07-16,2024-08-04,2024-08-12,Sus scrofa (wild boar),113,98,confirmed,synthetic
EMPRESI-ASF-0002948,WAHIS-ASF-SRB-2024-07-29-01,WAHIS,African swine fever,ASF,Serbia,SRB,43.476,21.9853,2024-08-01,2024-08-07,2024-08-12,Sus scrofa domesticus,31,28,confirmed,synthetic
EMPRESI-ASF-0002718,WAHIS-ASF-FRA-2024-07-08-01,WAHIS,African swine fever,ASF,France,FRA,48.0489,6.4643,2024-07-13,2024-08-02,2024-08-12,Sus scrofa domesticus,228,196,confirmed,synthetic
EMPRESI-ASF-0002862,WAHIS-ASF-ITA-2024-07-22-04,WAHIS,African swine fever,ASF,Italy,ITA,42.3136,12.124,2024-07-26,2024-07-31,2024-08-12,Sus scrofa (wild boar),4,4,confirmed,synthetic
EMPRESI-ASF-0002655,WAHIS-ASF-ROU-2024-06-24-02,WAHIS,African swine fever,ASF,Romania,ROU,47.0261,23.3778,2024-06-26,2024-08-04,2024-08-13,Sus scrofa domesticus,50,43,confirmed,synthetic
EMPRESI-ASF-0002950,WAHIS-ASF-UKR-2024-07-29-00,WAHIS,African swine fever,ASF,Ukraine,UKR,45.1233,30.1121,2024-08-03,2024-08-06,2024-08-13,Sus scrofa domesticus,198,166,confirmed,synthetic
EMPRESI-ASF-0002800,WAHIS-ASF-HUN-2024-07-15-00,WAHIS,African swine fever,ASF,Hungary,HUN,47.5402,19.6959,2024-07-21,2024-08-01,2024-08-13,Sus scrofa domesticus,27,22,confirmed,synthetic
EMPRESI-ASF-0002868,WAHIS-ASF-POL-2024-07-22-03,WAHIS,African swine fever,ASF,Poland,POL,51.7118,17.4747,2024-07-28,2024-08-08,2024-08-13,Sus scrofa domesticus,98,88,confirmed,synthetic
EMPRESI-ASF-0002872,WAHIS-ASF-HUN-2024-07-22-01,WAHIS,African swine fever,ASF,Hungary,HUN,46.3339,18.9676,2024-07-25,2024-08-07,2024-08-14,Sus scrofa (wild boar),12,11,confirmed,synthetic
EMPRESI-ASF-0002920,WAHIS-ASF-ITA-2024-07-29-00,WAHIS,African swine fever,ASF,Italy,ITA,43.9144,13.415,2024-08-03,2024-08-09,2024-08-14,Sus scrofa domesticus,100,84,confirmed,synthetic
EMPRESI-ASF-0002766,WAHIS-ASF-RUS-2024-07-08-01,WAHIS,African swine fever,ASF,Russian Federation,RUS,56.0882,47.7703,2024-07-14,2024-08-08,2024-08-14,Sus scrofa (wild boar),261,231,confirmed,synthetic
EMPRESI-ASF-0002688,WAHIS-ASF-ITA-2024-07-01-00,WAHIS,African swine fever,ASF,Italy,ITA,43.4448,10.4747,2024-07-06,2024-08-02,2024-08-14,Sus scrofa domesticus,11,11,confirmed,synthetic
EMPRESI-ASF-0002782,WAHIS-ASF-NLD-2024-07-15-05,WAHIS,African swine fever,ASF,Netherlands,NLD,52.4326,6.496,2024-07-19,2024-08-04,2024-08-15,Sus scrofa (wild boar),173,156,confirmed,synthetic
EMPRESI-ASF-0002699,WAHIS-ASF-HUN-2024-07-01-03,WAHIS,African swine fever,ASF,Hungary,HUN,48.5666,18.8575,2024-07-05,2024-08-06,2024-08-15,Sus scrofa (wild boar),60,49,confirmed,synthetic
EMPRESI-ASF-0002798,WAHIS-ASF-POL-2024-07-15-02,WAHIS,African swine fever,ASF,Poland,POL,50.2961,19.7658,2024-07-19,2024-08-08,2024-08-15,Sus scrofa domesticus,91,81,confirmed,synthetic
EMPRESI-ASF-0002795,WAHIS-ASF-ESP-2024-07-15-01,WAHIS,African swine fever,ASF,Spain,ESP,41.2512,-4.2008,2024-07-17,2024-08-05,2024-08-15,Sus scrofa (wild boar),50,46,confirmed,synthetic
EMPRESI-ASF-0002914,WAHIS-ASF-NLD-2024-07-29-00,WAHIS,African swine fever,ASF,Netherlands,NLD,52.5279,5.2983,2024-07-30,2024-08-09,2024-08-16,Sus scrofa domesticus,136,120,confirmed,synthetic
EMPRESI-ASF-0002762,WAHIS-ASF-MDA-2024-07-08-01,WAHIS,African swine fever,ASF,Moldova,MDA,46.3763,28.0688,2024-07-14,2024-08-10,2024-08-16,Sus scrofa domesticus,62,53,confirmed,synthetic
EMPRESI-ASF-0002790,WAHIS-ASF-ITA-2024-07-15-02,WAHIS,African swine fever,ASF,Italy,ITA,40.6119,13.0776,2024-07-18,2024-08-10,2024-08-16,Sus scrofa domesticus,123,100,confirmed,synthetic
EMPRESI-ASF-0002711,WAHIS-ASF-MDA-2024-07-01-01,WAHIS,African swine fever,ASF,Moldova,MDA,47.0142,28.4392,2024-07-05,2024-08-07,2024-08-16,Sus scrofa domesticus,24,22,confirmed,synthetic
EMPRESI-ASF-0002671,WAHIS-ASF-FRA-2024-07-01-00,WAHIS,African swine fever,ASF,France,FRA,47.0832,5.0095,2024-07-04,2024-08-10,2024-08-16,Sus scrofa domesticus,555,483,confirmed,synthetic
EMPRESI-ASF-0002970,WAHIS-ASF-DEU-2024-08-05-00,WAHIS,African swine fever,ASF,Germany,DEU,49.9175,14.3854,2024-08-05,2024-08-08,2024-08-16,Sus scrofa (wild boar),88,83,confirmed,synthetic
EMPRESI-ASF-0002887,WAHIS-ASF-UKR-2024-07-22-00,WAHIS,African swine fever,ASF,Ukraine,UKR,49.7996,26.8873,2024-07-25,2024-08-09,2024-08-17,Sus scrofa (wild boar),63,55,confirmed,synthetic
EMPRESI-ASF-0002854,WAHIS-ASF-NLD-2024-07-22-03,WAHIS,African swine fever,ASF,Netherlands,NLD,52.9819,6.5473,2024-07-28,2024-08-09,2024-08-17,Sus scrofa (wild boar),238,207,confirmed,synthetic
EMPRESI-ASF-0002928,WAHIS-ASF-POL-2024-07-29-03,WAHIS,African swine fever,ASF,Poland,POL,54.4398,18.0826,2024-07-29,2024-08-11,2024-08-17,Sus scrofa domesticus,55,45,confirmed,synthetic
EMPRESI-ASF-0002886,WAHIS-ASF-SRB-2024-07-22-01,WAHIS,African swine fever,ASF,Serbia,SRB,43.8881,19.7278,2024-07-26,2024-08-11,2024-08-17,Sus scrofa domesticus,138,127,confirmed,synthetic
EMPRESI-ASF-0002832,WAHIS-ASF-RUS-2024-07-15-02,WAHIS,African swine fever,ASF,Russian Federation,RUS,59.9749,50.0063,2024-07-19,2024-08-07,2024-08-17,Sus scrofa (wild boar),200,180,confirmed,synthetic
EMPRESI-ASF-0002796,WAHIS-ASF-POL-2024-07-15-00,WAHIS,African swine fever,ASF,Poland,POL,51.5485,20.4623,2024-07-16,2024-08-05,2024-08-17,Sus scrofa (wild boar),79,66,confirmed,synthetic
EMPRESI-ASF-0002890,WAHIS-ASF-UKR-2024-07-22-03,WAHIS,African swine fever,ASF,Ukraine,UKR,48.4496,27.1699,2024-07-22,2024-08-10,2024-08-18,Sus scrofa domesticus,66,59,confirmed,synthetic
EMPRESI-ASF-0002845,WAHIS-ASF-FRA-2024-07-22-04,WAHIS,African swine fever,ASF,France,FRA,47.9244,1.883,2024-07-27,2024-08-12,2024-08-18,Sus scrofa (wild boar),88,79,confirmed,synthetic
EMPRESI-ASF-0002976,WAHIS-ASF-NLD-2024-08-05-01,WAHIS,African swine fever,ASF,Netherlands,NLD,52.1094,6.7539,2024-08-07,2024-08-11,2024-08-18,Sus scrofa domesticus,255,228,confirmed,synthetic
EMPRESI-ASF-0002912,WAHIS-ASF-DEU-2024-07-29-08,WAHIS,African swine fever,ASF,Germany,DEU,51.8603,9.4735,2024-08-01,2024-08-11,2024-08-18,Sus scrofa (wild boar),112,98,confirmed,synthetic
EMPRESI-ASF-0002889,WAHIS-ASF-UKR-2024-07-22-02,WAHIS,African swine fever,ASF,Ukraine,UKR,46.5591,35.0232,2024-07-28,2024-08-13,2024-08-19,Sus scrofa domesticus,46,43,confirmed,synthetic
EMPRESI-ASF-0002959,WAHIS-ASF-RUS-2024-07-29-01,WAHIS,African swine fever,ASF,Russian Federation,RUS,59.6988,43.3929,2024-07-31,2024-08-08,2024-08-19,Sus scrofa domesticus,70,63,confirmed,synthetic
EMPRESI-ASF-0002828,WAHIS-ASF-MDA-2024-07-15-02,WAHIS,African swine fever,ASF,Moldova,MDA,47.3395,27.2237,2024-07-19,2024-08-12,2024-08-19,Sus scrofa domesticus,223,202,confirmed,synthetic
EMPRESI-ASF-0002975,WAHIS-ASF-NLD-2024-08-05-00,WAHIS,African swine fever,ASF,Netherlands,NLD,52.5294,4.1193,2024-08-05,2024-08-11,2024-08-19,Sus scrofa (wild boar),19,16,confirmed,synthetic
EMPRESI-ASF-0002746,WAHIS-ASF-HUN-2024-07-08-04,WAHIS,African swine fever,ASF,Hungary,HUN,47.4637,19.608,2024-07-10,2024-08-07,2024-08-19,Sus scrofa (wild boar),297,263,confirmed,synthetic
EMPRESI-ASF-0002904,WAHIS-ASF-DEU-2024-07-29-00,WAHIS,African swine fever,ASF,Germany,DEU,53.5838,8.8013,2024-08-04,2024-08-14,2024-08-20,Sus scrofa (wild boar),183,161,confirmed,synthetic
EMPRESI-ASF-0002879,WAHIS-ASF-ROU-2024-07-22-01,WAHIS,African swine fever,ASF,Romania,ROU,43.9765,25.5814,2024-07-28,2024-08-12,2024-08-20,Sus scrofa (wild boar),71,66,confirmed,synthetic
EMPRESI-ASF-0002956,WAHIS-ASF-MDA-2024-07-29-03,WAHIS,African swine fever,ASF,Moldova,MDA,46.6014,28.2464,2024-08-02,2024-08-13,2024-08-20,Sus scrofa domesticus,36,32,confirmed,synthetic
EMPRESI-ASF-0003019,WAHIS-ASF-SRB-2024-08-05-02,WAHIS,African swine fever,ASF,Serbia,SRB,44.6041,20.9429,2024-08-05,2024-08-11,2024-08-20,Sus scrofa domesticus,428,370,confirmed,synthetic
EMPRESI-ASF-0002771,WAHIS-ASF-FRA-2024-07-15-01,WAHIS,African swine fever,ASF,France,FRA,48.4868,3.9396,2024-07-19,2024-08-13,2024-08-20,Sus scrofa (wild boar),134,115,confirmed,synthetic
EMPRESI-ASF-0002866,WAHIS-ASF-POL-2024-07-22-01,WAHIS,African swine fever,ASF,Poland,POL,52.2929,20.0957,2024-07-28,2024-08-10,2024-08-20,Sus scrofa (wild boar),150,128,confirmed,synthetic
EMPRESI-ASF-0002806,WAHIS-ASF-ROU-2024-07-15-00,WAHIS,African swine fever,ASF,Romania,ROU,45.5804,22.5969,2024-07-18,2024-08-09,2024-08-20,Sus scrofa (wild boar),150,137,confirmed,synthetic
EMPRESI-ASF-0002846,WAHIS-ASF-FRA-2024-07-22-05,WAHIS,African swine fever,ASF,France,FRA,49.3432,0.7045,2024-07-28,2024-08-13,2024-08-20,Sus scrofa domesticus,171,148,confirmed,synthetic
EMPRESI-ASF-0002944,WAHIS-ASF-BGR-2024-07-29-00,WAHIS,African swine fever,ASF,Bulgaria,BGR,43.3244,25.42,2024-07-29,2024-08-05,2024-08-20,Sus scrofa domesticus,128,114,confirmed,synthetic
EMPRESI-ASF-0002840,WAHIS-ASF-GEO-2024-07-15-02,WAHIS,African swine fever,ASF,Georgia,GEO,42.4689,43.9233,2024-07-21,2024-08-15,2024-08-21,Sus scrofa domesticus,34,31,confirmed,synthetic
EMPRESI-ASF-0002992,WAHIS-ASF-POL-2024-08-05-00,WAHIS,African swine fever,ASF,Poland,POL,53.7178,18.6129,2024-08-09,2024-08-15,2024-08-21,Sus scrofa domesticus,51,49,confirmed,synthetic
EMPRESI-ASF-0002927,WAHIS-ASF-POL-2024-07-29-02,WAHIS,African swine fever,ASF,Poland,POL,53.6699,20.3893,2024-07-30,2024-08-15,2024-08-21,Sus scrofa (wild boar),105,97,confirmed,synthetic
EMPRESI-ASF-0002906,WAHIS-ASF-DEU-2024-07-29-02,WAHIS,African swine fever,ASF,Germany,DEU,49.0099,10.6426,2024-07-29,2024-08-10,2024-08-21,Sus scrofa domesticus,55,45,confirmed,synthetic
EMPRESI-ASF-0002659,WAHIS-ASF-SRB-2024-06-24-00,WAHIS,African swine fever,ASF,Serbia,SRB,43.4283,21.0929,2024-06-25,2024-08-08,2024-08-21,Sus scrofa (wild boar),105,93,confirmed,synthetic
EMPRESI-ASF-0002988,WAHIS-ASF-ESP-2024-08-05-00,WAHIS,African swine fever,ASF,Spain,ESP,40.1424,-4.7465,2024-08-09,2024-08-16,2024-08-22,Sus scrofa domesticus,52,44,confirmed,synthetic
EMPRESI-ASF-0002824,WAHIS-ASF-UKR-2024-07-15-03,WAHIS,African swine fever,ASF,Ukraine,UKR,48.2173,26.13,2024-07-21,2024-08-16,2024-08-22,Sus scrofa domesticus,143,130,confirmed,synthetic
EMPRESI-ASF-0002826,WAHIS-ASF-MDA-2024-07-15-00,WAHIS,African swine fever,ASF,Moldova,MDA,47.0521,29.6186,2024-07-20,2024-08-13,2024-08-22,Sus scrofa domesticus,64,58,confirmed,synthetic
EMPRESI-ASF-0002859,WAHIS-ASF-ITA-2024-07-22-01,WAHIS,African swine fever,ASF,Italy,ITA,42.8539,14.9732,2024-07-25,2024-08-10,2024-08-22,Sus scrofa (wild boar),66,56,confirmed,synthetic
EMPRESI-ASF-0002925,WAHIS-ASF-POL-2024-07-29-00,WAHIS,African swine fever,ASF,Poland,POL,51.3033,19.6861,2024-08-04,2024-08-15,2024-08-22,Sus scrofa domesticus,132,119,confirmed,synthetic
EMPRESI-ASF-0002903,WAHIS-ASF-FRA-2024-07-29-02,WAHIS,African swine fever,ASF,France,FRA,48.8493,0.6475,2024-07-29,2024-08-14,2024-08-22,Sus scrofa (wild boar),16,14,confirmed,synthetic
EMPRESI-ASF-0002986,WAHIS-ASF-ITA-2024-08-05-02,WAHIS,African swine fever,ASF,Italy,ITA,41.7796,13.7652,2024-08-07,2024-08-14,2024-08-23,Sus scrofa domesticus,34,31,confirmed,synthetic
EMPRESI-ASF-0002935,WAHIS-ASF-HUN-2024-07-29-04,WAHIS,African swine fever,ASF,Hungary,HUN,47.4177,17.408,2024-07-30,2024-08-15,2024-08-23,Sus scrofa (wild boar),14,11,confirmed,synthetic
EMPRESI-ASF-0003018,WAHIS-ASF-SRB-2024-08-05-01,WAHIS,African swine fever,ASF,Serbia,SRB,44.667,19.6367,2024-08-07,2024-08-15,2024-08-23,Sus scrofa (wild boar),37,32,confirmed,synthetic
EMPRESI-ASF-0002770,WAHIS-ASF-FRA-2024-07-15-00,WAHIS,African swine fever,ASF,France,FRA,47.9855,6.4257,2024-07-15,2024-08-16,2024-08-23,Sus scrofa domesticus,146,131,confirmed,synthetic
EMPRESI-ASF-0002965,WAHIS-ASF-FRA-2024-08-05-01,WAHIS,African swine fever,ASF,France,FRA,47.2875,0.0987,2024-08-06,2024-08-09,2024-08-23,Sus scrofa domesticus,313,283,confirmed,synthetic
EMPRESI-ASF-0002843,WAHIS-ASF-FRA-2024-07-22-02,WAHIS,African swine fever,ASF,France,FRA,49.6591,2.0136,2024-07-26,2024-08-16,2024-08-23,Sus scrofa (wild boar),49,42,confirmed,synthetic
EMPRESI-ASF-0003002,WAHIS-ASF-HUN-2024-08-05-04,WAHIS,African swine fever,ASF,Hungary,HUN,46.6004,20.4396,2024-08-11,2024-08-16,2024-08-23,Sus scrofa domesticus,168,137,confirmed,synthetic
EMPRESI-ASF-0002974,WAHIS-ASF-DEU-2024-08-05-04,WAHIS,African swine fever,ASF,Germany,DEU,48.5192,8.4315,2024-08-06,2024-08-19,2024-08-23,Sus scrofa (wild boar),230,200,confirmed,synthetic
EMPRESI-ASF-0002909,WAHIS-ASF-DEU-2024-07-29-05,WAHIS,African swine fever,ASF,Germany,DEU,52.3227,8.9674,2024-08-01,2024-08-15,2024-08-24,Sus scrofa domesticus,205,177,confirmed,synthetic
EMPRESI-ASF-0002764,WAHIS-ASF-MDA-2024-07-08-03,WAHIS,African swine fever,ASF,Moldova,MDA,46.3719,27.9096,2024-07-10,2024-08-17,2024-08-24,Sus scrofa domesticus,65,60,confirmed,synthetic
EMPRESI-ASF-0002765,WAHIS-ASF-RUS-2024-07-08-00,WAHIS,African swine fever,ASF,Russian Federation,RUS,53.1491,44.9423,2024-07-09,2024-08-18,2024-08-24,Sus scrofa domesticus,86,76,confirmed,synthetic
EMPRESI-ASF-0002930,WAHIS-ASF-POL-2024-07-29-05,WAHIS,African swine fever,ASF,Poland,POL,53.2168,16.4306,2024-07-30,2024-08-14,2024-08-24,Sus scrofa (wild boar),8,7,confirmed,synthetic
EMPRESI-ASF-0002932,WAHIS-ASF-HUN-2024-07-29-01,WAHIS,African swine fever,ASF,Hungary,HUN,46.0212,18.4912,2024-07-31,2024-08-13,2024-08-24,Sus scrofa domesticus,95,84,confirmed,synthetic
EMPRESI-ASF-0002853,WAHIS-ASF-NLD-2024-07-22-02,WAHIS,African swine fever,ASF,Netherlands,NLD,52.466,6.3721,2024-07-26,2024-08-15,2024-08-24,Sus scrofa domesticus,46,40,confirmed,synthetic
EMPRESI-ASF-0002946,WAHIS-ASF-BGR-2024-07-29-02,WAHIS,African swine fever,ASF,Bulgaria,BGR,42.9586,27.2711,2024-08-03,2024-08-17,2024-08-24,Sus scrofa domesticus,28,25,confirmed,synthetic
EMPRESI-ASF-0002967,WAHIS-ASF-FRA-2024-08-05-03,WAHIS,African swine fever,ASF,France,FRA,49.6503,-0.2647,2024-08-05,2024-08-14,2024-08-24,Sus scrofa (wild boar),306,263,confirmed,synthetic
EMPRESI-ASF-0002957,WAHIS-ASF-MDA-2024-07-29-04,WAHIS,African swine fever,ASF,Moldova,MDA,47.9989,28.5516,2024-07-30,2024-08-18,2024-08-24,Sus scrofa domesticus,34,30,confirmed,synthetic
EMPRESI-ASF-0003071,WAHIS-ASF-POL-2024-08-12-04,WAHIS,African swine fever,ASF,Poland,POL,52.559,16.559,2024-08-16,2024-08-18,2024-08-25,Sus scrofa domesticus,95,76,confirmed,synthetic
EMPRESI-ASF-0002949,WAHIS-ASF-SRB-2024-07-29-02,WAHIS,African swine fever,ASF,Serbia,SRB,45.4889,21.0119,2024-08-04,2024-08-18,2024-08-25,Sus scrofa (wild boar),78,74,confirmed,synthetic
EMPRESI-ASF-0002908,WAHIS-ASF-DEU-2024-07-29-04,WAHIS,African swine fever,ASF,Germany,DEU,52.3989,14.0589,2024-07-30,2024-08-15,2024-08-25,Sus scrofa domesticus,92,81,confirmed,synthetic
EMPRESI-ASF-0002972,WAHIS-ASF-DEU-2024-08-05-02,WAHIS,African swine fever,ASF,Germany,DEU,51.5097,6.5986,2024-08-09,2024-08-15,2024-08-25,Sus scrofa (wild boar),85,79,confirmed,synthetic
EMPRESI-ASF-0002760,WAHIS-ASF-UKR-2024-07-08-03,WAHIS,African swine fever,ASF,Ukraine,UKR,52.1032,32.2267,2024-07-12,2024-08-17,2024-08-25,Sus scrofa (wild boar),52,46,confirmed,synthetic
EMPRESI-ASF-0002856,WAHIS-ASF-BEL-2024-07-22-00,WAHIS,African swine fever,ASF,Belgium,BEL,50.4078,5.487,2024-07-28,2024-08-19,2024-08-25,Sus scrofa (wild boar),330,292,confirmed,synthetic
EMPRESI-ASF-0002983,WAHIS-ASF-BEL-2024-08-05-04,WAHIS,African swine fever,ASF,Belgium,BEL,51.2079,4.8542,2024-08-09,2024-08-15,2024-08-26,Sus scrofa domesticus,247,220,confirmed,synthetic
EMPRESI-ASF-0002755,WAHIS-ASF-SRB-2024-07-08-02,WAHIS,African swine fever,ASF,Serbia,SRB,43.8898,22.2294,2024-07-13,2024-08-16,2024-08-26,Sus scrofa (wild boar),68,59,confirmed,synthetic
EMPRESI-ASF-0002802,WAHIS-ASF-HUN-2024-07-15-02,WAHIS,African swine fever,ASF,Hungary,HUN,46.784,18.3016,2024-07-19,2024-08-17,2024-08-26,Sus scrofa (wild boar),80,73,confirmed,synthetic
EMPRESI-ASF-0003010,WAHIS-ASF-ROU-2024-08-05-03,WAHIS,African swine fever,ASF,Romania,ROU,47.0392,27.6459,2024-08-06,2024-08-16,2024-08-26,Sus scrofa domesticus,254,226,confirmed,synthetic
EMPRESI-ASF-0002851,WAHIS-ASF-NLD-2024-07-22-00,WAHIS,African swine fever,ASF,Netherlands,NLD,52.2585,6.2797,2024-07-24,2024-08-15,2024-08-26,Sus scrofa domesticus,149,124,confirmed,synthetic
EMPRESI-ASF-0002848,WAHIS-ASF-DEU-2024-07-22-01,WAHIS,African swine fever,ASF,Germany,DEU,52.4011,6.2278,2024-07-22,2024-08-17,2024-08-26,Sus scrofa domesticus,121,105,confirmed,synthetic
EMPRESI-ASF-0002911,WAHIS-ASF-DEU-2024-07-29-07,WAHIS,African swine fever,ASF,Germany,DEU,51.6487,13.8613,2024-08-01,2024-08-17,2024-08-26,Sus scrofa domesticus,115,102,confirmed,synthetic
EMPRESI-ASF-0002842,WAHIS-ASF-FRA-2024-07-22-01,WAHIS,African swine fever,ASF,France,FRA,43.2821,2.5637,2024-07-27,2024-08-21,2024-08-26,Sus scrofa (wild boar),226,197,confirmed,synthetic
EMPRESI-ASF-0002994,WAHIS-ASF-POL-2024-08-05-02,WAHIS,African swine fever,ASF,Poland,POL,50.8983,18.7731,2024-08-06,2024-08-21,2024-08-27,Sus scrofa (wild boar),79,70,confirmed,synthetic
EMPRESI-ASF-0002960,WAHIS-ASF-TUR-2024-07-29-00,WAHIS,African swine fever,ASF,Türkiye,TUR,35.9919,34.5928,2024-08-04,2024-08-18,2024-08-27,Sus scrofa domesticus,69,62,confirmed,synthetic
EMPRESI-ASF-0002951,WAHIS-ASF-UKR-2024-07-29-01,WAHIS,African swine fever,ASF,Ukraine,UKR,48.4362,33.0831,2024-08-01,2024-08-14,2024-08-27,Sus scrofa domesticus,215,195,confirmed,synthetic
EMPRESI-ASF-0003005,WAHIS-ASF-HUN-2024-08-05-07,WAHIS,African swine fever,ASF,Hungary,HUN,47.6299,19.2431,2024-08-10,2024-08-22,2024-08-27,Sus scrofa domesticus,59,56,confirmed,synthetic
EMPRESI-ASF-0002895,WAHIS-ASF-RUS-2024-07-22-00,WAHIS,African swine fever,ASF,Russian Federation,RUS,61.4669,47.2618,2024-07-28,2024-08-18,2024-08-27,Sus scrofa (wild boar),49,45,confirmed,synthetic
EMPRESI-ASF-0002916,WAHIS-ASF-NLD-2024-07-29-02,WAHIS,African swine fever,ASF,Netherlands,NLD,51.9306,4.5007,2024-08-04,2024-08-20,2024-08-27,Sus scrofa domesticus,12,10,confirmed,synthetic
EMPRESI-ASF-0002705,WAHIS-ASF-BGR-2024-07-01-01,WAHIS,African swine fever,ASF,Bulgaria,BGR,43.1843,23.7383,2024-07-05,2024-08-16,2024-08-27,Sus scrofa (wild boar),162,148,confirmed,synthetic
EMPRESI-ASF-0003053,WAHIS-ASF-BEL-2024-08-12-08,WAHIS,African swine fever,ASF,Belgium,BEL,49.9533,5.537,2024-08-15,2024-08-21,2024-08-27,Sus scrofa (wild boar),333,293,confirmed,synthetic
EMPRESI-ASF-0003032,WAHIS-ASF-DEU-2024-08-12-00,WAHIS,African swine fever,ASF,Germany,DEU,50.4616,6.1038,2024-08-17,2024-08-24,2024-08-27,Sus scrofa (wild boar),288,256,confirmed,synthetic
EMPRESI-ASF-0003027,WAHIS-ASF-TUR-2024-08-05-01,WAHIS,African swine fever,ASF,Türkiye,TUR,40.6197,31.023,2024-08-08,2024-08-19,2024-08-27,Sus scrofa (wild boar),153,137,confirmed,synthetic
EMPRESI-ASF-0003034,WAHIS-ASF-DEU-2024-08-12-02,WAHIS,African swine fever,ASF,Germany,DEU,52.47,11.6041,2024-08-16,2024-08-19,2024-08-28,Sus scrofa domesticus,212,200,confirmed,synthetic
EMPRESI-ASF-0002913,WAHIS-ASF-DEU-2024-07-29-09,WAHIS,African swine fever,ASF,Germany,DEU,52.4566,6.614,2024-07-31,2024-08-23,2024-08-28,Sus scrofa domesticus,131,121,confirmed,synthetic
EMPRESI-ASF-0002984,WAHIS-ASF-ITA-2024-08-05-00,WAHIS,African swine fever,ASF,Italy,ITA,42.9603,15.7249,2024-08-08,2024-08-20,2024-08-28,Sus scrofa (wild boar),351,315,confirmed,synthetic
EMPRESI-ASF-0002750,WAHIS-ASF-ROU-2024-07-08-03,WAHIS,African swine fever,ASF,Romania,ROU,46.8734,27.416,2024-07-10,2024-08-22,2024-08-28,Sus scrofa domesticus,12,9,confirmed,synthetic
EMPRESI-ASF-0003020,WAHIS-ASF-UKR-2024-08-05-00,WAHIS,African swine fever,ASF,Ukraine,UKR,45.2722,30.3732,2024-08-06,2024-08-17,2024-08-28,Sus scrofa (wild boar),19,17,confirmed,synthetic
EMPRESI-ASF-0003025,WAHIS-ASF-RUS-2024-08-05-00,WAHIS,African swine fever,ASF,Russian Federation,RUS,55.3588,54.1799,2024-08-10,2024-08-24,2024-08-28,Sus scrofa domesticus,62,55,confirmed,synthetic
EMPRESI-ASF-0002870,WAHIS-ASF-POL-2024-07-22-05,WAHIS,African swine fever,ASF,Poland,POL,51.6257,22.38,2024-07-27,2024-08-17,2024-08-28,Sus scrofa (wild boar),114,103,confirmed,synthetic
EMPRESI-ASF-0002933,WAHIS-ASF-HUN-2024-07-29-02,WAHIS,African swine fever,ASF,Hungary,HUN,46.5558,21.0179,2024-08-01,2024-08-23,2024-08-29,Sus scrofa (wild boar),35,29,confirmed,synthetic
EMPRESI-ASF-0003095,WAHIS-ASF-GEO-2024-08-12-03,WAHIS,African swine fever,ASF,Georgia,GEO,43.1978,43.4915,2024-08-12,2024-08-24,2024-08-29,Sus scrofa domesticus,132,110,confirmed,synthetic
EMPRESI-ASF-0002939,WAHIS-ASF-ROU-2024-07-29-00,WAHIS,African swine fever,ASF,Romania,ROU,43.8406,23.7735,2024-07-30,2024-08-25,2024-08-29,Sus scrofa (wild boar),58,52,confirmed,synthetic
EMPRESI-ASF-0003029,WAHIS-ASF-GEO-2024-08-05-01,WAHIS,African swine fever,ASF,Georgia,GEO,41.9511,44.8753,2024-08-09,2024-08-24,2024-08-29,Sus scrofa domesticus,97,90,confirmed,synthetic
EMPRESI-ASF-0003088,WAHIS-ASF-SRB-2024-08-12-02,WAHIS,African swine fever,ASF,Serbia,SRB,44.8799,19.7886,2024-08-13,2024-08-23,2024-08-29,Sus scrofa domesticus,61,52,confirmed,synthetic
EMPRESI-ASF-0002968,WAHIS-ASF-FRA-2024-08-05-04,WAHIS,African swine fever,ASF,France,FRA,49.2512,0.3363,2024-08-11,2024-08-22,2024-08-29,Sus scrofa (wild boar),185,166,confirmed,synthetic
EMPRESI-ASF-0002884,WAHIS-ASF-BGR-2024-07-22-01,WAHIS,African swine fever,ASF,Bulgaria,BGR,41.2667,24.9955,2024-07-28,2024-08-20,2024-08-29,Sus scrofa (wild boar),85,70,confirmed,synthetic
EMPRESI-ASF-0003064,WAHIS-ASF-ITA-2024-08-12-07,WAHIS,African swine fever,ASF,Italy,ITA,43.5898,13.6547,2024-08-13,2024-08-20,2024-08-29,Sus scrofa (wild boar),20,18,confirmed,synthetic
EMPRESI-ASF-0003014,WAHIS-ASF-BGR-2024-08-05-00,WAHIS,African swine fever,ASF,Bulgaria,BGR,43.3788,27.1458,2024-08-08,2024-08-23,2024-08-30,Sus scrofa (wild boar),160,138,confirmed,synthetic
EMPRESI-ASF-0003001,WAHIS-ASF-HUN-2024-08-05-03,WAHIS,African swine fever,ASF,Hungary,HUN,47.6625,20.7367,2024-08-06,2024-08-19,2024-08-30,Sus scrofa domesticus,146,121,confirmed,synthetic
EMPRESI-ASF-0002991,WAHIS-ASF-ESP-2024-08-05-03,WAHIS,African swine fever,ASF,Spain,ESP,37.3876,-2.4588,2024-08-06,2024-08-21,2024-08-30,Sus scrofa (wild boar),23,21,confirmed,synthetic
EMPRESI-ASF-0003080,WAHIS-ASF-ROU-2024-08-12-01,WAHIS,African swine fever,ASF,Romania,ROU,47.2112,25.4144,2024-08-18,2024-08-23,2024-08-31,Sus scrofa (wild boar),22,18,confirmed,synthetic
EMPRESI-ASF-0002700,WAHIS-ASF-ROU-2024-07-01-00,WAHIS,African swine fever,ASF,Romania,ROU,48.1102,23.5109,2024-07-01,2024-08-22,2024-08-31,Sus scrofa (wild boar),155,136,confirmed,synthetic
EMPRESI-ASF-0002877,WAHIS-ASF-HUN-2024-07-22-06,WAHIS,African swine fever,ASF,Hungary,HUN,46.7922,17.3544,2024-07-28,2024-08-22,2024-08-31,Sus scrofa (wild boar),108,94,confirmed,synthetic
EMPRESI-ASF-0002980,WAHIS-ASF-BEL-2024-08-05-01,WAHIS,African swine fever,ASF,Belgium,BEL,49.8243,4.0782,2024-08-08,2024-08-21,2024-08-31,Sus scrofa domesticus,32,26,confirmed,synthetic
EMPRESI-ASF-0002966,WAHIS-ASF-FRA-2024-08-05-02,WAHIS,African swine fever,ASF,France,FRA,46.917,-2.2633,2024-08-10,2024-08-24,2024-08-31,Sus scrofa (wild boar),7,5,confirmed,synthetic
EMPRESI-ASF-0003042,WAHIS-ASF-NLD-2024-08-12-02,WAHIS,African swine fever,ASF,Netherlands,NLD,52.0811,6.1814,2024-08-15,2024-08-22,2024-08-31,Sus scrofa (wild boar),149,134,confirmed,synthetic
EMPRESI-ASF-0002969,WAHIS-ASF-FRA-2024-08-05-05,WAHIS,African swine fever,ASF,France,FRA,49.7144,-0.4346,2024-08-06,2024-08-20,2024-08-31,Sus scrofa (wild boar),43,39,confirmed,synthetic
EMPRESI-ASF-0003056,WAHIS-ASF-BEL-2024-08-12-11,WAHIS,African swine fever,ASF,Belgium,BEL,51.3372,5.2179,2024-08-12,2024-08-23,2024-09-01,Sus scrofa (wild boar),27,25,confirmed,synthetic
EMPRESI-ASF-0002993,WAHIS-ASF-POL-2024-08-05-01,WAHIS,African swine fever,ASF,Poland,POL,52.7818,18.3423,2024-08-08,2024-08-27,2024-09-01,Sus scrofa (wild boar),5,5,confirmed,synthetic
EMPRESI-ASF-0003075,WAHIS-ASF-HUN-2024-08-12-02,WAHIS,African swine fever,ASF,Hungary,HUN,46.9256,19.4661,2024-08-12,2024-08-23,2024-09-01,Sus scrofa domesticus,160,143,confirmed,synthetic
EMPRESI-ASF-0003074,WAHIS-ASF-HUN-2024-08-12-01,WAHIS,African swine fever,ASF,Hungary,HUN,47.7483,19.4461,2024-08-15,2024-08-27,2024-09-01,Sus scrofa domesticus,410,371,confirmed,synthetic
EMPRESI-ASF-0003033,WAHIS-ASF-DEU-2024-08-12-01,WAHIS,African swine fever,ASF,Germany,DEU,49.8114,13.8236,2024-08-15,2024-08-23,2024-09-01,Sus scrofa (wild boar),74,61,confirmed,synthetic
EMPRESI-ASF-0002905,WAHIS-ASF-DEU-2024-07-29-01,WAHIS,African swine fever,ASF,Germany,DEU,53.1446,11.2223,2024-07-31,2024-08-21,2024-09-01,Sus scrofa (wild boar),48,41,confirmed,synthetic
EMPRESI-ASF-0003031,WAHIS-ASF-FRA-2024-08-12-01,WAHIS,African swine fever,ASF,France,FRA,45.9769,-1.2719,2024-08-12,2024-08-24,2024-09-01,Sus scrofa (wild boar),56,51,confirmed,synthetic
EMPRESI-ASF-0002738,WAHIS-ASF-POL-2024-07-08-02,WAHIS,African swine fever,ASF,Poland,POL,50.7676,23.2103,2024-07-13,2024-08-26,2024-09-01,Sus scrofa (wild boar),137,116,confirmed,synthetic
EMPRESI-ASF-0002919,WAHIS-ASF-BEL-2024-07-29-02,WAHIS,African swine fever,ASF,Belgium,BEL,50.0231,3.635,2024-08-02,2024-08-28,2024-09-01,Sus scrofa domesticus,253,232,confirmed,synthetic
EMPRESI-ASF-0002663,WAHIS-ASF-UKR-2024-06-24-01,WAHIS,African swine fever,ASF,Ukraine,UKR,45.9985,31.8482,2024-06-29,2024-08-24,2024-09-02,Sus scrofa (wild boar),216,185,confirmed,synthetic
EMPRESI-ASF-0003124,WAHIS-ASF-BEL-2024-08-19-05,WAHIS,African swine fever,ASF,Belgium,BEL,51.1787,3.7633,2024-08-19,2024-08-23,2024-09-02,Sus scrofa (wild boar),61,52,confirmed,synthetic
EMPRESI-ASF-0002899,WAHIS-ASF-EGY-2024-07-22-00,WAHIS,African swine fever,ASF,Egypt,EGY,27.1872,31.2865,2024-07-24,2024-08-29,2024-09-02,Sus scrofa (wild boar),255,234,confirmed,synthetic
EMPRESI-ASF-0002728,WAHIS-ASF-NLD-2024-07-08-01,WAHIS,African swine fever,ASF,Netherlands,NLD,51.6096,5.9642,2024-07-12,2024-08-23,2024-09-02,Sus scrofa domesticus,122,108,confirmed,synthetic
EMPRESI-ASF-0003013,WAHIS-ASF-ROU-2024-08-05-06,WAHIS,African swine fever,ASF,Romania,ROU,47.285,26.5411,2024-08-07,2024-08-24,2024-09-02,Sus scrofa (wild boar),184,158,confirmed,synthetic
EMPRESI-ASF-0002761,WAHIS-ASF-MDA-2024-07-08-00,WAHIS,African swine fever,ASF,Moldova,MDA,47.4908,27.3244,2024-07-08,2024-08-23,2024-09-02,Sus scrofa (wild boar),20,17,confirmed,synthetic
EMPRESI-ASF-0003048,WAHIS-ASF-BEL-2024-08-12-03,WAHIS,African swine fever,ASF,Belgium,BEL,50.2294,5.7276,2024-08-13,2024-08-25,2024-09-02,Sus scrofa domesticus,106,93,confirmed,synthetic
EMPRESI-ASF-0003119,WAHIS-ASF-BEL-2024-08-19-00,WAHIS,African swine fever,ASF,Belgium,BEL,51.2318,4.2068,2024-08-23,2024-08-25,2024-09-02,Sus scrofa (wild boar),75,71,confirmed,synthetic
EMPRESI-ASF-0002996,WAHIS-ASF-POL-2024-08-05-04,WAHIS,African swine fever,ASF,Poland,POL,52.164,19.4526,2024-08-07,2024-08-28,2024-09-03,Sus scrofa (wild boar),15,14,confirmed,synthetic
EMPRESI-ASF-0003015,WAHIS-ASF-BGR-2024-08-05-01,WAHIS,African swine fever,ASF,Bulgaria,BGR,43.3781,25.9226,2024-08-10,2024-08-27,2024-09-03,Sus scrofa domesticus,3,2,confirmed,synthetic
EMPRESI-ASF-0003087,WAHIS-ASF-SRB-2024-08-12-01,WAHIS,African swine fever,ASF,Serbia,SRB,44.4375,19.687,2024-08-15,2024-08-26,2024-09-03,Sus scrofa domesticus,89,83,confirmed,synthetic
EMPRESI-ASF-0003116,WAHIS-ASF-NLD-2024-08-19-05,WAHIS,African swine fever,ASF,Netherlands,NLD,52.9575,5.3402,2024-08-20,2024-08-29,2024-09-03,Sus scrofa (wild boar),50,44,confirmed,synthetic
EMPRESI-ASF-0003091,WAHIS-ASF-RUS-2024-08-12-00,WAHIS,African swine fever,ASF,Russian Federation,RUS,55.9447,54.4329,2024-08-14,2024-08-21,2024-09-03,Sus scrofa domesticus,9,8,confirmed,synthetic
EMPRESI-ASF-0002864,WAHIS-ASF-ESP-2024-07-22-01,WAHIS,African swine fever,ASF,Spain,ESP,40.0209,-2.7935,2024-07-27,2024-08-19,2024-09-03,Sus scrofa (wild boar),264,239,confirmed,synthetic
EMPRESI-ASF-0003003,WAHIS-ASF-HUN-2024-08-05-05,WAHIS,African swine fever,ASF,Hungary,HUN,47.5812,19.0503,2024-08-07,2024-08-24,2024-09-04,Sus scrofa (wild boar),148,133,confirmed,synthetic
EMPRESI-ASF-0003036,WAHIS-ASF-DEU-2024-08-12-04,WAHIS,African swine fever,ASF,Germany,DEU,50.6602,15.0702,2024-08-15,2024-08-27,2024-09-04,Sus scrofa (wild boar),178,149,confirmed,synthetic
EMPRESI-ASF-0003089,WAHIS-ASF-UKR-2024-08-12-00,WAHIS,African swine fever,ASF,Ukraine,UKR,50.7894,28.7923,2024-08-16,2024-08-29,2024-09-04,Sus scrofa (wild boar),246,224,confirmed,synthetic
EMPRESI-ASF-0002982,WAHIS-ASF-BEL-2024-08-05-03,WAHIS,African swine fever,ASF,Belgium,BEL,50.849,4.8136,2024-08-05,2024-08-21,2024-09-04,Sus scrofa (wild boar),109,95,confirmed,synthetic
EMPRESI-ASF-0003147,WAHIS-ASF-ROU-2024-08-19-04,WAHIS,African swine fever,ASF,Romania,ROU,46.3997,25.4634,2024-08-20,2024-08-28,2024-09-04,Sus scrofa domesticus,258,227,confirmed,synthetic
EMPRESI-ASF-0003046,WAHIS-ASF-BEL-2024-08-12-01,WAHIS,African swine fever,ASF,Belgium,BEL,50.3245,5.9205,2024-08-18,2024-08-27,2024-09-04,Sus scrofa (wild boar),295,270,confirmed,synthetic
EMPRESI-ASF-0003017,WAHIS-ASF-SRB-2024-08-05-00,WAHIS,African swine fever,ASF,Serbia,SRB,43.1167,21.1734,2024-08-09,2024-08-27,2024-09-04,Sus scrofa (wild boar),144,130,confirmed,synthetic
EMPRESI-ASF-0003067,WAHIS-ASF-POL-2024-08-12-00,WAHIS,African swine fever,ASF,Poland,POL,50.8068,20.3848,2024-08-18,2024-08-26,2024-09-04,Sus scrofa domesticus,258,224,confirmed,synthetic
EMPRESI-ASF-0003000,WAHIS-ASF-HUN-2024-08-05-02,WAHIS,African swine fever,ASF,Hungary,HUN,46.4687,18.2154,2024-08-06,2024-09-01,2024-09-05,Sus scrofa domesticus,16,14,confirmed,synthetic
EMPRESI-ASF-0003006,WAHIS-ASF-HUN-2024-08-05-08,WAHIS,African swine fever,ASF,Hungary,HUN,46.7215,17.6628,2024-08-08,2024-08-30,2024-09-05,Sus scrofa domesticus,7,7,confirmed,synthetic
EMPRESI-ASF-0003103,WAHIS-ASF-FRA-2024-08-19-03,WAHIS,African swine fever,ASF,France,FRA,47.4008,-0.8858,2024-08-22,2024-08-26,2024-09-05,Sus scrofa domesticus,88,76,confirmed,synthetic
EMPRESI-ASF-0003051,WAHIS-ASF-BEL-2024-08-12-06,WAHIS,African swine fever,ASF,Belgium,BEL,50.0218,4.1759,2024-08-15,2024-08-26,2024-09-05,Sus scrofa (wild boar),62,59,confirmed,synthetic
EMPRESI-ASF-0003007,WAHIS-ASF-ROU-2024-08-05-00,WAHIS,African swine fever,ASF,Romania,ROU,46.0593,24.6523,2024-08-09,2024-08-30,2024-09-06,Sus scrofa (wild boar),77,65,confirmed,synthetic
EMPRESI-ASF-0002952,WAHIS-ASF-UKR-2024-07-29-02,WAHIS,African swine fever,ASF,Ukraine,UKR,47.8865,36.5974,2024-07-30,2024-08-29,2024-09-06,Sus scrofa (wild boar),158,143,confirmed,synthetic
EMPRESI-ASF-0003024,WAHIS-ASF-MDA-2024-08-05-02,WAHIS,African swine fever,ASF,Moldova,MDA,47.19,27.6017,2024-08-11,2024-08-29,2024-09-06,Sus scrofa domesticus,75,65,confirmed,synthetic
EMPRESI-ASF-0003097,WAHIS-ASF-GEO-2024-08-12-05,WAHIS,African swine fever,ASF,Georgia,GEO,41.2125,43.0087,2024-08-13,2024-08-30,2024-09-06,Sus scrofa (wild boar),40,35,confirmed,synthetic
EMPRESI-ASF-0003030,WAHIS-ASF-FRA-2024-08-12-00,WAHIS,African swine fever,ASF,France,FRA,46.7741,3.0742,2024-08-12,2024-08-30,2024-09-06,Sus scrofa domesticus,80,64,confirmed,synthetic
EMPRESI-ASF-0003068,WAHIS-ASF-POL-2024-08-12-01,WAHIS,African swine fever,ASF,Poland,POL,49.5319,18.5524,2024-08-14,2024-08-27,2024-09-06,Sus scrofa (wild boar),13,12,confirmed,synthetic
EMPRESI-ASF-0002998,WAHIS-ASF-HUN-2024-08-05-00,WAHIS,African swine fever,ASF,Hungary,HUN,48.0475,21.0629,2024-08-07,2024-08-26,2024-09-06,Sus scrofa (wild boar),28,25,confirmed,synthetic
EMPRESI-ASF-0002915,WAHIS-ASF-NLD-2024-07-29-01,WAHIS,African swine fever,ASF,Netherlands,NLD,52.7693,4.8579,2024-08-03,2024-08-27,2024-09-06,Sus scrofa domesticus,233,207,confirmed,synthetic
EMPRESI-ASF-0003059,WAHIS-ASF-ITA-2024-08-12-02,WAHIS,African swine fever,ASF,Italy,ITA,43.3856,15.8794,2024-08-12,2024-08-30,2024-09-07,Sus scrofa domesticus,108,93,confirmed,synthetic
EMPRESI-ASF-0003149,WAHIS-ASF-BGR-2024-08-19-01,WAHIS,African swine fever,ASF,Bulgaria,BGR,43.3567,24.6953,2024-08-21,2024-08-30,2024-09-07,Sus scrofa domesticus,26,23,confirmed,synthetic
EMPRESI-ASF-0003093,WAHIS-ASF-GEO-2024-08-12-01,WAHIS,African swine fever,ASF,Georgia,GEO,42.8629,43.6266,2024-08-13,2024-08-31,2024-09-08,Sus scrofa domesticus,10,10,confirmed,synthetic
EMPRESI-ASF-0002907,WAHIS-ASF-DEU-2024-07-29-03,WAHIS,African swine fever,ASF,Germany,DEU,53.8446,8.6639,2024-08-02,2024-08-30,2024-09-08,Sus scrofa domesticus,11,10,confirmed,synthetic
EMPRESI-ASF-0003126,WAHIS-ASF-ESP-2024-08-19-01,WAHIS,African swine fever,ASF,Spain,ESP,41.299,-7.428,2024-08-25,2024-09-02,2024-09-08,Sus scrofa (wild boar),7,7,confirmed,synthetic
EMPRESI-ASF-0003145,WAHIS-ASF-ROU-2024-08-19-02,WAHIS,African swine fever,ASF,Romania,ROU,46.6057,25.911,2024-08-24,2024-08-31,2024-09-08,Sus scrofa (wild boar),47,39,confirmed,synthetic
EMPRESI-ASF-0003044,WAHIS-ASF-NLD-2024-08-12-04,WAHIS,African swine fever,ASF,Netherlands,NLD,51.388,5.7707,2024-08-17,2024-08-30,2024-09-08,Sus scrofa (wild boar),81,75,confirmed,synthetic
EMPRESI-ASF-0002897,WAHIS-ASF-GEO-2024-07-22-00,WAHIS,African swine fever,ASF,Georgia,GEO,41.9138,43.2107,2024-07-22,2024-08-29,2024-09-08,Sus scrofa (wild boar),111,100,confirmed,synthetic
EMPRESI-ASF-0003092,WAHIS-ASF-GEO-2024-08-12-00,WAHIS,African swine fever,ASF,Georgia,GEO,41.5676,41.99,2024-08-17,2024-09-02,2024-09-08,Sus scrofa (wild boar),97,85,confirmed,synthetic
EMPRESI-ASF-0003144,WAHIS-ASF-ROU-2024-08-19-01,WAHIS,African swine fever,ASF,Romania,ROU,45.6538,26.4968,2024-08-25,2024-08-31,2024-09-08,Sus scrofa (wild boar),73,65,confirmed,synthetic
EMPRESI-ASF-0002852,WAHIS-ASF-NLD-2024-07-22-01,WAHIS,African swine fever,ASF,Netherlands,NLD,53.0405,4.7429,2024-07-22,2024-09-02,2024-09-09,Sus scrofa domesticus,224,196,confirmed,synthetic
EMPRESI-ASF-0003143,WAHIS-ASF-ROU-2024-08-19-00,WAHIS,African swine fever,ASF,Romania,ROU,47.7785,25.5657,2024-08-23,2024-08-28,2024-09-09,Sus scrofa (wild boar),254,221,confirmed,synthetic
EMPRESI-ASF-0002901,WAHIS-ASF-FRA-2024-07-29-00,WAHIS,African swine fever,ASF,France,FRA,47.596,1.8481,2024-08-04,2024-08-27,2024-09-09,Sus scrofa domesticus,70,62,confirmed,synthetic
EMPRESI-ASF-0002867,WAHIS-ASF-POL-2024-07-22-02,WAHIS,African swine fever,ASF,Poland,POL,52.2962,17.0734,2024-07-22,2024-09-04,2024-09-09,Sus scrofa (wild boar),493,440,confirmed,synthetic
EMPRESI-ASF-0002733,WAHIS-ASF-BEL-2024-07-08-02,WAHIS,African swine fever,ASF,Belgium,BEL,50.7691,4.2125,2024-07-08,2024-08-29,2024-09-09,Sus scrofa domesticus,70,68,confirmed,synthetic
EMPRESI-ASF-0003105,WAHIS-ASF-DEU-2024-08-19-01,WAHIS,African swine fever,ASF,Germany,DEU,50.3674,12.6252,2024-08-23,2024-09-02,2024-09-09,Sus scrofa domesticus,93,73,confirmed,synthetic
EMPRESI-ASF-0003165,WAHIS-ASF-FRA-2024-08-26-03,WAHIS,African swine fever,ASF,France,FRA,48.7239,6.9085,2024-08-27,2024-09-02,2024-09-10,Sus scrofa (wild boar),123,108,confirmed,synthetic
EMPRESI-ASF-0003101,WAHIS-ASF-FRA-2024-08-19-01,WAHIS,African swine fever,ASF,France,FRA,45.5989,-2.5963,2024-08-25,2024-09-05,2024-09-10,Sus scrofa domesticus,10,10,confirmed,synthetic
EMPRESI-ASF-0003041,WAHIS-ASF-NLD-2024-08-12-01,WAHIS,African swine fever,ASF,Netherlands,NLD,51.4319,5.1522,2024-08-18,2024-08-31,2024-09-10,Sus scrofa domesticus,13,11,confirmed,synthetic
EMPRESI-ASF-0003114,WAHIS-ASF-NLD-2024-08-19-03,WAHIS,African swine fever,ASF,Netherlands,NLD,51.974,5.7504,2024-08-24,2024-08-31,2024-09-10,Sus scrofa (wild boar),133,110,confirmed,synthetic
EMPRESI-ASF-0003045,WAHIS-ASF-BEL-2024-08-12-00,WAHIS,African swine fever,ASF,Belgium,BEL,50.8265,3.6684,2024-08-13,2024-09-02,2024-09-10,Sus scrofa (wild boar),10,10,confirmed,synthetic
EMPRESI-ASF-0003127,WAHIS-ASF-ESP-2024-08-19-02,WAHIS,African swine fever,ASF,Spain,ESP,41.4455,-6.4101,2024-08-23,2024-08-31,2024-09-10,Sus scrofa domesticus,106,97,confirmed,synthetic
EMPRESI-ASF-0003061,WAHIS-ASF-ITA-2024-08-12-04,WAHIS,African swine fever,ASF,Italy,ITA,43.3983,12.9098,2024-08-16,2024-09-03,2024-09-11,Sus scrofa domesticus,54,44,confirmed,synthetic
EMPRESI-ASF-0003211,WAHIS-ASF-RUS-2024-08-26-00,WAHIS,African swine fever,ASF,Russian Federation,RUS,51.0057,51.1022,2024-08-31,2024-09-07,2024-09-11,Sus scrofa domesticus,64,62,confirmed,synthetic
EMPRESI-ASF-0003035,WAHIS-ASF-DEU-2024-08-12-03,WAHIS,African swine fever,ASF,Germany,DEU,49.4966,11.7958,2024-08-17,2024-08-30,2024-09-11,Sus scrofa (wild boar),67,59,confirmed,synthetic
EMPRESI-ASF-0002937,WAHIS-ASF-HUN-2024-07-29-06,WAHIS,African swine fever,ASF,Hungary,HUN,46.4458,21.4854,2024-08-01,2024-08-31,2024-09-11,Sus scrofa domesticus,30,27,confirmed,synthetic
EMPRESI-ASF-0002973,WAHIS-ASF-DEU-2024-08-05-03,WAHIS,African swine fever,ASF,Germany,DEU,52.9339,12.5869,2024-08-11,2024-09-06,2024-09-12,Sus scrofa domesticus,219,196,confirmed,synthetic
EMPRESI-ASF-0003138,WAHIS-ASF-HUN-2024-08-19-00,WAHIS,African swine fever,ASF,Hungary,HUN,47.0232,18.9529,2024-08-24,2024-08-31,2024-09-12,Sus scrofa (wild boar),186,164,confirmed,synthetic
EMPRESI-ASF-0003117,WAHIS-ASF-NLD-2024-08-19-06,WAHIS,African swine fever,ASF,Netherlands,NLD,51.5584,6.1582,2024-08-19,2024-09-02,2024-09-12,Sus scrofa (wild boar),299,263,confirmed,synthetic
EMPRESI-ASF-0003098,WAHIS-ASF-ISR-2024-08-12-00,WAHIS,African swine fever,ASF,Israel,ISR,31.7559,34.9777,2024-08-18,2024-09-03,2024-09-12,Sus scrofa domesticus,123,115,confirmed,synthetic
EMPRESI-ASF-0002990,WAHIS-ASF-ESP-2024-08-05-02,WAHIS,African swine fever,ASF,Spain,ESP,41.9151,-5.9927,2024-08-11,2024-09-05,2024-09-12,Sus scrofa (wild boar),172,146,confirmed,synthetic
EMPRESI-ASF-0002995,WAHIS-ASF-POL-2024-08-05-03,WAHIS,African swine fever,ASF,Poland,POL,52.4566,14.9469,2024-08-09,2024-09-05,2024-09-12,Sus scrofa domesticus,148,126,confirmed,synthetic
EMPRESI-ASF-0003078,WAHIS-ASF-HUN-2024-08-12-05,WAHIS,African swine fever,ASF,Hungary,HUN,47.6116,20.3413,2024-08-15,2024-09-01,2024-09-12,Sus scrofa (wild boar),131,114,confirmed,synthetic
EMPRESI-ASF-0003123,WAHIS-ASF-BEL-2024-08-19-04,WAHIS,African swine fever,ASF,Belgium,BEL,50.341,4.6996,2024-08-24,2024-09-06,2024-09-12,Sus scrofa domesticus,126,111,confirmed,synthetic
EMPRESI-ASF-0003153,WAHIS-ASF-SRB-2024-08-19-01,WAHIS,African swine fever,ASF,Serbia,SRB,45.2826,20.1019,2024-08-25,2024-09-06,2024-09-12,Sus scrofa domesticus,147,132,confirmed,synthetic
EMPRESI-ASF-0003218,WAHIS-ASF-EGY-2024-08-26-00,WAHIS,African swine fever,ASF,Egypt,EGY,27.3514,31.1197,2024-08-27,2024-09-06,2024-09-12,Sus scrofa (wild boar),390,339,confirmed,synthetic
EMPRESI-ASF-0003206,WAHIS-ASF-SRB-2024-08-26-01,WAHIS,African swine fever,ASF,Serbia,SRB,45.2361,20.1346,2024-08-30,2024-09-06,2024-09-12,Sus scrofa (wild boar),43,39,confirmed,synthetic
EMPRESI-ASF-0003084,WAHIS-ASF-BGR-2024-08-12-01,WAHIS,African swine fever,ASF,Bulgaria,BGR,41.9959,23.5799,2024-08-16,2024-09-03,2024-09-13,Sus scrofa (wild boar),484,423,confirmed,synthetic
EMPRESI-ASF-0003186,WAHIS-ASF-ITA-2024-08-26-03,WAHIS,African swine fever,ASF,Italy,ITA,41.5807,11.7636,2024-08-28,2024-09-08,2024-09-13,Sus scrofa (wild boar),144,123,confirmed,synthetic
EMPRESI-ASF-0003090,WAHIS-ASF-MDA-2024-08-12-00,WAHIS,African swine fever,ASF,Moldova,MDA,46.7392,28.8032,2024-08-12,2024-09-07,2024-09-13,Sus scrofa domesticus,52,45,confirmed,synthetic
EMPRESI-ASF-0002822,WAHIS-ASF-UKR-2024-07-15-01,WAHIS,African swine fever,ASF,Ukraine,UKR,47.676,30.2301,2024-07-21,2024-09-05,2024-09-13,Sus scrofa domesticus,301,260,confirmed,synthetic
EMPRESI-ASF-0003120,WAHIS-ASF-BEL-2024-08-19-01,WAHIS,African swine fever,ASF,Belgium,BEL,50.7497,3.6241,2024-08-20,2024-09-02,2024-09-13,Sus scrofa (wild boar),32,26,confirmed,synthetic
EMPRESI-ASF-0002943,WAHIS-ASF-ROU-2024-07-29-04,WAHIS,African swine fever,ASF,Romania,ROU,44.9645,26.7015,2024-08-02,2024-09-03,2024-09-13,Sus scrofa (wild boar),73,61,confirmed,synthetic
EMPRESI-ASF-0002821,WAHIS-ASF-UKR-2024-07-15-00,WAHIS,African swine fever,ASF,Ukraine,UKR,48.2854,27.3187,2024-07-15,2024-09-05,2024-09-13,Sus scrofa domesticus,31,29,confirmed,synthetic
EMPRESI-ASF-0003070,WAHIS-ASF-POL-2024-08-12-03,WAHIS,African swine fever,ASF,Poland,POL,49.7153,21.6514,2024-08-16,2024-09-03,2024-09-13,Sus scrofa domesticus,121,109,confirmed,synthetic
EMPRESI-ASF-0003096,WAHIS-ASF-GEO-2024-08-12-04,WAHIS,African swine fever,ASF,Georgia,GEO,41.8549,42.8919,2024-08-18,2024-09-04,2024-09-13,Sus scrofa (wild boar),420,367,confirmed,synthetic
EMPRESI-ASF-0003128,WAHIS-ASF-POL-2024-08-19-00,WAHIS,African swine fever,ASF,Poland,POL,50.1897,16.2452,2024-08-20,2024-09-05,2024-09-13,Sus scrofa domesticus,114,100,confirmed,synthetic
EMPRESI-ASF-0003021,WAHIS-ASF-UKR-2024-08-05-01,WAHIS,African swine fever,ASF,Ukraine,UKR,51.821,30.6425,2024-08-07,2024-09-06,2024-09-13,Sus scrofa domesticus,152,137,confirmed,synthetic
EMPRESI-ASF-0003137,WAHIS-ASF-POL-2024-08-19-09,WAHIS,African swine fever,ASF,Poland,POL,50.64,18.4927,2024-08-21,2024-09-07,2024-09-14,Sus scrofa (wild boar),126,106,confirmed,synthetic
EMPRESI-ASF-0003142,WAHIS-ASF-HUN-2024-08-19-04,WAHIS,African swine fever,ASF,Hungary,HUN,46.8441,18.7059,2024-08-19,2024-09-08,2024-09-14,Sus scrofa domesticus,134,118,confirmed,synthetic
EMPRESI-ASF-0003054,WAHIS-ASF-BEL-2024-08-12-09,WAHIS,African swine fever,ASF,Belgium,BEL,50.1384,4.4015,2024-08-17,2024-09-03,2024-09-14,Sus scrofa domesticus,301,263,confirmed,synthetic
EMPRESI-ASF-0003047,WAHIS-ASF-BEL-2024-08-12-02,WAHIS,African swine fever,ASF,Belgium,BEL,51.3988,4.6414,2024-08-12,2024-09-04,2024-09-14,Sus scrofa domesticus,83,72,confirmed,synthetic
EMPRESI-ASF-0003139,WAHIS-ASF-HUN-2024-08-19-01,WAHIS,African swine fever,ASF,Hungary,HUN,46.8869,20.0078,2024-08-24,2024-09-09,2024-09-14,Sus scrofa domesticus,100,83,confirmed,synthetic
EMPRESI-ASF-0003121,WAHIS-ASF-BEL-2024-08-19-02,WAHIS,African swine fever,ASF,Belgium,BEL,50.0382,4.048,2024-08-22,2024-09-07,2024-09-15,Sus scrofa domesticus,51,47,confirmed,synthetic
EMPRESI-ASF-0003039,WAHIS-ASF-DEU-2024-08-12-07,WAHIS,African swine fever,ASF,Germany,DEU,52.5506,10.7457,2024-08-17,2024-09-07,2024-09-15,Sus scrofa domesticus,103,91,confirmed,synthetic
EMPRESI-ASF-0003016,WAHIS-ASF-BGR-2024-08-05-02,WAHIS,African swine fever,ASF,Bulgaria,BGR,43.7322,24.5932,2024-08-10,2024-09-07,2024-09-15,Sus scrofa (wild boar),29,27,confirmed,synthetic
EMPRESI-ASF-0003188,WAHIS-ASF-ESP-2024-08-26-00,WAHIS,African swine fever,ASF,Spain,ESP,40.8975,-2.4393,2024-08-30,2024-09-06,2024-09-15,Sus scrofa domesticus,100,87,confirmed,synthetic
EMPRESI-ASF-0003110,WAHIS-ASF-DEU-2024-08-19-06,WAHIS,African swine fever,ASF,Germany,DEU,54.1238,10.8527,2024-08-25,2024-09-05,2024-09-15,Sus scrofa domesticus,159,135,confirmed,synthetic
EMPRESI-ASF-0003102,WAHIS-ASF-FRA-2024-08-19-02,WAHIS,African swine fever,ASF,France,FRA,47.2172,3.223,2024-08-24,2024-09-11,2024-09-15,Sus scrofa (wild boar),18,16,confirmed,synthetic
EMPRESI-ASF-0003066,WAHIS-ASF-ESP-2024-08-12-01,WAHIS,African swine fever,ASF,Spain,ESP,39.37,-2.479,2024-08-18,2024-09-05,2024-09-16,Sus scrofa domesticus,67,54,confirmed,synthetic
EMPRESI-ASF-0003219,WAHIS-ASF-TUN-2024-08-26-00,WAHIS,African swine fever,ASF,Tunisia,TUN,34.4063,8.4653,2024-08-29,2024-09-08,2024-09-16,Sus scrofa domesticus,112,99,confirmed,synthetic
EMPRESI-ASF-0003240,WAHIS-ASF-ITA-2024-09-02-01,WAHIS,African swine fever,ASF,Italy,ITA,43.686,14.9903,2024-09-04,2024-09-08,2024-09-16,Sus scrofa (wild boar),39,35,confirmed,synthetic
EMPRESI-ASF-0002805,WAHIS-ASF-HUN-2024-07-15-05,WAHIS,African swine fever,ASF,Hungary,HUN,47.8704,18.7539,2024-07-16,2024-09-04,2024-09-16,Sus scrofa domesticus,16,15,confirmed,synthetic
EMPRESI-ASF-0002987,WAHIS-ASF-ITA-2024-08-05-03,WAHIS,African swine fever,ASF,Italy,ITA,44.7493,14.542,2024-08-07,2024-09-06,2024-09-16,Sus scrofa domesticus,148,137,confirmed,synthetic
EMPRESI-ASF-0003176,WAHIS-ASF-NLD-2024-08-26-06,WAHIS,African swine fever,ASF,Netherlands,NLD,51.8169,5.5046,2024-09-01,2024-09-07,2024-09-16,Sus scrofa (wild boar),48,46,confirmed,synthetic
EMPRESI-ASF-0003166,WAHIS-ASF-DEU-2024-08-26-00,WAHIS,African swine fever,ASF,Germany,DEU,54.2007,9.6108,2024-08-28,2024-09-08,2024-09-16,Sus scrofa domesticus,118,106,confirmed,synthetic
EMPRESI-ASF-0003182,WAHIS-ASF-BEL-2024-08-26-04,WAHIS,African swine fever,ASF,Belgium,BEL,49.9829,3.7175,2024-09-01,2024-09-08,2024-09-16,Sus scrofa (wild boar),190,165,confirmed,synthetic
EMPRESI-ASF-0003159,WAHIS-ASF-RUS-2024-08-19-01,WAHIS,African swine fever,ASF,Russian Federation,RUS,54.0095,45.9525,2024-08-21,2024-09-08,2024-09-16,Sus scrofa domesticus,183,162,confirmed,synthetic
EMPRESI-ASF-0003239,WAHIS-ASF-ITA-2024-09-02-00,WAHIS,African swine fever,ASF,Italy,ITA,40.8112,10.332,2024-09-03,2024-09-09,2024-09-16,Sus scrofa (wild boar),368,340,confirmed,synthetic
EMPRESI-ASF-0002931,WAHIS-ASF-HUN-2024-07-29-00,WAHIS,African swine fever,ASF,Hungary,HUN,46.9752,19.9913,2024-08-03,2024-09-04,2024-09-17,Sus scrofa domesticus,92,84,confirmed,synthetic
EMPRESI-ASF-0003148,WAHIS-ASF-BGR-2024-08-19-00,WAHIS,African swine fever,ASF,Bulgaria,BGR,41.9654,25.8986,2024-08-25,2024-09-11,2024-09-17,Sus scrofa (wild boar),289,249,confirmed,synthetic
EMPRESI-ASF-0003178,WAHIS-ASF-BEL-2024-08-26-00,WAHIS,African swine fever,ASF,Belgium,BEL,50.7441,4.3203,2024-08-31,2024-09-11,2024-09-17,Sus scrofa (wild boar),26,26,confirmed,synthetic
EMPRESI-ASF-0003118,WAHIS-ASF-NLD-2024-08-19-07,WAHIS,African swine fever,ASF,Netherlands,NLD,51.8987,5.6692,2024-08-21,2024-09-08,2024-09-17,Sus scrofa (wild boar),100,86,confirmed,synthetic
EMPRESI-ASF-0003082,WAHIS-ASF-ROU-2024-08-12-03,WAHIS,African swine fever,ASF,Romania,ROU,47.9468,23.8495,2024-08-18,2024-09-08,2024-09-17,Sus scrofa domesticus,56,44,confirmed,synthetic
EMPRESI-ASF-0003185,WAHIS-ASF-ITA-2024-08-26-02,WAHIS,African swine fever,ASF,Italy,ITA,41.0153,13.8957,2024-08-28,2024-09-07,2024-09-18,Sus scrofa (wild boar),115,106,confirmed,synthetic
EMPRESI-ASF-0003190,WAHIS-ASF-POL-2024-08-26-01,WAHIS,African swine fever,ASF,Poland,POL,53.1582,16.984,2024-08-28,2024-09-11,2024-09-18,Sus scrofa (wild boar),120,108,confirmed,synthetic
EMPRESI-ASF-0003154,WAHIS-ASF-SRB-2024-08-19-02,WAHIS,African swine fever,ASF,Serbia,SRB,42.6099,21.5335,2024-08-22,2024-09-10,2024-09-18,Sus scrofa domesticus,66,54,confirmed,synthetic
EMPRESI-ASF-0003140,WAHIS-ASF-HUN-2024-08-19-02,WAHIS,African swine fever,ASF,Hungary,HUN,47.1334,21.0217,2024-08-24,2024-09-09,2024-09-18,Sus scrofa (wild boar),158,139,confirmed,synthetic
EMPRESI-ASF-0003220,WAHIS-ASF-MAR-2024-08-26-00,WAHIS,African swine fever,ASF,Morocco,MAR,34.6449,-5.8614,2024-08-30,2024-09-09,2024-09-18,Sus scrofa (wild boar),347,305,confirmed,synthetic
EMPRESI-ASF-0003208,WAHIS-ASF-SRB-2024-08-26-03,WAHIS,African swine fever,ASF,Serbia,SRB,45.2057,21.725,2024-08-28,2024-09-08,2024-09-19,Sus scrofa domesticus,115,98,confirmed,synthetic
EMPRESI-ASF-0003158,WAHIS-ASF-RUS-2024-08-19-00,WAHIS,African swine fever,ASF,Russian Federation,RUS,59.755,48.413,2024-08-22,2024-09-10,2024-09-19,Sus scrofa domesticus,45,41,confirmed,synthetic
EMPRESI-ASF-0003060,WAHIS-ASF-ITA-2024-08-12-03,WAHIS,African swine fever,ASF,Italy,ITA,40.0602,12.8729,2024-08-15,2024-09-09,2024-09-19,Sus scrofa (wild boar),99,89,confirmed,synthetic
EMPRESI-ASF-0002999,WAHIS-ASF-HUN-2024-08-05-01,WAHIS,African swine fever,ASF,Hungary,HUN,46.3201,18.3278,2024-08-05,2024-09-10,2024-09-19,Sus scrofa (wild boar),5,5,confirmed,synthetic
EMPRESI-ASF-0003236,WAHIS-ASF-BEL-2024-09-02-02,WAHIS,African swine fever,ASF,Belgium,BEL,50.7277,3.2579,2024-09-05,2024-09-10,2024-09-19,Sus scrofa (wild boar),201,176,confirmed,synthetic
EMPRESI-ASF-0002900,WAHIS-ASF-MAR-2024-07-22-00,WAHIS,African swine fever,ASF,Morocco,MAR,30.632,-10.5968,2024-07-28,2024-09-11,2024-09-19,Sus scrofa (wild boar),71,65,confirmed,synthetic
EMPRESI-ASF-0003156,WAHIS-ASF-UKR-2024-08-19-00,WAHIS,African swine fever,ASF,Ukraine,UKR,48.6186,33.8544,2024-08-20,2024-09-07,2024-09-19,Sus scrofa domesticus,267,230,confirmed,synthetic
EMPRESI-ASF-0003223,WAHIS-ASF-DEU-2024-09-02-01,WAHIS,African swine fever,ASF,Germany,DEU,51.2734,14.5914,2024-09-04,2024-09-10,2024-09-20,Sus scrofa domesticus,415,367,confirmed,synthetic
EMPRESI-ASF-0002945,WAHIS-ASF-BGR-2024-07-29-01,WAHIS,African swine fever,ASF,Bulgaria,BGR,41.2644,25.1683,2024-08-01,2024-09-10,2024-09-20,Sus scrofa (wild boar),36,34,confirmed,synthetic
EMPRESI-ASF-0003267,WAHIS-ASF-RUS-2024-09-02-00,WAHIS,African swine fever,ASF,Russian Federation,RUS,53.2148,53.2394,2024-09-03,2024-09-09,2024-09-20,Sus scrofa domesticus,84,73,confirmed,synthetic
EMPRESI-ASF-0003222,WAHIS-ASF-DEU-2024-09-02-00,WAHIS,African swine fever,ASF,Germany,DEU,49.1874,7.3914,2024-09-04,2024-09-15,2024-09-20,Sus scrofa domesticus,224,198,confirmed,synthetic
EMPRESI-ASF-0003313,WAHIS-ASF-RUS-2024-09-09-01,WAHIS,African swine fever,ASF,Russian Federation,RUS,55.6945,46.0539,2024-09-09,2024-09-14,2024-09-20,Sus scrofa domesticus,166,137,confirmed,synthetic
EMPRESI-ASF-0003161,WAHIS-ASF-MAR-2024-08-19-00,WAHIS,African swine fever,ASF,Morocco,MAR,33.2708,-9.9707,2024-08-25,2024-09-15,2024-09-21,Sus scrofa (wild boar),1,1,confirmed,synthetic
EMPRESI-ASF-0003209,WAHIS-ASF-UKR-2024-08-26-00,WAHIS,African swine fever,ASF,Ukraine,UKR,47.7005,32.4957,2024-08-26,2024-09-11,2024-09-21,Sus scrofa (wild boar),16,14,confirmed,synthetic
EMPRESI-ASF-0003040,WAHIS-ASF-NLD-2024-08-12-00,WAHIS,African swine fever,ASF,Netherlands,NLD,52.9447,4.4431,2024-08-14,2024-09-13,2024-09-21,Sus scrofa (wild boar),125,111,confirmed,synthetic
EMPRESI-ASF-0003152,WAHIS-ASF-SRB-2024-08-19-00,WAHIS,African swine fever,ASF,Serbia,SRB,43.0434,21.4407,2024-08-25,2024-09-12,2024-09-21,Sus scrofa (wild boar),43,37,confirmed,synthetic
EMPRESI-ASF-0003055,WAHIS-ASF-BEL-2024-08-12-10,WAHIS,African swine fever,ASF,Belgium,BEL,51.4753,4.6056,2024-08-15,2024-09-14,2024-09-21,Sus scrofa domesticus,187,165,confirmed,synthetic
EMPRESI-ASF-0003214,WAHIS-ASF-GEO-2024-08-26-00,WAHIS,African swine fever,ASF,Georgia,GEO,42.3607,43.02,2024-09-01,2024-09-10,2024-09-21,Sus scrofa (wild boar),38,32,confirmed,synthetic
EMPRESI-ASF-0002838,WAHIS-ASF-GEO-2024-07-15-00,WAHIS,African swine fever,ASF,Georgia,GEO,42.6302,43.8433,2024-07-19,2024-09-11,2024-09-21,Sus scrofa (wild boar),45,41,confirmed,synthetic
EMPRESI-ASF-0003202,WAHIS-ASF-ROU-2024-08-26-03,WAHIS,African swine fever,ASF,Romania,ROU,46.4401,24.7043,2024-08-27,2024-09-15,2024-09-22,Sus scrofa (wild boar),370,331,confirmed,synthetic
EMPRESI-ASF-0003171,WAHIS-ASF-NLD-2024-08-26-01,WAHIS,African swine fever,ASF,Netherlands,NLD,52.2802,5.5242,2024-09-01,2024-09-17,2024-09-22,Sus scrofa (wild boar),221,195,confirmed,synthetic
EMPRESI-ASF-0003132,WAHIS-ASF-POL-2024-08-19-04,WAHIS,African swine fever,ASF,Poland,POL,51.2493,22.484,2024-08-20,2024-09-15,2024-09-22,Sus scrofa domesticus,13,12,confirmed,synthetic
EMPRESI-ASF-0003231,WAHIS-ASF-NLD-2024-09-02-03,WAHIS,African swine fever,ASF,Netherlands,NLD,52.7253,4.3161,2024-09-06,2024-09-17,2024-09-23,Sus scrofa domesticus,42,37,confirmed,synthetic
EMPRESI-ASF-0003242,WAHIS-ASF-ESP-2024-09-02-00,WAHIS,African swine fever,ASF,Spain,ESP,39.9725,-5.3428,2024-09-04,2024-09-15,2024-09-23,Sus scrofa domesticus,59,52,confirmed,synthetic
EMPRESI-ASF-0003241,WAHIS-ASF-ITA-2024-09-02-02,WAHIS,African swine fever,ASF,Italy,ITA,44.4103,12.9342,2024-09-07,2024-09-17,2024-09-23,Sus scrofa (wild boar),6,6,confirmed,synthetic
EMPRESI-ASF-0003192,WAHIS-ASF-POL-2024-08-26-03,WAHIS,African swine fever,ASF,Poland,POL,50.5864,20.7841,2024-08-26,2024-09-17,2024-09-24,Sus scrofa domesticus,84,72,confirmed,synthetic
EMPRESI-ASF-0002947,WAHIS-ASF-SRB-2024-07-29-00,WAHIS,African swine fever,ASF,Serbia,SRB,44.3399,21.5837,2024-08-04,2024-09-14,2024-09-24,Sus scrofa (wild boar),101,86,confirmed,synthetic
EMPRESI-ASF-0003155,WAHIS-ASF-SRB-2024-08-19-03,WAHIS,African swine fever,ASF,Serbia,SRB,43.8485,20.421,2024-08-24,2024-09-13,2024-09-24,Sus scrofa (wild boar),263,240,confirmed,synthetic
EMPRESI-ASF-0003260,WAHIS-ASF-BGR-2024-09-02-03,WAHIS,African swine fever,ASF,Bulgaria,BGR,41.967,25.0213,2024-09-02,2024-09-16,2024-09-24,Sus scrofa (wild boar),53,46,confirmed,synthetic
EMPRESI-ASF-0003293,WAHIS-ASF-POL-2024-09-09-02,WAHIS,African swine fever,ASF,Poland,POL,53.6443,18.8816,2024-09-15,2024-09-18,2024-09-24,Sus scrofa domesticus,397,358,confirmed,synthetic
EMPRESI-ASF-0003172,WAHIS-ASF-NLD-2024-08-26-02,WAHIS,African swine fever,ASF,Netherlands,NLD,53.1928,5.7214,2024-08-30,2024-09-14,2024-09-25,Sus scrofa (wild boar),25,23,confirmed,synthetic
EMPRESI-ASF-0003173,WAHIS-ASF-NLD-2024-08-26-03,WAHIS,African swine fever,ASF,Netherlands,NLD,53.0269,4.9613,2024-08-31,2024-09-16,2024-09-25,Sus scrofa domesticus,364,322,confirmed,synthetic
EMPRESI-ASF-0003106,WAHIS-ASF-DEU-2024-08-19-02,WAHIS,African swine fever,ASF,Germany,DEU,53.4082,8.6537,2024-08-20,2024-09-18,2024-09-25,Sus scrofa domesticus,174,151,confirmed,synthetic
EMPRESI-ASF-0003271,WAHIS-ASF-DEU-2024-09-09-00,WAHIS,African swine fever,ASF,Germany,DEU,53.0715,11.3309,2024-09-11,2024-09-18,2024-09-25,Sus scrofa domesticus,41,29,confirmed,synthetic
EMPRESI-ASF-0003062,WAHIS-ASF-ITA-2024-08-12-05,WAHIS,African swine fever,ASF,Italy,ITA,45.2461,13.2258,2024-08-14,2024-09-15,2024-09-25,Sus scrofa (wild boar),32,28,confirmed,synthetic
EMPRESI-ASF-0003141,WAHIS-ASF-HUN-2024-08-19-03,WAHIS,African swine fever,ASF,Hungary,HUN,47.5652,19.4064,2024-08-25,2024-09-18,2024-09-25,Sus scrofa domesticus,21,18,confirmed,synthetic
EMPRESI-ASF-0002978,WAHIS-ASF-NLD-2024-08-05-03,WAHIS,African swine fever,ASF,Netherlands,NLD,52.4628,5.9568,2024-08-08,2024-09-17,2024-09-25,Sus scrofa domesticus,174,160,confirmed,synthetic
EMPRESI-ASF-0003247,WAHIS-ASF-POL-2024-09-02-02,WAHIS,African swine fever,ASF,Poland,POL,54.5136,20.4219,2024-09-03,2024-09-15,2024-09-26,Sus scrofa domesticus,131,109,confirmed,synthetic
EMPRESI-ASF-0003163,WAHIS-ASF-FRA-2024-08-26-01,WAHIS,African swine fever,ASF,France,FRA,44.5413,6.0327,2024-08-31,2024-09-17,2024-09-26,Sus scrofa domesticus,185,168,confirmed,synthetic
EMPRESI-ASF-0003272,WAHIS-ASF-DEU-2024-09-09-01,WAHIS,African swine fever,ASF,Germany,DEU,49.6275,12.3897,2024-09-10,2024-09-20,2024-09-26,Sus scrofa (wild boar),63,57,confirmed,synthetic
EMPRESI-ASF-0003254,WAHIS-ASF-ROU-2024-09-02-00,WAHIS,African swine fever,ASF,Romania,ROU,47.3702,23.8722,2024-09-06,2024-09-22,2024-09-26,Sus scrofa domesticus,70,61,confirmed,synthetic
EMPRESI-ASF-0002955,WAHIS-ASF-MDA-2024-07-29-02,WAHIS,African swine fever,ASF,Moldova,MDA,47.1738,28.0531,2024-08-01,2024-09-19,2024-09-27,Sus scrofa domesticus,171,150,confirmed,synthetic
EMPRESI-ASF-0003278,WAHIS-ASF-NLD-2024-09-09-00,WAHIS,African swine fever,ASF,Netherlands,NLD,51.8844,6.0566,2024-09-09,2024-09-17,2024-09-27,Sus scrofa (wild boar),149,131,confirmed,synthetic
EMPRESI-ASF-0003297,WAHIS-ASF-ROU-2024-09-09-00,WAHIS,African swine fever,ASF,Romania,ROU,45.0839,24.9612,2024-09-12,2024-09-21,2024-09-27,Sus scrofa domesticus,40,36,confirmed,synthetic
EMPRESI-ASF-0003177,WAHIS-ASF-NLD-2024-08-26-07,WAHIS,African swine fever,ASF,Netherlands,NLD,52.0716,6.5438,2024-08-28,2024-09-16,2024-09-27,Sus scrofa domesticus,31,29,confirmed,synthetic
EMPRESI-ASF-0003191,WAHIS-ASF-POL-2024-08-26-02,WAHIS,African swine fever,ASF,Poland,POL,53.5155,17.7243,2024-09-01,2024-09-17,2024-09-27,Sus scrofa (wild boar),3,3,confirmed,synthetic
EMPRESI-ASF-0003162,WAHIS-ASF-FRA-2024-08-26-00,WAHIS,African swine fever,ASF,France,FRA,43.501,-0.5276,2024-08-31,2024-09-18,2024-09-27,Sus scrofa domesticus,205,187,confirmed,synthetic
EMPRESI-ASF-0003276,WAHIS-ASF-DEU-2024-09-09-05,WAHIS,African swine fever,ASF,Germany,DEU,49.3582,8.7041,2024-09-14,2024-09-24,2024-09-27,Sus scrofa (wild boar),226,202,confirmed,synthetic
EMPRESI-ASF-0003258,WAHIS-ASF-BGR-2024-09-02-01,WAHIS,African swine fever,ASF,Bulgaria,BGR,43.1414,25.1516,2024-09-04,2024-09-17,2024-09-27,Sus scrofa (wild boar),103,95,confirmed,synthetic
EMPRESI-ASF-0003201,WAHIS-ASF-ROU-2024-08-26-02,WAHIS,African swine fever,ASF,Romania,ROU,45.5823,26.3194,2024-09-01,2024-09-19,2024-09-27,Sus scrofa domesticus,51,47,confirmed,synthetic
EMPRESI-ASF-0003210,WAHIS-ASF-UKR-2024-08-26-01,WAHIS,African swine fever,ASF,Ukraine,UKR,51.0189,30.3543,2024-08-30,2024-09-18,2024-09-28,Sus scrofa (wild boar),81,68,confirmed,synthetic
EMPRESI-ASF-0003250,WAHIS-ASF-HUN-2024-09-02-00,WAHIS,African swine fever,ASF,Hungary,HUN,47.9781,20.3686,2024-09-05,2024-09-19,2024-09-28,Sus scrofa domesticus,31,30,confirmed,synthetic
EMPRESI-ASF-0003274,WAHIS-ASF-DEU-2024-09-09-03,WAHIS,African swine fever,ASF,Germany,DEU,48.3755,8.9993,2024-09-10,2024-09-23,2024-09-28,Sus scrofa (wild boar),77,68,confirmed,synthetic
EMPRESI-ASF-0003318,WAHIS-ASF-EGY-2024-09-09-00,WAHIS,African swine fever,ASF,Egypt,EGY,28.8083,33.401,2024-09-13,2024-09-20,2024-09-28,Sus scrofa domesticus,265,235,confirmed,synthetic
EMPRESI-ASF-0003301,WAHIS-ASF-BGR-2024-09-09-00,WAHIS,African swine fever,ASF,Bulgaria,BGR,43.6087,26.8124,2024-09-14,2024-09-23,2024-09-29,Sus scrofa domesticus,74,57,confirmed,synthetic
EMPRESI-ASF-0003217,WAHIS-ASF-ISR-2024-08-26-01,WAHIS,African swine fever,ASF,Israel,ISR,31.2161,34.3747,2024-08-29,2024-09-20,2024-09-29,Sus scrofa domesticus,18,16,confirmed,synthetic
EMPRESI-ASF-0003183,WAHIS-ASF-ITA-2024-08-26-00,WAHIS,African swine fever,ASF,Italy,ITA,44.6989,10.1874,2024-08-26,2024-09-20,2024-09-29,Sus scrofa domesticus,99,80,confirmed,synthetic
EMPRESI-ASF-0003323,WAHIS-ASF-BEL-2024-09-16-01,WAHIS,African swine fever,ASF,Belgium,BEL,51.2031,3.9598,2024-09-20,2024-09-23,2024-09-29,Sus scrofa domesticus,109,92,confirmed,synthetic
EMPRESI-ASF-0003125,WAHIS-ASF-ESP-2024-08-19-00,WAHIS,African swine fever,ASF,Spain,ESP,40.7086,-0.1637,2024-08-21,2024-09-22,2024-09-29,Sus scrofa (wild boar),158,141,confirmed,synthetic
EMPRESI-ASF-0003199,WAHIS-ASF-ROU-2024-08-26-00,WAHIS,African swine fever,ASF,Romania,ROU,43.6797,23.817,2024-08-31,2024-09-19,2024-09-30,Sus scrofa domesticus,292,257,confirmed,synthetic
EMPRESI-ASF-0003230,WAHIS-ASF-NLD-2024-09-02-02,WAHIS,African swine fever,ASF,Netherlands,NLD,51.5556,5.5631,2024-09-07,2024-09-18,2024-09-30,Sus scrofa (wild boar),62,59,confirmed,synthetic
EMPRESI-ASF-0003233,WAHIS-ASF-NLD-2024-09-02-05,WAHIS,African swine fever,ASF,Netherlands,NLD,52.4996,6.4242,2024-09-08,2024-09-20,2024-09-30,Sus scrofa domesticus,413,358,confirmed,synthetic
EMPRESI-ASF-0003207,WAHIS-ASF-SRB-2024-08-26-02,WAHIS,African swine fever,ASF,Serbia,SRB,45.0254,20.3306,2024-08-31,2024-09-21,2024-09-30,Sus scrofa (wild boar),95,91,confirmed,synthetic
EMPRESI-ASF-0003167,WAHIS-ASF-DEU-2024-08-26-01,WAHIS,African swine fever,ASF,Germany,DEU,52.4857,14.4322,2024-08-28,2024-09-22,2024-09-30,Sus scrofa (wild boar),143,125,confirmed,synthetic
EMPRESI-ASF-0003286,WAHIS-ASF-BEL-2024-09-09-06,WAHIS,African swine fever,ASF,Belgium,BEL,50.9507,3.984,2024-09-15,2024-09-22,2024-09-30,Sus scrofa domesticus,111,92,confirmed,synthetic
EMPRESI-ASF-0003296,WAHIS-ASF-HUN-2024-09-09-01,WAHIS,African swine fever,ASF,Hungary,HUN,46.3475,19.4688,2024-09-15,2024-09-20,2024-09-30,Sus scrofa domesticus,85,73,confirmed,synthetic
EMPRESI-ASF-0003298,WAHIS-ASF-ROU-2024-09-09-01,WAHIS,African swine fever,ASF,Romania,ROU,45.5392,27.9173,2024-09-11,2024-09-24,2024-09-30,Sus scrofa domesticus,193,167,confirmed,synthetic
EMPRESI-ASF-0002936,WAHIS-ASF-HUN-2024-07-29-05,WAHIS,African swine fever,ASF,Hungary,HUN,47.3673,20.7509,2024-08-03,2024-09-25,2024-10-01,Sus scrofa (wild boar),238,206,confirmed,synthetic
EMPRESI-ASF-0002938,WAHIS-ASF-HUN-2024-07-29-07,WAHIS,African swine fever,ASF,Hungary,HUN,46.5792,18.1158,2024-08-01,2024-09-25,2024-10-01,Sus scrofa domesticus,44,41,confirmed,synthetic
EMPRESI-ASF-0003181,WAHIS-ASF-BEL-2024-08-26-03,WAHIS,African swine fever,ASF,Belgium,BEL,50.2483,4.4154,2024-08-29,2024-09-16,2024-10-01,Sus scrofa (wild boar),64,59,confirmed,synthetic
EMPRESI-ASF-0003225,WAHIS-ASF-DEU-2024-09-02-03,WAHIS,African swine fever,ASF,Germany,DEU,51.0562,8.2093,2024-09-08,2024-09-21,2024-10-01,Sus scrofa domesticus,52,48,confirmed,synthetic
EMPRESI-ASF-0003324,WAHIS-ASF-ITA-2024-09-16-00,WAHIS,African swine fever,ASF,Italy,ITA,44.7432,11.8574,2024-09-17,2024-09-24,2024-10-02,Sus scrofa (wild boar),282,258,confirmed,synthetic
EMPRESI-ASF-0003308,WAHIS-ASF-UKR-2024-09-09-01,WAHIS,African swine fever,ASF,Ukraine,UKR,50.4311,28.1765,2024-09-11,2024-09-23,2024-10-02,Sus scrofa (wild boar),128,110,confirmed,synthetic
EMPRESI-ASF-0003281,WAHIS-ASF-BEL-2024-09-09-01,WAHIS,African swine fever,ASF,Belgium,BEL,50.8741,4.2292,2024-09-12,2024-09-21,2024-10-02,Sus scrofa (wild boar),225,196,confirmed,synthetic
EMPRESI-ASF-0003268,WAHIS-ASF-RUS-2024-09-02-01,WAHIS,African swine fever,ASF,Russian Federation,RUS,55.9758,37.6925,2024-09-04,2024-09-23,2024-10-02,Sus scrofa (wild boar),262,224,confirmed,synthetic
EMPRESI-ASF-0003284,WAHIS-ASF-BEL-2024-09-09-04,WAHIS,African swine fever,ASF,Belgium,BEL,50.7261,5.1514,2024-09-10,2024-09-27,2024-10-02,Sus scrofa domesticus,189,159,confirmed,synthetic
EMPRESI-ASF-0003292,WAHIS-ASF-POL-2024-09-09-01,WAHIS,African swine fever,ASF,Poland,POL,54.4515,20.8905,2024-09-11,2024-09-22,2024-10-02,Sus scrofa domesticus,99,83,confirmed,synthetic
EMPRESI-ASF-0003291,WAHIS-ASF-POL-2024-09-09-00,WAHIS,African swine fever,ASF,Poland,POL,53.4467,21.5185,2024-09-12,2024-09-26,2024-10-02,Sus scrofa domesticus,57,55,confirmed,synthetic
EMPRESI-ASF-0003289,WAHIS-ASF-ITA-2024-09-09-02,WAHIS,African swine fever,ASF,Italy,ITA,42.8925,15.9808,2024-09-11,2024-09-21,2024-10-02,Sus scrofa domesticus,188,164,confirmed,synthetic
EMPRESI-ASF-0003174,WAHIS-ASF-NLD-2024-08-26-04,WAHIS,African swine fever,ASF,Netherlands,NLD,51.2742,5.9321,2024-08-31,2024-09-25,2024-10-02,Sus scrofa domesticus,276,231,confirmed,synthetic
EMPRESI-ASF-0003288,WAHIS-ASF-ITA-2024-09-09-01,WAHIS,African swine fever,ASF,Italy,ITA,43.3836,12.9554,2024-09-14,2024-09-22,2024-10-03,Sus scrofa domesticus,95,87,confirmed,synthetic
EMPRESI-ASF-0003249,WAHIS-ASF-POL-2024-09-02-04,WAHIS,African swine fever,ASF,Poland,POL,54.4253,17.8643,2024-09-07,2024-09-24,2024-10-03,Sus scrofa domesticus,16,14,confirmed,synthetic
EMPRESI-ASF-0003204,WAHIS-ASF-BGR-2024-08-26-01,WAHIS,African swine fever,ASF,Bulgaria,BGR,41.3606,25.3356,2024-09-01,2024-10-01,2024-10-04,Sus scrofa (wild boar),173,155,confirmed,synthetic
EMPRESI-ASF-0003273,WAHIS-ASF-DEU-2024-09-09-02,WAHIS,African swine fever,ASF,Germany,DEU,50.3815,12.5216,2024-09-15,2024-09-26,2024-10-04,Sus scrofa domesticus,65,55,confirmed,synthetic
EMPRESI-ASF-0003304,WAHIS-ASF-SRB-2024-09-09-00,WAHIS,African swine fever,ASF,Serbia,SRB,42.7318,19.7644,2024-09-12,2024-09-23,2024-10-04,Sus scrofa (wild boar),78,68,confirmed,synthetic
EMPRESI-ASF-0003306,WAHIS-ASF-SRB-2024-09-09-02,WAHIS,African swine fever,ASF,Serbia,SRB,42.6793,21.5549,2024-09-09,2024-09-21,2024-10-04,Sus scrofa (wild boar),12,11,confirmed,synthetic
EMPRESI-ASF-0003337,WAHIS-ASF-RUS-2024-09-16-00,WAHIS,African swine fever,ASF,Russian Federation,RUS,53.0394,41.2647,2024-09-16,2024-09-28,2024-10-04,Sus scrofa (wild boar),83,75,confirmed,synthetic
EMPRESI-ASF-0003312,WAHIS-ASF-RUS-2024-09-09-00,WAHIS,African swine fever,ASF,Russian Federation,RUS,60.6106,41.9717,2024-09-13,2024-09-24,2024-10-04,Sus scrofa domesticus,174,146,confirmed,synthetic
EMPRESI-ASF-0002979,WAHIS-ASF-BEL-2024-08-05-00,WAHIS,African swine fever,ASF,Belgium,BEL,51.0868,4.1442,2024-08-09,2024-09-26,2024-10-04,Sus scrofa domesticus,3,3,confirmed,synthetic
EMPRESI-ASF-0002997,WAHIS-ASF-POL-2024-08-05-05,WAHIS,African swine fever,ASF,Poland,POL,52.2472,21.5497,2024-08-10,2024-09-24,2024-10-04,Sus scrofa (wild boar),111,97,confirmed,synthetic
EMPRESI-ASF-0003104,WAHIS-ASF-DEU-2024-08-19-00,WAHIS,African swine fever,ASF,Germany,DEU,50.5985,12.4465,2024-08-25,2024-09-28,2024-10-05,Sus scrofa domesticus,127,116,confirmed,synthetic
EMPRESI-ASF-0003294,WAHIS-ASF-POL-2024-09-09-03,WAHIS,African swine fever,ASF,Poland,POL,49.5979,19.425,2024-09-13,2024-09-23,2024-10-05,Sus scrofa domesticus,70,65,confirmed,synthetic
EMPRESI-ASF-0003295,WAHIS-ASF-HUN-2024-09-09-00,WAHIS,African swine fever,ASF,Hungary,HUN,46.4626,19.9631,2024-09-15,2024-09-26,2024-10-05,Sus scrofa (wild boar),89,81,confirmed,synthetic
EMPRESI-ASF-0003282,WAHIS-ASF-BEL-2024-09-09-02,WAHIS,African swine fever,ASF,Belgium,BEL,50.1681,5.5488,2024-09-09,2024-09-28,2024-10-05,Sus scrofa domesticus,37,33,confirmed,synthetic
EMPRESI-ASF-0003300,WAHIS-ASF-ROU-2024-09-09-03,WAHIS,African swine fever,ASF,Romania,ROU,44.3136,23.766,2024-09-11,2024-10-01,2024-10-05,Sus scrofa domesticus,90,80,confirmed,synthetic
EMPRESI-ASF-0003257,WAHIS-ASF-BGR-2024-09-02-00,WAHIS,African swine fever,ASF,Bulgaria,BGR,43.0226,23.8762,2024-09-05,2024-09-24,2024-10-05,Sus scrofa domesticus,36,29,confirmed,synthetic
EMPRESI-ASF-0003238,WAHIS-ASF-BEL-2024-09-02-04,WAHIS,African swine fever,ASF,Belgium,BEL,50.0243,4.4284,2024-09-03,2024-09-27,2024-10-06,Sus scrofa (wild boar),3,3,confirmed,synthetic
EMPRESI-ASF-0003368,WAHIS-ASF-ISR-2024-09-23-00,WAHIS,African swine fever,ASF,Israel,ISR,31.1111,34.7516,2024-09-26,2024-09-30,2024-10-07,Sus scrofa (wild boar),124,103,confirmed,synthetic
EMPRESI-ASF-0003135,WAHIS-ASF-POL-2024-08-19-07,WAHIS,African swine fever,ASF,Poland,POL,50.2087,18.0909,2024-08-21,2024-09-29,2024-10-07,Sus scrofa (wild boar),56,48,confirmed,synthetic
EMPRESI-ASF-0003262,WAHIS-ASF-UKR-2024-09-02-00,WAHIS,African swine fever,ASF,Ukraine,UKR,46.3165,29.7684,2024-09-07,2024-09-28,2024-10-07,Sus scrofa domesticus,99,89,confirmed,synthetic
EMPRESI-ASF-0003196,WAHIS-ASF-HUN-2024-08-26-02,WAHIS,African swine fever,ASF,Hungary,HUN,46.5728,18.848,2024-09-01,2024-09-26,2024-10-07,Sus scrofa domesticus,128,110,confirmed,synthetic
EMPRESI-ASF-0003316,WAHIS-ASF-TUR-2024-09-09-01,WAHIS,African swine fever,ASF,Türkiye,TUR,41.6272,36.2971,2024-09-13,2024-09-25,2024-10-07,Sus scrofa domesticus,29,23,confirmed,synthetic
EMPRESI-ASF-0003328,WAHIS-ASF-POL-2024-09-16-00,WAHIS,African swine fever,ASF,Poland,POL,49.6824,20.4591,2024-09-20,2024-10-01,2024-10-07,Sus scrofa domesticus,50,45,confirmed,synthetic
EMPRESI-ASF-0003344,WAHIS-ASF-FRA-2024-09-23-01,WAHIS,African swine fever,ASF,France,FRA,45.0598,2.3166,2024-09-25,2024-10-02,2024-10-07,Sus scrofa domesticus,5,4,confirmed,synthetic
EMPRESI-ASF-0003057,WAHIS-ASF-ITA-2024-08-12-00,WAHIS,African swine fever,ASF,Italy,ITA,42.8151,16.0942,2024-08-13,2024-10-02,2024-10-08,Sus scrofa domesticus,124,111,confirmed,synthetic
EMPRESI-ASF-0003076,WAHIS-ASF-HUN-2024-08-12-03,WAHIS,African swine fever,ASF,Hungary,HUN,46.9506,20.6445,2024-08-17,2024-09-30,2024-10-08,Sus scrofa (wild boar),159,143,confirmed,synthetic
EMPRESI-ASF-0003322,WAHIS-ASF-BEL-2024-09-16-00,WAHIS,African swine fever,ASF,Belgium,BEL,50.4401,5.7484,2024-09-22,2024-09-29,2024-10-08,Sus scrofa (wild boar),13,11,confirmed,synthetic
EMPRESI-ASF-0003235,WAHIS-ASF-BEL-2024-09-02-01,WAHIS,African swine fever,ASF,Belgium,BEL,51.0304,4.5938,2024-09-08,2024-10-01,2024-10-08,Sus scrofa domesticus,75,67,confirmed,synthetic
EMPRESI-ASF-0003022,WAHIS-ASF-MDA-2024-08-05-00,WAHIS,African swine fever,ASF,Moldova,MDA,47.4316,28.3955,2024-08-08,2024-10-04,2024-10-09,Sus scrofa (wild boar),292,262,confirmed,synthetic
EMPRESI-ASF-0003305,WAHIS-ASF-SRB-2024-09-09-01,WAHIS,African swine fever,ASF,Serbia,SRB,43.3455,22.703,2024-09-10,2024-09-30,2024-10-09,Sus scrofa (wild boar),27,23,confirmed,synthetic
EMPRESI-ASF-0003157,WAHIS-ASF-UKR-2024-08-19-01,WAHIS,African swine fever,ASF,Ukraine,UKR,52.231,32.2793,2024-08-22,2024-10-01,2024-10-09,Sus scrofa (wild boar),77,67,confirmed,synthetic
EMPRESI-ASF-0003345,WAHIS-ASF-FRA-2024-09-23-02,WAHIS,African swine fever,ASF,France,FRA,49.7,5.2626,2024-09-23,2024-09-30,2024-10-09,Sus scrofa domesticus,172,142,confirmed,synthetic
EMPRESI-ASF-0003325,WAHIS-ASF-ITA-2024-09-16-01,WAHIS,African swine fever,ASF,Italy,ITA,41.3939,12.7027,2024-09-17,2024-09-27,2024-10-10,Sus scrofa domesticus,304,264,confirmed,synthetic
EMPRESI-ASF-0003226,WAHIS-ASF-DEU-2024-09-02-04,WAHIS,African swine fever,ASF,Germany,DEU,50.3786,14.9027,2024-09-06,2024-10-05,2024-10-10,Sus scrofa domesticus,123,104,confirmed,synthetic
EMPRESI-ASF-0002926,WAHIS-ASF-POL-2024-07-29-01,WAHIS,African swine fever,ASF,Poland,POL,52.28,18.1754,2024-08-04,2024-09-30,2024-10-10,Sus scrofa domesticus,48,41,confirmed,synthetic
EMPRESI-ASF-0003366,WAHIS-ASF-BGR-2024-09-23-00,WAHIS,African swine fever,ASF,Bulgaria,BGR,42.2056,27.0391,2024-09-24,2024-09-28,2024-10-10,Sus scrofa domesticus,206,180,confirmed,synthetic
EMPRESI-ASF-0003212,WAHIS-ASF-RUS-2024-08-26-01,WAHIS,African swine fever,ASF,Russian Federation,RUS,60.3229,39.7881,2024-08-30,2024-10-03,2024-10-10,Sus scrofa (wild boar),128,105,confirmed,synthetic
EMPRESI-ASF-0003299,WAHIS-ASF-ROU-2024-09-09-02,WAHIS,African swine fever,ASF,Romania,ROU,47.3049,22.6837,2024-09-11,2024-09-30,2024-10-10,Sus scrofa domesticus,70,68,confirmed,synthetic
EMPRESI-ASF-0002894,WAHIS-ASF-MDA-2024-07-22-03,WAHIS,African swine fever,ASF,Moldova,MDA,47.0321,27.1518,2024-07-26,2024-10-02,2024-10-10,Sus scrofa domesticus,187,164,confirmed,synthetic
EMPRESI-ASF-0003340,WAHIS-ASF-GEO-2024-09-16-01,WAHIS,African swine fever,ASF,Georgia,GEO,41.9519,43.9399,2024-09-19,2024-10-02,2024-10-10,Sus scrofa (wild boar),169,149,confirmed,synthetic
EMPRESI-ASF-0003004,WAHIS-ASF-HUN-2024-08-05-06,WAHIS,African swine fever,ASF,Hungary,HUN,47.3381,18.9318,2024-08-05,2024-10-03,2024-10-11,Sus scrofa (wild boar),18,17,confirmed,synthetic
EMPRESI-ASF-0003342,WAHIS-ASF-GEO-2024-09-16-03,WAHIS,African swine fever,ASF,Georgia,GEO,42.6949,42.8563,2024-09-20,2024-10-01,2024-10-11,Sus scrofa (wild boar),167,149,confirmed,synthetic
EMPRESI-ASF-0003353,WAHIS-ASF-ITA-2024-09-23-00,WAHIS,African swine fever,ASF,Italy,ITA,43.3293,12.1666,2024-09-24,2024-10-03,2024-10-11,Sus scrofa domesticus,82,78,confirmed,synthetic
EMPRESI-ASF-0003360,WAHIS-ASF-HUN-2024-09-23-00,WAHIS,African swine fever,ASF,Hungary,HUN,46.0846,20.8708,2024-09-24,2024-10-09,2024-10-12,Sus scrofa domesticus,78,70,confirmed,synthetic
EMPRESI-ASF-0003151,WAHIS-ASF-BGR-2024-08-19-03,WAHIS,African swine fever,ASF,Bulgaria,BGR,41.7646,26.6753,2024-08-19,2024-10-03,2024-10-12,Sus scrofa domesticus,4,4,confirmed,synthetic
EMPRESI-ASF-0003359,WAHIS-ASF-POL-2024-09-23-03,WAHIS,African swine fever,ASF,Poland,POL,53.3561,22.9954,2024-09-25,2024-10-05,2024-10-12,Sus scrofa domesticus,179,161,confirmed,synthetic
EMPRESI-ASF-0003354,WAHIS-ASF-ITA-2024-09-23-01,WAHIS,African swine fever,ASF,Italy,ITA,43.2096,8.9767,2024-09-25,2024-10-03,2024-10-12,Sus scrofa domesticus,4,4,confirmed,synthetic
EMPRESI-ASF-0003255,WAHIS-ASF-ROU-2024-09-02-01,WAHIS,African swine fever,ASF,Romania,ROU,43.4237,24.6696,2024-09-03,2024-10-06,2024-10-12,Sus scrofa domesticus,58,49,confirmed,synthetic
EMPRESI-ASF-0003253,WAHIS-ASF-HUN-2024-09-02-03,WAHIS,African swine fever,ASF,Hungary,HUN,46.5977,18.7365,2024-09-03,2024-10-05,2024-10-13,Sus scrofa domesticus,37,30,confirmed,synthetic
EMPRESI-ASF-0003350,WAHIS-ASF-NLD-2024-09-23-00,WAHIS,African swine fever,ASF,Netherlands,NLD,52.839,6.0944,2024-09-24,2024-10-06,2024-10-13,Sus scrofa (wild boar),56,52,confirmed,synthetic
EMPRESI-ASF-0003256,WAHIS-ASF-ROU-2024-09-02-02,WAHIS,African swine fever,ASF,Romania,ROU,44.2427,24.8479,2024-09-08,2024-10-01,2024-10-13,Sus scrofa (wild boar),12,9,confirmed,synthetic
EMPRESI-ASF-0003285,WAHIS-ASF-BEL-2024-09-09-05,WAHIS,African swine fever,ASF,Belgium,BEL,51.279,4.7943,2024-09-14,2024-10-07,2024-10-13,Sus scrofa (wild boar),47,40,confirmed,synthetic
EMPRESI-ASF-0003111,WAHIS-ASF-NLD-2024-08-19-00,WAHIS,African swine fever,ASF,Netherlands,NLD,52.5719,5.1637,2024-08-20,2024-10-05,2024-10-14,Sus scrofa (wild boar),1,1,confirmed,synthetic
EMPRESI-ASF-0002780,WAHIS-ASF-NLD-2024-07-15-03,WAHIS,African swine fever,ASF,Netherlands,NLD,53.0192,6.4362,2024-07-15,2024-10-05,2024-10-14,Sus scrofa domesticus,284,248,confirmed,synthetic
EMPRESI-ASF-0003170,WAHIS-ASF-NLD-2024-08-26-00,WAHIS,African swine fever,ASF,Netherlands,NLD,52.1946,4.6105,2024-08-28,2024-10-10,2024-10-15,Sus scrofa (wild boar),289,255,confirmed,synthetic
EMPRESI-ASF-0002941,WAHIS-ASF-ROU-2024-07-29-02,WAHIS,African swine fever,ASF,Romania,ROU,46.0553,23.8217,2024-08-03,2024-10-03,2024-10-15,Sus scrofa domesticus,294,252,confirmed,synthetic
EMPRESI-ASF-0003263,WAHIS-ASF-UKR-2024-09-02-01,WAHIS,African swine fever,ASF,Ukraine,UKR,46.9678,28.9186,2024-09-05,2024-10-08,2024-10-15,Sus scrofa (wild boar),262,223,confirmed,synthetic
EMPRESI-ASF-0003237,WAHIS-ASF-BEL-2024-09-02-03,WAHIS,African swine fever,ASF,Belgium,BEL,50.5066,4.5816,2024-09-06,2024-10-11,2024-10-16,Sus scrofa (wild boar),34,29,confirmed,synthetic
EMPRESI-ASF-0003349,WAHIS-ASF-DEU-2024-09-23-03,WAHIS,African swine fever,ASF,Germany,DEU,52.503,9.7933,2024-09-28,2024-10-06,2024-10-16,Sus scrofa (wild boar),106,92,confirmed,synthetic
EMPRESI-ASF-0003200,WAHIS-ASF-ROU-2024-08-26-01,WAHIS,African swine fever,ASF,Romania,ROU,43.8202,24.3941,2024-08-26,2024-10-10,2024-10-16,Sus scrofa domesticus,19,17,confirmed,synthetic
EMPRESI-ASF-0003362,WAHIS-ASF-ROU-2024-09-23-00,WAHIS,African swine fever,ASF,Romania,ROU,46.1842,24.6579,2024-09-24,2024-10-08,2024-10-17,Sus scrofa domesticus,144,129,confirmed,synthetic
EMPRESI-ASF-0003352,WAHIS-ASF-BEL-2024-09-23-00,WAHIS,African swine fever,ASF,Belgium,BEL,51.0001,4.4023,2024-09-25,2024-10-04,2024-10-17,Sus scrofa (wild boar),80,74,confirmed,synthetic
EMPRESI-ASF-0003213,WAHIS-ASF-TUR-2024-08-26-00,WAHIS,African swine fever,ASF,Türkiye,TUR,38.1538,30.0697,2024-08-26,2024-10-10,2024-10-17,Sus scrofa (wild boar),79,69,confirmed,synthetic
EMPRESI-ASF-0003326,WAHIS-ASF-ESP-2024-09-16-00,WAHIS,African swine fever,ASF,Spain,ESP,38.0686,-0.7639,2024-09-17,2024-10-07,2024-10-17,Sus scrofa domesticus,79,66,confirmed,synthetic
EMPRESI-ASF-0003303,WAHIS-ASF-BGR-2024-09-09-02,WAHIS,African swine fever,ASF,Bulgaria,BGR,42.1719,24.711,2024-09-12,2024-10-06,2024-10-18,Sus scrofa domesticus,92,81,confirmed,synthetic
EMPRESI-ASF-0003369,WAHIS-ASF-FRA-2024-09-30-00,WAHIS,African swine fever,ASF,France,FRA,48.3829,2.146,2024-10-04,2024-10-11,2024-10-18,Sus scrofa (wild boar),166,151,confirmed,synthetic
EMPRESI-ASF-0002841,WAHIS-ASF-FRA-2024-07-22-00,WAHIS,African swine fever,ASF,France,FRA,47.5521,-0.5038,2024-07-28,2024-10-12,2024-10-18,Sus scrofa domesticus,92,74,confirmed,synthetic
EMPRESI-ASF-0002934,WAHIS-ASF-HUN-2024-07-29-03,WAHIS,African swine fever,ASF,Hungary,HUN,46.7716,21.3481,2024-08-01,2024-10-12,2024-10-18,Sus scrofa domesticus,98,85,confirmed,synthetic
EMPRESI-ASF-0003069,WAHIS-ASF-POL-2024-08-12-02,WAHIS,African swine fever,ASF,Poland,POL,50.5125,17.744,2024-08-17,2024-10-06,2024-10-18,Sus scrofa (wild boar),207,179,confirmed,synthetic
EMPRESI-ASF-0003371,WAHIS-ASF-NLD-2024-09-30-00,WAHIS,African swine fever,ASF,Netherlands,NLD,52.7363,5.2333,2024-09-30,2024-10-11,2024-10-19,Sus scrofa (wild boar),530,482,confirmed,synthetic
EMPRESI-ASF-0003245,WAHIS-ASF-POL-2024-09-02-00,WAHIS,African swine fever,ASF,Poland,POL,50.2657,20.2445,2024-09-06,2024-10-13,2024-10-20,Sus scrofa domesticus,37,34,confirmed,synthetic
EMPRESI-ASF-0003261,WAHIS-ASF-SRB-2024-09-02-00,WAHIS,African swine fever,ASF,Serbia,SRB,44.0693,21.4256,2024-09-04,2024-10-09,2024-10-20,Sus scrofa domesticus,137,129,confirmed,synthetic
EMPRESI-ASF-0003364,WAHIS-ASF-ROU-2024-09-23-02,WAHIS,African swine fever,ASF,Romania,ROU,46.7188,26.8238,2024-09-29,2024-10-09,2024-10-20,Sus scrofa (wild boar),91,84,confirmed,synthetic
EMPRESI-ASF-0003384,WAHIS-ASF-MAR-2024-09-30-00,WAHIS,African swine fever,ASF,Morocco,MAR,34.9598,-8.2476,2024-10-04,2024-10-16,2024-10-21,Sus scrofa (wild boar),257,232,confirmed,synthetic
EMPRESI-ASF-0003232,WAHIS-ASF-NLD-2024-09-02-04,WAHIS,African swine fever,ASF,Netherlands,NLD,51.5163,5.3803,2024-09-02,2024-10-13,2024-10-22,Sus scrofa (wild boar),583,514,confirmed,synthetic
EMPRESI-ASF-0003259,WAHIS-ASF-BGR-2024-09-02-02,WAHIS,African swine fever,ASF,Bulgaria,BGR,42.1739,25.3246,2024-09-04,2024-10-17,2024-10-22,Sus scrofa (wild boar),44,40,confirmed,synthetic
EMPRESI-ASF-0003086,WAHIS-ASF-SRB-2024-08-12-00,WAHIS,African swine fever,ASF,Serbia,SRB,44.1495,21.2389,2024-08-15,2024-10-19,2024-10-22,Sus scrofa domesticus,23,21,confirmed,synthetic
EMPRESI-ASF-0003356,WAHIS-ASF-POL-2024-09-23-00,WAHIS,African swine fever,ASF,Poland,POL,50.6715,20.3273,2024-09-27,2024-10-18,2024-10-23,Sus scrofa (wild boar),191,173,confirmed,synthetic
EMPRESI-ASF-0003387,WAHIS-ASF-DEU-2024-10-07-01,WAHIS,African swine fever,ASF,Germany,DEU,52.445,11.2075,2024-10-11,2024-10-19,2024-10-23,Sus scrofa domesticus,177,160,confirmed,synthetic
EMPRESI-ASF-0003319,WAHIS-ASF-FRA-2024-09-16-00,WAHIS,African swine fever,ASF,France,FRA,47.0414,2.2366,2024-09-20,2024-10-11,2024-10-23,Sus scrofa domesticus,201,181,confirmed,synthetic
EMPRESI-ASF-0003380,WAHIS-ASF-RUS-2024-09-30-01,WAHIS,African swine fever,ASF,Russian Federation,RUS,55.7866,41.2684,2024-10-03,2024-10-15,2024-10-23,Sus scrofa (wild boar),17,15,confirmed,synthetic
EMPRESI-ASF-0003321,WAHIS-ASF-NLD-2024-09-16-00,WAHIS,African swine fever,ASF,Netherlands,NLD,52.2139,7.1981,2024-09-18,2024-10-17,2024-10-23,Sus scrofa (wild boar),47,42,confirmed,synthetic
EMPRESI-ASF-0003320,WAHIS-ASF-DEU-2024-09-16-00,WAHIS,African swine fever,ASF,Germany,DEU,53.3534,11.9534,2024-09-19,2024-10-16,2024-10-23,Sus scrofa domesticus,155,143,confirmed,synthetic
EMPRESI-ASF-0003336,WAHIS-ASF-MDA-2024-09-16-00,WAHIS,African swine fever,ASF,Moldova,MDA,47.7828,28.8533,2024-09-17,2024-10-17,2024-10-24,Sus scrofa domesticus,245,217,confirmed,synthetic
EMPRESI-ASF-0003280,WAHIS-ASF-BEL-2024-09-09-00,WAHIS,African swine fever,ASF,Belgium,BEL,51.0341,4.2339,2024-09-15,2024-10-16,2024-10-24,Sus scrofa (wild boar),114,104,confirmed,synthetic
EMPRESI-ASF-0003251,WAHIS-ASF-HUN-2024-09-02-01,WAHIS,African swine fever,ASF,Hungary,HUN,47.0754,19.3859,2024-09-05,2024-10-17,2024-10-24,Sus scrofa (wild boar),15,14,confirmed,synthetic
EMPRESI-ASF-0003374,WAHIS-ASF-BEL-2024-09-30-01,WAHIS,African swine fever,ASF,Belgium,BEL,51.3633,4.0406,2024-10-04,2024-10-20,2024-10-25,Sus scrofa domesticus,196,169,confirmed,synthetic
EMPRESI-ASF-0003393,WAHIS-ASF-ROU-2024-10-07-00,WAHIS,African swine fever,ASF,Romania,ROU,43.7711,26.3033,2024-10-07,2024-10-17,2024-10-25,Sus scrofa (wild boar),197,173,confirmed,synthetic
EMPRESI-HPAI-0001917,WAHIS-HPAI-NLD-2024-10-14-00,WAHIS,High pathogenicity avian influenza,HPAI,Netherlands,NLD,51.1748,5.8444,2024-10-15,2024-10-19,2024-10-25,Meleagris gallopavo (domestic),5673,3100,confirmed,synthetic
EMPRESI-ASF-0003083,WAHIS-ASF-BGR-2024-08-12-00,WAHIS,African swine fever,ASF,Bulgaria,BGR,42.5807,25.0398,2024-08-13,2024-10-18,2024-10-25,Sus scrofa domesticus,69,58,confirmed,synthetic
EMPRESI-ASF-0003367,WAHIS-ASF-TUR-2024-09-23-00,WAHIS,African swine fever,ASF,Türkiye,TUR,38.9914,37.4724,2024-09-24,2024-10-16,2024-10-25,Sus scrofa domesticus,16,15,confirmed,synthetic
EMPRESI-ASF-0003265,WAHIS-ASF-MDA-2024-09-02-01,WAHIS,African swine fever,ASF,Moldova,MDA,46.4019,28.611,2024-09-08,2024-10-16,2024-10-26,Sus scrofa (wild boar),92,84,confirmed,synthetic
EMPRESI-ASF-0003347,WAHIS-ASF-DEU-2024-09-23-01,WAHIS,African swine fever,ASF,Germany,DEU,51.2812,13.9281,2024-09-25,2024-10-19,2024-10-26,Sus scrofa domesticus,51,44,confirmed,synthetic
EMPRESI-ASF-0003028,WAHIS-ASF-GEO-2024-08-05-00,WAHIS,African swine fever,ASF,Georgia,GEO,42.8595,42.3889,2024-08-10,2024-10-20,2024-10-26,Sus scrofa (wild boar),66,53,confirmed,synthetic
EMPRESI-ASF-0003189,WAHIS-ASF-POL-2024-08-26-00,WAHIS,African swine fever,ASF,Poland,POL,52.9833,16.8425,2024-08-31,2024-10-21,2024-10-27,Sus scrofa domesticus,248,223,confirmed,synthetic
EMPRESI-ASF-0003392,WAHIS-ASF-POL-2024-10-07-00,WAHIS,African swine fever,ASF,Poland,POL,52.062,22.6922,2024-10-08,2024-10-20,2024-10-27,Sus scrofa (wild boar),267,228,confirmed,synthetic
EMPRESI-ASF-0003216,WAHIS-ASF-ISR-2024-08-26-00,WAHIS,African swine fever,ASF,Israel,ISR,31.3168,35.5513,2024-08-26,2024-10-23,2024-10-28,Sus scrofa (wild boar),257,225,confirmed,synthetic
EMPRESI-ASF-0003396,WAHIS-ASF-DEU-2024-10-14-01,WAHIS,African swine fever,ASF,Germany,DEU,53.8542,10.5091,2024-10-16,2024-10-22,2024-10-29,Sus scrofa domesticus,19,17,confirmed,synthetic
EMPRESI-ASF-0003382,WAHIS-ASF-TUR-2024-09-30-00,WAHIS,African swine fever,ASF,Türkiye,TUR,39.0581,40.3194,2024-10-02,2024-10-20,2024-10-29,Sus scrofa domesticus,27,27,confirmed,synthetic
EMPRESI-HPAI-0001915,WAHIS-HPAI-ROU-2024-10-07-00,WAHIS,High pathogenicity avian influenza,HPAI,Romania,ROU,44.9232,26.7887,2024-10-08,2024-10-22,2024-10-29,Larus spp. (wild),2827,1567,confirmed,synthetic
EMPRESI-HPAI-0001916,WAHIS-HPAI-DEU-2024-10-14-00,WAHIS,High pathogenicity avian influenza,HPAI,Germany,DEU,53.5877,7.814,2024-10-14,2024-10-19,2024-10-29,Larus spp. (wild),5208,2891,confirmed,synthetic
EMPRESI-ASF-0003400,WAHIS-ASF-ESP-2024-10-14-00,WAHIS,African swine fever,ASF,Spain,ESP,41.5148,0.0319,2024-10-19,2024-10-27,2024-10-30,Sus scrofa (wild boar),168,151,confirmed,synthetic
EMPRESI-ASF-0003358,WAHIS-ASF-POL-2024-09-23-02,WAHIS,African swine fever,ASF,Poland,POL,53.6089,19.747,2024-09-25,2024-10-23,2024-10-30,Sus scrofa (wild boar),73,66,confirmed,synthetic
EMPRESI-ASF-0003072,WAHIS-ASF-POL-2024-08-12-05,WAHIS,African swine fever,ASF,Poland,POL,51.3672,17.959,2024-08-14,2024-10-23,2024-10-30,Sus scrofa domesticus,24,21,confirmed,synthetic
EMPRESI-ASF-0003246,WAHIS-ASF-POL-2024-09-02-01,WAHIS,African swine fever,ASF,Poland,POL,53.9404,19.9243,2024-09-05,2024-10-20,2024-10-31,Sus scrofa (wild boar),130,119,confirmed,synthetic
EMPRESI-ASF-0003248,WAHIS-ASF-POL-2024-09-02-03,WAHIS,African swine fever,ASF,Poland,POL,51.7395,16.1603,2024-09-04,2024-10-22,2024-11-01,Sus scrofa (wild boar),85,76,confirmed,synthetic
EMPRESI-ASF-0003215,WAHIS-ASF-GEO-2024-08-26-01,WAHIS,African swine fever,ASF,Georgia,GEO,42.1336,42.8539,2024-08-28,2024-10-22,2024-11-01,Sus scrofa domesticus,83,75,confirmed,synthetic
EMPRESI-ASF-0003385,WAHIS-ASF-FRA-2024-10-07-00,WAHIS,African swine fever,ASF,France,FRA,46.5053,-1.3995,2024-10-08,2024-10-26,2024-11-01,Sus scrofa (wild boar),64,62,confirmed,synthetic
EMPRESI-ASF-0003372,WAHIS-ASF-NLD-2024-09-30-01,WAHIS,African swine fever,ASF,Netherlands,NLD,51.7937,4.6251,2024-10-03,2024-10-24,2024-11-02,Sus scrofa domesticus,45,39,confirmed,synthetic
EMPRESI-ASF-0003179,WAHIS-ASF-BEL-2024-08-26-01,WAHIS,African swine fever,ASF,Belgium,BEL,51.1185,5.2439,2024-08-29,2024-10-23,2024-11-02,Sus scrofa (wild boar),95,87,confirmed,synthetic
EMPRESI-ASF-0003317,WAHIS-ASF-GEO-2024-09-09-00,WAHIS,African swine fever,ASF,Georgia,GEO,41.418,43.3799,2024-09-11,2024-10-28,2024-11-02,Sus scrofa (wild boar),13,11,confirmed,synthetic
EMPRESI-ASF-0003406,WAHIS-ASF-SRB-2024-10-14-00,WAHIS,African swine fever,ASF,Serbia,SRB,43.5655,22.4547,2024-10-16,2024-10-29,2024-11-03,Sus scrofa domesticus,59,54,confirmed,synthetic
EMPRESI-ASF-0003302,WAHIS-ASF-BGR-2024-09-09-01,WAHIS,African swine fever,ASF,Bulgaria,BGR,42.0817,26.6852,2024-09-14,2024-10-29,2024-11-03,Sus scrofa (wild boar),44,37,confirmed,synthetic
EMPRESI-ASF-0003133,WAHIS-ASF-POL-2024-08-19-05,WAHIS,African swine fever,ASF,Poland,POL,54.7227,19.574,2024-08-25,2024-10-23,2024-11-03,Sus scrofa domesticus,214,183,confirmed,synthetic
EMPRESI-ASF-0003224,WAHIS-ASF-DEU-2024-09-02-02,WAHIS,African swine fever,ASF,Germany,DEU,49.8961,12.3526,2024-09-07,2024-10-27,2024-11-03,Sus scrofa (wild boar),76,67,confirmed,synthetic
EMPRESI-ASF-0003397,WAHIS-ASF-DEU-2024-10-14-02,WAHIS,African swine fever,ASF,Germany,DEU,50.1976,14.735,2024-10-14,2024-10-29,2024-11-04,Sus scrofa (wild boar),115,95,confirmed,synthetic
EMPRESI-ASF-0003332,WAHIS-ASF-ROU-2024-09-16-01,WAHIS,African swine fever,ASF,Romania,ROU,44.3582,25.2537,2024-09-20,2024-10-28,2024-11-04,Sus scrofa domesticus,233,205,confirmed,synthetic
EMPRESI-ASF-0003407,WAHIS-ASF-UKR-2024-10-14-00,WAHIS,African swine fever,ASF,Ukraine,UKR,51.6967,33.2033,2024-10-16,2024-10-29,2024-11-04,Sus scrofa (wild boar),40,35,confirmed,synthetic
EMPRESI-ASF-0003373,WAHIS-ASF-BEL-2024-09-30-00,WAHIS,African swine fever,ASF,Belgium,BEL,49.7578,4.9904,2024-10-05,2024-10-29,2024-11-05,Sus scrofa (wild boar),33,31,confirmed,synthetic
EMPRESI-ASF-0003229,WAHIS-ASF-NLD-2024-09-02-01,WAHIS,African swine fever,ASF,Netherlands,NLD,51.433,4.7906,2024-09-05,2024-10-27,2024-11-05,Sus scrofa (wild boar),74,63,confirmed,synthetic
EMPRESI-ASF-0003412,WAHIS-ASF-TUN-2024-10-14-00,WAHIS,African swine fever,ASF,Tunisia,TUN,33.0876,11.5929,2024-10-15,2024-10-29,2024-11-05,Sus scrofa (wild boar),282,257,confirmed,synthetic
EMPRESI-HPAI-0001920,WAHIS-HPAI-BEL-2024-10-14-00,WAHIS,High pathogenicity avian influenza,HPAI,Belgium,BEL,51.4071,4.7777,2024-10-20,2024-10-29,2024-11-06,Larus spp. (wild),3856,2135,confirmed,synthetic
EMPRESI-ASF-0003203,WAHIS-ASF-BGR-2024-08-26-00,WAHIS,African swine fever,ASF,Bulgaria,BGR,42.4122,23.1302,2024-08-26,2024-10-31,2024-11-07,Sus scrofa domesticus,318,279,confirmed,synthetic
EMPRESI-ASF-0003409,WAHIS-ASF-TUR-2024-10-14-00,WAHIS,African swine fever,ASF,Türkiye,TUR,38.386,30.9728,2024-10-17,2024-10-29,2024-11-08,Sus scrofa domesticus,15,12,confirmed,synthetic
EMPRESI-ASF-0003410,WAHIS-ASF-GEO-2024-10-14-00,WAHIS,African swine fever,ASF,Georgia,GEO,41.8176,43.3095,2024-10-15,2024-11-01,2024-11-08,Sus scrofa domesticus,42,34,confirmed,synthetic
EMPRESI-HPAI-0001919,WAHIS-HPAI-NLD-2024-10-14-02,WAHIS,High pathogenicity avian influenza,HPAI,Netherlands,NLD,51.5367,6.5666,2024-10-15,2024-11-02,2024-11-09,Cygnus olor (wild),3149,1719,confirmed,synthetic
EMPRESI-ASF-0003193,WAHIS-ASF-POL-2024-08-26-04,WAHIS,African swine fever,ASF,Poland,POL,51.9335,20.4266,2024-08-28,2024-11-02,2024-11-09,Sus scrofa (wild boar),66,61,confirmed,synthetic
EMPRESI-ASF-0003287,WAHIS-ASF-ITA-2024-09-09-00,WAHIS,African swine fever,ASF,Italy,ITA,42.0881,15.7634,2024-09-15,2024-10-31,2024-11-09,Sus scrofa domesticus,172,150,confirmed,synthetic
EMPRESI-ASF-0003416,WAHIS-ASF-POL-2024-10-21-00,WAHIS,African swine fever,ASF,Poland,POL,53.3913,18.3729,2024-10-23,2024-11-03,2024-11-10,Sus scrofa (wild boar),307,259,confirmed,synthetic
EMPRESI-ASF-0003290,WAHIS-ASF-ITA-2024-09-09-03,WAHIS,African swine fever,ASF,Italy,ITA,41.7728,13.816,2024-09-11,2024-11-01,2024-11-11,Sus scrofa domesticus,115,101,confirmed,synthetic
EMPRESI-HPAI-0001926,WAHIS-HPAI-NLD-2024-10-28-02,WAHIS,High pathogenicity avian influenza,HPAI,Netherlands,NLD,52.5584,5.8951,2024-11-01,2024-11-04,2024-11-13,Anas platyrhynchos (domestic),2803,1539,confirmed,synthetic
EMPRESI-ASF-0003404,WAHIS-ASF-ROU-2024-10-14-00,WAHIS,African swine fever,ASF,Romania,ROU,44.7736,22.3744,2024-10-18,2024-11-01,2024-11-13,Sus scrofa domesticus,77,68,confirmed,synthetic
EMPRESI-ASF-0003327,WAHIS-ASF-ESP-2024-09-16-01,WAHIS,African swine fever,ASF,Spain,ESP,37.6473,-3.876,2024-09-22,2024-11-09,2024-11-14,Sus scrofa (wild boar),187,163,confirmed,synthetic
EMPRESI-HPAI-0001923,WAHIS-HPAI-NLD-2024-10-21-00,WAHIS,High pathogenicity avian influenza,HPAI,Netherlands,NLD,53.0661,4.7901,2024-10-27,2024-11-06,2024-11-14,Anas platyrhynchos (domestic),6248,3451,confirmed,synthetic
EMPRESI-ASF-0003283,WAHIS-ASF-BEL-2024-09-09-03,WAHIS,African swine fever,ASF,Belgium,BEL,50.8108,5.374,2024-09-13,2024-11-08,2024-11-17,Sus scrofa domesticus,225,193,confirmed,synthetic
EMPRESI-HPAI-0001921,WAHIS-HPAI-EGY-2024-10-14-00,WAHIS,High pathogenicity avian influenza,HPAI,Egypt,EGY,25.4011,29.1183,2024-10-20,2024-11-04,2024-11-17,Cygnus olor (wild),4565,2496,confirmed,synthetic
EMPRESI-HPAI-0001941,WAHIS-HPAI-POL-2024-11-04-00,WAHIS,High pathogenicity avian influenza,HPAI,Poland,POL,53.4818,23.0447,2024-11-04,2024-11-11,2024-11-17,Gallus gallus (domestic),3428,1869,confirmed,synthetic
EMPRESI-ASF-0003418,WAHIS-ASF-DEU-2024-10-28-00,WAHIS,African swine fever,ASF,Germany,DEU,51.6686,8.994,2024-11-01,2024-11-11,2024-11-17,Sus scrofa domesticus,3,3,confirmed,synthetic
EMPRESI-ASF-0003386,WAHIS-ASF-DEU-2024-10-07-00,WAHIS,African swine fever,ASF,Germany,DEU,50.3546,10.1287,2024-10-11,2024-11-08,2024-11-17,Sus scrofa domesticus,103,86,confirmed,synthetic
EMPRESI-ASF-0003415,WAHIS-ASF-ITA-2024-10-21-00,WAHIS,African swine fever,ASF,Italy,ITA,44.9268,13.5879,2024-10-26,2024-11-06,2024-11-18,Sus scrofa domesticus,281,249,confirmed,synthetic
EMPRESI-HPAI-0001925,WAHIS-HPAI-NLD-2024-10-28-01,WAHIS,High pathogenicity avian influenza,HPAI,Netherlands,NLD,52.4898,6.3119,2024-11-02,2024-11-12,2024-11-19,Meleagris gallopavo (domestic),3463,1850,confirmed,synthetic
EMPRESI-ASF-0003394,WAHIS-ASF-TUR-2024-10-07-00,WAHIS,African swine fever,ASF,Türkiye,TUR,39.4667,40.5578,2024-10-08,2024-11-12,2024-11-20,Sus scrofa (wild boar),23,21,confirmed,synthetic
EMPRESI-ASF-0003413,WAHIS-ASF-BEL-2024-10-21-00,WAHIS,African swine fever,ASF,Belgium,BEL,49.8978,3.8391,2024-10-22,2024-11-08,2024-11-20,Sus scrofa domesticus,41,35,confirmed,synthetic
EMPRESI-ASF-0003388,WAHIS-ASF-DEU-2024-10-07-02,WAHIS,African swine fever,ASF,Germany,DEU,51.8751,11.9087,2024-10-07,2024-11-20,2024-11-23,Sus scrofa domesticus,216,188,confirmed,synthetic
EMPRESI-HPAI-0001936,WAHIS-HPAI-NLD-2024-11-04-06,WAHIS,High pathogenicity avian influenza,HPAI,Netherlands,NLD,52.3805,6.8686,2024-11-10,2024-11-14,2024-11-23,Gallus gallus (domestic),8167,4467,confirmed,synthetic
EMPRESI-HPAI-0001955,WAHIS-HPAI-BEL-2024-11-11-02,WAHIS,High pathogenicity avian influenza,HPAI,Belgium,BEL,50.917,4.1476,2024-11-13,2024-11-18,2024-11-24,Meleagris gallopavo (domestic),2455,1343,confirmed,synthetic
EMPRESI-HPAI-0001933,WAHIS-HPAI-NLD-2024-11-04-03,WAHIS,High pathogenicity avian influenza,HPAI,Netherlands,NLD,53.1904,5.2403,2024-11-08,2024-11-19,2024-11-24,Cygnus olor (wild),2945,1687,confirmed,synthetic
EMPRESI-HPAI-0001960,WAHIS-HPAI-BEL-2024-11-11-07,WAHIS,High pathogenicity avian influenza,HPAI,Belgium,BEL,50.0133,4.4417,2024-11-11,2024-11-16,2024-11-25,Gallus gallus (domestic),5723,3194,confirmed,synthetic
EMPRESI-ASF-0003331,WAHIS-ASF-ROU-2024-09-16-00,WAHIS,African swine fever,ASF,Romania,ROU,44.2034,24.0036,2024-09-20,2024-11-16,2024-11-25,Sus scrofa domesticus,59,53,confirmed,synthetic
EMPRESI-HPAI-0001946,WAHIS-HPAI-DEU-2024-11-11-02,WAHIS,High pathogenicity avian influenza,HPAI,Germany,DEU,54.0617,9.274,2024-11-13,2024-11-18,2024-11-25,Cygnus olor (wild),3888,2159,confirmed,synthetic
EMPRESI-ASF-0003378,WAHIS-ASF-SRB-2024-09-30-00,WAHIS,African swine fever,ASF,Serbia,SRB,44.823,20.0881,2024-10-01,2024-11-17,2024-11-26,Sus scrofa domesticus,86,71,confirmed,synthetic
EMPRESI-HPAI-0001954,WAHIS-HPAI-BEL-2024-11-11-01,WAHIS,High pathogenicity avian influenza,HPAI,Belgium,BEL,50.1401,4.3389,2024-11-14,2024-11-19,2024-11-26,Meleagris gallopavo (domestic),1011,549,confirmed,synthetic
EMPRESI-HPAI-0001938,WAHIS-HPAI-NLD-2024-11-04-08,WAHIS,High pathogenicity avian influenza,HPAI,Netherlands,NLD,52.3829,4.7697,2024-11-09,2024-11-20,2024-11-26,Cygnus olor (wild),3549,1905,confirmed,synthetic
EMPRESI-HPAI-0001918,WAHIS-HPAI-NLD-2024-10-14-01,WAHIS,High pathogenicity avian influenza,HPAI,Netherlands,NLD,52.4607,5.9915,2024-10-17,2024-11-18,2024-11-26,Cygnus olor (wild),1596,882,confirmed,synthetic
EMPRESI-HPAI-0001959,WAHIS-HPAI-BEL-2024-11-11-06,WAHIS,High pathogenicity avian influenza,HPAI,Belgium,BEL,50.8516,4.6515,2024-11-12,2024-11-17,2024-11-26,Gallus gallus (domestic),9214,5043,confirmed,synthetic
EMPRESI-HPAI-0001929,WAHIS-HPAI-DEU-2024-11-04-01,WAHIS,High pathogenicity avian influenza,HPAI,Germany,DEU,53.5418,9.1107,2024-11-05,2024-11-21,2024-11-27,Meleagris gallopavo (domestic),3828,2132,confirmed,synthetic
EMPRESI-ASF-0003264,WAHIS-ASF-MDA-2024-09-02-00,WAHIS,African swine fever,ASF,Moldova,MDA,47.4126,27.1961,2024-09-03,2024-11-22,2024-11-27,Sus scrofa domesticus,73,66,confirmed,synthetic
EMPRESI-ASF-0003402,WAHIS-ASF-POL-2024-10-14-01,WAHIS,African swine fever,ASF,Poland,POL,50.1719,19.7619,2024-10-19,2024-11-16,2024-11-27,Sus scrofa (wild boar),80,73,confirmed,synthetic
EMPRESI-HPAI-0001939,WAHIS-HPAI-BEL-2024-11-04-00,WAHIS,High pathogenicity avian influenza,HPAI,Belgium,BEL,51.1464,4.1087,2024-11-09,2024-11-21,2024-11-27,Gallus gallus (domestic),12619,6875,confirmed,synthetic
EMPRESI-HPAI-0001966,WAHIS-HPAI-DEU-2024-11-18-00,WAHIS,High pathogenicity avian influenza,HPAI,Germany,DEU,51.4665,7.2264,2024-11-18,2024-11-22,2024-11-28,Larus spp. (wild),1588,848,confirmed,synthetic
EMPRESI-HPAI-0001956,WAHIS-HPAI-BEL-2024-11-11-03,WAHIS,High pathogenicity avian influenza,HPAI,Belgium,BEL,50.0925,4.8946,2024-11-16,2024-11-24,2024-11-28,Larus spp. (wild),4965,2742,confirmed,synthetic
EMPRESI-HPAI-0001935,WAHIS-HPAI-NLD-2024-11-04-05,WAHIS,High pathogenicity avian influenza,HPAI,Netherlands,NLD,51.958,6.6617,2024-11-09,2024-11-17,2024-11-29,Anas platyrhynchos (domestic),7230,4001,confirmed,synthetic
EMPRESI-HPAI-0001963,WAHIS-HPAI-ITA-2024-11-11-00,WAHIS,High pathogenicity avian influenza,HPAI,Italy,ITA,43.723,10.9065,2024-11-17,2024-11-24,2024-11-29,Anas platyrhynchos (domestic),677,367,confirmed,synthetic
EMPRESI-HPAI-0001977,WAHIS-HPAI-BEL-2024-11-18-03,WAHIS,High pathogenicity avian influenza,HPAI,Belgium,BEL,50.9138,4.0303,2024-11-20,2024-11-23,2024-11-29,Meleagris gallopavo (domestic),209,126,confirmed,synthetic
EMPRESI-ASF-0003398,WAHIS-ASF-NLD-2024-10-14-00,WAHIS,African swine fever,ASF,Netherlands,NLD,52.8356,5.9925,2024-10-18,2024-11-24,2024-11-30,Sus scrofa domesticus,73,67,confirmed,synthetic
EMPRESI-HPAI-0001948,WAHIS-HPAI-NLD-2024-11-11-00,WAHIS,High pathogenicity avian influenza,HPAI,Netherlands,NLD,52.917,6.2159,2024-11-14,2024-11-18,2024-11-30,Larus spp. (wild),3766,2064,confirmed,synthetic
EMPRESI-HPAI-0001942,WAHIS-HPAI-UKR-2024-11-04-00,WAHIS,High pathogenicity avian influenza,HPAI,Ukraine,UKR,49.351,31.2452,2024-11-07,2024-11-19,2024-11-30,Anas platyrhynchos (domestic),5828,3232,confirmed,synthetic
EMPRESI-HPAI-0001967,WAHIS-HPAI-DEU-2024-11-18-01,WAHIS,High pathogenicity avian influenza,HPAI,Germany,DEU,51.0648,9.4979,2024-11-21,2024-11-25,2024-12-01,Cygnus olor (wild),4798,2622,confirmed,synthetic
EMPRESI-HPAI-0001937,WAHIS-HPAI-NLD-2024-11-04-07,WAHIS,High pathogenicity avian influenza,HPAI,Netherlands,NLD,52.2666,5.1583,2024-11-09,2024-11-21,2024-12-01,Anas platyrhynchos (domestic),7576,4212,confirmed,synthetic
EMPRESI-HPAI-0001970,WAHIS-HPAI-NLD-2024-11-18-02,WAHIS,High pathogenicity avian influenza,HPAI,Netherlands,NLD,51.2357,5.1346,2024-11-22,2024-11-26,2024-12-01,Larus spp. (wild),2256,1266,confirmed,synthetic
EMPRESI-HPAI-0001945,WAHIS-HPAI-DEU-2024-11-11-01,WAHIS,High pathogenicity avian influenza,HPAI,Germany,DEU,51.3479,14.078,2024-11-14,2024-11-28,2024-12-02,Meleagris gallopavo (domestic),1829,1015,confirmed,synthetic
EMPRESI-HPAI-0001962,WAHIS-HPAI-BEL-2024-11-11-09,WAHIS,High pathogenicity avian influenza,HPAI,Belgium,BEL,51.2661,3.9144,2024-11-15,2024-11-26,2024-12-02,Larus spp. (wild),3558,1954,confirmed,synthetic
EMPRESI-HPAI-0001928,WAHIS-HPAI-DEU-2024-11-04-00,WAHIS,High pathogenicity avian influenza,HPAI,Germany,DEU,51.4016,14.9939,2024-11-09,2024-11-23,2024-12-02,Meleagris gallopavo (domestic),3446,1924,confirmed,synthetic
EMPRESI-HPAI-0001976,WAHIS-HPAI-BEL-2024-11-18-02,WAHIS,High pathogenicity avian influenza,HPAI,Belgium,BEL,50.3695,5.023,2024-11-19,2024-11-25,2024-12-03,Larus spp. (wild),940,531,confirmed,synthetic
EMPRESI-HPAI-0001965,WAHIS-HPAI-FRA-2024-11-18-00,WAHIS,High pathogenicity avian influenza,HPAI,France,FRA,47.6536,-1.665,2024-11-21,2024-11-28,2024-12-03,Cygnus olor (wild),17289,9584,confirmed,synthetic
EMPRESI-HPAI-0001964,WAHIS-HPAI-RUS-2024-11-11-00,WAHIS,High pathogenicity avian influenza,HPAI,Russian Federation,RUS,54.87,38.6604,2024-11-14,2024-11-27,2024-12-04,Anas platyrhynchos (domestic),5392,2939,confirmed,synthetic
EMPRESI-HPAI-0001975,WAHIS-HPAI-BEL-2024-11-18-01,WAHIS,High pathogenicity avian influenza,HPAI,Belgium,BEL,50.177,4.6713,2024-11-20,2024-11-29,2024-12-04,Anas platyrhynchos (domestic),8632,4724,confirmed,synthetic
EMPRESI-HPAI-0001953,WAHIS-HPAI-BEL-2024-11-11-00,WAHIS,High pathogenicity avian influenza,HPAI,Belgium,BEL,50.5617,4.2052,2024-11-14,2024-11-29,2024-12-04,Anas platyrhynchos (domestic),8876,4813,confirmed,synthetic
EMPRESI-ASF-0003065,WAHIS-ASF-ESP-2024-08-12-00,WAHIS,African swine fever,ASF,Spain,ESP,37.9503,-6.6609,2024-08-17,2024-11-26,2024-12-05,Sus scrofa (wild boar),35,33,confirmed,synthetic
EMPRESI-HPAI-0001940,WAHIS-HPAI-BEL-2024-11-04-01,WAHIS,High pathogenicity avian influenza,HPAI,Belgium,BEL,50.5782,5.6557,2024-11-04,2024-11-29,2024-12-06,Gallus gallus (domestic),2619,1436,confirmed,synthetic
EMPRESI-HPAI-0001972,WAHIS-HPAI-NLD-2024-11-18-04,WAHIS,High pathogenicity avian influenza,HPAI,Netherlands,NLD,52.8531,4.5136,2024-11-21,2024-11-28,2024-12-06,Anas platyrhynchos (domestic),1508,811,confirmed,synthetic
EMPRESI-HPAI-0001969,WAHIS-HPAI-NLD-2024-11-18-01,WAHIS,High pathogenicity avian influenza,HPAI,Netherlands,NLD,52.2815,6.596,2024-11-23,2024-12-01,2024-12-06,Larus spp. (wild),1878,1045,confirmed,synthetic
EMPRESI-ASF-0003419,WAHIS-ASF-BEL-2024-10-28-00,WAHIS,African swine fever,ASF,Belgium,BEL,50.3334,3.9449,2024-10-28,2024-11-29,2024-12-06,Sus scrofa (wild boar),30,27,confirmed,synthetic
EMPRESI-HPAI-0001924,WAHIS-HPAI-NLD-2024-10-28-00,WAHIS,High pathogenicity avian influenza,HPAI,Netherlands,NLD,52.3306,7.0491,2024-11-01,2024-11-27,2024-12-06,Meleagris gallopavo (domestic),455,260,confirmed,synthetic
EMPRESI-HPAI-0001971,WAHIS-HPAI-NLD-2024-11-18-03,WAHIS,High pathogenicity avian influenza,HPAI,Netherlands,NLD,52.4225,5.3886,2024-11-23,2024-12-01,2024-12-07,Meleagris gallopavo (domestic),6794,3770,confirmed,synthetic
EMPRESI-HPAI-0001973,WAHIS-HPAI-NLD-2024-11-18-05,WAHIS,High pathogenicity avian influenza,HPAI,Netherlands,NLD,52.7236,5.7332,2024-11-19,2024-11-28,2024-12-07,Anas platyrhynchos (domestic),2734,1505,confirmed,synthetic
EMPRESI-HPAI-0001952,WAHIS-HPAI-NLD-2024-11-11-04,WAHIS,High pathogenicity avian influenza,HPAI,Netherlands,NLD,52.1007,6.4358,2024-11-14,2024-12-02,2024-12-07,Meleagris gallopavo (domestic),1899,1011,confirmed,synthetic
EMPRESI-HPAI-0001951,WAHIS-HPAI-NLD-2024-11-11-03,WAHIS,High pathogenicity avian influenza,HPAI,Netherlands,NLD,52.4713,5.0567,2024-11-17,2024-12-02,2024-12-08,Gallus gallus (domestic),1521,835,confirmed,synthetic
EMPRESI-ASF-0003052,WAHIS-ASF-BEL-2024-08-12-07,WAHIS,African swine fever,ASF,Belgium,BEL,49.7428,4.2291,2024-08-15,2024-11-30,2024-12-08,Sus scrofa (wild boar),47,42,confirmed,synthetic
EMPRESI-ASF-0003405,WAHIS-ASF-ROU-2024-10-14-01,WAHIS,African swine fever,ASF,Romania,ROU,44.9847,27.3988,2024-10-18,2024-11-30,2024-12-08,Sus scrofa (wild boar),102,94,confirmed,synthetic
EMPRESI-HPAI-0001927,WAHIS-HPAI-FRA-2024-11-04-00,WAHIS,High pathogenicity avian influenza,HPAI,France,FRA,45.6788,3.4864,2024-11-07,2024-11-30,2024-12-09,Anas platyrhynchos (domestic),1193,631,confirmed,synthetic
EMPRESI-ASF-0003421,WAHIS-ASF-SRB-2024-11-04-00,WAHIS,African swine fever,ASF,Serbia,SRB,45.348,20.3146,2024-11-09,2024-11-30,2024-12-09,Sus scrofa domesticus,80,69,confirmed,synthetic
EMPRESI-HPAI-0001999,WAHIS-HPAI-NLD-2024-11-25-06,WAHIS,High pathogenicity avian influenza,HPAI,Netherlands,NLD,51.2894,6.0587,2024-11-25,2024-12-03,2024-12-10,Cygnus olor (wild),7704,4265,confirmed,synthetic
EMPRESI-HPAI-0002013,WAHIS-HPAI-RUS-2024-11-25-01,WAHIS,High pathogenicity avian influenza,HPAI,Russian Federation,RUS,51.4385,38.2547,2024-11-28,2024-12-01,2024-12-10,Gallus gallus (domestic),1358,765,confirmed,synthetic
EMPRESI-HPAI-0001931,WAHIS-HPAI-NLD-2024-11-04-01,WAHIS,High pathogenicity avian influenza,HPAI,Netherlands,NLD,52.5505,5.6527,2024-11-10,2024-11-30,2024-12-11,Cygnus olor (wild),7224,3959,confirmed,synthetic
EMPRESI-HPAI-0001995,WAHIS-HPAI-NLD-2024-11-25-02,WAHIS,High pathogenicity avian influenza,HPAI,Netherlands,NLD,51.9361,7.1933,2024-11-25,2024-12-02,2024-12-11,Anas platyrhynchos (domestic),2402,1325,confirmed,synthetic
EMPRESI-HPAI-0001950,WAHIS-HPAI-NLD-2024-11-11-02,WAHIS,High pathogenicity avian influenza,HPAI,Netherlands,NLD,52.4024,5.5585,2024-11-17,2024-12-02,2024-12-12,Cygnus olor (wild),5658,3041,confirmed,synthetic
EMPRESI-HPAI-0001996,WAHIS-HPAI-NLD-2024-11-25-03,WAHIS,High pathogenicity avian influenza,HPAI,Netherlands,NLD,52.7321,5.5991,2024-11-29,2024-12-04,2024-12-12,Gallus gallus (domestic),849,461,confirmed,synthetic
EMPRESI-ASF-0003205,WAHIS-ASF-SRB-2024-08-26-00,WAHIS,African swine fever,ASF,Serbia,SRB,45.3566,20.3499,2024-08-29,2024-12-02,2024-12-12,Sus scrofa (wild boar),132,118,confirmed,synthetic
EMPRESI-ASF-0003414,WAHIS-ASF-BEL-2024-10-21-01,WAHIS,African swine fever,ASF,Belgium,BEL,51.4126,4.1226,2024-10-21,2024-12-04,2024-12-12,Sus scrofa (wild boar),240,209,confirmed,synthetic
EMPRESI-HPAI-0002005,WAHIS-HPAI-BEL-2024-11-25-05,WAHIS,High pathogenicity avian influenza,HPAI,Belgium,BEL,50.7732,4.3028,2024-11-27,2024-12-04,2024-12-13,Cygnus olor (wild),4032,2221,confirmed,synthetic
EMPRESI-HPAI-0001957,WAHIS-HPAI-BEL-2024-11-11-04,WAHIS,High pathogenicity avian influenza,HPAI,Belgium,BEL,50.6076,3.4864,2024-11-14,2024-12-05,2024-12-13,Gallus gallus (domestic),8875,4838,confirmed,synthetic
EMPRESI-HPAI-0002003,WAHIS-HPAI-BEL-2024-11-25-03,WAHIS,High pathogenicity avian influenza,HPAI,Belgium,BEL,50.5406,4.4036,2024-11-30,2024-12-07,2024-12-13,Anas platyrhynchos (domestic),3051,1704,confirmed,synthetic
EMPRESI-HPAI-0001974,WAHIS-HPAI-BEL-2024-11-18-00,WAHIS,High pathogenicity avian influenza,HPAI,Belgium,BEL,50.4829,3.8149,2024-11-21,2024-12-02,2024-12-13,Anas platyrhynchos (domestic),2712,1463,confirmed,synthetic
EMPRESI-HPAI-0001981,WAHIS-HPAI-HUN-2024-11-18-00,WAHIS,High pathogenicity avian influenza,HPAI,Hungary,HUN,46.7861,19.2905,2024-11-24,2024-12-08,2024-12-14,Larus spp. (wild),2642,1458,confirmed,synthetic
EMPRESI-HPAI-0002018,WAHIS-HPAI-DEU-2024-12-02-03,WAHIS,High pathogenicity avian influenza,HPAI,Germany,DEU,51.0989,12.3501,2024-12-05,2024-12-09,2024-12-15,Gallus gallus (domestic),2865,1629,confirmed,synthetic
EMPRESI-HPAI-0001979,WAHIS-HPAI-BEL-2024-11-18-05,WAHIS,High pathogenicity avian influenza,HPAI,Belgium,BEL,50.9129,5.538,2024-11-18,2024-11-28,2024-12-15,Anas platyrhynchos (domestic),4503,2523,confirmed,synthetic
EMPRESI-HPAI-0002009,WAHIS-HPAI-SRB-2024-11-25-01,WAHIS,High pathogenicity avian influenza,HPAI,Serbia,SRB,43.3568,19.3977,2024-11-26,2024-12-07,2024-12-15,Cygnus olor (wild),3745,2050,confirmed,synthetic
EMPRESI-HPAI-0002006,WAHIS-HPAI-ESP-2024-11-25-00,WAHIS,High pathogenicity avian influenza,HPAI,Spain,ESP,36.9606,-2.5229,2024-11-30,2024-12-04,2024-12-15,Larus spp. (wild),3725,2033,confirmed,synthetic
EMPRESI-HPAI-0001968,WAHIS-HPAI-NLD-2024-11-18-00,WAHIS,High pathogenicity avian influenza,HPAI,Netherlands,NLD,52.1637,6.8288,2024-11-23,2024-12-08,2024-12-15,Larus spp. (wild),2797,1584,confirmed,synthetic
EMPRESI-HPAI-0002011,WAHIS-HPAI-SRB-2024-11-25-03,WAHIS,High pathogenicity avian influenza,HPAI,Serbia,SRB,45.0074,20.2647,2024-11-29,2024-12-07,2024-12-16,Cygnus olor (wild),1500,807,confirmed,synthetic
EMPRESI-ASF-0003311,WAHIS-ASF-MDA-2024-09-09-00,WAHIS,African swine fever,ASF,Moldova,MDA,46.3473,28.5806,2024-09-12,2024-12-08,2024-12-16,Sus scrofa domesticus,184,151,confirmed,synthetic
EMPRESI-HPAI-0001988,WAHIS-HPAI-DEU-2024-11-25-01,WAHIS,High pathogenicity avian influenza,HPAI,Germany,DEU,50.2712,9.5675,2024-11-28,2024-12-10,2024-12-16,Meleagris gallopavo (domestic),7904,4343,confirmed,synthetic
EMPRESI-HPAI-0002039,WAHIS-HPAI-POL-2024-12-02-02,WAHIS,High pathogenicity avian influenza,HPAI,Poland,POL,50.3658,19.8723,2024-12-03,2024-12-13,2024-12-17,Meleagris gallopavo (domestic),143,73,confirmed,synthetic
EMPRESI-HPAI-0001985,WAHIS-HPAI-FRA-2024-11-25-00,WAHIS,High pathogenicity avian influenza,HPAI,France,FRA,44.5278,-2.02,2024-11-28,2024-12-09,2024-12-17,Cygnus olor (wild),10903,5986,confirmed,synthetic
EMPRESI-HPAI-0002028,WAHIS-HPAI-NLD-2024-12-02-06,WAHIS,High pathogenicity avian influenza,HPAI,Netherlands,NLD,52.8546,5.7054,2024-12-04,2024-12-11,2024-12-19,Meleagris gallopavo (domestic),3643,2060,confirmed,synthetic
EMPRESI-HPAI-0002023,WAHIS-HPAI-NLD-2024-12-02-01,WAHIS,High pathogenicity avian influenza,HPAI,Netherlands,NLD,52.5854,5.5832,2024-12-07,2024-12-13,2024-12-19,Larus spp. (wild),3040,1670,confirmed,synthetic
EMPRESI-HPAI-0001980,WAHIS-HPAI-POL-2024-11-18-00,WAHIS,High pathogenicity avian influenza,HPAI,Poland,POL,53.5765,21.4324,2024-11-24,2024-12-12,2024-12-20,Meleagris gallopavo (domestic),6946,3892,confirmed,synthetic
EMPRESI-HPAI-0002015,WAHIS-HPAI-DEU-2024-12-02-00,WAHIS,High pathogenicity avian influenza,HPAI,Germany,DEU,49.9771,8.1819,2024-12-02,2024-12-08,2024-12-20,Gallus gallus (domestic),6157,3345,confirmed,synthetic
EMPRESI-HPAI-0001943,WAHIS-HPAI-FRA-2024-11-11-00,WAHIS,High pathogenicity avian influenza,HPAI,France,FRA,44.034,4.4626,2024-11-12,2024-12-16,2024-12-20,Meleagris gallopavo (domestic),628,341,confirmed,synthetic
EMPRESI-HPAI-0002035,WAHIS-HPAI-ITA-2024-12-02-02,WAHIS,High pathogenicity avian influenza,HPAI,Italy,ITA,43.1583,8.9147,2024-12-06,2024-12-14,2024-12-21,Anas platyrhynchos (domestic),3755,2057,confirmed,synthetic
EMPRESI-HPAI-0002025,WAHIS-HPAI-NLD-2024-12-02-03,WAHIS,High pathogenicity avian influenza,HPAI,Netherlands,NLD,51.9354,6.5434,2024-12-06,2024-12-16,2024-12-21,Meleagris gallopavo (domestic),4033,2195,confirmed,synthetic
EMPRESI-HPAI-0002052,WAHIS-HPAI-DEU-2024-12-09-04,WAHIS,High pathogenicity avian influenza,HPAI,Germany,DEU,50.361,6.082,2024-12-09,2024-12-14,2024-12-21,Meleagris gallopavo (domestic),8797,4794,confirmed,synthetic
EMPRESI-HPAI-0001994,WAHIS-HPAI-NLD-2024-11-25-01,WAHIS,High pathogenicity avian influenza,HPAI,Netherlands,NLD,51.8158,6.0869,2024-12-01,2024-12-15,2024-12-21,Larus spp. (wild),6716,3803,confirmed,synthetic
EMPRESI-HPAI-0002000,WAHIS-HPAI-BEL-2024-11-25-00,WAHIS,High pathogenicity avian influenza,HPAI,Belgium,BEL,50.4397,5.9457,2024-11-29,2024-12-10,2024-12-21,Meleagris gallopavo (domestic),4111,2326,confirmed,synthetic
EMPRESI-HPAI-0001993,WAHIS-HPAI-NLD-2024-11-25-00,WAHIS,High pathogenicity avian influenza,HPAI,Netherlands,NLD,51.6191,4.7623,2024-12-01,2024-12-13,2024-12-21,Larus spp. (wild),14635,8035,confirmed,synthetic
EMPRESI-HPAI-0002007,WAHIS-HPAI-HUN-2024-11-25-00,WAHIS,High pathogenicity avian influenza,HPAI,Hungary,HUN,47.5602,19.3444,2024-11-25,2024-12-14,2024-12-21,Cygnus olor (wild),4918,2756,confirmed,synthetic
EMPRESI-HPAI-0001991,WAHIS-HPAI-DEU-2024-11-25-04,WAHIS,High pathogenicity avian influenza,HPAI,Germany,DEU,54.004,9.823,2024-11-28,2024-12-10,2024-12-22,Cygnus olor (wild),3164,1747,confirmed,synthetic
EMPRESI-HPAI-0002026,WAHIS-HPAI-NLD-2024-12-02-04,WAHIS,High pathogenicity avian influenza,HPAI,Netherlands,NLD,52.3724,6.2899,2024-12-06,2024-12-14,2024-12-22,Gallus gallus (domestic),3105,1728,confirmed,synthetic
EMPRESI-HPAI-0002016,WAHIS-HPAI-DEU-2024-12-02-01,WAHIS,High pathogenicity avian influenza,HPAI,Germany,DEU,53.566,10.0278,2024-12-06,2024-12-12,2024-12-22,Meleagris gallopavo (domestic),7430,4085,confirmed,synthetic
EMPRESI-HPAI-0002021,WAHIS-HPAI-DEU-2024-12-02-06,WAHIS,High pathogenicity avian influenza,HPAI,Germany,DEU,51.8094,6.3842,2024-12-05,2024-12-14,2024-12-23,Larus spp. (wild),2716,1510,confirmed,synthetic
EMPRESI-HPAI-0002060,WAHIS-HPAI-BEL-2024-12-09-01,WAHIS,High pathogenicity avian influenza,HPAI,Belgium,BEL,51.306,4.3942,2024-12-12,2024-12-18,2024-12-23,Anas platyrhynchos (domestic),16415,9233,confirmed,synthetic
EMPRESI-HPAI-0002002,WAHIS-HPAI-BEL-2024-11-25-02,WAHIS,High pathogenicity avian influenza,HPAI,Belgium,BEL,50.5046,4.8666,2024-11-29,2024-12-12,2024-12-23,Anas platyrhynchos (domestic),5952,3316,confirmed,synthetic
EMPRESI-HPAI-0002031,WAHIS-HPAI-BEL-2024-12-02-02,WAHIS,High pathogenicity avian influenza,HPAI,Belgium,BEL,50.0261,5.4612,2024-12-06,2024-12-12,2024-12-23,Gallus gallus (domestic),8731,4733,confirmed,synthetic
EMPRESI-HPAI-0002004,WAHIS-HPAI-BEL-2024-11-25-04,WAHIS,High pathogenicity avian influenza,HPAI,Belgium,BEL,51.2605,5.0825,2024-11-30,2024-12-17,2024-12-23,Anas platyrhynchos (domestic),8548,4713,confirmed,synthetic
EMPRESI-HPAI-0002076,WAHIS-HPAI-ESP-2024-12-09-04,WAHIS,High pathogenicity avian influenza,HPAI,Spain,ESP,41.0414,-7.1959,2024-12-12,2024-12-19,2024-12-24,Meleagris gallopavo (domestic),1379,724,confirmed,synthetic
EMPRESI-HPAI-0002033,WAHIS-HPAI-ITA-2024-12-02-00,WAHIS,High pathogenicity avian influenza,HPAI,Italy,ITA,40.5504,11.731,2024-12-06,2024-12-20,2024-12-24,Anas platyrhynchos (domestic),3866,2072,confirmed,synthetic
EMPRESI-HPAI-0002019,WAHIS-HPAI-DEU-2024-12-02-04,WAHIS,High pathogenicity avian influenza,HPAI,Germany,DEU,51.2113,15.031,2024-12-08,2024-12-20,2024-12-25,Meleagris gallopavo (domestic),1871,1031,confirmed,synthetic
EMPRESI-HPAI-0001983,WAHIS-HPAI-SRB-2024-11-18-00,WAHIS,High pathogenicity avian influenza,HPAI,Serbia,SRB,44.8841,20.2291,2024-11-19,2024-12-16,2024-12-25,Anas platyrhynchos (domestic),12963,7084,confirmed,synthetic
EMPRESI-HPAI-0001992,WAHIS-HPAI-DEU-2024-11-25-05,WAHIS,High pathogenicity avian influenza,HPAI,Germany,DEU,50.5442,7.7657,2024-11-30,2024-12-15,2024-12-25,Gallus gallus (domestic),2423,1292,confirmed,synthetic
EMPRESI-HPAI-0002022,WAHIS-HPAI-NLD-2024-12-02-00,WAHIS,High pathogenicity avian influenza,HPAI,Netherlands,NLD,52.8768,5.856,2024-12-02,2024-12-19,2024-12-25,Cygnus olor (wild),4445,2409,confirmed,synthetic
EMPRESI-HPAI-0002090,WAHIS-HPAI-FRA-2024-12-16-03,WAHIS,High pathogenicity avian influenza,HPAI,France,FRA,46.5754,-0.8145,2024-12-16,2024-12-20,2024-12-25,Anas platyrhynchos (domestic),3362,1902,confirmed,synthetic
EMPRESI-HPAI-0002024,WAHIS-HPAI-NLD-2024-12-02-02,WAHIS,High pathogenicity avian influenza,HPAI,Netherlands,NLD,53.1808,5.1574,2024-12-06,2024-12-17,2024-12-25,Meleagris gallopavo (domestic),5012,2720,confirmed,synthetic
EMPRESI-HPAI-0002062,WAHIS-HPAI-BEL-2024-12-09-03,WAHIS,High pathogenicity avian influenza,HPAI,Belgium,BEL,50.4356,4.2738,2024-12-10,2024-12-18,2024-12-25,Cygnus olor (wild),4288,2397,confirmed,synthetic
EMPRESI-HPAI-0002061,WAHIS-HPAI-BEL-2024-12-09-02,WAHIS,High pathogenicity avian influenza,HPAI,Belgium,BEL,50.8236,5.5016,2024-12-15,2024-12-17,2024-12-26,Anas platyrhynchos (domestic),2278,1208,confirmed,synthetic
EMPRESI-HPAI-0002075,WAHIS-HPAI-ESP-2024-12-09-03,WAHIS,High pathogenicity avian influenza,HPAI,Spain,ESP,39.1819,-7.0418,2024-12-10,2024-12-13,2024-12-26,Gallus gallus (domestic),8944,4901,confirmed,synthetic
EMPRESI-HPAI-0002086,WAHIS-HPAI-ISR-2024-12-09-00,WAHIS,High pathogenicity avian influenza,HPAI,Israel,ISR,31.9752,34.4587,2024-12-12,2024-12-20,2024-12-26,Gallus gallus (domestic),5589,3083,confirmed,synthetic
EMPRESI-HPAI-0002068,WAHIS-HPAI-BEL-2024-12-09-09,WAHIS,High pathogenicity avian influenza,HPAI,Belgium,BEL,51.0223,5.104,2024-12-10,2024-12-18,2024-12-27,Meleagris gallopavo (domestic),1066,598,confirmed,synthetic
EMPRESI-HPAI-0002048,WAHIS-HPAI-DEU-2024-12-09-00,WAHIS,High pathogenicity avian influenza,HPAI,Germany,DEU,52.0871,11.5206,2024-12-13,2024-12-21,2024-12-28,Cygnus olor (wild),5577,3074,confirmed,synthetic
EMPRESI-HPAI-0002037,WAHIS-HPAI-POL-2024-12-02-00,WAHIS,High pathogenicity avian influenza,HPAI,Poland,POL,54.7106,19.2391,2024-12-03,2024-12-24,2024-12-28,Meleagris gallopavo (domestic),8100,4424,confirmed,synthetic
EMPRESI-HPAI-0002099,WAHIS-HPAI-BEL-2024-12-16-02,WAHIS,High pathogenicity avian influenza,HPAI,Belgium,BEL,50.9574,4.0414,2024-12-20,2024-12-24,2024-12-28,Larus spp. (wild),2735,1519,confirmed,synthetic
EMPRESI-HPAI-0002058,WAHIS-HPAI-NLD-2024-12-09-04,WAHIS,High pathogenicity avian influenza,HPAI,Netherlands,NLD,52.4774,5.2743,2024-12-09,2024-12-21,2024-12-28,Meleagris gallopavo (domestic),3006,1649,confirmed,synthetic
EMPRESI-HPAI-0002070,WAHIS-HPAI-BEL-2024-12-09-11,WAHIS,High pathogenicity avian influenza,HPAI,Belgium,BEL,50.069,4.9025,2024-12-12,2024-12-15,2024-12-28,Meleagris gallopavo (domestic),3536,1937,confirmed,synthetic
EMPRESI-HPAI-0002017,WAHIS-HPAI-DEU-2024-12-02-02,WAHIS,High pathogenicity avian influenza,HPAI,Germany,DEU,51.9468,10.0719,2024-12-07,2024-12-19,2024-12-28,Cygnus olor (wild),5862,3248,confirmed,synthetic
EMPRESI-HPAI-0001949,WAHIS-HPAI-NLD-2024-11-11-01,WAHIS,High pathogenicity avian influenza,HPAI,Netherlands,NLD,52.9414,4.4592,2024-11-17,2024-12-23,2024-12-29,Meleagris gallopavo (domestic),1543,838,confirmed,synthetic
EMPRESI-HPAI-0002036,WAHIS-HPAI-ESP-2024-12-02-00,WAHIS,High pathogenicity avian influenza,HPAI,Spain,ESP,40.6002,-5.0037,2024-12-08,2024-12-22,2024-12-29,Gallus gallus (domestic),6233,3435,confirmed,synthetic
EMPRESI-HPAI-0002056,WAHIS-HPAI-NLD-2024-12-09-02,WAHIS,High pathogenicity avian influenza,HPAI,Netherlands,NLD,51.8488,7.0679,2024-12-15,2024-12-23,2024-12-29,Gallus gallus (domestic),2136,1186,confirmed,synthetic
EMPRESI-HPAI-0002108,WAHIS-HPAI-HUN-2024-12-16-00,WAHIS,High pathogenicity avian influenza,HPAI,Hungary,HUN,46.649,18.7346,2024-12-16,2024-12-21,2024-12-29,Cygnus olor (wild),4226,2321,confirmed,synthetic
EMPRESI-HPAI-0002074,WAHIS-HPAI-ESP-2024-12-09-02,WAHIS,High pathogenicity avian influenza,HPAI,Spain,ESP,39.174,-4.8939,2024-12-12,2024-12-23,2024-12-30,Gallus gallus (domestic),4226,2331,confirmed,synthetic
EMPRESI-HPAI-0002032,WAHIS-HPAI-BEL-2024-12-02-03,WAHIS,High pathogenicity avian influenza,HPAI,Belgium,BEL,50.4623,5.3526,2024-12-04,2024-12-27,2024-12-30,Cygnus olor (wild),2794,1568,confirmed,synthetic
EMPRESI-HPAI-0002038,WAHIS-HPAI-POL-2024-12-02-01,WAHIS,High pathogenicity avian influenza,HPAI,Poland,POL,49.6849,20.5454,2024-12-04,2024-12-25,2024-12-31,Gallus gallus (domestic),3513,1936,confirmed,synthetic
EMPRESI-HPAI-0002040,WAHIS-HPAI-ROU-2024-12-02-00,WAHIS,High pathogenicity avian influenza,HPAI,Romania,ROU,44.7758,22.0297,2024-12-03,2024-12-21,2024-12-31,Anas platyrhynchos (domestic),5531,3031,confirmed,synthetic
EMPRESI-HPAI-0002055,WAHIS-HPAI-NLD-2024-12-09-01,WAHIS,High pathogenicity avian influenza,HPAI,Netherlands,NLD,52.6879,6.6347,2024-12-12,2024-12-23,2024-12-31,Larus spp. (wild),1508,800,confirmed,synthetic
EMPRESI-HPAI-0002063,WAHIS-HPAI-BEL-2024-12-09-04,WAHIS,High pathogenicity avian influenza,HPAI,Belgium,BEL,50.0645,5.439,2024-12-12,2024-12-19,2024-12-31,Meleagris gallopavo (domestic),2321,1278,confirmed,synthetic
EMPRESI-HPAI-0002095,WAHIS-HPAI-NLD-2024-12-16-00,WAHIS,High pathogenicity avian influenza,HPAI,Netherlands,NLD,52.9237,6.5302,2024-12-21,2024-12-25,2025-01-01,Anas platyrhynchos (domestic),1903,1039,confirmed,synthetic
EMPRESI-HPAI-0002042,WAHIS-HPAI-SRB-2024-12-02-00,WAHIS,High pathogenicity avian influenza,HPAI,Serbia,SRB,45.2774,21.2417,2024-12-03,2024-12-24,2025-01-01,Anas platyrhynchos (domestic),3600,1983,confirmed,synthetic
EMPRESI-ASF-0003270,WAHIS-ASF-MAR-2024-09-02-00,WAHIS,African swine fever,ASF,Morocco,MAR,30.7212,-4.1509,2024-09-02,2024-12-26,2025-01-03,Sus scrofa domesticus,82,76,confirmed,synthetic
EMPRESI-HPAI-0002054,WAHIS-HPAI-NLD-2024-12-09-00,WAHIS,High pathogenicity avian influenza,HPAI,Netherlands,NLD,52.8818,5.4125,2024-12-14,2024-12-27,2025-01-03,Gallus gallus (domestic),827,445,confirmed,synthetic
EMPRESI-HPAI-0002051,WAHIS-HPAI-DEU-2024-12-09-03,WAHIS,High pathogenicity avian influenza,HPAI,Germany,DEU,53.654,9.191,2024-12-14,2024-12-22,2025-01-03,Cygnus olor (wild),2385,1321,confirmed,synthetic
EMPRESI-HPAI-0002087,WAHIS-HPAI-FRA-2024-12-16-00,WAHIS,High pathogenicity avian influenza,HPAI,France,FRA,50.0573,4.2523,2024-12-16,2024-12-27,2025-01-03,Cygnus olor (wild),1449,805,confirmed,synthetic
EMPRESI-HPAI-0002100,WAHIS-HPAI-ITA-2024-12-16-00,WAHIS,High pathogenicity avian influenza,HPAI,Italy,ITA,44.417,12.7818,2024-12-21,2024-12-25,2025-01-05,Gallus gallus (domestic),2181,1191,confirmed,synthetic
EMPRESI-ASF-0003422,WAHIS-ASF-NLD-2024-12-02-00,WAHIS,African swine fever,ASF,Netherlands,NLD,52.2761,6.1323,2024-12-06,2024-12-27,2025-01-05,Sus scrofa (wild boar),26,24,confirmed,synthetic
EMPRESI-HPAI-0002112,WAHIS-HPAI-ROU-2024-12-16-03,WAHIS,High pathogenicity avian influenza,HPAI,Romania,ROU,47.069,23.3952,2024-12-22,2024-12-28,2025-01-05,Anas platyrhynchos (domestic),1807,987,confirmed,synthetic
EMPRESI-HPAI-0002116,WAHIS-HPAI-BGR-2024-12-16-02,WAHIS,High pathogenicity avian influenza,HPAI,Bulgaria,BGR,44.0797,24.0505,2024-12-18,2024-12-29,2025-01-05,Larus spp. (wild),4567,2505,confirmed,synthetic
EMPRESI-HPAI-0002140,WAHIS-HPAI-HUN-2024-12-23-01,WAHIS,High pathogenicity avian influenza,HPAI,Hungary,HUN,47.9347,19.5495,2024-12-25,2025-01-01,2025-01-05,Meleagris gallopavo (domestic),3206,1723,confirmed,synthetic
EMPRESI-HPAI-0002072,WAHIS-HPAI-ESP-2024-12-09-00,WAHIS,High pathogenicity avian influenza,HPAI,Spain,ESP,40.166,-8.1961,2024-12-10,2024-12-24,2025-01-05,Gallus gallus (domestic),1848,975,confirmed,synthetic
EMPRESI-HPAI-0002110,WAHIS-HPAI-ROU-2024-12-16-01,WAHIS,High pathogenicity avian influenza,HPAI,Romania,ROU,46.1751,24.6309,2024-12-16,2024-12-31,2025-01-06,Meleagris gallopavo (domestic),5450,2958,confirmed,synthetic
EMPRESI-HPAI-0002077,WAHIS-HPAI-POL-2024-12-09-00,WAHIS,High pathogenicity avian influenza,HPAI,Poland,POL,49.7345,18.6852,2024-12-15,2024-12-26,2025-01-06,Cygnus olor (wild),222,118,confirmed,synthetic
EMPRESI-HPAI-0002126,WAHIS-HPAI-FRA-2024-12-23-03,WAHIS,High pathogenicity avian influenza,HPAI,France,FRA,46.0345,-2.9438,2024-12-23,2024-12-30,2025-01-07,Larus spp. (wild),3794,2000,confirmed,synthetic
EMPRESI-HPAI-0002044,WAHIS-HPAI-MDA-2024-12-02-01,WAHIS,High pathogenicity avian influenza,HPAI,Moldova,MDA,46.789,29.4166,2024-12-05,2024-12-30,2025-01-07,Gallus gallus (domestic),1895,974,confirmed,synthetic
EMPRESI-HPAI-0002121,WAHIS-HPAI-RUS-2024-12-16-02,WAHIS,High pathogenicity avian influenza,HPAI,Russian Federation,RUS,56.4624,45.0473,2024-12-21,2025-01-02,2025-01-07,Cygnus olor (wild),798,431,confirmed,synthetic
EMPRESI-HPAI-0002050,WAHIS-HPAI-DEU-2024-12-09-02,WAHIS,High pathogenicity avian influenza,HPAI,Germany,DEU,52.1934,10.4016,2024-12-14,2024-12-30,2025-01-08,Cygnus olor (wild),1360,746,confirmed,synthetic
EMPRESI-HPAI-0002144,WAHIS-HPAI-BGR-2024-12-23-01,WAHIS,High pathogenicity avian influenza,HPAI,Bulgaria,BGR,43.1739,27.3688,2024-12-25,2025-01-01,2025-01-08,Larus spp. (wild),3463,1907,confirmed,synthetic
EMPRESI-HPAI-0002123,WAHIS-HPAI-FRA-2024-12-23-00,WAHIS,High pathogenicity avian influenza,HPAI,France,FRA,45.5024,4.1598,2024-12-23,2024-12-28,2025-01-08,Larus spp. (wild),1565,864,confirmed,synthetic
EMPRESI-HPAI-0002073,WAHIS-HPAI-ESP-2024-12-09-01,WAHIS,High pathogenicity avian influenza,HPAI,Spain,ESP,41.255,-0.5685,2024-12-14,2024-12-28,2025-01-08,Anas platyrhynchos (domestic),4716,2597,confirmed,synthetic
EMPRESI-HPAI-0002117,WAHIS-HPAI-SRB-2024-12-16-00,WAHIS,High pathogenicity avian influenza,HPAI,Serbia,SRB,45.0115,22.1312,2024-12-17,2024-12-31,2025-01-08,Anas platyrhynchos (domestic),574,316,confirmed,synthetic
EMPRESI-HPAI-0002147,WAHIS-HPAI-SRB-2024-12-23-01,WAHIS,High pathogenicity avian influenza,HPAI,Serbia,SRB,43.839,21.7019,2024-12-24,2025-01-01,2025-01-08,Gallus gallus (domestic),4480,2510,confirmed,synthetic
EMPRESI-HPAI-0002125,WAHIS-HPAI-FRA-2024-12-23-02,WAHIS,High pathogenicity avian influenza,HPAI,France,FRA,45.7754,-1.7944,2024-12-26,2025-01-03,2025-01-09,Cygnus olor (wild),2458,1343,confirmed,synthetic
EMPRESI-HPAI-0002107,WAHIS-HPAI-POL-2024-12-16-04,WAHIS,High pathogenicity avian influenza,HPAI,Poland,POL,52.0784,24.0125,2024-12-17,2025-01-01,2025-01-09,Anas platyrhynchos (domestic),528,291,confirmed,synthetic
EMPRESI-HPAI-0002089,WAHIS-HPAI-FRA-2024-12-16-02,WAHIS,High pathogenicity avian influenza,HPAI,France,FRA,48.8759,5.5186,2024-12-21,2024-12-28,2025-01-09,Larus spp. (wild),4047,2252,confirmed,synthetic
EMPRESI-HPAI-0002127,WAHIS-HPAI-FRA-2024-12-23-04,WAHIS,High pathogenicity avian influenza,HPAI,France,FRA,44.7484,4.6908,2024-12-23,2024-12-31,2025-01-10,Larus spp. (wild),4185,2313,confirmed,synthetic
EMPRESI-HPAI-0002069,WAHIS-HPAI-BEL-2024-12-09-10,WAHIS,High pathogenicity avian influenza,HPAI,Belgium,BEL,50.3662,4.6854,2024-12-11,2024-12-29,2025-01-10,Cygnus olor (wild),2216,1235,confirmed,synthetic
EMPRESI-HPAI-0002166,WAHIS-HPAI-ESP-2024-12-30-00,WAHIS,High pathogenicity avian influenza,HPAI,Spain,ESP,40.9227,0.5647,2024-12-30,2025-01-04,2025-01-10,Larus spp. (wild),6192,3375,confirmed,synthetic
EMPRESI-HPAI-0002094,WAHIS-HPAI-DEU-2024-12-16-00,WAHIS,High pathogenicity avian influenza,HPAI,Germany,DEU,48.4168,9.9847,2024-12-16,2025-01-01,2025-01-10,Gallus gallus (domestic),1342,730,confirmed,synthetic
EMPRESI-HPAI-0002122,WAHIS-HPAI-ISR-2024-12-16-00,WAHIS,High pathogenicity avian influenza,HPAI,Israel,ISR,32.026,34.9011,2024-12-22,2025-01-03,2025-01-11,Anas platyrhynchos (domestic),9267,5098,confirmed,synthetic
EMPRESI-HPAI-0002157,WAHIS-HPAI-FRA-2024-12-30-05,WAHIS,High pathogenicity avian influenza,HPAI,France,FRA,46.7424,1.4523,2024-12-30,2025-01-01,2025-01-11,Larus spp. (wild),1795,992,confirmed,synthetic
EMPRESI-HPAI-0002133,WAHIS-HPAI-ITA-2024-12-23-00,WAHIS,High pathogenicity avian influenza,HPAI,Italy,ITA,41.3364,10.9223,2024-12-27,2025-01-02,2025-01-11,Anas platyrhynchos (domestic),8180,4442,confirmed,synthetic
EMPRESI-HPAI-0002082,WAHIS-HPAI-SRB-2024-12-09-01,WAHIS,High pathogenicity avian influenza,HPAI,Serbia,SRB,43.6286,21.8187,2024-12-11,2025-01-01,2025-01-11,Cygnus olor (wild),4117,2254,confirmed,synthetic
EMPRESI-HPAI-0002046,WAHIS-HPAI-EGY-2024-12-02-00,WAHIS,High pathogenicity avian influenza,HPAI,Egypt,EGY,24.9612,26.5794,2024-12-08,2025-01-04,2025-01-11,Meleagris gallopavo (domestic),5685,3156,confirmed,synthetic
EMPRESI-ASF-0003365,WAHIS-ASF-ROU-2024-09-23-03,WAHIS,African swine fever,ASF,Romania,ROU,44.1217,23.952,2024-09-24,2025-01-02,2025-01-12,Sus scrofa domesticus,185,163,confirmed,synthetic
EMPRESI-HPAI-0002064,WAHIS-HPAI-BEL-2024-12-09-05,WAHIS,High pathogenicity avian influenza,HPAI,Belgium,BEL,51.1378,3.703,2024-12-13,2025-01-01,2025-01-12,Meleagris gallopavo (domestic),10637,5834,confirmed,synthetic
EMPRESI-HPAI-0002047,WAHIS-HPAI-TUN-2024-12-02-00,WAHIS,High pathogenicity avian influenza,HPAI,Tunisia,TUN,33.327,7.3793,2024-12-04,2025-01-03,2025-01-13,Meleagris gallopavo (domestic),1601,868,confirmed,synthetic
EMPRESI-HPAI-0002178,WAHIS-HPAI-GEO-2024-12-30-00,WAHIS,High pathogenicity avian influenza,HPAI,Georgia,GEO,42.8094,44.4285,2025-01-01,2025-01-06,2025-01-13,Larus spp. (wild),3625,1998,confirmed,synthetic
EMPRESI-HPAI-0002105,WAHIS-HPAI-POL-2024-12-16-02,WAHIS,High pathogenicity avian influenza,HPAI,Poland,POL,51.5959,17.9321,2024-12-18,2025-01-04,2025-01-14,Gallus gallus (domestic),1043,575,confirmed,synthetic
EMPRESI-ASF-0002888,WAHIS-ASF-UKR-2024-07-22-01,WAHIS,African swine fever,ASF,Ukraine,UKR,46.235,28.4221,2024-07-28,2025-01-04,2025-01-14,Sus scrofa (wild boar),3,3,confirmed,synthetic
EMPRESI-HPAI-0002130,WAHIS-HPAI-NLD-2024-12-23-00,WAHIS,High pathogenicity avian influenza,HPAI,Netherlands,NLD,52.5935,4.8459,2024-12-28,2025-01-09,2025-01-14,Cygnus olor (wild),1120,620,confirmed,synthetic
EMPRESI-HPAI-0002083,WAHIS-HPAI-SRB-2024-12-09-02,WAHIS,High pathogenicity avian influenza,HPAI,Serbia,SRB,44.2865,19.7695,2024-12-12,2025-01-03,2025-01-14,Cygnus olor (wild),12791,6953,confirmed,synthetic
EMPRESI-HPAI-0002146,WAHIS-HPAI-SRB-2024-12-23-00,WAHIS,High pathogenicity avian influenza,HPAI,Serbia,SRB,44.078,22.6911,2024-12-24,2025-01-07,2025-01-14,Anas platyrhynchos (domestic),2694,1435,confirmed,synthetic
EMPRESI-HPAI-0002161,WAHIS-HPAI-BEL-2024-12-30-00,WAHIS,High pathogenicity avian influenza,HPAI,Belgium,BEL,49.9053,3.7535,2025-01-01,2025-01-09,2025-01-14,Anas platyrhynchos (domestic),2509,1386,confirmed,synthetic
EMPRESI-HPAI-0002067,WAHIS-HPAI-BEL-2024-12-09-08,WAHIS,High pathogenicity avian influenza,HPAI,Belgium,BEL,49.9038,4.1953,2024-12-12,2025-01-08,2025-01-14,Meleagris gallopavo (domestic),6837,3724,confirmed,synthetic
EMPRESI-HPAI-0002158,WAHIS-HPAI-DEU-2024-12-30-00,WAHIS,High pathogenicity avian influenza,HPAI,Germany,DEU,52.0988,6.2645,2025-01-05,2025-01-11,2025-01-16,Cygnus olor (wild),8619,4768,confirmed,synthetic
EMPRESI-HPAI-0002148,WAHIS-HPAI-ISR-2024-12-23-00,WAHIS,High pathogenicity avian influenza,HPAI,Israel,ISR,31.7066,34.4625,2024-12-23,2025-01-10,2025-01-16,Meleagris gallopavo (domestic),885,491,confirmed,synthetic
EMPRESI-HPAI-0002163,WAHIS-HPAI-BEL-2024-12-30-02,WAHIS,High pathogenicity avian influenza,HPAI,Belgium,BEL,49.7536,4.3553,2025-01-03,2025-01-10,2025-01-16,Meleagris gallopavo (domestic),3224,1747,confirmed,synthetic
EMPRESI-HPAI-0002128,WAHIS-HPAI-DEU-2024-12-23-00,WAHIS,High pathogenicity avian influenza,HPAI,Germany,DEU,51.7024,6.5629,2024-12-23,2025-01-10,2025-01-16,Cygnus olor (wild),1780,976,confirmed,synthetic
EMPRESI-HPAI-0002145,WAHIS-HPAI-BGR-2024-12-23-02,WAHIS,High pathogenicity avian influenza,HPAI,Bulgaria,BGR,44.3027,24.5653,2024-12-26,2025-01-09,2025-01-16,Anas platyrhynchos (domestic),3485,1889,confirmed,synthetic
EMPRESI-HPAI-0002175,WAHIS-HPAI-UKR-2024-12-30-00,WAHIS,High pathogenicity avian influenza,HPAI,Ukraine,UKR,50.3323,35.3127,2024-12-31,2025-01-08,2025-01-17,Larus spp. (wild),736,381,confirmed,synthetic
EMPRESI-HPAI-0002115,WAHIS-HPAI-BGR-2024-12-16-01,WAHIS,High pathogenicity avian influenza,HPAI,Bulgaria,BGR,42.1412,25.3972,2024-12-21,2025-01-08,2025-01-17,Larus spp. (wild),4835,2584,confirmed,synthetic
EMPRESI-HPAI-0002071,WAHIS-HPAI-ITA-2024-12-09-00,WAHIS,High pathogenicity avian influenza,HPAI,Italy,ITA,45.3087,13.0562,2024-12-14,2025-01-12,2025-01-17,Larus spp. (wild),1225,665,confirmed,synthetic
EMPRESI-HPAI-0002111,WAHIS-HPAI-ROU-2024-12-16-02,WAHIS,High pathogenicity avian influenza,HPAI,Romania,ROU,44.6498,27.2052,2024-12-19,2025-01-13,2025-01-17,Anas platyrhynchos (domestic),1786,960,confirmed,synthetic
EMPRESI-HPAI-0002131,WAHIS-HPAI-BEL-2024-12-23-00,WAHIS,High pathogenicity avian influenza,HPAI,Belgium,BEL,50.3188,4.2305,2024-12-26,2025-01-08,2025-01-18,Cygnus olor (wild),1392,800,confirmed,synthetic
EMPRESI-HPAI-0002174,WAHIS-HPAI-SRB-2024-12-30-01,WAHIS,High pathogenicity avian influenza,HPAI,Serbia,SRB,42.5878,20.358,2025-01-03,2025-01-13,2025-01-18,Gallus gallus (domestic),647,343,confirmed,synthetic
EMPRESI-HPAI-0002170,WAHIS-HPAI-ROU-2024-12-30-00,WAHIS,High pathogenicity avian influenza,HPAI,Romania,ROU,43.7778,25.8906,2024-12-30,2025-01-10,2025-01-18,Larus spp. (wild),6983,3882,confirmed,synthetic
EMPRESI-HPAI-0002088,WAHIS-HPAI-FRA-2024-12-16-01,WAHIS,High pathogenicity avian influenza,HPAI,France,FRA,45.2621,6.7377,2024-12-18,2025-01-08,2025-01-18,Gallus gallus (domestic),445,231,confirmed,synthetic
EMPRESI-HPAI-0002153,WAHIS-HPAI-FRA-2024-12-30-01,WAHIS,High pathogenicity avian influenza,HPAI,France,FRA,47.3742,-1.164,2024-12-31,2025-01-08,2025-01-18,Meleagris gallopavo (domestic),4425,2459,confirmed,synthetic
EMPRESI-HPAI-0002097,WAHIS-HPAI-BEL-2024-12-16-00,WAHIS,High pathogenicity avian influenza,HPAI,Belgium,BEL,50.4096,4.2454,2024-12-19,2025-01-07,2025-01-18,Cygnus olor (wild),4263,2355,confirmed,synthetic
EMPRESI-HPAI-0002139,WAHIS-HPAI-HUN-2024-12-23-00,WAHIS,High pathogenicity avian influenza,HPAI,Hungary,HUN,46.77,17.6254,2024-12-28,2025-01-09,2025-01-19,Cygnus olor (wild),3945,2162,confirmed,synthetic
EMPRESI-HPAI-0002173,WAHIS-HPAI-SRB-2024-12-30-00,WAHIS,High pathogenicity avian influenza,HPAI,Serbia,SRB,45.352,21.5627,2024-12-30,2025-01-11,2025-01-19,Meleagris gallopavo (domestic),4301,2396,confirmed,synthetic
EMPRESI-HPAI-0002106,WAHIS-HPAI-POL-2024-12-16-03,WAHIS,High pathogenicity avian influenza,HPAI,Poland,POL,51.4479,16.6963,2024-12-18,2025-01-06,2025-01-19,Anas platyrhynchos (domestic),5927,3166,confirmed,synthetic
EMPRESI-HPAI-0002114,WAHIS-HPAI-BGR-2024-12-16-00,WAHIS,High pathogenicity avian influenza,HPAI,Bulgaria,BGR,42.4201,25.0129,2024-12-20,2025-01-12,2025-01-19,Larus spp. (wild),9702,5260,confirmed,synthetic
EMPRESI-HPAI-0002119,WAHIS-HPAI-RUS-2024-12-16-00,WAHIS,High pathogenicity avian influenza,HPAI,Russian Federation,RUS,57.507,54.1411,2024-12-20,2025-01-12,2025-01-19,Anas platyrhynchos (domestic),3009,1636,confirmed,synthetic
EMPRESI-HPAI-0002151,WAHIS-HPAI-TUN-2024-12-23-01,WAHIS,High pathogenicity avian influenza,HPAI,Tunisia,TUN,35.1951,10.2008,2024-12-25,2025-01-10,2025-01-19,Meleagris gallopavo (domestic),1522,870,confirmed,synthetic
EMPRESI-HPAI-0002152,WAHIS-HPAI-FRA-2024-12-30-00,WAHIS,High pathogenicity avian influenza,HPAI,France,FRA,44.2192,-1.3968,2025-01-05,2025-01-14,2025-01-20,Meleagris gallopavo (domestic),5624,3119,confirmed,synthetic
EMPRESI-HPAI-0002164,WAHIS-HPAI-ITA-2024-12-30-00,WAHIS,High pathogenicity avian influenza,HPAI,Italy,ITA,40.6633,10.3729,2025-01-02,2025-01-10,2025-01-20,Meleagris gallopavo (domestic),8200,4426,confirmed,synthetic
EMPRESI-HPAI-0002172,WAHIS-HPAI-BGR-2024-12-30-01,WAHIS,High pathogenicity avian influenza,HPAI,Bulgaria,BGR,41.8622,24.3158,2025-01-05,2025-01-15,2025-01-20,Gallus gallus (domestic),2331,1225,confirmed,synthetic
EMPRESI-HPAI-0002134,WAHIS-HPAI-ITA-2024-12-23-01,WAHIS,High pathogenicity avian influenza,HPAI,Italy,ITA,42.4843,15.7937,2024-12-24,2025-01-10,2025-01-20,Meleagris gallopavo (domestic),383,218,confirmed,synthetic
EMPRESI-HPAI-0002192,WAHIS-HPAI-ESP-2025-01-06-05,WAHIS,High pathogenicity avian influenza,HPAI,Spain,ESP,37.2615,-5.0789,2025-01-06,2025-01-12,2025-01-21,Meleagris gallopavo (domestic),2129,1144,confirmed,synthetic
EMPRESI-HPAI-0002187,WAHIS-HPAI-ESP-2025-01-06-00,WAHIS,High pathogenicity avian influenza,HPAI,Spain,ESP,39.3955,-2.4994,2025-01-10,2025-01-18,2025-01-23,Meleagris gallopavo (domestic),4330,2314,confirmed,synthetic
EMPRESI-HPAI-0002129,WAHIS-HPAI-DEU-2024-12-23-01,WAHIS,High pathogenicity avian influenza,HPAI,Germany,DEU,53.1479,9.5499,2024-12-28,2025-01-14,2025-01-23,Cygnus olor (wild),1610,874,confirmed,synthetic
EMPRESI-HPAI-0002200,WAHIS-HPAI-ISR-2025-01-06-00,WAHIS,High pathogenicity avian influenza,HPAI,Israel,ISR,31.2148,34.6742,2025-01-09,2025-01-15,2025-01-23,Gallus gallus (domestic),1144,651,confirmed,synthetic
EMPRESI-HPAI-0002096,WAHIS-HPAI-NLD-2024-12-16-01,WAHIS,High pathogenicity avian influenza,HPAI,Netherlands,NLD,52.9144,6.202,2024-12-19,2025-01-19,2025-01-24,Cygnus olor (wild),2645,1436,confirmed,synthetic
EMPRESI-HPAI-0002191,WAHIS-HPAI-ESP-2025-01-06-04,WAHIS,High pathogenicity avian influenza,HPAI,Spain,ESP,39.3539,-3.3545,2025-01-11,2025-01-18,2025-01-24,Anas platyrhynchos (domestic),2053,1166,confirmed,synthetic
EMPRESI-ASF-0003363,WAHIS-ASF-ROU-2024-09-23-01,WAHIS,African swine fever,ASF,Romania,ROU,44.2975,24.05,2024-09-28,2025-01-12,2025-01-24,Sus scrofa domesticus,87,82,confirmed,synthetic
EMPRESI-HPAI-0002092,WAHIS-HPAI-FRA-2024-12-16-05,WAHIS,High pathogenicity avian influenza,HPAI,France,FRA,44.7805,2.1167,2024-12-22,2025-01-16,2025-01-24,Larus spp. (wild),1430,782,confirmed,synthetic
EMPRESI-HPAI-0002180,WAHIS-HPAI-FRA-2025-01-06-00,WAHIS,High pathogenicity avian influenza,HPAI,France,FRA,46.4391,-0.6176,2025-01-12,2025-01-15,2025-01-25,Cygnus olor (wild),2427,1321,confirmed,synthetic
EMPRESI-HPAI-0002162,WAHIS-HPAI-BEL-2024-12-30-01,WAHIS,High pathogenicity avian influenza,HPAI,Belgium,BEL,51.1004,4.1118,2025-01-03,2025-01-14,2025-01-25,Cygnus olor (wild),4392,2333,confirmed,synthetic
EMPRESI-HPAI-0002065,WAHIS-HPAI-BEL-2024-12-09-06,WAHIS,High pathogenicity avian influenza,HPAI,Belgium,BEL,50.7161,5.1416,2024-12-13,2025-01-16,2025-01-25,Anas platyrhynchos (domestic),2022,1131,confirmed,synthetic
EMPRESI-HPAI-0002143,WAHIS-HPAI-BGR-2024-12-23-00,WAHIS,High pathogenicity avian influenza,HPAI,Bulgaria,BGR,42.8621,26.0421,2024-12-28,2025-01-15,2025-01-25,Meleagris gallopavo (domestic),3804,2131,confirmed,synthetic
EMPRESI-HPAI-0002195,WAHIS-HPAI-ROU-2025-01-06-00,WAHIS,High pathogenicity avian influenza,HPAI,Romania,ROU,47.8003,24.4591,2025-01-10,2025-01-17,2025-01-26,Cygnus olor (wild),10076,5510,confirmed,synthetic
EMPRESI-HPAI-0002188,WAHIS-HPAI-ESP-2025-01-06-01,WAHIS,High pathogenicity avian influenza,HPAI,Spain,ESP,38.4986,-3.2708,2025-01-08,2025-01-17,2025-01-26,Cygnus olor (wild),6562,3596,confirmed,synthetic
EMPRESI-HPAI-0002181,WAHIS-HPAI-FRA-2025-01-06-01,WAHIS,High pathogenicity avian influenza,HPAI,France,FRA,47.7406,5.1724,2025-01-08,2025-01-18,2025-01-27,Gallus gallus (domestic),1516,841,confirmed,synthetic
EMPRESI-HPAI-0002120,WAHIS-HPAI-RUS-2024-12-16-01,WAHIS,High pathogenicity avian influenza,HPAI,Russian Federation,RUS,52.9815,51.1589,2024-12-22,2025-01-19,2025-01-27,Meleagris gallopavo (domestic),1173,615,confirmed,synthetic
EMPRESI-HPAI-0002197,WAHIS-HPAI-MDA-2025-01-06-00,WAHIS,High pathogenicity avian influenza,HPAI,Moldova,MDA,47.1541,29.4387,2025-01-12,2025-01-21,2025-01-28,Meleagris gallopavo (domestic),3836,2080,confirmed,synthetic
EMPRESI-HPAI-0002167,WAHIS-HPAI-ESP-2024-12-30-01,WAHIS,High pathogenicity avian influenza,HPAI,Spain,ESP,40.5096,-4.0319,2024-12-30,2025-01-18,2025-01-28,Cygnus olor (wild),5005,2731,confirmed,synthetic
EMPRESI-HPAI-0002208,WAHIS-HPAI-ESP-2025-01-13-00,WAHIS,High pathogenicity avian influenza,HPAI,Spain,ESP,42.9102,-2.8605,2025-01-14,2025-01-21,2025-01-29,Anas platyrhynchos (domestic),1857,1046,confirmed,synthetic
EMPRESI-ASF-0003420,WAHIS-ASF-MDA-2024-10-28-00,WAHIS,African swine fever,ASF,Moldova,MDA,47.426,29.6537,2024-10-31,2025-01-23,2025-01-30,Sus scrofa domesticus,125,108,confirmed,synthetic
EMPRESI-HPAI-0002081,WAHIS-HPAI-SRB-2024-12-09-00,WAHIS,High pathogenicity avian influenza,HPAI,Serbia,SRB,43.0183,21.9272,2024-12-11,2025-01-20,2025-01-30,Anas platyrhynchos (domestic),4117,2242,confirmed,synthetic
EMPRESI-HPAI-0002189,WAHIS-HPAI-ESP-2025-01-06-02,WAHIS,High pathogenicity avian influenza,HPAI,Spain,ESP,42.0725,-4.9336,2025-01-12,2025-01-20,2025-01-30,Larus spp. (wild),5967,3259,confirmed,synthetic
EMPRESI-HPAI-0002186,WAHIS-HPAI-ITA-2025-01-06-01,WAHIS,High pathogenicity avian influenza,HPAI,Italy,ITA,42.6302,9.905,2025-01-06,2025-01-23,2025-01-30,Larus spp. (wild),1902,1068,confirmed,synthetic
EMPRESI-HPAI-0002199,WAHIS-HPAI-GEO-2025-01-06-00,WAHIS,High pathogenicity avian influenza,HPAI,Georgia,GEO,40.9994,42.7114,2025-01-06,2025-01-19,2025-01-30,Gallus gallus (domestic),5608,3066,confirmed,synthetic
EMPRESI-HPAI-0002168,WAHIS-HPAI-ESP-2024-12-30-02,WAHIS,High pathogenicity avian influenza,HPAI,Spain,ESP,39.2987,-6.1105,2025-01-03,2025-01-21,2025-01-30,Gallus gallus (domestic),458,258,confirmed,synthetic
EMPRESI-ASF-0003094,WAHIS-ASF-GEO-2024-08-12-02,WAHIS,African swine fever,ASF,Georgia,GEO,43.3013,43.2562,2024-08-16,2025-01-20,2025-01-31,Sus scrofa domesticus,181,152,confirmed,synthetic
EMPRESI-HPAI-0002205,WAHIS-HPAI-ITA-2025-01-13-00,WAHIS,High pathogenicity avian influenza,HPAI,Italy,ITA,41.2103,11.7765,2025-01-14,2025-01-25,2025-02-01,Cygnus olor (wild),4244,2300,confirmed,synthetic
EMPRESI-HPAI-0002213,WAHIS-HPAI-BGR-2025-01-13-02,WAHIS,High pathogenicity avian influenza,HPAI,Bulgaria,BGR,42.4184,24.9712,2025-01-17,2025-01-23,2025-02-01,Larus spp. (wild),10771,5854,confirmed,synthetic
EMPRESI-HPAI-0002220,WAHIS-HPAI-NLD-2025-01-20-00,WAHIS,High pathogenicity avian influenza,HPAI,Netherlands,NLD,52.5143,5.9187,2025-01-22,2025-01-27,2025-02-01,Larus spp. (wild),2574,1347,confirmed,synthetic
EMPRESI-HPAI-0002149,WAHIS-HPAI-EGY-2024-12-23-00,WAHIS,High pathogenicity avian influenza,HPAI,Egypt,EGY,28.1455,30.6872,2024-12-23,2025-01-26,2025-02-02,Meleagris gallopavo (domestic),6837,3764,confirmed,synthetic
EMPRESI-HPAI-0002179,WAHIS-HPAI-EGY-2024-12-30-00,WAHIS,High pathogenicity avian influenza,HPAI,Egypt,EGY,26.2606,29.6371,2024-12-31,2025-01-25,2025-02-02,Anas platyrhynchos (domestic),11069,6149,confirmed,synthetic
EMPRESI-HPAI-0002218,WAHIS-HPAI-FRA-2025-01-20-01,WAHIS,High pathogenicity avian influenza,HPAI,France,FRA,47.3415,5.7466,2025-01-20,2025-01-27,2025-02-02,Gallus gallus (domestic),2302,1260,confirmed,synthetic
EMPRESI-HPAI-0002196,WAHIS-HPAI-UKR-2025-01-06-00,WAHIS,High pathogenicity avian influenza,HPAI,Ukraine,UKR,51.7004,33.4646,2025-01-08,2025-01-27,2025-02-02,Gallus gallus (domestic),2732,1457,confirmed,synthetic
EMPRESI-HPAI-0002159,WAHIS-HPAI-NLD-2024-12-30-00,WAHIS,High pathogenicity avian influenza,HPAI,Netherlands,NLD,51.3457,4.8933,2024-12-31,2025-01-23,2025-02-04,Cygnus olor (wild),790,429,confirmed,synthetic
EMPRESI-HPAI-0002193,WAHIS-HPAI-POL-2025-01-06-00,WAHIS,High pathogenicity avian influenza,HPAI,Poland,POL,50.7014,17.8029,2025-01-12,2025-01-29,2025-02-05,Meleagris gallopavo (domestic),2094,1125,confirmed,synthetic
EMPRESI-HPAI-0002206,WAHIS-HPAI-ITA-2025-01-13-01,WAHIS,High pathogenicity avian influenza,HPAI,Italy,ITA,40.353,14.1221,2025-01-18,2025-01-28,2025-02-06,Gallus gallus (domestic),14852,8169,confirmed,synthetic
EMPRESI-HPAI-0002216,WAHIS-HPAI-ISR-2025-01-13-00,WAHIS,High pathogenicity avian influenza,HPAI,Israel,ISR,30.7251,35.1817,2025-01-14,2025-01-31,2025-02-06,Gallus gallus (domestic),1229,679,confirmed,synthetic
EMPRESI-HPAI-0002142,WAHIS-HPAI-ROU-2024-12-23-01,WAHIS,High pathogenicity avian influenza,HPAI,Romania,ROU,47.1233,27.2142,2024-12-23,2025-01-31,2025-02-06,Cygnus olor (wild),4624,2564,confirmed,synthetic
EMPRESI-HPAI-0002219,WAHIS-HPAI-FRA-2025-01-20-02,WAHIS,High pathogenicity avian influenza,HPAI,France,FRA,45.0022,4.4194,2025-01-23,2025-01-28,2025-02-06,Anas platyrhynchos (domestic),4836,2621,confirmed,synthetic
EMPRESI-HPAI-0002225,WAHIS-HPAI-ROU-2025-01-20-01,WAHIS,High pathogenicity avian influenza,HPAI,Romania,ROU,47.2197,24.3708,2025-01-24,2025-01-30,2025-02-07,Cygnus olor (wild),5241,2854,confirmed,synthetic
EMPRESI-HPAI-0002045,WAHIS-HPAI-RUS-2024-12-02-00,WAHIS,High pathogenicity avian influenza,HPAI,Russian Federation,RUS,59.9778,47.9714,2024-12-02,2025-01-26,2025-02-07,Meleagris gallopavo (domestic),2674,1483,confirmed,synthetic
EMPRESI-HPAI-0002198,WAHIS-HPAI-TUR-2025-01-06-00,WAHIS,High pathogenicity avian influenza,HPAI,Türkiye,TUR,35.8634,38.4019,2025-01-11,2025-02-02,2025-02-08,Larus spp. (wild),4058,2237,confirmed,synthetic
EMPRESI-HPAI-0002204,WAHIS-HPAI-BEL-2025-01-13-00,WAHIS,High pathogenicity avian influenza,HPAI,Belgium,BEL,50.7452,3.7105,2025-01-17,2025-02-02,2025-02-08,Anas platyrhynchos (domestic),2572,1366,confirmed,synthetic
EMPRESI-HPAI-0002215,WAHIS-HPAI-GEO-2025-01-13-00,WAHIS,High pathogenicity avian influenza,HPAI,Georgia,GEO,42.4292,43.8288,2025-01-17,2025-02-03,2025-02-08,Meleagris gallopavo (domestic),3537,1951,confirmed,synthetic
EMPRESI-HPAI-0002232,WAHIS-HPAI-FRA-2025-01-27-00,WAHIS,High pathogenicity avian influenza,HPAI,France,FRA,43.9462,1.4059,2025-01-27,2025-02-03,2025-02-09,Gallus gallus (domestic),7604,4183,confirmed,synthetic
EMPRESI-HPAI-0002214,WAHIS-HPAI-RUS-2025-01-13-00,WAHIS,High pathogenicity avian influenza,HPAI,Russian Federation,RUS,56.398,44.2399,2025-01-15,2025-02-04,2025-02-09,Larus spp. (wild),6984,3821,confirmed,synthetic
EMPRESI-HPAI-0002231,WAHIS-HPAI-MAR-2025-01-20-00,WAHIS,High pathogenicity avian influenza,HPAI,Morocco,MAR,34.2764,-7.9014,2025-01-21,2025-02-05,2025-02-10,Cygnus olor (wild),816,436,confirmed,synthetic
EMPRESI-HPAI-0002243,WAHIS-HPAI-TUR-2025-01-27-01,WAHIS,High pathogenicity avian influenza,HPAI,Türkiye,TUR,39.8886,32.7785,2025-02-01,2025-02-06,2025-02-11,Meleagris gallopavo (domestic),6737,3708,confirmed,synthetic
EMPRESI-HPAI-0002221,WAHIS-HPAI-ITA-2025-01-20-00,WAHIS,High pathogenicity avian influenza,HPAI,Italy,ITA,42.9779,8.7385,2025-01-22,2025-02-05,2025-02-11,Meleagris gallopavo (domestic),10610,5795,confirmed,synthetic
EMPRESI-HPAI-0002222,WAHIS-HPAI-ESP-2025-01-20-00,WAHIS,High pathogenicity avian influenza,HPAI,Spain,ESP,41.7577,0.6282,2025-01-25,2025-02-02,2025-02-11,Cygnus olor (wild),4451,2424,confirmed,synthetic
EMPRESI-HPAI-0002171,WAHIS-HPAI-BGR-2024-12-30-00,WAHIS,High pathogenicity avian influenza,HPAI,Bulgaria,BGR,42.3829,24.0819,2024-12-30,2025-01-31,2025-02-12,Cygnus olor (wild),1700,968,confirmed,synthetic
EMPRESI-HPAI-0002223,WAHIS-HPAI-ESP-2025-01-20-01,WAHIS,High pathogenicity avian influenza,HPAI,Spain,ESP,40.8213,-1.5566,2025-01-25,2025-02-04,2025-02-13,Larus spp. (wild),2296,1230,confirmed,synthetic
EMPRESI-HPAI-0002228,WAHIS-HPAI-MDA-2025-01-20-00,WAHIS,High pathogenicity avian influenza,HPAI,Moldova,MDA,47.0604,28.3906,2025-01-23,2025-02-10,2025-02-15,Meleagris gallopavo (domestic),7508,4176,confirmed,synthetic
EMPRESI-HPAI-0002233,WAHIS-HPAI-FRA-2025-01-27-01,WAHIS,High pathogenicity avian influenza,HPAI,France,FRA,46.1546,-0.7617,2025-01-29,2025-02-07,2025-02-15,Anas platyrhynchos (domestic),1762,925,confirmed,synthetic
EMPRESI-HPAI-0002230,WAHIS-HPAI-ISR-2025-01-20-00,WAHIS,High pathogenicity avian influenza,HPAI,Israel,ISR,31.8006,34.6231,2025-01-26,2025-02-04,2025-02-16,Larus spp. (wild),1507,827,confirmed,synthetic
EMPRESI-HPAI-0002118,WAHIS-HPAI-MDA-2024-12-16-00,WAHIS,High pathogenicity avian influenza,HPAI,Moldova,MDA,46.5022,28.1916,2024-12-22,2025-02-05,2025-02-16,Anas platyrhynchos (domestic),11351,6220,confirmed,synthetic
EMPRESI-HPAI-0002241,WAHIS-HPAI-SRB-2025-01-27-00,WAHIS,High pathogenicity avian influenza,HPAI,Serbia,SRB,43.0412,19.5696,2025-01-31,2025-02-10,2025-02-17,Cygnus olor (wild),7848,4299,confirmed,synthetic
EMPRESI-HPAI-0002248,WAHIS-HPAI-FRA-2025-02-03-02,WAHIS,High pathogenicity avian influenza,HPAI,France,FRA,48.45,-0.9935,2025-02-05,2025-02-10,2025-02-17,Gallus gallus (domestic),3193,1772,confirmed,synthetic
EMPRESI-HPAI-0002249,WAHIS-HPAI-FRA-2025-02-03-03,WAHIS,High pathogenicity avian influenza,HPAI,France,FRA,43.4805,5.4145,2025-02-05,2025-02-11,2025-02-17,Larus spp. (wild),9712,5325,confirmed,synthetic
EMPRESI-HPAI-0002238,WAHIS-HPAI-POL-2025-01-27-00,WAHIS,High pathogenicity avian influenza,HPAI,Poland,POL,51.6996,21.7715,2025-02-01,2025-02-11,2025-02-19,Gallus gallus (domestic),1832,1045,confirmed,synthetic
EMPRESI-HPAI-0002229,WAHIS-HPAI-GEO-2025-01-20-00,WAHIS,High pathogenicity avian influenza,HPAI,Georgia,GEO,41.3321,42.8848,2025-01-25,2025-02-12,2025-02-19,Cygnus olor (wild),2846,1555,confirmed,synthetic
EMPRESI-HPAI-0002207,WAHIS-HPAI-ITA-2025-01-13-02,WAHIS,High pathogenicity avian influenza,HPAI,Italy,ITA,43.9231,13.5835,2025-01-19,2025-02-12,2025-02-20,Gallus gallus (domestic),2125,1160,confirmed,synthetic
EMPRESI-HPAI-0002224,WAHIS-HPAI-ROU-2025-01-20-00,WAHIS,High pathogenicity avian influenza,HPAI,Romania,ROU,46.2069,22.5415,2025-01-24,2025-02-18,2025-02-21,Larus spp. (wild),3883,2137,confirmed,synthetic
EMPRESI-HPAI-0002184,WAHIS-HPAI-BEL-2025-01-06-00,WAHIS,High pathogenicity avian influenza,HPAI,Belgium,BEL,50.6259,3.9483,2025-01-12,2025-02-16,2025-02-22,Larus spp. (wild),2816,1514,confirmed,synthetic
EMPRESI-HPAI-0002257,WAHIS-HPAI-TUR-2025-02-03-00,WAHIS,High pathogenicity avian influenza,HPAI,Türkiye,TUR,40.9095,39.8806,2025-02-06,2025-02-15,2025-02-22,Larus spp. (wild),1176,651,confirmed,synthetic
EMPRESI-HPAI-0002245,WAHIS-HPAI-ISR-2025-01-27-00,WAHIS,High pathogenicity avian influenza,HPAI,Israel,ISR,30.6485,34.9996,2025-02-02,2025-02-13,2025-02-23,Meleagris gallopavo (domestic),2142,1189,confirmed,synthetic
EMPRESI-HPAI-0002217,WAHIS-HPAI-FRA-2025-01-20-00,WAHIS,High pathogenicity avian influenza,HPAI,France,FRA,46.9922,-0.6067,2025-01-23,2025-02-17,2025-02-24,Cygnus olor (wild),3059,1696,confirmed,synthetic
EMPRESI-HPAI-0002235,WAHIS-HPAI-BEL-2025-01-27-00,WAHIS,High pathogenicity avian influenza,HPAI,Belgium,BEL,50.5456,5.4106,2025-02-01,2025-02-17,2025-02-25,Cygnus olor (wild),5155,2786,confirmed,synthetic
EMPRESI-HPAI-0002210,WAHIS-HPAI-HUN-2025-01-13-00,WAHIS,High pathogenicity avian influenza,HPAI,Hungary,HUN,46.8685,21.4117,2025-01-19,2025-02-11,2025-02-25,Anas platyrhynchos (domestic),5888,3255,confirmed,synthetic
EMPRESI-HPAI-0002201,WAHIS-HPAI-FRA-2025-01-13-00,WAHIS,High pathogenicity avian influenza,HPAI,France,FRA,48.3796,-2.4094,2025-01-16,2025-02-20,2025-02-25,Gallus gallus (domestic),4047,2216,confirmed,synthetic
EMPRESI-HPAI-0002251,WAHIS-HPAI-ITA-2025-02-03-00,WAHIS,High pathogenicity avian influenza,HPAI,Italy,ITA,43.0285,13.2101,2025-02-05,2025-02-16,2025-02-26,Anas platyrhynchos (domestic),7895,4370,confirmed,synthetic
EMPRESI-HPAI-0002260,WAHIS-HPAI-FRA-2025-02-10-00,WAHIS,High pathogenicity avian influenza,HPAI,France,FRA,45.7098,-0.2025,2025-02-12,2025-02-19,2025-02-26,Anas platyrhynchos (domestic),6761,3700,confirmed,synthetic
EMPRESI-HPAI-0002236,WAHIS-HPAI-ITA-2025-01-27-00,WAHIS,High pathogenicity avian influenza,HPAI,Italy,ITA,42.1015,13.5325,2025-01-28,2025-02-16,2025-03-01,Meleagris gallopavo (domestic),2875,1571,confirmed,synthetic
EMPRESI-HPAI-0002234,WAHIS-HPAI-FRA-2025-01-27-02,WAHIS,High pathogenicity avian influenza,HPAI,France,FRA,45.0349,6.633,2025-01-29,2025-02-21,2025-03-01,Anas platyrhynchos (domestic),8284,4613,confirmed,synthetic
EMPRESI-HPAI-0002255,WAHIS-HPAI-ROU-2025-02-03-00,WAHIS,High pathogenicity avian influenza,HPAI,Romania,ROU,45.7043,28.1681,2025-02-07,2025-02-24,2025-03-01,Meleagris gallopavo (domestic),1180,638,confirmed,synthetic
EMPRESI-HPAI-0002261,WAHIS-HPAI-NLD-2025-02-10-00,WAHIS,High pathogenicity avian influenza,HPAI,Netherlands,NLD,52.6166,4.762,2025-02-13,2025-02-23,2025-03-02,Cygnus olor (wild),3103,1680,confirmed,synthetic
EMPRESI-HPAI-0002262,WAHIS-HPAI-ESP-2025-02-10-00,WAHIS,High pathogenicity avian influenza,HPAI,Spain,ESP,39.9211,0.6466,2025-02-10,2025-02-24,2025-03-02,Larus spp. (wild),4410,2405,confirmed,synthetic
EMPRESI-HPAI-0002268,WAHIS-HPAI-BGR-2025-02-17-00,WAHIS,High pathogenicity avian influenza,HPAI,Bulgaria,BGR,42.3954,27.2559,2025-02-17,2025-02-25,2025-03-03,Larus spp. (wild),3814,2086,confirmed,synthetic
EMPRESI-HPAI-0002266,WAHIS-HPAI-EGY-2025-02-10-00,WAHIS,High pathogenicity avian influenza,HPAI,Egypt,EGY,27.4543,26.0306,2025-02-15,2025-02-24,2025-03-03,Meleagris gallopavo (domestic),487,278,confirmed,synthetic
EMPRESI-HPAI-0002256,WAHIS-HPAI-UKR-2025-02-03-00,WAHIS,High pathogenicity avian influenza,HPAI,Ukraine,UKR,45.807,32.982,2025-02-05,2025-02-28,2025-03-04,Anas platyrhynchos (domestic),7195,3963,confirmed,synthetic
EMPRESI-HPAI-0002259,WAHIS-HPAI-TUR-2025-02-03-02,WAHIS,High pathogenicity avian influenza,HPAI,Türkiye,TUR,36.3808,31.2815,2025-02-08,2025-02-21,2025-03-04,Meleagris gallopavo (domestic),924,503,confirmed,synthetic
EMPRESI-HPAI-0002242,WAHIS-HPAI-TUR-2025-01-27-00,WAHIS,High pathogenicity avian influenza,HPAI,Türkiye,TUR,38.3011,38.634,2025-01-31,2025-02-24,2025-03-04,Cygnus olor (wild),3539,1982,confirmed,synthetic
EMPRESI-HPAI-0002226,WAHIS-HPAI-BGR-2025-01-20-00,WAHIS,High pathogenicity avian influenza,HPAI,Bulgaria,BGR,42.4119,27.2006,2025-01-25,2025-02-25,2025-03-06,Larus spp. (wild),6336,3583,confirmed,synthetic
EMPRESI-HPAI-0002265,WAHIS-HPAI-TUR-2025-02-10-00,WAHIS,High pathogenicity avian influenza,HPAI,Türkiye,TUR,37.1699,35.0262,2025-02-12,2025-02-22,2025-03-06,Meleagris gallopavo (domestic),1878,1044,confirmed,synthetic
EMPRESI-HPAI-0002253,WAHIS-HPAI-ITA-2025-02-03-02,WAHIS,High pathogenicity avian influenza,HPAI,Italy,ITA,43.0094,15.7453,2025-02-05,2025-03-01,2025-03-09,Anas platyrhynchos (domestic),2233,1262,confirmed,synthetic
EMPRESI-HPAI-0002254,WAHIS-HPAI-HUN-2025-02-03-00,WAHIS,High pathogenicity avian influenza,HPAI,Hungary,HUN,48.0891,18.7064,2025-02-07,2025-03-02,2025-03-09,Gallus gallus (domestic),7979,4357,confirmed,synthetic
EMPRESI-HPAI-0002244,WAHIS-HPAI-TUR-2025-01-27-02,WAHIS,High pathogenicity avian influenza,HPAI,Türkiye,TUR,41.1978,38.3328,2025-01-31,2025-03-03,2025-03-10,Cygnus olor (wild),5735,3177,confirmed,synthetic
EMPRESI-HPAI-0002177,WAHIS-HPAI-TUR-2024-12-30-01,WAHIS,High pathogenicity avian influenza,HPAI,Türkiye,TUR,41.7908,37.341,2025-01-05,2025-03-05,2025-03-12,Meleagris gallopavo (domestic),972,508,confirmed,synthetic
EMPRESI-HPAI-0002258,WAHIS-HPAI-TUR-2025-02-03-01,WAHIS,High pathogenicity avian influenza,HPAI,Türkiye,TUR,35.8306,34.9228,2025-02-07,2025-03-01,2025-03-13,Gallus gallus (domestic),2900,1593,confirmed,synthetic
EMPRESI-HPAI-0002263,WAHIS-HPAI-POL-2025-02-10-00,WAHIS,High pathogenicity avian influenza,HPAI,Poland,POL,50.596,16.0271,2025-02-13,2025-03-04,2025-03-13,Larus spp. (wild),8314,4646,confirmed,synthetic
EMPRESI-HPAI-0002270,WAHIS-HPAI-NLD-2025-02-24-00,WAHIS,High pathogenicity avian influenza,HPAI,Netherlands,NLD,52.3883,4.0089,2025-03-01,2025-03-06,2025-03-13,Gallus gallus (domestic),4056,2307,confirmed,synthetic
EMPRESI-HPAI-0002269,WAHIS-HPAI-ISR-2025-02-17-00,WAHIS,High pathogenicity avian influenza,HPAI,Israel,ISR,31.3995,34.5133,2025-02-20,2025-03-07,2025-03-16,Larus spp. (wild),2815,1595,confirmed,synthetic
EMPRESI-HPAI-0002246,WAHIS-HPAI-FRA-2025-02-03-00,WAHIS,High pathogenicity avian influenza,HPAI,France,FRA,46.7923,-2.6736,2025-02-09,2025-03-08,2025-03-17,Gallus gallus (domestic),8530,4662,confirmed,synthetic
EMPRESI-HPAI-0002284,WAHIS-HPAI-TUR-2025-03-03-00,WAHIS,High pathogenicity avian influenza,HPAI,Türkiye,TUR,35.6397,36.6178,2025-03-06,2025-03-11,2025-03-18,Cygnus olor (wild),2323,1286,confirmed,synthetic
EMPRESI-HPAI-0002274,WAHIS-HPAI-TUR-2025-02-24-00,WAHIS,High pathogenicity avian influenza,HPAI,Türkiye,TUR,38.431,34.299,2025-03-02,2025-03-11,2025-03-20,Larus spp. (wild),3920,2209,confirmed,synthetic
EMPRESI-HPAI-0002280,WAHIS-HPAI-ROU-2025-03-03-01,WAHIS,High pathogenicity avian influenza,HPAI,Romania,ROU,47.5498,26.0064,2025-03-06,2025-03-13,2025-03-20,Cygnus olor (wild),819,458,confirmed,synthetic
EMPRESI-HPAI-0002281,WAHIS-HPAI-SRB-2025-03-03-00,WAHIS,High pathogenicity avian influenza,HPAI,Serbia,SRB,44.5151,20.7407,2025-03-06,2025-03-12,2025-03-24,Larus spp. (wild),11389,6276,confirmed,synthetic
EMPRESI-HPAI-0002288,WAHIS-HPAI-SRB-2025-03-10-00,WAHIS,High pathogenicity avian influenza,HPAI,Serbia,SRB,43.6159,20.2802,2025-03-12,2025-03-19,2025-03-24,Larus spp. (wild),7619,4217,confirmed,synthetic
EMPRESI-HPAI-0002271,WAHIS-HPAI-ESP-2025-02-24-00,WAHIS,High pathogenicity avian influenza,HPAI,Spain,ESP,38.789,-4.2915,2025-03-01,2025-03-17,2025-03-24,Gallus gallus (domestic),3210,1775,confirmed,synthetic
EMPRESI-HPAI-0002273,WAHIS-HPAI-UKR-2025-02-24-00,WAHIS,High pathogenicity avian influenza,HPAI,Ukraine,UKR,52.1897,30.5719,2025-02-26,2025-03-18,2025-03-24,Cygnus olor (wild),228,119,confirmed,synthetic
EMPRESI-HPAI-0002277,WAHIS-HPAI-FRA-2025-03-03-00,WAHIS,High pathogenicity avian influenza,HPAI,France,FRA,48.8437,4.4825,2025-03-08,2025-03-20,2025-03-26,Larus spp. (wild),3258,1800,confirmed,synthetic
EMPRESI-HPAI-0002287,WAHIS-HPAI-HUN-2025-03-10-00,WAHIS,High pathogenicity avian influenza,HPAI,Hungary,HUN,47.5508,19.9305,2025-03-11,2025-03-17,2025-03-27,Larus spp. (wild),2913,1614,confirmed,synthetic
EMPRESI-HPAI-0002290,WAHIS-HPAI-ISR-2025-03-10-00,WAHIS,High pathogenicity avian influenza,HPAI,Israel,ISR,31.5428,34.1469,2025-03-16,2025-03-21,2025-03-27,Cygnus olor (wild),2396,1329,confirmed,synthetic
EMPRESI-HPAI-0002289,WAHIS-HPAI-SRB-2025-03-10-01,WAHIS,High pathogenicity avian influenza,HPAI,Serbia,SRB,44.402,19.6912,2025-03-14,2025-03-20,2025-03-28,Gallus gallus (domestic),7756,4319,confirmed,synthetic
EMPRESI-HPAI-0002276,WAHIS-HPAI-GEO-2025-02-24-00,WAHIS,High pathogenicity avian influenza,HPAI,Georgia,GEO,42.2939,44.1225,2025-02-28,2025-03-21,2025-03-29,Meleagris gallopavo (domestic),1668,927,confirmed,synthetic
EMPRESI-HPAI-0002272,WAHIS-HPAI-SRB-2025-02-24-00,WAHIS,High pathogenicity avian influenza,HPAI,Serbia,SRB,44.5109,22.2144,2025-02-27,2025-03-21,2025-03-30,Cygnus olor (wild),1822,1002,confirmed,synthetic
EMPRESI-HPAI-0002286,WAHIS-HPAI-ITA-2025-03-10-00,WAHIS,High pathogenicity avian influenza,HPAI,Italy,ITA,41.6219,12.6519,2025-03-14,2025-03-24,2025-04-01,Gallus gallus (domestic),1773,959,confirmed,synthetic
EMPRESI-HPAI-0002264,WAHIS-HPAI-SRB-2025-02-10-00,WAHIS,High pathogenicity avian influenza,HPAI,Serbia,SRB,43.9418,22.0719,2025-02-16,2025-03-25,2025-04-02,Larus spp. (wild),3000,1663,confirmed,synthetic
EMPRESI-HPAI-0002104,WAHIS-HPAI-POL-2024-12-16-01,WAHIS,High pathogenicity avian influenza,HPAI,Poland,POL,49.8794,19.9897,2024-12-16,2025-03-27,2025-04-02,Gallus gallus (domestic),807,451,confirmed,synthetic
EMPRESI-HPAI-0002278,WAHIS-HPAI-HUN-2025-03-03-00,WAHIS,High pathogenicity avian influenza,HPAI,Hungary,HUN,47.7136,20.0606,2025-03-05,2025-03-26,2025-04-04,Cygnus olor (wild),1199,635,confirmed,synthetic
EMPRESI-HPAI-0002282,WAHIS-HPAI-SRB-2025-03-03-01,WAHIS,High pathogenicity avian influenza,HPAI,Serbia,SRB,45.2891,21.9369,2025-03-05,2025-03-26,2025-04-04,Larus spp. (wild),2128,1136,confirmed,synthetic
EMPRESI-HPAI-0002296,WAHIS-HPAI-SRB-2025-03-17-00,WAHIS,High pathogenicity avian influenza,HPAI,Serbia,SRB,43.9255,18.94,2025-03-23,2025-03-30,2025-04-04,Meleagris gallopavo (domestic),2910,1609,confirmed,synthetic
EMPRESI-ASF-0003424,WAHIS-ASF-BEL-2025-03-17-00,WAHIS,African swine fever,ASF,Belgium,BEL,50.2678,3.8702,2025-03-19,2025-03-27,2025-04-05,Sus scrofa domesticus,99,88,confirmed,synthetic
EMPRESI-HPAI-0002293,WAHIS-HPAI-FRA-2025-03-17-01,WAHIS,High pathogenicity avian influenza,HPAI,France,FRA,47.4313,1.3195,2025-03-19,2025-03-29,2025-04-06,Gallus gallus (domestic),2527,1343,confirmed,synthetic
EMPRESI-HPAI-0002291,WAHIS-HPAI-MAR-2025-03-10-00,WAHIS,High pathogenicity avian influenza,HPAI,Morocco,MAR,28.9101,-6.2409,2025-03-14,2025-04-02,2025-04-10,Meleagris gallopavo (domestic),7082,3967,confirmed,synthetic
EMPRESI-HPAI-0002297,WAHIS-HPAI-TUR-2025-03-17-00,WAHIS,High pathogenicity avian influenza,HPAI,Türkiye,TUR,42.7128,36.6984,2025-03-20,2025-04-06,2025-04-13,Gallus gallus (domestic),5123,2863,confirmed,synthetic
EMPRESI-HPAI-0002311,WAHIS-HPAI-SRB-2025-04-07-00,WAHIS,High pathogenicity avian influenza,HPAI,Serbia,SRB,43.5589,22.2116,2025-04-07,2025-04-13,2025-04-16,Gallus gallus (domestic),7811,4324,confirmed,synthetic
EMPRESI-HPAI-0002299,WAHIS-HPAI-DEU-2025-03-31-00,WAHIS,High pathogenicity avian influenza,HPAI,Germany,DEU,53.1475,6.7001,2025-04-02,2025-04-11,2025-04-17,Cygnus olor (wild),1508,843,confirmed,synthetic
EMPRESI-HPAI-0002300,WAHIS-HPAI-ITA-2025-03-31-00,WAHIS,High pathogenicity avian influenza,HPAI,Italy,ITA,43.2614,16.2191,2025-03-31,2025-04-10,2025-04-20,Larus spp. (wild),4963,2810,confirmed,synthetic
EMPRESI-HPAI-0002305,WAHIS-HPAI-BGR-2025-03-31-01,WAHIS,High pathogenicity avian influenza,HPAI,Bulgaria,BGR,43.0631,26.5085,2025-04-03,2025-04-12,2025-04-20,Meleagris gallopavo (domestic),1589,853,confirmed,synthetic
EMPRESI-HPAI-0002301,WAHIS-HPAI-ESP-2025-03-31-00,WAHIS,High pathogenicity avian influenza,HPAI,Spain,ESP,40.3689,-0.5285,2025-04-04,2025-04-10,2025-04-21,Anas platyrhynchos (domestic),3595,2009,confirmed,synthetic
EMPRESI-HPAI-0002304,WAHIS-HPAI-BGR-2025-03-31-00,WAHIS,High pathogenicity avian influenza,HPAI,Bulgaria,BGR,43.5615,25.6657,2025-04-04,2025-04-12,2025-04-21,Larus spp. (wild),4595,2571,confirmed,synthetic
EMPRESI-HPAI-0002292,WAHIS-HPAI-FRA-2025-03-17-00,WAHIS,High pathogenicity avian influenza,HPAI,France,FRA,46.7444,6.8097,2025-03-21,2025-04-13,2025-04-21,Larus spp. (wild),1596,872,confirmed,synthetic
EMPRESI-HPAI-0002303,WAHIS-HPAI-HUN-2025-03-31-01,WAHIS,High pathogenicity avian influenza,HPAI,Hungary,HUN,46.1428,20.4584,2025-04-04,2025-04-11,2025-04-26,Cygnus olor (wild),4897,2622,confirmed,synthetic
EMPRESI-HPAI-0002294,WAHIS-HPAI-ITA-2025-03-17-00,WAHIS,High pathogenicity avian influenza,HPAI,Italy,ITA,43.566,10.5995,2025-03-18,2025-04-19,2025-04-28,Gallus gallus (domestic),6059,3280,confirmed,synthetic
EMPRESI-HPAI-0002319,WAHIS-HPAI-GEO-2025-04-14-00,WAHIS,High pathogenicity avian influenza,HPAI,Georgia,GEO,41.0143,43.1871,2025-04-15,2025-04-22,2025-05-01,Anas platyrhynchos (domestic),8160,4494,confirmed,synthetic
EMPRESI-HPAI-0002315,WAHIS-HPAI-ITA-2025-04-14-00,WAHIS,High pathogenicity avian influenza,HPAI,Italy,ITA,42.9657,12.2056,2025-04-17,2025-04-23,2025-05-01,Anas platyrhynchos (domestic),6537,3680,confirmed,synthetic
EMPRESI-HPAI-0002308,WAHIS-HPAI-ITA-2025-04-07-00,WAHIS,High pathogenicity avian influenza,HPAI,Italy,ITA,44.0517,15.2233,2025-04-09,2025-04-24,2025-05-02,Larus spp. (wild),6963,3791,confirmed,synthetic
EMPRESI-HPAI-0002320,WAHIS-HPAI-DEU-2025-04-21-00,WAHIS,High pathogenicity avian influenza,HPAI,Germany,DEU,52.3682,8.1423,2025-04-27,2025-05-08,2025-05-15,Cygnus olor (wild),2441,1340,confirmed,synthetic
EMPRESI-HPAI-0002318,WAHIS-HPAI-UKR-2025-04-14-00,WAHIS,High pathogenicity avian influenza,HPAI,Ukraine,UKR,49.012,26.2245,2025-04-16,2025-05-06,2025-05-16,Anas platyrhynchos (domestic),1803,1015,confirmed,synthetic
EMPRESI-HPAI-0002326,WAHIS-HPAI-ISR-2025-04-28-00,WAHIS,High pathogenicity avian influenza,HPAI,Israel,ISR,31.1518,35.5919,2025-05-01,2025-05-10,2025-05-18,Cygnus olor (wild),2892,1626,confirmed,synthetic
EMPRESI-HPAI-0002317,WAHIS-HPAI-POL-2025-04-14-01,WAHIS,High pathogenicity avian influenza,HPAI,Poland,POL,51.6637,17.4139,2025-04-15,2025-05-12,2025-05-21,Cygnus olor (wild),3168,1705,confirmed,synthetic
EMPRESI-HPAI-0002322,WAHIS-HPAI-UKR-2025-04-21-00,WAHIS,High pathogenicity avian influenza,HPAI,Ukraine,UKR,45.7137,33.3053,2025-04-23,2025-05-09,2025-05-23,Larus spp. (wild),5321,2923,confirmed,synthetic
EMPRESI-HPAI-0002328,WAHIS-HPAI-UKR-2025-05-05-00,WAHIS,High pathogenicity avian influenza,HPAI,Ukraine,UKR,48.3672,34.1179,2025-05-06,2025-05-17,2025-05-24,Cygnus olor (wild),1297,726,confirmed,synthetic
EMPRESI-HPAI-0002327,WAHIS-HPAI-DEU-2025-05-05-00,WAHIS,High pathogenicity avian influenza,HPAI,Germany,DEU,52.4209,12.9884,2025-05-09,2025-05-15,2025-05-25,Gallus gallus (domestic),2519,1411,confirmed,synthetic
EMPRESI-HPAI-0002321,WAHIS-HPAI-NLD-2025-04-21-00,WAHIS,High pathogenicity avian influenza,HPAI,Netherlands,NLD,52.0567,4.9472,2025-04-27,2025-05-23,2025-06-01,Cygnus olor (wild),1670,928,confirmed,synthetic
EMPRESI-HPAI-0002331,WAHIS-HPAI-NLD-2025-05-12-00,WAHIS,High pathogenicity avian influenza,HPAI,Netherlands,NLD,52.7453,5.084,2025-05-18,2025-05-26,2025-06-03,Meleagris gallopavo (domestic),2847,1575,confirmed,synthetic
EMPRESI-HPAI-0002332,WAHIS-HPAI-DEU-2025-05-19-00,WAHIS,High pathogenicity avian influenza,HPAI,Germany,DEU,50.0124,7.2955,2025-05-23,2025-05-28,2025-06-04,Larus spp. (wild),14049,7667,confirmed,synthetic
EMPRESI-HPAI-0002325,WAHIS-HPAI-UKR-2025-04-28-00,WAHIS,High pathogenicity avian influenza,HPAI,Ukraine,UKR,51.1038,26.8491,2025-04-30,2025-05-28,2025-06-05,Meleagris gallopavo (domestic),3771,2075,confirmed,synthetic
EMPRESI-HPAI-0002302,WAHIS-HPAI-HUN-2025-03-31-00,WAHIS,High pathogenicity avian influenza,HPAI,Hungary,HUN,47.3734,18.5056,2025-04-05,2025-05-30,2025-06-06,Meleagris gallopavo (domestic),2003,1069,confirmed,synthetic
EMPRESI-HPAI-0002334,WAHIS-HPAI-POL-2025-05-19-00,WAHIS,High pathogenicity avian influenza,HPAI,Poland,POL,51.2226,21.0099,2025-05-20,2025-05-31,2025-06-06,Larus spp. (wild),4056,2207,confirmed,synthetic
EMPRESI-HPAI-0002333,WAHIS-HPAI-BEL-2025-05-19-00,WAHIS,High pathogenicity avian influenza,HPAI,Belgium,BEL,50.7365,3.797,2025-05-22,2025-06-08,2025-06-17,Cygnus olor (wild),10357,5633,confirmed,synthetic
EMPRESI-HPAI-0002336,WAHIS-HPAI-BEL-2025-05-26-01,WAHIS,High pathogenicity avian influenza,HPAI,Belgium,BEL,50.4011,4.2929,2025-05-29,2025-06-10,2025-06-17,Gallus gallus (domestic),5325,2903,confirmed,synthetic
EMPRESI-ASF-0003428,WAHIS-ASF-RUS-2025-06-16-00,WAHIS,African swine fever,ASF,Russian Federation,RUS,51.995,43.7355,2025-06-16,2025-06-27,2025-07-01,Sus scrofa (wild boar),77,69,confirmed,synthetic
EMPRESI-HPAI-0002337,WAHIS-HPAI-POL-2025-06-09-00,WAHIS,High pathogenicity avian influenza,HPAI,Poland,POL,52.6961,20.8533,2025-06-15,2025-06-29,2025-07-04,Cygnus olor (wild),12163,6609,confirmed,synthetic
EMPRESI-HPAI-0002329,WAHIS-HPAI-MDA-2025-05-05-00,WAHIS,High pathogenicity avian influenza,HPAI,Moldova,MDA,47.4351,27.2427,2025-05-08,2025-06-29,2025-07-05,Anas platyrhynchos (domestic),4748,2642,confirmed,synthetic
EMPRESI-ASF-0003429,WAHIS-ASF-BEL-2025-06-23-00,WAHIS,African swine fever,ASF,Belgium,BEL,50.8475,3.4258,2025-06-27,2025-07-02,2025-07-09,Sus scrofa (wild boar),106,91,confirmed,synthetic
EMPRESI-ASF-0003432,WAHIS-ASF-NLD-2025-06-30-00,WAHIS,African swine fever,ASF,Netherlands,NLD,51.9029,6.6714,2025-07-03,2025-07-05,2025-07-10,Sus scrofa (wild boar),81,67,confirmed,synthetic
EMPRESI-ASF-0003425,WAHIS-ASF-FRA-2025-06-09-00,WAHIS,African swine fever,ASF,France,FRA,47.0634,7.1348,2025-06-11,2025-07-03,2025-07-10,Sus scrofa domesticus,92,75,confirmed,synthetic
EMPRESI-ASF-0003430,WAHIS-ASF-TUR-2025-06-23-00,WAHIS,African swine fever,ASF,Türkiye,TUR,38.3293,33.4137,2025-06-27,2025-07-10,2025-07-16,Sus scrofa domesticus,137,114,confirmed,synthetic
EMPRESI-ASF-0003435,WAHIS-ASF-TUR-2025-06-30-00,WAHIS,African swine fever,ASF,Türkiye,TUR,36.2875,32.4712,2025-07-03,2025-07-13,2025-07-18,Sus scrofa (wild boar),69,53,confirmed,synthetic
EMPRESI-ASF-0003427,WAHIS-ASF-MDA-2025-06-16-00,WAHIS,African swine fever,ASF,Moldova,MDA,47.7499,29.4446,2025-06-18,2025-07-10,2025-07-19,Sus scrofa domesticus,120,106,confirmed,synthetic
EMPRESI-HPAI-0002338,WAHIS-HPAI-BEL-2025-06-30-00,WAHIS,High pathogenicity avian influenza,HPAI,Belgium,BEL,49.795,4.5364,2025-06-30,2025-07-12,2025-07-20,Meleagris gallopavo (domestic),3775,2049,confirmed,synthetic
EMPRESI-ASF-0003434,WAHIS-ASF-BEL-2025-06-30-01,WAHIS,African swine fever,ASF,Belgium,BEL,50.0286,5.3822,2025-07-06,2025-07-18,2025-07-26,Sus scrofa domesticus,32,30,confirmed,synthetic
EMPRESI-ASF-0003437,WAHIS-ASF-BEL-2025-07-07-00,WAHIS,African swine fever,ASF,Belgium,BEL,50.6649,3.2619,2025-07-13,2025-07-27,2025-08-03,Sus scrofa domesticus,275,239,confirmed,synthetic
EMPRESI-ASF-0003439,WAHIS-ASF-BEL-2025-07-07-02,WAHIS,African swine fever,ASF,Belgium,BEL,50.2157,5.4208,2025-07-13,2025-07-30,2025-08-05,Sus scrofa domesticus,17,16,confirmed,synthetic
EMPRESI-ASF-0003444,WAHIS-ASF-DEU-2025-07-21-00,WAHIS,African swine fever,ASF,Germany,DEU,53.0654,7.8348,2025-07-22,2025-08-04,2025-08-10,Sus scrofa domesticus,152,135,confirmed,synthetic
EMPRESI-ASF-0003458,WAHIS-ASF-BEL-2025-08-04-01,WAHIS,African swine fever,ASF,Belgium,BEL,51.4462,4.742,2025-08-04,2025-08-07,2025-08-13,Sus scrofa domesticus,98,82,confirmed,synthetic
EMPRESI-ASF-0003441,WAHIS-ASF-BEL-2025-07-14-00,WAHIS,African swine fever,ASF,Belgium,BEL,49.8639,4.1577,2025-07-16,2025-08-08,2025-08-14,Sus scrofa domesticus,88,81,confirmed,synthetic
EMPRESI-ASF-0003436,WAHIS-ASF-NLD-2025-07-07-00,WAHIS,African swine fever,ASF,Netherlands,NLD,52.6988,6.5057,2025-07-13,2025-07-30,2025-08-16,Sus scrofa domesticus,34,30,confirmed,synthetic
EMPRESI-ASF-0003452,WAHIS-ASF-ESP-2025-07-28-00,WAHIS,African swine fever,ASF,Spain,ESP,38.2733,-1.6516,2025-08-01,2025-08-11,2025-08-17,Sus scrofa domesticus,88,77,confirmed,synthetic
EMPRESI-ASF-0003460,WAHIS-ASF-POL-2025-08-04-00,WAHIS,African swine fever,ASF,Poland,POL,50.3957,19.1488,2025-08-04,2025-08-11,2025-08-17,Sus scrofa (wild boar),178,153,confirmed,synthetic
EMPRESI-ASF-0003447,WAHIS-ASF-BEL-2025-07-21-00,WAHIS,African swine fever,ASF,Belgium,BEL,50.5064,5.7262,2025-07-24,2025-08-14,2025-08-19,Sus scrofa domesticus,158,142,confirmed,synthetic
EMPRESI-ASF-0003450,WAHIS-ASF-FRA-2025-07-28-01,WAHIS,African swine fever,ASF,France,FRA,49.9759,4.5454,2025-08-02,2025-08-15,2025-08-22,Sus scrofa domesticus,56,48,confirmed,synthetic
EMPRESI-ASF-0003451,WAHIS-ASF-BEL-2025-07-28-00,WAHIS,African swine fever,ASF,Belgium,BEL,50.6067,4.022,2025-07-30,2025-08-14,2025-08-22,Sus scrofa domesticus,5,5,confirmed,synthetic
EMPRESI-ASF-0003446,WAHIS-ASF-NLD-2025-07-21-00,WAHIS,African swine fever,ASF,Netherlands,NLD,51.7014,6.8342,2025-07-24,2025-08-14,2025-08-22,Sus scrofa domesticus,58,51,confirmed,synthetic
EMPRESI-ASF-0003453,WAHIS-ASF-ESP-2025-07-28-01,WAHIS,African swine fever,ASF,Spain,ESP,41.8899,-3.0919,2025-08-03,2025-08-19,2025-08-26,Sus scrofa domesticus,195,175,confirmed,synthetic
EMPRESI-ASF-0003459,WAHIS-ASF-ESP-2025-08-04-00,WAHIS,African swine fever,ASF,Spain,ESP,39.0332,-4.1545,2025-08-09,2025-08-20,2025-08-27,Sus scrofa domesticus,59,49,confirmed,synthetic
EMPRESI-ASF-0003468,WAHIS-ASF-SRB-2025-08-11-00,WAHIS,African swine fever,ASF,Serbia,SRB,44.4701,20.4368,2025-08-17,2025-08-24,2025-08-28,Sus scrofa domesticus,56,48,confirmed,synthetic
EMPRESI-ASF-0003456,WAHIS-ASF-DEU-2025-08-04-01,WAHIS,African swine fever,ASF,Germany,DEU,52.9888,13.8516,2025-08-08,2025-08-22,2025-08-29,Sus scrofa (wild boar),47,41,confirmed,synthetic
EMPRESI-ASF-0003454,WAHIS-ASF-FRA-2025-08-04-00,WAHIS,African swine fever,ASF,France,FRA,46.0405,1.2226,2025-08-08,2025-08-19,2025-08-29,Sus scrofa (wild boar),16,15,confirmed,synthetic
EMPRESI-ASF-0003484,WAHIS-ASF-ESP-2025-08-18-00,WAHIS,African swine fever,ASF,Spain,ESP,40.1201,-1.584,2025-08-21,2025-08-25,2025-08-30,Sus scrofa domesticus,53,46,confirmed,synthetic
EMPRESI-ASF-0003467,WAHIS-ASF-HUN-2025-08-11-00,WAHIS,African swine fever,ASF,Hungary,HUN,48.1953,20.1767,2025-08-14,2025-08-24,2025-08-31,Sus scrofa domesticus,82,72,confirmed,synthetic
EMPRESI-ASF-0003455,WAHIS-ASF-DEU-2025-08-04-00,WAHIS,African swine fever,ASF,Germany,DEU,52.8886,12.8959,2025-08-04,2025-08-23,2025-09-02,Sus scrofa (wild boar),130,115,confirmed,synthetic
EMPRESI-ASF-0003471,WAHIS-ASF-FRA-2025-08-18-02,WAHIS,African swine fever,ASF,France,FRA,49.4402,4.4845,2025-08-20,2025-08-25,2025-09-02,Sus scrofa (wild boar),252,211,confirmed,synthetic
EMPRESI-ASF-0003464,WAHIS-ASF-NLD-2025-08-11-00,WAHIS,African swine fever,ASF,Netherlands,NLD,52.8127,6.6416,2025-08-15,2025-08-23,2025-09-03,Sus scrofa (wild boar),118,108,confirmed,synthetic
EMPRESI-ASF-0003438,WAHIS-ASF-BEL-2025-07-07-01,WAHIS,African swine fever,ASF,Belgium,BEL,49.9313,5.0616,2025-07-13,2025-08-20,2025-09-04,Sus scrofa domesticus,254,224,confirmed,synthetic
EMPRESI-ASF-0003474,WAHIS-ASF-DEU-2025-08-18-01,WAHIS,African swine fever,ASF,Germany,DEU,51.8073,6.6972,2025-08-18,2025-08-28,2025-09-05,Sus scrofa (wild boar),18,18,confirmed,synthetic
EMPRESI-ASF-0003462,WAHIS-ASF-FRA-2025-08-11-01,WAHIS,African swine fever,ASF,France,FRA,46.8176,1.1111,2025-08-14,2025-08-28,2025-09-06,Sus scrofa domesticus,81,72,confirmed,synthetic
EMPRESI-ASF-0003489,WAHIS-ASF-RUS-2025-08-18-01,WAHIS,African swine fever,ASF,Russian Federation,RUS,58.8302,36.5426,2025-08-22,2025-08-28,2025-09-06,Sus scrofa (wild boar),35,27,confirmed,synthetic
EMPRESI-ASF-0003461,WAHIS-ASF-FRA-2025-08-11-00,WAHIS,African swine fever,ASF,France,FRA,48.26,4.0101,2025-08-12,2025-08-31,2025-09-07,Sus scrofa (wild boar),116,106,confirmed,synthetic
EMPRESI-ASF-0003465,WAHIS-ASF-ESP-2025-08-11-00,WAHIS,African swine fever,ASF,Spain,ESP,40.852,-4.369,2025-08-16,2025-08-30,2025-09-07,Sus scrofa (wild boar),18,17,confirmed,synthetic
EMPRESI-ASF-0003476,WAHIS-ASF-NLD-2025-08-18-01,WAHIS,African swine fever,ASF,Netherlands,NLD,51.5703,5.1063,2025-08-21,2025-09-02,2025-09-07,Sus scrofa (wild boar),38,32,confirmed,synthetic
EMPRESI-ASF-0003485,WAHIS-ASF-ESP-2025-08-18-01,WAHIS,African swine fever,ASF,Spain,ESP,42.4622,-7.1642,2025-08-21,2025-09-03,2025-09-09,Sus scrofa (wild boar),268,241,confirmed,synthetic
EMPRESI-ASF-0003487,WAHIS-ASF-HUN-2025-08-18-00,WAHIS,African swine fever,ASF,Hungary,HUN,47.805,19.1253,2025-08-23,2025-09-03,2025-09-09,Sus scrofa domesticus,43,39,confirmed,synthetic
EMPRESI-ASF-0003473,WAHIS-ASF-DEU-2025-08-18-00,WAHIS,African swine fever,ASF,Germany,DEU,52.4164,9.0204,2025-08-20,2025-09-02,2025-09-10,Sus scrofa domesticus,9,9,confirmed,synthetic
EMPRESI-ASF-0003480,WAHIS-ASF-BEL-2025-08-18-01,WAHIS,African swine fever,ASF,Belgium,BEL,49.8265,4.2215,2025-08-19,2025-09-01,2025-09-10,Sus scrofa (wild boar),54,52,confirmed,synthetic
EMPRESI-ASF-0003481,WAHIS-ASF-BEL-2025-08-18-02,WAHIS,African swine fever,ASF,Belgium,BEL,50.1883,5.3276,2025-08-22,2025-09-01,2025-09-10,Sus scrofa (wild boar),55,49,confirmed,synthetic
EMPRESI-ASF-0003486,WAHIS-ASF-POL-2025-08-18-00,WAHIS,African swine fever,ASF,Poland,POL,54.4355,18.8766,2025-08-24,2025-09-02,2025-09-11,Sus scrofa (wild boar),148,126,confirmed,synthetic
EMPRESI-ASF-0003478,WAHIS-ASF-NLD-2025-08-18-03,WAHIS,African swine fever,ASF,Netherlands,NLD,51.703,6.8661,2025-08-20,2025-09-05,2025-09-12,Sus scrofa domesticus,60,51,confirmed,synthetic
EMPRESI-ASF-0003463,WAHIS-ASF-DEU-2025-08-11-00,WAHIS,African swine fever,ASF,Germany,DEU,51.2657,10.9044,2025-08-16,2025-09-04,2025-09-12,Sus scrofa (wild boar),197,169,confirmed,synthetic
EMPRESI-ASF-0003493,WAHIS-ASF-NLD-2025-08-25-00,WAHIS,African swine fever,ASF,Netherlands,NLD,51.8588,5.9465,2025-08-27,2025-09-03,2025-09-13,Sus scrofa (wild boar),28,24,confirmed,synthetic
EMPRESI-ASF-0003469,WAHIS-ASF-FRA-2025-08-18-00,WAHIS,African swine fever,ASF,France,FRA,48.7723,-0.0835,2025-08-24,2025-09-06,2025-09-15,Sus scrofa (wild boar),70,60,confirmed,synthetic
EMPRESI-ASF-0003470,WAHIS-ASF-FRA-2025-08-18-01,WAHIS,African swine fever,ASF,France,FRA,47.6172,1.4391,2025-08-24,2025-09-07,2025-09-15,Sus scrofa domesticus,75,67,confirmed,synthetic
EMPRESI-ASF-0003506,WAHIS-ASF-NLD-2025-09-01-00,WAHIS,African swine fever,ASF,Netherlands,NLD,52.4315,4.9169,2025-09-01,2025-09-08,2025-09-15,Sus scrofa (wild boar),147,130,confirmed,synthetic
EMPRESI-ASF-0003457,WAHIS-ASF-BEL-2025-08-04-00,WAHIS,African swine fever,ASF,Belgium,BEL,51.118,3.5845,2025-08-07,2025-09-10,2025-09-17,Sus scrofa (wild boar),64,47,confirmed,synthetic
EMPRESI-ASF-0003516,WAHIS-ASF-MDA-2025-09-01-01,WAHIS,African swine fever,ASF,Moldova,MDA,47.3767,28.1492,2025-09-03,2025-09-11,2025-09-19,Sus scrofa domesticus,239,207,confirmed,synthetic
EMPRESI-ASF-0003523,WAHIS-ASF-FRA-2025-09-08-00,WAHIS,African swine fever,ASF,France,FRA,42.9852,3.7749,2025-09-09,2025-09-12,2025-09-19,Sus scrofa domesticus,96,87,confirmed,synthetic
EMPRESI-ASF-0003496,WAHIS-ASF-BEL-2025-08-25-01,WAHIS,African swine fever,ASF,Belgium,BEL,49.7674,4.2532,2025-08-26,2025-09-13,2025-09-20,Sus scrofa (wild boar),83,70,confirmed,synthetic
EMPRESI-ASF-0003475,WAHIS-ASF-NLD-2025-08-18-00,WAHIS,African swine fever,ASF,Netherlands,NLD,52.012,5.3266,2025-08-23,2025-09-08,2025-09-20,Sus scrofa domesticus,31,29,confirmed,synthetic
EMPRESI-ASF-0003477,WAHIS-ASF-NLD-2025-08-18-02,WAHIS,African swine fever,ASF,Netherlands,NLD,52.0314,4.4372,2025-08-24,2025-09-13,2025-09-20,Sus scrofa (wild boar),81,71,confirmed,synthetic
EMPRESI-ASF-0003492,WAHIS-ASF-DEU-2025-08-25-01,WAHIS,African swine fever,ASF,Germany,DEU,50.2277,13.9437,2025-08-28,2025-09-13,2025-09-20,Sus scrofa (wild boar),390,334,confirmed,synthetic
EMPRESI-ASF-0003502,WAHIS-ASF-MDA-2025-08-25-00,WAHIS,African swine fever,ASF,Moldova,MDA,47.0956,28.5661,2025-08-27,2025-09-12,2025-09-21,Sus scrofa (wild boar),117,102,confirmed,synthetic
EMPRESI-ASF-0003513,WAHIS-ASF-HUN-2025-09-01-01,WAHIS,African swine fever,ASF,Hungary,HUN,48.1156,18.1246,2025-09-02,2025-09-15,2025-09-21,Sus scrofa domesticus,217,185,confirmed,synthetic
EMPRESI-ASF-0003514,WAHIS-ASF-SRB-2025-09-01-00,WAHIS,African swine fever,ASF,Serbia,SRB,42.9002,19.9198,2025-09-06,2025-09-12,2025-09-21,Sus scrofa (wild boar),55,43,confirmed,synthetic
EMPRESI-ASF-0003472,WAHIS-ASF-FRA-2025-08-18-03,WAHIS,African swine fever,ASF,France,FRA,44.8633,1.0179,2025-08-23,2025-09-15,2025-09-21,Sus scrofa (wild boar),42,40,confirmed,synthetic
EMPRESI-ASF-0003503,WAHIS-ASF-MDA-2025-08-25-01,WAHIS,African swine fever,ASF,Moldova,MDA,46.4598,28.0247,2025-08-27,2025-09-13,2025-09-21,Sus scrofa (wild boar),133,118,confirmed,synthetic
EMPRESI-ASF-0003505,WAHIS-ASF-DEU-2025-09-01-00,WAHIS,African swine fever,ASF,Germany,DEU,49.6383,7.6478,2025-09-06,2025-09-15,2025-09-23,Sus scrofa (wild boar),151,139,confirmed,synthetic
EMPRESI-ASF-0003518,WAHIS-ASF-RUS-2025-09-01-01,WAHIS,African swine fever,ASF,Russian Federation,RUS,61.059,41.8105,2025-09-07,2025-09-13,2025-09-23,Sus scrofa domesticus,194,176,confirmed,synthetic
EMPRESI-ASF-0003512,WAHIS-ASF-HUN-2025-09-01-00,WAHIS,African swine fever,ASF,Hungary,HUN,48.3149,18.5052,2025-09-01,2025-09-15,2025-09-23,Sus scrofa domesticus,225,205,confirmed,synthetic
EMPRESI-ASF-0003509,WAHIS-ASF-BEL-2025-09-01-01,WAHIS,African swine fever,ASF,Belgium,BEL,50.0663,5.6116,2025-09-03,2025-09-16,2025-09-23,Sus scrofa (wild boar),49,44,confirmed,synthetic
EMPRESI-ASF-0003488,WAHIS-ASF-RUS-2025-08-18-00,WAHIS,African swine fever,ASF,Russian Federation,RUS,52.5061,44.3239,2025-08-24,2025-09-14,2025-09-23,Sus scrofa domesticus,131,110,confirmed,synthetic
EMPRESI-ASF-0003538,WAHIS-ASF-ESP-2025-09-08-02,WAHIS,African swine fever,ASF,Spain,ESP,40.3554,0.4773,2025-09-12,2025-09-19,2025-09-23,Sus scrofa domesticus,133,118,confirmed,synthetic
EMPRESI-ASF-0003499,WAHIS-ASF-BGR-2025-08-25-00,WAHIS,African swine fever,ASF,Bulgaria,BGR,44.2381,26.2679,2025-08-30,2025-09-14,2025-09-24,Sus scrofa (wild boar),131,112,confirmed,synthetic
EMPRESI-ASF-0003501,WAHIS-ASF-SRB-2025-08-25-01,WAHIS,African swine fever,ASF,Serbia,SRB,44.6963,21.1157,2025-08-30,2025-09-17,2025-09-24,Sus scrofa (wild boar),32,29,confirmed,synthetic
EMPRESI-ASF-0003529,WAHIS-ASF-NLD-2025-09-08-01,WAHIS,African swine fever,ASF,Netherlands,NLD,52.2316,5.9097,2025-09-13,2025-09-17,2025-09-24,Sus scrofa domesticus,5,5,confirmed,synthetic
EMPRESI-ASF-0003517,WAHIS-ASF-RUS-2025-09-01-00,WAHIS,African swine fever,ASF,Russian Federation,RUS,59.5119,40.9146,2025-09-06,2025-09-20,2025-09-25,Sus scrofa (wild boar),21,19,confirmed,synthetic
EMPRESI-ASF-0003479,WAHIS-ASF-BEL-2025-08-18-00,WAHIS,African swine fever,ASF,Belgium,BEL,50.4655,4.2761,2025-08-20,2025-09-19,2025-09-25,Sus scrofa (wild boar),130,117,confirmed,synthetic
EMPRESI-ASF-0003491,WAHIS-ASF-DEU-2025-08-25-00,WAHIS,African swine fever,ASF,Germany,DEU,52.098,8.7053,2025-08-27,2025-09-16,2025-09-26,Sus scrofa (wild boar),79,72,confirmed,synthetic
EMPRESI-ASF-0003543,WAHIS-ASF-BGR-2025-09-08-00,WAHIS,African swine fever,ASF,Bulgaria,BGR,42.8846,23.2422,2025-09-12,2025-09-19,2025-09-26,Sus scrofa (wild boar),42,37,confirmed,synthetic
EMPRESI-ASF-0003483,WAHIS-ASF-ITA-2025-08-18-00,WAHIS,African swine fever,ASF,Italy,ITA,43.2962,9.0438,2025-08-22,2025-09-16,2025-09-26,Sus scrofa (wild boar),62,55,confirmed,synthetic
EMPRESI-ASF-0003552,WAHIS-ASF-NLD-2025-09-15-00,WAHIS,African swine fever,ASF,Netherlands,NLD,52.7157,6.4345,2025-09-15,2025-09-20,2025-09-26,Sus scrofa (wild boar),135,123,confirmed,synthetic
EMPRESI-ASF-0003530,WAHIS-ASF-NLD-2025-09-08-02,WAHIS,African swine fever,ASF,Netherlands,NLD,51.409,6.6301,2025-09-13,2025-09-20,2025-09-27,Sus scrofa domesticus,75,64,confirmed,synthetic
EMPRESI-ASF-0003497,WAHIS-ASF-ESP-2025-08-25-00,WAHIS,African swine fever,ASF,Spain,ESP,42.6677,-1.2697,2025-08-30,2025-09-19,2025-09-28,Sus scrofa (wild boar),28,23,confirmed,synthetic
EMPRESI-ASF-0003569,WAHIS-ASF-TUR-2025-09-15-00,WAHIS,African swine fever,ASF,Türkiye,TUR,39.7206,30.129,2025-09-17,2025-09-21,2025-09-28,Sus scrofa (wild boar),119,106,confirmed,synthetic
EMPRESI-ASF-0003524,WAHIS-ASF-FRA-2025-09-08-01,WAHIS,African swine fever,ASF,France,FRA,49.9296,1.2966,2025-09-14,2025-09-23,2025-09-28,Sus scrofa (wild boar),152,132,confirmed,synthetic
EMPRESI-ASF-0003528,WAHIS-ASF-NLD-2025-09-08-00,WAHIS,African swine fever,ASF,Netherlands,NLD,53.1688,5.8809,2025-09-08,2025-09-18,2025-09-28,Sus scrofa (wild boar),96,81,confirmed,synthetic
EMPRESI-ASF-0003515,WAHIS-ASF-MDA-2025-09-01-00,WAHIS,African swine fever,ASF,Moldova,MDA,46.3054,28.7534,2025-09-04,2025-09-22,2025-09-30,Sus scrofa domesticus,36,32,confirmed,synthetic
EMPRESI-ASF-0003526,WAHIS-ASF-FRA-2025-09-08-03,WAHIS,African swine fever,ASF,France,FRA,45.1973,3.4504,2025-09-14,2025-09-23,2025-09-30,Sus scrofa domesticus,242,210,confirmed,synthetic
EMPRESI-ASF-0003504,WAHIS-ASF-FRA-2025-09-01-00,WAHIS,African swine fever,ASF,France,FRA,45.0363,2.752,2025-09-06,2025-09-18,2025-09-30,Sus scrofa (wild boar),112,99,confirmed,synthetic
EMPRESI-ASF-0003545,WAHIS-ASF-SRB-2025-09-08-01,WAHIS,African swine fever,ASF,Serbia,SRB,44.543,22.7043,2025-09-12,2025-09-21,2025-10-01,Sus scrofa (wild boar),244,220,confirmed,synthetic
EMPRESI-ASF-0003466,WAHIS-ASF-POL-2025-08-11-00,WAHIS,African swine fever,ASF,Poland,POL,53.7313,21.7935,2025-08-13,2025-09-20,2025-10-01,Sus scrofa (wild boar),88,80,confirmed,synthetic
EMPRESI-ASF-0003551,WAHIS-ASF-DEU-2025-09-15-02,WAHIS,African swine fever,ASF,Germany,DEU,52.0789,10.566,2025-09-18,2025-09-24,2025-10-02,Sus scrofa domesticus,12,12,confirmed,synthetic
EMPRESI-ASF-0003519,WAHIS-ASF-RUS-2025-09-01-02,WAHIS,African swine fever,ASF,Russian Federation,RUS,54.7172,38.6217,2025-09-05,2025-09-25,2025-10-03,Sus scrofa (wild boar),147,123,confirmed,synthetic
EMPRESI-ASF-0003490,WAHIS-ASF-TUR-2025-08-18-00,WAHIS,African swine fever,ASF,Türkiye,TUR,41.2606,35.6606,2025-08-21,2025-09-27,2025-10-04,Sus scrofa (wild boar),160,147,confirmed,synthetic
EMPRESI-ASF-0003542,WAHIS-ASF-ROU-2025-09-08-00,WAHIS,African swine fever,ASF,Romania,ROU,43.4974,24.106,2025-09-14,2025-09-29,2025-10-04,Sus scrofa domesticus,39,34,confirmed,synthetic
EMPRESI-ASF-0003553,WAHIS-ASF-NLD-2025-09-15-01,WAHIS,African swine fever,ASF,Netherlands,NLD,51.5641,6.5012,2025-09-18,2025-09-27,2025-10-05,Sus scrofa domesticus,171,155,confirmed,synthetic
EMPRESI-ASF-0003507,WAHIS-ASF-NLD-2025-09-01-01,WAHIS,African swine fever,ASF,Netherlands,NLD,51.2559,6.0323,2025-09-06,2025-09-29,2025-10-05,Sus scrofa (wild boar),53,45,confirmed,synthetic
EMPRESI-ASF-0003556,WAHIS-ASF-BEL-2025-09-15-00,WAHIS,African swine fever,ASF,Belgium,BEL,50.2638,5.7181,2025-09-18,2025-09-24,2025-10-06,Sus scrofa domesticus,29,25,confirmed,synthetic
EMPRESI-ASF-0003574,WAHIS-ASF-NLD-2025-09-22-00,WAHIS,African swine fever,ASF,Netherlands,NLD,53.1071,6.299,2025-09-22,2025-09-29,2025-10-07,Sus scrofa domesticus,82,70,confirmed,synthetic
EMPRESI-ASF-0003570,WAHIS-ASF-TUN-2025-09-15-00,WAHIS,African swine fever,ASF,Tunisia,TUN,35.903,10.0753,2025-09-17,2025-09-30,2025-10-07,Sus scrofa (wild boar),125,107,confirmed,synthetic
EMPRESI-ASF-0003532,WAHIS-ASF-NLD-2025-09-08-04,WAHIS,African swine fever,ASF,Netherlands,NLD,52.8299,6.3256,2025-09-10,2025-09-27,2025-10-08,Sus scrofa domesticus,25,21,confirmed,synthetic
EMPRESI-ASF-0003557,WAHIS-ASF-BEL-2025-09-15-01,WAHIS,African swine fever,ASF,Belgium,BEL,51.3173,4.525,2025-09-16,2025-09-26,2025-10-08,Sus scrofa domesticus,182,156,confirmed,synthetic
EMPRESI-ASF-0003548,WAHIS-ASF-FRA-2025-09-15-01,WAHIS,African swine fever,ASF,France,FRA,46.8288,1.9924,2025-09-19,2025-09-28,2025-10-08,Sus scrofa (wild boar),49,43,confirmed,synthetic
EMPRESI-ASF-0003583,WAHIS-ASF-BEL-2025-09-22-07,WAHIS,African swine fever,ASF,Belgium,BEL,50.5928,4.4079,2025-09-26,2025-10-02,2025-10-08,Sus scrofa domesticus,110,92,confirmed,synthetic
EMPRESI-ASF-0003527,WAHIS-ASF-DEU-2025-09-08-00,WAHIS,African swine fever,ASF,Germany,DEU,49.5907,14.1798,2025-09-12,2025-10-01,2025-10-09,Sus scrofa (wild boar),25,23,confirmed,synthetic
EMPRESI-ASF-0003599,WAHIS-ASF-TUR-2025-09-22-00,WAHIS,African swine fever,ASF,Türkiye,TUR,38.7314,37.5611,2025-09-26,2025-10-01,2025-10-09,Sus scrofa domesticus,21,20,confirmed,synthetic
EMPRESI-ASF-0003575,WAHIS-ASF-NLD-2025-09-22-01,WAHIS,African swine fever,ASF,Netherlands,NLD,51.848,7.0117,2025-09-22,2025-09-30,2025-10-10,Sus scrofa domesticus,326,281,confirmed,synthetic
EMPRESI-ASF-0003587,WAHIS-ASF-ESP-2025-09-22-01,WAHIS,African swine fever,ASF,Spain,ESP,39.4444,-0.94,2025-09-24,2025-10-02,2025-10-10,Sus scrofa (wild boar),109,97,confirmed,synthetic
EMPRESI-ASF-0003593,WAHIS-ASF-SRB-2025-09-22-00,WAHIS,African swine fever,ASF,Serbia,SRB,45.2098,19.8228,2025-09-22,2025-10-03,2025-10-11,Sus scrofa (wild boar),69,62,confirmed,synthetic
EMPRESI-ASF-0003560,WAHIS-ASF-ESP-2025-09-15-00,WAHIS,African swine fever,ASF,Spain,ESP,42.2095,-0.858,2025-09-19,2025-10-05,2025-10-11,Sus scrofa domesticus,18,16,confirmed,synthetic
EMPRESI-ASF-0003571,WAHIS-ASF-FRA-2025-09-22-00,WAHIS,African swine fever,ASF,France,FRA,46.8096,0.4893,2025-09-27,2025-10-06,2025-10-11,Sus scrofa domesticus,92,84,confirmed,synthetic
EMPRESI-ASF-0003568,WAHIS-ASF-RUS-2025-09-15-00,WAHIS,African swine fever,ASF,Russian Federation,RUS,53.8083,49.1334,2025-09-20,2025-10-03,2025-10-11,Sus scrofa (wild boar),43,41,confirmed,synthetic
EMPRESI-ASF-0003576,WAHIS-ASF-BEL-2025-09-22-00,WAHIS,African swine fever,ASF,Belgium,BEL,50.2412,4.7025,2025-09-27,2025-10-01,2025-10-12,Sus scrofa (wild boar),90,72,confirmed,synthetic
EMPRESI-ASF-0003589,WAHIS-ASF-HUN-2025-09-22-00,WAHIS,African swine fever,ASF,Hungary,HUN,46.9281,21.109,2025-09-25,2025-10-02,2025-10-12,Sus scrofa (wild boar),81,70,confirmed,synthetic
EMPRESI-ASF-0003590,WAHIS-ASF-HUN-2025-09-22-01,WAHIS,African swine fever,ASF,Hungary,HUN,47.3307,20.1907,2025-09-24,2025-10-04,2025-10-12,Sus scrofa domesticus,130,111,confirmed,synthetic
EMPRESI-ASF-0003500,WAHIS-ASF-SRB-2025-08-25-00,WAHIS,African swine fever,ASF,Serbia,SRB,43.0807,20.1277,2025-08-27,2025-10-05,2025-10-13,Sus scrofa domesticus,201,179,confirmed,synthetic
EMPRESI-ASF-0003579,WAHIS-ASF-BEL-2025-09-22-03,WAHIS,African swine fever,ASF,Belgium,BEL,50.8924,4.0106,2025-09-27,2025-10-04,2025-10-13,Sus scrofa domesticus,44,37,confirmed,synthetic
EMPRESI-ASF-0003604,WAHIS-ASF-FRA-2025-09-29-01,WAHIS,African swine fever,ASF,France,FRA,46.1372,0.2121,2025-09-30,2025-10-07,2025-10-13,Sus scrofa domesticus,85,74,confirmed,synthetic
EMPRESI-ASF-0003572,WAHIS-ASF-DEU-2025-09-22-00,WAHIS,African swine fever,ASF,Germany,DEU,51.7931,7.8755,2025-09-24,2025-10-06,2025-10-13,Sus scrofa (wild boar),23,21,confirmed,synthetic
EMPRESI-ASF-0003544,WAHIS-ASF-SRB-2025-09-08-00,WAHIS,African swine fever,ASF,Serbia,SRB,43.086,20.8146,2025-09-13,2025-10-04,2025-10-13,Sus scrofa (wild boar),97,91,confirmed,synthetic
EMPRESI-ASF-0003494,WAHIS-ASF-NLD-2025-08-25-01,WAHIS,African swine fever,ASF,Netherlands,NLD,52.7204,6.1699,2025-08-31,2025-10-03,2025-10-15,Sus scrofa domesticus,185,153,confirmed,synthetic
EMPRESI-ASF-0003629,WAHIS-ASF-UKR-2025-09-29-00,WAHIS,African swine fever,ASF,Ukraine,UKR,47.0471,33.7086,2025-10-03,2025-10-08,2025-10-15,Sus scrofa (wild boar),83,77,confirmed,synthetic
EMPRESI-ASF-0003625,WAHIS-ASF-BGR-2025-09-29-00,WAHIS,African swine fever,ASF,Bulgaria,BGR,41.4867,24.1953,2025-10-01,2025-10-08,2025-10-16,Sus scrofa domesticus,56,53,confirmed,synthetic
EMPRESI-ASF-0003580,WAHIS-ASF-BEL-2025-09-22-04,WAHIS,African swine fever,ASF,Belgium,BEL,50.6274,3.7847,2025-09-24,2025-10-12,2025-10-18,Sus scrofa domesticus,91,80,confirmed,synthetic
EMPRESI-ASF-0003608,WAHIS-ASF-NLD-2025-09-29-00,WAHIS,African swine fever,ASF,Netherlands,NLD,52.5558,5.5125,2025-10-01,2025-10-08,2025-10-18,Sus scrofa domesticus,75,67,confirmed,synthetic
EMPRESI-ASF-0003558,WAHIS-ASF-BEL-2025-09-15-02,WAHIS,African swine fever,ASF,Belgium,BEL,50.6631,4.2127,2025-09-19,2025-10-06,2025-10-18,Sus scrofa domesticus,228,196,confirmed,synthetic
EMPRESI-ASF-0003531,WAHIS-ASF-NLD-2025-09-08-03,WAHIS,African swine fever,ASF,Netherlands,NLD,51.3189,4.8765,2025-09-14,2025-10-05,2025-10-19,Sus scrofa (wild boar),26,23,confirmed,synthetic
EMPRESI-ASF-0003633,WAHIS-ASF-MDA-2025-09-29-02,WAHIS,African swine fever,ASF,Moldova,MDA,47.819,28.9109,2025-09-30,2025-10-10,2025-10-19,Sus scrofa (wild boar),186,166,confirmed,synthetic
EMPRESI-ASF-0003614,WAHIS-ASF-ESP-2025-09-29-02,WAHIS,African swine fever,ASF,Spain,ESP,42.2062,-6.0151,2025-10-05,2025-10-14,2025-10-19,Sus scrofa domesticus,160,141,confirmed,synthetic
EMPRESI-ASF-0003624,WAHIS-ASF-ROU-2025-09-29-04,WAHIS,African swine fever,ASF,Romania,ROU,46.0168,27.1531,2025-09-29,2025-10-08,2025-10-19,Sus scrofa domesticus,66,59,confirmed,synthetic
EMPRESI-ASF-0003605,WAHIS-ASF-FRA-2025-09-29-02,WAHIS,African swine fever,ASF,France,FRA,46.825,-1.9794,2025-10-02,2025-10-10,2025-10-19,Sus scrofa domesticus,142,129,confirmed,synthetic
EMPRESI-ASF-0003628,WAHIS-ASF-SRB-2025-09-29-01,WAHIS,African swine fever,ASF,Serbia,SRB,43.8147,20.9761,2025-10-05,2025-10-12,2025-10-20,Sus scrofa domesticus,42,36,confirmed,synthetic
EMPRESI-ASF-0003612,WAHIS-ASF-ESP-2025-09-29-00,WAHIS,African swine fever,ASF,Spain,ESP,38.2312,-1.1655,2025-10-03,2025-10-10,2025-10-20,Sus scrofa (wild boar),127,112,confirmed,synthetic
EMPRESI-ASF-0003566,WAHIS-ASF-MDA-2025-09-15-00,WAHIS,African swine fever,ASF,Moldova,MDA,47.4487,29.0571,2025-09-18,2025-10-13,2025-10-20,Sus scrofa domesticus,89,75,confirmed,synthetic
EMPRESI-ASF-0003632,WAHIS-ASF-MDA-2025-09-29-01,WAHIS,African swine fever,ASF,Moldova,MDA,46.3726,28.5233,2025-09-30,2025-10-12,2025-10-21,Sus scrofa domesticus,269,230,confirmed,synthetic
EMPRESI-ASF-0003620,WAHIS-ASF-ROU-2025-09-29-00,WAHIS,African swine fever,ASF,Romania,ROU,46.6259,25.0559,2025-10-01,2025-10-11,2025-10-21,Sus scrofa (wild boar),69,60,confirmed,synthetic
EMPRESI-ASF-0003546,WAHIS-ASF-RUS-2025-09-08-00,WAHIS,African swine fever,ASF,Russian Federation,RUS,61.4609,45.9131,2025-09-12,2025-10-15,2025-10-22,Sus scrofa (wild boar),25,22,confirmed,synthetic
EMPRESI-ASF-0003578,WAHIS-ASF-BEL-2025-09-22-02,WAHIS,African swine fever,ASF,Belgium,BEL,50.5496,3.3521,2025-09-23,2025-10-13,2025-10-22,Sus scrofa domesticus,77,68,confirmed,synthetic
EMPRESI-ASF-0003641,WAHIS-ASF-DEU-2025-10-06-00,WAHIS,African swine fever,ASF,Germany,DEU,49.7866,7.013,2025-10-10,2025-10-14,2025-10-22,Sus scrofa domesticus,210,185,confirmed,synthetic
EMPRESI-ASF-0003649,WAHIS-ASF-ESP-2025-10-06-02,WAHIS,African swine fever,ASF,Spain,ESP,40.0931,-6.6232,2025-10-09,2025-10-16,2025-10-22,Sus scrofa domesticus,89,76,confirmed,synthetic
EMPRESI-ASF-0003581,WAHIS-ASF-BEL-2025-09-22-05,WAHIS,African swine fever,ASF,Belgium,BEL,51.3497,4.2058,2025-09-28,2025-10-15,2025-10-23,Sus scrofa domesticus,218,193,confirmed,synthetic
EMPRESI-ASF-0003651,WAHIS-ASF-ROU-2025-10-06-00,WAHIS,African swine fever,ASF,Romania,ROU,47.1888,27.2716,2025-10-06,2025-10-15,2025-10-23,Sus scrofa (wild boar),81,68,confirmed,synthetic
EMPRESI-ASF-0003595,WAHIS-ASF-MDA-2025-09-22-00,WAHIS,African swine fever,ASF,Moldova,MDA,47.3282,27.7879,2025-09-28,2025-10-17,2025-10-23,Sus scrofa (wild boar),113,96,confirmed,synthetic
EMPRESI-ASF-0003600,WAHIS-ASF-TUR-2025-09-22-01,WAHIS,African swine fever,ASF,Türkiye,TUR,36.6052,36.042,2025-09-28,2025-10-15,2025-10-23,Sus scrofa domesticus,41,35,confirmed,synthetic
EMPRESI-ASF-0003534,WAHIS-ASF-BEL-2025-09-08-00,WAHIS,African swine fever,ASF,Belgium,BEL,50.5296,5.2887,2025-09-13,2025-10-11,2025-10-23,Sus scrofa domesticus,21,17,confirmed,synthetic
EMPRESI-ASF-0003577,WAHIS-ASF-BEL-2025-09-22-01,WAHIS,African swine fever,ASF,Belgium,BEL,50.2795,3.8667,2025-09-25,2025-10-13,2025-10-23,Sus scrofa (wild boar),77,64,confirmed,synthetic
EMPRESI-ASF-0003644,WAHIS-ASF-DEU-2025-10-06-03,WAHIS,African swine fever,ASF,Germany,DEU,53.8721,8.1571,2025-10-08,2025-10-20,2025-10-23,Sus scrofa (wild boar),34,32,confirmed,synthetic
EMPRESI-ASF-0003591,WAHIS-ASF-ROU-2025-09-22-00,WAHIS,African swine fever,ASF,Romania,ROU,45.2149,22.3897,2025-09-26,2025-10-19,2025-10-24,Sus scrofa domesticus,267,245,confirmed,synthetic
EMPRESI-ASF-0003594,WAHIS-ASF-UKR-2025-09-22-00,WAHIS,African swine fever,ASF,Ukraine,UKR,46.4752,29.5145,2025-09-25,2025-10-12,2025-10-24,Sus scrofa domesticus,139,130,confirmed,synthetic
EMPRESI-ASF-0003615,WAHIS-ASF-ESP-2025-09-29-03,WAHIS,African swine fever,ASF,Spain,ESP,38.8817,-2.0607,2025-10-02,2025-10-17,2025-10-24,Sus scrofa (wild boar),70,64,confirmed,synthetic
EMPRESI-ASF-0003622,WAHIS-ASF-ROU-2025-09-29-02,WAHIS,African swine fever,ASF,Romania,ROU,44.4954,23.2709,2025-10-01,2025-10-14,2025-10-24,Sus scrofa (wild boar),143,128,confirmed,synthetic
EMPRESI-ASF-0003549,WAHIS-ASF-DEU-2025-09-15-00,WAHIS,African swine fever,ASF,Germany,DEU,50.746,10.3417,2025-09-15,2025-10-16,2025-10-25,Sus scrofa (wild boar),94,78,confirmed,synthetic
EMPRESI-ASF-0003610,WAHIS-ASF-BEL-2025-09-29-01,WAHIS,African swine fever,ASF,Belgium,BEL,50.639,4.9066,2025-10-03,2025-10-19,2025-10-25,Sus scrofa domesticus,24,23,confirmed,synthetic
EMPRESI-ASF-0003656,WAHIS-ASF-RUS-2025-10-06-00,WAHIS,African swine fever,ASF,Russian Federation,RUS,53.7548,47.4899,2025-10-07,2025-10-21,2025-10-26,Sus scrofa (wild boar),298,264,confirmed,synthetic
EMPRESI-ASF-0003655,WAHIS-ASF-BGR-2025-10-06-03,WAHIS,African swine fever,ASF,Bulgaria,BGR,42.3281,27.3204,2025-10-10,2025-10-16,2025-10-26,Sus scrofa domesticus,99,86,confirmed,synthetic
EMPRESI-ASF-0003522,WAHIS-ASF-MAR-2025-09-01-00,WAHIS,African swine fever,ASF,Morocco,MAR,32.0847,-9.7957,2025-09-05,2025-10-18,2025-10-26,Sus scrofa (wild boar),631,556,confirmed,synthetic
EMPRESI-ASF-0003585,WAHIS-ASF-ITA-2025-09-22-01,WAHIS,African swine fever,ASF,Italy,ITA,43.6461,9.4689,2025-09-28,2025-10-21,2025-10-26,Sus scrofa domesticus,220,194,confirmed,synthetic
EMPRESI-ASF-0003645,WAHIS-ASF-BEL-2025-10-06-00,WAHIS,African swine fever,ASF,Belgium,BEL,50.7598,4.797,2025-10-08,2025-10-17,2025-10-27,Sus scrofa domesticus,36,30,confirmed,synthetic
EMPRESI-ASF-0003626,WAHIS-ASF-BGR-2025-09-29-01,WAHIS,African swine fever,ASF,Bulgaria,BGR,42.9417,26.1622,2025-10-02,2025-10-21,2025-10-27,Sus scrofa domesticus,184,165,confirmed,synthetic
EMPRESI-ASF-0003602,WAHIS-ASF-MAR-2025-09-22-00,WAHIS,African swine fever,ASF,Morocco,MAR,34.8386,-5.2966,2025-09-24,2025-10-21,2025-10-28,Sus scrofa domesticus,64,53,confirmed,synthetic
EMPRESI-ASF-0003683,WAHIS-ASF-SRB-2025-10-13-00,WAHIS,African swine fever,ASF,Serbia,SRB,44.6534,21.8974,2025-10-16,2025-10-21,2025-10-28,Sus scrofa domesticus,162,146,confirmed,synthetic
EMPRESI-ASF-0003584,WAHIS-ASF-ITA-2025-09-22-00,WAHIS,African swine fever,ASF,Italy,ITA,44.6436,11.4892,2025-09-24,2025-10-17,2025-10-28,Sus scrofa domesticus,113,99,confirmed,synthetic
EMPRESI-ASF-0003643,WAHIS-ASF-DEU-2025-10-06-02,WAHIS,African swine fever,ASF,Germany,DEU,52.6156,10.9235,2025-10-09,2025-10-19,2025-10-28,Sus scrofa domesticus,5,4,confirmed,synthetic
EMPRESI-ASF-0003639,WAHIS-ASF-FRA-2025-10-06-02,WAHIS,African swine fever,ASF,France,FRA,46.0163,6.0119,2025-10-10,2025-10-24,2025-10-28,Sus scrofa (wild boar),58,52,confirmed,synthetic
EMPRESI-ASF-0003508,WAHIS-ASF-BEL-2025-09-01-00,WAHIS,African swine fever,ASF,Belgium,BEL,50.082,4.387,2025-09-06,2025-10-23,2025-10-29,Sus scrofa (wild boar),61,57,confirmed,synthetic
EMPRESI-ASF-0003640,WAHIS-ASF-FRA-2025-10-06-03,WAHIS,African swine fever,ASF,France,FRA,47.3578,1.8682,2025-10-12,2025-10-22,2025-10-29,Sus scrofa domesticus,114,104,confirmed,synthetic
EMPRESI-ASF-0003682,WAHIS-ASF-BGR-2025-10-13-01,WAHIS,African swine fever,ASF,Bulgaria,BGR,41.1376,25.6168,2025-10-14,2025-10-23,2025-10-30,Sus scrofa (wild boar),39,38,confirmed,synthetic
EMPRESI-ASF-0003675,WAHIS-ASF-POL-2025-10-13-02,WAHIS,African swine fever,ASF,Poland,POL,51.5369,22.7046,2025-10-14,2025-10-26,2025-10-31,Sus scrofa domesticus,23,19,confirmed,synthetic
EMPRESI-ASF-0003650,WAHIS-ASF-HUN-2025-10-06-00,WAHIS,African swine fever,ASF,Hungary,HUN,46.9962,19.2607,2025-10-12,2025-10-26,2025-10-31,Sus scrofa domesticus,214,191,confirmed,synthetic
EMPRESI-ASF-0003654,WAHIS-ASF-BGR-2025-10-06-02,WAHIS,African swine fever,ASF,Bulgaria,BGR,43.0462,23.9052,2025-10-08,2025-10-21,2025-10-31,Sus scrofa (wild boar),29,29,confirmed,synthetic
EMPRESI-ASF-0003603,WAHIS-ASF-FRA-2025-09-29-00,WAHIS,African swine fever,ASF,France,FRA,48.24,3.1242,2025-10-01,2025-10-22,2025-11-01,Sus scrofa domesticus,169,147,confirmed,synthetic
EMPRESI-ASF-0003706,WAHIS-ASF-ISR-2025-10-13-00,WAHIS,African swine fever,ASF,Israel,ISR,30.7223,35.1812,2025-10-18,2025-10-26,2025-11-02,Sus scrofa (wild boar),84,81,confirmed,synthetic
EMPRESI-ASF-0003662,WAHIS-ASF-DEU-2025-10-13-00,WAHIS,African swine fever,ASF,Germany,DEU,51.5797,7.305,2025-10-16,2025-10-26,2025-11-02,Sus scrofa domesticus,72,70,confirmed,synthetic
EMPRESI-ASF-0003668,WAHIS-ASF-ITA-2025-10-13-00,WAHIS,African swine fever,ASF,Italy,ITA,42.75,9.0575,2025-10-18,2025-10-27,2025-11-03,Sus scrofa (wild boar),121,111,confirmed,synthetic
EMPRESI-ASF-0003671,WAHIS-ASF-ESP-2025-10-13-02,WAHIS,African swine fever,ASF,Spain,ESP,41.3464,-1.1552,2025-10-16,2025-10-23,2025-11-03,Sus scrofa domesticus,13,12,confirmed,synthetic
EMPRESI-ASF-0003564,WAHIS-ASF-ROU-2025-09-15-00,WAHIS,African swine fever,ASF,Romania,ROU,46.5025,22.6596,2025-09-19,2025-10-29,2025-11-03,Sus scrofa (wild boar),29,23,confirmed,synthetic
EMPRESI-ASF-0003621,WAHIS-ASF-ROU-2025-09-29-01,WAHIS,African swine fever,ASF,Romania,ROU,48.2687,25.9522,2025-09-30,2025-10-29,2025-11-04,Sus scrofa domesticus,74,64,confirmed,synthetic
EMPRESI-HPAI-0002341,WAHIS-HPAI-SRB-2025-10-06-00,WAHIS,High pathogenicity avian influenza,HPAI,Serbia,SRB,43.6369,18.8967,2025-10-08,2025-10-26,2025-11-04,Larus spp. (wild),5311,2896,confirmed,synthetic
EMPRESI-ASF-0003647,WAHIS-ASF-ESP-2025-10-06-00,WAHIS,African swine fever,ASF,Spain,ESP,41.9448,-4.4657,2025-10-06,2025-10-26,2025-11-04,Sus scrofa (wild boar),147,123,confirmed,synthetic
EMPRESI-ASF-0003673,WAHIS-ASF-POL-2025-10-13-00,WAHIS,African swine fever,ASF,Poland,POL,51.6373,16.3763,2025-10-18,2025-10-30,2025-11-05,Sus scrofa (wild boar),111,100,confirmed,synthetic
EMPRESI-ASF-0003652,WAHIS-ASF-BGR-2025-10-06-00,WAHIS,African swine fever,ASF,Bulgaria,BGR,42.9472,26.2187,2025-10-11,2025-10-28,2025-11-05,Sus scrofa domesticus,18,15,confirmed,synthetic
EMPRESI-ASF-0003689,WAHIS-ASF-UKR-2025-10-13-00,WAHIS,African swine fever,ASF,Ukraine,UKR,46.2321,28.3255,2025-10-19,2025-10-26,2025-11-05,Sus scrofa domesticus,57,53,confirmed,synthetic
EMPRESI-ASF-0003679,WAHIS-ASF-ROU-2025-10-13-02,WAHIS,African swine fever,ASF,Romania,ROU,43.7564,26.1478,2025-10-13,2025-10-28,2025-11-05,Sus scrofa domesticus,165,146,confirmed,synthetic
EMPRESI-ASF-0003710,WAHIS-ASF-NLD-2025-10-20-00,WAHIS,African swine fever,ASF,Netherlands,NLD,52.4694,6.221,2025-10-24,2025-11-01,2025-11-06,Sus scrofa domesticus,29,27,confirmed,synthetic
EMPRESI-ASF-0003670,WAHIS-ASF-ESP-2025-10-13-01,WAHIS,African swine fever,ASF,Spain,ESP,39.5834,-8.282,2025-10-13,2025-10-29,2025-11-06,Sus scrofa domesticus,42,33,confirmed,synthetic
EMPRESI-ASF-0003539,WAHIS-ASF-POL-2025-09-08-00,WAHIS,African swine fever,ASF,Poland,POL,51.1517,16.952,2025-09-09,2025-10-28,2025-11-06,Sus scrofa domesticus,97,93,confirmed,synthetic
EMPRESI-HPAI-0002346,WAHIS-HPAI-DEU-2025-10-20-00,WAHIS,High pathogenicity avian influenza,HPAI,Germany,DEU,51.093,13.9526,2025-10-23,2025-10-29,2025-11-06,Anas platyrhynchos (domestic),4194,2320,confirmed,synthetic
EMPRESI-ASF-0003702,WAHIS-ASF-GEO-2025-10-13-01,WAHIS,African swine fever,ASF,Georgia,GEO,42.8127,44.1797,2025-10-17,2025-10-29,2025-11-06,Sus scrofa domesticus,49,45,confirmed,synthetic
EMPRESI-ASF-0003606,WAHIS-ASF-FRA-2025-09-29-03,WAHIS,African swine fever,ASF,France,FRA,46.0327,-0.2417,2025-09-30,2025-10-31,2025-11-06,Sus scrofa (wild boar),167,153,confirmed,synthetic
EMPRESI-ASF-0003616,WAHIS-ASF-POL-2025-09-29-00,WAHIS,African swine fever,ASF,Poland,POL,51.7484,21.0712,2025-10-04,2025-10-25,2025-11-07,Sus scrofa (wild boar),184,156,confirmed,synthetic
EMPRESI-ASF-0003709,WAHIS-ASF-DEU-2025-10-20-01,WAHIS,African swine fever,ASF,Germany,DEU,50.8386,9.0378,2025-10-21,2025-11-01,2025-11-07,Sus scrofa (wild boar),193,170,confirmed,synthetic
EMPRESI-ASF-0003613,WAHIS-ASF-ESP-2025-09-29-01,WAHIS,African swine fever,ASF,Spain,ESP,42.0572,-1.3644,2025-09-29,2025-10-30,2025-11-07,Sus scrofa (wild boar),86,74,confirmed,synthetic
EMPRESI-ASF-0003692,WAHIS-ASF-UKR-2025-10-13-03,WAHIS,African swine fever,ASF,Ukraine,UKR,47.1998,31.209,2025-10-14,2025-10-31,2025-11-08,Sus scrofa domesticus,106,95,confirmed,synthetic
EMPRESI-ASF-0003635,WAHIS-ASF-TUR-2025-09-29-00,WAHIS,African swine fever,ASF,Türkiye,TUR,41.3748,37.8302,2025-10-02,2025-10-29,2025-11-08,Sus scrofa domesticus,123,111,confirmed,synthetic
EMPRESI-HPAI-0002345,WAHIS-HPAI-UKR-2025-10-13-01,WAHIS,High pathogenicity avian influenza,HPAI,Ukraine,UKR,46.4299,34.1837,2025-10-18,2025-10-29,2025-11-08,Gallus gallus (domestic),3810,2106,confirmed,synthetic
EMPRESI-ASF-0003563,WAHIS-ASF-HUN-2025-09-15-00,WAHIS,African swine fever,ASF,Hungary,HUN,47.2256,20.4369,2025-09-21,2025-10-31,2025-11-08,Sus scrofa domesticus,174,160,confirmed,synthetic
EMPRESI-ASF-0003648,WAHIS-ASF-ESP-2025-10-06-01,WAHIS,African swine fever,ASF,Spain,ESP,41.2049,-4.9102,2025-10-10,2025-11-03,2025-11-09,Sus scrofa domesticus,158,129,confirmed,synthetic
EMPRESI-ASF-0003688,WAHIS-ASF-SRB-2025-10-13-05,WAHIS,African swine fever,ASF,Serbia,SRB,44.7217,21.8197,2025-10-17,2025-11-03,2025-11-09,Sus scrofa (wild boar),86,79,confirmed,synthetic
EMPRESI-ASF-0003712,WAHIS-ASF-BEL-2025-10-20-00,WAHIS,African swine fever,ASF,Belgium,BEL,49.7646,4.4056,2025-10-22,2025-10-30,2025-11-09,Sus scrofa domesticus,89,76,confirmed,synthetic
EMPRESI-ASF-0003721,WAHIS-ASF-ROU-2025-10-20-00,WAHIS,African swine fever,ASF,Romania,ROU,45.1904,26.5173,2025-10-24,2025-11-03,2025-11-09,Sus scrofa domesticus,385,342,confirmed,synthetic
EMPRESI-ASF-0003637,WAHIS-ASF-FRA-2025-10-06-00,WAHIS,African swine fever,ASF,France,FRA,46.3881,1.7648,2025-10-08,2025-10-29,2025-11-09,Sus scrofa domesticus,181,156,confirmed,synthetic
EMPRESI-ASF-0003562,WAHIS-ASF-POL-2025-09-15-01,WAHIS,African swine fever,ASF,Poland,POL,51.0825,19.7838,2025-09-18,2025-11-02,2025-11-09,Sus scrofa domesticus,185,161,confirmed,synthetic
EMPRESI-ASF-0003666,WAHIS-ASF-BEL-2025-10-13-01,WAHIS,African swine fever,ASF,Belgium,BEL,51.141,3.8635,2025-10-19,2025-10-29,2025-11-09,Sus scrofa (wild boar),50,46,confirmed,synthetic
EMPRESI-ASF-0003723,WAHIS-ASF-ROU-2025-10-20-02,WAHIS,African swine fever,ASF,Romania,ROU,43.9791,24.1258,2025-10-20,2025-10-27,2025-11-10,Sus scrofa (wild boar),16,14,confirmed,synthetic
EMPRESI-ASF-0003674,WAHIS-ASF-POL-2025-10-13-01,WAHIS,African swine fever,ASF,Poland,POL,53.2484,23.1888,2025-10-19,2025-10-29,2025-11-10,Sus scrofa (wild boar),77,66,confirmed,synthetic
EMPRESI-ASF-0003617,WAHIS-ASF-POL-2025-09-29-01,WAHIS,African swine fever,ASF,Poland,POL,53.5287,18.201,2025-10-03,2025-11-01,2025-11-10,Sus scrofa domesticus,24,21,confirmed,synthetic
EMPRESI-ASF-0003717,WAHIS-ASF-ITA-2025-10-20-01,WAHIS,African swine fever,ASF,Italy,ITA,45.2171,11.9566,2025-10-23,2025-11-05,2025-11-11,Sus scrofa (wild boar),249,221,confirmed,synthetic
EMPRESI-ASF-0003663,WAHIS-ASF-DEU-2025-10-13-01,WAHIS,African swine fever,ASF,Germany,DEU,48.4229,10.451,2025-10-16,2025-10-31,2025-11-11,Sus scrofa domesticus,17,17,confirmed,synthetic
EMPRESI-HPAI-0002351,WAHIS-HPAI-UKR-2025-10-27-01,WAHIS,High pathogenicity avian influenza,HPAI,Ukraine,UKR,51.1291,33.3676,2025-10-29,2025-11-05,2025-11-12,Larus spp. (wild),3418,1898,confirmed,synthetic
EMPRESI-ASF-0003657,WAHIS-ASF-RUS-2025-10-06-01,WAHIS,African swine fever,ASF,Russian Federation,RUS,55.4827,48.2246,2025-10-11,2025-11-04,2025-11-12,Sus scrofa domesticus,57,52,confirmed,synthetic
EMPRESI-ASF-0003704,WAHIS-ASF-GEO-2025-10-13-03,WAHIS,African swine fever,ASF,Georgia,GEO,43.2541,43.1735,2025-10-18,2025-11-01,2025-11-12,Sus scrofa domesticus,124,110,confirmed,synthetic
EMPRESI-ASF-0003716,WAHIS-ASF-ITA-2025-10-20-00,WAHIS,African swine fever,ASF,Italy,ITA,40.5448,12.1521,2025-10-26,2025-11-03,2025-11-12,Sus scrofa (wild boar),87,75,confirmed,synthetic
EMPRESI-ASF-0003681,WAHIS-ASF-BGR-2025-10-13-00,WAHIS,African swine fever,ASF,Bulgaria,BGR,44.0188,24.0563,2025-10-14,2025-10-28,2025-11-12,Sus scrofa domesticus,151,133,confirmed,synthetic
EMPRESI-ASF-0003713,WAHIS-ASF-BEL-2025-10-20-01,WAHIS,African swine fever,ASF,Belgium,BEL,50.8115,4.3388,2025-10-24,2025-11-06,2025-11-13,Sus scrofa domesticus,68,59,confirmed,synthetic
EMPRESI-ASF-0003731,WAHIS-ASF-SRB-2025-10-20-02,WAHIS,African swine fever,ASF,Serbia,SRB,44.4411,19.9559,2025-10-24,2025-11-05,2025-11-13,Sus scrofa (wild boar),50,47,confirmed,synthetic
EMPRESI-ASF-0003729,WAHIS-ASF-SRB-2025-10-20-00,WAHIS,African swine fever,ASF,Serbia,SRB,43.5411,22.6187,2025-10-25,2025-11-03,2025-11-13,Sus scrofa (wild boar),15,14,confirmed,synthetic
EMPRESI-ASF-0003728,WAHIS-ASF-BGR-2025-10-20-04,WAHIS,African swine fever,ASF,Bulgaria,BGR,41.8206,25.6755,2025-10-20,2025-11-07,2025-11-13,Sus scrofa domesticus,14,10,confirmed,synthetic
EMPRESI-ASF-0003687,WAHIS-ASF-SRB-2025-10-13-04,WAHIS,African swine fever,ASF,Serbia,SRB,44.3249,22.2403,2025-10-18,2025-11-10,2025-11-14,Sus scrofa (wild boar),134,114,confirmed,synthetic
EMPRESI-ASF-0003749,WAHIS-ASF-ESP-2025-10-27-00,WAHIS,African swine fever,ASF,Spain,ESP,37.6796,-6.529,2025-10-27,2025-11-05,2025-11-14,Sus scrofa domesticus,67,57,confirmed,synthetic
EMPRESI-HPAI-0002347,WAHIS-HPAI-UKR-2025-10-20-00,WAHIS,High pathogenicity avian influenza,HPAI,Ukraine,UKR,49.3845,27.5254,2025-10-22,2025-11-09,2025-11-15,Larus spp. (wild),3588,1980,confirmed,synthetic
EMPRESI-ASF-0003756,WAHIS-ASF-SRB-2025-10-27-00,WAHIS,African swine fever,ASF,Serbia,SRB,44.3611,22.0407,2025-10-30,2025-11-10,2025-11-15,Sus scrofa (wild boar),173,157,confirmed,synthetic
EMPRESI-ASF-0003636,WAHIS-ASF-GEO-2025-09-29-00,WAHIS,African swine fever,ASF,Georgia,GEO,41.0012,44.5465,2025-10-02,2025-11-10,2025-11-15,Sus scrofa domesticus,76,65,confirmed,synthetic
EMPRESI-ASF-0003718,WAHIS-ASF-ESP-2025-10-20-00,WAHIS,African swine fever,ASF,Spain,ESP,41.8936,-4.1839,2025-10-23,2025-11-05,2025-11-15,Sus scrofa (wild boar),23,20,confirmed,synthetic
EMPRESI-ASF-0003684,WAHIS-ASF-SRB-2025-10-13-01,WAHIS,African swine fever,ASF,Serbia,SRB,42.917,21.6647,2025-10-17,2025-11-07,2025-11-16,Sus scrofa (wild boar),99,89,confirmed,synthetic
EMPRESI-ASF-0003678,WAHIS-ASF-ROU-2025-10-13-01,WAHIS,African swine fever,ASF,Romania,ROU,46.8683,25.8239,2025-10-14,2025-11-09,2025-11-17,Sus scrofa (wild boar),101,93,confirmed,synthetic
EMPRESI-ASF-0003638,WAHIS-ASF-FRA-2025-10-06-01,WAHIS,African swine fever,ASF,France,FRA,44.444,6.6629,2025-10-08,2025-11-09,2025-11-17,Sus scrofa (wild boar),186,169,confirmed,synthetic
EMPRESI-HPAI-0002342,WAHIS-HPAI-SRB-2025-10-13-00,WAHIS,High pathogenicity avian influenza,HPAI,Serbia,SRB,43.7164,21.5803,2025-10-14,2025-11-11,2025-11-17,Gallus gallus (domestic),1167,635,confirmed,synthetic
EMPRESI-ASF-0003646,WAHIS-ASF-BEL-2025-10-06-01,WAHIS,African swine fever,ASF,Belgium,BEL,50.2578,4.1262,2025-10-09,2025-11-08,2025-11-17,Sus scrofa domesticus,59,52,confirmed,synthetic
EMPRESI-ASF-0003596,WAHIS-ASF-MDA-2025-09-22-01,WAHIS,African swine fever,ASF,Moldova,MDA,47.0669,28.3223,2025-09-22,2025-11-09,2025-11-18,Sus scrofa domesticus,35,32,confirmed,synthetic
EMPRESI-ASF-0003733,WAHIS-ASF-SRB-2025-10-20-04,WAHIS,African swine fever,ASF,Serbia,SRB,43.9233,21.6253,2025-10-25,2025-11-09,2025-11-18,Sus scrofa domesticus,115,103,confirmed,synthetic
EMPRESI-HPAI-0002340,WAHIS-HPAI-ROU-2025-09-29-00,WAHIS,High pathogenicity avian influenza,HPAI,Romania,ROU,45.911,24.8521,2025-10-01,2025-11-13,2025-11-18,Cygnus olor (wild),8137,4473,confirmed,synthetic
EMPRESI-ASF-0003685,WAHIS-ASF-SRB-2025-10-13-02,WAHIS,African swine fever,ASF,Serbia,SRB,43.8835,19.6714,2025-10-13,2025-11-12,2025-11-18,Sus scrofa domesticus,74,66,confirmed,synthetic
EMPRESI-ASF-0003764,WAHIS-ASF-ITA-2025-11-03-00,WAHIS,African swine fever,ASF,Italy,ITA,45.3733,12.0021,2025-11-06,2025-11-12,2025-11-18,Sus scrofa (wild boar),68,61,confirmed,synthetic
EMPRESI-ASF-0003766,WAHIS-ASF-ITA-2025-11-03-02,WAHIS,African swine fever,ASF,Italy,ITA,43.8077,15.9617,2025-11-05,2025-11-11,2025-11-18,Sus scrofa (wild boar),83,77,confirmed,synthetic
EMPRESI-ASF-0003698,WAHIS-ASF-RUS-2025-10-13-01,WAHIS,African swine fever,ASF,Russian Federation,RUS,51.9062,49.6824,2025-10-17,2025-11-12,2025-11-19,Sus scrofa (wild boar),145,129,confirmed,synthetic
EMPRESI-HPAI-0002350,WAHIS-HPAI-UKR-2025-10-27-00,WAHIS,High pathogenicity avian influenza,HPAI,Ukraine,UKR,51.9159,34.2202,2025-11-01,2025-11-10,2025-11-19,Gallus gallus (domestic),2857,1631,confirmed,synthetic
EMPRESI-ASF-0003746,WAHIS-ASF-ITA-2025-10-27-03,WAHIS,African swine fever,ASF,Italy,ITA,40.869,14.738,2025-11-01,2025-11-13,2025-11-19,Sus scrofa (wild boar),95,80,confirmed,synthetic
EMPRESI-ASF-0003701,WAHIS-ASF-GEO-2025-10-13-00,WAHIS,African swine fever,ASF,Georgia,GEO,40.809,43.72,2025-10-16,2025-11-11,2025-11-19,Sus scrofa domesticus,48,42,confirmed,synthetic
EMPRESI-ASF-0003769,WAHIS-ASF-HUN-2025-11-03-00,WAHIS,African swine fever,ASF,Hungary,HUN,48.1348,21.2822,2025-11-04,2025-11-11,2025-11-19,Sus scrofa (wild boar),116,103,confirmed,synthetic
EMPRESI-ASF-0003771,WAHIS-ASF-SRB-2025-11-03-01,WAHIS,African swine fever,ASF,Serbia,SRB,44.3518,19.5512,2025-11-05,2025-11-12,2025-11-19,Sus scrofa domesticus,26,23,confirmed,synthetic
EMPRESI-ASF-0003770,WAHIS-ASF-SRB-2025-11-03-00,WAHIS,African swine fever,ASF,Serbia,SRB,42.6155,21.0522,2025-11-07,2025-11-13,2025-11-19,Sus scrofa domesticus,78,73,confirmed,synthetic
EMPRESI-ASF-0003719,WAHIS-ASF-POL-2025-10-20-00,WAHIS,African swine fever,ASF,Poland,POL,53.9444,17.0735,2025-10-20,2025-11-09,2025-11-20,Sus scrofa domesticus,254,221,confirmed,synthetic
EMPRESI-ASF-0003755,WAHIS-ASF-BGR-2025-10-27-01,WAHIS,African swine fever,ASF,Bulgaria,BGR,42.5504,24.376,2025-10-31,2025-11-08,2025-11-20,Sus scrofa domesticus,96,86,confirmed,synthetic
EMPRESI-ASF-0003661,WAHIS-ASF-FRA-2025-10-13-00,WAHIS,African swine fever,ASF,France,FRA,44.0395,6.2883,2025-10-19,2025-11-10,2025-11-20,Sus scrofa (wild boar),320,291,confirmed,synthetic
EMPRESI-HPAI-0002355,WAHIS-HPAI-BEL-2025-11-03-00,WAHIS,High pathogenicity avian influenza,HPAI,Belgium,BEL,49.876,4.7784,2025-11-08,2025-11-15,2025-11-21,Meleagris gallopavo (domestic),1579,829,confirmed,synthetic
EMPRESI-ASF-0003665,WAHIS-ASF-BEL-2025-10-13-00,WAHIS,African swine fever,ASF,Belgium,BEL,50.6004,5.6702,2025-10-13,2025-11-11,2025-11-21,Sus scrofa (wild boar),70,64,confirmed,synthetic
EMPRESI-HPAI-0002362,WAHIS-HPAI-BGR-2025-11-03-00,WAHIS,High pathogenicity avian influenza,HPAI,Bulgaria,BGR,42.0416,24.5649,2025-11-08,2025-11-16,2025-11-21,Anas platyrhynchos (domestic),2043,1107,confirmed,synthetic
EMPRESI-ASF-0003777,WAHIS-ASF-TUR-2025-11-03-01,WAHIS,African swine fever,ASF,Türkiye,TUR,37.609,33.9631,2025-11-06,2025-11-13,2025-11-21,Sus scrofa domesticus,87,75,confirmed,synthetic
EMPRESI-ASF-0003630,WAHIS-ASF-UKR-2025-09-29-01,WAHIS,African swine fever,ASF,Ukraine,UKR,47.5677,31.9998,2025-10-02,2025-11-10,2025-11-21,Sus scrofa domesticus,28,26,confirmed,synthetic
EMPRESI-ASF-0003627,WAHIS-ASF-SRB-2025-09-29-00,WAHIS,African swine fever,ASF,Serbia,SRB,43.1377,22.102,2025-10-05,2025-11-15,2025-11-22,Sus scrofa domesticus,108,97,confirmed,synthetic
EMPRESI-ASF-0003773,WAHIS-ASF-UKR-2025-11-03-01,WAHIS,African swine fever,ASF,Ukraine,UKR,48.1711,33.5071,2025-11-05,2025-11-15,2025-11-22,Sus scrofa domesticus,62,50,confirmed,synthetic
EMPRESI-ASF-0003714,WAHIS-ASF-BEL-2025-10-20-02,WAHIS,African swine fever,ASF,Belgium,BEL,50.2254,4.149,2025-10-24,2025-11-15,2025-11-22,Sus scrofa domesticus,403,346,confirmed,synthetic
EMPRESI-ASF-0003768,WAHIS-ASF-ITA-2025-11-03-04,WAHIS,African swine fever,ASF,Italy,ITA,41.5112,12.2684,2025-11-04,2025-11-16,2025-11-22,Sus scrofa (wild boar),16,15,confirmed,synthetic
EMPRESI-HPAI-0002359,WAHIS-HPAI-HUN-2025-11-03-01,WAHIS,High pathogenicity avian influenza,HPAI,Hungary,HUN,46.407,19.0436,2025-11-08,2025-11-12,2025-11-22,Anas platyrhynchos (domestic),3614,1966,confirmed,synthetic
EMPRESI-ASF-0003754,WAHIS-ASF-BGR-2025-10-27-00,WAHIS,African swine fever,ASF,Bulgaria,BGR,41.3535,24.4963,2025-10-30,2025-11-14,2025-11-23,Sus scrofa domesticus,13,13,confirmed,synthetic
EMPRESI-ASF-0003753,WAHIS-ASF-ROU-2025-10-27-01,WAHIS,African swine fever,ASF,Romania,ROU,45.3776,24.3285,2025-11-01,2025-11-19,2025-11-23,Sus scrofa (wild boar),41,37,confirmed,synthetic
EMPRESI-ASF-0003653,WAHIS-ASF-BGR-2025-10-06-01,WAHIS,African swine fever,ASF,Bulgaria,BGR,42.4792,26.6779,2025-10-12,2025-11-15,2025-11-23,Sus scrofa (wild boar),62,55,confirmed,synthetic
EMPRESI-ASF-0003743,WAHIS-ASF-ITA-2025-10-27-00,WAHIS,African swine fever,ASF,Italy,ITA,42.2773,15.2874,2025-10-28,2025-11-12,2025-11-23,Sus scrofa domesticus,93,86,confirmed,synthetic
EMPRESI-ASF-0003740,WAHIS-ASF-FRA-2025-10-27-00,WAHIS,African swine fever,ASF,France,FRA,46.294,4.99,2025-10-31,2025-11-17,2025-11-23,Sus scrofa (wild boar),133,117,confirmed,synthetic
EMPRESI-HPAI-0002361,WAHIS-HPAI-ROU-2025-11-03-01,WAHIS,High pathogenicity avian influenza,HPAI,Romania,ROU,46.1034,27.9756,2025-11-03,2025-11-13,2025-11-23,Cygnus olor (wild),4252,2324,confirmed,synthetic
EMPRESI-ASF-0003611,WAHIS-ASF-BEL-2025-09-29-02,WAHIS,African swine fever,ASF,Belgium,BEL,50.5702,3.6214,2025-09-29,2025-11-14,2025-11-23,Sus scrofa (wild boar),63,53,confirmed,synthetic
EMPRESI-HPAI-0002367,WAHIS-HPAI-DEU-2025-11-10-01,WAHIS,High pathogenicity avian influenza,HPAI,Germany,DEU,49.7423,8.8231,2025-11-14,2025-11-18,2025-11-23,Larus spp. (wild),3399,1894,confirmed,synthetic
EMPRESI-HPAI-0002352,WAHIS-HPAI-MDA-2025-10-27-00,WAHIS,High pathogenicity avian influenza,HPAI,Moldova,MDA,47.7211,28.9893,2025-11-02,2025-11-18,2025-11-24,Cygnus olor (wild),1717,944,confirmed,synthetic
EMPRESI-HPAI-0002348,WAHIS-HPAI-NLD-2025-10-27-00,WAHIS,High pathogenicity avian influenza,HPAI,Netherlands,NLD,52.1052,4.6361,2025-10-31,2025-11-16,2025-11-24,Anas platyrhynchos (domestic),6404,3448,confirmed,synthetic
EMPRESI-ASF-0003761,WAHIS-ASF-DEU-2025-11-03-00,WAHIS,African swine fever,ASF,Germany,DEU,50.7955,14.2129,2025-11-08,2025-11-16,2025-11-24,Sus scrofa (wild boar),97,88,confirmed,synthetic
EMPRESI-ASF-0003690,WAHIS-ASF-UKR-2025-10-13-01,WAHIS,African swine fever,ASF,Ukraine,UKR,45.5479,30.02,2025-10-17,2025-11-14,2025-11-24,Sus scrofa domesticus,39,35,confirmed,synthetic
EMPRESI-ASF-0003724,WAHIS-ASF-BGR-2025-10-20-00,WAHIS,African swine fever,ASF,Bulgaria,BGR,41.6997,27.0236,2025-10-20,2025-11-14,2025-11-24,Sus scrofa domesticus,24,20,confirmed,synthetic
EMPRESI-HPAI-0002364,WAHIS-HPAI-FRA-2025-11-10-00,WAHIS,High pathogenicity avian influenza,HPAI,France,FRA,46.9533,5.7382,2025-11-12,2025-11-18,2025-11-24,Cygnus olor (wild),6556,3568,confirmed,synthetic
EMPRESI-ASF-0003659,WAHIS-ASF-GEO-2025-10-06-00,WAHIS,African swine fever,ASF,Georgia,GEO,42.6413,44.3337,2025-10-10,2025-11-19,2025-11-26,Sus scrofa domesticus,176,152,confirmed,synthetic
EMPRESI-ASF-0003751,WAHIS-ASF-POL-2025-10-27-00,WAHIS,African swine fever,ASF,Poland,POL,52.7955,15.1424,2025-10-29,2025-11-17,2025-11-26,Sus scrofa domesticus,24,22,confirmed,synthetic
EMPRESI-ASF-0003554,WAHIS-ASF-NLD-2025-09-15-02,WAHIS,African swine fever,ASF,Netherlands,NLD,51.4678,6.0038,2025-09-18,2025-11-18,2025-11-26,Sus scrofa (wild boar),19,16,confirmed,synthetic
EMPRESI-ASF-0003720,WAHIS-ASF-HUN-2025-10-20-00,WAHIS,African swine fever,ASF,Hungary,HUN,48.4704,18.7928,2025-10-21,2025-11-18,2025-11-27,Sus scrofa domesticus,9,7,confirmed,synthetic
EMPRESI-ASF-0003715,WAHIS-ASF-BEL-2025-10-20-03,WAHIS,African swine fever,ASF,Belgium,BEL,50.811,5.8467,2025-10-26,2025-11-18,2025-11-27,Sus scrofa domesticus,55,46,confirmed,synthetic
EMPRESI-ASF-0003707,WAHIS-ASF-FRA-2025-10-20-00,WAHIS,African swine fever,ASF,France,FRA,48.6389,1.3284,2025-10-26,2025-11-17,2025-11-27,Sus scrofa domesticus,91,82,confirmed,synthetic
EMPRESI-ASF-0003725,WAHIS-ASF-BGR-2025-10-20-01,WAHIS,African swine fever,ASF,Bulgaria,BGR,43.1458,25.6298,2025-10-26,2025-11-19,2025-11-27,Sus scrofa (wild boar),85,77,confirmed,synthetic
EMPRESI-ASF-0003752,WAHIS-ASF-ROU-2025-10-27-00,WAHIS,African swine fever,ASF,Romania,ROU,45.6004,25.5616,2025-11-02,2025-11-22,2025-11-27,Sus scrofa domesticus,150,131,confirmed,synthetic
EMPRESI-ASF-0003686,WAHIS-ASF-SRB-2025-10-13-03,WAHIS,African swine fever,ASF,Serbia,SRB,44.8056,20.1204,2025-10-15,2025-11-20,2025-11-28,Sus scrofa domesticus,49,41,confirmed,synthetic
EMPRESI-ASF-0003747,WAHIS-ASF-ITA-2025-10-27-04,WAHIS,African swine fever,ASF,Italy,ITA,43.2037,14.4152,2025-10-30,2025-11-19,2025-11-28,Sus scrofa domesticus,143,117,confirmed,synthetic
EMPRESI-HPAI-0002344,WAHIS-HPAI-UKR-2025-10-13-00,WAHIS,High pathogenicity avian influenza,HPAI,Ukraine,UKR,50.575,34.6632,2025-10-19,2025-11-21,2025-11-29,Meleagris gallopavo (domestic),3231,1727,confirmed,synthetic
EMPRESI-ASF-0003772,WAHIS-ASF-UKR-2025-11-03-00,WAHIS,African swine fever,ASF,Ukraine,UKR,51.6267,29.0925,2025-11-04,2025-11-20,2025-11-29,Sus scrofa domesticus,110,100,confirmed,synthetic
EMPRESI-ASF-0003775,WAHIS-ASF-MDA-2025-11-03-01,WAHIS,African swine fever,ASF,Moldova,MDA,47.4029,29.6752,2025-11-05,2025-11-24,2025-11-30,Sus scrofa (wild boar),15,13,confirmed,synthetic
EMPRESI-HPAI-0002399,WAHIS-HPAI-NLD-2025-11-17-04,WAHIS,High pathogenicity avian influenza,HPAI,Netherlands,NLD,51.9329,4.1229,2025-11-18,2025-11-22,2025-11-30,Cygnus olor (wild),5298,2953,confirmed,synthetic
EMPRESI-ASF-0003793,WAHIS-ASF-ITA-2025-11-17-00,WAHIS,African swine fever,ASF,Italy,ITA,40.4048,14.253,2025-11-20,2025-11-25,2025-11-30,Sus scrofa domesticus,22,20,confirmed,synthetic
EMPRESI-ASF-0003734,WAHIS-ASF-UKR-2025-10-20-00,WAHIS,African swine fever,ASF,Ukraine,UKR,48.981,30.2492,2025-10-22,2025-11-20,2025-11-30,Sus scrofa (wild boar),109,99,confirmed,synthetic
EMPRESI-ASF-0003758,WAHIS-ASF-MDA-2025-10-27-00,WAHIS,African swine fever,ASF,Moldova,MDA,47.7407,27.5392,2025-10-29,2025-11-19,2025-11-30,Sus scrofa domesticus,30,25,confirmed,synthetic
EMPRESI-HPAI-0002381,WAHIS-HPAI-ROU-2025-11-10-00,WAHIS,High pathogenicity avian influenza,HPAI,Romania,ROU,46.8234,24.0408,2025-11-13,2025-11-24,2025-12-01,Larus spp. (wild),11424,6299,confirmed,synthetic
EMPRESI-HPAI-0002366,WAHIS-HPAI-DEU-2025-11-10-00,WAHIS,High pathogenicity avian influenza,HPAI,Germany,DEU,49.3394,14.0789,2025-11-11,2025-11-24,2025-12-01,Larus spp. (wild),3408,1896,confirmed,synthetic
EMPRESI-ASF-0003760,WAHIS-ASF-FRA-2025-11-03-00,WAHIS,African swine fever,ASF,France,FRA,48.2939,3.2346,2025-11-06,2025-11-23,2025-12-01,Sus scrofa domesticus,126,112,confirmed,synthetic
EMPRESI-HPAI-0002358,WAHIS-HPAI-HUN-2025-11-03-00,WAHIS,High pathogenicity avian influenza,HPAI,Hungary,HUN,48.5047,18.3731,2025-11-06,2025-11-23,2025-12-01,Meleagris gallopavo (domestic),3530,1934,confirmed,synthetic
EMPRESI-HPAI-0002376,WAHIS-HPAI-POL-2025-11-10-03,WAHIS,High pathogenicity avian influenza,HPAI,Poland,POL,51.1654,17.8571,2025-11-13,2025-11-25,2025-12-02,Larus spp. (wild),3691,2023,confirmed,synthetic
EMPRESI-ASF-0003601,WAHIS-ASF-GEO-2025-09-22-00,WAHIS,African swine fever,ASF,Georgia,GEO,41.6077,45.0056,2025-09-27,2025-11-20,2025-12-03,Sus scrofa domesticus,246,223,confirmed,synthetic
EMPRESI-ASF-0003765,WAHIS-ASF-ITA-2025-11-03-01,WAHIS,African swine fever,ASF,Italy,ITA,44.6111,13.2032,2025-11-06,2025-11-28,2025-12-03,Sus scrofa (wild boar),343,308,confirmed,synthetic
EMPRESI-ASF-0003789,WAHIS-ASF-SRB-2025-11-10-00,WAHIS,African swine fever,ASF,Serbia,SRB,42.8618,19.7081,2025-11-12,2025-11-23,2025-12-03,Sus scrofa (wild boar),44,39,confirmed,synthetic
EMPRESI-ASF-0003791,WAHIS-ASF-SRB-2025-11-10-02,WAHIS,African swine fever,ASF,Serbia,SRB,43.531,22.8474,2025-11-14,2025-11-26,2025-12-03,Sus scrofa domesticus,148,135,confirmed,synthetic
EMPRESI-HPAI-0002357,WAHIS-HPAI-POL-2025-11-03-00,WAHIS,High pathogenicity avian influenza,HPAI,Poland,POL,52.2705,15.2183,2025-11-07,2025-11-24,2025-12-03,Meleagris gallopavo (domestic),934,533,confirmed,synthetic
EMPRESI-HPAI-0002390,WAHIS-HPAI-FRA-2025-11-17-00,WAHIS,High pathogenicity avian influenza,HPAI,France,FRA,43.6696,0.9473,2025-11-23,2025-11-28,2025-12-04,Meleagris gallopavo (domestic),3381,1881,confirmed,synthetic
EMPRESI-ASF-0003792,WAHIS-ASF-TUR-2025-11-10-00,WAHIS,African swine fever,ASF,Türkiye,TUR,37.2622,36.0377,2025-11-14,2025-11-28,2025-12-04,Sus scrofa domesticus,55,52,confirmed,synthetic
EMPRESI-HPAI-0002365,WAHIS-HPAI-FRA-2025-11-10-01,WAHIS,High pathogenicity avian influenza,HPAI,France,FRA,46.7322,-2.3424,2025-11-16,2025-11-25,2025-12-04,Anas platyrhynchos (domestic),154,86,confirmed,synthetic
EMPRESI-ASF-0003767,WAHIS-ASF-ITA-2025-11-03-03,WAHIS,African swine fever,ASF,Italy,ITA,42.5198,13.0506,2025-11-06,2025-11-26,2025-12-04,Sus scrofa domesticus,68,61,confirmed,synthetic
EMPRESI-ASF-0003619,WAHIS-ASF-HUN-2025-09-29-01,WAHIS,African swine fever,ASF,Hungary,HUN,47.8977,21.085,2025-10-05,2025-11-29,2025-12-04,Sus scrofa (wild boar),106,96,confirmed,synthetic
EMPRESI-HPAI-0002388,WAHIS-HPAI-RUS-2025-11-10-00,WAHIS,High pathogenicity avian influenza,HPAI,Russian Federation,RUS,54.8217,34.5218,2025-11-14,2025-11-28,2025-12-04,Larus spp. (wild),1136,637,confirmed,synthetic
EMPRESI-HPAI-0002371,WAHIS-HPAI-NLD-2025-11-10-03,WAHIS,High pathogenicity avian influenza,HPAI,Netherlands,NLD,52.9749,6.2712,2025-11-14,2025-11-22,2025-12-04,Cygnus olor (wild),3935,2157,confirmed,synthetic
EMPRESI-ASF-0003748,WAHIS-ASF-ITA-2025-10-27-05,WAHIS,African swine fever,ASF,Italy,ITA,41.3365,14.634,2025-10-31,2025-11-28,2025-12-05,Sus scrofa domesticus,9,8,confirmed,synthetic
EMPRESI-HPAI-0002363,WAHIS-HPAI-UKR-2025-11-03-00,WAHIS,High pathogenicity avian influenza,HPAI,Ukraine,UKR,49.89,35.583,2025-11-09,2025-11-28,2025-12-05,Meleagris gallopavo (domestic),2057,1124,confirmed,synthetic
EMPRESI-ASF-0003797,WAHIS-ASF-RUS-2025-11-17-00,WAHIS,African swine fever,ASF,Russian Federation,RUS,54.3147,51.5841,2025-11-18,2025-11-28,2025-12-06,Sus scrofa domesticus,89,76,confirmed,synthetic
EMPRESI-HPAI-0002389,WAHIS-HPAI-RUS-2025-11-10-01,WAHIS,High pathogenicity avian influenza,HPAI,Russian Federation,RUS,61.0779,50.1483,2025-11-16,2025-11-27,2025-12-06,Anas platyrhynchos (domestic),10817,5932,confirmed,synthetic
EMPRESI-HPAI-0002397,WAHIS-HPAI-NLD-2025-11-17-02,WAHIS,High pathogenicity avian influenza,HPAI,Netherlands,NLD,52.9849,6.5317,2025-11-22,2025-11-28,2025-12-06,Meleagris gallopavo (domestic),10287,5559,confirmed,synthetic
EMPRESI-HPAI-0002415,WAHIS-HPAI-MDA-2025-11-17-01,WAHIS,High pathogenicity avian influenza,HPAI,Moldova,MDA,47.2899,27.729,2025-11-20,2025-12-01,2025-12-06,Gallus gallus (domestic),2961,1619,confirmed,synthetic
EMPRESI-ASF-0003782,WAHIS-ASF-ITA-2025-11-10-01,WAHIS,African swine fever,ASF,Italy,ITA,41.6798,10.4238,2025-11-16,2025-11-26,2025-12-06,Sus scrofa domesticus,30,27,confirmed,synthetic
EMPRESI-HPAI-0002374,WAHIS-HPAI-POL-2025-11-10-01,WAHIS,High pathogenicity avian influenza,HPAI,Poland,POL,49.5305,19.1244,2025-11-12,2025-11-26,2025-12-06,Meleagris gallopavo (domestic),1101,617,confirmed,synthetic
EMPRESI-HPAI-0002369,WAHIS-HPAI-NLD-2025-11-10-01,WAHIS,High pathogenicity avian influenza,HPAI,Netherlands,NLD,52.3623,5.4379,2025-11-13,2025-11-30,2025-12-07,Anas platyrhynchos (domestic),4628,2523,confirmed,synthetic
EMPRESI-HPAI-0002394,WAHIS-HPAI-DEU-2025-11-17-03,WAHIS,High pathogenicity avian influenza,HPAI,Germany,DEU,51.5713,11.5045,2025-11-17,2025-11-29,2025-12-07,Larus spp. (wild),3120,1683,confirmed,synthetic
EMPRESI-ASF-0003786,WAHIS-ASF-POL-2025-11-10-00,WAHIS,African swine fever,ASF,Poland,POL,53.4876,21.9919,2025-11-14,2025-12-02,2025-12-07,Sus scrofa domesticus,168,151,confirmed,synthetic
EMPRESI-ASF-0003784,WAHIS-ASF-ITA-2025-11-10-03,WAHIS,African swine fever,ASF,Italy,ITA,43.7801,14.0011,2025-11-15,2025-11-29,2025-12-07,Sus scrofa domesticus,47,45,confirmed,synthetic
EMPRESI-ASF-0003739,WAHIS-ASF-GEO-2025-10-20-01,WAHIS,African swine fever,ASF,Georgia,GEO,43.0953,43.4707,2025-10-26,2025-11-29,2025-12-07,Sus scrofa domesticus,119,110,confirmed,synthetic
EMPRESI-ASF-0003776,WAHIS-ASF-TUR-2025-11-03-00,WAHIS,African swine fever,ASF,Türkiye,TUR,38.5615,30.9425,2025-11-08,2025-12-02,2025-12-07,Sus scrofa (wild boar),198,171,confirmed,synthetic
EMPRESI-HPAI-0002354,WAHIS-HPAI-NLD-2025-11-03-00,WAHIS,High pathogenicity avian influenza,HPAI,Netherlands,NLD,52.3067,4.2793,2025-11-09,2025-11-28,2025-12-07,Meleagris gallopavo (domestic),7191,3978,confirmed,synthetic
EMPRESI-ASF-0003667,WAHIS-ASF-BEL-2025-10-13-02,WAHIS,African swine fever,ASF,Belgium,BEL,51.0938,4.9489,2025-10-13,2025-12-01,2025-12-08,Sus scrofa domesticus,7,5,confirmed,synthetic
EMPRESI-HPAI-0002386,WAHIS-HPAI-MDA-2025-11-10-00,WAHIS,High pathogenicity avian influenza,HPAI,Moldova,MDA,46.4291,28.6806,2025-11-15,2025-12-04,2025-12-08,Anas platyrhynchos (domestic),1751,945,confirmed,synthetic
EMPRESI-HPAI-0002396,WAHIS-HPAI-NLD-2025-11-17-01,WAHIS,High pathogenicity avian influenza,HPAI,Netherlands,NLD,52.009,6.2835,2025-11-23,2025-12-03,2025-12-09,Larus spp. (wild),4825,2732,confirmed,synthetic
EMPRESI-HPAI-0002404,WAHIS-HPAI-POL-2025-11-17-00,WAHIS,High pathogenicity avian influenza,HPAI,Poland,POL,51.667,15.6693,2025-11-18,2025-12-01,2025-12-09,Anas platyrhynchos (domestic),1954,1067,confirmed,synthetic
EMPRESI-HPAI-0002413,WAHIS-HPAI-UKR-2025-11-17-00,WAHIS,High pathogenicity avian influenza,HPAI,Ukraine,UKR,48.2412,31.9656,2025-11-20,2025-11-28,2025-12-09,Cygnus olor (wild),4701,2597,confirmed,synthetic
EMPRESI-HPAI-0002425,WAHIS-HPAI-DEU-2025-11-24-04,WAHIS,High pathogenicity avian influenza,HPAI,Germany,DEU,51.6649,13.049,2025-11-26,2025-11-30,2025-12-09,Cygnus olor (wild),2489,1341,confirmed,synthetic
EMPRESI-HPAI-0002373,WAHIS-HPAI-POL-2025-11-10-00,WAHIS,High pathogenicity avian influenza,HPAI,Poland,POL,53.0191,16.1236,2025-11-14,2025-11-29,2025-12-09,Anas platyrhynchos (domestic),11512,6406,confirmed,synthetic
EMPRESI-HPAI-0002436,WAHIS-HPAI-ITA-2025-11-24-00,WAHIS,High pathogenicity avian influenza,HPAI,Italy,ITA,40.3045,11.531,2025-11-28,2025-12-05,2025-12-09,Meleagris gallopavo (domestic),2053,1148,confirmed,synthetic
EMPRESI-HPAI-0002431,WAHIS-HPAI-BEL-2025-11-24-00,WAHIS,High pathogenicity avian influenza,HPAI,Belgium,BEL,51.0137,3.4052,2025-11-24,2025-12-05,2025-12-10,Larus spp. (wild),5468,2970,confirmed,synthetic
EMPRESI-HPAI-0002420,WAHIS-HPAI-FRA-2025-11-24-00,WAHIS,High pathogenicity avian influenza,HPAI,France,FRA,44.8498,-0.1761,2025-11-24,2025-11-28,2025-12-10,Meleagris gallopavo (domestic),5286,2932,confirmed,synthetic
EMPRESI-HPAI-0002384,WAHIS-HPAI-UKR-2025-11-10-01,WAHIS,High pathogenicity avian influenza,HPAI,Ukraine,UKR,47.5879,28.0576,2025-11-10,2025-11-29,2025-12-10,Gallus gallus (domestic),5980,3329,confirmed,synthetic
EMPRESI-HPAI-0002426,WAHIS-HPAI-NLD-2025-11-24-00,WAHIS,High pathogenicity avian influenza,HPAI,Netherlands,NLD,51.3949,5.7176,2025-11-28,2025-12-05,2025-12-11,Cygnus olor (wild),1253,712,confirmed,synthetic
EMPRESI-HPAI-0002368,WAHIS-HPAI-NLD-2025-11-10-00,WAHIS,High pathogenicity avian influenza,HPAI,Netherlands,NLD,51.7491,6.303,2025-11-14,2025-11-30,2025-12-11,Anas platyrhynchos (domestic),11388,6205,confirmed,synthetic
EMPRESI-HPAI-0002442,WAHIS-HPAI-HUN-2025-11-24-00,WAHIS,High pathogenicity avian influenza,HPAI,Hungary,HUN,46.5603,19.0649,2025-11-29,2025-12-07,2025-12-11,Larus spp. (wild),5204,2843,confirmed,synthetic
EMPRESI-ASF-0003727,WAHIS-ASF-BGR-2025-10-20-03,WAHIS,African swine fever,ASF,Bulgaria,BGR,43.0302,26.2717,2025-10-20,2025-12-03,2025-12-11,Sus scrofa (wild boar),244,215,confirmed,synthetic
EMPRESI-ASF-0003555,WAHIS-ASF-NLD-2025-09-15-03,WAHIS,African swine fever,ASF,Netherlands,NLD,52.157,5.106,2025-09-17,2025-12-02,2025-12-11,Sus scrofa domesticus,73,66,confirmed,synthetic
EMPRESI-HPAI-0002417,WAHIS-HPAI-RUS-2025-11-17-00,WAHIS,High pathogenicity avian influenza,HPAI,Russian Federation,RUS,58.0375,47.8439,2025-11-17,2025-11-30,2025-12-12,Gallus gallus (domestic),1057,602,confirmed,synthetic
EMPRESI-ASF-0003699,WAHIS-ASF-RUS-2025-10-13-02,WAHIS,African swine fever,ASF,Russian Federation,RUS,54.5241,46.85,2025-10-19,2025-12-04,2025-12-12,Sus scrofa (wild boar),16,15,confirmed,synthetic
EMPRESI-ASF-0003711,WAHIS-ASF-NLD-2025-10-20-01,WAHIS,African swine fever,ASF,Netherlands,NLD,52.865,6.5047,2025-10-21,2025-12-04,2025-12-12,Sus scrofa domesticus,142,129,confirmed,synthetic
EMPRESI-ASF-0003795,WAHIS-ASF-HUN-2025-11-17-00,WAHIS,African swine fever,ASF,Hungary,HUN,47.6386,20.4944,2025-11-20,2025-12-05,2025-12-12,Sus scrofa (wild boar),27,26,confirmed,synthetic
EMPRESI-HPAI-0002450,WAHIS-HPAI-MDA-2025-11-24-00,WAHIS,High pathogenicity avian influenza,HPAI,Moldova,MDA,46.9242,29.2723,2025-11-25,2025-12-06,2025-12-13,Larus spp. (wild),3827,2109,confirmed,synthetic
EMPRESI-HPAI-0002370,WAHIS-HPAI-NLD-2025-11-10-02,WAHIS,High pathogenicity avian influenza,HPAI,Netherlands,NLD,51.8756,6.3526,2025-11-12,2025-12-06,2025-12-13,Larus spp. (wild),1643,881,confirmed,synthetic
EMPRESI-ASF-0003573,WAHIS-ASF-DEU-2025-09-22-01,WAHIS,African swine fever,ASF,Germany,DEU,52.3706,12.3726,2025-09-27,2025-12-07,2025-12-13,Sus scrofa domesticus,17,17,confirmed,synthetic
EMPRESI-HPAI-0002402,WAHIS-HPAI-BEL-2025-11-17-02,WAHIS,High pathogenicity avian influenza,HPAI,Belgium,BEL,50.5781,4.9546,2025-11-20,2025-12-06,2025-12-14,Anas platyrhynchos (domestic),2334,1269,confirmed,synthetic
EMPRESI-HPAI-0002400,WAHIS-HPAI-BEL-2025-11-17-00,WAHIS,High pathogenicity avian influenza,HPAI,Belgium,BEL,50.6965,5.1104,2025-11-23,2025-12-07,2025-12-14,Cygnus olor (wild),431,239,confirmed,synthetic
EMPRESI-ASF-0003783,WAHIS-ASF-ITA-2025-11-10-02,WAHIS,African swine fever,ASF,Italy,ITA,44.6358,10.3772,2025-11-14,2025-12-05,2025-12-14,Sus scrofa (wild boar),59,54,confirmed,synthetic
EMPRESI-HPAI-0002474,WAHIS-HPAI-ITA-2025-12-01-00,WAHIS,High pathogenicity avian influenza,HPAI,Italy,ITA,40.2798,11.3464,2025-12-04,2025-12-09,2025-12-14,Meleagris gallopavo (domestic),4231,2376,confirmed,synthetic
EMPRESI-HPAI-0002424,WAHIS-HPAI-DEU-2025-11-24-03,WAHIS,High pathogenicity avian influenza,HPAI,Germany,DEU,53.0336,13.9643,2025-11-25,2025-12-01,2025-12-14,Anas platyrhynchos (domestic),960,527,confirmed,synthetic
EMPRESI-HPAI-0002496,WAHIS-HPAI-RUS-2025-12-01-01,WAHIS,High pathogenicity avian influenza,HPAI,Russian Federation,RUS,55.7076,39.3138,2025-12-05,2025-12-09,2025-12-14,Anas platyrhynchos (domestic),3772,2080,confirmed,synthetic
EMPRESI-ASF-0003796,WAHIS-ASF-UKR-2025-11-17-00,WAHIS,African swine fever,ASF,Ukraine,UKR,47.3922,32.8409,2025-11-20,2025-12-08,2025-12-15,Sus scrofa (wild boar),76,74,confirmed,synthetic
EMPRESI-HPAI-0002427,WAHIS-HPAI-NLD-2025-11-24-01,WAHIS,High pathogenicity avian influenza,HPAI,Netherlands,NLD,52.996,6.1056,2025-11-27,2025-12-07,2025-12-15,Anas platyrhynchos (domestic),1429,801,confirmed,synthetic
EMPRESI-HPAI-0002463,WAHIS-HPAI-NLD-2025-12-01-00,WAHIS,High pathogenicity avian influenza,HPAI,Netherlands,NLD,51.2978,6.0594,2025-12-06,2025-12-08,2025-12-15,Larus spp. (wild),5001,2745,confirmed,synthetic
EMPRESI-ASF-0003801,WAHIS-ASF-TUR-2025-11-24-00,WAHIS,African swine fever,ASF,Türkiye,TUR,39.0933,36.4741,2025-11-26,2025-12-09,2025-12-16,Sus scrofa (wild boar),44,37,confirmed,synthetic
EMPRESI-HPAI-0002455,WAHIS-HPAI-TUR-2025-11-24-00,WAHIS,High pathogenicity avian influenza,HPAI,Türkiye,TUR,35.0344,34.3346,2025-11-26,2025-12-10,2025-12-16,Anas platyrhynchos (domestic),4613,2593,confirmed,synthetic
EMPRESI-HPAI-0002393,WAHIS-HPAI-DEU-2025-11-17-02,WAHIS,High pathogenicity avian influenza,HPAI,Germany,DEU,50.0842,9.8119,2025-11-23,2025-12-05,2025-12-17,Cygnus olor (wild),3238,1779,confirmed,synthetic
EMPRESI-HPAI-0002470,WAHIS-HPAI-BEL-2025-12-01-00,WAHIS,High pathogenicity avian influenza,HPAI,Belgium,BEL,50.5468,3.7891,2025-12-02,2025-12-10,2025-12-17,Meleagris gallopavo (domestic),5485,3001,confirmed,synthetic
EMPRESI-HPAI-0002472,WAHIS-HPAI-BEL-2025-12-01-02,WAHIS,High pathogenicity avian influenza,HPAI,Belgium,BEL,50.7659,3.7239,2025-12-02,2025-12-11,2025-12-17,Cygnus olor (wild),3692,2017,confirmed,synthetic
EMPRESI-HPAI-0002412,WAHIS-HPAI-SRB-2025-11-17-00,WAHIS,High pathogenicity avian influenza,HPAI,Serbia,SRB,44.6369,19.5925,2025-11-23,2025-12-11,2025-12-17,Larus spp. (wild),5067,2792,confirmed,synthetic
EMPRESI-HPAI-0002421,WAHIS-HPAI-DEU-2025-11-24-00,WAHIS,High pathogenicity avian influenza,HPAI,Germany,DEU,53.6309,9.7404,2025-11-29,2025-12-07,2025-12-17,Cygnus olor (wild),1776,938,confirmed,synthetic
EMPRESI-HPAI-0002423,WAHIS-HPAI-DEU-2025-11-24-02,WAHIS,High pathogenicity avian influenza,HPAI,Germany,DEU,49.4543,11.4932,2025-11-26,2025-12-11,2025-12-18,Cygnus olor (wild),1496,810,confirmed,synthetic
EMPRESI-HPAI-0002465,WAHIS-HPAI-NLD-2025-12-01-02,WAHIS,High pathogenicity avian influenza,HPAI,Netherlands,NLD,51.5387,4.3994,2025-12-02,2025-12-10,2025-12-18,Meleagris gallopavo (domestic),6646,3657,confirmed,synthetic
EMPRESI-HPAI-0002407,WAHIS-HPAI-HUN-2025-11-17-00,WAHIS,High pathogenicity avian influenza,HPAI,Hungary,HUN,48.0993,20.619,2025-11-20,2025-12-10,2025-12-18,Cygnus olor (wild),2125,1192,confirmed,synthetic
EMPRESI-HPAI-0002414,WAHIS-HPAI-MDA-2025-11-17-00,WAHIS,High pathogenicity avian influenza,HPAI,Moldova,MDA,46.8442,27.4025,2025-11-21,2025-12-07,2025-12-18,Larus spp. (wild),1663,883,confirmed,synthetic
EMPRESI-HPAI-0002433,WAHIS-HPAI-BEL-2025-11-24-02,WAHIS,High pathogenicity avian influenza,HPAI,Belgium,BEL,51.2732,3.7874,2025-11-28,2025-12-07,2025-12-18,Anas platyrhynchos (domestic),3536,1936,confirmed,synthetic
EMPRESI-HPAI-0002430,WAHIS-HPAI-NLD-2025-11-24-04,WAHIS,High pathogenicity avian influenza,HPAI,Netherlands,NLD,53.0519,5.0794,2025-11-29,2025-12-12,2025-12-18,Anas platyrhynchos (domestic),5122,2772,confirmed,synthetic
EMPRESI-HPAI-0002489,WAHIS-HPAI-ROU-2025-12-01-02,WAHIS,High pathogenicity avian influenza,HPAI,Romania,ROU,47.3918,25.3403,2025-12-01,2025-12-13,2025-12-19,Anas platyrhynchos (domestic),4218,2352,confirmed,synthetic
EMPRESI-HPAI-0002464,WAHIS-HPAI-NLD-2025-12-01-01,WAHIS,High pathogenicity avian influenza,HPAI,Netherlands,NLD,51.8555,4.252,2025-12-02,2025-12-10,2025-12-19,Cygnus olor (wild),5572,3107,confirmed,synthetic
EMPRESI-HPAI-0002453,WAHIS-HPAI-RUS-2025-11-24-01,WAHIS,High pathogenicity avian influenza,HPAI,Russian Federation,RUS,55.3164,38.0331,2025-11-27,2025-12-11,2025-12-20,Anas platyrhynchos (domestic),3637,1974,confirmed,synthetic
EMPRESI-ASF-0003802,WAHIS-ASF-ISR-2025-11-24-00,WAHIS,African swine fever,ASF,Israel,ISR,31.7888,35.3863,2025-11-29,2025-12-13,2025-12-20,Sus scrofa domesticus,13,11,confirmed,synthetic
EMPRESI-HPAI-0002401,WAHIS-HPAI-BEL-2025-11-17-01,WAHIS,High pathogenicity avian influenza,HPAI,Belgium,BEL,49.8995,5.0679,2025-11-22,2025-12-14,2025-12-20,Cygnus olor (wild),5338,2970,confirmed,synthetic
EMPRESI-HPAI-0002392,WAHIS-HPAI-DEU-2025-11-17-01,WAHIS,High pathogenicity avian influenza,HPAI,Germany,DEU,53.8943,9.5331,2025-11-23,2025-12-08,2025-12-20,Meleagris gallopavo (domestic),5314,2986,confirmed,synthetic
EMPRESI-HPAI-0002518,WAHIS-HPAI-BEL-2025-12-08-03,WAHIS,High pathogenicity avian influenza,HPAI,Belgium,BEL,50.8078,5.6842,2025-12-10,2025-12-14,2025-12-21,Cygnus olor (wild),3807,2112,confirmed,synthetic
EMPRESI-HPAI-0002476,WAHIS-HPAI-ITA-2025-12-01-02,WAHIS,High pathogenicity avian influenza,HPAI,Italy,ITA,43.331,10.8543,2025-12-06,2025-12-12,2025-12-21,Meleagris gallopavo (domestic),5458,2991,confirmed,synthetic
EMPRESI-HPAI-0002408,WAHIS-HPAI-HUN-2025-11-17-01,WAHIS,High pathogenicity avian influenza,HPAI,Hungary,HUN,47.2528,17.8777,2025-11-21,2025-12-12,2025-12-21,Cygnus olor (wild),5250,2866,confirmed,synthetic
EMPRESI-HPAI-0002406,WAHIS-HPAI-POL-2025-11-17-02,WAHIS,High pathogenicity avian influenza,HPAI,Poland,POL,52.0145,15.2172,2025-11-20,2025-12-13,2025-12-21,Cygnus olor (wild),3844,2090,confirmed,synthetic
EMPRESI-HPAI-0002494,WAHIS-HPAI-MDA-2025-12-01-01,WAHIS,High pathogenicity avian influenza,HPAI,Moldova,MDA,47.9705,28.0539,2025-12-01,2025-12-15,2025-12-21,Gallus gallus (domestic),4146,2289,confirmed,synthetic
EMPRESI-HPAI-0002483,WAHIS-HPAI-HUN-2025-12-01-00,WAHIS,High pathogenicity avian influenza,HPAI,Hungary,HUN,47.0826,18.7999,2025-12-01,2025-12-14,2025-12-22,Gallus gallus (domestic),6038,3381,confirmed,synthetic
EMPRESI-HPAI-0002481,WAHIS-HPAI-POL-2025-12-01-03,WAHIS,High pathogenicity avian influenza,HPAI,Poland,POL,52.6784,21.8598,2025-12-06,2025-12-15,2025-12-22,Cygnus olor (wild),4918,2758,confirmed,synthetic
EMPRESI-HPAI-0002533,WAHIS-HPAI-POL-2025-12-08-02,WAHIS,High pathogenicity avian influenza,HPAI,Poland,POL,50.7697,19.9309,2025-12-08,2025-12-18,2025-12-22,Anas platyrhynchos (domestic),4058,2258,confirmed,synthetic
EMPRESI-HPAI-0002459,WAHIS-HPAI-DEU-2025-12-01-00,WAHIS,High pathogenicity avian influenza,HPAI,Germany,DEU,50.4404,12.4061,2025-12-04,2025-12-11,2025-12-22,Gallus gallus (domestic),3798,2112,confirmed,synthetic
EMPRESI-HPAI-0002480,WAHIS-HPAI-POL-2025-12-01-02,WAHIS,High pathogenicity avian influenza,HPAI,Poland,POL,53.6229,20.4998,2025-12-01,2025-12-12,2025-12-22,Anas platyrhynchos (domestic),2454,1349,confirmed,synthetic
EMPRESI-ASF-0003722,WAHIS-ASF-ROU-2025-10-20-01,WAHIS,African swine fever,ASF,Romania,ROU,45.3251,26.1992,2025-10-22,2025-12-16,2025-12-22,Sus scrofa (wild boar),34,25,confirmed,synthetic
EMPRESI-HPAI-0002387,WAHIS-HPAI-MDA-2025-11-10-01,WAHIS,High pathogenicity avian influenza,HPAI,Moldova,MDA,48.0951,28.2331,2025-11-15,2025-12-11,2025-12-22,Anas platyrhynchos (domestic),4277,2361,confirmed,synthetic
EMPRESI-HPAI-0002445,WAHIS-HPAI-BGR-2025-11-24-00,WAHIS,High pathogenicity avian influenza,HPAI,Bulgaria,BGR,43.8191,25.8145,2025-11-25,2025-12-14,2025-12-22,Larus spp. (wild),7945,4363,confirmed,synthetic
EMPRESI-HPAI-0002437,WAHIS-HPAI-ITA-2025-11-24-01,WAHIS,High pathogenicity avian influenza,HPAI,Italy,ITA,43.8982,15.8761,2025-11-28,2025-12-12,2025-12-22,Anas platyrhynchos (domestic),7694,4230,confirmed,synthetic
EMPRESI-ASF-0003798,WAHIS-ASF-ESP-2025-11-24-00,WAHIS,African swine fever,ASF,Spain,ESP,42.226,-4.0351,2025-11-27,2025-12-17,2025-12-23,Sus scrofa (wild boar),218,197,confirmed,synthetic
EMPRESI-ASF-0003790,WAHIS-ASF-SRB-2025-11-10-01,WAHIS,African swine fever,ASF,Serbia,SRB,43.9139,21.5534,2025-11-10,2025-12-17,2025-12-23,Sus scrofa (wild boar),25,22,confirmed,synthetic
EMPRESI-ASF-0003787,WAHIS-ASF-BGR-2025-11-10-00,WAHIS,African swine fever,ASF,Bulgaria,BGR,42.2761,25.3229,2025-11-12,2025-12-17,2025-12-23,Sus scrofa domesticus,161,141,confirmed,synthetic
EMPRESI-HPAI-0002441,WAHIS-HPAI-POL-2025-11-24-03,WAHIS,High pathogenicity avian influenza,HPAI,Poland,POL,51.3393,20.0638,2025-11-30,2025-12-11,2025-12-23,Cygnus olor (wild),2733,1503,confirmed,synthetic
EMPRESI-HPAI-0002482,WAHIS-HPAI-POL-2025-12-01-04,WAHIS,High pathogenicity avian influenza,HPAI,Poland,POL,51.113,22.9214,2025-12-04,2025-12-18,2025-12-23,Anas platyrhynchos (domestic),3462,1887,confirmed,synthetic
EMPRESI-HPAI-0002458,WAHIS-HPAI-FRA-2025-12-01-01,WAHIS,High pathogenicity avian influenza,HPAI,France,FRA,44.1172,-1.2817,2025-12-01,2025-12-15,2025-12-23,Cygnus olor (wild),4860,2650,confirmed,synthetic
EMPRESI-HPAI-0002418,WAHIS-HPAI-RUS-2025-11-17-01,WAHIS,High pathogenicity avian influenza,HPAI,Russian Federation,RUS,53.039,35.6011,2025-11-18,2025-12-17,2025-12-23,Larus spp. (wild),2597,1462,confirmed,synthetic
EMPRESI-HPAI-0002471,WAHIS-HPAI-BEL-2025-12-01-01,WAHIS,High pathogenicity avian influenza,HPAI,Belgium,BEL,50.1444,4.7758,2025-12-07,2025-12-13,2025-12-24,Larus spp. (wild),2859,1551,confirmed,synthetic
EMPRESI-HPAI-0002504,WAHIS-HPAI-DEU-2025-12-08-00,WAHIS,High pathogenicity avian influenza,HPAI,Germany,DEU,53.1514,12.123,2025-12-09,2025-12-14,2025-12-24,Larus spp. (wild),4231,2377,confirmed,synthetic
EMPRESI-HPAI-0002583,WAHIS-HPAI-HUN-2025-12-15-02,WAHIS,High pathogenicity avian influenza,HPAI,Hungary,HUN,47.0169,20.3825,2025-12-16,2025-12-19,2025-12-24,Gallus gallus (domestic),10091,5549,confirmed,synthetic
EMPRESI-HPAI-0002446,WAHIS-HPAI-BGR-2025-11-24-01,WAHIS,High pathogenicity avian influenza,HPAI,Bulgaria,BGR,42.3277,25.7224,2025-11-30,2025-12-15,2025-12-24,Gallus gallus (domestic),6721,3684,confirmed,synthetic
EMPRESI-HPAI-0002493,WAHIS-HPAI-MDA-2025-12-01-00,WAHIS,High pathogenicity avian influenza,HPAI,Moldova,MDA,47.2611,29.2563,2025-12-03,2025-12-13,2025-12-25,Gallus gallus (domestic),293,164,confirmed,synthetic
EMPRESI-HPAI-0002546,WAHIS-HPAI-RUS-2025-12-08-02,WAHIS,High pathogenicity avian influenza,HPAI,Russian Federation,RUS,53.6694,41.0622,2025-12-08,2025-12-12,2025-12-25,Larus spp. (wild),4498,2462,confirmed,synthetic
EMPRESI-HPAI-0002495,WAHIS-HPAI-RUS-2025-12-01-00,WAHIS,High pathogenicity avian influenza,HPAI,Russian Federation,RUS,53.1392,51.4241,2025-12-04,2025-12-16,2025-12-25,Meleagris gallopavo (domestic),1806,1014,confirmed,synthetic
EMPRESI-HPAI-0002542,WAHIS-HPAI-UKR-2025-12-08-01,WAHIS,High pathogenicity avian influenza,HPAI,Ukraine,UKR,47.5468,36.3673,2025-12-10,2025-12-20,2025-12-25,Larus spp. (wild),4647,2550,confirmed,synthetic
EMPRESI-HPAI-0002488,WAHIS-HPAI-ROU-2025-12-01-01,WAHIS,High pathogenicity avian influenza,HPAI,Romania,ROU,45.8746,27.7511,2025-12-02,2025-12-20,2025-12-25,Cygnus olor (wild),3572,1984,confirmed,synthetic
EMPRESI-HPAI-0002516,WAHIS-HPAI-BEL-2025-12-08-01,WAHIS,High pathogenicity avian influenza,HPAI,Belgium,BEL,50.7919,3.3906,2025-12-11,2025-12-17,2025-12-26,Larus spp. (wild),2162,1240,confirmed,synthetic
EMPRESI-HPAI-0002461,WAHIS-HPAI-DEU-2025-12-01-02,WAHIS,High pathogenicity avian influenza,HPAI,Germany,DEU,50.504,13.4232,2025-12-07,2025-12-19,2025-12-26,Cygnus olor (wild),3904,2151,confirmed,synthetic
EMPRESI-HPAI-0002419,WAHIS-HPAI-TUR-2025-11-17-00,WAHIS,High pathogenicity avian influenza,HPAI,Türkiye,TUR,34.5594,36.2254,2025-11-17,2025-12-19,2025-12-26,Larus spp. (wild),3451,1870,confirmed,synthetic
EMPRESI-HPAI-0002486,WAHIS-HPAI-HUN-2025-12-01-03,WAHIS,High pathogenicity avian influenza,HPAI,Hungary,HUN,47.2484,17.4643,2025-12-05,2025-12-19,2025-12-26,Meleagris gallopavo (domestic),2314,1316,confirmed,synthetic
EMPRESI-HPAI-0002456,WAHIS-HPAI-TUR-2025-11-24-01,WAHIS,High pathogenicity avian influenza,HPAI,Türkiye,TUR,39.124,38.8389,2025-11-30,2025-12-15,2025-12-26,Larus spp. (wild),2513,1359,confirmed,synthetic
EMPRESI-HPAI-0002503,WAHIS-HPAI-FRA-2025-12-08-03,WAHIS,High pathogenicity avian influenza,HPAI,France,FRA,47.9579,2.4735,2025-12-09,2025-12-17,2025-12-26,Anas platyrhynchos (domestic),4102,2202,confirmed,synthetic
EMPRESI-HPAI-0002522,WAHIS-HPAI-BEL-2025-12-08-07,WAHIS,High pathogenicity avian influenza,HPAI,Belgium,BEL,51.1289,4.8246,2025-12-13,2025-12-20,2025-12-27,Gallus gallus (domestic),1578,895,confirmed,synthetic
EMPRESI-ASF-0003540,WAHIS-ASF-HUN-2025-09-08-00,WAHIS,African swine fever,ASF,Hungary,HUN,46.6405,20.7011,2025-09-12,2025-12-18,2025-12-27,Sus scrofa domesticus,71,63,confirmed,synthetic
EMPRESI-HPAI-0002515,WAHIS-HPAI-BEL-2025-12-08-00,WAHIS,High pathogenicity avian influenza,HPAI,Belgium,BEL,51.2639,4.1255,2025-12-09,2025-12-15,2025-12-27,Cygnus olor (wild),3542,1933,confirmed,synthetic
EMPRESI-HPAI-0002502,WAHIS-HPAI-FRA-2025-12-08-02,WAHIS,High pathogenicity avian influenza,HPAI,France,FRA,45.3885,4.7041,2025-12-10,2025-12-18,2025-12-27,Cygnus olor (wild),4871,2640,confirmed,synthetic
EMPRESI-HPAI-0002451,WAHIS-HPAI-MDA-2025-11-24-01,WAHIS,High pathogenicity avian influenza,HPAI,Moldova,MDA,46.7775,27.3157,2025-11-28,2025-12-20,2025-12-27,Larus spp. (wild),494,259,confirmed,synthetic
EMPRESI-HPAI-0002520,WAHIS-HPAI-BEL-2025-12-08-05,WAHIS,High pathogenicity avian influenza,HPAI,Belgium,BEL,50.5131,5.0366,2025-12-14,2025-12-18,2025-12-27,Meleagris gallopavo (domestic),1234,687,confirmed,synthetic
EMPRESI-HPAI-0002536,WAHIS-HPAI-ROU-2025-12-08-00,WAHIS,High pathogenicity avian influenza,HPAI,Romania,ROU,46.239,23.9316,2025-12-08,2025-12-17,2025-12-28,Cygnus olor (wild),4041,2161,confirmed,synthetic
EMPRESI-ASF-0003660,WAHIS-ASF-ISR-2025-10-06-00,WAHIS,African swine fever,ASF,Israel,ISR,31.0835,34.7672,2025-10-12,2025-12-19,2025-12-28,Sus scrofa domesticus,1,1,confirmed,synthetic
EMPRESI-HPAI-0002555,WAHIS-HPAI-DEU-2025-12-15-02,WAHIS,High pathogenicity avian influenza,HPAI,Germany,DEU,50.1439,6.978,2025-12-17,2025-12-23,2025-12-28,Gallus gallus (domestic),7474,4112,confirmed,synthetic
EMPRESI-HPAI-0002572,WAHIS-HPAI-ITA-2025-12-15-03,WAHIS,High pathogenicity avian influenza,HPAI,Italy,ITA,41.22,14.5095,2025-12-15,2025-12-19,2025-12-28,Cygnus olor (wild),4777,2535,confirmed,synthetic
EMPRESI-HPAI-0002444,WAHIS-HPAI-ROU-2025-11-24-00,WAHIS,High pathogenicity avian influenza,HPAI,Romania,ROU,44.0081,22.9728,2025-11-26,2025-12-19,2025-12-28,Cygnus olor (wild),4093,2252,confirmed,synthetic
EMPRESI-HPAI-0002506,WAHIS-HPAI-NLD-2025-12-08-00,WAHIS,High pathogenicity avian influenza,HPAI,Netherlands,NLD,52.3507,5.9687,2025-12-10,2025-12-20,2025-12-28,Cygnus olor (wild),2669,1474,confirmed,synthetic
EMPRESI-HPAI-0002541,WAHIS-HPAI-UKR-2025-12-08-00,WAHIS,High pathogenicity avian influenza,HPAI,Ukraine,UKR,50.0572,25.9688,2025-12-12,2025-12-23,2025-12-29,Larus spp. (wild),1767,976,confirmed,synthetic
EMPRESI-HPAI-0002507,WAHIS-HPAI-NLD-2025-12-08-01,WAHIS,High pathogenicity avian influenza,HPAI,Netherlands,NLD,52.4001,4.5228,2025-12-10,2025-12-23,2025-12-29,Gallus gallus (domestic),4794,2626,confirmed,synthetic
EMPRESI-HPAI-0002501,WAHIS-HPAI-FRA-2025-12-08-01,WAHIS,High pathogenicity avian influenza,HPAI,France,FRA,47.7118,3.5842,2025-12-12,2025-12-23,2025-12-29,Larus spp. (wild),2527,1441,confirmed,synthetic
EMPRESI-HPAI-0002548,WAHIS-HPAI-FRA-2025-12-15-00,WAHIS,High pathogenicity avian influenza,HPAI,France,FRA,49.8053,2.0943,2025-12-20,2025-12-25,2025-12-29,Meleagris gallopavo (domestic),6398,3490,confirmed,synthetic
EMPRESI-HPAI-0002567,WAHIS-HPAI-BEL-2025-12-15-03,WAHIS,High pathogenicity avian influenza,HPAI,Belgium,BEL,51.1159,3.6517,2025-12-17,2025-12-22,2025-12-29,Meleagris gallopavo (domestic),10555,5800,confirmed,synthetic
