week_start,iso3,skin_temperature_c,soil_temperature_l1_c,volumetric_soil_water_l1,snow_depth_m,aggregation,release_lag_days,data_realism
2020-01-06,FRA,-3.002,-2.05,0.3525,0.0684,country_area_weighted_mean,6,synthetic
2020-01-06,DEU,-7.166,-5.318,0.3039,0.124,country_area_weighted_mean,6,synthetic
2020-01-06,NLD,-10.731,-8.923,0.4487,0.1596,country_area_weighted_mean,6,synthetic
2020-01-06,BEL,-8.132,-6.498,0.3275,0.1245,country_area_weighted_mean,6,synthetic
2020-01-06,ITA,-1.902,-1.409,0.2279,0.0523,country_area_weighted_mean,6,synthetic
2020-01-06,ESP,-2.281,-0.135,0.2729,0.0452,country_area_weighted_mean,6,synthetic
2020-01-06,POL,-11.714,-8.452,0.2974,0.1661,country_area_weighted_mean,6,synthetic
2020-01-06,HUN,-4.529,-3.679,0.3447,0.0873,country_area_weighted_mean,6,synthetic
2020-01-06,ROU,-5.318,-4.392,0.3243,0.1049,country_area_weighted_mean,6,synthetic
2020-01-06,BGR,-4.166,-3.882,0.3746,0.0907,country_area_weighted_mean,6,synthetic
2020-01-06,SRB,-5.642,-3.193,0.2414,0.0837,country_area_weighted_mean,6,synthetic
2020-01-06,UKR,-6.951,-6.157,0.2956,0.1226,country_area_weighted_mean,6,synthetic
2020-01-06,MDA,-1.692,-0.378,0.3393,0.0557,country_area_weighted_mean,6,synthetic
2020-01-06,RUS,-12.155,-9.296,0.2698,0.1748,country_area_weighted_mean,6,synthetic
2020-01-06,TUR,0.367,1.944,0.3434,0.0229,country_area_weighted_mean,6,synthetic
2020-01-06,GEO,-1.594,-1.175,0.3457,0.0628,country_area_weighted_mean,6,synthetic
2020-01-06,ISR,5.229,5.131,0.2696,0.0,country_area_weighted_mean,6,synthetic
2020-01-06,EGY,10.282,9.48,0.297,0.0,country_area_weighted_mean,6,synthetic
2020-01-06,TUN,3.137,3.827,0.2677,0.0,country_area_weighted_mean,6,synthetic
2020-01-06,MAR,7.676,7.171,0.2458,0.0,country_area_weighted_mean,6,synthetic
2020-01-13,FRA,-5.292,-3.971,0.3918,0.0917,country_area_weighted_mean,6,synthetic
2020-01-13,DEU,-7.255,-6.276,0.3604,0.1148,country_area_weighted_mean,6,synthetic
2020-01-13,NLD,-8.716,-7.386,0.2954,0.1454,country_area_weighted_mean,6,synthetic
2020-01-13,BEL,-9.258,-7.428,0.2767,0.1327,country_area_weighted_mean,6,synthetic
2020-01-13,ITA,-1.375,-1.743,0.3398,0.0603,country_area_weighted_mean,6,synthetic
2020-01-13,ESP,-4.043,-2.523,0.378,0.078,country_area_weighted_mean,6,synthetic
2020-01-13,POL,-9.711,-7.421,0.2776,0.1513,country_area_weighted_mean,6,synthetic
2020-01-13,HUN,-6.503,-5.244,0.3222,0.111,country_area_weighted_mean,6,synthetic
2020-01-13,ROU,-4.84,-3.775,0.3434,0.0831,country_area_weighted_mean,6,synthetic
2020-01-13,BGR,-3.189,-0.982,0.4391,0.062,country_area_weighted_mean,6,synthetic
2020-01-13,SRB,-4.137,-3.26,0.2915,0.0812,country_area_weighted_mean,6,synthetic
2020-01-13,UKR,-6.713,-5.525,0.276,0.1156,country_area_weighted_mean,6,synthetic
2020-01-13,MDA,-1.951,-1.239,0.3727,0.0701,country_area_weighted_mean,6,synthetic
2020-01-13,RUS,-12.559,-9.662,0.3144,0.1794,country_area_weighted_mean,6,synthetic
2020-01-13,TUR,0.681,1.057,0.338,0.0298,country_area_weighted_mean,6,synthetic
2020-01-13,GEO,-1.482,-1.127,0.3277,0.0384,country_area_weighted_mean,6,synthetic
2020-01-13,ISR,4.99,5.49,0.277,0.0,country_area_weighted_mean,6,synthetic
2020-01-13,EGY,8.518,7.158,0.3402,0.0,country_area_weighted_mean,6,synthetic
2020-01-13,TUN,3.727,3.559,0.2702,0.0,country_area_weighted_mean,6,synthetic
2020-01-13,MAR,8.097,6.897,0.2626,0.0,country_area_weighted_mean,6,synthetic
2020-01-20,FRA,-5.999,-4.301,0.3008,0.1138,country_area_weighted_mean,6,synthetic
2020-01-20,DEU,-7.199,-5.84,0.4465,0.1302,country_area_weighted_mean,6,synthetic
2020-01-20,NLD,-7.994,-6.427,0.2959,0.1265,country_area_weighted_mean,6,synthetic
2020-01-20,BEL,-10.154,-7.617,0.3238,0.1477,country_area_weighted_mean,6,synthetic
2020-01-20,ITA,-1.872,-0.214,0.2937,0.0527,country_area_weighted_mean,6,synthetic
2020-01-20,ESP,-3.525,-2.276,0.3707,0.0682,country_area_weighted_mean,6,synthetic
2020-01-20,POL,-10.29,-9.513,0.3006,0.1688,country_area_weighted_mean,6,synthetic
2020-01-20,HUN,-6.563,-5.795,0.3592,0.1131,country_area_weighted_mean,6,synthetic
2020-01-20,ROU,-3.718,-2.396,0.3972,0.0792,country_area_weighted_mean,6,synthetic
2020-01-20,BGR,-3.177,-2.724,0.3197,0.0718,country_area_weighted_mean,6,synthetic
2020-01-20,SRB,-5.07,-3.657,0.2856,0.0808,country_area_weighted_mean,6,synthetic
2020-01-20,UKR,-6.277,-3.831,0.2289,0.1012,country_area_weighted_mean,6,synthetic
2020-01-20,MDA,-4.79,-4.124,0.3508,0.0886,country_area_weighted_mean,6,synthetic
2020-01-20,RUS,-13.601,-10.819,0.3404,0.1966,country_area_weighted_mean,6,synthetic
2020-01-20,TUR,0.522,1.222,0.3182,0.0169,country_area_weighted_mean,6,synthetic
2020-01-20,GEO,-2.246,-1.435,0.3522,0.0515,country_area_weighted_mean,6,synthetic
2020-01-20,ISR,4.56,5.242,0.3946,0.0,country_area_weighted_mean,6,synthetic
2020-01-20,EGY,10.081,9.004,0.2856,0.0,country_area_weighted_mean,6,synthetic
2020-01-20,TUN,4.708,4.31,0.3573,0.0,country_area_weighted_mean,6,synthetic
2020-01-20,MAR,5.574,4.908,0.3722,0.0,country_area_weighted_mean,6,synthetic
2020-01-27,FRA,-5.39,-3.709,0.3288,0.1029,country_area_weighted_mean,6,synthetic
2020-01-27,DEU,-6.621,-5.711,0.4799,0.1155,country_area_weighted_mean,6,synthetic
2020-01-27,NLD,-10.253,-7.404,0.328,0.155,country_area_weighted_mean,6,synthetic
2020-01-27,BEL,-8.295,-7.197,0.3473,0.1394,country_area_weighted_mean,6,synthetic
2020-01-27,ITA,-0.359,-0.25,0.3224,0.0453,country_area_weighted_mean,6,synthetic
2020-01-27,ESP,-2.77,-2.061,0.3237,0.0676,country_area_weighted_mean,6,synthetic
2020-01-27,POL,-12.57,-9.981,0.4692,0.1744,country_area_weighted_mean,6,synthetic
2020-01-27,HUN,-6.279,-4.154,0.3831,0.0952,country_area_weighted_mean,6,synthetic
2020-01-27,ROU,-1.89,-2.537,0.49,0.0689,country_area_weighted_mean,6,synthetic
2020-01-27,BGR,-2.546,-1.78,0.2334,0.0569,country_area_weighted_mean,6,synthetic
2020-01-27,SRB,-3.25,-4.097,0.385,0.0741,country_area_weighted_mean,6,synthetic
2020-01-27,UKR,-6.189,-4.378,0.243,0.1125,country_area_weighted_mean,6,synthetic
2020-01-27,MDA,-6.368,-4.58,0.4091,0.1129,country_area_weighted_mean,6,synthetic
2020-01-27,RUS,-13.614,-10.297,0.2683,0.1926,country_area_weighted_mean,6,synthetic
2020-01-27,TUR,0.492,0.057,0.3119,0.0405,country_area_weighted_mean,6,synthetic
2020-01-27,GEO,-2.674,-0.952,0.3692,0.0539,country_area_weighted_mean,6,synthetic
2020-01-27,ISR,5.5,5.149,0.4254,0.0,country_area_weighted_mean,6,synthetic
2020-01-27,EGY,10.907,9.501,0.2816,0.0,country_area_weighted_mean,6,synthetic
2020-01-27,TUN,5.097,4.324,0.2986,0.0,country_area_weighted_mean,6,synthetic
2020-01-27,MAR,7.353,7.055,0.3181,0.0,country_area_weighted_mean,6,synthetic
2020-02-03,FRA,-5.665,-5.005,0.347,0.1034,country_area_weighted_mean,6,synthetic
2020-02-03,DEU,-7.093,-5.77,0.4784,0.1132,country_area_weighted_mean,6,synthetic
2020-02-03,NLD,-10.639,-8.591,0.3484,0.158,country_area_weighted_mean,6,synthetic
2020-02-03,BEL,-8.299,-7.11,0.2921,0.1401,country_area_weighted_mean,6,synthetic
2020-02-03,ITA,-0.417,-0.56,0.2783,0.0366,country_area_weighted_mean,6,synthetic
2020-02-03,ESP,-1.023,-1.239,0.2728,0.0532,country_area_weighted_mean,6,synthetic
2020-02-03,POL,-9.85,-8.339,0.4623,0.1484,country_area_weighted_mean,6,synthetic
2020-02-03,HUN,-6.618,-4.649,0.2958,0.1137,country_area_weighted_mean,6,synthetic
2020-02-03,ROU,-6.299,-3.609,0.459,0.0984,country_area_weighted_mean,6,synthetic
2020-02-03,BGR,-3.782,-2.262,0.4104,0.0656,country_area_weighted_mean,6,synthetic
2020-02-03,SRB,-3.16,-2.351,0.4364,0.076,country_area_weighted_mean,6,synthetic
2020-02-03,UKR,-6.141,-5.188,0.3079,0.1127,country_area_weighted_mean,6,synthetic
2020-02-03,MDA,-5.458,-5.004,0.3678,0.0977,country_area_weighted_mean,6,synthetic
2020-02-03,RUS,-10.447,-8.685,0.2859,0.1597,country_area_weighted_mean,6,synthetic
2020-02-03,TUR,-0.543,0.504,0.2943,0.0393,country_area_weighted_mean,6,synthetic
2020-02-03,GEO,-2.268,-1.673,0.4513,0.0544,country_area_weighted_mean,6,synthetic
2020-02-03,ISR,5.881,5.591,0.3663,0.0,country_area_weighted_mean,6,synthetic
2020-02-03,EGY,12.564,10.329,0.2854,0.0,country_area_weighted_mean,6,synthetic
2020-02-03,TUN,2.886,2.791,0.2635,0.0,country_area_weighted_mean,6,synthetic
2020-02-03,MAR,8.226,8.005,0.3036,0.0,country_area_weighted_mean,6,synthetic
2020-02-10,FRA,-3.779,-3.163,0.3499,0.088,country_area_weighted_mean,6,synthetic
2020-02-10,DEU,-6.317,-5.988,0.2985,0.1087,country_area_weighted_mean,6,synthetic
2020-02-10,NLD,-8.953,-5.904,0.3722,0.1374,country_area_weighted_mean,6,synthetic
2020-02-10,BEL,-7.39,-5.472,0.3133,0.1226,country_area_weighted_mean,6,synthetic
2020-02-10,ITA,-0.753,1.157,0.3402,0.0413,country_area_weighted_mean,6,synthetic
2020-02-10,ESP,-0.756,-0.648,0.3875,0.043,country_area_weighted_mean,6,synthetic
2020-02-10,POL,-9.622,-7.768,0.3844,0.1414,country_area_weighted_mean,6,synthetic
2020-02-10,HUN,-4.856,-3.45,0.3066,0.0933,country_area_weighted_mean,6,synthetic
2020-02-10,ROU,-4.456,-2.351,0.5291,0.083,country_area_weighted_mean,6,synthetic
2020-02-10,BGR,-4.639,-3.578,0.387,0.0857,country_area_weighted_mean,6,synthetic
2020-02-10,SRB,-0.379,0.064,0.4265,0.0338,country_area_weighted_mean,6,synthetic
2020-02-10,UKR,-7.076,-5.563,0.2672,0.1124,country_area_weighted_mean,6,synthetic
2020-02-10,MDA,-2.338,-1.267,0.406,0.0705,country_area_weighted_mean,6,synthetic
2020-02-10,RUS,-9.734,-8.328,0.2687,0.1574,country_area_weighted_mean,6,synthetic
2020-02-10,TUR,1.046,1.652,0.2779,0.0192,country_area_weighted_mean,6,synthetic
2020-02-10,GEO,-1.652,0.178,0.305,0.0478,country_area_weighted_mean,6,synthetic
2020-02-10,ISR,3.191,3.643,0.3177,0.0,country_area_weighted_mean,6,synthetic
2020-02-10,EGY,12.856,11.7,0.3319,0.0,country_area_weighted_mean,6,synthetic
2020-02-10,TUN,3.348,2.506,0.3434,0.0,country_area_weighted_mean,6,synthetic
2020-02-10,MAR,6.47,5.649,0.332,0.0,country_area_weighted_mean,6,synthetic
2020-02-17,FRA,-2.879,-2.018,0.3411,0.0689,country_area_weighted_mean,6,synthetic
2020-02-17,DEU,-4.747,-3.389,0.2338,0.0879,country_area_weighted_mean,6,synthetic
2020-02-17,NLD,-8.616,-6.791,0.3516,0.1422,country_area_weighted_mean,6,synthetic
2020-02-17,BEL,-8.367,-7.366,0.3489,0.1385,country_area_weighted_mean,6,synthetic
2020-02-17,ITA,0.075,0.25,0.3183,0.0292,country_area_weighted_mean,6,synthetic
2020-02-17,ESP,-1.509,-0.126,0.5108,0.045,country_area_weighted_mean,6,synthetic
2020-02-17,POL,-8.545,-6.918,0.3808,0.1396,country_area_weighted_mean,6,synthetic
2020-02-17,HUN,-3.058,-1.37,0.3563,0.0728,country_area_weighted_mean,6,synthetic
2020-02-17,ROU,-4.897,-3.944,0.4241,0.0802,country_area_weighted_mean,6,synthetic
2020-02-17,BGR,0.087,1.156,0.3825,0.0349,country_area_weighted_mean,6,synthetic
2020-02-17,SRB,-0.165,0.741,0.2938,0.0319,country_area_weighted_mean,6,synthetic
2020-02-17,UKR,-5.005,-3.926,0.3346,0.096,country_area_weighted_mean,6,synthetic
2020-02-17,MDA,-0.802,-0.296,0.4361,0.0483,country_area_weighted_mean,6,synthetic
2020-02-17,RUS,-12.045,-10.212,0.3457,0.179,country_area_weighted_mean,6,synthetic
2020-02-17,TUR,0.42,1.795,0.2645,0.0282,country_area_weighted_mean,6,synthetic
2020-02-17,GEO,-0.258,-0.032,0.2557,0.0393,country_area_weighted_mean,6,synthetic
2020-02-17,ISR,4.767,5.248,0.3383,0.0,country_area_weighted_mean,6,synthetic
2020-02-17,EGY,10.604,9.869,0.2984,0.0,country_area_weighted_mean,6,synthetic
2020-02-17,TUN,1.852,2.708,0.3151,0.0004,country_area_weighted_mean,6,synthetic
2020-02-17,MAR,9.512,8.907,0.3225,0.0,country_area_weighted_mean,6,synthetic
2020-02-24,FRA,-3.858,-2.209,0.2909,0.0749,country_area_weighted_mean,6,synthetic
2020-02-24,DEU,-5.518,-3.932,0.3107,0.0895,country_area_weighted_mean,6,synthetic
2020-02-24,NLD,-4.559,-4.306,0.2753,0.0905,country_area_weighted_mean,6,synthetic
2020-02-24,BEL,-7.8,-5.372,0.402,0.1333,country_area_weighted_mean,6,synthetic
2020-02-24,ITA,-0.551,0.265,0.2905,0.0412,country_area_weighted_mean,6,synthetic
2020-02-24,ESP,-0.275,1.295,0.3321,0.0382,country_area_weighted_mean,6,synthetic
2020-02-24,POL,-7.561,-6.956,0.3712,0.129,country_area_weighted_mean,6,synthetic
2020-02-24,HUN,-2.351,-1.84,0.4141,0.0727,country_area_weighted_mean,6,synthetic
2020-02-24,ROU,-2.289,-1.043,0.5007,0.0575,country_area_weighted_mean,6,synthetic
2020-02-24,BGR,-1.635,-1.363,0.4087,0.0523,country_area_weighted_mean,6,synthetic
2020-02-24,SRB,1.802,2.159,0.3164,0.0038,country_area_weighted_mean,6,synthetic
2020-02-24,UKR,-5.277,-4.489,0.2783,0.0967,country_area_weighted_mean,6,synthetic
2020-02-24,MDA,-0.166,-0.44,0.334,0.0385,country_area_weighted_mean,6,synthetic
2020-02-24,RUS,-9.041,-8.105,0.3752,0.1427,country_area_weighted_mean,6,synthetic
2020-02-24,TUR,1.206,0.874,0.2335,0.0204,country_area_weighted_mean,6,synthetic
2020-02-24,GEO,1.293,1.519,0.39,0.0217,country_area_weighted_mean,6,synthetic
2020-02-24,ISR,8.587,7.412,0.4229,0.0,country_area_weighted_mean,6,synthetic
2020-02-24,EGY,11.296,9.627,0.2773,0.0,country_area_weighted_mean,6,synthetic
2020-02-24,TUN,3.971,2.541,0.3158,0.0009,country_area_weighted_mean,6,synthetic
2020-02-24,MAR,8.683,8.615,0.3319,0.0,country_area_weighted_mean,6,synthetic
2020-03-02,FRA,-2.249,-1.471,0.3353,0.0659,country_area_weighted_mean,6,synthetic
2020-03-02,DEU,-3.045,-2.423,0.278,0.0793,country_area_weighted_mean,6,synthetic
2020-03-02,NLD,-3.92,-4.091,0.2579,0.0947,country_area_weighted_mean,6,synthetic
2020-03-02,BEL,-6.031,-5.405,0.3138,0.1121,country_area_weighted_mean,6,synthetic
2020-03-02,ITA,-0.123,0.509,0.341,0.0337,country_area_weighted_mean,6,synthetic
2020-03-02,ESP,0.792,1.169,0.3267,0.0208,country_area_weighted_mean,6,synthetic
2020-03-02,POL,-7.559,-5.913,0.3234,0.1222,country_area_weighted_mean,6,synthetic
2020-03-02,HUN,-2.125,-1.187,0.35,0.0572,country_area_weighted_mean,6,synthetic
2020-03-02,ROU,-0.148,0.007,0.2711,0.0428,country_area_weighted_mean,6,synthetic
2020-03-02,BGR,-1.269,-0.167,0.3885,0.062,country_area_weighted_mean,6,synthetic
2020-03-02,SRB,2.339,2.787,0.3735,0.0112,country_area_weighted_mean,6,synthetic
2020-03-02,UKR,-2.864,-1.455,0.3987,0.0729,country_area_weighted_mean,6,synthetic
2020-03-02,MDA,-1.486,0.274,0.3546,0.0548,country_area_weighted_mean,6,synthetic
2020-03-02,RUS,-9.692,-7.75,0.3885,0.1455,country_area_weighted_mean,6,synthetic
2020-03-02,TUR,2.744,3.198,0.3266,0.0,country_area_weighted_mean,6,synthetic
2020-03-02,GEO,2.351,2.664,0.3592,0.006,country_area_weighted_mean,6,synthetic
2020-03-02,ISR,10.06,8.838,0.3599,0.0,country_area_weighted_mean,6,synthetic
2020-03-02,EGY,10.118,10.575,0.3486,0.0,country_area_weighted_mean,6,synthetic
2020-03-02,TUN,4.348,4.806,0.3153,0.0,country_area_weighted_mean,6,synthetic
2020-03-02,MAR,8.911,8.727,0.3874,0.0,country_area_weighted_mean,6,synthetic
2020-03-09,FRA,-2.265,-1.521,0.4857,0.066,country_area_weighted_mean,6,synthetic
2020-03-09,DEU,-3.021,-1.511,0.3716,0.0715,country_area_weighted_mean,6,synthetic
2020-03-09,NLD,-5.257,-2.964,0.3817,0.0916,country_area_weighted_mean,6,synthetic
2020-03-09,BEL,-4.822,-3.796,0.2879,0.0963,country_area_weighted_mean,6,synthetic
2020-03-09,ITA,1.392,2.946,0.3832,0.0047,country_area_weighted_mean,6,synthetic
2020-03-09,ESP,3.662,3.678,0.3611,0.0,country_area_weighted_mean,6,synthetic
2020-03-09,POL,-5.611,-4.143,0.3056,0.1092,country_area_weighted_mean,6,synthetic
2020-03-09,HUN,-1.796,-0.714,0.4523,0.0487,country_area_weighted_mean,6,synthetic
2020-03-09,ROU,-1.18,-0.791,0.3573,0.0406,country_area_weighted_mean,6,synthetic
2020-03-09,BGR,-0.244,0.972,0.304,0.0386,country_area_weighted_mean,6,synthetic
2020-03-09,SRB,4.074,3.432,0.3882,0.0,country_area_weighted_mean,6,synthetic
2020-03-09,UKR,1.143,1.799,0.4469,0.0299,country_area_weighted_mean,6,synthetic
2020-03-09,MDA,-2.716,-2.597,0.2657,0.0604,country_area_weighted_mean,6,synthetic
2020-03-09,RUS,-7.516,-6.266,0.3782,0.1269,country_area_weighted_mean,6,synthetic
2020-03-09,TUR,5.397,4.841,0.4573,0.0,country_area_weighted_mean,6,synthetic
2020-03-09,GEO,1.959,3.574,0.3485,0.0082,country_area_weighted_mean,6,synthetic
2020-03-09,ISR,10.009,9.494,0.2811,0.0,country_area_weighted_mean,6,synthetic
2020-03-09,EGY,11.218,9.629,0.2792,0.0,country_area_weighted_mean,6,synthetic
2020-03-09,TUN,6.064,6.243,0.313,0.0,country_area_weighted_mean,6,synthetic
2020-03-09,MAR,8.103,7.56,0.3589,0.0,country_area_weighted_mean,6,synthetic
2020-03-16,FRA,0.032,-0.12,0.4619,0.0424,country_area_weighted_mean,6,synthetic
2020-03-16,DEU,-1.886,-2.125,0.3172,0.0545,country_area_weighted_mean,6,synthetic
2020-03-16,NLD,-4.126,-2.455,0.3468,0.0872,country_area_weighted_mean,6,synthetic
2020-03-16,BEL,-2.666,-1.602,0.4646,0.0571,country_area_weighted_mean,6,synthetic
2020-03-16,ITA,1.002,2.812,0.2587,0.0044,country_area_weighted_mean,6,synthetic
2020-03-16,ESP,3.854,4.587,0.3971,0.0,country_area_weighted_mean,6,synthetic
2020-03-16,POL,-3.057,-2.048,0.238,0.0695,country_area_weighted_mean,6,synthetic
2020-03-16,HUN,0.201,1.705,0.3965,0.0339,country_area_weighted_mean,6,synthetic
2020-03-16,ROU,-0.782,0.658,0.3394,0.0457,country_area_weighted_mean,6,synthetic
2020-03-16,BGR,1.606,2.956,0.2687,0.0137,country_area_weighted_mean,6,synthetic
2020-03-16,SRB,3.812,4.271,0.3916,0.0,country_area_weighted_mean,6,synthetic
2020-03-16,UKR,0.994,1.72,0.3793,0.0319,country_area_weighted_mean,6,synthetic
2020-03-16,MDA,-1.553,-0.341,0.2945,0.0491,country_area_weighted_mean,6,synthetic
2020-03-16,RUS,-5.141,-3.62,0.4325,0.0941,country_area_weighted_mean,6,synthetic
2020-03-16,TUR,4.996,4.621,0.3613,0.0,country_area_weighted_mean,6,synthetic
2020-03-16,GEO,3.202,3.329,0.3477,0.0043,country_area_weighted_mean,6,synthetic
2020-03-16,ISR,10.566,8.447,0.3357,0.0,country_area_weighted_mean,6,synthetic
2020-03-16,EGY,13.213,12.233,0.2928,0.0,country_area_weighted_mean,6,synthetic
2020-03-16,TUN,9.236,8.244,0.3174,0.0,country_area_weighted_mean,6,synthetic
2020-03-16,MAR,10.33,10.029,0.3225,0.0,country_area_weighted_mean,6,synthetic
2020-03-23,FRA,-1.712,-0.262,0.3217,0.0503,country_area_weighted_mean,6,synthetic
2020-03-23,DEU,-0.727,-0.637,0.323,0.043,country_area_weighted_mean,6,synthetic
2020-03-23,NLD,-1.858,-1.988,0.2679,0.0634,country_area_weighted_mean,6,synthetic
2020-03-23,BEL,-1.885,-2.141,0.4018,0.0667,country_area_weighted_mean,6,synthetic
2020-03-23,ITA,4.233,5.106,0.2945,0.0,country_area_weighted_mean,6,synthetic
2020-03-23,ESP,3.438,2.929,0.3776,0.0,country_area_weighted_mean,6,synthetic
2020-03-23,POL,1.402,1.513,0.2856,0.0207,country_area_weighted_mean,6,synthetic
2020-03-23,HUN,1.578,1.838,0.4242,0.0217,country_area_weighted_mean,6,synthetic
2020-03-23,ROU,0.588,1.717,0.4435,0.0357,country_area_weighted_mean,6,synthetic
2020-03-23,BGR,3.838,3.65,0.3005,0.0,country_area_weighted_mean,6,synthetic
2020-03-23,SRB,5.289,4.581,0.366,0.0,country_area_weighted_mean,6,synthetic
2020-03-23,UKR,0.439,0.771,0.3079,0.0293,country_area_weighted_mean,6,synthetic
2020-03-23,MDA,0.908,2.025,0.2852,0.026,country_area_weighted_mean,6,synthetic
2020-03-23,RUS,-4.841,-3.65,0.3994,0.0978,country_area_weighted_mean,6,synthetic
2020-03-23,TUR,5.2,4.274,0.3709,0.0,country_area_weighted_mean,6,synthetic
2020-03-23,GEO,2.405,3.044,0.3904,0.0046,country_area_weighted_mean,6,synthetic
2020-03-23,ISR,13.296,11.352,0.2947,0.0,country_area_weighted_mean,6,synthetic
2020-03-23,EGY,13.628,12.338,0.4074,0.0,country_area_weighted_mean,6,synthetic
2020-03-23,TUN,9.097,8.649,0.3408,0.0,country_area_weighted_mean,6,synthetic
2020-03-23,MAR,12.245,10.941,0.3402,0.0,country_area_weighted_mean,6,synthetic
2020-03-30,FRA,1.269,2.331,0.4277,0.0228,country_area_weighted_mean,6,synthetic
2020-03-30,DEU,0.201,0.204,0.2452,0.0281,country_area_weighted_mean,6,synthetic
2020-03-30,NLD,-2.501,-1.943,0.3074,0.0613,country_area_weighted_mean,6,synthetic
2020-03-30,BEL,-3.032,-2.631,0.3996,0.0772,country_area_weighted_mean,6,synthetic
2020-03-30,ITA,5.052,5.631,0.2827,0.0,country_area_weighted_mean,6,synthetic
2020-03-30,ESP,6.213,5.636,0.4606,0.0,country_area_weighted_mean,6,synthetic
2020-03-30,POL,1.469,1.983,0.3389,0.0108,country_area_weighted_mean,6,synthetic
2020-03-30,HUN,2.897,2.917,0.3566,0.0,country_area_weighted_mean,6,synthetic
2020-03-30,ROU,2.449,2.986,0.4795,0.0049,country_area_weighted_mean,6,synthetic
2020-03-30,BGR,4.02,4.919,0.3419,0.0,country_area_weighted_mean,6,synthetic
2020-03-30,SRB,6.205,5.507,0.4106,0.0,country_area_weighted_mean,6,synthetic
2020-03-30,UKR,2.129,3.289,0.2913,0.0101,country_area_weighted_mean,6,synthetic
2020-03-30,MDA,4.026,3.824,0.245,0.0,country_area_weighted_mean,6,synthetic
2020-03-30,RUS,-2.131,-1.568,0.365,0.0644,country_area_weighted_mean,6,synthetic
2020-03-30,TUR,4.128,3.681,0.2787,0.0,country_area_weighted_mean,6,synthetic
2020-03-30,GEO,3.713,3.255,0.3828,0.0,country_area_weighted_mean,6,synthetic
2020-03-30,ISR,13.887,12.234,0.3559,0.0,country_area_weighted_mean,6,synthetic
2020-03-30,EGY,15.625,13.34,0.3753,0.0,country_area_weighted_mean,6,synthetic
2020-03-30,TUN,9.334,8.33,0.3374,0.0,country_area_weighted_mean,6,synthetic
2020-03-30,MAR,13.694,12.629,0.3948,0.0,country_area_weighted_mean,6,synthetic
2020-04-06,FRA,2.857,3.489,0.4746,0.0054,country_area_weighted_mean,6,synthetic
2020-04-06,DEU,1.989,2.423,0.2911,0.0002,country_area_weighted_mean,6,synthetic
2020-04-06,NLD,-1.135,-0.549,0.2459,0.0443,country_area_weighted_mean,6,synthetic
2020-04-06,BEL,-1.906,-2.476,0.3345,0.0565,country_area_weighted_mean,6,synthetic
2020-04-06,ITA,6.16,6.066,0.2905,0.0,country_area_weighted_mean,6,synthetic
2020-04-06,ESP,7.463,7.057,0.4438,0.0,country_area_weighted_mean,6,synthetic
2020-04-06,POL,3.192,2.747,0.2919,0.0,country_area_weighted_mean,6,synthetic
2020-04-06,HUN,5.921,4.649,0.2984,0.0,country_area_weighted_mean,6,synthetic
2020-04-06,ROU,5.394,4.973,0.3685,0.0,country_area_weighted_mean,6,synthetic
2020-04-06,BGR,5.309,5.008,0.2996,0.0,country_area_weighted_mean,6,synthetic
2020-04-06,SRB,7.001,7.075,0.3934,0.0,country_area_weighted_mean,6,synthetic
2020-04-06,UKR,4.52,4.466,0.2642,0.0,country_area_weighted_mean,6,synthetic
2020-04-06,MDA,5.155,5.374,0.3261,0.0,country_area_weighted_mean,6,synthetic
2020-04-06,RUS,0.729,1.014,0.332,0.0306,country_area_weighted_mean,6,synthetic
2020-04-06,TUR,5.568,5.466,0.3089,0.0,country_area_weighted_mean,6,synthetic
2020-04-06,GEO,4.969,4.947,0.2898,0.0,country_area_weighted_mean,6,synthetic
2020-04-06,ISR,14.466,12.779,0.3204,0.0,country_area_weighted_mean,6,synthetic
2020-04-06,EGY,17.942,16.41,0.2844,0.0,country_area_weighted_mean,6,synthetic
2020-04-06,TUN,10.401,9.639,0.2959,0.0,country_area_weighted_mean,6,synthetic
2020-04-06,MAR,16.214,15.072,0.4014,0.0,country_area_weighted_mean,6,synthetic
2020-04-13,FRA,5.655,6.009,0.5284,0.0,country_area_weighted_mean,6,synthetic
2020-04-13,DEU,2.356,2.952,0.3485,0.0,country_area_weighted_mean,6,synthetic
2020-04-13,NLD,-0.643,0.356,0.3256,0.033,country_area_weighted_mean,6,synthetic
2020-04-13,BEL,2.777,3.566,0.4099,0.0028,country_area_weighted_mean,6,synthetic
2020-04-13,ITA,10.251,9.383,0.3289,0.0,country_area_weighted_mean,6,synthetic
2020-04-13,ESP,7.196,6.52,0.4677,0.0,country_area_weighted_mean,6,synthetic
2020-04-13,POL,2.99,2.875,0.3644,0.004,country_area_weighted_mean,6,synthetic
2020-04-13,HUN,6.104,6.484,0.2853,0.0,country_area_weighted_mean,6,synthetic
2020-04-13,ROU,5.24,5.349,0.3131,0.0,country_area_weighted_mean,6,synthetic
2020-04-13,BGR,6.918,6.36,0.3598,0.0,country_area_weighted_mean,6,synthetic
2020-04-13,SRB,8.984,7.563,0.3733,0.0,country_area_weighted_mean,6,synthetic
2020-04-13,UKR,8.565,7.172,0.2985,0.0,country_area_weighted_mean,6,synthetic
2020-04-13,MDA,7.02,6.896,0.3596,0.0,country_area_weighted_mean,6,synthetic
2020-04-13,RUS,2.553,2.545,0.3328,0.0,country_area_weighted_mean,6,synthetic
2020-04-13,TUR,6.486,5.898,0.3019,0.0,country_area_weighted_mean,6,synthetic
2020-04-13,GEO,7.079,6.657,0.3196,0.0,country_area_weighted_mean,6,synthetic
2020-04-13,ISR,15.767,14.311,0.3358,0.0,country_area_weighted_mean,6,synthetic
2020-04-13,EGY,17.248,14.892,0.2439,0.0,country_area_weighted_mean,6,synthetic
2020-04-13,TUN,11.876,10.262,0.2572,0.0,country_area_weighted_mean,6,synthetic
2020-04-13,MAR,14.777,13.23,0.3328,0.0,country_area_weighted_mean,6,synthetic
2020-04-20,FRA,6.836,6.444,0.4505,0.0,country_area_weighted_mean,6,synthetic
2020-04-20,DEU,5.492,5.338,0.3355,0.0,country_area_weighted_mean,6,synthetic
2020-04-20,NLD,3.812,3.46,0.2499,0.0,country_area_weighted_mean,6,synthetic
2020-04-20,BEL,5.169,5.209,0.3552,0.0,country_area_weighted_mean,6,synthetic
2020-04-20,ITA,9.263,8.106,0.3201,0.0,country_area_weighted_mean,6,synthetic
2020-04-20,ESP,8.447,7.721,0.3038,0.0,country_area_weighted_mean,6,synthetic
2020-04-20,POL,3.462,4.364,0.2502,0.0,country_area_weighted_mean,6,synthetic
2020-04-20,HUN,9.277,7.879,0.3346,0.0,country_area_weighted_mean,6,synthetic
2020-04-20,ROU,8.185,7.092,0.3204,0.0,country_area_weighted_mean,6,synthetic
2020-04-20,BGR,8.947,7.675,0.317,0.0,country_area_weighted_mean,6,synthetic
2020-04-20,SRB,10.529,8.112,0.3004,0.0,country_area_weighted_mean,6,synthetic
2020-04-20,UKR,9.678,8.634,0.2717,0.0,country_area_weighted_mean,6,synthetic
2020-04-20,MDA,8.354,6.384,0.4456,0.0,country_area_weighted_mean,6,synthetic
2020-04-20,RUS,2.59,2.723,0.3422,0.0011,country_area_weighted_mean,6,synthetic
2020-04-20,TUR,8.553,8.748,0.2972,0.0,country_area_weighted_mean,6,synthetic
2020-04-20,GEO,10.01,9.202,0.2603,0.0,country_area_weighted_mean,6,synthetic
2020-04-20,ISR,15.784,13.995,0.3031,0.0,country_area_weighted_mean,6,synthetic
2020-04-20,EGY,19.932,17.208,0.3365,0.0,country_area_weighted_mean,6,synthetic
2020-04-20,TUN,12.908,11.363,0.2884,0.0,country_area_weighted_mean,6,synthetic
2020-04-20,MAR,14.932,13.405,0.2814,0.0,country_area_weighted_mean,6,synthetic
2020-04-27,FRA,9.584,9.139,0.3436,0.0,country_area_weighted_mean,6,synthetic
2020-04-27,DEU,7.32,5.538,0.2991,0.0,country_area_weighted_mean,6,synthetic
2020-04-27,NLD,5.019,4.21,0.2846,0.0,country_area_weighted_mean,6,synthetic
2020-04-27,BEL,7.63,6.845,0.3885,0.0,country_area_weighted_mean,6,synthetic
2020-04-27,ITA,12.381,10.221,0.3769,0.0,country_area_weighted_mean,6,synthetic
2020-04-27,ESP,10.06,8.465,0.3646,0.0,country_area_weighted_mean,6,synthetic
2020-04-27,POL,9.319,7.659,0.3236,0.0,country_area_weighted_mean,6,synthetic
2020-04-27,HUN,12.523,11.429,0.2928,0.0,country_area_weighted_mean,6,synthetic
2020-04-27,ROU,10.515,9.621,0.3276,0.0,country_area_weighted_mean,6,synthetic
2020-04-27,BGR,10.703,9.341,0.2724,0.0,country_area_weighted_mean,6,synthetic
2020-04-27,SRB,12.639,12.323,0.2728,0.0,country_area_weighted_mean,6,synthetic
2020-04-27,UKR,9.362,7.855,0.2634,0.0,country_area_weighted_mean,6,synthetic
2020-04-27,MDA,10.435,10.225,0.3574,0.0,country_area_weighted_mean,6,synthetic
2020-04-27,RUS,4.817,4.304,0.269,0.0,country_area_weighted_mean,6,synthetic
2020-04-27,TUR,9.795,8.728,0.3778,0.0,country_area_weighted_mean,6,synthetic
2020-04-27,GEO,13.542,11.346,0.2949,0.0,country_area_weighted_mean,6,synthetic
2020-04-27,ISR,18.382,16.299,0.2453,0.0,country_area_weighted_mean,6,synthetic
2020-04-27,EGY,22.326,19.496,0.2663,0.0,country_area_weighted_mean,6,synthetic
2020-04-27,TUN,13.969,12.715,0.3057,0.0,country_area_weighted_mean,6,synthetic
2020-04-27,MAR,17.061,15.205,0.3115,0.0,country_area_weighted_mean,6,synthetic
2020-05-04,FRA,12.064,9.895,0.3747,0.0,country_area_weighted_mean,6,synthetic
2020-05-04,DEU,9.057,7.221,0.3708,0.0,country_area_weighted_mean,6,synthetic
2020-05-04,NLD,6.821,5.867,0.33,0.0,country_area_weighted_mean,6,synthetic
2020-05-04,BEL,9.997,8.269,0.3694,0.0,country_area_weighted_mean,6,synthetic
2020-05-04,ITA,11.409,10.632,0.2793,0.0,country_area_weighted_mean,6,synthetic
2020-05-04,ESP,12.393,12.488,0.2959,0.0,country_area_weighted_mean,6,synthetic
2020-05-04,POL,10.746,9.769,0.4224,0.0,country_area_weighted_mean,6,synthetic
2020-05-04,HUN,13.733,12.688,0.2705,0.0,country_area_weighted_mean,6,synthetic
2020-05-04,ROU,11.928,10.054,0.3402,0.0,country_area_weighted_mean,6,synthetic
2020-05-04,BGR,12.329,10.68,0.2552,0.0,country_area_weighted_mean,6,synthetic
2020-05-04,SRB,15.638,13.729,0.355,0.0,country_area_weighted_mean,6,synthetic
2020-05-04,UKR,11.212,10.832,0.305,0.0,country_area_weighted_mean,6,synthetic
2020-05-04,MDA,11.364,10.233,0.4138,0.0,country_area_weighted_mean,6,synthetic
2020-05-04,RUS,5.257,5.606,0.3302,0.0,country_area_weighted_mean,6,synthetic
2020-05-04,TUR,12.343,11.788,0.3509,0.0,country_area_weighted_mean,6,synthetic
2020-05-04,GEO,14.547,12.806,0.3131,0.0,country_area_weighted_mean,6,synthetic
2020-05-04,ISR,19.129,15.487,0.238,0.0,country_area_weighted_mean,6,synthetic
2020-05-04,EGY,20.896,18.482,0.2689,0.0,country_area_weighted_mean,6,synthetic
2020-05-04,TUN,16.783,14.327,0.3191,0.0,country_area_weighted_mean,6,synthetic
2020-05-04,MAR,17.416,16.147,0.4088,0.0,country_area_weighted_mean,6,synthetic
2020-05-11,FRA,14.228,12.299,0.2625,0.0,country_area_weighted_mean,6,synthetic
2020-05-11,DEU,9.546,8.817,0.3243,0.0,country_area_weighted_mean,6,synthetic
2020-05-11,NLD,8.888,9.063,0.3048,0.0,country_area_weighted_mean,6,synthetic
2020-05-11,BEL,12.448,11.784,0.3507,0.0,country_area_weighted_mean,6,synthetic
2020-05-11,ITA,13.443,11.838,0.3214,0.0,country_area_weighted_mean,6,synthetic
2020-05-11,ESP,15.687,13.507,0.255,0.0,country_area_weighted_mean,6,synthetic
2020-05-11,POL,12.285,11.917,0.2994,0.0,country_area_weighted_mean,6,synthetic
2020-05-11,HUN,16.346,15.042,0.2819,0.0,country_area_weighted_mean,6,synthetic
2020-05-11,ROU,13.946,12.499,0.3147,0.0,country_area_weighted_mean,6,synthetic
2020-05-11,BGR,12.769,12.681,0.2722,0.0,country_area_weighted_mean,6,synthetic
2020-05-11,SRB,15.769,13.748,0.3203,0.0,country_area_weighted_mean,6,synthetic
2020-05-11,UKR,11.047,10.285,0.3218,0.0,country_area_weighted_mean,6,synthetic
2020-05-11,MDA,13.84,12.37,0.3558,0.0,country_area_weighted_mean,6,synthetic
2020-05-11,RUS,8.081,7.49,0.2915,0.0,country_area_weighted_mean,6,synthetic
2020-05-11,TUR,12.997,11.837,0.3601,0.0,country_area_weighted_mean,6,synthetic
2020-05-11,GEO,15.936,14.387,0.3099,0.0,country_area_weighted_mean,6,synthetic
2020-05-11,ISR,19.997,16.88,0.2417,0.0,country_area_weighted_mean,6,synthetic
2020-05-11,EGY,22.292,18.881,0.2944,0.0,country_area_weighted_mean,6,synthetic
2020-05-11,TUN,19.197,16.698,0.264,0.0,country_area_weighted_mean,6,synthetic
2020-05-11,MAR,17.865,16.172,0.422,0.0,country_area_weighted_mean,6,synthetic
2020-05-18,FRA,14.867,12.84,0.2599,0.0,country_area_weighted_mean,6,synthetic
2020-05-18,DEU,14.46,11.286,0.2678,0.0,country_area_weighted_mean,6,synthetic
2020-05-18,NLD,11.451,10.118,0.2697,0.0,country_area_weighted_mean,6,synthetic
2020-05-18,BEL,15.128,13.613,0.302,0.0,country_area_weighted_mean,6,synthetic
2020-05-18,ITA,14.832,12.906,0.3054,0.0,country_area_weighted_mean,6,synthetic
2020-05-18,ESP,17.618,14.789,0.2992,0.0,country_area_weighted_mean,6,synthetic
2020-05-18,POL,13.54,12.941,0.3308,0.0,country_area_weighted_mean,6,synthetic
2020-05-18,HUN,18.43,15.884,0.3478,0.0,country_area_weighted_mean,6,synthetic
2020-05-18,ROU,16.353,14.753,0.3272,0.0,country_area_weighted_mean,6,synthetic
2020-05-18,BGR,16.235,14.363,0.2377,0.0,country_area_weighted_mean,6,synthetic
2020-05-18,SRB,19.82,16.389,0.3131,0.0,country_area_weighted_mean,6,synthetic
2020-05-18,UKR,13.295,11.404,0.2819,0.0,country_area_weighted_mean,6,synthetic
2020-05-18,MDA,15.232,14.394,0.3279,0.0,country_area_weighted_mean,6,synthetic
2020-05-18,RUS,10.521,8.624,0.2939,0.0,country_area_weighted_mean,6,synthetic
2020-05-18,TUR,15.582,13.989,0.3011,0.0,country_area_weighted_mean,6,synthetic
2020-05-18,GEO,15.773,13.837,0.3046,0.0,country_area_weighted_mean,6,synthetic
2020-05-18,ISR,21.808,19.023,0.2546,0.0,country_area_weighted_mean,6,synthetic
2020-05-18,EGY,21.428,19.524,0.2425,0.0,country_area_weighted_mean,6,synthetic
2020-05-18,TUN,18.749,16.445,0.2793,0.0,country_area_weighted_mean,6,synthetic
2020-05-18,MAR,17.404,14.435,0.3029,0.0,country_area_weighted_mean,6,synthetic
2020-05-25,FRA,18.7,16.317,0.2641,0.0,country_area_weighted_mean,6,synthetic
2020-05-25,DEU,16.823,15.307,0.2904,0.0,country_area_weighted_mean,6,synthetic
2020-05-25,NLD,13.424,11.833,0.3012,0.0,country_area_weighted_mean,6,synthetic
2020-05-25,BEL,14.16,13.053,0.3164,0.0,country_area_weighted_mean,6,synthetic
2020-05-25,ITA,18.091,15.981,0.2773,0.0,country_area_weighted_mean,6,synthetic
2020-05-25,ESP,18.904,16.574,0.3266,0.0,country_area_weighted_mean,6,synthetic
2020-05-25,POL,16.585,14.722,0.3306,0.0,country_area_weighted_mean,6,synthetic
2020-05-25,HUN,18.238,14.968,0.3156,0.0,country_area_weighted_mean,6,synthetic
2020-05-25,ROU,20.058,17.181,0.2717,0.0,country_area_weighted_mean,6,synthetic
2020-05-25,BGR,17.804,15.07,0.2461,0.0,country_area_weighted_mean,6,synthetic
2020-05-25,SRB,17.839,16.272,0.302,0.0,country_area_weighted_mean,6,synthetic
2020-05-25,UKR,17.0,15.326,0.2638,0.0,country_area_weighted_mean,6,synthetic
2020-05-25,MDA,16.663,14.965,0.3306,0.0,country_area_weighted_mean,6,synthetic
2020-05-25,RUS,11.108,10.548,0.2773,0.0,country_area_weighted_mean,6,synthetic
2020-05-25,TUR,18.515,16.399,0.3041,0.0,country_area_weighted_mean,6,synthetic
2020-05-25,GEO,18.463,16.377,0.3469,0.0,country_area_weighted_mean,6,synthetic
2020-05-25,ISR,23.278,20.412,0.297,0.0,country_area_weighted_mean,6,synthetic
2020-05-25,EGY,24.164,20.48,0.2415,0.0,country_area_weighted_mean,6,synthetic
2020-05-25,TUN,21.04,19.191,0.2723,0.0,country_area_weighted_mean,6,synthetic
2020-05-25,MAR,18.292,16.402,0.2693,0.0,country_area_weighted_mean,6,synthetic
2020-06-01,FRA,20.814,18.192,0.2841,0.0,country_area_weighted_mean,6,synthetic
2020-06-01,DEU,19.899,16.944,0.3169,0.0,country_area_weighted_mean,6,synthetic
2020-06-01,NLD,16.259,13.622,0.3133,0.0,country_area_weighted_mean,6,synthetic
2020-06-01,BEL,16.062,14.483,0.2772,0.0,country_area_weighted_mean,6,synthetic
2020-06-01,ITA,20.21,18.691,0.2904,0.0,country_area_weighted_mean,6,synthetic
2020-06-01,ESP,19.623,16.972,0.3015,0.0,country_area_weighted_mean,6,synthetic
2020-06-01,POL,17.432,16.214,0.364,0.0,country_area_weighted_mean,6,synthetic
2020-06-01,HUN,17.635,15.622,0.3632,0.0,country_area_weighted_mean,6,synthetic
2020-06-01,ROU,22.947,19.814,0.2945,0.0,country_area_weighted_mean,6,synthetic
2020-06-01,BGR,19.348,16.735,0.2869,0.0,country_area_weighted_mean,6,synthetic
2020-06-01,SRB,21.079,16.429,0.2585,0.0,country_area_weighted_mean,6,synthetic
2020-06-01,UKR,17.824,15.647,0.229,0.0,country_area_weighted_mean,6,synthetic
2020-06-01,MDA,15.415,14.844,0.3618,0.0,country_area_weighted_mean,6,synthetic
2020-06-01,RUS,13.977,12.315,0.2513,0.0,country_area_weighted_mean,6,synthetic
2020-06-01,TUR,19.398,17.729,0.328,0.0,country_area_weighted_mean,6,synthetic
2020-06-01,GEO,18.469,15.339,0.2806,0.0,country_area_weighted_mean,6,synthetic
2020-06-01,ISR,23.276,20.825,0.3254,0.0,country_area_weighted_mean,6,synthetic
2020-06-01,EGY,23.272,21.061,0.268,0.0,country_area_weighted_mean,6,synthetic
2020-06-01,TUN,22.279,19.701,0.2631,0.0,country_area_weighted_mean,6,synthetic
2020-06-01,MAR,18.738,15.739,0.2718,0.0,country_area_weighted_mean,6,synthetic
2020-06-08,FRA,23.495,21.096,0.2938,0.0,country_area_weighted_mean,6,synthetic
2020-06-08,DEU,21.332,18.462,0.2908,0.0,country_area_weighted_mean,6,synthetic
2020-06-08,NLD,18.793,15.478,0.2147,0.0,country_area_weighted_mean,6,synthetic
2020-06-08,BEL,17.334,15.45,0.2926,0.0,country_area_weighted_mean,6,synthetic
2020-06-08,ITA,21.537,19.298,0.3137,0.0,country_area_weighted_mean,6,synthetic
2020-06-08,ESP,20.565,18.621,0.3422,0.0,country_area_weighted_mean,6,synthetic
2020-06-08,POL,20.827,18.082,0.3178,0.0,country_area_weighted_mean,6,synthetic
2020-06-08,HUN,19.009,15.686,0.2527,0.0,country_area_weighted_mean,6,synthetic
2020-06-08,ROU,24.076,20.967,0.2596,0.0,country_area_weighted_mean,6,synthetic
2020-06-08,BGR,20.627,17.929,0.2384,0.0,country_area_weighted_mean,6,synthetic
2020-06-08,SRB,22.477,19.851,0.24,0.0,country_area_weighted_mean,6,synthetic
2020-06-08,UKR,19.652,17.207,0.2898,0.0,country_area_weighted_mean,6,synthetic
2020-06-08,MDA,16.001,15.016,0.2925,0.0,country_area_weighted_mean,6,synthetic
2020-06-08,RUS,15.214,14.14,0.2442,0.0,country_area_weighted_mean,6,synthetic
2020-06-08,TUR,20.505,18.196,0.287,0.0,country_area_weighted_mean,6,synthetic
2020-06-08,GEO,22.08,19.4,0.257,0.0,country_area_weighted_mean,6,synthetic
2020-06-08,ISR,25.132,21.217,0.3535,0.0,country_area_weighted_mean,6,synthetic
2020-06-08,EGY,26.606,21.895,0.2584,0.0,country_area_weighted_mean,6,synthetic
2020-06-08,TUN,24.543,21.334,0.2955,0.0,country_area_weighted_mean,6,synthetic
2020-06-08,MAR,21.991,19.847,0.2521,0.0,country_area_weighted_mean,6,synthetic
2020-06-15,FRA,24.752,22.208,0.255,0.0,country_area_weighted_mean,6,synthetic
2020-06-15,DEU,24.117,20.677,0.2765,0.0,country_area_weighted_mean,6,synthetic
2020-06-15,NLD,18.575,16.183,0.2905,0.0,country_area_weighted_mean,6,synthetic
2020-06-15,BEL,18.062,16.239,0.3084,0.0,country_area_weighted_mean,6,synthetic
2020-06-15,ITA,22.976,19.237,0.2471,0.0,country_area_weighted_mean,6,synthetic
2020-06-15,ESP,20.449,18.193,0.3367,0.0,country_area_weighted_mean,6,synthetic
2020-06-15,POL,21.218,18.939,0.2757,0.0,country_area_weighted_mean,6,synthetic
2020-06-15,HUN,21.019,17.672,0.2633,0.0,country_area_weighted_mean,6,synthetic
2020-06-15,ROU,23.638,20.936,0.305,0.0,country_area_weighted_mean,6,synthetic
2020-06-15,BGR,21.786,18.467,0.2623,0.0,country_area_weighted_mean,6,synthetic
2020-06-15,SRB,22.35,19.461,0.2274,0.0,country_area_weighted_mean,6,synthetic
2020-06-15,UKR,21.558,18.115,0.307,0.0,country_area_weighted_mean,6,synthetic
2020-06-15,MDA,20.629,18.107,0.2668,0.0,country_area_weighted_mean,6,synthetic
2020-06-15,RUS,20.528,18.132,0.2737,0.0,country_area_weighted_mean,6,synthetic
2020-06-15,TUR,21.437,19.428,0.2605,0.0,country_area_weighted_mean,6,synthetic
2020-06-15,GEO,25.796,21.197,0.2661,0.0,country_area_weighted_mean,6,synthetic
2020-06-15,ISR,25.328,21.772,0.3021,0.0,country_area_weighted_mean,6,synthetic
2020-06-15,EGY,25.805,23.118,0.2941,0.0,country_area_weighted_mean,6,synthetic
2020-06-15,TUN,26.368,22.293,0.2563,0.0,country_area_weighted_mean,6,synthetic
2020-06-15,MAR,23.988,19.889,0.2564,0.0,country_area_weighted_mean,6,synthetic
2020-06-22,FRA,25.275,21.786,0.2693,0.0,country_area_weighted_mean,6,synthetic
2020-06-22,DEU,23.277,21.574,0.2546,0.0,country_area_weighted_mean,6,synthetic
2020-06-22,NLD,22.786,19.761,0.288,0.0,country_area_weighted_mean,6,synthetic
2020-06-22,BEL,18.345,16.272,0.2725,0.0,country_area_weighted_mean,6,synthetic
2020-06-22,ITA,23.119,20.695,0.259,0.0,country_area_weighted_mean,6,synthetic
2020-06-22,ESP,24.564,20.532,0.2602,0.0,country_area_weighted_mean,6,synthetic
2020-06-22,POL,22.034,18.72,0.2752,0.0,country_area_weighted_mean,6,synthetic
2020-06-22,HUN,22.916,19.14,0.2823,0.0,country_area_weighted_mean,6,synthetic
2020-06-22,ROU,23.063,19.763,0.2934,0.0,country_area_weighted_mean,6,synthetic
2020-06-22,BGR,22.781,19.662,0.2812,0.0,country_area_weighted_mean,6,synthetic
2020-06-22,SRB,23.12,19.189,0.2232,0.0,country_area_weighted_mean,6,synthetic
2020-06-22,UKR,22.94,19.063,0.3034,0.0,country_area_weighted_mean,6,synthetic
2020-06-22,MDA,21.312,18.946,0.2541,0.0,country_area_weighted_mean,6,synthetic
2020-06-22,RUS,19.829,17.712,0.235,0.0,country_area_weighted_mean,6,synthetic
2020-06-22,TUR,23.682,19.777,0.2516,0.0,country_area_weighted_mean,6,synthetic
2020-06-22,GEO,26.899,23.564,0.2835,0.0,country_area_weighted_mean,6,synthetic
2020-06-22,ISR,24.562,22.023,0.2977,0.0,country_area_weighted_mean,6,synthetic
2020-06-22,EGY,27.967,24.246,0.2737,0.0,country_area_weighted_mean,6,synthetic
2020-06-22,TUN,25.983,21.612,0.2703,0.0,country_area_weighted_mean,6,synthetic
2020-06-22,MAR,26.318,22.798,0.242,0.0,country_area_weighted_mean,6,synthetic
2020-06-29,FRA,26.047,21.68,0.2694,0.0,country_area_weighted_mean,6,synthetic
2020-06-29,DEU,25.689,23.117,0.2475,0.0,country_area_weighted_mean,6,synthetic
2020-06-29,NLD,24.984,21.212,0.2469,0.0,country_area_weighted_mean,6,synthetic
2020-06-29,BEL,21.376,18.727,0.2607,0.0,country_area_weighted_mean,6,synthetic
2020-06-29,ITA,24.565,22.093,0.2911,0.0,country_area_weighted_mean,6,synthetic
2020-06-29,ESP,26.924,23.429,0.2265,0.0,country_area_weighted_mean,6,synthetic
2020-06-29,POL,21.439,19.264,0.2786,0.0,country_area_weighted_mean,6,synthetic
2020-06-29,HUN,23.373,20.992,0.2919,0.0,country_area_weighted_mean,6,synthetic
2020-06-29,ROU,23.564,21.371,0.2626,0.0,country_area_weighted_mean,6,synthetic
2020-06-29,BGR,23.36,20.475,0.2808,0.0,country_area_weighted_mean,6,synthetic
2020-06-29,SRB,26.057,22.425,0.2804,0.0,country_area_weighted_mean,6,synthetic
2020-06-29,UKR,23.193,20.572,0.2841,0.0,country_area_weighted_mean,6,synthetic
2020-06-29,MDA,22.708,18.859,0.3272,0.0,country_area_weighted_mean,6,synthetic
2020-06-29,RUS,20.103,17.916,0.264,0.0,country_area_weighted_mean,6,synthetic
2020-06-29,TUR,25.941,21.982,0.2672,0.0,country_area_weighted_mean,6,synthetic
2020-06-29,GEO,26.736,22.599,0.3136,0.0,country_area_weighted_mean,6,synthetic
2020-06-29,ISR,27.146,24.027,0.2312,0.0,country_area_weighted_mean,6,synthetic
2020-06-29,EGY,28.244,24.615,0.2342,0.0,country_area_weighted_mean,6,synthetic
2020-06-29,TUN,28.65,24.539,0.239,0.0,country_area_weighted_mean,6,synthetic
2020-06-29,MAR,26.306,23.975,0.2143,0.0,country_area_weighted_mean,6,synthetic
2020-07-06,FRA,26.658,23.435,0.2499,0.0,country_area_weighted_mean,6,synthetic
2020-07-06,DEU,28.67,25.217,0.2183,0.0,country_area_weighted_mean,6,synthetic
2020-07-06,NLD,24.359,21.125,0.3046,0.0,country_area_weighted_mean,6,synthetic
2020-07-06,BEL,23.073,20.698,0.2784,0.0,country_area_weighted_mean,6,synthetic
2020-07-06,ITA,22.729,19.195,0.2882,0.0,country_area_weighted_mean,6,synthetic
2020-07-06,ESP,25.424,22.498,0.225,0.0,country_area_weighted_mean,6,synthetic
2020-07-06,POL,21.365,18.484,0.2462,0.0,country_area_weighted_mean,6,synthetic
2020-07-06,HUN,24.756,22.323,0.2639,0.0,country_area_weighted_mean,6,synthetic
2020-07-06,ROU,24.547,21.849,0.2727,0.0,country_area_weighted_mean,6,synthetic
2020-07-06,BGR,24.779,21.669,0.2897,0.0,country_area_weighted_mean,6,synthetic
2020-07-06,SRB,26.033,22.897,0.2833,0.0,country_area_weighted_mean,6,synthetic
2020-07-06,UKR,24.389,20.787,0.2423,0.0,country_area_weighted_mean,6,synthetic
2020-07-06,MDA,24.976,20.801,0.2885,0.0,country_area_weighted_mean,6,synthetic
2020-07-06,RUS,22.036,19.223,0.2604,0.0,country_area_weighted_mean,6,synthetic
2020-07-06,TUR,26.11,22.832,0.2696,0.0,country_area_weighted_mean,6,synthetic
2020-07-06,GEO,25.64,23.184,0.2933,0.0,country_area_weighted_mean,6,synthetic
2020-07-06,ISR,25.309,21.779,0.2094,0.0,country_area_weighted_mean,6,synthetic
2020-07-06,EGY,27.974,23.992,0.2128,0.0,country_area_weighted_mean,6,synthetic
2020-07-06,TUN,29.483,25.816,0.294,0.0,country_area_weighted_mean,6,synthetic
2020-07-06,MAR,29.012,26.5,0.2328,0.0,country_area_weighted_mean,6,synthetic
2020-07-13,FRA,24.716,21.723,0.2646,0.0,country_area_weighted_mean,6,synthetic
2020-07-13,DEU,28.407,24.802,0.2497,0.0,country_area_weighted_mean,6,synthetic
2020-07-13,NLD,24.115,21.461,0.3044,0.0,country_area_weighted_mean,6,synthetic
2020-07-13,BEL,23.845,19.69,0.3035,0.0,country_area_weighted_mean,6,synthetic
2020-07-13,ITA,24.9,22.591,0.2232,0.0,country_area_weighted_mean,6,synthetic
2020-07-13,ESP,27.0,22.544,0.2538,0.0,country_area_weighted_mean,6,synthetic
2020-07-13,POL,22.148,19.093,0.2345,0.0,country_area_weighted_mean,6,synthetic
2020-07-13,HUN,26.481,23.347,0.2789,0.0,country_area_weighted_mean,6,synthetic
2020-07-13,ROU,24.8,21.994,0.2586,0.0,country_area_weighted_mean,6,synthetic
2020-07-13,BGR,27.088,23.783,0.2878,0.0,country_area_weighted_mean,6,synthetic
2020-07-13,SRB,28.033,24.167,0.228,0.0,country_area_weighted_mean,6,synthetic
2020-07-13,UKR,23.782,20.871,0.2137,0.0,country_area_weighted_mean,6,synthetic
2020-07-13,MDA,24.362,21.035,0.2355,0.0,country_area_weighted_mean,6,synthetic
2020-07-13,RUS,25.987,21.842,0.2607,0.0,country_area_weighted_mean,6,synthetic
2020-07-13,TUR,25.982,22.315,0.2995,0.0,country_area_weighted_mean,6,synthetic
2020-07-13,GEO,26.028,22.767,0.3084,0.0,country_area_weighted_mean,6,synthetic
2020-07-13,ISR,25.197,22.483,0.2935,0.0,country_area_weighted_mean,6,synthetic
2020-07-13,EGY,26.832,24.221,0.2108,0.0,country_area_weighted_mean,6,synthetic
2020-07-13,TUN,30.456,26.952,0.3005,0.0,country_area_weighted_mean,6,synthetic
2020-07-13,MAR,26.755,23.377,0.2354,0.0,country_area_weighted_mean,6,synthetic
2020-07-20,FRA,27.774,24.028,0.275,0.0,country_area_weighted_mean,6,synthetic
2020-07-20,DEU,28.194,25.135,0.2174,0.0,country_area_weighted_mean,6,synthetic
2020-07-20,NLD,24.624,22.841,0.2566,0.0,country_area_weighted_mean,6,synthetic
2020-07-20,BEL,24.094,20.432,0.3202,0.0,country_area_weighted_mean,6,synthetic
2020-07-20,ITA,25.638,23.199,0.2375,0.0,country_area_weighted_mean,6,synthetic
2020-07-20,ESP,25.95,22.733,0.1941,0.0,country_area_weighted_mean,6,synthetic
2020-07-20,POL,23.819,21.729,0.2304,0.0,country_area_weighted_mean,6,synthetic
2020-07-20,HUN,25.293,22.386,0.2373,0.0,country_area_weighted_mean,6,synthetic
2020-07-20,ROU,25.285,21.641,0.2556,0.0,country_area_weighted_mean,6,synthetic
2020-07-20,BGR,31.334,25.786,0.2978,0.0,country_area_weighted_mean,6,synthetic
2020-07-20,SRB,29.628,24.987,0.2664,0.0,country_area_weighted_mean,6,synthetic
2020-07-20,UKR,24.581,21.995,0.2298,0.0,country_area_weighted_mean,6,synthetic
2020-07-20,MDA,23.31,21.287,0.2868,0.0,country_area_weighted_mean,6,synthetic
2020-07-20,RUS,23.746,21.943,0.2256,0.0,country_area_weighted_mean,6,synthetic
2020-07-20,TUR,24.425,21.17,0.2948,0.0,country_area_weighted_mean,6,synthetic
2020-07-20,GEO,24.757,22.32,0.2087,0.0,country_area_weighted_mean,6,synthetic
2020-07-20,ISR,25.301,22.368,0.2626,0.0,country_area_weighted_mean,6,synthetic
2020-07-20,EGY,27.147,23.439,0.1837,0.0,country_area_weighted_mean,6,synthetic
2020-07-20,TUN,28.988,25.024,0.2756,0.0,country_area_weighted_mean,6,synthetic
2020-07-20,MAR,28.24,23.756,0.2532,0.0,country_area_weighted_mean,6,synthetic
2020-07-27,FRA,28.471,25.201,0.227,0.0,country_area_weighted_mean,6,synthetic
2020-07-27,DEU,26.57,23.06,0.2326,0.0,country_area_weighted_mean,6,synthetic
2020-07-27,NLD,22.058,19.885,0.2792,0.0,country_area_weighted_mean,6,synthetic
2020-07-27,BEL,21.931,19.781,0.2744,0.0,country_area_weighted_mean,6,synthetic
2020-07-27,ITA,26.637,22.38,0.2508,0.0,country_area_weighted_mean,6,synthetic
2020-07-27,ESP,24.488,22.261,0.2353,0.0,country_area_weighted_mean,6,synthetic
2020-07-27,POL,25.785,22.548,0.2448,0.0,country_area_weighted_mean,6,synthetic
2020-07-27,HUN,26.825,22.803,0.3061,0.0,country_area_weighted_mean,6,synthetic
2020-07-27,ROU,25.29,22.125,0.2434,0.0,country_area_weighted_mean,6,synthetic
2020-07-27,BGR,30.794,26.62,0.2556,0.0,country_area_weighted_mean,6,synthetic
2020-07-27,SRB,29.103,25.143,0.2633,0.0,country_area_weighted_mean,6,synthetic
2020-07-27,UKR,25.01,20.832,0.2419,0.0,country_area_weighted_mean,6,synthetic
2020-07-27,MDA,26.4,23.621,0.2728,0.0,country_area_weighted_mean,6,synthetic
2020-07-27,RUS,26.314,23.028,0.2141,0.0,country_area_weighted_mean,6,synthetic
2020-07-27,TUR,24.509,21.486,0.2449,0.0,country_area_weighted_mean,6,synthetic
2020-07-27,GEO,25.845,22.251,0.2773,0.0,country_area_weighted_mean,6,synthetic
2020-07-27,ISR,25.827,23.328,0.2091,0.0,country_area_weighted_mean,6,synthetic
2020-07-27,EGY,27.498,23.75,0.2148,0.0,country_area_weighted_mean,6,synthetic
2020-07-27,TUN,30.715,27.417,0.2496,0.0,country_area_weighted_mean,6,synthetic
2020-07-27,MAR,28.525,24.978,0.228,0.0,country_area_weighted_mean,6,synthetic
2020-08-03,FRA,28.153,23.854,0.2432,0.0,country_area_weighted_mean,6,synthetic
2020-08-03,DEU,26.257,23.043,0.2274,0.0,country_area_weighted_mean,6,synthetic
2020-08-03,NLD,22.783,19.148,0.2563,0.0,country_area_weighted_mean,6,synthetic
2020-08-03,BEL,23.194,20.044,0.3014,0.0,country_area_weighted_mean,6,synthetic
2020-08-03,ITA,25.57,23.087,0.2456,0.0,country_area_weighted_mean,6,synthetic
2020-08-03,ESP,24.865,21.565,0.2288,0.0,country_area_weighted_mean,6,synthetic
2020-08-03,POL,28.623,25.379,0.2456,0.0,country_area_weighted_mean,6,synthetic
2020-08-03,HUN,24.708,22.11,0.2487,0.0,country_area_weighted_mean,6,synthetic
2020-08-03,ROU,26.82,23.048,0.2292,0.0,country_area_weighted_mean,6,synthetic
2020-08-03,BGR,29.26,26.567,0.2543,0.0,country_area_weighted_mean,6,synthetic
2020-08-03,SRB,29.11,25.143,0.2264,0.0,country_area_weighted_mean,6,synthetic
2020-08-03,UKR,24.865,22.71,0.2312,0.0,country_area_weighted_mean,6,synthetic
2020-08-03,MDA,25.106,21.856,0.2907,0.0,country_area_weighted_mean,6,synthetic
2020-08-03,RUS,25.903,21.672,0.206,0.0,country_area_weighted_mean,6,synthetic
2020-08-03,TUR,26.306,23.753,0.2468,0.0,country_area_weighted_mean,6,synthetic
2020-08-03,GEO,26.549,24.224,0.2346,0.0,country_area_weighted_mean,6,synthetic
2020-08-03,ISR,25.957,22.073,0.2372,0.0,country_area_weighted_mean,6,synthetic
2020-08-03,EGY,27.776,22.653,0.2654,0.0,country_area_weighted_mean,6,synthetic
2020-08-03,TUN,28.126,25.471,0.2536,0.0,country_area_weighted_mean,6,synthetic
2020-08-03,MAR,29.225,25.945,0.2654,0.0,country_area_weighted_mean,6,synthetic
2020-08-10,FRA,26.869,23.515,0.2546,0.0,country_area_weighted_mean,6,synthetic
2020-08-10,DEU,24.581,21.482,0.2044,0.0,country_area_weighted_mean,6,synthetic
2020-08-10,NLD,21.419,17.086,0.2437,0.0,country_area_weighted_mean,6,synthetic
2020-08-10,BEL,22.57,19.314,0.295,0.0,country_area_weighted_mean,6,synthetic
2020-08-10,ITA,24.865,21.531,0.2769,0.0,country_area_weighted_mean,6,synthetic
2020-08-10,ESP,24.594,21.142,0.2755,0.0,country_area_weighted_mean,6,synthetic
2020-08-10,POL,27.807,24.154,0.2142,0.0,country_area_weighted_mean,6,synthetic
2020-08-10,HUN,25.618,22.651,0.2395,0.0,country_area_weighted_mean,6,synthetic
2020-08-10,ROU,24.508,21.396,0.2425,0.0,country_area_weighted_mean,6,synthetic
2020-08-10,BGR,26.792,23.62,0.234,0.0,country_area_weighted_mean,6,synthetic
2020-08-10,SRB,27.388,24.387,0.2282,0.0,country_area_weighted_mean,6,synthetic
2020-08-10,UKR,26.638,23.108,0.2406,0.0,country_area_weighted_mean,6,synthetic
2020-08-10,MDA,24.614,21.981,0.2886,0.0,country_area_weighted_mean,6,synthetic
2020-08-10,RUS,27.27,24.386,0.2716,0.0,country_area_weighted_mean,6,synthetic
2020-08-10,TUR,26.848,23.734,0.2232,0.0,country_area_weighted_mean,6,synthetic
2020-08-10,GEO,28.382,25.024,0.2351,0.0,country_area_weighted_mean,6,synthetic
2020-08-10,ISR,26.459,23.038,0.2195,0.0,country_area_weighted_mean,6,synthetic
2020-08-10,EGY,25.619,22.795,0.2443,0.0,country_area_weighted_mean,6,synthetic
2020-08-10,TUN,27.963,24.811,0.2579,0.0,country_area_weighted_mean,6,synthetic
2020-08-10,MAR,27.131,23.314,0.2273,0.0,country_area_weighted_mean,6,synthetic
2020-08-17,FRA,27.197,24.166,0.2891,0.0,country_area_weighted_mean,6,synthetic
2020-08-17,DEU,23.74,20.385,0.2169,0.0,country_area_weighted_mean,6,synthetic
2020-08-17,NLD,22.732,19.939,0.2432,0.0,country_area_weighted_mean,6,synthetic
2020-08-17,BEL,22.971,20.46,0.3575,0.0,country_area_weighted_mean,6,synthetic
2020-08-17,ITA,23.868,20.662,0.2823,0.0,country_area_weighted_mean,6,synthetic
2020-08-17,ESP,25.708,22.327,0.2777,0.0,country_area_weighted_mean,6,synthetic
2020-08-17,POL,27.542,23.187,0.2257,0.0,country_area_weighted_mean,6,synthetic
2020-08-17,HUN,23.62,20.83,0.2518,0.0,country_area_weighted_mean,6,synthetic
2020-08-17,ROU,25.073,22.771,0.2182,0.0,country_area_weighted_mean,6,synthetic
2020-08-17,BGR,23.672,20.009,0.224,0.0,country_area_weighted_mean,6,synthetic
2020-08-17,SRB,28.928,24.508,0.2386,0.0,country_area_weighted_mean,6,synthetic
2020-08-17,UKR,25.221,22.757,0.2678,0.0,country_area_weighted_mean,6,synthetic
2020-08-17,MDA,24.763,21.733,0.3259,0.0,country_area_weighted_mean,6,synthetic
2020-08-17,RUS,25.243,21.721,0.2415,0.0,country_area_weighted_mean,6,synthetic
2020-08-17,TUR,27.492,24.263,0.223,0.0,country_area_weighted_mean,6,synthetic
2020-08-17,GEO,27.801,23.411,0.2466,0.0,country_area_weighted_mean,6,synthetic
2020-08-17,ISR,27.476,24.238,0.2336,0.0,country_area_weighted_mean,6,synthetic
2020-08-17,EGY,25.911,21.763,0.2386,0.0,country_area_weighted_mean,6,synthetic
2020-08-17,TUN,26.526,23.394,0.2423,0.0,country_area_weighted_mean,6,synthetic
2020-08-17,MAR,26.718,24.207,0.1966,0.0,country_area_weighted_mean,6,synthetic
2020-08-24,FRA,28.145,25.208,0.2715,0.0,country_area_weighted_mean,6,synthetic
2020-08-24,DEU,22.542,20.291,0.2323,0.0,country_area_weighted_mean,6,synthetic
2020-08-24,NLD,24.239,20.362,0.2498,0.0,country_area_weighted_mean,6,synthetic
2020-08-24,BEL,22.429,19.106,0.2738,0.0,country_area_weighted_mean,6,synthetic
2020-08-24,ITA,25.249,22.533,0.2836,0.0,country_area_weighted_mean,6,synthetic
2020-08-24,ESP,24.96,21.138,0.2827,0.0,country_area_weighted_mean,6,synthetic
2020-08-24,POL,26.459,22.68,0.2399,0.0,country_area_weighted_mean,6,synthetic
2020-08-24,HUN,24.292,21.673,0.2338,0.0,country_area_weighted_mean,6,synthetic
2020-08-24,ROU,23.142,21.175,0.2263,0.0,country_area_weighted_mean,6,synthetic
2020-08-24,BGR,22.354,19.489,0.2552,0.0,country_area_weighted_mean,6,synthetic
2020-08-24,SRB,27.555,23.373,0.2517,0.0,country_area_weighted_mean,6,synthetic
2020-08-24,UKR,23.957,20.182,0.2414,0.0,country_area_weighted_mean,6,synthetic
2020-08-24,MDA,23.312,20.036,0.2399,0.0,country_area_weighted_mean,6,synthetic
2020-08-24,RUS,25.806,21.912,0.2674,0.0,country_area_weighted_mean,6,synthetic
2020-08-24,TUR,26.305,23.35,0.2574,0.0,country_area_weighted_mean,6,synthetic
2020-08-24,GEO,26.64,23.578,0.2693,0.0,country_area_weighted_mean,6,synthetic
2020-08-24,ISR,23.856,21.48,0.2358,0.0,country_area_weighted_mean,6,synthetic
2020-08-24,EGY,25.997,23.556,0.2324,0.0,country_area_weighted_mean,6,synthetic
2020-08-24,TUN,27.453,23.889,0.2642,0.0,country_area_weighted_mean,6,synthetic
2020-08-24,MAR,26.733,23.278,0.2841,0.0,country_area_weighted_mean,6,synthetic
2020-08-31,FRA,28.273,24.839,0.2475,0.0,country_area_weighted_mean,6,synthetic
2020-08-31,DEU,20.491,18.443,0.222,0.0,country_area_weighted_mean,6,synthetic
2020-08-31,NLD,22.596,19.8,0.2318,0.0,country_area_weighted_mean,6,synthetic
2020-08-31,BEL,20.724,18.258,0.2961,0.0,country_area_weighted_mean,6,synthetic
2020-08-31,ITA,21.457,19.474,0.2283,0.0,country_area_weighted_mean,6,synthetic
2020-08-31,ESP,23.229,20.733,0.2165,0.0,country_area_weighted_mean,6,synthetic
2020-08-31,POL,23.135,20.047,0.2578,0.0,country_area_weighted_mean,6,synthetic
2020-08-31,HUN,24.029,21.208,0.2469,0.0,country_area_weighted_mean,6,synthetic
2020-08-31,ROU,23.57,20.283,0.2453,0.0,country_area_weighted_mean,6,synthetic
2020-08-31,BGR,21.358,19.158,0.244,0.0,country_area_weighted_mean,6,synthetic
2020-08-31,SRB,23.902,20.612,0.251,0.0,country_area_weighted_mean,6,synthetic
2020-08-31,UKR,25.799,22.681,0.2845,0.0,country_area_weighted_mean,6,synthetic
2020-08-31,MDA,22.749,19.862,0.2525,0.0,country_area_weighted_mean,6,synthetic
2020-08-31,RUS,23.82,20.534,0.2353,0.0,country_area_weighted_mean,6,synthetic
2020-08-31,TUR,25.954,22.344,0.2412,0.0,country_area_weighted_mean,6,synthetic
2020-08-31,GEO,24.685,20.93,0.2155,0.0,country_area_weighted_mean,6,synthetic
2020-08-31,ISR,23.802,20.575,0.1892,0.0,country_area_weighted_mean,6,synthetic
2020-08-31,EGY,25.036,21.255,0.2265,0.0,country_area_weighted_mean,6,synthetic
2020-08-31,TUN,27.422,23.517,0.1978,0.0,country_area_weighted_mean,6,synthetic
2020-08-31,MAR,25.12,22.33,0.265,0.0,country_area_weighted_mean,6,synthetic
2020-09-07,FRA,26.67,23.337,0.2489,0.0,country_area_weighted_mean,6,synthetic
2020-09-07,DEU,21.483,18.554,0.2481,0.0,country_area_weighted_mean,6,synthetic
2020-09-07,NLD,21.867,19.464,0.2968,0.0,country_area_weighted_mean,6,synthetic
2020-09-07,BEL,20.672,17.422,0.315,0.0,country_area_weighted_mean,6,synthetic
2020-09-07,ITA,22.104,20.294,0.2619,0.0,country_area_weighted_mean,6,synthetic
2020-09-07,ESP,23.469,20.027,0.2509,0.0,country_area_weighted_mean,6,synthetic
2020-09-07,POL,21.961,18.797,0.2507,0.0,country_area_weighted_mean,6,synthetic
2020-09-07,HUN,21.511,19.638,0.2489,0.0,country_area_weighted_mean,6,synthetic
2020-09-07,ROU,24.207,20.81,0.2486,0.0,country_area_weighted_mean,6,synthetic
2020-09-07,BGR,20.975,17.917,0.2454,0.0,country_area_weighted_mean,6,synthetic
2020-09-07,SRB,17.894,16.257,0.2582,0.0,country_area_weighted_mean,6,synthetic
2020-09-07,UKR,22.645,19.332,0.255,0.0,country_area_weighted_mean,6,synthetic
2020-09-07,MDA,21.412,19.205,0.2196,0.0,country_area_weighted_mean,6,synthetic
2020-09-07,RUS,21.768,19.039,0.2362,0.0,country_area_weighted_mean,6,synthetic
2020-09-07,TUR,25.134,22.802,0.24,0.0,country_area_weighted_mean,6,synthetic
2020-09-07,GEO,23.447,20.463,0.1903,0.0,country_area_weighted_mean,6,synthetic
2020-09-07,ISR,24.53,21.246,0.2231,0.0,country_area_weighted_mean,6,synthetic
2020-09-07,EGY,23.971,21.565,0.217,0.0,country_area_weighted_mean,6,synthetic
2020-09-07,TUN,25.905,22.758,0.2111,0.0,country_area_weighted_mean,6,synthetic
2020-09-07,MAR,24.869,21.757,0.2275,0.0,country_area_weighted_mean,6,synthetic
2020-09-14,FRA,23.96,21.407,0.211,0.0,country_area_weighted_mean,6,synthetic
2020-09-14,DEU,19.789,16.903,0.2539,0.0,country_area_weighted_mean,6,synthetic
2020-09-14,NLD,19.157,16.982,0.2622,0.0,country_area_weighted_mean,6,synthetic
2020-09-14,BEL,19.118,16.934,0.2541,0.0,country_area_weighted_mean,6,synthetic
2020-09-14,ITA,19.727,16.951,0.2525,0.0,country_area_weighted_mean,6,synthetic
2020-09-14,ESP,22.189,18.13,0.2334,0.0,country_area_weighted_mean,6,synthetic
2020-09-14,POL,21.868,18.391,0.2469,0.0,country_area_weighted_mean,6,synthetic
2020-09-14,HUN,19.753,18.672,0.2615,0.0,country_area_weighted_mean,6,synthetic
2020-09-14,ROU,21.905,17.661,0.2958,0.0,country_area_weighted_mean,6,synthetic
2020-09-14,BGR,19.669,17.354,0.2437,0.0,country_area_weighted_mean,6,synthetic
2020-09-14,SRB,18.788,16.656,0.2411,0.0,country_area_weighted_mean,6,synthetic
2020-09-14,UKR,19.319,16.851,0.2446,0.0,country_area_weighted_mean,6,synthetic
2020-09-14,MDA,20.678,17.441,0.2292,0.0,country_area_weighted_mean,6,synthetic
2020-09-14,RUS,21.406,19.545,0.3164,0.0,country_area_weighted_mean,6,synthetic
2020-09-14,TUR,24.088,20.791,0.2025,0.0,country_area_weighted_mean,6,synthetic
2020-09-14,GEO,21.409,19.108,0.2315,0.0,country_area_weighted_mean,6,synthetic
2020-09-14,ISR,24.506,21.134,0.2286,0.0,country_area_weighted_mean,6,synthetic
2020-09-14,EGY,23.822,21.708,0.232,0.0,country_area_weighted_mean,6,synthetic
2020-09-14,TUN,25.058,21.953,0.297,0.0,country_area_weighted_mean,6,synthetic
2020-09-14,MAR,23.837,20.611,0.2546,0.0,country_area_weighted_mean,6,synthetic
2020-09-21,FRA,20.568,18.636,0.2579,0.0,country_area_weighted_mean,6,synthetic
2020-09-21,DEU,18.589,16.157,0.2099,0.0,country_area_weighted_mean,6,synthetic
2020-09-21,NLD,18.83,17.424,0.2883,0.0,country_area_weighted_mean,6,synthetic
2020-09-21,BEL,18.397,15.588,0.2506,0.0,country_area_weighted_mean,6,synthetic
2020-09-21,ITA,18.761,15.662,0.2296,0.0,country_area_weighted_mean,6,synthetic
2020-09-21,ESP,18.0,16.008,0.2637,0.0,country_area_weighted_mean,6,synthetic
2020-09-21,POL,17.957,15.549,0.2373,0.0,country_area_weighted_mean,6,synthetic
2020-09-21,HUN,20.057,17.619,0.2565,0.0,country_area_weighted_mean,6,synthetic
2020-09-21,ROU,18.499,17.019,0.2703,0.0,country_area_weighted_mean,6,synthetic
2020-09-21,BGR,18.587,16.356,0.2799,0.0,country_area_weighted_mean,6,synthetic
2020-09-21,SRB,16.925,14.195,0.2535,0.0,country_area_weighted_mean,6,synthetic
2020-09-21,UKR,17.272,17.051,0.2919,0.0,country_area_weighted_mean,6,synthetic
2020-09-21,MDA,20.318,17.442,0.2395,0.0,country_area_weighted_mean,6,synthetic
2020-09-21,RUS,19.0,16.926,0.3063,0.0,country_area_weighted_mean,6,synthetic
2020-09-21,TUR,20.09,18.963,0.2656,0.0,country_area_weighted_mean,6,synthetic
2020-09-21,GEO,20.658,18.094,0.2426,0.0,country_area_weighted_mean,6,synthetic
2020-09-21,ISR,23.734,20.274,0.204,0.0,country_area_weighted_mean,6,synthetic
2020-09-21,EGY,22.875,19.914,0.2183,0.0,country_area_weighted_mean,6,synthetic
2020-09-21,TUN,24.889,21.837,0.2587,0.0,country_area_weighted_mean,6,synthetic
2020-09-21,MAR,22.227,19.125,0.2155,0.0,country_area_weighted_mean,6,synthetic
2020-09-28,FRA,19.569,17.824,0.2644,0.0,country_area_weighted_mean,6,synthetic
2020-09-28,DEU,16.868,14.356,0.217,0.0,country_area_weighted_mean,6,synthetic
2020-09-28,NLD,17.798,15.364,0.2259,0.0,country_area_weighted_mean,6,synthetic
2020-09-28,BEL,18.566,17.414,0.2578,0.0,country_area_weighted_mean,6,synthetic
2020-09-28,ITA,18.915,16.599,0.2153,0.0,country_area_weighted_mean,6,synthetic
2020-09-28,ESP,18.223,15.469,0.3038,0.0,country_area_weighted_mean,6,synthetic
2020-09-28,POL,15.697,13.679,0.2274,0.0,country_area_weighted_mean,6,synthetic
2020-09-28,HUN,18.449,16.191,0.2491,0.0,country_area_weighted_mean,6,synthetic
2020-09-28,ROU,17.67,15.028,0.2148,0.0,country_area_weighted_mean,6,synthetic
2020-09-28,BGR,17.818,15.082,0.2465,0.0,country_area_weighted_mean,6,synthetic
2020-09-28,SRB,17.498,16.004,0.2772,0.0,country_area_weighted_mean,6,synthetic
2020-09-28,UKR,17.04,15.273,0.3034,0.0,country_area_weighted_mean,6,synthetic
2020-09-28,MDA,18.977,16.384,0.2786,0.0,country_area_weighted_mean,6,synthetic
2020-09-28,RUS,15.119,14.082,0.2508,0.0,country_area_weighted_mean,6,synthetic
2020-09-28,TUR,18.383,16.644,0.25,0.0,country_area_weighted_mean,6,synthetic
2020-09-28,GEO,19.455,16.403,0.2468,0.0,country_area_weighted_mean,6,synthetic
2020-09-28,ISR,20.737,17.995,0.2176,0.0,country_area_weighted_mean,6,synthetic
2020-09-28,EGY,23.982,20.668,0.2515,0.0,country_area_weighted_mean,6,synthetic
2020-09-28,TUN,21.185,18.319,0.2741,0.0,country_area_weighted_mean,6,synthetic
2020-09-28,MAR,23.008,19.487,0.2523,0.0,country_area_weighted_mean,6,synthetic
2020-10-05,FRA,19.944,17.188,0.3053,0.0,country_area_weighted_mean,6,synthetic
2020-10-05,DEU,16.206,14.659,0.2367,0.0,country_area_weighted_mean,6,synthetic
2020-10-05,NLD,17.311,15.632,0.2354,0.0,country_area_weighted_mean,6,synthetic
2020-10-05,BEL,16.492,15.104,0.2544,0.0,country_area_weighted_mean,6,synthetic
2020-10-05,ITA,17.279,16.251,0.2229,0.0,country_area_weighted_mean,6,synthetic
2020-10-05,ESP,14.723,13.315,0.3075,0.0,country_area_weighted_mean,6,synthetic
2020-10-05,POL,13.832,11.918,0.2587,0.0,country_area_weighted_mean,6,synthetic
2020-10-05,HUN,16.415,13.141,0.2546,0.0,country_area_weighted_mean,6,synthetic
2020-10-05,ROU,15.4,13.897,0.2296,0.0,country_area_weighted_mean,6,synthetic
2020-10-05,BGR,17.497,15.35,0.2437,0.0,country_area_weighted_mean,6,synthetic
2020-10-05,SRB,16.2,14.581,0.2657,0.0,country_area_weighted_mean,6,synthetic
2020-10-05,UKR,16.03,14.537,0.2893,0.0,country_area_weighted_mean,6,synthetic
2020-10-05,MDA,16.315,15.175,0.2629,0.0,country_area_weighted_mean,6,synthetic
2020-10-05,RUS,13.704,11.922,0.3112,0.0,country_area_weighted_mean,6,synthetic
2020-10-05,TUR,19.545,17.169,0.2522,0.0,country_area_weighted_mean,6,synthetic
2020-10-05,GEO,17.641,15.177,0.2244,0.0,country_area_weighted_mean,6,synthetic
2020-10-05,ISR,20.628,17.646,0.2459,0.0,country_area_weighted_mean,6,synthetic
2020-10-05,EGY,21.16,18.852,0.2377,0.0,country_area_weighted_mean,6,synthetic
2020-10-05,TUN,19.73,16.987,0.2488,0.0,country_area_weighted_mean,6,synthetic
2020-10-05,MAR,21.626,20.159,0.2516,0.0,country_area_weighted_mean,6,synthetic
2020-10-12,FRA,17.697,16.12,0.2941,0.0,country_area_weighted_mean,6,synthetic
2020-10-12,DEU,15.209,13.993,0.2548,0.0,country_area_weighted_mean,6,synthetic
2020-10-12,NLD,13.676,11.897,0.2878,0.0,country_area_weighted_mean,6,synthetic
2020-10-12,BEL,12.875,11.187,0.2798,0.0,country_area_weighted_mean,6,synthetic
2020-10-12,ITA,14.599,13.954,0.2187,0.0,country_area_weighted_mean,6,synthetic
2020-10-12,ESP,13.543,12.32,0.292,0.0,country_area_weighted_mean,6,synthetic
2020-10-12,POL,11.552,9.932,0.2371,0.0,country_area_weighted_mean,6,synthetic
2020-10-12,HUN,14.472,12.628,0.2751,0.0,country_area_weighted_mean,6,synthetic
2020-10-12,ROU,15.381,13.241,0.2592,0.0,country_area_weighted_mean,6,synthetic
2020-10-12,BGR,16.318,13.94,0.2409,0.0,country_area_weighted_mean,6,synthetic
2020-10-12,SRB,13.596,12.617,0.2345,0.0,country_area_weighted_mean,6,synthetic
2020-10-12,UKR,13.916,11.916,0.2537,0.0,country_area_weighted_mean,6,synthetic
2020-10-12,MDA,14.178,12.702,0.2316,0.0,country_area_weighted_mean,6,synthetic
2020-10-12,RUS,12.594,11.941,0.2822,0.0,country_area_weighted_mean,6,synthetic
2020-10-12,TUR,19.815,17.813,0.243,0.0,country_area_weighted_mean,6,synthetic
2020-10-12,GEO,15.226,13.854,0.2696,0.0,country_area_weighted_mean,6,synthetic
2020-10-12,ISR,19.921,16.651,0.2592,0.0,country_area_weighted_mean,6,synthetic
2020-10-12,EGY,21.4,18.319,0.2406,0.0,country_area_weighted_mean,6,synthetic
2020-10-12,TUN,16.575,14.963,0.2285,0.0,country_area_weighted_mean,6,synthetic
2020-10-12,MAR,19.675,17.558,0.2643,0.0,country_area_weighted_mean,6,synthetic
2020-10-19,FRA,14.415,13.488,0.2786,0.0,country_area_weighted_mean,6,synthetic
2020-10-19,DEU,12.668,11.336,0.2483,0.0,country_area_weighted_mean,6,synthetic
2020-10-19,NLD,9.761,9.576,0.2637,0.0,country_area_weighted_mean,6,synthetic
2020-10-19,BEL,10.746,9.005,0.2833,0.0,country_area_weighted_mean,6,synthetic
2020-10-19,ITA,12.106,11.52,0.255,0.0,country_area_weighted_mean,6,synthetic
2020-10-19,ESP,12.499,9.675,0.2838,0.0,country_area_weighted_mean,6,synthetic
2020-10-19,POL,8.248,7.627,0.2653,0.0,country_area_weighted_mean,6,synthetic
2020-10-19,HUN,12.717,11.3,0.2956,0.0,country_area_weighted_mean,6,synthetic
2020-10-19,ROU,12.254,10.997,0.2375,0.0,country_area_weighted_mean,6,synthetic
2020-10-19,BGR,13.693,12.602,0.2606,0.0,country_area_weighted_mean,6,synthetic
2020-10-19,SRB,12.552,10.922,0.284,0.0,country_area_weighted_mean,6,synthetic
2020-10-19,UKR,11.139,11.271,0.2487,0.0,country_area_weighted_mean,6,synthetic
2020-10-19,MDA,14.369,12.044,0.3352,0.0,country_area_weighted_mean,6,synthetic
2020-10-19,RUS,9.723,7.999,0.3371,0.0,country_area_weighted_mean,6,synthetic
2020-10-19,TUR,18.482,17.211,0.2548,0.0,country_area_weighted_mean,6,synthetic
2020-10-19,GEO,12.951,12.495,0.3045,0.0,country_area_weighted_mean,6,synthetic
2020-10-19,ISR,20.256,16.518,0.2609,0.0,country_area_weighted_mean,6,synthetic
2020-10-19,EGY,18.252,15.695,0.265,0.0,country_area_weighted_mean,6,synthetic
2020-10-19,TUN,16.035,14.814,0.2142,0.0,country_area_weighted_mean,6,synthetic
2020-10-19,MAR,15.211,13.335,0.2649,0.0,country_area_weighted_mean,6,synthetic
2020-10-26,FRA,10.0,9.225,0.2802,0.0,country_area_weighted_mean,6,synthetic
2020-10-26,DEU,9.412,7.624,0.2811,0.0,country_area_weighted_mean,6,synthetic
2020-10-26,NLD,6.934,6.188,0.2626,0.0,country_area_weighted_mean,6,synthetic
2020-10-26,BEL,10.296,9.027,0.2535,0.0,country_area_weighted_mean,6,synthetic
2020-10-26,ITA,13.273,11.055,0.3575,0.0,country_area_weighted_mean,6,synthetic
2020-10-26,ESP,13.179,10.982,0.2973,0.0,country_area_weighted_mean,6,synthetic
2020-10-26,POL,6.817,6.729,0.2292,0.0,country_area_weighted_mean,6,synthetic
2020-10-26,HUN,12.302,12.066,0.2759,0.0,country_area_weighted_mean,6,synthetic
2020-10-26,ROU,9.736,9.177,0.2497,0.0,country_area_weighted_mean,6,synthetic
2020-10-26,BGR,10.649,10.175,0.2384,0.0,country_area_weighted_mean,6,synthetic
2020-10-26,SRB,9.009,8.653,0.2748,0.0,country_area_weighted_mean,6,synthetic
2020-10-26,UKR,10.34,9.399,0.277,0.0,country_area_weighted_mean,6,synthetic
2020-10-26,MDA,10.691,9.719,0.2799,0.0,country_area_weighted_mean,6,synthetic
2020-10-26,RUS,7.512,7.247,0.2978,0.0,country_area_weighted_mean,6,synthetic
2020-10-26,TUR,18.064,16.19,0.2514,0.0,country_area_weighted_mean,6,synthetic
2020-10-26,GEO,12.426,11.435,0.2791,0.0,country_area_weighted_mean,6,synthetic
2020-10-26,ISR,18.287,15.423,0.2682,0.0,country_area_weighted_mean,6,synthetic
2020-10-26,EGY,18.925,17.154,0.2735,0.0,country_area_weighted_mean,6,synthetic
2020-10-26,TUN,14.497,12.418,0.2968,0.0,country_area_weighted_mean,6,synthetic
2020-10-26,MAR,15.6,14.294,0.2378,0.0,country_area_weighted_mean,6,synthetic
2020-11-02,FRA,7.863,7.153,0.2594,0.0,country_area_weighted_mean,6,synthetic
2020-11-02,DEU,5.656,6.356,0.2701,0.0,country_area_weighted_mean,6,synthetic
2020-11-02,NLD,4.768,5.134,0.2188,0.0,country_area_weighted_mean,6,synthetic
2020-11-02,BEL,7.325,6.462,0.2981,0.0,country_area_weighted_mean,6,synthetic
2020-11-02,ITA,10.357,9.856,0.2937,0.0,country_area_weighted_mean,6,synthetic
2020-11-02,ESP,11.781,9.623,0.3094,0.0,country_area_weighted_mean,6,synthetic
2020-11-02,POL,5.004,5.666,0.2726,0.0,country_area_weighted_mean,6,synthetic
2020-11-02,HUN,12.335,11.011,0.264,0.0,country_area_weighted_mean,6,synthetic
2020-11-02,ROU,9.179,8.715,0.2884,0.0,country_area_weighted_mean,6,synthetic
2020-11-02,BGR,10.726,10.065,0.2819,0.0,country_area_weighted_mean,6,synthetic
2020-11-02,SRB,6.195,5.031,0.2422,0.0,country_area_weighted_mean,6,synthetic
2020-11-02,UKR,7.45,7.597,0.3148,0.0,country_area_weighted_mean,6,synthetic
2020-11-02,MDA,9.963,9.635,0.2511,0.0,country_area_weighted_mean,6,synthetic
2020-11-02,RUS,5.407,4.909,0.3085,0.0,country_area_weighted_mean,6,synthetic
2020-11-02,TUR,15.678,13.09,0.2936,0.0,country_area_weighted_mean,6,synthetic
2020-11-02,GEO,9.344,7.961,0.3062,0.0,country_area_weighted_mean,6,synthetic
2020-11-02,ISR,16.598,14.705,0.3419,0.0,country_area_weighted_mean,6,synthetic
2020-11-02,EGY,15.674,14.57,0.2662,0.0,country_area_weighted_mean,6,synthetic
2020-11-02,TUN,14.999,12.717,0.2612,0.0,country_area_weighted_mean,6,synthetic
2020-11-02,MAR,13.908,11.985,0.2622,0.0,country_area_weighted_mean,6,synthetic
2020-11-09,FRA,5.674,5.21,0.2688,0.0,country_area_weighted_mean,6,synthetic
2020-11-09,DEU,4.038,2.773,0.2223,0.0,country_area_weighted_mean,6,synthetic
2020-11-09,NLD,5.24,5.053,0.2622,0.0,country_area_weighted_mean,6,synthetic
2020-11-09,BEL,4.6,4.77,0.2666,0.0,country_area_weighted_mean,6,synthetic
2020-11-09,ITA,8.074,7.385,0.2427,0.0,country_area_weighted_mean,6,synthetic
2020-11-09,ESP,11.434,11.439,0.3033,0.0,country_area_weighted_mean,6,synthetic
2020-11-09,POL,2.948,3.239,0.3058,0.0041,country_area_weighted_mean,6,synthetic
2020-11-09,HUN,10.248,9.252,0.2864,0.0,country_area_weighted_mean,6,synthetic
2020-11-09,ROU,12.474,10.062,0.2564,0.0,country_area_weighted_mean,6,synthetic
2020-11-09,BGR,10.367,9.686,0.2605,0.0,country_area_weighted_mean,6,synthetic
2020-11-09,SRB,4.427,4.591,0.2922,0.0,country_area_weighted_mean,6,synthetic
2020-11-09,UKR,7.636,6.528,0.261,0.0,country_area_weighted_mean,6,synthetic
2020-11-09,MDA,7.014,6.567,0.2607,0.0,country_area_weighted_mean,6,synthetic
2020-11-09,RUS,4.073,3.392,0.3042,0.0,country_area_weighted_mean,6,synthetic
2020-11-09,TUR,12.698,10.33,0.2782,0.0,country_area_weighted_mean,6,synthetic
2020-11-09,GEO,8.133,6.588,0.3402,0.0,country_area_weighted_mean,6,synthetic
2020-11-09,ISR,13.841,12.963,0.2243,0.0,country_area_weighted_mean,6,synthetic
2020-11-09,EGY,14.028,11.47,0.2654,0.0,country_area_weighted_mean,6,synthetic
2020-11-09,TUN,14.28,12.282,0.2892,0.0,country_area_weighted_mean,6,synthetic
2020-11-09,MAR,12.455,11.264,0.2347,0.0,country_area_weighted_mean,6,synthetic
2020-11-16,FRA,3.067,2.774,0.2719,0.0021,country_area_weighted_mean,6,synthetic
2020-11-16,DEU,1.38,1.674,0.2472,0.0222,country_area_weighted_mean,6,synthetic
2020-11-16,NLD,2.48,2.036,0.3104,0.0021,country_area_weighted_mean,6,synthetic
2020-11-16,BEL,3.406,4.623,0.3812,0.0,country_area_weighted_mean,6,synthetic
2020-11-16,ITA,6.146,6.579,0.319,0.0,country_area_weighted_mean,6,synthetic
2020-11-16,ESP,6.577,5.742,0.2927,0.0,country_area_weighted_mean,6,synthetic
2020-11-16,POL,0.131,1.009,0.2974,0.0354,country_area_weighted_mean,6,synthetic
2020-11-16,HUN,6.699,5.843,0.2393,0.0,country_area_weighted_mean,6,synthetic
2020-11-16,ROU,9.042,8.78,0.2694,0.0,country_area_weighted_mean,6,synthetic
2020-11-16,BGR,9.528,8.832,0.2338,0.0,country_area_weighted_mean,6,synthetic
2020-11-16,SRB,2.095,1.905,0.2537,0.0072,country_area_weighted_mean,6,synthetic
2020-11-16,UKR,7.069,7.822,0.3054,0.0,country_area_weighted_mean,6,synthetic
2020-11-16,MDA,5.306,6.038,0.1914,0.0,country_area_weighted_mean,6,synthetic
2020-11-16,RUS,-0.324,-0.499,0.259,0.0407,country_area_weighted_mean,6,synthetic
2020-11-16,TUR,10.52,9.353,0.2956,0.0,country_area_weighted_mean,6,synthetic
2020-11-16,GEO,7.164,7.6,0.3024,0.0,country_area_weighted_mean,6,synthetic
2020-11-16,ISR,11.674,10.843,0.2633,0.0,country_area_weighted_mean,6,synthetic
2020-11-16,EGY,13.041,12.958,0.3662,0.0,country_area_weighted_mean,6,synthetic
2020-11-16,TUN,11.88,11.486,0.3375,0.0,country_area_weighted_mean,6,synthetic
2020-11-16,MAR,11.532,10.651,0.2427,0.0,country_area_weighted_mean,6,synthetic
2020-11-23,FRA,4.084,2.884,0.3044,0.0,country_area_weighted_mean,6,synthetic
2020-11-23,DEU,-2.596,-0.758,0.2618,0.0513,country_area_weighted_mean,6,synthetic
2020-11-23,NLD,-1.275,0.954,0.3285,0.0525,country_area_weighted_mean,6,synthetic
2020-11-23,BEL,1.172,2.441,0.3632,0.0146,country_area_weighted_mean,6,synthetic
2020-11-23,ITA,5.447,5.442,0.2707,0.0,country_area_weighted_mean,6,synthetic
2020-11-23,ESP,5.239,4.721,0.2699,0.0,country_area_weighted_mean,6,synthetic
2020-11-23,POL,-1.684,-0.524,0.306,0.0521,country_area_weighted_mean,6,synthetic
2020-11-23,HUN,2.824,3.69,0.3247,0.0032,country_area_weighted_mean,6,synthetic
2020-11-23,ROU,6.169,5.987,0.2614,0.0,country_area_weighted_mean,6,synthetic
2020-11-23,BGR,8.912,8.814,0.283,0.0,country_area_weighted_mean,6,synthetic
2020-11-23,SRB,2.104,2.34,0.3057,0.0079,country_area_weighted_mean,6,synthetic
2020-11-23,UKR,5.722,5.383,0.2762,0.0,country_area_weighted_mean,6,synthetic
2020-11-23,MDA,3.717,3.243,0.2778,0.0,country_area_weighted_mean,6,synthetic
2020-11-23,RUS,-4.27,-2.133,0.2631,0.0787,country_area_weighted_mean,6,synthetic
2020-11-23,TUR,9.821,8.09,0.2984,0.0,country_area_weighted_mean,6,synthetic
2020-11-23,GEO,4.971,5.232,0.2789,0.0,country_area_weighted_mean,6,synthetic
2020-11-23,ISR,9.268,7.971,0.3126,0.0,country_area_weighted_mean,6,synthetic
2020-11-23,EGY,13.105,11.709,0.2982,0.0,country_area_weighted_mean,6,synthetic
2020-11-23,TUN,9.151,7.515,0.3641,0.0,country_area_weighted_mean,6,synthetic
2020-11-23,MAR,12.011,10.31,0.2377,0.0,country_area_weighted_mean,6,synthetic
2020-11-30,FRA,2.207,2.093,0.2859,0.0123,country_area_weighted_mean,6,synthetic
2020-11-30,DEU,-2.258,-1.949,0.2657,0.0643,country_area_weighted_mean,6,synthetic
2020-11-30,NLD,-3.354,-2.64,0.3071,0.0757,country_area_weighted_mean,6,synthetic
2020-11-30,BEL,-1.714,-1.433,0.3237,0.0485,country_area_weighted_mean,6,synthetic
2020-11-30,ITA,5.581,4.774,0.2692,0.0,country_area_weighted_mean,6,synthetic
2020-11-30,ESP,4.681,4.462,0.2686,0.0,country_area_weighted_mean,6,synthetic
2020-11-30,POL,-2.347,-0.684,0.2944,0.0539,country_area_weighted_mean,6,synthetic
2020-11-30,HUN,3.25,2.326,0.2971,0.0,country_area_weighted_mean,6,synthetic
2020-11-30,ROU,5.694,5.616,0.2563,0.0,country_area_weighted_mean,6,synthetic
2020-11-30,BGR,7.319,8.066,0.258,0.0,country_area_weighted_mean,6,synthetic
2020-11-30,SRB,-0.571,0.322,0.2834,0.0346,country_area_weighted_mean,6,synthetic
2020-11-30,UKR,4.873,3.852,0.2986,0.0,country_area_weighted_mean,6,synthetic
2020-11-30,MDA,3.172,3.291,0.2895,0.0,country_area_weighted_mean,6,synthetic
2020-11-30,RUS,-6.107,-4.416,0.3345,0.0927,country_area_weighted_mean,6,synthetic
2020-11-30,TUR,7.096,6.728,0.2991,0.0,country_area_weighted_mean,6,synthetic
2020-11-30,GEO,1.725,0.631,0.296,0.0251,country_area_weighted_mean,6,synthetic
2020-11-30,ISR,9.63,8.859,0.3571,0.0,country_area_weighted_mean,6,synthetic
2020-11-30,EGY,14.206,11.597,0.3224,0.0,country_area_weighted_mean,6,synthetic
2020-11-30,TUN,7.894,7.887,0.4248,0.0,country_area_weighted_mean,6,synthetic
2020-11-30,MAR,8.626,7.793,0.2977,0.0,country_area_weighted_mean,6,synthetic
2020-12-07,FRA,1.083,1.273,0.3449,0.0217,country_area_weighted_mean,6,synthetic
2020-12-07,DEU,-2.62,-2.918,0.2477,0.0725,country_area_weighted_mean,6,synthetic
2020-12-07,NLD,-6.068,-5.272,0.2478,0.1124,country_area_weighted_mean,6,synthetic
2020-12-07,BEL,-2.532,-0.791,0.3733,0.0591,country_area_weighted_mean,6,synthetic
2020-12-07,ITA,3.187,3.828,0.4241,0.0,country_area_weighted_mean,6,synthetic
2020-12-07,ESP,6.816,6.07,0.3384,0.0,country_area_weighted_mean,6,synthetic
2020-12-07,POL,-4.442,-3.318,0.2514,0.0825,country_area_weighted_mean,6,synthetic
2020-12-07,HUN,1.351,2.545,0.3382,0.0238,country_area_weighted_mean,6,synthetic
2020-12-07,ROU,4.253,3.759,0.278,0.0,country_area_weighted_mean,6,synthetic
2020-12-07,BGR,6.121,5.011,0.3058,0.0,country_area_weighted_mean,6,synthetic
2020-12-07,SRB,-0.646,0.061,0.3111,0.0391,country_area_weighted_mean,6,synthetic
2020-12-07,UKR,-0.223,0.629,0.3176,0.0419,country_area_weighted_mean,6,synthetic
2020-12-07,MDA,-0.341,-0.381,0.3264,0.041,country_area_weighted_mean,6,synthetic
2020-12-07,RUS,-7.117,-6.316,0.3176,0.1211,country_area_weighted_mean,6,synthetic
2020-12-07,TUR,5.675,5.199,0.2511,0.0,country_area_weighted_mean,6,synthetic
2020-12-07,GEO,-0.962,-0.194,0.3634,0.0427,country_area_weighted_mean,6,synthetic
2020-12-07,ISR,11.048,10.415,0.4113,0.0,country_area_weighted_mean,6,synthetic
2020-12-07,EGY,15.861,14.76,0.4221,0.0,country_area_weighted_mean,6,synthetic
2020-12-07,TUN,7.398,6.767,0.3098,0.0,country_area_weighted_mean,6,synthetic
2020-12-07,MAR,7.453,7.573,0.2484,0.0,country_area_weighted_mean,6,synthetic
2020-12-14,FRA,1.398,1.041,0.408,0.0171,country_area_weighted_mean,6,synthetic
2020-12-14,DEU,-4.362,-4.16,0.2675,0.0843,country_area_weighted_mean,6,synthetic
2020-12-14,NLD,-6.589,-4.796,0.2985,0.1235,country_area_weighted_mean,6,synthetic
2020-12-14,BEL,-3.383,-2.562,0.3727,0.0744,country_area_weighted_mean,6,synthetic
2020-12-14,ITA,0.567,0.937,0.3898,0.0255,country_area_weighted_mean,6,synthetic
2020-12-14,ESP,4.441,3.836,0.3131,0.0,country_area_weighted_mean,6,synthetic
2020-12-14,POL,-3.722,-2.392,0.3477,0.0764,country_area_weighted_mean,6,synthetic
2020-12-14,HUN,0.523,2.282,0.3024,0.0257,country_area_weighted_mean,6,synthetic
2020-12-14,ROU,1.048,2.064,0.2643,0.0209,country_area_weighted_mean,6,synthetic
2020-12-14,BGR,2.419,2.66,0.2934,0.0111,country_area_weighted_mean,6,synthetic
2020-12-14,SRB,-0.468,0.592,0.405,0.0488,country_area_weighted_mean,6,synthetic
2020-12-14,UKR,-0.987,-0.556,0.2575,0.0465,country_area_weighted_mean,6,synthetic
2020-12-14,MDA,0.664,0.362,0.4064,0.0345,country_area_weighted_mean,6,synthetic
2020-12-14,RUS,-7.161,-5.459,0.2502,0.1122,country_area_weighted_mean,6,synthetic
2020-12-14,TUR,4.843,4.891,0.2993,0.0,country_area_weighted_mean,6,synthetic
2020-12-14,GEO,-1.443,-0.216,0.3309,0.0457,country_area_weighted_mean,6,synthetic
2020-12-14,ISR,9.896,8.68,0.4353,0.0,country_area_weighted_mean,6,synthetic
2020-12-14,EGY,12.963,11.508,0.4151,0.0,country_area_weighted_mean,6,synthetic
2020-12-14,TUN,4.557,5.014,0.256,0.0,country_area_weighted_mean,6,synthetic
2020-12-14,MAR,3.35,3.324,0.2497,0.0,country_area_weighted_mean,6,synthetic
2020-12-21,FRA,-0.889,-0.661,0.323,0.0461,country_area_weighted_mean,6,synthetic
2020-12-21,DEU,-5.26,-3.531,0.3393,0.098,country_area_weighted_mean,6,synthetic
2020-12-21,NLD,-7.545,-5.53,0.3242,0.1096,country_area_weighted_mean,6,synthetic
2020-12-21,BEL,-4.606,-1.929,0.2993,0.0861,country_area_weighted_mean,6,synthetic
2020-12-21,ITA,-1.296,-0.901,0.3382,0.0417,country_area_weighted_mean,6,synthetic
2020-12-21,ESP,1.403,1.313,0.2982,0.0164,country_area_weighted_mean,6,synthetic
2020-12-21,POL,-5.079,-3.503,0.3112,0.096,country_area_weighted_mean,6,synthetic
2020-12-21,HUN,-0.96,-0.158,0.2714,0.0453,country_area_weighted_mean,6,synthetic
2020-12-21,ROU,-2.564,-0.527,0.2629,0.0527,country_area_weighted_mean,6,synthetic
2020-12-21,BGR,0.386,2.016,0.3043,0.0272,country_area_weighted_mean,6,synthetic
2020-12-21,SRB,-2.653,-2.894,0.3208,0.0663,country_area_weighted_mean,6,synthetic
2020-12-21,UKR,-1.387,-1.176,0.2753,0.0541,country_area_weighted_mean,6,synthetic
2020-12-21,MDA,-0.413,0.274,0.3406,0.0398,country_area_weighted_mean,6,synthetic
2020-12-21,RUS,-10.154,-7.958,0.3232,0.1486,country_area_weighted_mean,6,synthetic
2020-12-21,TUR,3.776,3.752,0.3173,0.0,country_area_weighted_mean,6,synthetic
2020-12-21,GEO,-0.426,-0.098,0.2769,0.0437,country_area_weighted_mean,6,synthetic
2020-12-21,ISR,8.459,8.797,0.282,0.0,country_area_weighted_mean,6,synthetic
2020-12-21,EGY,9.567,8.836,0.3041,0.0,country_area_weighted_mean,6,synthetic
2020-12-21,TUN,3.808,4.097,0.286,0.0,country_area_weighted_mean,6,synthetic
2020-12-21,MAR,4.163,3.627,0.4065,0.0,country_area_weighted_mean,6,synthetic
2020-12-28,FRA,-2.851,-0.773,0.3297,0.06,country_area_weighted_mean,6,synthetic
2020-12-28,DEU,-5.588,-4.408,0.3477,0.1077,country_area_weighted_mean,6,synthetic
2020-12-28,NLD,-8.094,-6.357,0.3327,0.1439,country_area_weighted_mean,6,synthetic
2020-12-28,BEL,-5.891,-4.829,0.2876,0.0981,country_area_weighted_mean,6,synthetic
2020-12-28,ITA,-2.35,-2.359,0.3523,0.0696,country_area_weighted_mean,6,synthetic
2020-12-28,ESP,1.741,1.886,0.3305,0.0146,country_area_weighted_mean,6,synthetic
2020-12-28,POL,-5.296,-4.182,0.3259,0.094,country_area_weighted_mean,6,synthetic
2020-12-28,HUN,-3.036,-2.132,0.3564,0.0819,country_area_weighted_mean,6,synthetic
2020-12-28,ROU,-6.038,-4.213,0.3099,0.1053,country_area_weighted_mean,6,synthetic
2020-12-28,BGR,-0.599,-0.214,0.3057,0.0334,country_area_weighted_mean,6,synthetic
2020-12-28,SRB,-3.606,-3.053,0.2728,0.0795,country_area_weighted_mean,6,synthetic
2020-12-28,UKR,-4.388,-3.143,0.2844,0.0841,country_area_weighted_mean,6,synthetic
2020-12-28,MDA,-5.891,-3.661,0.2977,0.0984,country_area_weighted_mean,6,synthetic
2020-12-28,RUS,-10.813,-8.317,0.2833,0.174,country_area_weighted_mean,6,synthetic
2020-12-28,TUR,1.71,1.057,0.2828,0.0092,country_area_weighted_mean,6,synthetic
2020-12-28,GEO,-3.245,-2.922,0.2869,0.0856,country_area_weighted_mean,6,synthetic
2020-12-28,ISR,7.784,7.242,0.2801,0.0,country_area_weighted_mean,6,synthetic
2020-12-28,EGY,9.869,8.157,0.2818,0.0,country_area_weighted_mean,6,synthetic
2020-12-28,TUN,5.147,3.99,0.2508,0.0,country_area_weighted_mean,6,synthetic
2020-12-28,MAR,2.08,2.563,0.4871,0.007,country_area_weighted_mean,6,synthetic
2021-01-04,FRA,-1.89,-0.067,0.3034,0.0517,country_area_weighted_mean,6,synthetic
2021-01-04,DEU,-6.063,-3.568,0.316,0.0971,country_area_weighted_mean,6,synthetic
2021-01-04,NLD,-10.751,-9.32,0.3281,0.1678,country_area_weighted_mean,6,synthetic
2021-01-04,BEL,-5.44,-4.116,0.318,0.1049,country_area_weighted_mean,6,synthetic
2021-01-04,ITA,-1.761,-0.675,0.4394,0.0543,country_area_weighted_mean,6,synthetic
2021-01-04,ESP,1.015,2.093,0.2733,0.0274,country_area_weighted_mean,6,synthetic
2021-01-04,POL,-7.573,-6.705,0.4417,0.1366,country_area_weighted_mean,6,synthetic
2021-01-04,HUN,-4.326,-3.656,0.3097,0.0908,country_area_weighted_mean,6,synthetic
2021-01-04,ROU,-8.791,-5.778,0.3036,0.1317,country_area_weighted_mean,6,synthetic
2021-01-04,BGR,-1.017,-0.713,0.2268,0.0432,country_area_weighted_mean,6,synthetic
2021-01-04,SRB,-5.784,-5.25,0.3593,0.1087,country_area_weighted_mean,6,synthetic
2021-01-04,UKR,-5.849,-3.864,0.2981,0.1025,country_area_weighted_mean,6,synthetic
2021-01-04,MDA,-6.67,-5.37,0.3497,0.1091,country_area_weighted_mean,6,synthetic
2021-01-04,RUS,-11.589,-10.51,0.3577,0.1721,country_area_weighted_mean,6,synthetic
2021-01-04,TUR,0.061,2.584,0.3013,0.0285,country_area_weighted_mean,6,synthetic
2021-01-04,GEO,-4.209,-2.704,0.4009,0.0824,country_area_weighted_mean,6,synthetic
2021-01-04,ISR,6.314,5.595,0.3492,0.0,country_area_weighted_mean,6,synthetic
2021-01-04,EGY,7.85,7.042,0.3277,0.0,country_area_weighted_mean,6,synthetic
2021-01-04,TUN,7.208,6.224,0.3252,0.0,country_area_weighted_mean,6,synthetic
2021-01-04,MAR,0.487,0.733,0.3642,0.0216,country_area_weighted_mean,6,synthetic
2021-01-11,FRA,-4.069,-1.623,0.3403,0.0775,country_area_weighted_mean,6,synthetic
2021-01-11,DEU,-7.104,-5.342,0.3618,0.1061,country_area_weighted_mean,6,synthetic
2021-01-11,NLD,-13.399,-10.195,0.3508,0.1912,country_area_weighted_mean,6,synthetic
2021-01-11,BEL,-4.928,-3.318,0.3298,0.0939,country_area_weighted_mean,6,synthetic
2021-01-11,ITA,-1.536,-0.361,0.383,0.049,country_area_weighted_mean,6,synthetic
2021-01-11,ESP,0.085,-0.647,0.2761,0.0358,country_area_weighted_mean,6,synthetic
2021-01-11,POL,-5.2,-3.889,0.2845,0.0988,country_area_weighted_mean,6,synthetic
2021-01-11,HUN,-2.856,-2.937,0.2829,0.0696,country_area_weighted_mean,6,synthetic
2021-01-11,ROU,-8.37,-6.386,0.2524,0.1316,country_area_weighted_mean,6,synthetic
2021-01-11,BGR,-3.663,-3.223,0.3042,0.0758,country_area_weighted_mean,6,synthetic
2021-01-11,SRB,-7.159,-5.867,0.3854,0.1301,country_area_weighted_mean,6,synthetic
2021-01-11,UKR,-5.805,-4.65,0.3751,0.1115,country_area_weighted_mean,6,synthetic
2021-01-11,MDA,-4.779,-4.406,0.2435,0.0887,country_area_weighted_mean,6,synthetic
2021-01-11,RUS,-10.889,-9.068,0.3131,0.1737,country_area_weighted_mean,6,synthetic
2021-01-11,TUR,-0.595,-0.061,0.4091,0.0465,country_area_weighted_mean,6,synthetic
2021-01-11,GEO,-4.523,-3.756,0.3448,0.0895,country_area_weighted_mean,6,synthetic
2021-01-11,ISR,6.063,5.243,0.4268,0.0,country_area_weighted_mean,6,synthetic
2021-01-11,EGY,9.084,7.611,0.2808,0.0,country_area_weighted_mean,6,synthetic
2021-01-11,TUN,5.053,4.567,0.3863,0.0,country_area_weighted_mean,6,synthetic
2021-01-11,MAR,-0.183,1.673,0.3527,0.0337,country_area_weighted_mean,6,synthetic
2021-01-18,FRA,-4.022,-2.431,0.3594,0.0769,country_area_weighted_mean,6,synthetic
2021-01-18,DEU,-7.819,-5.896,0.4156,0.1289,country_area_weighted_mean,6,synthetic
2021-01-18,NLD,-12.049,-9.489,0.3379,0.1867,country_area_weighted_mean,6,synthetic
2021-01-18,BEL,-4.808,-4.614,0.3135,0.1033,country_area_weighted_mean,6,synthetic
2021-01-18,ITA,-2.839,-1.252,0.3884,0.0616,country_area_weighted_mean,6,synthetic
2021-01-18,ESP,1.033,1.078,0.3788,0.0244,country_area_weighted_mean,6,synthetic
2021-01-18,POL,-7.528,-5.857,0.3671,0.1148,country_area_weighted_mean,6,synthetic
2021-01-18,HUN,-5.512,-4.014,0.2755,0.0959,country_area_weighted_mean,6,synthetic
2021-01-18,ROU,-8.269,-6.523,0.3333,0.138,country_area_weighted_mean,6,synthetic
2021-01-18,BGR,-2.604,-2.343,0.2865,0.0583,country_area_weighted_mean,6,synthetic
2021-01-18,SRB,-7.521,-4.974,0.4925,0.1227,country_area_weighted_mean,6,synthetic
2021-01-18,UKR,-6.548,-4.409,0.3421,0.1142,country_area_weighted_mean,6,synthetic
2021-01-18,MDA,-6.969,-5.576,0.2727,0.1132,country_area_weighted_mean,6,synthetic
2021-01-18,RUS,-8.929,-6.537,0.2899,0.1304,country_area_weighted_mean,6,synthetic
2021-01-18,TUR,-3.429,-2.083,0.3391,0.0657,country_area_weighted_mean,6,synthetic
2021-01-18,GEO,-3.269,-2.906,0.3452,0.0742,country_area_weighted_mean,6,synthetic
2021-01-18,ISR,5.691,4.791,0.314,0.0,country_area_weighted_mean,6,synthetic
2021-01-18,EGY,7.951,6.372,0.2936,0.0,country_area_weighted_mean,6,synthetic
2021-01-18,TUN,4.686,3.481,0.3386,0.0,country_area_weighted_mean,6,synthetic
2021-01-18,MAR,1.775,1.531,0.4359,0.0141,country_area_weighted_mean,6,synthetic
2021-01-25,FRA,-5.18,-4.597,0.4786,0.0928,country_area_weighted_mean,6,synthetic
2021-01-25,DEU,-8.747,-6.296,0.3223,0.1408,country_area_weighted_mean,6,synthetic
2021-01-25,NLD,-10.197,-8.708,0.3091,0.168,country_area_weighted_mean,6,synthetic
2021-01-25,BEL,-6.327,-5.297,0.3154,0.1069,country_area_weighted_mean,6,synthetic
2021-01-25,ITA,-3.994,-1.808,0.32,0.0726,country_area_weighted_mean,6,synthetic
2021-01-25,ESP,-1.58,0.123,0.3743,0.0476,country_area_weighted_mean,6,synthetic
2021-01-25,POL,-5.65,-4.525,0.3346,0.1155,country_area_weighted_mean,6,synthetic
2021-01-25,HUN,-6.312,-4.444,0.3368,0.1047,country_area_weighted_mean,6,synthetic
2021-01-25,ROU,-9.406,-6.951,0.3487,0.1457,country_area_weighted_mean,6,synthetic
2021-01-25,BGR,-2.79,-1.467,0.2486,0.0721,country_area_weighted_mean,6,synthetic
2021-01-25,SRB,-5.853,-3.43,0.3711,0.1057,country_area_weighted_mean,6,synthetic
2021-01-25,UKR,-9.178,-7.098,0.4054,0.1311,country_area_weighted_mean,6,synthetic
2021-01-25,MDA,-5.143,-3.398,0.285,0.092,country_area_weighted_mean,6,synthetic
2021-01-25,RUS,-10.746,-9.174,0.3304,0.1591,country_area_weighted_mean,6,synthetic
2021-01-25,TUR,-1.876,-1.353,0.4311,0.0591,country_area_weighted_mean,6,synthetic
2021-01-25,GEO,-1.057,0.283,0.2894,0.0441,country_area_weighted_mean,6,synthetic
2021-01-25,ISR,4.734,5.399,0.3345,0.0,country_area_weighted_mean,6,synthetic
2021-01-25,EGY,9.991,8.751,0.325,0.0,country_area_weighted_mean,6,synthetic
2021-01-25,TUN,4.577,4.41,0.4678,0.0,country_area_weighted_mean,6,synthetic
2021-01-25,MAR,2.692,2.473,0.3538,0.0031,country_area_weighted_mean,6,synthetic
2021-02-01,FRA,-5.858,-5.057,0.3644,0.0964,country_area_weighted_mean,6,synthetic
2021-02-01,DEU,-7.15,-5.864,0.2931,0.125,country_area_weighted_mean,6,synthetic
2021-02-01,NLD,-9.115,-8.162,0.3183,0.1484,country_area_weighted_mean,6,synthetic
2021-02-01,BEL,-8.229,-6.133,0.3304,0.1337,country_area_weighted_mean,6,synthetic
2021-02-01,ITA,-2.665,-1.678,0.3843,0.0614,country_area_weighted_mean,6,synthetic
2021-02-01,ESP,0.765,0.176,0.3925,0.0331,country_area_weighted_mean,6,synthetic
2021-02-01,POL,-5.894,-4.94,0.3932,0.1022,country_area_weighted_mean,6,synthetic
2021-02-01,HUN,-6.277,-3.96,0.3079,0.1056,country_area_weighted_mean,6,synthetic
2021-02-01,ROU,-7.215,-5.656,0.3878,0.1315,country_area_weighted_mean,6,synthetic
2021-02-01,BGR,-1.125,-0.468,0.3011,0.0523,country_area_weighted_mean,6,synthetic
2021-02-01,SRB,-2.776,-1.846,0.3186,0.0576,country_area_weighted_mean,6,synthetic
2021-02-01,UKR,-9.866,-8.388,0.3822,0.1529,country_area_weighted_mean,6,synthetic
2021-02-01,MDA,-5.858,-3.829,0.3443,0.0981,country_area_weighted_mean,6,synthetic
2021-02-01,RUS,-10.117,-7.426,0.3264,0.1543,country_area_weighted_mean,6,synthetic
2021-02-01,TUR,-2.804,-1.256,0.3758,0.0598,country_area_weighted_mean,6,synthetic
2021-02-01,GEO,-1.193,-0.506,0.3258,0.0564,country_area_weighted_mean,6,synthetic
2021-02-01,ISR,5.812,5.737,0.363,0.0,country_area_weighted_mean,6,synthetic
2021-02-01,EGY,8.768,7.445,0.3408,0.0,country_area_weighted_mean,6,synthetic
2021-02-01,TUN,5.221,4.802,0.3703,0.0,country_area_weighted_mean,6,synthetic
2021-02-01,MAR,1.943,2.193,0.3183,0.0192,country_area_weighted_mean,6,synthetic
2021-02-08,FRA,-5.529,-4.436,0.4258,0.1028,country_area_weighted_mean,6,synthetic
2021-02-08,DEU,-8.477,-5.772,0.2355,0.1335,country_area_weighted_mean,6,synthetic
2021-02-08,NLD,-8.348,-6.8,0.236,0.1344,country_area_weighted_mean,6,synthetic
2021-02-08,BEL,-9.668,-7.516,0.3062,0.1469,country_area_weighted_mean,6,synthetic
2021-02-08,ITA,-0.75,-1.266,0.3343,0.0463,country_area_weighted_mean,6,synthetic
2021-02-08,ESP,0.352,1.125,0.4288,0.0246,country_area_weighted_mean,6,synthetic
2021-02-08,POL,-5.608,-2.879,0.3894,0.0917,country_area_weighted_mean,6,synthetic
2021-02-08,HUN,-6.481,-4.428,0.3979,0.1077,country_area_weighted_mean,6,synthetic
2021-02-08,ROU,-7.284,-5.516,0.3394,0.118,country_area_weighted_mean,6,synthetic
2021-02-08,BGR,-3.046,-1.245,0.2488,0.0696,country_area_weighted_mean,6,synthetic
2021-02-08,SRB,-4.097,-1.771,0.3718,0.0838,country_area_weighted_mean,6,synthetic
2021-02-08,UKR,-7.985,-7.328,0.2965,0.1491,country_area_weighted_mean,6,synthetic
2021-02-08,MDA,-7.201,-5.771,0.3809,0.122,country_area_weighted_mean,6,synthetic
2021-02-08,RUS,-10.476,-7.319,0.3416,0.1549,country_area_weighted_mean,6,synthetic
2021-02-08,TUR,-1.108,-0.669,0.2497,0.0457,country_area_weighted_mean,6,synthetic
2021-02-08,GEO,-0.987,0.65,0.3669,0.0397,country_area_weighted_mean,6,synthetic
2021-02-08,ISR,5.766,5.537,0.3544,0.0,country_area_weighted_mean,6,synthetic
2021-02-08,EGY,9.376,7.964,0.327,0.0,country_area_weighted_mean,6,synthetic
2021-02-08,TUN,5.171,5.543,0.3222,0.0,country_area_weighted_mean,6,synthetic
2021-02-08,MAR,1.949,1.75,0.3042,0.022,country_area_weighted_mean,6,synthetic
2021-02-15,FRA,-3.979,-3.301,0.4098,0.0849,country_area_weighted_mean,6,synthetic
2021-02-15,DEU,-6.172,-5.458,0.2778,0.1096,country_area_weighted_mean,6,synthetic
2021-02-15,NLD,-10.3,-7.581,0.2921,0.1463,country_area_weighted_mean,6,synthetic
2021-02-15,BEL,-8.304,-6.906,0.2814,0.1327,country_area_weighted_mean,6,synthetic
2021-02-15,ITA,-1.101,0.096,0.3638,0.0525,country_area_weighted_mean,6,synthetic
2021-02-15,ESP,-0.223,0.948,0.4302,0.0381,country_area_weighted_mean,6,synthetic
2021-02-15,POL,-8.466,-6.267,0.3802,0.1256,country_area_weighted_mean,6,synthetic
2021-02-15,HUN,-2.738,-0.929,0.3938,0.0639,country_area_weighted_mean,6,synthetic
2021-02-15,ROU,-6.276,-5.231,0.3364,0.108,country_area_weighted_mean,6,synthetic
2021-02-15,BGR,-0.138,0.349,0.315,0.0502,country_area_weighted_mean,6,synthetic
2021-02-15,SRB,-2.722,-1.758,0.2422,0.0648,country_area_weighted_mean,6,synthetic
2021-02-15,UKR,-9.28,-7.232,0.2564,0.1341,country_area_weighted_mean,6,synthetic
2021-02-15,MDA,-6.45,-4.698,0.3156,0.1052,country_area_weighted_mean,6,synthetic
2021-02-15,RUS,-7.621,-5.978,0.4217,0.1252,country_area_weighted_mean,6,synthetic
2021-02-15,TUR,-0.142,0.356,0.3574,0.0321,country_area_weighted_mean,6,synthetic
2021-02-15,GEO,-2.294,-2.677,0.3893,0.0573,country_area_weighted_mean,6,synthetic
2021-02-15,ISR,5.177,4.883,0.3491,0.0,country_area_weighted_mean,6,synthetic
2021-02-15,EGY,9.634,7.992,0.3927,0.0,country_area_weighted_mean,6,synthetic
2021-02-15,TUN,5.7,4.908,0.3197,0.0,country_area_weighted_mean,6,synthetic
2021-02-15,MAR,2.689,3.573,0.4487,0.0,country_area_weighted_mean,6,synthetic
2021-02-22,FRA,-2.202,-0.948,0.5217,0.0614,country_area_weighted_mean,6,synthetic
2021-02-22,DEU,-7.096,-4.669,0.3008,0.1132,country_area_weighted_mean,6,synthetic
2021-02-22,NLD,-7.841,-6.085,0.4188,0.1285,country_area_weighted_mean,6,synthetic
2021-02-22,BEL,-5.466,-3.581,0.2926,0.1032,country_area_weighted_mean,6,synthetic
2021-02-22,ITA,0.37,1.23,0.3043,0.0262,country_area_weighted_mean,6,synthetic
2021-02-22,ESP,2.256,2.122,0.3897,0.0061,country_area_weighted_mean,6,synthetic
2021-02-22,POL,-9.303,-8.343,0.3662,0.1469,country_area_weighted_mean,6,synthetic
2021-02-22,HUN,-4.277,-2.377,0.2743,0.082,country_area_weighted_mean,6,synthetic
2021-02-22,ROU,-5.782,-5.698,0.3004,0.1105,country_area_weighted_mean,6,synthetic
2021-02-22,BGR,-2.13,-2.397,0.4119,0.0531,country_area_weighted_mean,6,synthetic
2021-02-22,SRB,-2.332,-1.55,0.3258,0.0661,country_area_weighted_mean,6,synthetic
2021-02-22,UKR,-6.304,-5.78,0.2992,0.1147,country_area_weighted_mean,6,synthetic
2021-02-22,MDA,-5.071,-3.85,0.2776,0.0917,country_area_weighted_mean,6,synthetic
2021-02-22,RUS,-8.431,-6.942,0.4282,0.1285,country_area_weighted_mean,6,synthetic
2021-02-22,TUR,1.33,1.935,0.2891,0.0217,country_area_weighted_mean,6,synthetic
2021-02-22,GEO,-1.514,-0.369,0.3378,0.0423,country_area_weighted_mean,6,synthetic
2021-02-22,ISR,6.042,6.674,0.3113,0.0,country_area_weighted_mean,6,synthetic
2021-02-22,EGY,9.846,9.943,0.2613,0.0,country_area_weighted_mean,6,synthetic
2021-02-22,TUN,7.611,7.03,0.321,0.0,country_area_weighted_mean,6,synthetic
2021-02-22,MAR,4.742,4.199,0.3845,0.0,country_area_weighted_mean,6,synthetic
2021-03-01,FRA,-0.88,0.13,0.3934,0.0452,country_area_weighted_mean,6,synthetic
2021-03-01,DEU,-7.119,-4.581,0.3452,0.1086,country_area_weighted_mean,6,synthetic
2021-03-01,NLD,-7.514,-6.472,0.2654,0.1263,country_area_weighted_mean,6,synthetic
2021-03-01,BEL,-3.827,-3.059,0.2798,0.083,country_area_weighted_mean,6,synthetic
2021-03-01,ITA,-1.254,-0.681,0.2785,0.0448,country_area_weighted_mean,6,synthetic
2021-03-01,ESP,2.671,3.417,0.3684,0.0,country_area_weighted_mean,6,synthetic
2021-03-01,POL,-7.547,-5.272,0.417,0.1322,country_area_weighted_mean,6,synthetic
2021-03-01,HUN,-5.432,-3.436,0.3252,0.0952,country_area_weighted_mean,6,synthetic
2021-03-01,ROU,-2.531,-2.528,0.3638,0.0712,country_area_weighted_mean,6,synthetic
2021-03-01,BGR,1.984,1.831,0.4182,0.0242,country_area_weighted_mean,6,synthetic
2021-03-01,SRB,-0.329,0.316,0.2756,0.0306,country_area_weighted_mean,6,synthetic
2021-03-01,UKR,-4.586,-3.875,0.2673,0.1018,country_area_weighted_mean,6,synthetic
2021-03-01,MDA,-4.264,-2.621,0.2884,0.0794,country_area_weighted_mean,6,synthetic
2021-03-01,RUS,-9.298,-6.446,0.4183,0.1417,country_area_weighted_mean,6,synthetic
2021-03-01,TUR,1.981,3.013,0.3677,0.0012,country_area_weighted_mean,6,synthetic
2021-03-01,GEO,0.245,0.929,0.2923,0.0311,country_area_weighted_mean,6,synthetic
2021-03-01,ISR,5.392,5.355,0.2848,0.0,country_area_weighted_mean,6,synthetic
2021-03-01,EGY,9.013,9.092,0.3035,0.0,country_area_weighted_mean,6,synthetic
2021-03-01,TUN,6.725,6.964,0.29,0.0,country_area_weighted_mean,6,synthetic
2021-03-01,MAR,5.769,5.374,0.4065,0.0,country_area_weighted_mean,6,synthetic
2021-03-08,FRA,2.579,3.426,0.3022,0.0052,country_area_weighted_mean,6,synthetic
2021-03-08,DEU,-4.045,-3.657,0.3334,0.0875,country_area_weighted_mean,6,synthetic
2021-03-08,NLD,-5.036,-3.833,0.3368,0.0935,country_area_weighted_mean,6,synthetic
2021-03-08,BEL,-1.894,-1.837,0.3421,0.0521,country_area_weighted_mean,6,synthetic
2021-03-08,ITA,-1.518,0.007,0.2794,0.0493,country_area_weighted_mean,6,synthetic
2021-03-08,ESP,2.174,2.617,0.3135,0.0093,country_area_weighted_mean,6,synthetic
2021-03-08,POL,-7.45,-5.827,0.3801,0.1235,country_area_weighted_mean,6,synthetic
2021-03-08,HUN,-2.53,-1.883,0.3509,0.0615,country_area_weighted_mean,6,synthetic
2021-03-08,ROU,-1.171,-0.829,0.2856,0.0393,country_area_weighted_mean,6,synthetic
2021-03-08,BGR,1.853,3.1,0.2833,0.0003,country_area_weighted_mean,6,synthetic
2021-03-08,SRB,1.132,2.18,0.3233,0.0183,country_area_weighted_mean,6,synthetic
2021-03-08,UKR,-3.713,-3.407,0.3051,0.08,country_area_weighted_mean,6,synthetic
2021-03-08,MDA,-3.071,-3.499,0.3272,0.0731,country_area_weighted_mean,6,synthetic
2021-03-08,RUS,-6.591,-5.126,0.3023,0.1137,country_area_weighted_mean,6,synthetic
2021-03-08,TUR,3.868,4.7,0.3975,0.0,country_area_weighted_mean,6,synthetic
2021-03-08,GEO,-0.508,0.267,0.3169,0.0381,country_area_weighted_mean,6,synthetic
2021-03-08,ISR,5.22,5.641,0.249,0.0,country_area_weighted_mean,6,synthetic
2021-03-08,EGY,11.522,11.269,0.2631,0.0,country_area_weighted_mean,6,synthetic
2021-03-08,TUN,8.115,6.92,0.2872,0.0,country_area_weighted_mean,6,synthetic
2021-03-08,MAR,7.385,7.103,0.4125,0.0,country_area_weighted_mean,6,synthetic
2021-03-15,FRA,1.738,1.935,0.278,0.015,country_area_weighted_mean,6,synthetic
2021-03-15,DEU,-2.583,-1.444,0.3494,0.073,country_area_weighted_mean,6,synthetic
2021-03-15,NLD,-2.413,-1.149,0.3198,0.0588,country_area_weighted_mean,6,synthetic
2021-03-15,BEL,-1.91,-1.248,0.2738,0.0543,country_area_weighted_mean,6,synthetic
2021-03-15,ITA,2.498,2.797,0.329,0.0101,country_area_weighted_mean,6,synthetic
2021-03-15,ESP,2.202,1.969,0.3119,0.0,country_area_weighted_mean,6,synthetic
2021-03-15,POL,-4.299,-2.277,0.364,0.0828,country_area_weighted_mean,6,synthetic
2021-03-15,HUN,-0.939,-0.848,0.551,0.047,country_area_weighted_mean,6,synthetic
2021-03-15,ROU,-1.787,-1.937,0.4134,0.0588,country_area_weighted_mean,6,synthetic
2021-03-15,BGR,0.759,2.485,0.2889,0.0087,country_area_weighted_mean,6,synthetic
2021-03-15,SRB,2.548,4.018,0.2863,0.0,country_area_weighted_mean,6,synthetic
2021-03-15,UKR,-2.707,-1.921,0.4407,0.065,country_area_weighted_mean,6,synthetic
2021-03-15,MDA,-1.327,-1.07,0.375,0.0528,country_area_weighted_mean,6,synthetic
2021-03-15,RUS,-6.2,-4.224,0.3655,0.0945,country_area_weighted_mean,6,synthetic
2021-03-15,TUR,6.127,4.765,0.3496,0.0,country_area_weighted_mean,6,synthetic
2021-03-15,GEO,-0.105,0.449,0.3709,0.034,country_area_weighted_mean,6,synthetic
2021-03-15,ISR,7.975,6.587,0.2669,0.0,country_area_weighted_mean,6,synthetic
2021-03-15,EGY,12.167,11.057,0.2983,0.0,country_area_weighted_mean,6,synthetic
2021-03-15,TUN,8.18,7.021,0.2896,0.0,country_area_weighted_mean,6,synthetic
2021-03-15,MAR,6.556,6.925,0.3314,0.0,country_area_weighted_mean,6,synthetic
2021-03-22,FRA,3.392,3.053,0.4072,0.0,country_area_weighted_mean,6,synthetic
2021-03-22,DEU,-1.225,-0.479,0.3164,0.0479,country_area_weighted_mean,6,synthetic
2021-03-22,NLD,-2.362,-1.388,0.2778,0.0544,country_area_weighted_mean,6,synthetic
2021-03-22,BEL,0.163,-0.49,0.3493,0.0454,country_area_weighted_mean,6,synthetic
2021-03-22,ITA,3.044,3.239,0.289,0.0,country_area_weighted_mean,6,synthetic
2021-03-22,ESP,1.32,1.35,0.3304,0.0197,country_area_weighted_mean,6,synthetic
2021-03-22,POL,-0.788,-0.673,0.3394,0.0481,country_area_weighted_mean,6,synthetic
2021-03-22,HUN,-0.084,0.682,0.4625,0.0368,country_area_weighted_mean,6,synthetic
2021-03-22,ROU,-0.569,-1.92,0.4098,0.036,country_area_weighted_mean,6,synthetic
2021-03-22,BGR,3.35,2.812,0.3343,0.0,country_area_weighted_mean,6,synthetic
2021-03-22,SRB,2.75,2.446,0.2934,0.0,country_area_weighted_mean,6,synthetic
2021-03-22,UKR,-2.083,-1.563,0.4129,0.0593,country_area_weighted_mean,6,synthetic
2021-03-22,MDA,-1.062,0.574,0.4218,0.0364,country_area_weighted_mean,6,synthetic
2021-03-22,RUS,-6.046,-3.977,0.2971,0.102,country_area_weighted_mean,6,synthetic
2021-03-22,TUR,5.497,6.173,0.3257,0.0,country_area_weighted_mean,6,synthetic
2021-03-22,GEO,2.737,2.82,0.2991,0.0037,country_area_weighted_mean,6,synthetic
2021-03-22,ISR,8.52,8.181,0.2733,0.0,country_area_weighted_mean,6,synthetic
2021-03-22,EGY,14.482,13.011,0.3487,0.0,country_area_weighted_mean,6,synthetic
2021-03-22,TUN,9.793,8.566,0.2804,0.0,country_area_weighted_mean,6,synthetic
2021-03-22,MAR,8.805,7.906,0.3665,0.0,country_area_weighted_mean,6,synthetic
2021-03-29,FRA,4.686,4.333,0.3421,0.0,country_area_weighted_mean,6,synthetic
2021-03-29,DEU,0.394,0.24,0.3488,0.0376,country_area_weighted_mean,6,synthetic
2021-03-29,NLD,1.845,1.264,0.2747,0.0188,country_area_weighted_mean,6,synthetic
2021-03-29,BEL,3.366,3.632,0.3422,0.0,country_area_weighted_mean,6,synthetic
2021-03-29,ITA,3.696,2.488,0.3195,0.0014,country_area_weighted_mean,6,synthetic
2021-03-29,ESP,5.198,5.474,0.4949,0.0,country_area_weighted_mean,6,synthetic
2021-03-29,POL,-1.427,-0.141,0.2885,0.042,country_area_weighted_mean,6,synthetic
2021-03-29,HUN,3.37,2.419,0.3452,0.0009,country_area_weighted_mean,6,synthetic
2021-03-29,ROU,-0.014,1.792,0.3382,0.0199,country_area_weighted_mean,6,synthetic
2021-03-29,BGR,5.497,4.937,0.3505,0.0,country_area_weighted_mean,6,synthetic
2021-03-29,SRB,2.928,3.307,0.3977,0.0036,country_area_weighted_mean,6,synthetic
2021-03-29,UKR,1.358,1.672,0.372,0.0188,country_area_weighted_mean,6,synthetic
2021-03-29,MDA,1.91,1.74,0.3738,0.0057,country_area_weighted_mean,6,synthetic
2021-03-29,RUS,-3.307,-1.435,0.2585,0.0602,country_area_weighted_mean,6,synthetic
2021-03-29,TUR,6.99,6.476,0.3449,0.0,country_area_weighted_mean,6,synthetic
2021-03-29,GEO,4.281,3.024,0.3278,0.0,country_area_weighted_mean,6,synthetic
2021-03-29,ISR,11.622,8.867,0.2703,0.0,country_area_weighted_mean,6,synthetic
2021-03-29,EGY,14.269,12.523,0.355,0.0,country_area_weighted_mean,6,synthetic
2021-03-29,TUN,12.03,9.672,0.3149,0.0,country_area_weighted_mean,6,synthetic
2021-03-29,MAR,8.836,8.335,0.3778,0.0,country_area_weighted_mean,6,synthetic
2021-04-05,FRA,4.514,4.186,0.3149,0.0,country_area_weighted_mean,6,synthetic
2021-04-05,DEU,3.868,3.324,0.2693,0.0,country_area_weighted_mean,6,synthetic
2021-04-05,NLD,2.848,3.914,0.2942,0.0,country_area_weighted_mean,6,synthetic
2021-04-05,BEL,3.57,4.489,0.4739,0.0,country_area_weighted_mean,6,synthetic
2021-04-05,ITA,5.438,5.318,0.3184,0.0,country_area_weighted_mean,6,synthetic
2021-04-05,ESP,6.081,5.084,0.3494,0.0,country_area_weighted_mean,6,synthetic
2021-04-05,POL,2.238,0.521,0.3529,0.0082,country_area_weighted_mean,6,synthetic
2021-04-05,HUN,4.692,4.598,0.3553,0.0,country_area_weighted_mean,6,synthetic
2021-04-05,ROU,3.447,4.037,0.3636,0.0,country_area_weighted_mean,6,synthetic
2021-04-05,BGR,7.169,7.369,0.3683,0.0,country_area_weighted_mean,6,synthetic
2021-04-05,SRB,2.864,2.297,0.3584,0.0095,country_area_weighted_mean,6,synthetic
2021-04-05,UKR,3.713,4.102,0.4091,0.0,country_area_weighted_mean,6,synthetic
2021-04-05,MDA,3.655,3.701,0.4633,0.0,country_area_weighted_mean,6,synthetic
2021-04-05,RUS,-1.712,0.379,0.298,0.037,country_area_weighted_mean,6,synthetic
2021-04-05,TUR,6.91,6.465,0.3074,0.0,country_area_weighted_mean,6,synthetic
2021-04-05,GEO,3.482,3.803,0.291,0.0,country_area_weighted_mean,6,synthetic
2021-04-05,ISR,12.295,10.33,0.3132,0.0,country_area_weighted_mean,6,synthetic
2021-04-05,EGY,12.625,11.677,0.3627,0.0,country_area_weighted_mean,6,synthetic
2021-04-05,TUN,11.691,11.062,0.3575,0.0,country_area_weighted_mean,6,synthetic
2021-04-05,MAR,9.453,8.664,0.3416,0.0,country_area_weighted_mean,6,synthetic
2021-04-12,FRA,6.007,6.18,0.2964,0.0,country_area_weighted_mean,6,synthetic
2021-04-12,DEU,4.574,5.415,0.2706,0.0,country_area_weighted_mean,6,synthetic
2021-04-12,NLD,6.288,6.118,0.2711,0.0,country_area_weighted_mean,6,synthetic
2021-04-12,BEL,5.612,4.988,0.5474,0.0,country_area_weighted_mean,6,synthetic
2021-04-12,ITA,6.39,7.053,0.2905,0.0,country_area_weighted_mean,6,synthetic
2021-04-12,ESP,7.93,7.815,0.3112,0.0,country_area_weighted_mean,6,synthetic
2021-04-12,POL,3.989,4.631,0.3151,0.0,country_area_weighted_mean,6,synthetic
2021-04-12,HUN,6.247,5.599,0.448,0.0,country_area_weighted_mean,6,synthetic
2021-04-12,ROU,4.628,6.047,0.3441,0.0,country_area_weighted_mean,6,synthetic
2021-04-12,BGR,8.274,7.943,0.2955,0.0,country_area_weighted_mean,6,synthetic
2021-04-12,SRB,4.629,5.815,0.3724,0.0,country_area_weighted_mean,6,synthetic
2021-04-12,UKR,5.15,5.455,0.3438,0.0,country_area_weighted_mean,6,synthetic
2021-04-12,MDA,7.545,5.461,0.4716,0.0,country_area_weighted_mean,6,synthetic
2021-04-12,RUS,4.428,3.557,0.3866,0.0,country_area_weighted_mean,6,synthetic
2021-04-12,TUR,10.0,8.614,0.4106,0.0,country_area_weighted_mean,6,synthetic
2021-04-12,GEO,7.273,8.294,0.2423,0.0,country_area_weighted_mean,6,synthetic
2021-04-12,ISR,14.303,14.021,0.3237,0.0,country_area_weighted_mean,6,synthetic
2021-04-12,EGY,14.496,13.459,0.3686,0.0,country_area_weighted_mean,6,synthetic
2021-04-12,TUN,15.137,13.18,0.3001,0.0,country_area_weighted_mean,6,synthetic
2021-04-12,MAR,10.325,9.586,0.2641,0.0,country_area_weighted_mean,6,synthetic
2021-04-19,FRA,7.623,7.873,0.2821,0.0,country_area_weighted_mean,6,synthetic
2021-04-19,DEU,5.446,5.928,0.2926,0.0,country_area_weighted_mean,6,synthetic
2021-04-19,NLD,4.874,5.123,0.3569,0.0,country_area_weighted_mean,6,synthetic
2021-04-19,BEL,7.118,6.498,0.4261,0.0,country_area_weighted_mean,6,synthetic
2021-04-19,ITA,11.289,10.316,0.2889,0.0,country_area_weighted_mean,6,synthetic
2021-04-19,ESP,10.951,9.327,0.3063,0.0,country_area_weighted_mean,6,synthetic
2021-04-19,POL,7.067,6.204,0.2807,0.0,country_area_weighted_mean,6,synthetic
2021-04-19,HUN,6.977,7.399,0.2836,0.0,country_area_weighted_mean,6,synthetic
2021-04-19,ROU,5.742,5.131,0.3454,0.0,country_area_weighted_mean,6,synthetic
2021-04-19,BGR,10.253,8.897,0.3356,0.0,country_area_weighted_mean,6,synthetic
2021-04-19,SRB,4.632,6.104,0.3591,0.0,country_area_weighted_mean,6,synthetic
2021-04-19,UKR,5.611,4.463,0.2656,0.0,country_area_weighted_mean,6,synthetic
2021-04-19,MDA,9.469,8.014,0.392,0.0,country_area_weighted_mean,6,synthetic
2021-04-19,RUS,5.429,5.422,0.3515,0.0,country_area_weighted_mean,6,synthetic
2021-04-19,TUR,14.286,12.174,0.3753,0.0,country_area_weighted_mean,6,synthetic
2021-04-19,GEO,10.204,9.023,0.2668,0.0,country_area_weighted_mean,6,synthetic
2021-04-19,ISR,14.806,12.352,0.3279,0.0,country_area_weighted_mean,6,synthetic
2021-04-19,EGY,15.386,12.69,0.3848,0.0,country_area_weighted_mean,6,synthetic
2021-04-19,TUN,15.704,13.895,0.3174,0.0,country_area_weighted_mean,6,synthetic
2021-04-19,MAR,13.074,11.625,0.2907,0.0,country_area_weighted_mean,6,synthetic
2021-04-26,FRA,11.313,9.176,0.3315,0.0,country_area_weighted_mean,6,synthetic
2021-04-26,DEU,6.716,5.63,0.2529,0.0,country_area_weighted_mean,6,synthetic
2021-04-26,NLD,7.669,7.466,0.2937,0.0,country_area_weighted_mean,6,synthetic
2021-04-26,BEL,8.02,7.756,0.4311,0.0,country_area_weighted_mean,6,synthetic
2021-04-26,ITA,11.799,9.74,0.2843,0.0,country_area_weighted_mean,6,synthetic
2021-04-26,ESP,12.153,11.051,0.2629,0.0,country_area_weighted_mean,6,synthetic
2021-04-26,POL,8.431,7.79,0.3081,0.0,country_area_weighted_mean,6,synthetic
2021-04-26,HUN,8.012,7.37,0.3713,0.0,country_area_weighted_mean,6,synthetic
2021-04-26,ROU,9.371,9.286,0.2986,0.0,country_area_weighted_mean,6,synthetic
2021-04-26,BGR,10.263,8.359,0.308,0.0,country_area_weighted_mean,6,synthetic
2021-04-26,SRB,7.89,7.866,0.394,0.0,country_area_weighted_mean,6,synthetic
2021-04-26,UKR,8.105,6.514,0.2997,0.0,country_area_weighted_mean,6,synthetic
2021-04-26,MDA,8.894,8.466,0.3067,0.0,country_area_weighted_mean,6,synthetic
2021-04-26,RUS,8.515,6.884,0.3724,0.0,country_area_weighted_mean,6,synthetic
2021-04-26,TUR,14.663,11.493,0.338,0.0,country_area_weighted_mean,6,synthetic
2021-04-26,GEO,13.07,10.687,0.2555,0.0,country_area_weighted_mean,6,synthetic
2021-04-26,ISR,12.705,12.025,0.3542,0.0,country_area_weighted_mean,6,synthetic
2021-04-26,EGY,15.889,14.007,0.3038,0.0,country_area_weighted_mean,6,synthetic
2021-04-26,TUN,16.627,15.346,0.3017,0.0,country_area_weighted_mean,6,synthetic
2021-04-26,MAR,16.139,14.024,0.3055,0.0,country_area_weighted_mean,6,synthetic
2021-05-03,FRA,13.909,11.191,0.3362,0.0,country_area_weighted_mean,6,synthetic
2021-05-03,DEU,9.149,7.479,0.3139,0.0,country_area_weighted_mean,6,synthetic
2021-05-03,NLD,8.492,7.465,0.3124,0.0,country_area_weighted_mean,6,synthetic
2021-05-03,BEL,10.624,8.833,0.3271,0.0,country_area_weighted_mean,6,synthetic
2021-05-03,ITA,12.691,11.431,0.2676,0.0,country_area_weighted_mean,6,synthetic
2021-05-03,ESP,12.307,11.085,0.2629,0.0,country_area_weighted_mean,6,synthetic
2021-05-03,POL,10.058,9.133,0.3486,0.0,country_area_weighted_mean,6,synthetic
2021-05-03,HUN,9.838,8.381,0.402,0.0,country_area_weighted_mean,6,synthetic
2021-05-03,ROU,11.669,9.138,0.2902,0.0,country_area_weighted_mean,6,synthetic
2021-05-03,BGR,13.334,11.551,0.3348,0.0,country_area_weighted_mean,6,synthetic
2021-05-03,SRB,9.344,7.466,0.3312,0.0,country_area_weighted_mean,6,synthetic
2021-05-03,UKR,10.707,10.127,0.2629,0.0,country_area_weighted_mean,6,synthetic
2021-05-03,MDA,10.394,9.682,0.3496,0.0,country_area_weighted_mean,6,synthetic
2021-05-03,RUS,10.686,9.77,0.3384,0.0,country_area_weighted_mean,6,synthetic
2021-05-03,TUR,14.061,11.886,0.3903,0.0,country_area_weighted_mean,6,synthetic
2021-05-03,GEO,11.733,10.659,0.3136,0.0,country_area_weighted_mean,6,synthetic
2021-05-03,ISR,17.622,15.339,0.2813,0.0,country_area_weighted_mean,6,synthetic
2021-05-03,EGY,17.757,15.181,0.2615,0.0,country_area_weighted_mean,6,synthetic
2021-05-03,TUN,17.171,16.475,0.3585,0.0,country_area_weighted_mean,6,synthetic
2021-05-03,MAR,16.047,14.333,0.2645,0.0,country_area_weighted_mean,6,synthetic
2021-05-10,FRA,16.381,14.716,0.3066,0.0,country_area_weighted_mean,6,synthetic
2021-05-10,DEU,12.526,10.673,0.2779,0.0,country_area_weighted_mean,6,synthetic
2021-05-10,NLD,10.511,9.838,0.3506,0.0,country_area_weighted_mean,6,synthetic
2021-05-10,BEL,12.23,11.083,0.2841,0.0,country_area_weighted_mean,6,synthetic
2021-05-10,ITA,14.921,12.09,0.2748,0.0,country_area_weighted_mean,6,synthetic
2021-05-10,ESP,15.927,14.572,0.2541,0.0,country_area_weighted_mean,6,synthetic
2021-05-10,POL,13.196,11.647,0.3904,0.0,country_area_weighted_mean,6,synthetic
2021-05-10,HUN,13.148,11.619,0.3161,0.0,country_area_weighted_mean,6,synthetic
2021-05-10,ROU,12.851,10.985,0.3919,0.0,country_area_weighted_mean,6,synthetic
2021-05-10,BGR,14.965,12.579,0.3246,0.0,country_area_weighted_mean,6,synthetic
2021-05-10,SRB,13.24,11.12,0.3245,0.0,country_area_weighted_mean,6,synthetic
2021-05-10,UKR,13.937,12.015,0.2158,0.0,country_area_weighted_mean,6,synthetic
2021-05-10,MDA,12.481,10.379,0.3608,0.0,country_area_weighted_mean,6,synthetic
2021-05-10,RUS,11.847,10.616,0.3064,0.0,country_area_weighted_mean,6,synthetic
2021-05-10,TUR,13.349,12.128,0.2674,0.0,country_area_weighted_mean,6,synthetic
2021-05-10,GEO,12.425,12.319,0.2909,0.0,country_area_weighted_mean,6,synthetic
2021-05-10,ISR,15.957,14.758,0.34,0.0,country_area_weighted_mean,6,synthetic
2021-05-10,EGY,20.212,18.103,0.3284,0.0,country_area_weighted_mean,6,synthetic
2021-05-10,TUN,20.243,18.212,0.2749,0.0,country_area_weighted_mean,6,synthetic
2021-05-10,MAR,16.246,14.658,0.2946,0.0,country_area_weighted_mean,6,synthetic
2021-05-17,FRA,18.725,16.137,0.3141,0.0,country_area_weighted_mean,6,synthetic
2021-05-17,DEU,14.981,13.595,0.2903,0.0,country_area_weighted_mean,6,synthetic
2021-05-17,NLD,14.86,11.924,0.2967,0.0,country_area_weighted_mean,6,synthetic
2021-05-17,BEL,16.213,14.424,0.2566,0.0,country_area_weighted_mean,6,synthetic
2021-05-17,ITA,15.424,14.365,0.2577,0.0,country_area_weighted_mean,6,synthetic
2021-05-17,ESP,17.51,15.768,0.2822,0.0,country_area_weighted_mean,6,synthetic
2021-05-17,POL,15.831,14.119,0.3793,0.0,country_area_weighted_mean,6,synthetic
2021-05-17,HUN,15.386,13.784,0.2547,0.0,country_area_weighted_mean,6,synthetic
2021-05-17,ROU,14.487,13.772,0.2831,0.0,country_area_weighted_mean,6,synthetic
2021-05-17,BGR,16.316,13.982,0.2652,0.0,country_area_weighted_mean,6,synthetic
2021-05-17,SRB,14.51,11.786,0.252,0.0,country_area_weighted_mean,6,synthetic
2021-05-17,UKR,14.349,12.651,0.3014,0.0,country_area_weighted_mean,6,synthetic
2021-05-17,MDA,12.401,11.97,0.2397,0.0,country_area_weighted_mean,6,synthetic
2021-05-17,RUS,14.916,13.623,0.3276,0.0,country_area_weighted_mean,6,synthetic
2021-05-17,TUR,15.105,12.901,0.3007,0.0,country_area_weighted_mean,6,synthetic
2021-05-17,GEO,16.417,14.643,0.2871,0.0,country_area_weighted_mean,6,synthetic
2021-05-17,ISR,18.736,17.215,0.2388,0.0,country_area_weighted_mean,6,synthetic
2021-05-17,EGY,19.211,16.791,0.3585,0.0,country_area_weighted_mean,6,synthetic
2021-05-17,TUN,21.875,19.415,0.2858,0.0,country_area_weighted_mean,6,synthetic
2021-05-17,MAR,19.664,17.006,0.2822,0.0,country_area_weighted_mean,6,synthetic
2021-05-24,FRA,19.548,17.374,0.3015,0.0,country_area_weighted_mean,6,synthetic
2021-05-24,DEU,17.45,16.361,0.2737,0.0,country_area_weighted_mean,6,synthetic
2021-05-24,NLD,16.458,14.35,0.2796,0.0,country_area_weighted_mean,6,synthetic
2021-05-24,BEL,18.009,16.304,0.2697,0.0,country_area_weighted_mean,6,synthetic
2021-05-24,ITA,19.734,17.753,0.2395,0.0,country_area_weighted_mean,6,synthetic
2021-05-24,ESP,18.109,15.971,0.2578,0.0,country_area_weighted_mean,6,synthetic
2021-05-24,POL,17.594,15.871,0.332,0.0,country_area_weighted_mean,6,synthetic
2021-05-24,HUN,16.909,15.435,0.2839,0.0,country_area_weighted_mean,6,synthetic
2021-05-24,ROU,15.129,13.831,0.3268,0.0,country_area_weighted_mean,6,synthetic
2021-05-24,BGR,17.919,16.739,0.3016,0.0,country_area_weighted_mean,6,synthetic
2021-05-24,SRB,17.006,16.043,0.3029,0.0,country_area_weighted_mean,6,synthetic
2021-05-24,UKR,16.064,13.965,0.3278,0.0,country_area_weighted_mean,6,synthetic
2021-05-24,MDA,14.649,12.908,0.2855,0.0,country_area_weighted_mean,6,synthetic
2021-05-24,RUS,14.12,12.309,0.2766,0.0,country_area_weighted_mean,6,synthetic
2021-05-24,TUR,15.867,14.253,0.3148,0.0,country_area_weighted_mean,6,synthetic
2021-05-24,GEO,21.131,18.875,0.2796,0.0,country_area_weighted_mean,6,synthetic
2021-05-24,ISR,19.401,17.784,0.3028,0.0,country_area_weighted_mean,6,synthetic
2021-05-24,EGY,21.992,20.657,0.2626,0.0,country_area_weighted_mean,6,synthetic
2021-05-24,TUN,20.601,17.802,0.333,0.0,country_area_weighted_mean,6,synthetic
2021-05-24,MAR,22.532,18.799,0.2717,0.0,country_area_weighted_mean,6,synthetic
2021-05-31,FRA,20.817,16.693,0.3667,0.0,country_area_weighted_mean,6,synthetic
2021-05-31,DEU,18.345,16.047,0.25,0.0,country_area_weighted_mean,6,synthetic
2021-05-31,NLD,19.052,16.844,0.2563,0.0,country_area_weighted_mean,6,synthetic
2021-05-31,BEL,17.518,14.955,0.373,0.0,country_area_weighted_mean,6,synthetic
2021-05-31,ITA,21.418,19.382,0.2782,0.0,country_area_weighted_mean,6,synthetic
2021-05-31,ESP,20.914,17.985,0.3081,0.0,country_area_weighted_mean,6,synthetic
2021-05-31,POL,19.95,17.872,0.2863,0.0,country_area_weighted_mean,6,synthetic
2021-05-31,HUN,20.059,17.469,0.249,0.0,country_area_weighted_mean,6,synthetic
2021-05-31,ROU,16.798,14.991,0.2883,0.0,country_area_weighted_mean,6,synthetic
2021-05-31,BGR,19.834,18.59,0.3025,0.0,country_area_weighted_mean,6,synthetic
2021-05-31,SRB,21.423,18.587,0.3382,0.0,country_area_weighted_mean,6,synthetic
2021-05-31,UKR,18.162,16.93,0.3064,0.0,country_area_weighted_mean,6,synthetic
2021-05-31,MDA,16.006,14.34,0.2814,0.0,country_area_weighted_mean,6,synthetic
2021-05-31,RUS,16.994,13.971,0.3399,0.0,country_area_weighted_mean,6,synthetic
2021-05-31,TUR,17.389,16.152,0.3474,0.0,country_area_weighted_mean,6,synthetic
2021-05-31,GEO,23.566,20.889,0.309,0.0,country_area_weighted_mean,6,synthetic
2021-05-31,ISR,20.629,17.818,0.3199,0.0,country_area_weighted_mean,6,synthetic
2021-05-31,EGY,23.278,20.496,0.3517,0.0,country_area_weighted_mean,6,synthetic
2021-05-31,TUN,23.97,20.648,0.2513,0.0,country_area_weighted_mean,6,synthetic
2021-05-31,MAR,23.963,20.956,0.2769,0.0,country_area_weighted_mean,6,synthetic
2021-06-07,FRA,22.895,20.275,0.3145,0.0,country_area_weighted_mean,6,synthetic
2021-06-07,DEU,20.941,18.486,0.2354,0.0,country_area_weighted_mean,6,synthetic
2021-06-07,NLD,18.945,17.008,0.308,0.0,country_area_weighted_mean,6,synthetic
2021-06-07,BEL,18.581,17.18,0.3297,0.0,country_area_weighted_mean,6,synthetic
2021-06-07,ITA,22.995,20.004,0.2904,0.0,country_area_weighted_mean,6,synthetic
2021-06-07,ESP,21.323,18.094,0.2744,0.0,country_area_weighted_mean,6,synthetic
2021-06-07,POL,20.15,18.286,0.2569,0.0,country_area_weighted_mean,6,synthetic
2021-06-07,HUN,19.962,18.138,0.2907,0.0,country_area_weighted_mean,6,synthetic
2021-06-07,ROU,21.026,18.284,0.2762,0.0,country_area_weighted_mean,6,synthetic
2021-06-07,BGR,22.182,18.676,0.2971,0.0,country_area_weighted_mean,6,synthetic
2021-06-07,SRB,23.652,20.544,0.3301,0.0,country_area_weighted_mean,6,synthetic
2021-06-07,UKR,19.864,18.343,0.2914,0.0,country_area_weighted_mean,6,synthetic
2021-06-07,MDA,15.67,14.177,0.2484,0.0,country_area_weighted_mean,6,synthetic
2021-06-07,RUS,18.609,16.119,0.4407,0.0,country_area_weighted_mean,6,synthetic
2021-06-07,TUR,20.697,18.694,0.3417,0.0,country_area_weighted_mean,6,synthetic
2021-06-07,GEO,22.973,20.725,0.2542,0.0,country_area_weighted_mean,6,synthetic
2021-06-07,ISR,19.706,17.206,0.3793,0.0,country_area_weighted_mean,6,synthetic
2021-06-07,EGY,24.329,21.347,0.3612,0.0,country_area_weighted_mean,6,synthetic
2021-06-07,TUN,23.223,20.401,0.273,0.0,country_area_weighted_mean,6,synthetic
2021-06-07,MAR,24.256,21.376,0.2483,0.0,country_area_weighted_mean,6,synthetic
2021-06-14,FRA,23.185,20.493,0.3396,0.0,country_area_weighted_mean,6,synthetic
2021-06-14,DEU,20.61,18.939,0.2666,0.0,country_area_weighted_mean,6,synthetic
2021-06-14,NLD,18.621,16.101,0.3034,0.0,country_area_weighted_mean,6,synthetic
2021-06-14,BEL,19.419,17.02,0.269,0.0,country_area_weighted_mean,6,synthetic
2021-06-14,ITA,24.08,20.568,0.244,0.0,country_area_weighted_mean,6,synthetic
2021-06-14,ESP,24.581,20.9,0.2362,0.0,country_area_weighted_mean,6,synthetic
2021-06-14,POL,20.9,18.831,0.2447,0.0,country_area_weighted_mean,6,synthetic
2021-06-14,HUN,22.431,19.312,0.3196,0.0,country_area_weighted_mean,6,synthetic
2021-06-14,ROU,21.158,18.86,0.3374,0.0,country_area_weighted_mean,6,synthetic
2021-06-14,BGR,21.229,20.07,0.337,0.0,country_area_weighted_mean,6,synthetic
2021-06-14,SRB,22.656,18.907,0.2902,0.0,country_area_weighted_mean,6,synthetic
2021-06-14,UKR,22.482,19.999,0.2699,0.0,country_area_weighted_mean,6,synthetic
2021-06-14,MDA,18.327,16.598,0.3176,0.0,country_area_weighted_mean,6,synthetic
2021-06-14,RUS,18.793,16.462,0.271,0.0,country_area_weighted_mean,6,synthetic
2021-06-14,TUR,22.543,19.595,0.2739,0.0,country_area_weighted_mean,6,synthetic
2021-06-14,GEO,23.247,19.766,0.251,0.0,country_area_weighted_mean,6,synthetic
2021-06-14,ISR,21.917,19.666,0.362,0.0,country_area_weighted_mean,6,synthetic
2021-06-14,EGY,26.076,22.683,0.2316,0.0,country_area_weighted_mean,6,synthetic
2021-06-14,TUN,24.416,21.379,0.289,0.0,country_area_weighted_mean,6,synthetic
2021-06-14,MAR,25.505,22.982,0.3067,0.0,country_area_weighted_mean,6,synthetic
2021-06-21,FRA,23.68,20.571,0.2393,0.0,country_area_weighted_mean,6,synthetic
2021-06-21,DEU,22.895,20.153,0.3008,0.0,country_area_weighted_mean,6,synthetic
2021-06-21,NLD,20.814,18.124,0.3376,0.0,country_area_weighted_mean,6,synthetic
2021-06-21,BEL,21.373,17.425,0.2564,0.0,country_area_weighted_mean,6,synthetic
2021-06-21,ITA,24.841,21.923,0.2601,0.0,country_area_weighted_mean,6,synthetic
2021-06-21,ESP,27.423,24.106,0.2005,0.0,country_area_weighted_mean,6,synthetic
2021-06-21,POL,20.736,18.729,0.271,0.0,country_area_weighted_mean,6,synthetic
2021-06-21,HUN,23.567,21.14,0.27,0.0,country_area_weighted_mean,6,synthetic
2021-06-21,ROU,22.366,19.29,0.3419,0.0,country_area_weighted_mean,6,synthetic
2021-06-21,BGR,24.357,20.372,0.2782,0.0,country_area_weighted_mean,6,synthetic
2021-06-21,SRB,25.485,20.892,0.2728,0.0,country_area_weighted_mean,6,synthetic
2021-06-21,UKR,23.851,19.877,0.2511,0.0,country_area_weighted_mean,6,synthetic
2021-06-21,MDA,21.741,18.357,0.3255,0.0,country_area_weighted_mean,6,synthetic
2021-06-21,RUS,21.009,18.356,0.2834,0.0,country_area_weighted_mean,6,synthetic
2021-06-21,TUR,23.463,20.421,0.3301,0.0,country_area_weighted_mean,6,synthetic
2021-06-21,GEO,24.426,21.227,0.226,0.0,country_area_weighted_mean,6,synthetic
2021-06-21,ISR,23.232,19.88,0.3064,0.0,country_area_weighted_mean,6,synthetic
2021-06-21,EGY,25.47,22.014,0.2208,0.0,country_area_weighted_mean,6,synthetic
2021-06-21,TUN,24.189,20.542,0.2499,0.0,country_area_weighted_mean,6,synthetic
2021-06-21,MAR,24.681,21.019,0.2364,0.0,country_area_weighted_mean,6,synthetic
2021-06-28,FRA,24.319,21.615,0.2279,0.0,country_area_weighted_mean,6,synthetic
2021-06-28,DEU,22.623,19.895,0.2625,0.0,country_area_weighted_mean,6,synthetic
2021-06-28,NLD,19.606,16.633,0.2975,0.0,country_area_weighted_mean,6,synthetic
2021-06-28,BEL,23.122,19.712,0.213,0.0,country_area_weighted_mean,6,synthetic
2021-06-28,ITA,25.949,21.832,0.2705,0.0,country_area_weighted_mean,6,synthetic
2021-06-28,ESP,27.02,23.721,0.2,0.0,country_area_weighted_mean,6,synthetic
2021-06-28,POL,24.842,22.141,0.251,0.0,country_area_weighted_mean,6,synthetic
2021-06-28,HUN,24.563,21.715,0.2242,0.0,country_area_weighted_mean,6,synthetic
2021-06-28,ROU,23.837,21.766,0.2635,0.0,country_area_weighted_mean,6,synthetic
2021-06-28,BGR,24.082,21.639,0.2566,0.0,country_area_weighted_mean,6,synthetic
2021-06-28,SRB,23.665,20.27,0.2324,0.0,country_area_weighted_mean,6,synthetic
2021-06-28,UKR,25.793,21.841,0.2796,0.0,country_area_weighted_mean,6,synthetic
2021-06-28,MDA,23.259,20.287,0.2718,0.0,country_area_weighted_mean,6,synthetic
2021-06-28,RUS,24.183,20.766,0.2645,0.0,country_area_weighted_mean,6,synthetic
2021-06-28,TUR,26.654,23.697,0.3033,0.0,country_area_weighted_mean,6,synthetic
2021-06-28,GEO,24.926,22.187,0.2428,0.0,country_area_weighted_mean,6,synthetic
2021-06-28,ISR,24.298,21.526,0.2975,0.0,country_area_weighted_mean,6,synthetic
2021-06-28,EGY,26.407,23.269,0.2747,0.0,country_area_weighted_mean,6,synthetic
2021-06-28,TUN,24.26,19.597,0.2597,0.0,country_area_weighted_mean,6,synthetic
2021-06-28,MAR,25.385,21.918,0.2405,0.0,country_area_weighted_mean,6,synthetic
2021-07-05,FRA,26.805,24.292,0.2541,0.0,country_area_weighted_mean,6,synthetic
2021-07-05,DEU,25.029,21.856,0.3122,0.0,country_area_weighted_mean,6,synthetic
2021-07-05,NLD,23.802,20.537,0.2624,0.0,country_area_weighted_mean,6,synthetic
2021-07-05,BEL,22.155,19.099,0.2637,0.0,country_area_weighted_mean,6,synthetic
2021-07-05,ITA,26.479,22.805,0.2677,0.0,country_area_weighted_mean,6,synthetic
2021-07-05,ESP,27.667,24.42,0.2457,0.0,country_area_weighted_mean,6,synthetic
2021-07-05,POL,26.109,21.649,0.2419,0.0,country_area_weighted_mean,6,synthetic
2021-07-05,HUN,26.147,23.411,0.2654,0.0,country_area_weighted_mean,6,synthetic
2021-07-05,ROU,24.807,21.306,0.3631,0.0,country_area_weighted_mean,6,synthetic
2021-07-05,BGR,26.121,23.058,0.2393,0.0,country_area_weighted_mean,6,synthetic
2021-07-05,SRB,25.735,22.405,0.2295,0.0,country_area_weighted_mean,6,synthetic
2021-07-05,UKR,24.698,22.005,0.2359,0.0,country_area_weighted_mean,6,synthetic
2021-07-05,MDA,24.002,21.562,0.2387,0.0,country_area_weighted_mean,6,synthetic
2021-07-05,RUS,25.289,21.842,0.3041,0.0,country_area_weighted_mean,6,synthetic
2021-07-05,TUR,27.095,23.332,0.288,0.0,country_area_weighted_mean,6,synthetic
2021-07-05,GEO,25.47,21.476,0.2425,0.0,country_area_weighted_mean,6,synthetic
2021-07-05,ISR,24.222,21.123,0.2905,0.0,country_area_weighted_mean,6,synthetic
2021-07-05,EGY,27.289,23.715,0.2046,0.0,country_area_weighted_mean,6,synthetic
2021-07-05,TUN,25.698,22.051,0.2517,0.0,country_area_weighted_mean,6,synthetic
2021-07-05,MAR,26.344,22.831,0.2483,0.0,country_area_weighted_mean,6,synthetic
2021-07-12,FRA,29.793,25.577,0.2561,0.0,country_area_weighted_mean,6,synthetic
2021-07-12,DEU,24.141,21.819,0.2698,0.0,country_area_weighted_mean,6,synthetic
2021-07-12,NLD,23.351,19.925,0.2621,0.0,country_area_weighted_mean,6,synthetic
2021-07-12,BEL,21.98,19.838,0.2398,0.0,country_area_weighted_mean,6,synthetic
2021-07-12,ITA,27.644,24.724,0.2147,0.0,country_area_weighted_mean,6,synthetic
2021-07-12,ESP,28.728,25.736,0.2661,0.0,country_area_weighted_mean,6,synthetic
2021-07-12,POL,25.147,21.321,0.2109,0.0,country_area_weighted_mean,6,synthetic
2021-07-12,HUN,26.318,23.397,0.3048,0.0,country_area_weighted_mean,6,synthetic
2021-07-12,ROU,26.053,22.024,0.3219,0.0,country_area_weighted_mean,6,synthetic
2021-07-12,BGR,26.757,22.922,0.2764,0.0,country_area_weighted_mean,6,synthetic
2021-07-12,SRB,26.005,23.603,0.2218,0.0,country_area_weighted_mean,6,synthetic
2021-07-12,UKR,24.498,21.664,0.2841,0.0,country_area_weighted_mean,6,synthetic
2021-07-12,MDA,26.275,21.519,0.2223,0.0,country_area_weighted_mean,6,synthetic
2021-07-12,RUS,25.783,21.869,0.2541,0.0,country_area_weighted_mean,6,synthetic
2021-07-12,TUR,26.38,22.76,0.2258,0.0,country_area_weighted_mean,6,synthetic
2021-07-12,GEO,24.958,21.486,0.2437,0.0,country_area_weighted_mean,6,synthetic
2021-07-12,ISR,27.987,24.498,0.2769,0.0,country_area_weighted_mean,6,synthetic
2021-07-12,EGY,27.881,24.309,0.2528,0.0,country_area_weighted_mean,6,synthetic
2021-07-12,TUN,28.14,24.482,0.2785,0.0,country_area_weighted_mean,6,synthetic
2021-07-12,MAR,26.541,23.001,0.2563,0.0,country_area_weighted_mean,6,synthetic
2021-07-19,FRA,30.068,26.657,0.2335,0.0,country_area_weighted_mean,6,synthetic
2021-07-19,DEU,26.663,23.145,0.2717,0.0,country_area_weighted_mean,6,synthetic
2021-07-19,NLD,23.916,21.024,0.2381,0.0,country_area_weighted_mean,6,synthetic
2021-07-19,BEL,23.918,20.65,0.2417,0.0,country_area_weighted_mean,6,synthetic
2021-07-19,ITA,28.74,24.575,0.2192,0.0,country_area_weighted_mean,6,synthetic
2021-07-19,ESP,28.957,25.216,0.2419,0.0,country_area_weighted_mean,6,synthetic
2021-07-19,POL,25.241,22.318,0.2371,0.0,country_area_weighted_mean,6,synthetic
2021-07-19,HUN,27.421,23.72,0.2885,0.0,country_area_weighted_mean,6,synthetic
2021-07-19,ROU,27.325,23.672,0.2663,0.0,country_area_weighted_mean,6,synthetic
2021-07-19,BGR,26.289,23.42,0.2175,0.0,country_area_weighted_mean,6,synthetic
2021-07-19,SRB,25.565,22.442,0.2725,0.0,country_area_weighted_mean,6,synthetic
2021-07-19,UKR,24.958,21.21,0.2604,0.0,country_area_weighted_mean,6,synthetic
2021-07-19,MDA,26.818,22.597,0.2534,0.0,country_area_weighted_mean,6,synthetic
2021-07-19,RUS,26.526,23.612,0.283,0.0,country_area_weighted_mean,6,synthetic
2021-07-19,TUR,28.848,24.662,0.2429,0.0,country_area_weighted_mean,6,synthetic
2021-07-19,GEO,22.227,19.896,0.2827,0.0,country_area_weighted_mean,6,synthetic
2021-07-19,ISR,29.144,25.434,0.2588,0.0,country_area_weighted_mean,6,synthetic
2021-07-19,EGY,28.295,24.805,0.2667,0.0,country_area_weighted_mean,6,synthetic
2021-07-19,TUN,27.579,24.472,0.3059,0.0,country_area_weighted_mean,6,synthetic
2021-07-19,MAR,26.354,23.192,0.2235,0.0,country_area_weighted_mean,6,synthetic
2021-07-26,FRA,28.932,24.515,0.2353,0.0,country_area_weighted_mean,6,synthetic
2021-07-26,DEU,27.505,24.387,0.2333,0.0,country_area_weighted_mean,6,synthetic
2021-07-26,NLD,25.088,22.667,0.2377,0.0,country_area_weighted_mean,6,synthetic
2021-07-26,BEL,23.487,20.344,0.2546,0.0,country_area_weighted_mean,6,synthetic
2021-07-26,ITA,29.291,25.721,0.2587,0.0,country_area_weighted_mean,6,synthetic
2021-07-26,ESP,26.789,22.519,0.2141,0.0,country_area_weighted_mean,6,synthetic
2021-07-26,POL,26.139,21.691,0.2611,0.0,country_area_weighted_mean,6,synthetic
2021-07-26,HUN,26.88,24.377,0.2491,0.0,country_area_weighted_mean,6,synthetic
2021-07-26,ROU,27.279,23.001,0.2771,0.0,country_area_weighted_mean,6,synthetic
2021-07-26,BGR,27.953,24.912,0.2309,0.0,country_area_weighted_mean,6,synthetic
2021-07-26,SRB,26.936,22.946,0.2719,0.0,country_area_weighted_mean,6,synthetic
2021-07-26,UKR,26.656,22.793,0.2582,0.0,country_area_weighted_mean,6,synthetic
2021-07-26,MDA,26.412,22.856,0.2576,0.0,country_area_weighted_mean,6,synthetic
2021-07-26,RUS,24.868,22.979,0.2447,0.0,country_area_weighted_mean,6,synthetic
2021-07-26,TUR,26.459,23.084,0.2717,0.0,country_area_weighted_mean,6,synthetic
2021-07-26,GEO,25.142,22.245,0.2665,0.0,country_area_weighted_mean,6,synthetic
2021-07-26,ISR,29.637,25.873,0.2324,0.0,country_area_weighted_mean,6,synthetic
2021-07-26,EGY,31.037,27.673,0.255,0.0,country_area_weighted_mean,6,synthetic
2021-07-26,TUN,26.308,22.609,0.2847,0.0,country_area_weighted_mean,6,synthetic
2021-07-26,MAR,24.781,21.294,0.2735,0.0,country_area_weighted_mean,6,synthetic
2021-08-02,FRA,26.721,23.47,0.2215,0.0,country_area_weighted_mean,6,synthetic
2021-08-02,DEU,25.442,20.654,0.2541,0.0,country_area_weighted_mean,6,synthetic
2021-08-02,NLD,24.925,21.372,0.2386,0.0,country_area_weighted_mean,6,synthetic
2021-08-02,BEL,23.35,21.249,0.2773,0.0,country_area_weighted_mean,6,synthetic
2021-08-02,ITA,29.608,24.857,0.2672,0.0,country_area_weighted_mean,6,synthetic
2021-08-02,ESP,27.215,24.286,0.2312,0.0,country_area_weighted_mean,6,synthetic
2021-08-02,POL,26.2,22.33,0.2666,0.0,country_area_weighted_mean,6,synthetic
2021-08-02,HUN,26.266,23.594,0.2633,0.0,country_area_weighted_mean,6,synthetic
2021-08-02,ROU,24.469,21.293,0.2379,0.0,country_area_weighted_mean,6,synthetic
2021-08-02,BGR,28.457,24.179,0.2336,0.0,country_area_weighted_mean,6,synthetic
2021-08-02,SRB,26.974,24.971,0.2791,0.0,country_area_weighted_mean,6,synthetic
2021-08-02,UKR,26.428,22.747,0.2443,0.0,country_area_weighted_mean,6,synthetic
2021-08-02,MDA,29.295,25.723,0.239,0.0,country_area_weighted_mean,6,synthetic
2021-08-02,RUS,25.103,21.811,0.2328,0.0,country_area_weighted_mean,6,synthetic
2021-08-02,TUR,28.905,24.286,0.2372,0.0,country_area_weighted_mean,6,synthetic
2021-08-02,GEO,26.042,22.385,0.2684,0.0,country_area_weighted_mean,6,synthetic
2021-08-02,ISR,28.946,24.998,0.2454,0.0,country_area_weighted_mean,6,synthetic
2021-08-02,EGY,29.454,25.199,0.2014,0.0,country_area_weighted_mean,6,synthetic
2021-08-02,TUN,27.143,24.968,0.2779,0.0,country_area_weighted_mean,6,synthetic
2021-08-02,MAR,25.754,21.998,0.2562,0.0,country_area_weighted_mean,6,synthetic
2021-08-09,FRA,25.838,21.597,0.2812,0.0,country_area_weighted_mean,6,synthetic
2021-08-09,DEU,26.043,21.733,0.2598,0.0,country_area_weighted_mean,6,synthetic
2021-08-09,NLD,24.585,21.968,0.2225,0.0,country_area_weighted_mean,6,synthetic
2021-08-09,BEL,23.376,20.206,0.2611,0.0,country_area_weighted_mean,6,synthetic
2021-08-09,ITA,28.63,24.492,0.2314,0.0,country_area_weighted_mean,6,synthetic
2021-08-09,ESP,27.576,23.782,0.2478,0.0,country_area_weighted_mean,6,synthetic
2021-08-09,POL,25.482,22.387,0.2683,0.0,country_area_weighted_mean,6,synthetic
2021-08-09,HUN,25.439,21.401,0.2028,0.0,country_area_weighted_mean,6,synthetic
2021-08-09,ROU,25.932,22.762,0.248,0.0,country_area_weighted_mean,6,synthetic
2021-08-09,BGR,25.429,22.686,0.2671,0.0,country_area_weighted_mean,6,synthetic
2021-08-09,SRB,26.881,22.819,0.225,0.0,country_area_weighted_mean,6,synthetic
2021-08-09,UKR,25.472,22.714,0.2249,0.0,country_area_weighted_mean,6,synthetic
2021-08-09,MDA,27.322,23.676,0.2388,0.0,country_area_weighted_mean,6,synthetic
2021-08-09,RUS,24.594,21.232,0.2469,0.0,country_area_weighted_mean,6,synthetic
2021-08-09,TUR,26.139,23.401,0.2234,0.0,country_area_weighted_mean,6,synthetic
2021-08-09,GEO,26.514,22.814,0.2536,0.0,country_area_weighted_mean,6,synthetic
2021-08-09,ISR,27.656,24.137,0.2226,0.0,country_area_weighted_mean,6,synthetic
2021-08-09,EGY,29.549,26.537,0.2228,0.0,country_area_weighted_mean,6,synthetic
2021-08-09,TUN,27.112,22.745,0.2624,0.0,country_area_weighted_mean,6,synthetic
2021-08-09,MAR,26.711,22.485,0.2736,0.0,country_area_weighted_mean,6,synthetic
2021-08-16,FRA,25.891,23.123,0.2702,0.0,country_area_weighted_mean,6,synthetic
2021-08-16,DEU,23.745,20.226,0.269,0.0,country_area_weighted_mean,6,synthetic
2021-08-16,NLD,24.93,22.314,0.3469,0.0,country_area_weighted_mean,6,synthetic
2021-08-16,BEL,23.682,20.307,0.2949,0.0,country_area_weighted_mean,6,synthetic
2021-08-16,ITA,26.309,22.156,0.287,0.0,country_area_weighted_mean,6,synthetic
2021-08-16,ESP,28.47,24.512,0.2383,0.0,country_area_weighted_mean,6,synthetic
2021-08-16,POL,25.024,22.054,0.237,0.0,country_area_weighted_mean,6,synthetic
2021-08-16,HUN,23.431,21.269,0.2595,0.0,country_area_weighted_mean,6,synthetic
2021-08-16,ROU,24.628,22.253,0.2377,0.0,country_area_weighted_mean,6,synthetic
2021-08-16,BGR,26.292,23.077,0.2332,0.0,country_area_weighted_mean,6,synthetic
2021-08-16,SRB,25.239,21.201,0.2507,0.0,country_area_weighted_mean,6,synthetic
2021-08-16,UKR,22.854,19.493,0.263,0.0,country_area_weighted_mean,6,synthetic
2021-08-16,MDA,27.521,23.881,0.2561,0.0,country_area_weighted_mean,6,synthetic
2021-08-16,RUS,23.582,20.152,0.2471,0.0,country_area_weighted_mean,6,synthetic
2021-08-16,TUR,26.762,23.955,0.2195,0.0,country_area_weighted_mean,6,synthetic
2021-08-16,GEO,24.408,21.721,0.2549,0.0,country_area_weighted_mean,6,synthetic
2021-08-16,ISR,26.379,22.855,0.258,0.0,country_area_weighted_mean,6,synthetic
2021-08-16,EGY,30.615,26.634,0.2313,0.0,country_area_weighted_mean,6,synthetic
2021-08-16,TUN,27.366,23.654,0.2258,0.0,country_area_weighted_mean,6,synthetic
2021-08-16,MAR,27.966,23.887,0.2403,0.0,country_area_weighted_mean,6,synthetic
2021-08-23,FRA,22.846,19.998,0.235,0.0,country_area_weighted_mean,6,synthetic
2021-08-23,DEU,23.631,20.092,0.2318,0.0,country_area_weighted_mean,6,synthetic
2021-08-23,NLD,24.766,21.539,0.2315,0.0,country_area_weighted_mean,6,synthetic
2021-08-23,BEL,22.3,20.662,0.2591,0.0,country_area_weighted_mean,6,synthetic
2021-08-23,ITA,27.863,24.59,0.2526,0.0,country_area_weighted_mean,6,synthetic
2021-08-23,ESP,27.873,25.329,0.233,0.0,country_area_weighted_mean,6,synthetic
2021-08-23,POL,24.695,22.139,0.2582,0.0,country_area_weighted_mean,6,synthetic
2021-08-23,HUN,23.432,19.977,0.2716,0.0,country_area_weighted_mean,6,synthetic
2021-08-23,ROU,23.398,20.409,0.2245,0.0,country_area_weighted_mean,6,synthetic
2021-08-23,BGR,27.287,23.595,0.2656,0.0,country_area_weighted_mean,6,synthetic
2021-08-23,SRB,24.555,20.9,0.271,0.0,country_area_weighted_mean,6,synthetic
2021-08-23,UKR,21.53,19.8,0.2522,0.0,country_area_weighted_mean,6,synthetic
2021-08-23,MDA,26.272,23.068,0.2278,0.0,country_area_weighted_mean,6,synthetic
2021-08-23,RUS,22.823,20.046,0.2368,0.0,country_area_weighted_mean,6,synthetic
2021-08-23,TUR,26.006,22.662,0.2092,0.0,country_area_weighted_mean,6,synthetic
2021-08-23,GEO,24.429,20.284,0.2563,0.0,country_area_weighted_mean,6,synthetic
2021-08-23,ISR,23.919,21.549,0.2883,0.0,country_area_weighted_mean,6,synthetic
2021-08-23,EGY,30.756,26.92,0.2272,0.0,country_area_weighted_mean,6,synthetic
2021-08-23,TUN,23.938,20.828,0.1906,0.0,country_area_weighted_mean,6,synthetic
2021-08-23,MAR,26.763,22.79,0.2609,0.0,country_area_weighted_mean,6,synthetic
2021-08-30,FRA,22.931,19.706,0.2278,0.0,country_area_weighted_mean,6,synthetic
2021-08-30,DEU,23.569,19.88,0.2463,0.0,country_area_weighted_mean,6,synthetic
2021-08-30,NLD,25.707,22.452,0.2353,0.0,country_area_weighted_mean,6,synthetic
2021-08-30,BEL,21.521,18.28,0.279,0.0,country_area_weighted_mean,6,synthetic
2021-08-30,ITA,25.55,22.471,0.2436,0.0,country_area_weighted_mean,6,synthetic
2021-08-30,ESP,24.125,22.588,0.2104,0.0,country_area_weighted_mean,6,synthetic
2021-08-30,POL,23.287,20.245,0.2406,0.0,country_area_weighted_mean,6,synthetic
2021-08-30,HUN,22.621,19.059,0.2513,0.0,country_area_weighted_mean,6,synthetic
2021-08-30,ROU,22.554,19.499,0.2639,0.0,country_area_weighted_mean,6,synthetic
2021-08-30,BGR,27.017,24.971,0.2608,0.0,country_area_weighted_mean,6,synthetic
2021-08-30,SRB,23.246,19.781,0.2881,0.0,country_area_weighted_mean,6,synthetic
2021-08-30,UKR,24.041,21.402,0.2403,0.0,country_area_weighted_mean,6,synthetic
2021-08-30,MDA,24.89,21.028,0.2489,0.0,country_area_weighted_mean,6,synthetic
2021-08-30,RUS,23.304,19.566,0.2453,0.0,country_area_weighted_mean,6,synthetic
2021-08-30,TUR,27.254,23.306,0.249,0.0,country_area_weighted_mean,6,synthetic
2021-08-30,GEO,26.485,22.626,0.2215,0.0,country_area_weighted_mean,6,synthetic
2021-08-30,ISR,24.909,21.801,0.2661,0.0,country_area_weighted_mean,6,synthetic
2021-08-30,EGY,30.824,26.503,0.2484,0.0,country_area_weighted_mean,6,synthetic
2021-08-30,TUN,25.196,22.012,0.2282,0.0,country_area_weighted_mean,6,synthetic
2021-08-30,MAR,28.305,24.595,0.2422,0.0,country_area_weighted_mean,6,synthetic
2021-09-06,FRA,20.752,18.285,0.2467,0.0,country_area_weighted_mean,6,synthetic
2021-09-06,DEU,21.834,18.545,0.2306,0.0,country_area_weighted_mean,6,synthetic
2021-09-06,NLD,24.97,20.984,0.2405,0.0,country_area_weighted_mean,6,synthetic
2021-09-06,BEL,22.227,19.332,0.2698,0.0,country_area_weighted_mean,6,synthetic
2021-09-06,ITA,24.93,20.889,0.2656,0.0,country_area_weighted_mean,6,synthetic
2021-09-06,ESP,23.148,19.899,0.2101,0.0,country_area_weighted_mean,6,synthetic
2021-09-06,POL,20.661,17.98,0.2567,0.0,country_area_weighted_mean,6,synthetic
2021-09-06,HUN,23.097,18.944,0.2423,0.0,country_area_weighted_mean,6,synthetic
2021-09-06,ROU,20.844,17.736,0.2455,0.0,country_area_weighted_mean,6,synthetic
2021-09-06,BGR,24.989,21.449,0.3056,0.0,country_area_weighted_mean,6,synthetic
2021-09-06,SRB,19.923,17.923,0.2568,0.0,country_area_weighted_mean,6,synthetic
2021-09-06,UKR,23.656,21.022,0.3035,0.0,country_area_weighted_mean,6,synthetic
2021-09-06,MDA,23.109,20.265,0.2283,0.0,country_area_weighted_mean,6,synthetic
2021-09-06,RUS,22.004,19.087,0.2051,0.0,country_area_weighted_mean,6,synthetic
2021-09-06,TUR,23.363,20.848,0.249,0.0,country_area_weighted_mean,6,synthetic
2021-09-06,GEO,25.586,22.549,0.2241,0.0,country_area_weighted_mean,6,synthetic
2021-09-06,ISR,21.868,18.439,0.2093,0.0,country_area_weighted_mean,6,synthetic
2021-09-06,EGY,28.856,26.039,0.2102,0.0,country_area_weighted_mean,6,synthetic
2021-09-06,TUN,24.506,22.266,0.2245,0.0,country_area_weighted_mean,6,synthetic
2021-09-06,MAR,26.449,22.542,0.2357,0.0,country_area_weighted_mean,6,synthetic
2021-09-13,FRA,18.707,16.088,0.2759,0.0,country_area_weighted_mean,6,synthetic
2021-09-13,DEU,21.181,18.185,0.2981,0.0,country_area_weighted_mean,6,synthetic
2021-09-13,NLD,21.348,18.821,0.3228,0.0,country_area_weighted_mean,6,synthetic
2021-09-13,BEL,20.649,17.729,0.2603,0.0,country_area_weighted_mean,6,synthetic
2021-09-13,ITA,24.537,21.685,0.2579,0.0,country_area_weighted_mean,6,synthetic
2021-09-13,ESP,23.262,19.852,0.2245,0.0,country_area_weighted_mean,6,synthetic
2021-09-13,POL,20.198,17.438,0.2393,0.0,country_area_weighted_mean,6,synthetic
2021-09-13,HUN,20.154,18.11,0.2256,0.0,country_area_weighted_mean,6,synthetic
2021-09-13,ROU,18.908,16.936,0.2555,0.0,country_area_weighted_mean,6,synthetic
2021-09-13,BGR,23.554,20.954,0.3255,0.0,country_area_weighted_mean,6,synthetic
2021-09-13,SRB,18.071,16.523,0.2276,0.0,country_area_weighted_mean,6,synthetic
2021-09-13,UKR,20.646,17.1,0.3254,0.0,country_area_weighted_mean,6,synthetic
2021-09-13,MDA,19.906,17.383,0.2731,0.0,country_area_weighted_mean,6,synthetic
2021-09-13,RUS,18.449,15.777,0.2217,0.0,country_area_weighted_mean,6,synthetic
2021-09-13,TUR,24.108,21.296,0.2193,0.0,country_area_weighted_mean,6,synthetic
2021-09-13,GEO,23.644,21.613,0.2829,0.0,country_area_weighted_mean,6,synthetic
2021-09-13,ISR,21.806,19.297,0.2268,0.0,country_area_weighted_mean,6,synthetic
2021-09-13,EGY,26.587,23.504,0.2384,0.0,country_area_weighted_mean,6,synthetic
2021-09-13,TUN,25.006,21.427,0.2002,0.0,country_area_weighted_mean,6,synthetic
2021-09-13,MAR,25.244,21.324,0.2359,0.0,country_area_weighted_mean,6,synthetic
2021-09-20,FRA,15.898,14.081,0.2258,0.0,country_area_weighted_mean,6,synthetic
2021-09-20,DEU,19.813,18.227,0.2528,0.0,country_area_weighted_mean,6,synthetic
2021-09-20,NLD,19.411,17.022,0.3208,0.0,country_area_weighted_mean,6,synthetic
2021-09-20,BEL,18.024,16.316,0.2702,0.0,country_area_weighted_mean,6,synthetic
2021-09-20,ITA,22.843,20.469,0.22,0.0,country_area_weighted_mean,6,synthetic
2021-09-20,ESP,20.019,17.495,0.2297,0.0,country_area_weighted_mean,6,synthetic
2021-09-20,POL,17.597,14.364,0.2412,0.0,country_area_weighted_mean,6,synthetic
2021-09-20,HUN,21.628,18.051,0.2283,0.0,country_area_weighted_mean,6,synthetic
2021-09-20,ROU,17.632,14.772,0.2634,0.0,country_area_weighted_mean,6,synthetic
2021-09-20,BGR,20.644,18.428,0.2874,0.0,country_area_weighted_mean,6,synthetic
2021-09-20,SRB,20.769,17.487,0.2533,0.0,country_area_weighted_mean,6,synthetic
2021-09-20,UKR,17.652,15.366,0.2768,0.0,country_area_weighted_mean,6,synthetic
2021-09-20,MDA,16.184,14.172,0.2546,0.0,country_area_weighted_mean,6,synthetic
2021-09-20,RUS,18.784,15.881,0.2486,0.0,country_area_weighted_mean,6,synthetic
2021-09-20,TUR,22.541,19.556,0.2301,0.0,country_area_weighted_mean,6,synthetic
2021-09-20,GEO,22.282,19.491,0.2458,0.0,country_area_weighted_mean,6,synthetic
2021-09-20,ISR,23.376,18.824,0.261,0.0,country_area_weighted_mean,6,synthetic
2021-09-20,EGY,23.4,20.543,0.2351,0.0,country_area_weighted_mean,6,synthetic
2021-09-20,TUN,21.198,17.303,0.2171,0.0,country_area_weighted_mean,6,synthetic
2021-09-20,MAR,24.498,21.16,0.1967,0.0,country_area_weighted_mean,6,synthetic
2021-09-27,FRA,14.791,11.975,0.231,0.0,country_area_weighted_mean,6,synthetic
2021-09-27,DEU,18.152,14.922,0.2809,0.0,country_area_weighted_mean,6,synthetic
2021-09-27,NLD,15.928,14.989,0.2623,0.0,country_area_weighted_mean,6,synthetic
2021-09-27,BEL,15.796,14.423,0.2316,0.0,country_area_weighted_mean,6,synthetic
2021-09-27,ITA,22.548,18.199,0.2458,0.0,country_area_weighted_mean,6,synthetic
2021-09-27,ESP,20.319,17.739,0.2908,0.0,country_area_weighted_mean,6,synthetic
2021-09-27,POL,14.146,12.8,0.2066,0.0,country_area_weighted_mean,6,synthetic
2021-09-27,HUN,19.301,16.773,0.2296,0.0,country_area_weighted_mean,6,synthetic
2021-09-27,ROU,16.496,14.227,0.2643,0.0,country_area_weighted_mean,6,synthetic
2021-09-27,BGR,18.877,15.863,0.3443,0.0,country_area_weighted_mean,6,synthetic
2021-09-27,SRB,18.007,16.653,0.2281,0.0,country_area_weighted_mean,6,synthetic
2021-09-27,UKR,15.192,13.162,0.2826,0.0,country_area_weighted_mean,6,synthetic
2021-09-27,MDA,15.894,13.879,0.277,0.0,country_area_weighted_mean,6,synthetic
2021-09-27,RUS,16.991,14.609,0.2402,0.0,country_area_weighted_mean,6,synthetic
2021-09-27,TUR,22.31,19.228,0.253,0.0,country_area_weighted_mean,6,synthetic
2021-09-27,GEO,19.847,16.181,0.2355,0.0,country_area_weighted_mean,6,synthetic
2021-09-27,ISR,23.353,20.772,0.2375,0.0,country_area_weighted_mean,6,synthetic
2021-09-27,EGY,24.034,21.497,0.3005,0.0,country_area_weighted_mean,6,synthetic
2021-09-27,TUN,23.271,19.797,0.2406,0.0,country_area_weighted_mean,6,synthetic
2021-09-27,MAR,22.041,19.84,0.2655,0.0,country_area_weighted_mean,6,synthetic
2021-10-04,FRA,12.9,11.359,0.2602,0.0,country_area_weighted_mean,6,synthetic
2021-10-04,DEU,15.851,13.946,0.2668,0.0,country_area_weighted_mean,6,synthetic
2021-10-04,NLD,16.123,13.182,0.2618,0.0,country_area_weighted_mean,6,synthetic
2021-10-04,BEL,11.408,10.452,0.2619,0.0,country_area_weighted_mean,6,synthetic
2021-10-04,ITA,20.111,16.924,0.2214,0.0,country_area_weighted_mean,6,synthetic
2021-10-04,ESP,18.07,15.625,0.252,0.0,country_area_weighted_mean,6,synthetic
2021-10-04,POL,15.182,13.699,0.2145,0.0,country_area_weighted_mean,6,synthetic
2021-10-04,HUN,15.044,13.869,0.2336,0.0,country_area_weighted_mean,6,synthetic
2021-10-04,ROU,14.166,12.953,0.3177,0.0,country_area_weighted_mean,6,synthetic
2021-10-04,BGR,16.364,15.204,0.2479,0.0,country_area_weighted_mean,6,synthetic
2021-10-04,SRB,16.716,14.818,0.2312,0.0,country_area_weighted_mean,6,synthetic
2021-10-04,UKR,13.104,11.467,0.2692,0.0,country_area_weighted_mean,6,synthetic
2021-10-04,MDA,14.16,11.097,0.238,0.0,country_area_weighted_mean,6,synthetic
2021-10-04,RUS,15.715,14.035,0.278,0.0,country_area_weighted_mean,6,synthetic
2021-10-04,TUR,19.594,16.356,0.2482,0.0,country_area_weighted_mean,6,synthetic
2021-10-04,GEO,19.648,17.851,0.2153,0.0,country_area_weighted_mean,6,synthetic
2021-10-04,ISR,23.011,20.034,0.2597,0.0,country_area_weighted_mean,6,synthetic
2021-10-04,EGY,22.294,19.503,0.3328,0.0,country_area_weighted_mean,6,synthetic
2021-10-04,TUN,22.37,20.251,0.237,0.0,country_area_weighted_mean,6,synthetic
2021-10-04,MAR,19.603,17.912,0.2581,0.0,country_area_weighted_mean,6,synthetic
2021-10-11,FRA,8.398,8.125,0.2337,0.0,country_area_weighted_mean,6,synthetic
2021-10-11,DEU,13.719,12.155,0.2789,0.0,country_area_weighted_mean,6,synthetic
2021-10-11,NLD,12.222,11.356,0.2559,0.0,country_area_weighted_mean,6,synthetic
2021-10-11,BEL,10.852,9.702,0.2518,0.0,country_area_weighted_mean,6,synthetic
2021-10-11,ITA,17.839,14.793,0.2617,0.0,country_area_weighted_mean,6,synthetic
2021-10-11,ESP,17.993,16.503,0.2858,0.0,country_area_weighted_mean,6,synthetic
2021-10-11,POL,12.702,11.877,0.2181,0.0,country_area_weighted_mean,6,synthetic
2021-10-11,HUN,13.137,11.755,0.266,0.0,country_area_weighted_mean,6,synthetic
2021-10-11,ROU,15.272,13.603,0.2981,0.0,country_area_weighted_mean,6,synthetic
2021-10-11,BGR,14.986,12.751,0.235,0.0,country_area_weighted_mean,6,synthetic
2021-10-11,SRB,16.401,14.751,0.2378,0.0,country_area_weighted_mean,6,synthetic
2021-10-11,UKR,8.554,7.271,0.3259,0.0,country_area_weighted_mean,6,synthetic
2021-10-11,MDA,11.428,9.461,0.2857,0.0,country_area_weighted_mean,6,synthetic
2021-10-11,RUS,13.891,12.542,0.2514,0.0,country_area_weighted_mean,6,synthetic
2021-10-11,TUR,16.836,15.023,0.2777,0.0,country_area_weighted_mean,6,synthetic
2021-10-11,GEO,18.184,15.742,0.2613,0.0,country_area_weighted_mean,6,synthetic
2021-10-11,ISR,21.547,19.681,0.2407,0.0,country_area_weighted_mean,6,synthetic
2021-10-11,EGY,20.265,17.324,0.2184,0.0,country_area_weighted_mean,6,synthetic
2021-10-11,TUN,19.982,16.915,0.2531,0.0,country_area_weighted_mean,6,synthetic
2021-10-11,MAR,19.34,17.535,0.3005,0.0,country_area_weighted_mean,6,synthetic
2021-10-18,FRA,9.264,8.097,0.2414,0.0,country_area_weighted_mean,6,synthetic
2021-10-18,DEU,10.111,9.404,0.2675,0.0,country_area_weighted_mean,6,synthetic
2021-10-18,NLD,9.39,7.64,0.2264,0.0,country_area_weighted_mean,6,synthetic
2021-10-18,BEL,10.228,8.882,0.2931,0.0,country_area_weighted_mean,6,synthetic
2021-10-18,ITA,14.241,13.249,0.2923,0.0,country_area_weighted_mean,6,synthetic
2021-10-18,ESP,17.586,15.991,0.2862,0.0,country_area_weighted_mean,6,synthetic
2021-10-18,POL,11.145,10.643,0.276,0.0,country_area_weighted_mean,6,synthetic
2021-10-18,HUN,12.169,11.256,0.3231,0.0,country_area_weighted_mean,6,synthetic
2021-10-18,ROU,13.061,12.202,0.2651,0.0,country_area_weighted_mean,6,synthetic
2021-10-18,BGR,14.796,12.917,0.2396,0.0,country_area_weighted_mean,6,synthetic
2021-10-18,SRB,16.932,15.258,0.2618,0.0,country_area_weighted_mean,6,synthetic
2021-10-18,UKR,6.77,6.081,0.2305,0.0,country_area_weighted_mean,6,synthetic
2021-10-18,MDA,9.633,9.144,0.2858,0.0,country_area_weighted_mean,6,synthetic
2021-10-18,RUS,12.121,9.9,0.3288,0.0,country_area_weighted_mean,6,synthetic
2021-10-18,TUR,15.434,14.553,0.256,0.0,country_area_weighted_mean,6,synthetic
2021-10-18,GEO,17.175,13.734,0.2993,0.0,country_area_weighted_mean,6,synthetic
2021-10-18,ISR,20.103,16.723,0.2722,0.0,country_area_weighted_mean,6,synthetic
2021-10-18,EGY,18.44,16.446,0.2448,0.0,country_area_weighted_mean,6,synthetic
2021-10-18,TUN,15.936,13.378,0.1985,0.0,country_area_weighted_mean,6,synthetic
2021-10-18,MAR,16.921,15.979,0.2581,0.0,country_area_weighted_mean,6,synthetic
2021-10-25,FRA,7.576,6.088,0.2473,0.0,country_area_weighted_mean,6,synthetic
2021-10-25,DEU,8.768,9.027,0.2505,0.0,country_area_weighted_mean,6,synthetic
2021-10-25,NLD,8.13,7.367,0.279,0.0,country_area_weighted_mean,6,synthetic
2021-10-25,BEL,7.876,7.335,0.3121,0.0,country_area_weighted_mean,6,synthetic
2021-10-25,ITA,13.091,11.367,0.25,0.0,country_area_weighted_mean,6,synthetic
2021-10-25,ESP,16.641,15.08,0.2831,0.0,country_area_weighted_mean,6,synthetic
2021-10-25,POL,9.291,9.259,0.2399,0.0,country_area_weighted_mean,6,synthetic
2021-10-25,HUN,10.615,9.444,0.3243,0.0,country_area_weighted_mean,6,synthetic
2021-10-25,ROU,9.941,9.056,0.3392,0.0,country_area_weighted_mean,6,synthetic
2021-10-25,BGR,12.11,11.433,0.251,0.0,country_area_weighted_mean,6,synthetic
2021-10-25,SRB,15.581,13.967,0.2808,0.0,country_area_weighted_mean,6,synthetic
2021-10-25,UKR,6.189,6.265,0.2754,0.0,country_area_weighted_mean,6,synthetic
2021-10-25,MDA,9.617,8.3,0.3068,0.0,country_area_weighted_mean,6,synthetic
2021-10-25,RUS,9.381,9.662,0.2739,0.0,country_area_weighted_mean,6,synthetic
2021-10-25,TUR,14.068,12.437,0.2074,0.0,country_area_weighted_mean,6,synthetic
2021-10-25,GEO,15.402,13.773,0.2737,0.0,country_area_weighted_mean,6,synthetic
2021-10-25,ISR,18.812,15.929,0.2048,0.0,country_area_weighted_mean,6,synthetic
2021-10-25,EGY,18.182,16.245,0.2426,0.0,country_area_weighted_mean,6,synthetic
2021-10-25,TUN,14.838,12.154,0.2101,0.0,country_area_weighted_mean,6,synthetic
2021-10-25,MAR,15.858,14.446,0.2608,0.0,country_area_weighted_mean,6,synthetic
2021-11-01,FRA,6.092,6.185,0.2497,0.0,country_area_weighted_mean,6,synthetic
2021-11-01,DEU,6.441,5.601,0.246,0.0,country_area_weighted_mean,6,synthetic
2021-11-01,NLD,6.603,6.245,0.2611,0.0,country_area_weighted_mean,6,synthetic
2021-11-01,BEL,7.167,6.628,0.2726,0.0,country_area_weighted_mean,6,synthetic
2021-11-01,ITA,12.183,11.614,0.2832,0.0,country_area_weighted_mean,6,synthetic
2021-11-01,ESP,14.053,13.002,0.2644,0.0,country_area_weighted_mean,6,synthetic
2021-11-01,POL,10.866,9.538,0.2922,0.0,country_area_weighted_mean,6,synthetic
2021-11-01,HUN,7.779,7.348,0.3568,0.0,country_area_weighted_mean,6,synthetic
2021-11-01,ROU,6.962,6.667,0.2723,0.0,country_area_weighted_mean,6,synthetic
2021-11-01,BGR,9.939,9.374,0.2639,0.0,country_area_weighted_mean,6,synthetic
2021-11-01,SRB,10.974,9.44,0.2543,0.0,country_area_weighted_mean,6,synthetic
2021-11-01,UKR,7.61,8.288,0.2997,0.0,country_area_weighted_mean,6,synthetic
2021-11-01,MDA,8.181,7.641,0.2782,0.0,country_area_weighted_mean,6,synthetic
2021-11-01,RUS,6.236,6.038,0.2613,0.0,country_area_weighted_mean,6,synthetic
2021-11-01,TUR,12.534,11.496,0.2643,0.0,country_area_weighted_mean,6,synthetic
2021-11-01,GEO,11.426,10.071,0.2708,0.0,country_area_weighted_mean,6,synthetic
2021-11-01,ISR,17.878,14.865,0.2719,0.0,country_area_weighted_mean,6,synthetic
2021-11-01,EGY,16.488,13.386,0.2866,0.0,country_area_weighted_mean,6,synthetic
2021-11-01,TUN,13.212,12.018,0.2601,0.0,country_area_weighted_mean,6,synthetic
2021-11-01,MAR,15.627,13.288,0.2724,0.0,country_area_weighted_mean,6,synthetic
2021-11-08,FRA,6.862,6.681,0.2661,0.0,country_area_weighted_mean,6,synthetic
2021-11-08,DEU,2.893,3.059,0.3122,0.0018,country_area_weighted_mean,6,synthetic
2021-11-08,NLD,6.927,5.849,0.2892,0.0,country_area_weighted_mean,6,synthetic
2021-11-08,BEL,2.165,3.06,0.2842,0.0,country_area_weighted_mean,6,synthetic
2021-11-08,ITA,9.477,8.914,0.2329,0.0,country_area_weighted_mean,6,synthetic
2021-11-08,ESP,11.519,10.463,0.2232,0.0,country_area_weighted_mean,6,synthetic
2021-11-08,POL,7.2,7.455,0.2709,0.0,country_area_weighted_mean,6,synthetic
2021-11-08,HUN,7.637,7.542,0.3545,0.0,country_area_weighted_mean,6,synthetic
2021-11-08,ROU,6.042,5.522,0.2726,0.0,country_area_weighted_mean,6,synthetic
2021-11-08,BGR,8.407,8.763,0.2406,0.0,country_area_weighted_mean,6,synthetic
2021-11-08,SRB,7.254,6.83,0.2768,0.0,country_area_weighted_mean,6,synthetic
2021-11-08,UKR,6.987,7.508,0.225,0.0,country_area_weighted_mean,6,synthetic
2021-11-08,MDA,8.571,7.567,0.2654,0.0,country_area_weighted_mean,6,synthetic
2021-11-08,RUS,4.633,4.767,0.291,0.0,country_area_weighted_mean,6,synthetic
2021-11-08,TUR,11.388,11.149,0.2825,0.0,country_area_weighted_mean,6,synthetic
2021-11-08,GEO,10.799,9.985,0.2718,0.0,country_area_weighted_mean,6,synthetic
2021-11-08,ISR,14.905,14.239,0.2391,0.0,country_area_weighted_mean,6,synthetic
2021-11-08,EGY,17.718,16.29,0.2811,0.0,country_area_weighted_mean,6,synthetic
2021-11-08,TUN,11.78,11.22,0.2477,0.0,country_area_weighted_mean,6,synthetic
2021-11-08,MAR,13.85,12.01,0.2952,0.0,country_area_weighted_mean,6,synthetic
2021-11-15,FRA,5.043,4.777,0.3075,0.0,country_area_weighted_mean,6,synthetic
2021-11-15,DEU,1.989,2.587,0.3175,0.015,country_area_weighted_mean,6,synthetic
2021-11-15,NLD,2.084,2.552,0.3193,0.008,country_area_weighted_mean,6,synthetic
2021-11-15,BEL,0.552,1.632,0.303,0.0304,country_area_weighted_mean,6,synthetic
2021-11-15,ITA,7.395,6.892,0.241,0.0,country_area_weighted_mean,6,synthetic
2021-11-15,ESP,10.019,9.318,0.295,0.0,country_area_weighted_mean,6,synthetic
2021-11-15,POL,2.708,2.134,0.317,0.0054,country_area_weighted_mean,6,synthetic
2021-11-15,HUN,5.275,4.99,0.3038,0.0,country_area_weighted_mean,6,synthetic
2021-11-15,ROU,5.673,4.292,0.2378,0.0,country_area_weighted_mean,6,synthetic
2021-11-15,BGR,6.578,5.699,0.2405,0.0,country_area_weighted_mean,6,synthetic
2021-11-15,SRB,5.212,4.338,0.268,0.0,country_area_weighted_mean,6,synthetic
2021-11-15,UKR,4.799,5.003,0.2383,0.0,country_area_weighted_mean,6,synthetic
2021-11-15,MDA,4.787,4.643,0.3046,0.0,country_area_weighted_mean,6,synthetic
2021-11-15,RUS,2.197,4.047,0.2666,0.0036,country_area_weighted_mean,6,synthetic
2021-11-15,TUR,7.836,6.646,0.326,0.0,country_area_weighted_mean,6,synthetic
2021-11-15,GEO,8.129,7.888,0.3201,0.0,country_area_weighted_mean,6,synthetic
2021-11-15,ISR,13.214,11.84,0.2766,0.0,country_area_weighted_mean,6,synthetic
2021-11-15,EGY,16.332,15.054,0.285,0.0,country_area_weighted_mean,6,synthetic
2021-11-15,TUN,11.5,10.362,0.2764,0.0,country_area_weighted_mean,6,synthetic
2021-11-15,MAR,12.485,9.735,0.2866,0.0,country_area_weighted_mean,6,synthetic
2021-11-22,FRA,3.132,3.982,0.2551,0.0,country_area_weighted_mean,6,synthetic
2021-11-22,DEU,0.342,1.045,0.3578,0.0304,country_area_weighted_mean,6,synthetic
2021-11-22,NLD,-0.121,-0.627,0.3401,0.0295,country_area_weighted_mean,6,synthetic
2021-11-22,BEL,0.061,0.36,0.267,0.0365,country_area_weighted_mean,6,synthetic
2021-11-22,ITA,6.376,5.103,0.2509,0.0,country_area_weighted_mean,6,synthetic
2021-11-22,ESP,9.009,7.716,0.2606,0.0,country_area_weighted_mean,6,synthetic
2021-11-22,POL,-0.541,0.072,0.2685,0.0414,country_area_weighted_mean,6,synthetic
2021-11-22,HUN,1.28,2.651,0.3132,0.019,country_area_weighted_mean,6,synthetic
2021-11-22,ROU,1.532,1.846,0.2792,0.0179,country_area_weighted_mean,6,synthetic
2021-11-22,BGR,4.039,2.786,0.3025,0.0,country_area_weighted_mean,6,synthetic
2021-11-22,SRB,3.165,3.613,0.2608,0.0,country_area_weighted_mean,6,synthetic
2021-11-22,UKR,0.694,2.087,0.2805,0.0269,country_area_weighted_mean,6,synthetic
2021-11-22,MDA,4.859,4.866,0.3487,0.0,country_area_weighted_mean,6,synthetic
2021-11-22,RUS,0.17,1.447,0.2202,0.0234,country_area_weighted_mean,6,synthetic
2021-11-22,TUR,7.587,6.009,0.2358,0.0,country_area_weighted_mean,6,synthetic
2021-11-22,GEO,5.449,5.273,0.2498,0.0,country_area_weighted_mean,6,synthetic
2021-11-22,ISR,12.305,10.858,0.2629,0.0,country_area_weighted_mean,6,synthetic
2021-11-22,EGY,13.794,11.938,0.2355,0.0,country_area_weighted_mean,6,synthetic
2021-11-22,TUN,9.658,8.374,0.2888,0.0,country_area_weighted_mean,6,synthetic
2021-11-22,MAR,11.013,10.864,0.3111,0.0,country_area_weighted_mean,6,synthetic
2021-11-29,FRA,1.018,1.349,0.2312,0.0313,country_area_weighted_mean,6,synthetic
2021-11-29,DEU,-2.409,-0.613,0.2994,0.0613,country_area_weighted_mean,6,synthetic
2021-11-29,NLD,-3.966,-1.713,0.2973,0.0732,country_area_weighted_mean,6,synthetic
2021-11-29,BEL,0.447,1.198,0.3404,0.0252,country_area_weighted_mean,6,synthetic
2021-11-29,ITA,4.96,5.657,0.242,0.0,country_area_weighted_mean,6,synthetic
2021-11-29,ESP,7.758,7.938,0.2924,0.0,country_area_weighted_mean,6,synthetic
2021-11-29,POL,-2.681,-1.688,0.3814,0.0643,country_area_weighted_mean,6,synthetic
2021-11-29,HUN,-0.135,1.123,0.3497,0.0388,country_area_weighted_mean,6,synthetic
2021-11-29,ROU,0.771,0.655,0.3362,0.0283,country_area_weighted_mean,6,synthetic
2021-11-29,BGR,3.245,3.597,0.3379,0.0,country_area_weighted_mean,6,synthetic
2021-11-29,SRB,1.774,1.904,0.2592,0.0098,country_area_weighted_mean,6,synthetic
2021-11-29,UKR,-0.884,-0.365,0.3116,0.0511,country_area_weighted_mean,6,synthetic
2021-11-29,MDA,3.813,2.759,0.2918,0.0,country_area_weighted_mean,6,synthetic
2021-11-29,RUS,-1.188,-0.835,0.2921,0.0472,country_area_weighted_mean,6,synthetic
2021-11-29,TUR,3.412,4.388,0.2753,0.0,country_area_weighted_mean,6,synthetic
2021-11-29,GEO,4.28,3.72,0.3045,0.0,country_area_weighted_mean,6,synthetic
2021-11-29,ISR,8.393,7.941,0.2303,0.0,country_area_weighted_mean,6,synthetic
2021-11-29,EGY,11.581,10.512,0.2066,0.0,country_area_weighted_mean,6,synthetic
2021-11-29,TUN,8.699,8.515,0.3389,0.0,country_area_weighted_mean,6,synthetic
2021-11-29,MAR,11.942,10.621,0.2787,0.0,country_area_weighted_mean,6,synthetic
2021-12-06,FRA,-0.252,-0.288,0.246,0.0393,country_area_weighted_mean,6,synthetic
2021-12-06,DEU,-2.846,-0.863,0.3015,0.0762,country_area_weighted_mean,6,synthetic
2021-12-06,NLD,-4.834,-3.779,0.4196,0.093,country_area_weighted_mean,6,synthetic
2021-12-06,BEL,-1.064,-0.262,0.331,0.0563,country_area_weighted_mean,6,synthetic
2021-12-06,ITA,3.046,4.007,0.3954,0.0036,country_area_weighted_mean,6,synthetic
2021-12-06,ESP,3.281,4.857,0.2565,0.0,country_area_weighted_mean,6,synthetic
2021-12-06,POL,-3.978,-3.687,0.4914,0.0792,country_area_weighted_mean,6,synthetic
2021-12-06,HUN,-5.081,-3.578,0.2861,0.0981,country_area_weighted_mean,6,synthetic
2021-12-06,ROU,0.309,0.963,0.3231,0.0373,country_area_weighted_mean,6,synthetic
2021-12-06,BGR,0.711,2.516,0.4035,0.0245,country_area_weighted_mean,6,synthetic
2021-12-06,SRB,1.732,1.903,0.3282,0.0105,country_area_weighted_mean,6,synthetic
2021-12-06,UKR,-2.747,-1.575,0.3333,0.06,country_area_weighted_mean,6,synthetic
2021-12-06,MDA,1.485,1.071,0.2783,0.0232,country_area_weighted_mean,6,synthetic
2021-12-06,RUS,-4.442,-3.19,0.2897,0.0991,country_area_weighted_mean,6,synthetic
2021-12-06,TUR,2.625,1.869,0.2837,0.0008,country_area_weighted_mean,6,synthetic
2021-12-06,GEO,2.854,1.398,0.2654,0.0,country_area_weighted_mean,6,synthetic
2021-12-06,ISR,9.857,8.915,0.3082,0.0,country_area_weighted_mean,6,synthetic
2021-12-06,EGY,9.395,8.722,0.2358,0.0,country_area_weighted_mean,6,synthetic
2021-12-06,TUN,7.126,6.349,0.2991,0.0,country_area_weighted_mean,6,synthetic
2021-12-06,MAR,7.889,7.857,0.2815,0.0,country_area_weighted_mean,6,synthetic
2021-12-13,FRA,-3.202,-2.21,0.2902,0.0672,country_area_weighted_mean,6,synthetic
2021-12-13,DEU,-4.479,-3.092,0.4139,0.082,country_area_weighted_mean,6,synthetic
2021-12-13,NLD,-6.504,-4.804,0.3392,0.1022,country_area_weighted_mean,6,synthetic
2021-12-13,BEL,-3.539,-1.964,0.3216,0.0704,country_area_weighted_mean,6,synthetic
2021-12-13,ITA,3.135,2.429,0.3443,0.0026,country_area_weighted_mean,6,synthetic
2021-12-13,ESP,3.824,4.141,0.2629,0.0,country_area_weighted_mean,6,synthetic
2021-12-13,POL,-3.71,-3.853,0.439,0.0912,country_area_weighted_mean,6,synthetic
2021-12-13,HUN,-6.213,-4.842,0.332,0.0998,country_area_weighted_mean,6,synthetic
2021-12-13,ROU,-0.168,0.634,0.3231,0.0425,country_area_weighted_mean,6,synthetic
2021-12-13,BGR,-0.091,0.248,0.3582,0.0326,country_area_weighted_mean,6,synthetic
2021-12-13,SRB,2.857,1.085,0.2762,0.0081,country_area_weighted_mean,6,synthetic
2021-12-13,UKR,-2.129,-0.834,0.3022,0.061,country_area_weighted_mean,6,synthetic
2021-12-13,MDA,-0.1,0.271,0.2501,0.0335,country_area_weighted_mean,6,synthetic
2021-12-13,RUS,-7.404,-5.737,0.2787,0.1246,country_area_weighted_mean,6,synthetic
2021-12-13,TUR,2.245,3.192,0.2739,0.0,country_area_weighted_mean,6,synthetic
2021-12-13,GEO,1.076,0.456,0.3206,0.023,country_area_weighted_mean,6,synthetic
2021-12-13,ISR,7.319,6.031,0.28,0.0,country_area_weighted_mean,6,synthetic
2021-12-13,EGY,9.064,7.98,0.2077,0.0,country_area_weighted_mean,6,synthetic
2021-12-13,TUN,6.309,5.756,0.3314,0.0,country_area_weighted_mean,6,synthetic
2021-12-13,MAR,6.989,7.84,0.3232,0.0,country_area_weighted_mean,6,synthetic
2021-12-20,FRA,-0.698,-0.13,0.2496,0.0425,country_area_weighted_mean,6,synthetic
2021-12-20,DEU,-6.816,-5.841,0.406,0.1164,country_area_weighted_mean,6,synthetic
2021-12-20,NLD,-8.689,-6.228,0.3225,0.1384,country_area_weighted_mean,6,synthetic
2021-12-20,BEL,-5.052,-4.51,0.3703,0.0884,country_area_weighted_mean,6,synthetic
2021-12-20,ITA,1.326,1.775,0.3746,0.0232,country_area_weighted_mean,6,synthetic
2021-12-20,ESP,2.425,2.587,0.2572,0.0085,country_area_weighted_mean,6,synthetic
2021-12-20,POL,-5.767,-4.146,0.3308,0.094,country_area_weighted_mean,6,synthetic
2021-12-20,HUN,-6.203,-4.679,0.3338,0.1035,country_area_weighted_mean,6,synthetic
2021-12-20,ROU,-2.987,-2.815,0.3048,0.0805,country_area_weighted_mean,6,synthetic
2021-12-20,BGR,0.11,-0.195,0.3207,0.0358,country_area_weighted_mean,6,synthetic
2021-12-20,SRB,-0.101,0.224,0.3025,0.0356,country_area_weighted_mean,6,synthetic
2021-12-20,UKR,-4.52,-3.066,0.2812,0.0845,country_area_weighted_mean,6,synthetic
2021-12-20,MDA,-1.267,-0.607,0.2837,0.0515,country_area_weighted_mean,6,synthetic
2021-12-20,RUS,-9.122,-6.808,0.3227,0.1477,country_area_weighted_mean,6,synthetic
2021-12-20,TUR,2.343,2.143,0.2533,0.0124,country_area_weighted_mean,6,synthetic
2021-12-20,GEO,0.232,0.957,0.2575,0.0355,country_area_weighted_mean,6,synthetic
2021-12-20,ISR,5.722,5.177,0.2899,0.0,country_area_weighted_mean,6,synthetic
2021-12-20,EGY,11.6,10.752,0.2606,0.0,country_area_weighted_mean,6,synthetic
2021-12-20,TUN,6.926,6.65,0.3364,0.0,country_area_weighted_mean,6,synthetic
2021-12-20,MAR,7.008,6.125,0.2962,0.0,country_area_weighted_mean,6,synthetic
2021-12-27,FRA,-2.491,-0.961,0.2755,0.0597,country_area_weighted_mean,6,synthetic
2021-12-27,DEU,-7.311,-4.633,0.3018,0.1159,country_area_weighted_mean,6,synthetic
2021-12-27,NLD,-8.848,-6.595,0.307,0.1334,country_area_weighted_mean,6,synthetic
2021-12-27,BEL,-6.404,-4.562,0.3248,0.11,country_area_weighted_mean,6,synthetic
2021-12-27,ITA,0.802,0.594,0.391,0.0171,country_area_weighted_mean,6,synthetic
2021-12-27,ESP,2.468,2.139,0.3478,0.0067,country_area_weighted_mean,6,synthetic
2021-12-27,POL,-6.694,-5.353,0.2718,0.1116,country_area_weighted_mean,6,synthetic
2021-12-27,HUN,-7.722,-5.278,0.3398,0.1161,country_area_weighted_mean,6,synthetic
2021-12-27,ROU,-3.252,-2.073,0.2981,0.0694,country_area_weighted_mean,6,synthetic
2021-12-27,BGR,-1.381,-1.045,0.2628,0.0556,country_area_weighted_mean,6,synthetic
2021-12-27,SRB,1.376,0.455,0.3135,0.0335,country_area_weighted_mean,6,synthetic
2021-12-27,UKR,-6.551,-5.879,0.26,0.1156,country_area_weighted_mean,6,synthetic
2021-12-27,MDA,-1.827,-0.889,0.3596,0.0445,country_area_weighted_mean,6,synthetic
2021-12-27,RUS,-11.995,-8.625,0.356,0.1758,country_area_weighted_mean,6,synthetic
2021-12-27,TUR,0.371,0.707,0.3404,0.0296,country_area_weighted_mean,6,synthetic
2021-12-27,GEO,0.293,-0.24,0.3151,0.0414,country_area_weighted_mean,6,synthetic
2021-12-27,ISR,3.995,3.974,0.3209,0.0,country_area_weighted_mean,6,synthetic
2021-12-27,EGY,11.086,10.269,0.2463,0.0,country_area_weighted_mean,6,synthetic
2021-12-27,TUN,3.686,4.189,0.4493,0.0,country_area_weighted_mean,6,synthetic
2021-12-27,MAR,5.591,5.313,0.2679,0.0,country_area_weighted_mean,6,synthetic
2022-01-03,FRA,-3.197,-2.657,0.3191,0.0816,country_area_weighted_mean,6,synthetic
2022-01-03,DEU,-8.014,-6.762,0.3949,0.1397,country_area_weighted_mean,6,synthetic
2022-01-03,NLD,-10.506,-8.172,0.3273,0.163,country_area_weighted_mean,6,synthetic
2022-01-03,BEL,-7.495,-5.431,0.3047,0.1258,country_area_weighted_mean,6,synthetic
2022-01-03,ITA,-0.469,0.195,0.352,0.0354,country_area_weighted_mean,6,synthetic
2022-01-03,ESP,0.446,0.863,0.314,0.0407,country_area_weighted_mean,6,synthetic
2022-01-03,POL,-8.471,-6.998,0.3272,0.1303,country_area_weighted_mean,6,synthetic
2022-01-03,HUN,-6.958,-5.573,0.2765,0.1212,country_area_weighted_mean,6,synthetic
2022-01-03,ROU,-5.942,-4.565,0.3412,0.1069,country_area_weighted_mean,6,synthetic
2022-01-03,BGR,-3.322,-1.696,0.3068,0.0692,country_area_weighted_mean,6,synthetic
2022-01-03,SRB,-3.264,-1.799,0.3949,0.073,country_area_weighted_mean,6,synthetic
2022-01-03,UKR,-6.74,-4.946,0.3086,0.1183,country_area_weighted_mean,6,synthetic
2022-01-03,MDA,-4.613,-3.36,0.3111,0.0872,country_area_weighted_mean,6,synthetic
2022-01-03,RUS,-10.462,-8.897,0.3365,0.1618,country_area_weighted_mean,6,synthetic
2022-01-03,TUR,1.056,1.933,0.3436,0.026,country_area_weighted_mean,6,synthetic
2022-01-03,GEO,-1.318,-0.787,0.3158,0.0491,country_area_weighted_mean,6,synthetic
2022-01-03,ISR,4.273,4.448,0.3605,0.0,country_area_weighted_mean,6,synthetic
2022-01-03,EGY,10.501,9.31,0.2667,0.0,country_area_weighted_mean,6,synthetic
2022-01-03,TUN,3.204,3.523,0.3187,0.0,country_area_weighted_mean,6,synthetic
2022-01-03,MAR,5.283,4.559,0.2491,0.0,country_area_weighted_mean,6,synthetic
2022-01-10,FRA,-6.149,-5.628,0.3095,0.1158,country_area_weighted_mean,6,synthetic
2022-01-10,DEU,-9.825,-7.847,0.3303,0.1445,country_area_weighted_mean,6,synthetic
2022-01-10,NLD,-11.158,-9.669,0.4121,0.1716,country_area_weighted_mean,6,synthetic
2022-01-10,BEL,-7.978,-7.179,0.2877,0.1314,country_area_weighted_mean,6,synthetic
2022-01-10,ITA,1.079,2.005,0.2512,0.0216,country_area_weighted_mean,6,synthetic
2022-01-10,ESP,1.802,2.531,0.3549,0.0109,country_area_weighted_mean,6,synthetic
2022-01-10,POL,-11.922,-9.809,0.3971,0.1848,country_area_weighted_mean,6,synthetic
2022-01-10,HUN,-6.438,-4.723,0.3141,0.1047,country_area_weighted_mean,6,synthetic
2022-01-10,ROU,-5.951,-5.432,0.2671,0.1173,country_area_weighted_mean,6,synthetic
2022-01-10,BGR,-4.197,-1.87,0.3565,0.0686,country_area_weighted_mean,6,synthetic
2022-01-10,SRB,-3.184,-2.263,0.4948,0.0769,country_area_weighted_mean,6,synthetic
2022-01-10,UKR,-7.241,-6.484,0.3387,0.1252,country_area_weighted_mean,6,synthetic
2022-01-10,MDA,-3.673,-2.441,0.3506,0.0813,country_area_weighted_mean,6,synthetic
2022-01-10,RUS,-11.561,-9.542,0.3031,0.1695,country_area_weighted_mean,6,synthetic
2022-01-10,TUR,-0.064,0.594,0.3809,0.0295,country_area_weighted_mean,6,synthetic
2022-01-10,GEO,-1.349,-0.592,0.4592,0.0461,country_area_weighted_mean,6,synthetic
2022-01-10,ISR,4.321,4.596,0.2978,0.0,country_area_weighted_mean,6,synthetic
2022-01-10,EGY,10.378,10.973,0.2785,0.0,country_area_weighted_mean,6,synthetic
2022-01-10,TUN,1.257,0.66,0.3112,0.0312,country_area_weighted_mean,6,synthetic
2022-01-10,MAR,6.715,5.557,0.304,0.0,country_area_weighted_mean,6,synthetic
2022-01-17,FRA,-4.323,-2.372,0.3794,0.0839,country_area_weighted_mean,6,synthetic
2022-01-17,DEU,-9.378,-7.598,0.2779,0.14,country_area_weighted_mean,6,synthetic
2022-01-17,NLD,-13.053,-10.248,0.4306,0.1866,country_area_weighted_mean,6,synthetic
2022-01-17,BEL,-7.88,-6.437,0.2972,0.1295,country_area_weighted_mean,6,synthetic
2022-01-17,ITA,0.929,1.809,0.3257,0.0311,country_area_weighted_mean,6,synthetic
2022-01-17,ESP,1.593,1.811,0.2734,0.0155,country_area_weighted_mean,6,synthetic
2022-01-17,POL,-13.356,-9.991,0.4946,0.1854,country_area_weighted_mean,6,synthetic
2022-01-17,HUN,-6.877,-4.824,0.3017,0.1202,country_area_weighted_mean,6,synthetic
2022-01-17,ROU,-4.849,-3.798,0.2685,0.0865,country_area_weighted_mean,6,synthetic
2022-01-17,BGR,-2.529,-1.95,0.3351,0.0694,country_area_weighted_mean,6,synthetic
2022-01-17,SRB,-5.633,-4.714,0.5462,0.1117,country_area_weighted_mean,6,synthetic
2022-01-17,UKR,-9.424,-8.189,0.372,0.1399,country_area_weighted_mean,6,synthetic
2022-01-17,MDA,-5.374,-3.695,0.3798,0.0956,country_area_weighted_mean,6,synthetic
2022-01-17,RUS,-12.268,-8.951,0.2809,0.1732,country_area_weighted_mean,6,synthetic
2022-01-17,TUR,-0.238,1.064,0.4016,0.0322,country_area_weighted_mean,6,synthetic
2022-01-17,GEO,-1.951,-0.815,0.3962,0.0562,country_area_weighted_mean,6,synthetic
2022-01-17,ISR,3.561,3.509,0.2932,0.0,country_area_weighted_mean,6,synthetic
2022-01-17,EGY,11.006,9.357,0.2994,0.0,country_area_weighted_mean,6,synthetic
2022-01-17,TUN,1.663,2.195,0.4327,0.0155,country_area_weighted_mean,6,synthetic
2022-01-17,MAR,8.173,7.201,0.2823,0.0,country_area_weighted_mean,6,synthetic
2022-01-24,FRA,-3.372,-2.249,0.4395,0.0671,country_area_weighted_mean,6,synthetic
2022-01-24,DEU,-7.459,-6.72,0.3426,0.1288,country_area_weighted_mean,6,synthetic
2022-01-24,NLD,-12.412,-10.149,0.423,0.1797,country_area_weighted_mean,6,synthetic
2022-01-24,BEL,-6.138,-4.504,0.3537,0.1048,country_area_weighted_mean,6,synthetic
2022-01-24,ITA,-2.643,-2.238,0.3904,0.0636,country_area_weighted_mean,6,synthetic
2022-01-24,ESP,-0.999,0.226,0.2934,0.0439,country_area_weighted_mean,6,synthetic
2022-01-24,POL,-13.36,-11.269,0.393,0.202,country_area_weighted_mean,6,synthetic
2022-01-24,HUN,-6.418,-4.318,0.264,0.1154,country_area_weighted_mean,6,synthetic
2022-01-24,ROU,-7.417,-6.622,0.3528,0.1301,country_area_weighted_mean,6,synthetic
2022-01-24,BGR,-3.966,-3.078,0.3364,0.0794,country_area_weighted_mean,6,synthetic
2022-01-24,SRB,-6.585,-4.408,0.4031,0.1114,country_area_weighted_mean,6,synthetic
2022-01-24,UKR,-6.542,-6.11,0.4141,0.1172,country_area_weighted_mean,6,synthetic
2022-01-24,MDA,-5.79,-4.829,0.3805,0.1087,country_area_weighted_mean,6,synthetic
2022-01-24,RUS,-12.707,-10.947,0.3051,0.1827,country_area_weighted_mean,6,synthetic
2022-01-24,TUR,-0.209,0.433,0.4055,0.0359,country_area_weighted_mean,6,synthetic
2022-01-24,GEO,-1.18,-0.779,0.3299,0.0492,country_area_weighted_mean,6,synthetic
2022-01-24,ISR,1.442,1.693,0.3153,0.0126,country_area_weighted_mean,6,synthetic
2022-01-24,EGY,9.733,8.967,0.3007,0.0,country_area_weighted_mean,6,synthetic
2022-01-24,TUN,1.348,2.095,0.4013,0.0136,country_area_weighted_mean,6,synthetic
2022-01-24,MAR,5.273,5.159,0.2491,0.0,country_area_weighted_mean,6,synthetic
2022-01-31,FRA,-5.32,-3.217,0.3247,0.0981,country_area_weighted_mean,6,synthetic
2022-01-31,DEU,-8.882,-7.066,0.4401,0.1404,country_area_weighted_mean,6,synthetic
2022-01-31,NLD,-10.777,-9.044,0.3656,0.1753,country_area_weighted_mean,6,synthetic
2022-01-31,BEL,-5.676,-4.701,0.4126,0.1074,country_area_weighted_mean,6,synthetic
2022-01-31,ITA,-0.317,-0.251,0.3472,0.0402,country_area_weighted_mean,6,synthetic
2022-01-31,ESP,-0.251,-0.804,0.2879,0.0358,country_area_weighted_mean,6,synthetic
2022-01-31,POL,-13.334,-10.224,0.3408,0.1963,country_area_weighted_mean,6,synthetic
2022-01-31,HUN,-6.259,-4.08,0.3319,0.11,country_area_weighted_mean,6,synthetic
2022-01-31,ROU,-7.036,-5.333,0.4408,0.1185,country_area_weighted_mean,6,synthetic
2022-01-31,BGR,-1.379,-1.108,0.3444,0.0455,country_area_weighted_mean,6,synthetic
2022-01-31,SRB,-5.611,-4.038,0.3955,0.1059,country_area_weighted_mean,6,synthetic
2022-01-31,UKR,-7.756,-6.216,0.3658,0.1226,country_area_weighted_mean,6,synthetic
2022-01-31,MDA,-6.265,-4.626,0.3139,0.1122,country_area_weighted_mean,6,synthetic
2022-01-31,RUS,-12.943,-11.373,0.3858,0.2,country_area_weighted_mean,6,synthetic
2022-01-31,TUR,-0.851,0.382,0.3727,0.0369,country_area_weighted_mean,6,synthetic
2022-01-31,GEO,-2.586,-1.439,0.3411,0.0579,country_area_weighted_mean,6,synthetic
2022-01-31,ISR,0.164,-0.337,0.3048,0.0321,country_area_weighted_mean,6,synthetic
2022-01-31,EGY,9.943,8.515,0.3407,0.0,country_area_weighted_mean,6,synthetic
2022-01-31,TUN,2.08,1.577,0.3057,0.0218,country_area_weighted_mean,6,synthetic
2022-01-31,MAR,3.657,4.083,0.3735,0.0,country_area_weighted_mean,6,synthetic
2022-02-07,FRA,-6.317,-5.278,0.3783,0.114,country_area_weighted_mean,6,synthetic
2022-02-07,DEU,-9.895,-7.781,0.4569,0.1476,country_area_weighted_mean,6,synthetic
2022-02-07,NLD,-10.773,-8.674,0.3773,0.171,country_area_weighted_mean,6,synthetic
2022-02-07,BEL,-4.886,-3.505,0.3899,0.0937,country_area_weighted_mean,6,synthetic
2022-02-07,ITA,-2.048,-1.793,0.3394,0.0561,country_area_weighted_mean,6,synthetic
2022-02-07,ESP,-2.707,-0.976,0.3022,0.0589,country_area_weighted_mean,6,synthetic
2022-02-07,POL,-12.257,-9.247,0.3907,0.1835,country_area_weighted_mean,6,synthetic
2022-02-07,HUN,-6.321,-4.494,0.2495,0.1126,country_area_weighted_mean,6,synthetic
2022-02-07,ROU,-7.332,-5.131,0.3852,0.1213,country_area_weighted_mean,6,synthetic
2022-02-07,BGR,-1.566,-0.275,0.3698,0.0467,country_area_weighted_mean,6,synthetic
2022-02-07,SRB,-4.773,-2.436,0.5641,0.0905,country_area_weighted_mean,6,synthetic
2022-02-07,UKR,-6.653,-5.714,0.3161,0.1121,country_area_weighted_mean,6,synthetic
2022-02-07,MDA,-4.003,-2.696,0.3245,0.0772,country_area_weighted_mean,6,synthetic
2022-02-07,RUS,-12.558,-10.107,0.3294,0.1861,country_area_weighted_mean,6,synthetic
2022-02-07,TUR,-0.122,0.249,0.4033,0.03,country_area_weighted_mean,6,synthetic
2022-02-07,GEO,-3.326,-1.667,0.3401,0.071,country_area_weighted_mean,6,synthetic
2022-02-07,ISR,2.889,2.502,0.2868,0.0,country_area_weighted_mean,6,synthetic
2022-02-07,EGY,8.228,8.053,0.2998,0.0,country_area_weighted_mean,6,synthetic
2022-02-07,TUN,1.788,2.153,0.3047,0.0056,country_area_weighted_mean,6,synthetic
2022-02-07,MAR,3.392,2.467,0.3333,0.0011,country_area_weighted_mean,6,synthetic
2022-02-14,FRA,-5.186,-3.84,0.3888,0.0974,country_area_weighted_mean,6,synthetic
2022-02-14,DEU,-9.642,-6.492,0.3519,0.141,country_area_weighted_mean,6,synthetic
2022-02-14,NLD,-10.905,-8.479,0.317,0.1606,country_area_weighted_mean,6,synthetic
2022-02-14,BEL,-4.298,-4.399,0.3576,0.0937,country_area_weighted_mean,6,synthetic
2022-02-14,ITA,-2.617,-2.0,0.2889,0.0601,country_area_weighted_mean,6,synthetic
2022-02-14,ESP,-0.614,-0.791,0.3381,0.0566,country_area_weighted_mean,6,synthetic
2022-02-14,POL,-9.544,-7.736,0.4897,0.1609,country_area_weighted_mean,6,synthetic
2022-02-14,HUN,-5.23,-4.56,0.2446,0.1051,country_area_weighted_mean,6,synthetic
2022-02-14,ROU,-6.153,-4.976,0.3332,0.1039,country_area_weighted_mean,6,synthetic
2022-02-14,BGR,-1.4,-0.919,0.2855,0.0508,country_area_weighted_mean,6,synthetic
2022-02-14,SRB,-5.614,-4.264,0.3832,0.1016,country_area_weighted_mean,6,synthetic
2022-02-14,UKR,-7.807,-5.678,0.4391,0.1254,country_area_weighted_mean,6,synthetic
2022-02-14,MDA,-4.714,-4.536,0.3734,0.1004,country_area_weighted_mean,6,synthetic
2022-02-14,RUS,-13.084,-10.039,0.3169,0.1832,country_area_weighted_mean,6,synthetic
2022-02-14,TUR,1.518,1.781,0.3464,0.0162,country_area_weighted_mean,6,synthetic
2022-02-14,GEO,-3.513,-2.252,0.3558,0.0665,country_area_weighted_mean,6,synthetic
2022-02-14,ISR,3.573,4.382,0.2874,0.0,country_area_weighted_mean,6,synthetic
2022-02-14,EGY,9.676,8.872,0.2753,0.0,country_area_weighted_mean,6,synthetic
2022-02-14,TUN,3.038,3.301,0.2807,0.0,country_area_weighted_mean,6,synthetic
2022-02-14,MAR,5.172,3.939,0.3114,0.0,country_area_weighted_mean,6,synthetic
2022-02-21,FRA,-5.075,-4.55,0.4856,0.1039,country_area_weighted_mean,6,synthetic
2022-02-21,DEU,-7.892,-6.469,0.3497,0.135,country_area_weighted_mean,6,synthetic
2022-02-21,NLD,-10.898,-8.227,0.3333,0.1707,country_area_weighted_mean,6,synthetic
2022-02-21,BEL,-4.857,-4.555,0.3655,0.0942,country_area_weighted_mean,6,synthetic
2022-02-21,ITA,-2.872,-1.525,0.3569,0.0592,country_area_weighted_mean,6,synthetic
2022-02-21,ESP,-0.337,-0.131,0.4617,0.0339,country_area_weighted_mean,6,synthetic
2022-02-21,POL,-10.291,-9.426,0.4421,0.1589,country_area_weighted_mean,6,synthetic
2022-02-21,HUN,-5.985,-4.106,0.3114,0.103,country_area_weighted_mean,6,synthetic
2022-02-21,ROU,-6.969,-4.96,0.3822,0.1053,country_area_weighted_mean,6,synthetic
2022-02-21,BGR,-2.008,-1.52,0.297,0.0578,country_area_weighted_mean,6,synthetic
2022-02-21,SRB,-3.077,-3.028,0.3379,0.0752,country_area_weighted_mean,6,synthetic
2022-02-21,UKR,-6.956,-4.944,0.336,0.1077,country_area_weighted_mean,6,synthetic
2022-02-21,MDA,-3.107,-2.57,0.3122,0.0749,country_area_weighted_mean,6,synthetic
2022-02-21,RUS,-8.763,-7.018,0.4327,0.1385,country_area_weighted_mean,6,synthetic
2022-02-21,TUR,2.494,2.838,0.358,0.0018,country_area_weighted_mean,6,synthetic
2022-02-21,GEO,-1.804,-0.913,0.3662,0.057,country_area_weighted_mean,6,synthetic
2022-02-21,ISR,2.518,2.913,0.2787,0.0,country_area_weighted_mean,6,synthetic
2022-02-21,EGY,9.765,8.562,0.3712,0.0,country_area_weighted_mean,6,synthetic
2022-02-21,TUN,3.969,3.834,0.2451,0.0,country_area_weighted_mean,6,synthetic
2022-02-21,MAR,6.052,5.146,0.3014,0.0,country_area_weighted_mean,6,synthetic
2022-02-28,FRA,-5.208,-4.405,0.3027,0.1042,country_area_weighted_mean,6,synthetic
2022-02-28,DEU,-7.192,-5.402,0.2897,0.1217,country_area_weighted_mean,6,synthetic
2022-02-28,NLD,-8.592,-6.145,0.3391,0.1294,country_area_weighted_mean,6,synthetic
2022-02-28,BEL,-3.665,-3.711,0.3229,0.09,country_area_weighted_mean,6,synthetic
2022-02-28,ITA,-2.122,-1.381,0.3165,0.0595,country_area_weighted_mean,6,synthetic
2022-02-28,ESP,-1.014,0.337,0.4188,0.0414,country_area_weighted_mean,6,synthetic
2022-02-28,POL,-9.283,-6.515,0.4012,0.1464,country_area_weighted_mean,6,synthetic
2022-02-28,HUN,-3.759,-3.315,0.3236,0.0772,country_area_weighted_mean,6,synthetic
2022-02-28,ROU,-3.406,-1.598,0.3638,0.07,country_area_weighted_mean,6,synthetic
2022-02-28,BGR,-1.5,-1.468,0.2925,0.0494,country_area_weighted_mean,6,synthetic
2022-02-28,SRB,-1.69,-1.372,0.3076,0.0536,country_area_weighted_mean,6,synthetic
2022-02-28,UKR,-5.44,-3.824,0.387,0.0964,country_area_weighted_mean,6,synthetic
2022-02-28,MDA,-2.773,-2.019,0.3301,0.0809,country_area_weighted_mean,6,synthetic
2022-02-28,RUS,-10.359,-7.892,0.477,0.1605,country_area_weighted_mean,6,synthetic
2022-02-28,TUR,1.413,1.502,0.4234,0.0175,country_area_weighted_mean,6,synthetic
2022-02-28,GEO,-0.589,-1.258,0.353,0.0442,country_area_weighted_mean,6,synthetic
2022-02-28,ISR,7.981,7.289,0.2715,0.0,country_area_weighted_mean,6,synthetic
2022-02-28,EGY,9.005,8.567,0.4191,0.0,country_area_weighted_mean,6,synthetic
2022-02-28,TUN,6.299,6.244,0.2703,0.0,country_area_weighted_mean,6,synthetic
2022-02-28,MAR,7.542,6.948,0.316,0.0,country_area_weighted_mean,6,synthetic
2022-03-07,FRA,-3.211,-2.842,0.3251,0.0755,country_area_weighted_mean,6,synthetic
2022-03-07,DEU,-5.61,-4.396,0.2694,0.1101,country_area_weighted_mean,6,synthetic
2022-03-07,NLD,-8.459,-5.821,0.3183,0.1262,country_area_weighted_mean,6,synthetic
2022-03-07,BEL,-5.486,-4.763,0.2977,0.0925,country_area_weighted_mean,6,synthetic
2022-03-07,ITA,-0.412,0.419,0.3395,0.038,country_area_weighted_mean,6,synthetic
2022-03-07,ESP,0.376,0.855,0.3957,0.0296,country_area_weighted_mean,6,synthetic
2022-03-07,POL,-6.467,-4.988,0.3772,0.1219,country_area_weighted_mean,6,synthetic
2022-03-07,HUN,-3.572,-2.808,0.3173,0.0744,country_area_weighted_mean,6,synthetic
2022-03-07,ROU,-1.064,-0.43,0.3329,0.045,country_area_weighted_mean,6,synthetic
2022-03-07,BGR,-0.62,0.407,0.2558,0.038,country_area_weighted_mean,6,synthetic
2022-03-07,SRB,0.238,0.689,0.3803,0.0328,country_area_weighted_mean,6,synthetic
2022-03-07,UKR,-4.03,-2.929,0.4408,0.0745,country_area_weighted_mean,6,synthetic
2022-03-07,MDA,-2.393,-1.691,0.3392,0.0611,country_area_weighted_mean,6,synthetic
2022-03-07,RUS,-9.128,-6.298,0.4521,0.1404,country_area_weighted_mean,6,synthetic
2022-03-07,TUR,1.674,1.541,0.3304,0.0103,country_area_weighted_mean,6,synthetic
2022-03-07,GEO,-0.334,-0.231,0.2892,0.0364,country_area_weighted_mean,6,synthetic
2022-03-07,ISR,7.476,5.727,0.2935,0.0,country_area_weighted_mean,6,synthetic
2022-03-07,EGY,9.47,8.062,0.3218,0.0,country_area_weighted_mean,6,synthetic
2022-03-07,TUN,8.319,7.534,0.2812,0.0,country_area_weighted_mean,6,synthetic
2022-03-07,MAR,7.675,6.871,0.3565,0.0,country_area_weighted_mean,6,synthetic
2022-03-14,FRA,-4.672,-2.135,0.3093,0.0775,country_area_weighted_mean,6,synthetic
2022-03-14,DEU,-0.914,-0.162,0.2875,0.0541,country_area_weighted_mean,6,synthetic
2022-03-14,NLD,-6.173,-4.445,0.4127,0.115,country_area_weighted_mean,6,synthetic
2022-03-14,BEL,-3.41,-2.816,0.3124,0.0726,country_area_weighted_mean,6,synthetic
2022-03-14,ITA,0.324,0.789,0.359,0.033,country_area_weighted_mean,6,synthetic
2022-03-14,ESP,1.298,1.141,0.4278,0.0196,country_area_weighted_mean,6,synthetic
2022-03-14,POL,-6.511,-4.962,0.3181,0.1057,country_area_weighted_mean,6,synthetic
2022-03-14,HUN,-1.93,-1.315,0.3078,0.0609,country_area_weighted_mean,6,synthetic
2022-03-14,ROU,-0.468,0.555,0.3165,0.0367,country_area_weighted_mean,6,synthetic
2022-03-14,BGR,0.691,1.676,0.3335,0.0249,country_area_weighted_mean,6,synthetic
2022-03-14,SRB,-0.14,-0.03,0.4768,0.0351,country_area_weighted_mean,6,synthetic
2022-03-14,UKR,-1.731,-1.363,0.3928,0.0585,country_area_weighted_mean,6,synthetic
2022-03-14,MDA,-3.647,-3.07,0.313,0.0782,country_area_weighted_mean,6,synthetic
2022-03-14,RUS,-5.54,-4.652,0.3496,0.1026,country_area_weighted_mean,6,synthetic
2022-03-14,TUR,3.638,2.844,0.3445,0.0,country_area_weighted_mean,6,synthetic
2022-03-14,GEO,2.997,3.331,0.294,0.0035,country_area_weighted_mean,6,synthetic
2022-03-14,ISR,7.162,7.4,0.314,0.0,country_area_weighted_mean,6,synthetic
2022-03-14,EGY,10.676,9.576,0.3507,0.0,country_area_weighted_mean,6,synthetic
2022-03-14,TUN,10.584,8.772,0.2866,0.0,country_area_weighted_mean,6,synthetic
2022-03-14,MAR,9.592,9.202,0.3246,0.0,country_area_weighted_mean,6,synthetic
2022-03-21,FRA,-1.225,-0.995,0.2898,0.0486,country_area_weighted_mean,6,synthetic
2022-03-21,DEU,-0.652,-0.523,0.3476,0.0439,country_area_weighted_mean,6,synthetic
2022-03-21,NLD,-2.963,-2.699,0.3816,0.0742,country_area_weighted_mean,6,synthetic
2022-03-21,BEL,-2.407,-0.891,0.3088,0.0484,country_area_weighted_mean,6,synthetic
2022-03-21,ITA,0.719,1.009,0.3138,0.0306,country_area_weighted_mean,6,synthetic
2022-03-21,ESP,2.952,3.234,0.3194,0.0,country_area_weighted_mean,6,synthetic
2022-03-21,POL,-5.417,-5.144,0.3333,0.1068,country_area_weighted_mean,6,synthetic
2022-03-21,HUN,-0.994,0.849,0.3445,0.0333,country_area_weighted_mean,6,synthetic
2022-03-21,ROU,-0.07,0.995,0.3455,0.0308,country_area_weighted_mean,6,synthetic
2022-03-21,BGR,2.339,3.412,0.3376,0.0,country_area_weighted_mean,6,synthetic
2022-03-21,SRB,0.879,0.483,0.351,0.0266,country_area_weighted_mean,6,synthetic
2022-03-21,UKR,-0.308,0.102,0.3836,0.0449,country_area_weighted_mean,6,synthetic
2022-03-21,MDA,0.005,1.147,0.2646,0.0346,country_area_weighted_mean,6,synthetic
2022-03-21,RUS,-4.652,-3.072,0.2924,0.0822,country_area_weighted_mean,6,synthetic
2022-03-21,TUR,4.129,4.333,0.3311,0.0,country_area_weighted_mean,6,synthetic
2022-03-21,GEO,3.49,2.866,0.2975,0.0,country_area_weighted_mean,6,synthetic
2022-03-21,ISR,10.619,9.204,0.2671,0.0,country_area_weighted_mean,6,synthetic
2022-03-21,EGY,11.476,10.022,0.2793,0.0,country_area_weighted_mean,6,synthetic
2022-03-21,TUN,8.844,9.325,0.3254,0.0,country_area_weighted_mean,6,synthetic
2022-03-21,MAR,11.589,9.54,0.2917,0.0,country_area_weighted_mean,6,synthetic
2022-03-28,FRA,1.691,1.555,0.2816,0.0203,country_area_weighted_mean,6,synthetic
2022-03-28,DEU,-1.082,-0.651,0.3214,0.0397,country_area_weighted_mean,6,synthetic
2022-03-28,NLD,-2.603,-1.663,0.3751,0.0682,country_area_weighted_mean,6,synthetic
2022-03-28,BEL,0.974,0.618,0.3689,0.0247,country_area_weighted_mean,6,synthetic
2022-03-28,ITA,2.112,2.582,0.3773,0.0158,country_area_weighted_mean,6,synthetic
2022-03-28,ESP,3.288,2.901,0.4389,0.0018,country_area_weighted_mean,6,synthetic
2022-03-28,POL,-4.33,-3.58,0.3916,0.0854,country_area_weighted_mean,6,synthetic
2022-03-28,HUN,4.005,3.736,0.2469,0.0,country_area_weighted_mean,6,synthetic
2022-03-28,ROU,1.598,1.781,0.3922,0.0189,country_area_weighted_mean,6,synthetic
2022-03-28,BGR,3.568,3.193,0.2855,0.0,country_area_weighted_mean,6,synthetic
2022-03-28,SRB,1.274,2.518,0.3059,0.0148,country_area_weighted_mean,6,synthetic
2022-03-28,UKR,0.238,0.001,0.3332,0.025,country_area_weighted_mean,6,synthetic
2022-03-28,MDA,2.973,2.789,0.3391,0.0096,country_area_weighted_mean,6,synthetic
2022-03-28,RUS,-2.26,-0.724,0.307,0.0492,country_area_weighted_mean,6,synthetic
2022-03-28,TUR,5.538,5.739,0.3309,0.0,country_area_weighted_mean,6,synthetic
2022-03-28,GEO,5.762,5.022,0.2759,0.0,country_area_weighted_mean,6,synthetic
2022-03-28,ISR,11.636,10.68,0.3694,0.0,country_area_weighted_mean,6,synthetic
2022-03-28,EGY,13.921,12.206,0.2622,0.0,country_area_weighted_mean,6,synthetic
2022-03-28,TUN,9.997,9.012,0.3521,0.0,country_area_weighted_mean,6,synthetic
2022-03-28,MAR,10.701,10.358,0.296,0.0,country_area_weighted_mean,6,synthetic
2022-04-04,FRA,4.979,4.547,0.3119,0.0,country_area_weighted_mean,6,synthetic
2022-04-04,DEU,0.673,0.627,0.3445,0.0284,country_area_weighted_mean,6,synthetic
2022-04-04,NLD,0.28,1.756,0.3534,0.0294,country_area_weighted_mean,6,synthetic
2022-04-04,BEL,1.084,2.908,0.2806,0.0086,country_area_weighted_mean,6,synthetic
2022-04-04,ITA,4.971,4.388,0.3466,0.0,country_area_weighted_mean,6,synthetic
2022-04-04,ESP,2.487,2.914,0.3562,0.0061,country_area_weighted_mean,6,synthetic
2022-04-04,POL,-1.104,0.204,0.3103,0.0465,country_area_weighted_mean,6,synthetic
2022-04-04,HUN,5.777,6.007,0.357,0.0,country_area_weighted_mean,6,synthetic
2022-04-04,ROU,2.469,2.606,0.3466,0.0053,country_area_weighted_mean,6,synthetic
2022-04-04,BGR,6.649,5.675,0.2751,0.0,country_area_weighted_mean,6,synthetic
2022-04-04,SRB,2.761,3.048,0.3075,0.0,country_area_weighted_mean,6,synthetic
2022-04-04,UKR,3.879,4.424,0.3103,0.0,country_area_weighted_mean,6,synthetic
2022-04-04,MDA,4.844,4.569,0.3651,0.0,country_area_weighted_mean,6,synthetic
2022-04-04,RUS,0.401,-0.193,0.2873,0.0335,country_area_weighted_mean,6,synthetic
2022-04-04,TUR,9.543,8.874,0.2787,0.0,country_area_weighted_mean,6,synthetic
2022-04-04,GEO,6.383,5.855,0.321,0.0,country_area_weighted_mean,6,synthetic
2022-04-04,ISR,12.759,10.644,0.3423,0.0,country_area_weighted_mean,6,synthetic
2022-04-04,EGY,14.851,13.024,0.3408,0.0,country_area_weighted_mean,6,synthetic
2022-04-04,TUN,9.234,7.621,0.3181,0.0,country_area_weighted_mean,6,synthetic
2022-04-04,MAR,12.976,11.539,0.3247,0.0,country_area_weighted_mean,6,synthetic
2022-04-11,FRA,7.545,7.002,0.2922,0.0,country_area_weighted_mean,6,synthetic
2022-04-11,DEU,1.817,2.196,0.2638,0.0117,country_area_weighted_mean,6,synthetic
2022-04-11,NLD,3.639,3.498,0.2854,0.0,country_area_weighted_mean,6,synthetic
2022-04-11,BEL,6.938,6.693,0.3147,0.0,country_area_weighted_mean,6,synthetic
2022-04-11,ITA,6.97,7.016,0.3007,0.0,country_area_weighted_mean,6,synthetic
2022-04-11,ESP,8.019,6.873,0.3848,0.0,country_area_weighted_mean,6,synthetic
2022-04-11,POL,0.881,-0.697,0.3276,0.0342,country_area_weighted_mean,6,synthetic
2022-04-11,HUN,8.21,7.397,0.3192,0.0,country_area_weighted_mean,6,synthetic
2022-04-11,ROU,5.407,5.487,0.3769,0.0,country_area_weighted_mean,6,synthetic
2022-04-11,BGR,8.669,8.279,0.3272,0.0,country_area_weighted_mean,6,synthetic
2022-04-11,SRB,5.101,5.676,0.2939,0.0,country_area_weighted_mean,6,synthetic
2022-04-11,UKR,5.708,5.066,0.2891,0.0,country_area_weighted_mean,6,synthetic
2022-04-11,MDA,5.511,4.558,0.3794,0.0,country_area_weighted_mean,6,synthetic
2022-04-11,RUS,2.833,3.042,0.3213,0.0026,country_area_weighted_mean,6,synthetic
2022-04-11,TUR,9.842,8.648,0.2639,0.0,country_area_weighted_mean,6,synthetic
2022-04-11,GEO,7.202,7.021,0.4025,0.0,country_area_weighted_mean,6,synthetic
2022-04-11,ISR,14.392,12.962,0.2825,0.0,country_area_weighted_mean,6,synthetic
2022-04-11,EGY,15.518,12.377,0.3018,0.0,country_area_weighted_mean,6,synthetic
2022-04-11,TUN,12.719,10.7,0.2718,0.0,country_area_weighted_mean,6,synthetic
2022-04-11,MAR,17.654,14.364,0.2823,0.0,country_area_weighted_mean,6,synthetic
2022-04-18,FRA,10.434,9.755,0.3035,0.0,country_area_weighted_mean,6,synthetic
2022-04-18,DEU,5.116,5.661,0.2813,0.0,country_area_weighted_mean,6,synthetic
2022-04-18,NLD,6.068,5.406,0.2864,0.0,country_area_weighted_mean,6,synthetic
2022-04-18,BEL,9.685,7.606,0.3469,0.0,country_area_weighted_mean,6,synthetic
2022-04-18,ITA,10.621,9.683,0.2775,0.0,country_area_weighted_mean,6,synthetic
2022-04-18,ESP,10.325,9.323,0.287,0.0,country_area_weighted_mean,6,synthetic
2022-04-18,POL,3.306,3.445,0.3154,0.0,country_area_weighted_mean,6,synthetic
2022-04-18,HUN,8.127,8.462,0.3261,0.0,country_area_weighted_mean,6,synthetic
2022-04-18,ROU,6.515,5.537,0.3724,0.0,country_area_weighted_mean,6,synthetic
2022-04-18,BGR,11.361,10.078,0.3591,0.0,country_area_weighted_mean,6,synthetic
2022-04-18,SRB,7.784,7.031,0.3071,0.0,country_area_weighted_mean,6,synthetic
2022-04-18,UKR,9.538,8.884,0.2609,0.0,country_area_weighted_mean,6,synthetic
2022-04-18,MDA,7.067,7.538,0.3046,0.0,country_area_weighted_mean,6,synthetic
2022-04-18,RUS,2.908,3.744,0.3563,0.0,country_area_weighted_mean,6,synthetic
2022-04-18,TUR,12.395,10.151,0.2728,0.0,country_area_weighted_mean,6,synthetic
2022-04-18,GEO,9.799,9.124,0.3648,0.0,country_area_weighted_mean,6,synthetic
2022-04-18,ISR,16.846,14.905,0.253,0.0,country_area_weighted_mean,6,synthetic
2022-04-18,EGY,17.101,14.688,0.2976,0.0,country_area_weighted_mean,6,synthetic
2022-04-18,TUN,12.924,11.46,0.2984,0.0,country_area_weighted_mean,6,synthetic
2022-04-18,MAR,15.504,13.518,0.293,0.0,country_area_weighted_mean,6,synthetic
2022-04-25,FRA,10.916,9.679,0.379,0.0,country_area_weighted_mean,6,synthetic
2022-04-25,DEU,6.407,6.479,0.3179,0.0,country_area_weighted_mean,6,synthetic
2022-04-25,NLD,6.79,5.833,0.2734,0.0,country_area_weighted_mean,6,synthetic
2022-04-25,BEL,11.13,10.046,0.3184,0.0,country_area_weighted_mean,6,synthetic
2022-04-25,ITA,13.553,11.411,0.3193,0.0,country_area_weighted_mean,6,synthetic
2022-04-25,ESP,11.797,10.642,0.3075,0.0,country_area_weighted_mean,6,synthetic
2022-04-25,POL,6.994,7.454,0.3931,0.0,country_area_weighted_mean,6,synthetic
2022-04-25,HUN,12.751,10.361,0.4311,0.0,country_area_weighted_mean,6,synthetic
2022-04-25,ROU,8.372,8.33,0.4119,0.0,country_area_weighted_mean,6,synthetic
2022-04-25,BGR,13.625,13.027,0.3578,0.0,country_area_weighted_mean,6,synthetic
2022-04-25,SRB,10.771,9.294,0.3523,0.0,country_area_weighted_mean,6,synthetic
2022-04-25,UKR,9.902,8.584,0.3513,0.0,country_area_weighted_mean,6,synthetic
2022-04-25,MDA,9.773,9.172,0.3664,0.0,country_area_weighted_mean,6,synthetic
2022-04-25,RUS,4.428,5.249,0.3124,0.0,country_area_weighted_mean,6,synthetic
2022-04-25,TUR,14.353,12.432,0.2947,0.0,country_area_weighted_mean,6,synthetic
2022-04-25,GEO,12.086,10.981,0.4234,0.0,country_area_weighted_mean,6,synthetic
2022-04-25,ISR,17.658,15.855,0.3029,0.0,country_area_weighted_mean,6,synthetic
2022-04-25,EGY,17.557,15.447,0.2691,0.0,country_area_weighted_mean,6,synthetic
2022-04-25,TUN,14.789,13.016,0.2831,0.0,country_area_weighted_mean,6,synthetic
2022-04-25,MAR,16.027,14.244,0.3366,0.0,country_area_weighted_mean,6,synthetic
2022-05-02,FRA,13.882,12.704,0.3725,0.0,country_area_weighted_mean,6,synthetic
2022-05-02,DEU,9.219,8.627,0.3257,0.0,country_area_weighted_mean,6,synthetic
2022-05-02,NLD,7.206,7.948,0.3087,0.0,country_area_weighted_mean,6,synthetic
2022-05-02,BEL,11.805,10.968,0.2789,0.0,country_area_weighted_mean,6,synthetic
2022-05-02,ITA,13.206,11.906,0.333,0.0,country_area_weighted_mean,6,synthetic
2022-05-02,ESP,12.329,11.444,0.2708,0.0,country_area_weighted_mean,6,synthetic
2022-05-02,POL,8.512,7.829,0.3779,0.0,country_area_weighted_mean,6,synthetic
2022-05-02,HUN,14.232,12.151,0.3741,0.0,country_area_weighted_mean,6,synthetic
2022-05-02,ROU,11.757,10.37,0.4207,0.0,country_area_weighted_mean,6,synthetic
2022-05-02,BGR,13.505,12.551,0.3024,0.0,country_area_weighted_mean,6,synthetic
2022-05-02,SRB,12.302,10.732,0.3522,0.0,country_area_weighted_mean,6,synthetic
2022-05-02,UKR,11.909,10.802,0.2495,0.0,country_area_weighted_mean,6,synthetic
2022-05-02,MDA,11.438,10.59,0.3421,0.0,country_area_weighted_mean,6,synthetic
2022-05-02,RUS,7.971,6.191,0.28,0.0,country_area_weighted_mean,6,synthetic
2022-05-02,TUR,15.94,12.938,0.2885,0.0,country_area_weighted_mean,6,synthetic
2022-05-02,GEO,14.039,13.075,0.3357,0.0,country_area_weighted_mean,6,synthetic
2022-05-02,ISR,19.418,17.501,0.3015,0.0,country_area_weighted_mean,6,synthetic
2022-05-02,EGY,16.977,14.803,0.3014,0.0,country_area_weighted_mean,6,synthetic
2022-05-02,TUN,15.537,13.13,0.344,0.0,country_area_weighted_mean,6,synthetic
2022-05-02,MAR,18.547,16.964,0.2629,0.0,country_area_weighted_mean,6,synthetic
2022-05-09,FRA,16.396,13.528,0.2879,0.0,country_area_weighted_mean,6,synthetic
2022-05-09,DEU,10.666,8.249,0.225,0.0,country_area_weighted_mean,6,synthetic
2022-05-09,NLD,10.474,9.409,0.3134,0.0,country_area_weighted_mean,6,synthetic
2022-05-09,BEL,14.427,13.169,0.3431,0.0,country_area_weighted_mean,6,synthetic
2022-05-09,ITA,14.515,11.726,0.2736,0.0,country_area_weighted_mean,6,synthetic
2022-05-09,ESP,11.948,11.097,0.2674,0.0,country_area_weighted_mean,6,synthetic
2022-05-09,POL,8.515,8.329,0.4392,0.0,country_area_weighted_mean,6,synthetic
2022-05-09,HUN,13.628,12.459,0.4394,0.0,country_area_weighted_mean,6,synthetic
2022-05-09,ROU,12.634,11.732,0.3097,0.0,country_area_weighted_mean,6,synthetic
2022-05-09,BGR,14.903,12.701,0.2632,0.0,country_area_weighted_mean,6,synthetic
2022-05-09,SRB,13.959,13.409,0.2998,0.0,country_area_weighted_mean,6,synthetic
2022-05-09,UKR,11.713,10.696,0.3195,0.0,country_area_weighted_mean,6,synthetic
2022-05-09,MDA,14.819,13.281,0.3638,0.0,country_area_weighted_mean,6,synthetic
2022-05-09,RUS,10.414,10.064,0.2857,0.0,country_area_weighted_mean,6,synthetic
2022-05-09,TUR,16.988,14.547,0.3395,0.0,country_area_weighted_mean,6,synthetic
2022-05-09,GEO,15.0,13.581,0.3067,0.0,country_area_weighted_mean,6,synthetic
2022-05-09,ISR,19.776,17.281,0.2955,0.0,country_area_weighted_mean,6,synthetic
2022-05-09,EGY,17.789,15.741,0.2394,0.0,country_area_weighted_mean,6,synthetic
2022-05-09,TUN,15.913,14.59,0.341,0.0,country_area_weighted_mean,6,synthetic
2022-05-09,MAR,19.496,17.173,0.2999,0.0,country_area_weighted_mean,6,synthetic
2022-05-16,FRA,17.097,14.65,0.2709,0.0,country_area_weighted_mean,6,synthetic
2022-05-16,DEU,13.537,11.975,0.2367,0.0,country_area_weighted_mean,6,synthetic
2022-05-16,NLD,12.253,10.458,0.287,0.0,country_area_weighted_mean,6,synthetic
2022-05-16,BEL,17.333,15.335,0.3419,0.0,country_area_weighted_mean,6,synthetic
2022-05-16,ITA,15.686,14.432,0.2842,0.0,country_area_weighted_mean,6,synthetic
2022-05-16,ESP,15.18,13.729,0.3062,0.0,country_area_weighted_mean,6,synthetic
2022-05-16,POL,11.745,10.179,0.3105,0.0,country_area_weighted_mean,6,synthetic
2022-05-16,HUN,18.033,15.366,0.3965,0.0,country_area_weighted_mean,6,synthetic
2022-05-16,ROU,13.704,11.402,0.3174,0.0,country_area_weighted_mean,6,synthetic
2022-05-16,BGR,16.433,15.588,0.33,0.0,country_area_weighted_mean,6,synthetic
2022-05-16,SRB,14.81,13.875,0.2918,0.0,country_area_weighted_mean,6,synthetic
2022-05-16,UKR,17.112,14.645,0.3214,0.0,country_area_weighted_mean,6,synthetic
2022-05-16,MDA,15.835,13.215,0.3662,0.0,country_area_weighted_mean,6,synthetic
2022-05-16,RUS,10.849,10.152,0.2754,0.0,country_area_weighted_mean,6,synthetic
2022-05-16,TUR,16.695,14.154,0.3295,0.0,country_area_weighted_mean,6,synthetic
2022-05-16,GEO,14.141,12.806,0.2717,0.0,country_area_weighted_mean,6,synthetic
2022-05-16,ISR,20.69,17.912,0.2744,0.0,country_area_weighted_mean,6,synthetic
2022-05-16,EGY,19.622,17.169,0.2706,0.0,country_area_weighted_mean,6,synthetic
2022-05-16,TUN,19.597,18.414,0.2635,0.0,country_area_weighted_mean,6,synthetic
2022-05-16,MAR,21.349,18.515,0.2605,0.0,country_area_weighted_mean,6,synthetic
2022-05-23,FRA,19.205,16.832,0.3893,0.0,country_area_weighted_mean,6,synthetic
2022-05-23,DEU,16.693,14.603,0.3498,0.0,country_area_weighted_mean,6,synthetic
2022-05-23,NLD,15.29,13.172,0.2727,0.0,country_area_weighted_mean,6,synthetic
2022-05-23,BEL,16.043,15.174,0.2857,0.0,country_area_weighted_mean,6,synthetic
2022-05-23,ITA,17.061,16.089,0.2673,0.0,country_area_weighted_mean,6,synthetic
2022-05-23,ESP,16.088,14.827,0.3062,0.0,country_area_weighted_mean,6,synthetic
2022-05-23,POL,11.636,10.564,0.3029,0.0,country_area_weighted_mean,6,synthetic
2022-05-23,HUN,18.735,15.907,0.332,0.0,country_area_weighted_mean,6,synthetic
2022-05-23,ROU,17.03,14.859,0.2885,0.0,country_area_weighted_mean,6,synthetic
2022-05-23,BGR,17.45,15.829,0.3401,0.0,country_area_weighted_mean,6,synthetic
2022-05-23,SRB,15.554,12.606,0.3262,0.0,country_area_weighted_mean,6,synthetic
2022-05-23,UKR,18.571,16.45,0.3651,0.0,country_area_weighted_mean,6,synthetic
2022-05-23,MDA,17.58,15.973,0.3483,0.0,country_area_weighted_mean,6,synthetic
2022-05-23,RUS,14.214,12.487,0.3085,0.0,country_area_weighted_mean,6,synthetic
2022-05-23,TUR,18.702,15.833,0.2895,0.0,country_area_weighted_mean,6,synthetic
2022-05-23,GEO,15.433,12.459,0.2586,0.0,country_area_weighted_mean,6,synthetic
2022-05-23,ISR,22.266,19.278,0.302,0.0,country_area_weighted_mean,6,synthetic
2022-05-23,EGY,19.652,17.684,0.2694,0.0,country_area_weighted_mean,6,synthetic
2022-05-23,TUN,20.029,17.475,0.3211,0.0,country_area_weighted_mean,6,synthetic
2022-05-23,MAR,21.401,17.989,0.2769,0.0,country_area_weighted_mean,6,synthetic
2022-05-30,FRA,19.651,16.667,0.3781,0.0,country_area_weighted_mean,6,synthetic
2022-05-30,DEU,14.283,12.739,0.3573,0.0,country_area_weighted_mean,6,synthetic
2022-05-30,NLD,17.771,15.171,0.3422,0.0,country_area_weighted_mean,6,synthetic
2022-05-30,BEL,18.5,15.9,0.2898,0.0,country_area_weighted_mean,6,synthetic
2022-05-30,ITA,19.71,16.783,0.235,0.0,country_area_weighted_mean,6,synthetic
2022-05-30,ESP,16.166,15.923,0.2995,0.0,country_area_weighted_mean,6,synthetic
2022-05-30,POL,14.196,13.072,0.2693,0.0,country_area_weighted_mean,6,synthetic
2022-05-30,HUN,22.518,19.394,0.4023,0.0,country_area_weighted_mean,6,synthetic
2022-05-30,ROU,17.703,15.74,0.2675,0.0,country_area_weighted_mean,6,synthetic
2022-05-30,BGR,18.171,16.182,0.3755,0.0,country_area_weighted_mean,6,synthetic
2022-05-30,SRB,17.435,15.43,0.3302,0.0,country_area_weighted_mean,6,synthetic
2022-05-30,UKR,21.921,18.739,0.2698,0.0,country_area_weighted_mean,6,synthetic
2022-05-30,MDA,16.978,16.049,0.3045,0.0,country_area_weighted_mean,6,synthetic
2022-05-30,RUS,14.807,13.148,0.3012,0.0,country_area_weighted_mean,6,synthetic
2022-05-30,TUR,21.294,18.5,0.2399,0.0,country_area_weighted_mean,6,synthetic
2022-05-30,GEO,16.798,14.934,0.2571,0.0,country_area_weighted_mean,6,synthetic
2022-05-30,ISR,25.99,21.807,0.2875,0.0,country_area_weighted_mean,6,synthetic
2022-05-30,EGY,21.804,19.33,0.2582,0.0,country_area_weighted_mean,6,synthetic
2022-05-30,TUN,19.263,17.496,0.3039,0.0,country_area_weighted_mean,6,synthetic
2022-05-30,MAR,23.454,20.626,0.2877,0.0,country_area_weighted_mean,6,synthetic
2022-06-06,FRA,21.144,16.943,0.2663,0.0,country_area_weighted_mean,6,synthetic
2022-06-06,DEU,17.765,15.714,0.3641,0.0,country_area_weighted_mean,6,synthetic
2022-06-06,NLD,19.572,16.344,0.321,0.0,country_area_weighted_mean,6,synthetic
2022-06-06,BEL,21.357,17.914,0.2965,0.0,country_area_weighted_mean,6,synthetic
2022-06-06,ITA,19.823,16.871,0.2708,0.0,country_area_weighted_mean,6,synthetic
2022-06-06,ESP,18.709,16.042,0.2402,0.0,country_area_weighted_mean,6,synthetic
2022-06-06,POL,16.379,14.304,0.3354,0.0,country_area_weighted_mean,6,synthetic
2022-06-06,HUN,23.624,19.669,0.3069,0.0,country_area_weighted_mean,6,synthetic
2022-06-06,ROU,21.279,18.686,0.3427,0.0,country_area_weighted_mean,6,synthetic
2022-06-06,BGR,19.205,16.511,0.2697,0.0,country_area_weighted_mean,6,synthetic
2022-06-06,SRB,20.326,17.777,0.2903,0.0,country_area_weighted_mean,6,synthetic
2022-06-06,UKR,23.468,20.356,0.2344,0.0,country_area_weighted_mean,6,synthetic
2022-06-06,MDA,18.898,16.713,0.3632,0.0,country_area_weighted_mean,6,synthetic
2022-06-06,RUS,16.918,15.376,0.2525,0.0,country_area_weighted_mean,6,synthetic
2022-06-06,TUR,22.279,19.14,0.268,0.0,country_area_weighted_mean,6,synthetic
2022-06-06,GEO,18.189,17.077,0.3235,0.0,country_area_weighted_mean,6,synthetic
2022-06-06,ISR,24.357,22.465,0.2708,0.0,country_area_weighted_mean,6,synthetic
2022-06-06,EGY,24.252,21.608,0.2934,0.0,country_area_weighted_mean,6,synthetic
2022-06-06,TUN,20.843,17.45,0.2573,0.0,country_area_weighted_mean,6,synthetic
2022-06-06,MAR,22.877,20.347,0.271,0.0,country_area_weighted_mean,6,synthetic
2022-06-13,FRA,21.057,19.645,0.3244,0.0,country_area_weighted_mean,6,synthetic
2022-06-13,DEU,21.0,17.797,0.3015,0.0,country_area_weighted_mean,6,synthetic
2022-06-13,NLD,20.063,17.933,0.275,0.0,country_area_weighted_mean,6,synthetic
2022-06-13,BEL,19.74,17.214,0.2661,0.0,country_area_weighted_mean,6,synthetic
2022-06-13,ITA,21.434,18.089,0.2416,0.0,country_area_weighted_mean,6,synthetic
2022-06-13,ESP,21.776,18.964,0.2491,0.0,country_area_weighted_mean,6,synthetic
2022-06-13,POL,18.032,15.514,0.2588,0.0,country_area_weighted_mean,6,synthetic
2022-06-13,HUN,21.532,19.902,0.4223,0.0,country_area_weighted_mean,6,synthetic
2022-06-13,ROU,22.267,19.456,0.3311,0.0,country_area_weighted_mean,6,synthetic
2022-06-13,BGR,22.303,19.746,0.2899,0.0,country_area_weighted_mean,6,synthetic
2022-06-13,SRB,20.711,18.297,0.3033,0.0,country_area_weighted_mean,6,synthetic
2022-06-13,UKR,23.123,19.475,0.2932,0.0,country_area_weighted_mean,6,synthetic
2022-06-13,MDA,20.599,17.95,0.3066,0.0,country_area_weighted_mean,6,synthetic
2022-06-13,RUS,19.38,15.843,0.3192,0.0,country_area_weighted_mean,6,synthetic
2022-06-13,TUR,20.237,17.775,0.257,0.0,country_area_weighted_mean,6,synthetic
2022-06-13,GEO,21.788,19.419,0.3039,0.0,country_area_weighted_mean,6,synthetic
2022-06-13,ISR,25.742,22.182,0.2663,0.0,country_area_weighted_mean,6,synthetic
2022-06-13,EGY,26.4,22.571,0.2672,0.0,country_area_weighted_mean,6,synthetic
2022-06-13,TUN,23.368,19.793,0.3075,0.0,country_area_weighted_mean,6,synthetic
2022-06-13,MAR,23.997,20.35,0.2571,0.0,country_area_weighted_mean,6,synthetic
2022-06-20,FRA,25.12,21.717,0.2937,0.0,country_area_weighted_mean,6,synthetic
2022-06-20,DEU,20.548,18.63,0.2815,0.0,country_area_weighted_mean,6,synthetic
2022-06-20,NLD,19.913,17.399,0.2276,0.0,country_area_weighted_mean,6,synthetic
2022-06-20,BEL,19.988,18.476,0.2257,0.0,country_area_weighted_mean,6,synthetic
2022-06-20,ITA,23.884,20.876,0.2523,0.0,country_area_weighted_mean,6,synthetic
2022-06-20,ESP,22.541,18.801,0.2844,0.0,country_area_weighted_mean,6,synthetic
2022-06-20,POL,19.511,17.309,0.2913,0.0,country_area_weighted_mean,6,synthetic
2022-06-20,HUN,23.317,20.403,0.3114,0.0,country_area_weighted_mean,6,synthetic
2022-06-20,ROU,23.012,20.946,0.3283,0.0,country_area_weighted_mean,6,synthetic
2022-06-20,BGR,23.023,22.205,0.324,0.0,country_area_weighted_mean,6,synthetic
2022-06-20,SRB,23.759,20.474,0.3084,0.0,country_area_weighted_mean,6,synthetic
2022-06-20,UKR,22.328,18.686,0.2597,0.0,country_area_weighted_mean,6,synthetic
2022-06-20,MDA,21.598,19.889,0.2892,0.0,country_area_weighted_mean,6,synthetic
2022-06-20,RUS,20.717,17.69,0.2932,0.0,country_area_weighted_mean,6,synthetic
2022-06-20,TUR,21.662,18.93,0.2928,0.0,country_area_weighted_mean,6,synthetic
2022-06-20,GEO,23.645,20.2,0.2714,0.0,country_area_weighted_mean,6,synthetic
2022-06-20,ISR,27.362,23.631,0.2309,0.0,country_area_weighted_mean,6,synthetic
2022-06-20,EGY,27.678,24.163,0.2294,0.0,country_area_weighted_mean,6,synthetic
2022-06-20,TUN,23.343,20.43,0.3106,0.0,country_area_weighted_mean,6,synthetic
2022-06-20,MAR,25.008,21.038,0.2477,0.0,country_area_weighted_mean,6,synthetic
2022-06-27,FRA,24.098,21.657,0.2834,0.0,country_area_weighted_mean,6,synthetic
2022-06-27,DEU,21.593,18.762,0.2433,0.0,country_area_weighted_mean,6,synthetic
2022-06-27,NLD,20.2,18.378,0.2983,0.0,country_area_weighted_mean,6,synthetic
2022-06-27,BEL,22.47,18.913,0.2433,0.0,country_area_weighted_mean,6,synthetic
2022-06-27,ITA,25.878,23.464,0.2346,0.0,country_area_weighted_mean,6,synthetic
2022-06-27,ESP,23.03,19.996,0.3081,0.0,country_area_weighted_mean,6,synthetic
2022-06-27,POL,20.273,17.448,0.2811,0.0,country_area_weighted_mean,6,synthetic
2022-06-27,HUN,25.159,22.225,0.3815,0.0,country_area_weighted_mean,6,synthetic
2022-06-27,ROU,22.953,20.026,0.2779,0.0,country_area_weighted_mean,6,synthetic
2022-06-27,BGR,23.441,20.296,0.337,0.0,country_area_weighted_mean,6,synthetic
2022-06-27,SRB,26.117,22.975,0.2379,0.0,country_area_weighted_mean,6,synthetic
2022-06-27,UKR,23.112,19.5,0.293,0.0,country_area_weighted_mean,6,synthetic
2022-06-27,MDA,24.94,21.304,0.2753,0.0,country_area_weighted_mean,6,synthetic
2022-06-27,RUS,21.969,19.137,0.2787,0.0,country_area_weighted_mean,6,synthetic
2022-06-27,TUR,22.108,19.143,0.2648,0.0,country_area_weighted_mean,6,synthetic
2022-06-27,GEO,23.624,19.965,0.2803,0.0,country_area_weighted_mean,6,synthetic
2022-06-27,ISR,25.716,22.416,0.2465,0.0,country_area_weighted_mean,6,synthetic
2022-06-27,EGY,29.312,25.706,0.2622,0.0,country_area_weighted_mean,6,synthetic
2022-06-27,TUN,24.218,21.398,0.2691,0.0,country_area_weighted_mean,6,synthetic
2022-06-27,MAR,26.028,22.736,0.288,0.0,country_area_weighted_mean,6,synthetic
2022-07-04,FRA,23.677,22.012,0.2606,0.0,country_area_weighted_mean,6,synthetic
2022-07-04,DEU,21.474,18.959,0.2487,0.0,country_area_weighted_mean,6,synthetic
2022-07-04,NLD,22.427,19.119,0.2664,0.0,country_area_weighted_mean,6,synthetic
2022-07-04,BEL,23.794,20.956,0.2205,0.0,country_area_weighted_mean,6,synthetic
2022-07-04,ITA,24.33,21.735,0.2677,0.0,country_area_weighted_mean,6,synthetic
2022-07-04,ESP,24.035,21.032,0.2604,0.0,country_area_weighted_mean,6,synthetic
2022-07-04,POL,21.375,18.612,0.2396,0.0,country_area_weighted_mean,6,synthetic
2022-07-04,HUN,26.595,22.415,0.3636,0.0,country_area_weighted_mean,6,synthetic
2022-07-04,ROU,24.491,21.4,0.3402,0.0,country_area_weighted_mean,6,synthetic
2022-07-04,BGR,23.134,21.373,0.2552,0.0,country_area_weighted_mean,6,synthetic
2022-07-04,SRB,25.042,20.563,0.2456,0.0,country_area_weighted_mean,6,synthetic
2022-07-04,UKR,24.368,20.282,0.3456,0.0,country_area_weighted_mean,6,synthetic
2022-07-04,MDA,24.176,21.158,0.2693,0.0,country_area_weighted_mean,6,synthetic
2022-07-04,RUS,23.208,20.419,0.2294,0.0,country_area_weighted_mean,6,synthetic
2022-07-04,TUR,24.031,20.841,0.2635,0.0,country_area_weighted_mean,6,synthetic
2022-07-04,GEO,23.606,21.02,0.2686,0.0,country_area_weighted_mean,6,synthetic
2022-07-04,ISR,27.068,23.75,0.2601,0.0,country_area_weighted_mean,6,synthetic
2022-07-04,EGY,30.268,26.609,0.2502,0.0,country_area_weighted_mean,6,synthetic
2022-07-04,TUN,25.473,22.162,0.2645,0.0,country_area_weighted_mean,6,synthetic
2022-07-04,MAR,26.18,22.198,0.3281,0.0,country_area_weighted_mean,6,synthetic
2022-07-11,FRA,23.986,20.427,0.2198,0.0,country_area_weighted_mean,6,synthetic
2022-07-11,DEU,23.535,20.812,0.2682,0.0,country_area_weighted_mean,6,synthetic
2022-07-11,NLD,24.123,21.558,0.2382,0.0,country_area_weighted_mean,6,synthetic
2022-07-11,BEL,24.958,21.789,0.2437,0.0,country_area_weighted_mean,6,synthetic
2022-07-11,ITA,25.922,21.69,0.2748,0.0,country_area_weighted_mean,6,synthetic
2022-07-11,ESP,25.109,22.697,0.2377,0.0,country_area_weighted_mean,6,synthetic
2022-07-11,POL,24.651,21.675,0.252,0.0,country_area_weighted_mean,6,synthetic
2022-07-11,HUN,28.026,23.873,0.2641,0.0,country_area_weighted_mean,6,synthetic
2022-07-11,ROU,26.925,22.174,0.2923,0.0,country_area_weighted_mean,6,synthetic
2022-07-11,BGR,22.988,19.748,0.2486,0.0,country_area_weighted_mean,6,synthetic
2022-07-11,SRB,25.714,22.009,0.244,0.0,country_area_weighted_mean,6,synthetic
2022-07-11,UKR,25.807,21.4,0.3199,0.0,country_area_weighted_mean,6,synthetic
2022-07-11,MDA,25.625,21.452,0.2673,0.0,country_area_weighted_mean,6,synthetic
2022-07-11,RUS,22.952,20.407,0.3038,0.0,country_area_weighted_mean,6,synthetic
2022-07-11,TUR,23.64,19.731,0.2314,0.0,country_area_weighted_mean,6,synthetic
2022-07-11,GEO,26.686,23.07,0.2029,0.0,country_area_weighted_mean,6,synthetic
2022-07-11,ISR,29.111,25.452,0.2336,0.0,country_area_weighted_mean,6,synthetic
2022-07-11,EGY,30.838,26.531,0.2826,0.0,country_area_weighted_mean,6,synthetic
2022-07-11,TUN,26.768,24.181,0.261,0.0,country_area_weighted_mean,6,synthetic
2022-07-11,MAR,23.966,20.44,0.3842,0.0,country_area_weighted_mean,6,synthetic
2022-07-18,FRA,21.186,18.973,0.2782,0.0,country_area_weighted_mean,6,synthetic
2022-07-18,DEU,23.349,20.103,0.2972,0.0,country_area_weighted_mean,6,synthetic
2022-07-18,NLD,23.505,20.719,0.2349,0.0,country_area_weighted_mean,6,synthetic
2022-07-18,BEL,25.95,22.613,0.292,0.0,country_area_weighted_mean,6,synthetic
2022-07-18,ITA,28.877,24.718,0.2578,0.0,country_area_weighted_mean,6,synthetic
2022-07-18,ESP,25.004,21.883,0.2642,0.0,country_area_weighted_mean,6,synthetic
2022-07-18,POL,24.472,20.889,0.245,0.0,country_area_weighted_mean,6,synthetic
2022-07-18,HUN,27.737,23.949,0.2476,0.0,country_area_weighted_mean,6,synthetic
2022-07-18,ROU,25.09,21.914,0.3017,0.0,country_area_weighted_mean,6,synthetic
2022-07-18,BGR,23.206,20.253,0.2359,0.0,country_area_weighted_mean,6,synthetic
2022-07-18,SRB,24.423,22.079,0.2752,0.0,country_area_weighted_mean,6,synthetic
2022-07-18,UKR,27.489,23.562,0.2756,0.0,country_area_weighted_mean,6,synthetic
2022-07-18,MDA,26.47,23.82,0.2709,0.0,country_area_weighted_mean,6,synthetic
2022-07-18,RUS,23.397,20.086,0.3011,0.0,country_area_weighted_mean,6,synthetic
2022-07-18,TUR,24.952,22.65,0.2331,0.0,country_area_weighted_mean,6,synthetic
2022-07-18,GEO,26.031,22.953,0.2119,0.0,country_area_weighted_mean,6,synthetic
2022-07-18,ISR,28.66,24.853,0.2243,0.0,country_area_weighted_mean,6,synthetic
2022-07-18,EGY,29.882,26.293,0.2351,0.0,country_area_weighted_mean,6,synthetic
2022-07-18,TUN,28.242,24.487,0.2507,0.0,country_area_weighted_mean,6,synthetic
2022-07-18,MAR,24.624,21.368,0.2911,0.0,country_area_weighted_mean,6,synthetic
2022-07-25,FRA,24.232,21.263,0.3006,0.0,country_area_weighted_mean,6,synthetic
2022-07-25,DEU,23.661,21.509,0.2882,0.0,country_area_weighted_mean,6,synthetic
2022-07-25,NLD,26.164,22.789,0.2174,0.0,country_area_weighted_mean,6,synthetic
2022-07-25,BEL,26.576,21.65,0.2229,0.0,country_area_weighted_mean,6,synthetic
2022-07-25,ITA,27.756,25.393,0.2161,0.0,country_area_weighted_mean,6,synthetic
2022-07-25,ESP,26.484,22.246,0.2746,0.0,country_area_weighted_mean,6,synthetic
2022-07-25,POL,23.926,22.006,0.2762,0.0,country_area_weighted_mean,6,synthetic
2022-07-25,HUN,28.106,23.951,0.2765,0.0,country_area_weighted_mean,6,synthetic
2022-07-25,ROU,26.283,22.853,0.2519,0.0,country_area_weighted_mean,6,synthetic
2022-07-25,BGR,23.425,21.081,0.2751,0.0,country_area_weighted_mean,6,synthetic
2022-07-25,SRB,25.563,22.697,0.2399,0.0,country_area_weighted_mean,6,synthetic
2022-07-25,UKR,26.591,23.78,0.2713,0.0,country_area_weighted_mean,6,synthetic
2022-07-25,MDA,24.721,21.907,0.3063,0.0,country_area_weighted_mean,6,synthetic
2022-07-25,RUS,25.338,21.226,0.3072,0.0,country_area_weighted_mean,6,synthetic
2022-07-25,TUR,23.228,19.858,0.2301,0.0,country_area_weighted_mean,6,synthetic
2022-07-25,GEO,28.171,23.914,0.2142,0.0,country_area_weighted_mean,6,synthetic
2022-07-25,ISR,27.559,23.437,0.2777,0.0,country_area_weighted_mean,6,synthetic
2022-07-25,EGY,29.02,24.694,0.2417,0.0,country_area_weighted_mean,6,synthetic
2022-07-25,TUN,27.808,25.004,0.2891,0.0,country_area_weighted_mean,6,synthetic
2022-07-25,MAR,26.921,22.561,0.2448,0.0,country_area_weighted_mean,6,synthetic
2022-08-01,FRA,24.548,21.408,0.3156,0.0,country_area_weighted_mean,6,synthetic
2022-08-01,DEU,23.453,20.728,0.3255,0.0,country_area_weighted_mean,6,synthetic
2022-08-01,NLD,25.741,22.927,0.2675,0.0,country_area_weighted_mean,6,synthetic
2022-08-01,BEL,24.836,20.976,0.2625,0.0,country_area_weighted_mean,6,synthetic
2022-08-01,ITA,28.623,24.305,0.2464,0.0,country_area_weighted_mean,6,synthetic
2022-08-01,ESP,26.014,23.041,0.2037,0.0,country_area_weighted_mean,6,synthetic
2022-08-01,POL,22.659,19.389,0.3267,0.0,country_area_weighted_mean,6,synthetic
2022-08-01,HUN,28.062,24.319,0.244,0.0,country_area_weighted_mean,6,synthetic
2022-08-01,ROU,24.548,22.303,0.2147,0.0,country_area_weighted_mean,6,synthetic
2022-08-01,BGR,24.987,21.721,0.2605,0.0,country_area_weighted_mean,6,synthetic
2022-08-01,SRB,26.754,21.969,0.2376,0.0,country_area_weighted_mean,6,synthetic
2022-08-01,UKR,26.725,22.927,0.279,0.0,country_area_weighted_mean,6,synthetic
2022-08-01,MDA,25.029,22.255,0.2779,0.0,country_area_weighted_mean,6,synthetic
2022-08-01,RUS,25.938,23.332,0.2369,0.0,country_area_weighted_mean,6,synthetic
2022-08-01,TUR,23.73,21.839,0.2507,0.0,country_area_weighted_mean,6,synthetic
2022-08-01,GEO,29.021,25.686,0.2464,0.0,country_area_weighted_mean,6,synthetic
2022-08-01,ISR,26.008,23.216,0.2677,0.0,country_area_weighted_mean,6,synthetic
2022-08-01,EGY,27.871,23.222,0.2045,0.0,country_area_weighted_mean,6,synthetic
2022-08-01,TUN,26.65,23.247,0.2711,0.0,country_area_weighted_mean,6,synthetic
2022-08-01,MAR,26.285,22.244,0.2041,0.0,country_area_weighted_mean,6,synthetic
2022-08-08,FRA,24.141,20.382,0.2543,0.0,country_area_weighted_mean,6,synthetic
2022-08-08,DEU,22.541,19.56,0.2498,0.0,country_area_weighted_mean,6,synthetic
2022-08-08,NLD,27.135,23.327,0.2218,0.0,country_area_weighted_mean,6,synthetic
2022-08-08,BEL,24.634,22.322,0.2488,0.0,country_area_weighted_mean,6,synthetic
2022-08-08,ITA,25.423,21.695,0.2912,0.0,country_area_weighted_mean,6,synthetic
2022-08-08,ESP,27.554,22.406,0.227,0.0,country_area_weighted_mean,6,synthetic
2022-08-08,POL,22.45,19.024,0.281,0.0,country_area_weighted_mean,6,synthetic
2022-08-08,HUN,28.108,23.742,0.236,0.0,country_area_weighted_mean,6,synthetic
2022-08-08,ROU,24.974,22.139,0.2315,0.0,country_area_weighted_mean,6,synthetic
2022-08-08,BGR,26.666,22.401,0.2606,0.0,country_area_weighted_mean,6,synthetic
2022-08-08,SRB,25.645,22.082,0.2244,0.0,country_area_weighted_mean,6,synthetic
2022-08-08,UKR,26.167,22.976,0.2804,0.0,country_area_weighted_mean,6,synthetic
2022-08-08,MDA,22.694,19.086,0.2525,0.0,country_area_weighted_mean,6,synthetic
2022-08-08,RUS,25.261,21.432,0.257,0.0,country_area_weighted_mean,6,synthetic
2022-08-08,TUR,24.948,21.606,0.1904,0.0,country_area_weighted_mean,6,synthetic
2022-08-08,GEO,26.717,23.491,0.278,0.0,country_area_weighted_mean,6,synthetic
2022-08-08,ISR,24.501,21.937,0.2301,0.0,country_area_weighted_mean,6,synthetic
2022-08-08,EGY,28.059,23.827,0.1973,0.0,country_area_weighted_mean,6,synthetic
2022-08-08,TUN,27.46,24.054,0.2458,0.0,country_area_weighted_mean,6,synthetic
2022-08-08,MAR,28.024,25.448,0.2002,0.0,country_area_weighted_mean,6,synthetic
2022-08-15,FRA,23.292,20.209,0.215,0.0,country_area_weighted_mean,6,synthetic
2022-08-15,DEU,23.198,20.016,0.2479,0.0,country_area_weighted_mean,6,synthetic
2022-08-15,NLD,26.256,22.39,0.2006,0.0,country_area_weighted_mean,6,synthetic
2022-08-15,BEL,24.56,22.07,0.2254,0.0,country_area_weighted_mean,6,synthetic
2022-08-15,ITA,26.693,23.352,0.2622,0.0,country_area_weighted_mean,6,synthetic
2022-08-15,ESP,25.58,22.732,0.2936,0.0,country_area_weighted_mean,6,synthetic
2022-08-15,POL,23.947,20.684,0.2558,0.0,country_area_weighted_mean,6,synthetic
2022-08-15,HUN,27.701,24.206,0.2389,0.0,country_area_weighted_mean,6,synthetic
2022-08-15,ROU,26.022,21.952,0.2415,0.0,country_area_weighted_mean,6,synthetic
2022-08-15,BGR,22.454,18.685,0.2766,0.0,country_area_weighted_mean,6,synthetic
2022-08-15,SRB,26.94,22.955,0.2153,0.0,country_area_weighted_mean,6,synthetic
2022-08-15,UKR,27.826,25.101,0.321,0.0,country_area_weighted_mean,6,synthetic
2022-08-15,MDA,21.78,19.224,0.2589,0.0,country_area_weighted_mean,6,synthetic
2022-08-15,RUS,24.495,21.88,0.2285,0.0,country_area_weighted_mean,6,synthetic
2022-08-15,TUR,24.585,21.28,0.2064,0.0,country_area_weighted_mean,6,synthetic
2022-08-15,GEO,25.427,22.656,0.2539,0.0,country_area_weighted_mean,6,synthetic
2022-08-15,ISR,24.796,22.097,0.2628,0.0,country_area_weighted_mean,6,synthetic
2022-08-15,EGY,25.896,22.187,0.2284,0.0,country_area_weighted_mean,6,synthetic
2022-08-15,TUN,26.142,23.052,0.2561,0.0,country_area_weighted_mean,6,synthetic
2022-08-15,MAR,28.798,24.606,0.2312,0.0,country_area_weighted_mean,6,synthetic
2022-08-22,FRA,22.009,19.44,0.2344,0.0,country_area_weighted_mean,6,synthetic
2022-08-22,DEU,23.174,19.982,0.2572,0.0,country_area_weighted_mean,6,synthetic
2022-08-22,NLD,24.783,21.761,0.2282,0.0,country_area_weighted_mean,6,synthetic
2022-08-22,BEL,24.52,21.586,0.2253,0.0,country_area_weighted_mean,6,synthetic
2022-08-22,ITA,28.608,24.564,0.2417,0.0,country_area_weighted_mean,6,synthetic
2022-08-22,ESP,25.019,22.964,0.2781,0.0,country_area_weighted_mean,6,synthetic
2022-08-22,POL,22.036,19.491,0.3103,0.0,country_area_weighted_mean,6,synthetic
2022-08-22,HUN,27.596,24.289,0.3043,0.0,country_area_weighted_mean,6,synthetic
2022-08-22,ROU,25.264,22.167,0.2182,0.0,country_area_weighted_mean,6,synthetic
2022-08-22,BGR,23.214,19.626,0.2676,0.0,country_area_weighted_mean,6,synthetic
2022-08-22,SRB,24.588,20.922,0.2181,0.0,country_area_weighted_mean,6,synthetic
2022-08-22,UKR,24.421,21.0,0.2826,0.0,country_area_weighted_mean,6,synthetic
2022-08-22,MDA,20.634,18.207,0.243,0.0,country_area_weighted_mean,6,synthetic
2022-08-22,RUS,25.302,21.649,0.2437,0.0,country_area_weighted_mean,6,synthetic
2022-08-22,TUR,23.087,20.281,0.2391,0.0,country_area_weighted_mean,6,synthetic
2022-08-22,GEO,25.379,21.615,0.2373,0.0,country_area_weighted_mean,6,synthetic
2022-08-22,ISR,26.765,23.117,0.2427,0.0,country_area_weighted_mean,6,synthetic
2022-08-22,EGY,27.225,22.777,0.237,0.0,country_area_weighted_mean,6,synthetic
2022-08-22,TUN,26.068,23.179,0.2838,0.0,country_area_weighted_mean,6,synthetic
2022-08-22,MAR,29.165,24.757,0.2345,0.0,country_area_weighted_mean,6,synthetic
2022-08-29,FRA,23.931,20.725,0.2396,0.0,country_area_weighted_mean,6,synthetic
2022-08-29,DEU,21.35,18.937,0.2517,0.0,country_area_weighted_mean,6,synthetic
2022-08-29,NLD,24.657,22.019,0.2528,0.0,country_area_weighted_mean,6,synthetic
2022-08-29,BEL,23.207,20.413,0.2524,0.0,country_area_weighted_mean,6,synthetic
2022-08-29,ITA,27.331,24.172,0.2036,0.0,country_area_weighted_mean,6,synthetic
2022-08-29,ESP,26.173,22.99,0.2266,0.0,country_area_weighted_mean,6,synthetic
2022-08-29,POL,20.563,18.393,0.258,0.0,country_area_weighted_mean,6,synthetic
2022-08-29,HUN,24.813,21.932,0.2109,0.0,country_area_weighted_mean,6,synthetic
2022-08-29,ROU,24.527,20.879,0.2593,0.0,country_area_weighted_mean,6,synthetic
2022-08-29,BGR,24.267,20.447,0.2321,0.0,country_area_weighted_mean,6,synthetic
2022-08-29,SRB,24.279,20.955,0.239,0.0,country_area_weighted_mean,6,synthetic
2022-08-29,UKR,22.406,19.797,0.2293,0.0,country_area_weighted_mean,6,synthetic
2022-08-29,MDA,19.651,16.924,0.2206,0.0,country_area_weighted_mean,6,synthetic
2022-08-29,RUS,20.999,18.184,0.2616,0.0,country_area_weighted_mean,6,synthetic
2022-08-29,TUR,22.781,19.303,0.2499,0.0,country_area_weighted_mean,6,synthetic
2022-08-29,GEO,24.471,19.85,0.2549,0.0,country_area_weighted_mean,6,synthetic
2022-08-29,ISR,28.028,24.842,0.2116,0.0,country_area_weighted_mean,6,synthetic
2022-08-29,EGY,26.226,22.413,0.2125,0.0,country_area_weighted_mean,6,synthetic
2022-08-29,TUN,25.246,22.086,0.3032,0.0,country_area_weighted_mean,6,synthetic
2022-08-29,MAR,29.559,24.187,0.2367,0.0,country_area_weighted_mean,6,synthetic
2022-09-05,FRA,22.961,20.784,0.2558,0.0,country_area_weighted_mean,6,synthetic
2022-09-05,DEU,20.202,18.129,0.2604,0.0,country_area_weighted_mean,6,synthetic
2022-09-05,NLD,23.209,20.939,0.2719,0.0,country_area_weighted_mean,6,synthetic
2022-09-05,BEL,20.762,18.506,0.2049,0.0,country_area_weighted_mean,6,synthetic
2022-09-05,ITA,23.856,20.436,0.2934,0.0,country_area_weighted_mean,6,synthetic
2022-09-05,ESP,24.257,21.172,0.2256,0.0,country_area_weighted_mean,6,synthetic
2022-09-05,POL,19.14,17.15,0.2995,0.0,country_area_weighted_mean,6,synthetic
2022-09-05,HUN,23.203,20.87,0.2616,0.0,country_area_weighted_mean,6,synthetic
2022-09-05,ROU,21.612,17.796,0.3037,0.0,country_area_weighted_mean,6,synthetic
2022-09-05,BGR,21.832,19.282,0.2221,0.0,country_area_weighted_mean,6,synthetic
2022-09-05,SRB,23.931,20.234,0.2626,0.0,country_area_weighted_mean,6,synthetic
2022-09-05,UKR,22.369,20.316,0.2252,0.0,country_area_weighted_mean,6,synthetic
2022-09-05,MDA,17.872,15.779,0.2347,0.0,country_area_weighted_mean,6,synthetic
2022-09-05,RUS,20.282,17.721,0.2612,0.0,country_area_weighted_mean,6,synthetic
2022-09-05,TUR,24.75,21.611,0.2565,0.0,country_area_weighted_mean,6,synthetic
2022-09-05,GEO,21.893,18.604,0.2696,0.0,country_area_weighted_mean,6,synthetic
2022-09-05,ISR,27.069,23.508,0.2644,0.0,country_area_weighted_mean,6,synthetic
2022-09-05,EGY,25.54,22.413,0.2023,0.0,country_area_weighted_mean,6,synthetic
2022-09-05,TUN,24.846,22.401,0.23,0.0,country_area_weighted_mean,6,synthetic
2022-09-05,MAR,28.576,23.879,0.2476,0.0,country_area_weighted_mean,6,synthetic
2022-09-12,FRA,19.785,17.31,0.2737,0.0,country_area_weighted_mean,6,synthetic
2022-09-12,DEU,19.119,17.048,0.2597,0.0,country_area_weighted_mean,6,synthetic
2022-09-12,NLD,21.773,19.137,0.2756,0.0,country_area_weighted_mean,6,synthetic
2022-09-12,BEL,22.793,20.284,0.2802,0.0,country_area_weighted_mean,6,synthetic
2022-09-12,ITA,23.388,20.181,0.1952,0.0,country_area_weighted_mean,6,synthetic
2022-09-12,ESP,22.728,19.975,0.2307,0.0,country_area_weighted_mean,6,synthetic
2022-09-12,POL,17.912,15.675,0.2706,0.0,country_area_weighted_mean,6,synthetic
2022-09-12,HUN,20.349,18.951,0.3368,0.0,country_area_weighted_mean,6,synthetic
2022-09-12,ROU,22.162,19.947,0.266,0.0,country_area_weighted_mean,6,synthetic
2022-09-12,BGR,20.09,16.931,0.234,0.0,country_area_weighted_mean,6,synthetic
2022-09-12,SRB,22.848,19.555,0.2362,0.0,country_area_weighted_mean,6,synthetic
2022-09-12,UKR,20.49,17.318,0.2554,0.0,country_area_weighted_mean,6,synthetic
2022-09-12,MDA,19.582,17.442,0.2552,0.0,country_area_weighted_mean,6,synthetic
2022-09-12,RUS,19.52,17.762,0.2879,0.0,country_area_weighted_mean,6,synthetic
2022-09-12,TUR,22.655,19.647,0.2195,0.0,country_area_weighted_mean,6,synthetic
2022-09-12,GEO,20.072,17.927,0.2503,0.0,country_area_weighted_mean,6,synthetic
2022-09-12,ISR,26.739,22.949,0.2226,0.0,country_area_weighted_mean,6,synthetic
2022-09-12,EGY,26.054,23.843,0.21,0.0,country_area_weighted_mean,6,synthetic
2022-09-12,TUN,23.889,21.665,0.2709,0.0,country_area_weighted_mean,6,synthetic
2022-09-12,MAR,26.527,23.924,0.2183,0.0,country_area_weighted_mean,6,synthetic
2022-09-19,FRA,19.671,16.462,0.2669,0.0,country_area_weighted_mean,6,synthetic
2022-09-19,DEU,16.077,14.779,0.2907,0.0,country_area_weighted_mean,6,synthetic
2022-09-19,NLD,21.434,18.686,0.2771,0.0,country_area_weighted_mean,6,synthetic
2022-09-19,BEL,20.374,18.656,0.2648,0.0,country_area_weighted_mean,6,synthetic
2022-09-19,ITA,21.066,18.946,0.243,0.0,country_area_weighted_mean,6,synthetic
2022-09-19,ESP,20.662,18.089,0.2201,0.0,country_area_weighted_mean,6,synthetic
2022-09-19,POL,17.607,14.185,0.2556,0.0,country_area_weighted_mean,6,synthetic
2022-09-19,HUN,19.822,18.029,0.3276,0.0,country_area_weighted_mean,6,synthetic
2022-09-19,ROU,19.347,17.253,0.2892,0.0,country_area_weighted_mean,6,synthetic
2022-09-19,BGR,20.67,18.486,0.2468,0.0,country_area_weighted_mean,6,synthetic
2022-09-19,SRB,20.252,18.561,0.2932,0.0,country_area_weighted_mean,6,synthetic
2022-09-19,UKR,19.471,17.786,0.2543,0.0,country_area_weighted_mean,6,synthetic
2022-09-19,MDA,18.189,16.48,0.2616,0.0,country_area_weighted_mean,6,synthetic
2022-09-19,RUS,16.45,14.605,0.2884,0.0,country_area_weighted_mean,6,synthetic
2022-09-19,TUR,20.804,19.162,0.2199,0.0,country_area_weighted_mean,6,synthetic
2022-09-19,GEO,18.641,16.59,0.2392,0.0,country_area_weighted_mean,6,synthetic
2022-09-19,ISR,25.284,22.32,0.2438,0.0,country_area_weighted_mean,6,synthetic
2022-09-19,EGY,27.391,23.679,0.2507,0.0,country_area_weighted_mean,6,synthetic
2022-09-19,TUN,24.4,20.07,0.3159,0.0,country_area_weighted_mean,6,synthetic
2022-09-19,MAR,24.088,22.073,0.2168,0.0,country_area_weighted_mean,6,synthetic
2022-09-26,FRA,19.155,16.959,0.2677,0.0,country_area_weighted_mean,6,synthetic
2022-09-26,DEU,18.443,14.846,0.258,0.0,country_area_weighted_mean,6,synthetic
2022-09-26,NLD,19.177,16.665,0.2568,0.0,country_area_weighted_mean,6,synthetic
2022-09-26,BEL,17.295,14.817,0.2847,0.0,country_area_weighted_mean,6,synthetic
2022-09-26,ITA,21.961,19.593,0.2304,0.0,country_area_weighted_mean,6,synthetic
2022-09-26,ESP,17.841,16.161,0.2502,0.0,country_area_weighted_mean,6,synthetic
2022-09-26,POL,15.088,13.17,0.2552,0.0,country_area_weighted_mean,6,synthetic
2022-09-26,HUN,19.05,15.771,0.2696,0.0,country_area_weighted_mean,6,synthetic
2022-09-26,ROU,17.298,15.311,0.3397,0.0,country_area_weighted_mean,6,synthetic
2022-09-26,BGR,20.095,17.998,0.2612,0.0,country_area_weighted_mean,6,synthetic
2022-09-26,SRB,19.956,17.637,0.2742,0.0,country_area_weighted_mean,6,synthetic
2022-09-26,UKR,18.676,16.977,0.2381,0.0,country_area_weighted_mean,6,synthetic
2022-09-26,MDA,18.417,16.206,0.238,0.0,country_area_weighted_mean,6,synthetic
2022-09-26,RUS,16.116,14.7,0.2913,0.0,country_area_weighted_mean,6,synthetic
2022-09-26,TUR,21.872,19.968,0.2792,0.0,country_area_weighted_mean,6,synthetic
2022-09-26,GEO,18.575,15.652,0.2104,0.0,country_area_weighted_mean,6,synthetic
2022-09-26,ISR,24.661,21.083,0.2367,0.0,country_area_weighted_mean,6,synthetic
2022-09-26,EGY,24.763,21.987,0.2214,0.0,country_area_weighted_mean,6,synthetic
2022-09-26,TUN,23.096,19.782,0.2739,0.0,country_area_weighted_mean,6,synthetic
2022-09-26,MAR,23.263,20.053,0.265,0.0,country_area_weighted_mean,6,synthetic
2022-10-03,FRA,17.176,15.527,0.2362,0.0,country_area_weighted_mean,6,synthetic
2022-10-03,DEU,14.608,13.106,0.2467,0.0,country_area_weighted_mean,6,synthetic
2022-10-03,NLD,17.129,14.938,0.2259,0.0,country_area_weighted_mean,6,synthetic
2022-10-03,BEL,16.086,12.714,0.2481,0.0,country_area_weighted_mean,6,synthetic
2022-10-03,ITA,18.676,15.568,0.2619,0.0,country_area_weighted_mean,6,synthetic
2022-10-03,ESP,17.587,14.813,0.2456,0.0,country_area_weighted_mean,6,synthetic
2022-10-03,POL,14.191,11.998,0.2379,0.0,country_area_weighted_mean,6,synthetic
2022-10-03,HUN,17.635,15.512,0.3125,0.0,country_area_weighted_mean,6,synthetic
2022-10-03,ROU,15.86,12.987,0.2789,0.0,country_area_weighted_mean,6,synthetic
2022-10-03,BGR,17.631,15.385,0.2728,0.0,country_area_weighted_mean,6,synthetic
2022-10-03,SRB,18.656,16.588,0.2665,0.0,country_area_weighted_mean,6,synthetic
2022-10-03,UKR,19.306,16.574,0.2424,0.0,country_area_weighted_mean,6,synthetic
2022-10-03,MDA,17.552,16.386,0.2609,0.0,country_area_weighted_mean,6,synthetic
2022-10-03,RUS,16.161,13.081,0.2645,0.0,country_area_weighted_mean,6,synthetic
2022-10-03,TUR,18.736,16.036,0.2368,0.0,country_area_weighted_mean,6,synthetic
2022-10-03,GEO,16.706,13.932,0.2911,0.0,country_area_weighted_mean,6,synthetic
2022-10-03,ISR,21.556,18.767,0.2195,0.0,country_area_weighted_mean,6,synthetic
2022-10-03,EGY,24.24,21.331,0.2439,0.0,country_area_weighted_mean,6,synthetic
2022-10-03,TUN,21.563,18.576,0.327,0.0,country_area_weighted_mean,6,synthetic
2022-10-03,MAR,21.883,19.147,0.2097,0.0,country_area_weighted_mean,6,synthetic
2022-10-10,FRA,15.873,14.782,0.2747,0.0,country_area_weighted_mean,6,synthetic
2022-10-10,DEU,12.034,10.113,0.2592,0.0,country_area_weighted_mean,6,synthetic
2022-10-10,NLD,15.94,14.27,0.2548,0.0,country_area_weighted_mean,6,synthetic
2022-10-10,BEL,14.343,13.0,0.2865,0.0,country_area_weighted_mean,6,synthetic
2022-10-10,ITA,14.766,13.436,0.2649,0.0,country_area_weighted_mean,6,synthetic
2022-10-10,ESP,17.525,15.796,0.217,0.0,country_area_weighted_mean,6,synthetic
2022-10-10,POL,11.861,11.182,0.306,0.0,country_area_weighted_mean,6,synthetic
2022-10-10,HUN,15.099,12.963,0.3594,0.0,country_area_weighted_mean,6,synthetic
2022-10-10,ROU,16.976,14.649,0.279,0.0,country_area_weighted_mean,6,synthetic
2022-10-10,BGR,16.788,14.379,0.183,0.0,country_area_weighted_mean,6,synthetic
2022-10-10,SRB,15.297,14.378,0.3371,0.0,country_area_weighted_mean,6,synthetic
2022-10-10,UKR,14.639,13.082,0.3366,0.0,country_area_weighted_mean,6,synthetic
2022-10-10,MDA,15.29,13.909,0.2748,0.0,country_area_weighted_mean,6,synthetic
2022-10-10,RUS,14.362,12.368,0.2614,0.0,country_area_weighted_mean,6,synthetic
2022-10-10,TUR,18.045,15.484,0.25,0.0,country_area_weighted_mean,6,synthetic
2022-10-10,GEO,14.97,13.465,0.2355,0.0,country_area_weighted_mean,6,synthetic
2022-10-10,ISR,20.01,16.549,0.2065,0.0,country_area_weighted_mean,6,synthetic
2022-10-10,EGY,23.823,21.138,0.2224,0.0,country_area_weighted_mean,6,synthetic
2022-10-10,TUN,18.523,15.87,0.2856,0.0,country_area_weighted_mean,6,synthetic
2022-10-10,MAR,20.938,18.424,0.2779,0.0,country_area_weighted_mean,6,synthetic
2022-10-17,FRA,14.043,12.853,0.277,0.0,country_area_weighted_mean,6,synthetic
2022-10-17,DEU,9.297,9.56,0.258,0.0,country_area_weighted_mean,6,synthetic
2022-10-17,NLD,13.378,12.241,0.2446,0.0,country_area_weighted_mean,6,synthetic
2022-10-17,BEL,12.657,13.17,0.2761,0.0,country_area_weighted_mean,6,synthetic
2022-10-17,ITA,16.68,14.418,0.2451,0.0,country_area_weighted_mean,6,synthetic
2022-10-17,ESP,14.413,13.915,0.2353,0.0,country_area_weighted_mean,6,synthetic
2022-10-17,POL,11.376,10.292,0.2378,0.0,country_area_weighted_mean,6,synthetic
2022-10-17,HUN,12.497,12.437,0.3185,0.0,country_area_weighted_mean,6,synthetic
2022-10-17,ROU,15.043,13.089,0.2933,0.0,country_area_weighted_mean,6,synthetic
2022-10-17,BGR,16.024,14.483,0.2549,0.0,country_area_weighted_mean,6,synthetic
2022-10-17,SRB,13.259,12.057,0.3128,0.0,country_area_weighted_mean,6,synthetic
2022-10-17,UKR,14.296,13.199,0.367,0.0,country_area_weighted_mean,6,synthetic
2022-10-17,MDA,13.265,11.465,0.2795,0.0,country_area_weighted_mean,6,synthetic
2022-10-17,RUS,11.512,10.461,0.2354,0.0,country_area_weighted_mean,6,synthetic
2022-10-17,TUR,17.84,15.909,0.2163,0.0,country_area_weighted_mean,6,synthetic
2022-10-17,GEO,13.577,13.089,0.1974,0.0,country_area_weighted_mean,6,synthetic
2022-10-17,ISR,19.592,16.419,0.2305,0.0,country_area_weighted_mean,6,synthetic
2022-10-17,EGY,22.649,19.572,0.224,0.0,country_area_weighted_mean,6,synthetic
2022-10-17,TUN,15.779,13.77,0.2767,0.0,country_area_weighted_mean,6,synthetic
2022-10-17,MAR,17.485,15.066,0.2681,0.0,country_area_weighted_mean,6,synthetic
2022-10-24,FRA,10.13,9.29,0.3063,0.0,country_area_weighted_mean,6,synthetic
2022-10-24,DEU,7.995,7.388,0.2733,0.0,country_area_weighted_mean,6,synthetic
2022-10-24,NLD,12.98,10.636,0.2414,0.0,country_area_weighted_mean,6,synthetic
2022-10-24,BEL,12.403,10.849,0.3536,0.0,country_area_weighted_mean,6,synthetic
2022-10-24,ITA,15.088,12.88,0.2469,0.0,country_area_weighted_mean,6,synthetic
2022-10-24,ESP,12.074,10.476,0.2622,0.0,country_area_weighted_mean,6,synthetic
2022-10-24,POL,9.749,8.617,0.2265,0.0,country_area_weighted_mean,6,synthetic
2022-10-24,HUN,8.057,7.138,0.2695,0.0,country_area_weighted_mean,6,synthetic
2022-10-24,ROU,12.063,9.685,0.2348,0.0,country_area_weighted_mean,6,synthetic
2022-10-24,BGR,14.831,13.293,0.2985,0.0,country_area_weighted_mean,6,synthetic
2022-10-24,SRB,12.076,10.968,0.2605,0.0,country_area_weighted_mean,6,synthetic
2022-10-24,UKR,9.314,8.23,0.2889,0.0,country_area_weighted_mean,6,synthetic
2022-10-24,MDA,11.186,9.039,0.2774,0.0,country_area_weighted_mean,6,synthetic
2022-10-24,RUS,7.511,6.408,0.2531,0.0,country_area_weighted_mean,6,synthetic
2022-10-24,TUR,15.694,13.972,0.233,0.0,country_area_weighted_mean,6,synthetic
2022-10-24,GEO,12.675,11.893,0.2909,0.0,country_area_weighted_mean,6,synthetic
2022-10-24,ISR,17.336,14.908,0.2264,0.0,country_area_weighted_mean,6,synthetic
2022-10-24,EGY,19.819,17.239,0.2818,0.0,country_area_weighted_mean,6,synthetic
2022-10-24,TUN,14.949,13.83,0.2652,0.0,country_area_weighted_mean,6,synthetic
2022-10-24,MAR,17.289,15.375,0.2499,0.0,country_area_weighted_mean,6,synthetic
2022-10-31,FRA,9.01,8.156,0.3323,0.0,country_area_weighted_mean,6,synthetic
2022-10-31,DEU,5.189,5.106,0.2978,0.0,country_area_weighted_mean,6,synthetic
2022-10-31,NLD,6.901,6.418,0.266,0.0,country_area_weighted_mean,6,synthetic
2022-10-31,BEL,9.926,9.118,0.2556,0.0,country_area_weighted_mean,6,synthetic
2022-10-31,ITA,13.799,11.632,0.2578,0.0,country_area_weighted_mean,6,synthetic
2022-10-31,ESP,11.023,10.18,0.2254,0.0,country_area_weighted_mean,6,synthetic
2022-10-31,POL,5.93,5.746,0.2255,0.0,country_area_weighted_mean,6,synthetic
2022-10-31,HUN,8.554,7.408,0.308,0.0,country_area_weighted_mean,6,synthetic
2022-10-31,ROU,7.413,6.872,0.2792,0.0,country_area_weighted_mean,6,synthetic
2022-10-31,BGR,12.223,10.741,0.3025,0.0,country_area_weighted_mean,6,synthetic
2022-10-31,SRB,10.887,10.354,0.2902,0.0,country_area_weighted_mean,6,synthetic
2022-10-31,UKR,8.527,8.366,0.2477,0.0,country_area_weighted_mean,6,synthetic
2022-10-31,MDA,7.527,7.251,0.2666,0.0,country_area_weighted_mean,6,synthetic
2022-10-31,RUS,5.175,4.608,0.2394,0.0,country_area_weighted_mean,6,synthetic
2022-10-31,TUR,11.257,10.076,0.2858,0.0,country_area_weighted_mean,6,synthetic
2022-10-31,GEO,10.015,10.04,0.3246,0.0,country_area_weighted_mean,6,synthetic
2022-10-31,ISR,16.139,14.835,0.2245,0.0,country_area_weighted_mean,6,synthetic
2022-10-31,EGY,17.48,16.085,0.2128,0.0,country_area_weighted_mean,6,synthetic
2022-10-31,TUN,13.01,11.432,0.2388,0.0,country_area_weighted_mean,6,synthetic
2022-10-31,MAR,14.386,12.916,0.2463,0.0,country_area_weighted_mean,6,synthetic
2022-11-07,FRA,5.285,5.372,0.3358,0.0,country_area_weighted_mean,6,synthetic
2022-11-07,DEU,4.043,4.36,0.2914,0.0,country_area_weighted_mean,6,synthetic
2022-11-07,NLD,2.576,2.632,0.2616,0.0123,country_area_weighted_mean,6,synthetic
2022-11-07,BEL,6.367,5.735,0.2751,0.0,country_area_weighted_mean,6,synthetic
2022-11-07,ITA,11.9,9.873,0.2999,0.0,country_area_weighted_mean,6,synthetic
2022-11-07,ESP,8.152,7.168,0.2397,0.0,country_area_weighted_mean,6,synthetic
2022-11-07,POL,5.347,4.429,0.2143,0.0,country_area_weighted_mean,6,synthetic
2022-11-07,HUN,6.997,6.127,0.2457,0.0,country_area_weighted_mean,6,synthetic
2022-11-07,ROU,5.276,4.438,0.2471,0.0,country_area_weighted_mean,6,synthetic
2022-11-07,BGR,10.216,9.694,0.2582,0.0,country_area_weighted_mean,6,synthetic
2022-11-07,SRB,10.456,9.261,0.3085,0.0,country_area_weighted_mean,6,synthetic
2022-11-07,UKR,9.175,7.845,0.2299,0.0,country_area_weighted_mean,6,synthetic
2022-11-07,MDA,5.921,5.482,0.2693,0.0,country_area_weighted_mean,6,synthetic
2022-11-07,RUS,3.401,4.605,0.3053,0.0,country_area_weighted_mean,6,synthetic
2022-11-07,TUR,9.608,8.946,0.272,0.0,country_area_weighted_mean,6,synthetic
2022-11-07,GEO,7.999,7.707,0.256,0.0,country_area_weighted_mean,6,synthetic
2022-11-07,ISR,14.633,12.927,0.2333,0.0,country_area_weighted_mean,6,synthetic
2022-11-07,EGY,17.31,14.561,0.2314,0.0,country_area_weighted_mean,6,synthetic
2022-11-07,TUN,12.371,11.357,0.258,0.0,country_area_weighted_mean,6,synthetic
2022-11-07,MAR,14.413,13.217,0.2426,0.0,country_area_weighted_mean,6,synthetic
2022-11-14,FRA,2.14,2.78,0.2976,0.0052,country_area_weighted_mean,6,synthetic
2022-11-14,DEU,2.41,2.254,0.3303,0.0128,country_area_weighted_mean,6,synthetic
2022-11-14,NLD,2.242,3.014,0.2845,0.0107,country_area_weighted_mean,6,synthetic
2022-11-14,BEL,4.9,4.215,0.2307,0.0,country_area_weighted_mean,6,synthetic
2022-11-14,ITA,7.96,7.027,0.2509,0.0,country_area_weighted_mean,6,synthetic
2022-11-14,ESP,5.595,5.031,0.2574,0.0,country_area_weighted_mean,6,synthetic
2022-11-14,POL,5.01,4.947,0.2611,0.0,country_area_weighted_mean,6,synthetic
2022-11-14,HUN,2.83,3.126,0.2555,0.0041,country_area_weighted_mean,6,synthetic
2022-11-14,ROU,1.136,0.782,0.2555,0.0267,country_area_weighted_mean,6,synthetic
2022-11-14,BGR,9.638,8.525,0.2587,0.0,country_area_weighted_mean,6,synthetic
2022-11-14,SRB,9.469,8.111,0.3497,0.0,country_area_weighted_mean,6,synthetic
2022-11-14,UKR,6.822,6.566,0.2826,0.0,country_area_weighted_mean,6,synthetic
2022-11-14,MDA,2.835,3.038,0.2824,0.0001,country_area_weighted_mean,6,synthetic
2022-11-14,RUS,1.445,2.519,0.3228,0.0096,country_area_weighted_mean,6,synthetic
2022-11-14,TUR,10.787,9.247,0.2728,0.0,country_area_weighted_mean,6,synthetic
2022-11-14,GEO,3.901,3.506,0.2812,0.0,country_area_weighted_mean,6,synthetic
2022-11-14,ISR,12.169,10.55,0.2502,0.0,country_area_weighted_mean,6,synthetic
2022-11-14,EGY,18.815,16.381,0.303,0.0,country_area_weighted_mean,6,synthetic
2022-11-14,TUN,11.302,10.044,0.2175,0.0,country_area_weighted_mean,6,synthetic
2022-11-14,MAR,14.089,12.634,0.2187,0.0,country_area_weighted_mean,6,synthetic
2022-11-21,FRA,1.096,1.755,0.2714,0.0176,country_area_weighted_mean,6,synthetic
2022-11-21,DEU,-1.109,-0.289,0.2917,0.04,country_area_weighted_mean,6,synthetic
2022-11-21,NLD,-0.726,-1.292,0.2245,0.0526,country_area_weighted_mean,6,synthetic
2022-11-21,BEL,1.928,1.463,0.2306,0.0118,country_area_weighted_mean,6,synthetic
2022-11-21,ITA,5.413,4.99,0.2847,0.0,country_area_weighted_mean,6,synthetic
2022-11-21,ESP,5.657,4.794,0.2799,0.0,country_area_weighted_mean,6,synthetic
2022-11-21,POL,1.106,2.086,0.2523,0.0146,country_area_weighted_mean,6,synthetic
2022-11-21,HUN,0.014,1.054,0.2511,0.0297,country_area_weighted_mean,6,synthetic
2022-11-21,ROU,1.513,2.675,0.247,0.0158,country_area_weighted_mean,6,synthetic
2022-11-21,BGR,9.013,8.232,0.2573,0.0,country_area_weighted_mean,6,synthetic
2022-11-21,SRB,7.709,6.937,0.3544,0.0,country_area_weighted_mean,6,synthetic
2022-11-21,UKR,1.307,2.152,0.2852,0.0138,country_area_weighted_mean,6,synthetic
2022-11-21,MDA,0.282,0.517,0.2827,0.0433,country_area_weighted_mean,6,synthetic
2022-11-21,RUS,0.085,0.239,0.2975,0.037,country_area_weighted_mean,6,synthetic
2022-11-21,TUR,9.034,8.028,0.2884,0.0,country_area_weighted_mean,6,synthetic
2022-11-21,GEO,3.173,2.545,0.2687,0.0,country_area_weighted_mean,6,synthetic
2022-11-21,ISR,10.055,9.472,0.2555,0.0,country_area_weighted_mean,6,synthetic
2022-11-21,EGY,17.415,15.8,0.2566,0.0,country_area_weighted_mean,6,synthetic
2022-11-21,TUN,9.756,8.465,0.266,0.0,country_area_weighted_mean,6,synthetic
2022-11-21,MAR,14.406,12.906,0.2469,0.0,country_area_weighted_mean,6,synthetic
2022-11-28,FRA,-1.084,0.341,0.2803,0.0414,country_area_weighted_mean,6,synthetic
2022-11-28,DEU,-3.072,-2.564,0.3247,0.0664,country_area_weighted_mean,6,synthetic
2022-11-28,NLD,-0.531,-0.543,0.2801,0.0494,country_area_weighted_mean,6,synthetic
2022-11-28,BEL,-1.859,-1.328,0.3044,0.0563,country_area_weighted_mean,6,synthetic
2022-11-28,ITA,2.094,1.822,0.2535,0.0057,country_area_weighted_mean,6,synthetic
2022-11-28,ESP,5.011,4.341,0.2369,0.0,country_area_weighted_mean,6,synthetic
2022-11-28,POL,-1.719,-0.991,0.2486,0.0509,country_area_weighted_mean,6,synthetic
2022-11-28,HUN,-0.799,0.588,0.2849,0.038,country_area_weighted_mean,6,synthetic
2022-11-28,ROU,1.889,1.488,0.2426,0.0173,country_area_weighted_mean,6,synthetic
2022-11-28,BGR,5.508,5.611,0.2573,0.0,country_area_weighted_mean,6,synthetic
2022-11-28,SRB,5.652,5.288,0.2759,0.0,country_area_weighted_mean,6,synthetic
2022-11-28,UKR,-2.629,-1.76,0.2789,0.0584,country_area_weighted_mean,6,synthetic
2022-11-28,MDA,-1.067,-0.175,0.285,0.0519,country_area_weighted_mean,6,synthetic
2022-11-28,RUS,-2.711,-1.492,0.2694,0.0658,country_area_weighted_mean,6,synthetic
2022-11-28,TUR,7.605,6.835,0.2781,0.0,country_area_weighted_mean,6,synthetic
2022-11-28,GEO,2.84,2.854,0.2593,0.0,country_area_weighted_mean,6,synthetic
2022-11-28,ISR,6.95,6.818,0.3123,0.0,country_area_weighted_mean,6,synthetic
2022-11-28,EGY,15.885,14.453,0.31,0.0,country_area_weighted_mean,6,synthetic
2022-11-28,TUN,8.686,7.78,0.2215,0.0,country_area_weighted_mean,6,synthetic
2022-11-28,MAR,12.62,11.087,0.2301,0.0,country_area_weighted_mean,6,synthetic
2022-12-05,FRA,-1.507,0.445,0.2677,0.0337,country_area_weighted_mean,6,synthetic
2022-12-05,DEU,-3.19,-2.063,0.3084,0.0612,country_area_weighted_mean,6,synthetic
2022-12-05,NLD,-1.396,-1.376,0.2726,0.0634,country_area_weighted_mean,6,synthetic
2022-12-05,BEL,-4.645,-2.977,0.3371,0.0849,country_area_weighted_mean,6,synthetic
2022-12-05,ITA,1.589,1.978,0.2924,0.0198,country_area_weighted_mean,6,synthetic
2022-12-05,ESP,3.501,2.81,0.2931,0.0,country_area_weighted_mean,6,synthetic
2022-12-05,POL,-5.843,-5.151,0.2179,0.1054,country_area_weighted_mean,6,synthetic
2022-12-05,HUN,-2.347,-1.751,0.2885,0.0668,country_area_weighted_mean,6,synthetic
2022-12-05,ROU,-2.776,-0.768,0.2803,0.0491,country_area_weighted_mean,6,synthetic
2022-12-05,BGR,2.511,2.283,0.2627,0.0156,country_area_weighted_mean,6,synthetic
2022-12-05,SRB,2.256,2.26,0.2901,0.0066,country_area_weighted_mean,6,synthetic
2022-12-05,UKR,-3.357,-2.709,0.3156,0.083,country_area_weighted_mean,6,synthetic
2022-12-05,MDA,-2.528,-1.235,0.2523,0.0613,country_area_weighted_mean,6,synthetic
2022-12-05,RUS,-3.623,-2.342,0.29,0.082,country_area_weighted_mean,6,synthetic
2022-12-05,TUR,5.78,4.928,0.2917,0.0,country_area_weighted_mean,6,synthetic
2022-12-05,GEO,2.772,3.077,0.2861,0.0005,country_area_weighted_mean,6,synthetic
2022-12-05,ISR,4.838,4.203,0.373,0.0,country_area_weighted_mean,6,synthetic
2022-12-05,EGY,14.454,13.546,0.3173,0.0,country_area_weighted_mean,6,synthetic
2022-12-05,TUN,6.913,6.682,0.2583,0.0,country_area_weighted_mean,6,synthetic
2022-12-05,MAR,11.42,10.634,0.3277,0.0,country_area_weighted_mean,6,synthetic
2022-12-12,FRA,-1.294,-0.095,0.3098,0.0431,country_area_weighted_mean,6,synthetic
2022-12-12,DEU,-6.575,-4.802,0.3073,0.1119,country_area_weighted_mean,6,synthetic
2022-12-12,NLD,-6.875,-5.375,0.3565,0.123,country_area_weighted_mean,6,synthetic
2022-12-12,BEL,-4.239,-3.716,0.3468,0.0936,country_area_weighted_mean,6,synthetic
2022-12-12,ITA,-1.622,-0.239,0.2823,0.0551,country_area_weighted_mean,6,synthetic
2022-12-12,ESP,1.742,1.446,0.2991,0.0145,country_area_weighted_mean,6,synthetic
2022-12-12,POL,-6.588,-4.812,0.2368,0.1176,country_area_weighted_mean,6,synthetic
2022-12-12,HUN,-3.417,-2.883,0.298,0.0713,country_area_weighted_mean,6,synthetic
2022-12-12,ROU,-1.934,-0.521,0.3265,0.0595,country_area_weighted_mean,6,synthetic
2022-12-12,BGR,-0.197,-0.211,0.2841,0.0375,country_area_weighted_mean,6,synthetic
2022-12-12,SRB,0.608,1.383,0.2945,0.0312,country_area_weighted_mean,6,synthetic
2022-12-12,UKR,-4.244,-4.134,0.3232,0.09,country_area_weighted_mean,6,synthetic
2022-12-12,MDA,-3.583,-3.759,0.3037,0.0907,country_area_weighted_mean,6,synthetic
2022-12-12,RUS,-6.446,-4.799,0.3309,0.1166,country_area_weighted_mean,6,synthetic
2022-12-12,TUR,4.575,4.09,0.2748,0.0,country_area_weighted_mean,6,synthetic
2022-12-12,GEO,2.397,2.131,0.4204,0.0165,country_area_weighted_mean,6,synthetic
2022-12-12,ISR,4.737,4.174,0.3734,0.0,country_area_weighted_mean,6,synthetic
2022-12-12,EGY,13.988,11.659,0.2487,0.0,country_area_weighted_mean,6,synthetic
2022-12-12,TUN,5.36,5.19,0.2594,0.0,country_area_weighted_mean,6,synthetic
2022-12-12,MAR,7.916,7.278,0.3183,0.0,country_area_weighted_mean,6,synthetic
2022-12-19,FRA,-2.775,-2.126,0.3074,0.0638,country_area_weighted_mean,6,synthetic
2022-12-19,DEU,-8.306,-5.587,0.3271,0.1301,country_area_weighted_mean,6,synthetic
2022-12-19,NLD,-9.683,-8.712,0.2976,0.152,country_area_weighted_mean,6,synthetic
2022-12-19,BEL,-3.916,-2.809,0.3094,0.0877,country_area_weighted_mean,6,synthetic
2022-12-19,ITA,-0.689,-0.325,0.2797,0.0471,country_area_weighted_mean,6,synthetic
2022-12-19,ESP,1.145,2.081,0.3621,0.0136,country_area_weighted_mean,6,synthetic
2022-12-19,POL,-8.674,-7.583,0.2559,0.1452,country_area_weighted_mean,6,synthetic
2022-12-19,HUN,-2.862,-3.175,0.2844,0.0668,country_area_weighted_mean,6,synthetic
2022-12-19,ROU,-4.196,-2.727,0.2992,0.0792,country_area_weighted_mean,6,synthetic
2022-12-19,BGR,-3.693,-2.611,0.3827,0.0788,country_area_weighted_mean,6,synthetic
2022-12-19,SRB,0.464,1.745,0.2792,0.0352,country_area_weighted_mean,6,synthetic
2022-12-19,UKR,-5.563,-2.463,0.332,0.0894,country_area_weighted_mean,6,synthetic
2022-12-19,MDA,-6.814,-4.888,0.3226,0.1087,country_area_weighted_mean,6,synthetic
2022-12-19,RUS,-8.838,-7.034,0.4027,0.1372,country_area_weighted_mean,6,synthetic
2022-12-19,TUR,4.24,5.721,0.2981,0.0,country_area_weighted_mean,6,synthetic
2022-12-19,GEO,2.741,2.432,0.328,0.0059,country_area_weighted_mean,6,synthetic
2022-12-19,ISR,5.721,4.944,0.2927,0.0,country_area_weighted_mean,6,synthetic
2022-12-19,EGY,12.547,11.176,0.2722,0.0,country_area_weighted_mean,6,synthetic
2022-12-19,TUN,4.911,5.217,0.3456,0.0,country_area_weighted_mean,6,synthetic
2022-12-19,MAR,7.395,7.028,0.3203,0.0,country_area_weighted_mean,6,synthetic
2022-12-26,FRA,-3.998,-3.495,0.3986,0.086,country_area_weighted_mean,6,synthetic
2022-12-26,DEU,-8.498,-8.333,0.3851,0.1399,country_area_weighted_mean,6,synthetic
2022-12-26,NLD,-9.668,-7.218,0.3054,0.1549,country_area_weighted_mean,6,synthetic
2022-12-26,BEL,-6.921,-5.746,0.2829,0.1052,country_area_weighted_mean,6,synthetic
2022-12-26,ITA,-1.877,-0.799,0.3239,0.062,country_area_weighted_mean,6,synthetic
2022-12-26,ESP,-0.552,-0.097,0.3427,0.0334,country_area_weighted_mean,6,synthetic
2022-12-26,POL,-8.586,-6.505,0.2979,0.141,country_area_weighted_mean,6,synthetic
2022-12-26,HUN,-4.054,-2.208,0.2788,0.0859,country_area_weighted_mean,6,synthetic
2022-12-26,ROU,-4.322,-2.533,0.267,0.0931,country_area_weighted_mean,6,synthetic
2022-12-26,BGR,-5.881,-3.311,0.28,0.0983,country_area_weighted_mean,6,synthetic
2022-12-26,SRB,0.849,1.146,0.3711,0.0292,country_area_weighted_mean,6,synthetic
2022-12-26,UKR,-2.985,-1.419,0.2937,0.0692,country_area_weighted_mean,6,synthetic
2022-12-26,MDA,-4.826,-3.232,0.2818,0.0908,country_area_weighted_mean,6,synthetic
2022-12-26,RUS,-11.156,-9.209,0.3212,0.169,country_area_weighted_mean,6,synthetic
2022-12-26,TUR,3.479,3.124,0.2805,0.0,country_area_weighted_mean,6,synthetic
2022-12-26,GEO,1.499,1.403,0.3293,0.0082,country_area_weighted_mean,6,synthetic
2022-12-26,ISR,6.115,4.882,0.3105,0.0,country_area_weighted_mean,6,synthetic
2022-12-26,EGY,11.995,10.696,0.2849,0.0,country_area_weighted_mean,6,synthetic
2022-12-26,TUN,3.672,4.419,0.425,0.0,country_area_weighted_mean,6,synthetic
2022-12-26,MAR,8.899,7.571,0.3644,0.0,country_area_weighted_mean,6,synthetic
2023-01-02,FRA,-4.442,-3.214,0.4281,0.0872,country_area_weighted_mean,6,synthetic
2023-01-02,DEU,-8.395,-6.618,0.3329,0.1306,country_area_weighted_mean,6,synthetic
2023-01-02,NLD,-10.305,-8.393,0.3134,0.1607,country_area_weighted_mean,6,synthetic
2023-01-02,BEL,-6.426,-5.719,0.287,0.1017,country_area_weighted_mean,6,synthetic
2023-01-02,ITA,-2.06,-1.293,0.2874,0.0603,country_area_weighted_mean,6,synthetic
2023-01-02,ESP,-0.836,0.083,0.316,0.0424,country_area_weighted_mean,6,synthetic
2023-01-02,POL,-8.274,-6.934,0.3417,0.1338,country_area_weighted_mean,6,synthetic
2023-01-02,HUN,-5.129,-4.524,0.3584,0.0999,country_area_weighted_mean,6,synthetic
2023-01-02,ROU,-5.359,-3.943,0.2834,0.1054,country_area_weighted_mean,6,synthetic
2023-01-02,BGR,-5.415,-3.813,0.3791,0.0988,country_area_weighted_mean,6,synthetic
2023-01-02,SRB,-0.531,-0.053,0.3743,0.033,country_area_weighted_mean,6,synthetic
2023-01-02,UKR,-4.855,-3.392,0.3289,0.0912,country_area_weighted_mean,6,synthetic
2023-01-02,MDA,-4.525,-3.49,0.3528,0.0896,country_area_weighted_mean,6,synthetic
2023-01-02,RUS,-12.507,-10.26,0.3452,0.1946,country_area_weighted_mean,6,synthetic
2023-01-02,TUR,1.003,1.365,0.2507,0.0182,country_area_weighted_mean,6,synthetic
2023-01-02,GEO,-2.105,-1.099,0.3404,0.0466,country_area_weighted_mean,6,synthetic
2023-01-02,ISR,3.511,3.965,0.4117,0.0,country_area_weighted_mean,6,synthetic
2023-01-02,EGY,11.912,10.701,0.2524,0.0,country_area_weighted_mean,6,synthetic
2023-01-02,TUN,4.578,4.62,0.3301,0.0,country_area_weighted_mean,6,synthetic
2023-01-02,MAR,8.204,7.445,0.4568,0.0,country_area_weighted_mean,6,synthetic
2023-01-09,FRA,-6.695,-5.37,0.3238,0.1232,country_area_weighted_mean,6,synthetic
2023-01-09,DEU,-8.861,-7.023,0.322,0.1363,country_area_weighted_mean,6,synthetic
2023-01-09,NLD,-10.802,-7.538,0.3526,0.1584,country_area_weighted_mean,6,synthetic
2023-01-09,BEL,-7.341,-6.273,0.3517,0.1253,country_area_weighted_mean,6,synthetic
2023-01-09,ITA,-4.21,-1.815,0.2632,0.0769,country_area_weighted_mean,6,synthetic
2023-01-09,ESP,0.105,0.708,0.417,0.0337,country_area_weighted_mean,6,synthetic
2023-01-09,POL,-11.01,-8.686,0.3599,0.1638,country_area_weighted_mean,6,synthetic
2023-01-09,HUN,-5.359,-4.669,0.351,0.1046,country_area_weighted_mean,6,synthetic
2023-01-09,ROU,-4.273,-2.435,0.3446,0.0928,country_area_weighted_mean,6,synthetic
2023-01-09,BGR,-6.127,-3.783,0.3258,0.1076,country_area_weighted_mean,6,synthetic
2023-01-09,SRB,-2.403,-1.745,0.3418,0.0622,country_area_weighted_mean,6,synthetic
2023-01-09,UKR,-3.995,-3.284,0.3569,0.0877,country_area_weighted_mean,6,synthetic
2023-01-09,MDA,-3.553,-3.153,0.3581,0.0891,country_area_weighted_mean,6,synthetic
2023-01-09,RUS,-13.96,-10.969,0.3041,0.1985,country_area_weighted_mean,6,synthetic
2023-01-09,TUR,0.994,0.722,0.2739,0.0249,country_area_weighted_mean,6,synthetic
2023-01-09,GEO,-1.975,-1.388,0.4689,0.0618,country_area_weighted_mean,6,synthetic
2023-01-09,ISR,3.396,3.309,0.3295,0.0,country_area_weighted_mean,6,synthetic
2023-01-09,EGY,12.813,11.633,0.2431,0.0,country_area_weighted_mean,6,synthetic
2023-01-09,TUN,4.606,5.128,0.386,0.0,country_area_weighted_mean,6,synthetic
2023-01-09,MAR,5.723,5.045,0.3555,0.0,country_area_weighted_mean,6,synthetic
2023-01-16,FRA,-7.353,-5.065,0.3385,0.12,country_area_weighted_mean,6,synthetic
2023-01-16,DEU,-9.546,-8.073,0.3677,0.1451,country_area_weighted_mean,6,synthetic
2023-01-16,NLD,-10.055,-7.704,0.4307,0.1444,country_area_weighted_mean,6,synthetic
2023-01-16,BEL,-8.462,-7.068,0.3647,0.1324,country_area_weighted_mean,6,synthetic
2023-01-16,ITA,-3.245,-3.106,0.2996,0.0853,country_area_weighted_mean,6,synthetic
2023-01-16,ESP,-0.469,0.275,0.5044,0.0413,country_area_weighted_mean,6,synthetic
2023-01-16,POL,-10.632,-7.767,0.3156,0.1513,country_area_weighted_mean,6,synthetic
2023-01-16,HUN,-6.334,-4.288,0.394,0.1023,country_area_weighted_mean,6,synthetic
2023-01-16,ROU,-4.838,-3.703,0.2897,0.0951,country_area_weighted_mean,6,synthetic
2023-01-16,BGR,-4.949,-3.141,0.3322,0.0895,country_area_weighted_mean,6,synthetic
2023-01-16,SRB,-1.675,-1.04,0.352,0.0593,country_area_weighted_mean,6,synthetic
2023-01-16,UKR,-5.678,-4.448,0.3789,0.0962,country_area_weighted_mean,6,synthetic
2023-01-16,MDA,-3.817,-2.133,0.3408,0.081,country_area_weighted_mean,6,synthetic
2023-01-16,RUS,-14.786,-13.195,0.3344,0.2104,country_area_weighted_mean,6,synthetic
2023-01-16,TUR,-2.083,-1.208,0.3203,0.0546,country_area_weighted_mean,6,synthetic
2023-01-16,GEO,-1.755,-0.68,0.3458,0.047,country_area_weighted_mean,6,synthetic
2023-01-16,ISR,2.266,1.291,0.249,0.018,country_area_weighted_mean,6,synthetic
2023-01-16,EGY,11.295,9.587,0.2624,0.0,country_area_weighted_mean,6,synthetic
2023-01-16,TUN,3.505,3.492,0.2464,0.0,country_area_weighted_mean,6,synthetic
2023-01-16,MAR,3.463,4.613,0.2964,0.0,country_area_weighted_mean,6,synthetic
2023-01-23,FRA,-5.894,-4.789,0.2909,0.103,country_area_weighted_mean,6,synthetic
2023-01-23,DEU,-8.264,-6.015,0.4632,0.1353,country_area_weighted_mean,6,synthetic
2023-01-23,NLD,-8.463,-7.623,0.4312,0.1352,country_area_weighted_mean,6,synthetic
2023-01-23,BEL,-9.514,-7.001,0.3863,0.1432,country_area_weighted_mean,6,synthetic
2023-01-23,ITA,-2.738,-1.076,0.3257,0.0633,country_area_weighted_mean,6,synthetic
2023-01-23,ESP,-0.686,1.19,0.4597,0.0377,country_area_weighted_mean,6,synthetic
2023-01-23,POL,-8.897,-7.233,0.3157,0.1419,country_area_weighted_mean,6,synthetic
2023-01-23,HUN,-7.123,-4.664,0.3771,0.1243,country_area_weighted_mean,6,synthetic
2023-01-23,ROU,-4.765,-3.5,0.3078,0.0903,country_area_weighted_mean,6,synthetic
2023-01-23,BGR,-3.584,-2.718,0.3721,0.0818,country_area_weighted_mean,6,synthetic
2023-01-23,SRB,-4.234,-2.968,0.3837,0.085,country_area_weighted_mean,6,synthetic
2023-01-23,UKR,-6.291,-4.129,0.4114,0.1046,country_area_weighted_mean,6,synthetic
2023-01-23,MDA,-2.197,-0.901,0.3796,0.0683,country_area_weighted_mean,6,synthetic
2023-01-23,RUS,-14.243,-11.431,0.2952,0.2092,country_area_weighted_mean,6,synthetic
2023-01-23,TUR,-0.729,0.807,0.2378,0.042,country_area_weighted_mean,6,synthetic
2023-01-23,GEO,-1.429,-1.632,0.3389,0.0593,country_area_weighted_mean,6,synthetic
2023-01-23,ISR,3.525,3.283,0.3088,0.0031,country_area_weighted_mean,6,synthetic
2023-01-23,EGY,10.574,9.85,0.286,0.0,country_area_weighted_mean,6,synthetic
2023-01-23,TUN,4.116,4.312,0.3697,0.0,country_area_weighted_mean,6,synthetic
2023-01-23,MAR,4.231,3.808,0.2734,0.0,country_area_weighted_mean,6,synthetic
2023-01-30,FRA,-8.455,-6.552,0.3734,0.1388,country_area_weighted_mean,6,synthetic
2023-01-30,DEU,-10.06,-8.605,0.4588,0.1573,country_area_weighted_mean,6,synthetic
2023-01-30,NLD,-9.799,-7.713,0.2959,0.1599,country_area_weighted_mean,6,synthetic
2023-01-30,BEL,-9.187,-6.283,0.2865,0.1482,country_area_weighted_mean,6,synthetic
2023-01-30,ITA,-5.027,-3.473,0.331,0.0897,country_area_weighted_mean,6,synthetic
2023-01-30,ESP,-1.788,-1.493,0.4979,0.0717,country_area_weighted_mean,6,synthetic
2023-01-30,POL,-8.377,-5.885,0.3168,0.1254,country_area_weighted_mean,6,synthetic
2023-01-30,HUN,-8.073,-6.536,0.3688,0.1243,country_area_weighted_mean,6,synthetic
2023-01-30,ROU,-4.269,-3.568,0.3494,0.0752,country_area_weighted_mean,6,synthetic
2023-01-30,BGR,-3.834,-2.241,0.4294,0.0772,country_area_weighted_mean,6,synthetic
2023-01-30,SRB,-4.611,-3.635,0.3961,0.0963,country_area_weighted_mean,6,synthetic
2023-01-30,UKR,-6.862,-4.667,0.4039,0.1192,country_area_weighted_mean,6,synthetic
2023-01-30,MDA,-4.546,-2.508,0.2999,0.0765,country_area_weighted_mean,6,synthetic
2023-01-30,RUS,-14.678,-11.083,0.2691,0.2077,country_area_weighted_mean,6,synthetic
2023-01-30,TUR,-1.673,-1.777,0.2275,0.0494,country_area_weighted_mean,6,synthetic
2023-01-30,GEO,-2.42,-1.337,0.3686,0.0657,country_area_weighted_mean,6,synthetic
2023-01-30,ISR,3.613,3.095,0.2917,0.0,country_area_weighted_mean,6,synthetic
2023-01-30,EGY,9.954,8.697,0.3531,0.0,country_area_weighted_mean,6,synthetic
2023-01-30,TUN,3.672,3.85,0.4489,0.0,country_area_weighted_mean,6,synthetic
2023-01-30,MAR,3.364,2.454,0.3453,0.0033,country_area_weighted_mean,6,synthetic
2023-02-06,FRA,-8.173,-6.001,0.294,0.1293,country_area_weighted_mean,6,synthetic
2023-02-06,DEU,-8.764,-6.785,0.305,0.1376,country_area_weighted_mean,6,synthetic
2023-02-06,NLD,-9.476,-7.338,0.3218,0.151,country_area_weighted_mean,6,synthetic
2023-02-06,BEL,-10.637,-8.793,0.2913,0.1658,country_area_weighted_mean,6,synthetic
2023-02-06,ITA,-3.805,-3.417,0.3348,0.0849,country_area_weighted_mean,6,synthetic
2023-02-06,ESP,-4.873,-2.999,0.3406,0.0771,country_area_weighted_mean,6,synthetic
2023-02-06,POL,-6.292,-4.371,0.3886,0.1084,country_area_weighted_mean,6,synthetic
2023-02-06,HUN,-6.137,-4.692,0.386,0.1103,country_area_weighted_mean,6,synthetic
2023-02-06,ROU,-5.499,-3.627,0.4089,0.1043,country_area_weighted_mean,6,synthetic
2023-02-06,BGR,-2.411,-0.951,0.6,0.0513,country_area_weighted_mean,6,synthetic
2023-02-06,SRB,-3.025,-1.386,0.4396,0.0584,country_area_weighted_mean,6,synthetic
2023-02-06,UKR,-6.998,-5.073,0.4324,0.1084,country_area_weighted_mean,6,synthetic
2023-02-06,MDA,-4.233,-2.879,0.325,0.0732,country_area_weighted_mean,6,synthetic
2023-02-06,RUS,-13.044,-9.822,0.3142,0.1851,country_area_weighted_mean,6,synthetic
2023-02-06,TUR,-1.033,-0.305,0.2824,0.0495,country_area_weighted_mean,6,synthetic
2023-02-06,GEO,-1.215,-0.497,0.3072,0.0507,country_area_weighted_mean,6,synthetic
2023-02-06,ISR,6.083,6.228,0.3979,0.0,country_area_weighted_mean,6,synthetic
2023-02-06,EGY,10.1,8.661,0.4004,0.0,country_area_weighted_mean,6,synthetic
2023-02-06,TUN,2.406,3.351,0.3578,0.0,country_area_weighted_mean,6,synthetic
2023-02-06,MAR,4.636,5.247,0.3022,0.0,country_area_weighted_mean,6,synthetic
2023-02-13,FRA,-7.954,-6.464,0.4081,0.1317,country_area_weighted_mean,6,synthetic
2023-02-13,DEU,-8.065,-6.617,0.4339,0.1268,country_area_weighted_mean,6,synthetic
2023-02-13,NLD,-9.616,-6.971,0.3056,0.1509,country_area_weighted_mean,6,synthetic
2023-02-13,BEL,-7.587,-6.345,0.3273,0.1204,country_area_weighted_mean,6,synthetic
2023-02-13,ITA,-5.492,-3.663,0.2934,0.1024,country_area_weighted_mean,6,synthetic
2023-02-13,ESP,-3.696,-3.122,0.3279,0.0834,country_area_weighted_mean,6,synthetic
2023-02-13,POL,-4.383,-3.206,0.3712,0.1008,country_area_weighted_mean,6,synthetic
2023-02-13,HUN,-5.161,-4.152,0.3419,0.0979,country_area_weighted_mean,6,synthetic
2023-02-13,ROU,-3.419,-2.429,0.2839,0.0816,country_area_weighted_mean,6,synthetic
2023-02-13,BGR,-3.27,-1.956,0.5863,0.0703,country_area_weighted_mean,6,synthetic
2023-02-13,SRB,-1.485,-0.5,0.3969,0.0536,country_area_weighted_mean,6,synthetic
2023-02-13,UKR,-7.7,-5.355,0.3559,0.1253,country_area_weighted_mean,6,synthetic
2023-02-13,MDA,-3.253,-2.482,0.3479,0.0754,country_area_weighted_mean,6,synthetic
2023-02-13,RUS,-13.624,-11.422,0.3376,0.202,country_area_weighted_mean,6,synthetic
2023-02-13,TUR,-0.615,-0.547,0.3253,0.0449,country_area_weighted_mean,6,synthetic
2023-02-13,GEO,-0.779,-0.837,0.3339,0.0451,country_area_weighted_mean,6,synthetic
2023-02-13,ISR,5.628,4.537,0.3217,0.0,country_area_weighted_mean,6,synthetic
2023-02-13,EGY,8.756,9.006,0.3731,0.0,country_area_weighted_mean,6,synthetic
2023-02-13,TUN,2.562,1.777,0.3796,0.0,country_area_weighted_mean,6,synthetic
2023-02-13,MAR,4.382,4.116,0.3307,0.0,country_area_weighted_mean,6,synthetic
2023-02-20,FRA,-4.485,-4.415,0.3716,0.1021,country_area_weighted_mean,6,synthetic
2023-02-20,DEU,-5.186,-4.118,0.3045,0.0979,country_area_weighted_mean,6,synthetic
2023-02-20,NLD,-9.752,-7.19,0.4098,0.1341,country_area_weighted_mean,6,synthetic
2023-02-20,BEL,-7.764,-5.329,0.2398,0.1171,country_area_weighted_mean,6,synthetic
2023-02-20,ITA,-3.967,-2.054,0.3551,0.0671,country_area_weighted_mean,6,synthetic
2023-02-20,ESP,0.257,0.273,0.3677,0.0397,country_area_weighted_mean,6,synthetic
2023-02-20,POL,-5.863,-3.884,0.3578,0.103,country_area_weighted_mean,6,synthetic
2023-02-20,HUN,-3.481,-3.41,0.3755,0.0746,country_area_weighted_mean,6,synthetic
2023-02-20,ROU,-3.658,-2.589,0.2936,0.0704,country_area_weighted_mean,6,synthetic
2023-02-20,BGR,-1.963,-1.585,0.5168,0.0542,country_area_weighted_mean,6,synthetic
2023-02-20,SRB,-0.721,0.731,0.4587,0.0379,country_area_weighted_mean,6,synthetic
2023-02-20,UKR,-5.667,-4.167,0.4228,0.1012,country_area_weighted_mean,6,synthetic
2023-02-20,MDA,-1.336,-0.387,0.3066,0.0523,country_area_weighted_mean,6,synthetic
2023-02-20,RUS,-13.512,-11.196,0.3038,0.193,country_area_weighted_mean,6,synthetic
2023-02-20,TUR,0.247,1.072,0.3657,0.0289,country_area_weighted_mean,6,synthetic
2023-02-20,GEO,-0.028,1.216,0.4051,0.0312,country_area_weighted_mean,6,synthetic
2023-02-20,ISR,5.505,6.609,0.3067,0.0,country_area_weighted_mean,6,synthetic
2023-02-20,EGY,8.315,7.576,0.3432,0.0,country_area_weighted_mean,6,synthetic
2023-02-20,TUN,3.477,2.281,0.3529,0.0067,country_area_weighted_mean,6,synthetic
2023-02-20,MAR,5.371,5.087,0.2861,0.0,country_area_weighted_mean,6,synthetic
2023-02-27,FRA,-2.853,-2.253,0.343,0.0721,country_area_weighted_mean,6,synthetic
2023-02-27,DEU,-2.674,-2.272,0.2996,0.0674,country_area_weighted_mean,6,synthetic
2023-02-27,NLD,-9.036,-7.411,0.4203,0.1414,country_area_weighted_mean,6,synthetic
2023-02-27,BEL,-7.043,-4.954,0.2923,0.1131,country_area_weighted_mean,6,synthetic
2023-02-27,ITA,-1.756,-1.122,0.3233,0.0631,country_area_weighted_mean,6,synthetic
2023-02-27,ESP,-0.656,0.558,0.3375,0.0323,country_area_weighted_mean,6,synthetic
2023-02-27,POL,-6.191,-4.77,0.3469,0.1049,country_area_weighted_mean,6,synthetic
2023-02-27,HUN,-2.073,-1.06,0.4043,0.0509,country_area_weighted_mean,6,synthetic
2023-02-27,ROU,-4.299,-3.403,0.3863,0.0787,country_area_weighted_mean,6,synthetic
2023-02-27,BGR,-2.387,-0.642,0.3956,0.0517,country_area_weighted_mean,6,synthetic
2023-02-27,SRB,-1.81,-0.284,0.4272,0.0416,country_area_weighted_mean,6,synthetic
2023-02-27,UKR,-6.958,-5.404,0.3314,0.1167,country_area_weighted_mean,6,synthetic
2023-02-27,MDA,-1.903,-1.915,0.3012,0.0594,country_area_weighted_mean,6,synthetic
2023-02-27,RUS,-12.61,-9.572,0.435,0.1863,country_area_weighted_mean,6,synthetic
2023-02-27,TUR,1.253,2.189,0.4696,0.0197,country_area_weighted_mean,6,synthetic
2023-02-27,GEO,-0.584,0.764,0.439,0.0287,country_area_weighted_mean,6,synthetic
2023-02-27,ISR,7.684,7.222,0.2794,0.0,country_area_weighted_mean,6,synthetic
2023-02-27,EGY,9.285,8.904,0.3092,0.0,country_area_weighted_mean,6,synthetic
2023-02-27,TUN,4.573,4.646,0.3109,0.0,country_area_weighted_mean,6,synthetic
2023-02-27,MAR,6.801,6.034,0.3281,0.0,country_area_weighted_mean,6,synthetic
2023-03-06,FRA,-2.225,-0.949,0.3773,0.0681,country_area_weighted_mean,6,synthetic
2023-03-06,DEU,-4.012,-3.387,0.3538,0.0822,country_area_weighted_mean,6,synthetic
2023-03-06,NLD,-8.269,-5.963,0.4583,0.1303,country_area_weighted_mean,6,synthetic
2023-03-06,BEL,-4.809,-2.979,0.3373,0.0964,country_area_weighted_mean,6,synthetic
2023-03-06,ITA,1.04,0.038,0.3467,0.0304,country_area_weighted_mean,6,synthetic
2023-03-06,ESP,-0.045,0.864,0.4182,0.0275,country_area_weighted_mean,6,synthetic
2023-03-06,POL,-5.657,-4.877,0.4875,0.1068,country_area_weighted_mean,6,synthetic
2023-03-06,HUN,-0.816,1.204,0.2897,0.0351,country_area_weighted_mean,6,synthetic
2023-03-06,ROU,-3.166,-2.471,0.2805,0.0788,country_area_weighted_mean,6,synthetic
2023-03-06,BGR,0.386,0.514,0.3148,0.0318,country_area_weighted_mean,6,synthetic
2023-03-06,SRB,-0.554,-0.988,0.3731,0.0463,country_area_weighted_mean,6,synthetic
2023-03-06,UKR,-5.682,-5.283,0.3299,0.0995,country_area_weighted_mean,6,synthetic
2023-03-06,MDA,-1.078,-0.253,0.3638,0.044,country_area_weighted_mean,6,synthetic
2023-03-06,RUS,-10.432,-7.729,0.4172,0.1493,country_area_weighted_mean,6,synthetic
2023-03-06,TUR,2.181,1.238,0.4116,0.0,country_area_weighted_mean,6,synthetic
2023-03-06,GEO,3.211,1.87,0.4285,0.0,country_area_weighted_mean,6,synthetic
2023-03-06,ISR,7.897,6.047,0.3082,0.0,country_area_weighted_mean,6,synthetic
2023-03-06,EGY,11.409,9.871,0.3281,0.0,country_area_weighted_mean,6,synthetic
2023-03-06,TUN,3.933,4.067,0.3281,0.0,country_area_weighted_mean,6,synthetic
2023-03-06,MAR,6.214,5.766,0.2975,0.0,country_area_weighted_mean,6,synthetic
2023-03-13,FRA,-1.128,-1.535,0.3699,0.0483,country_area_weighted_mean,6,synthetic
2023-03-13,DEU,-4.462,-3.91,0.319,0.0928,country_area_weighted_mean,6,synthetic
2023-03-13,NLD,-5.717,-4.389,0.313,0.0934,country_area_weighted_mean,6,synthetic
2023-03-13,BEL,-4.412,-2.463,0.3186,0.0816,country_area_weighted_mean,6,synthetic
2023-03-13,ITA,-1.282,-0.131,0.4758,0.0442,country_area_weighted_mean,6,synthetic
2023-03-13,ESP,1.49,0.434,0.3626,0.0225,country_area_weighted_mean,6,synthetic
2023-03-13,POL,-3.302,-1.554,0.4035,0.0729,country_area_weighted_mean,6,synthetic
2023-03-13,HUN,-1.604,-0.833,0.2587,0.05,country_area_weighted_mean,6,synthetic
2023-03-13,ROU,-0.871,-0.043,0.3528,0.0437,country_area_weighted_mean,6,synthetic
2023-03-13,BGR,2.448,3.441,0.3451,0.0074,country_area_weighted_mean,6,synthetic
2023-03-13,SRB,0.202,0.384,0.3524,0.0356,country_area_weighted_mean,6,synthetic
2023-03-13,UKR,-4.182,-3.853,0.3858,0.0815,country_area_weighted_mean,6,synthetic
2023-03-13,MDA,-0.537,0.199,0.3992,0.0384,country_area_weighted_mean,6,synthetic
2023-03-13,RUS,-8.008,-6.772,0.3251,0.1315,country_area_weighted_mean,6,synthetic
2023-03-13,TUR,3.185,2.383,0.3261,0.0,country_area_weighted_mean,6,synthetic
2023-03-13,GEO,4.046,2.42,0.5003,0.0,country_area_weighted_mean,6,synthetic
2023-03-13,ISR,10.188,9.018,0.3195,0.0,country_area_weighted_mean,6,synthetic
2023-03-13,EGY,10.826,9.591,0.2943,0.0,country_area_weighted_mean,6,synthetic
2023-03-13,TUN,6.358,5.771,0.2732,0.0,country_area_weighted_mean,6,synthetic
2023-03-13,MAR,6.492,5.857,0.3199,0.0,country_area_weighted_mean,6,synthetic
2023-03-20,FRA,0.669,-0.334,0.318,0.0315,country_area_weighted_mean,6,synthetic
2023-03-20,DEU,-4.189,-3.67,0.3653,0.0799,country_area_weighted_mean,6,synthetic
2023-03-20,NLD,-2.625,-1.282,0.4378,0.0679,country_area_weighted_mean,6,synthetic
2023-03-20,BEL,-2.279,-0.671,0.2642,0.0598,country_area_weighted_mean,6,synthetic
2023-03-20,ITA,-0.033,0.667,0.3667,0.0261,country_area_weighted_mean,6,synthetic
2023-03-20,ESP,3.772,3.214,0.316,0.0013,country_area_weighted_mean,6,synthetic
2023-03-20,POL,-1.971,-1.497,0.403,0.049,country_area_weighted_mean,6,synthetic
2023-03-20,HUN,2.073,3.051,0.3191,0.0031,country_area_weighted_mean,6,synthetic
2023-03-20,ROU,1.369,1.7,0.3202,0.0065,country_area_weighted_mean,6,synthetic
2023-03-20,BGR,4.658,5.285,0.3142,0.0,country_area_weighted_mean,6,synthetic
2023-03-20,SRB,2.296,2.996,0.4009,0.0,country_area_weighted_mean,6,synthetic
2023-03-20,UKR,-1.007,-0.167,0.3858,0.0446,country_area_weighted_mean,6,synthetic
2023-03-20,MDA,1.253,2.316,0.3096,0.0111,country_area_weighted_mean,6,synthetic
2023-03-20,RUS,-4.989,-3.799,0.3981,0.0902,country_area_weighted_mean,6,synthetic
2023-03-20,TUR,5.584,4.635,0.2589,0.0,country_area_weighted_mean,6,synthetic
2023-03-20,GEO,4.565,4.461,0.44,0.0,country_area_weighted_mean,6,synthetic
2023-03-20,ISR,11.899,9.533,0.3042,0.0,country_area_weighted_mean,6,synthetic
2023-03-20,EGY,12.697,10.084,0.3141,0.0,country_area_weighted_mean,6,synthetic
2023-03-20,TUN,5.64,5.747,0.2929,0.0,country_area_weighted_mean,6,synthetic
2023-03-20,MAR,7.486,5.919,0.2772,0.0,country_area_weighted_mean,6,synthetic
2023-03-27,FRA,2.229,1.72,0.3429,0.0123,country_area_weighted_mean,6,synthetic
2023-03-27,DEU,-2.58,-1.579,0.3266,0.0553,country_area_weighted_mean,6,synthetic
2023-03-27,NLD,-0.867,-0.355,0.3402,0.0426,country_area_weighted_mean,6,synthetic
2023-03-27,BEL,-1.893,0.071,0.2358,0.0406,country_area_weighted_mean,6,synthetic
2023-03-27,ITA,3.937,3.299,0.4308,0.0,country_area_weighted_mean,6,synthetic
2023-03-27,ESP,3.044,3.397,0.3041,0.0041,country_area_weighted_mean,6,synthetic
2023-03-27,POL,-0.348,0.079,0.3585,0.0406,country_area_weighted_mean,6,synthetic
2023-03-27,HUN,3.857,3.586,0.3106,0.0,country_area_weighted_mean,6,synthetic
2023-03-27,ROU,2.34,2.689,0.3278,0.0063,country_area_weighted_mean,6,synthetic
2023-03-27,BGR,5.596,6.199,0.3134,0.0,country_area_weighted_mean,6,synthetic
2023-03-27,SRB,5.45,4.367,0.3638,0.0,country_area_weighted_mean,6,synthetic
2023-03-27,UKR,0.58,1.46,0.3471,0.0314,country_area_weighted_mean,6,synthetic
2023-03-27,MDA,1.514,2.249,0.3185,0.0114,country_area_weighted_mean,6,synthetic
2023-03-27,RUS,-2.585,-0.519,0.3074,0.0563,country_area_weighted_mean,6,synthetic
2023-03-27,TUR,6.32,5.435,0.2793,0.0,country_area_weighted_mean,6,synthetic
2023-03-27,GEO,5.411,4.208,0.3798,0.0,country_area_weighted_mean,6,synthetic
2023-03-27,ISR,11.208,9.186,0.327,0.0,country_area_weighted_mean,6,synthetic
2023-03-27,EGY,11.72,10.727,0.3319,0.0,country_area_weighted_mean,6,synthetic
2023-03-27,TUN,7.962,7.539,0.3392,0.0,country_area_weighted_mean,6,synthetic
2023-03-27,MAR,8.005,7.131,0.2726,0.0,country_area_weighted_mean,6,synthetic
2023-04-03,FRA,2.694,2.036,0.3906,0.0033,country_area_weighted_mean,6,synthetic
2023-04-03,DEU,-0.412,1.298,0.3645,0.0309,country_area_weighted_mean,6,synthetic
2023-04-03,NLD,-0.747,-0.117,0.3771,0.0371,country_area_weighted_mean,6,synthetic
2023-04-03,BEL,-0.309,0.172,0.2426,0.028,country_area_weighted_mean,6,synthetic
2023-04-03,ITA,4.842,4.431,0.3929,0.0,country_area_weighted_mean,6,synthetic
2023-04-03,ESP,4.842,4.427,0.2931,0.0,country_area_weighted_mean,6,synthetic
2023-04-03,POL,0.298,1.351,0.353,0.0365,country_area_weighted_mean,6,synthetic
2023-04-03,HUN,3.757,3.173,0.3449,0.0,country_area_weighted_mean,6,synthetic
2023-04-03,ROU,4.769,3.584,0.4087,0.0,country_area_weighted_mean,6,synthetic
2023-04-03,BGR,5.788,6.477,0.3387,0.0,country_area_weighted_mean,6,synthetic
2023-04-03,SRB,6.414,5.947,0.2943,0.0,country_area_weighted_mean,6,synthetic
2023-04-03,UKR,2.522,2.776,0.3158,0.0,country_area_weighted_mean,6,synthetic
2023-04-03,MDA,4.108,4.728,0.3333,0.0,country_area_weighted_mean,6,synthetic
2023-04-03,RUS,-1.518,-1.251,0.3079,0.0576,country_area_weighted_mean,6,synthetic
2023-04-03,TUR,6.251,5.575,0.3333,0.0,country_area_weighted_mean,6,synthetic
2023-04-03,GEO,6.567,6.497,0.3326,0.0,country_area_weighted_mean,6,synthetic
2023-04-03,ISR,11.254,9.134,0.3602,0.0,country_area_weighted_mean,6,synthetic
2023-04-03,EGY,14.424,13.145,0.3075,0.0,country_area_weighted_mean,6,synthetic
2023-04-03,TUN,9.562,9.741,0.3053,0.0,country_area_weighted_mean,6,synthetic
2023-04-03,MAR,9.786,8.46,0.4611,0.0,country_area_weighted_mean,6,synthetic
2023-04-10,FRA,4.117,3.971,0.4103,0.0,country_area_weighted_mean,6,synthetic
2023-04-10,DEU,4.818,3.796,0.2763,0.0,country_area_weighted_mean,6,synthetic
2023-04-10,NLD,1.238,0.978,0.3311,0.0193,country_area_weighted_mean,6,synthetic
2023-04-10,BEL,3.135,4.31,0.4158,0.0,country_area_weighted_mean,6,synthetic
2023-04-10,ITA,5.91,5.83,0.4275,0.0,country_area_weighted_mean,6,synthetic
2023-04-10,ESP,8.208,6.376,0.3322,0.0,country_area_weighted_mean,6,synthetic
2023-04-10,POL,1.455,1.237,0.3377,0.0252,country_area_weighted_mean,6,synthetic
2023-04-10,HUN,5.083,5.587,0.358,0.0,country_area_weighted_mean,6,synthetic
2023-04-10,ROU,5.865,5.523,0.4064,0.0,country_area_weighted_mean,6,synthetic
2023-04-10,BGR,6.646,6.181,0.323,0.0,country_area_weighted_mean,6,synthetic
2023-04-10,SRB,8.642,7.444,0.2994,0.0,country_area_weighted_mean,6,synthetic
2023-04-10,UKR,6.435,6.535,0.444,0.0,country_area_weighted_mean,6,synthetic
2023-04-10,MDA,4.945,3.301,0.3146,0.0,country_area_weighted_mean,6,synthetic
2023-04-10,RUS,1.032,0.908,0.4861,0.021,country_area_weighted_mean,6,synthetic
2023-04-10,TUR,10.175,8.444,0.2769,0.0,country_area_weighted_mean,6,synthetic
2023-04-10,GEO,7.546,6.732,0.3517,0.0,country_area_weighted_mean,6,synthetic
2023-04-10,ISR,12.552,11.894,0.3432,0.0,country_area_weighted_mean,6,synthetic
2023-04-10,EGY,14.19,13.481,0.3149,0.0,country_area_weighted_mean,6,synthetic
2023-04-10,TUN,9.166,7.455,0.3227,0.0,country_area_weighted_mean,6,synthetic
2023-04-10,MAR,12.956,12.267,0.2927,0.0,country_area_weighted_mean,6,synthetic
2023-04-17,FRA,9.323,8.32,0.3637,0.0,country_area_weighted_mean,6,synthetic
2023-04-17,DEU,5.422,5.801,0.2914,0.0,country_area_weighted_mean,6,synthetic
2023-04-17,NLD,3.468,3.348,0.3273,0.0,country_area_weighted_mean,6,synthetic
2023-04-17,BEL,5.566,4.827,0.3299,0.0,country_area_weighted_mean,6,synthetic
2023-04-17,ITA,6.926,6.328,0.3953,0.0,country_area_weighted_mean,6,synthetic
2023-04-17,ESP,8.792,7.73,0.328,0.0,country_area_weighted_mean,6,synthetic
2023-04-17,POL,4.744,4.353,0.3349,0.0,country_area_weighted_mean,6,synthetic
2023-04-17,HUN,7.45,6.957,0.2955,0.0,country_area_weighted_mean,6,synthetic
2023-04-17,ROU,7.185,5.97,0.384,0.0,country_area_weighted_mean,6,synthetic
2023-04-17,BGR,9.793,8.245,0.3287,0.0,country_area_weighted_mean,6,synthetic
2023-04-17,SRB,7.593,7.254,0.3182,0.0,country_area_weighted_mean,6,synthetic
2023-04-17,UKR,6.103,6.741,0.3306,0.0,country_area_weighted_mean,6,synthetic
2023-04-17,MDA,6.265,5.943,0.2696,0.0,country_area_weighted_mean,6,synthetic
2023-04-17,RUS,4.401,4.551,0.3305,0.0,country_area_weighted_mean,6,synthetic
2023-04-17,TUR,13.212,11.177,0.2537,0.0,country_area_weighted_mean,6,synthetic
2023-04-17,GEO,11.234,10.304,0.3656,0.0,country_area_weighted_mean,6,synthetic
2023-04-17,ISR,13.819,12.233,0.2714,0.0,country_area_weighted_mean,6,synthetic
2023-04-17,EGY,17.875,15.177,0.2812,0.0,country_area_weighted_mean,6,synthetic
2023-04-17,TUN,12.155,11.764,0.3248,0.0,country_area_weighted_mean,6,synthetic
2023-04-17,MAR,14.115,12.994,0.2769,0.0,country_area_weighted_mean,6,synthetic
2023-04-24,FRA,11.705,10.367,0.3502,0.0,country_area_weighted_mean,6,synthetic
2023-04-24,DEU,8.203,7.241,0.3568,0.0,country_area_weighted_mean,6,synthetic
2023-04-24,NLD,5.784,4.991,0.4029,0.0,country_area_weighted_mean,6,synthetic
2023-04-24,BEL,7.472,8.249,0.3787,0.0,country_area_weighted_mean,6,synthetic
2023-04-24,ITA,7.541,7.948,0.4555,0.0,country_area_weighted_mean,6,synthetic
2023-04-24,ESP,11.174,10.743,0.3535,0.0,country_area_weighted_mean,6,synthetic
2023-04-24,POL,8.128,7.313,0.3391,0.0,country_area_weighted_mean,6,synthetic
2023-04-24,HUN,9.004,8.08,0.3054,0.0,country_area_weighted_mean,6,synthetic
2023-04-24,ROU,7.83,7.931,0.2963,0.0,country_area_weighted_mean,6,synthetic
2023-04-24,BGR,10.901,10.041,0.3666,0.0,country_area_weighted_mean,6,synthetic
2023-04-24,SRB,8.633,8.227,0.3422,0.0,country_area_weighted_mean,6,synthetic
2023-04-24,UKR,8.221,8.148,0.3508,0.0,country_area_weighted_mean,6,synthetic
2023-04-24,MDA,6.773,7.047,0.3437,0.0,country_area_weighted_mean,6,synthetic
2023-04-24,RUS,5.825,5.108,0.278,0.0,country_area_weighted_mean,6,synthetic
2023-04-24,TUR,11.923,10.293,0.2955,0.0,country_area_weighted_mean,6,synthetic
2023-04-24,GEO,13.05,10.944,0.3468,0.0,country_area_weighted_mean,6,synthetic
2023-04-24,ISR,16.62,14.583,0.3188,0.0,country_area_weighted_mean,6,synthetic
2023-04-24,EGY,18.272,16.266,0.2501,0.0,country_area_weighted_mean,6,synthetic
2023-04-24,TUN,13.163,11.297,0.3361,0.0,country_area_weighted_mean,6,synthetic
2023-04-24,MAR,17.638,14.97,0.3216,0.0,country_area_weighted_mean,6,synthetic
2023-05-01,FRA,11.883,9.865,0.3725,0.0,country_area_weighted_mean,6,synthetic
2023-05-01,DEU,7.778,7.108,0.3383,0.0,country_area_weighted_mean,6,synthetic
2023-05-01,NLD,7.167,7.03,0.2702,0.0,country_area_weighted_mean,6,synthetic
2023-05-01,BEL,10.291,8.906,0.2315,0.0,country_area_weighted_mean,6,synthetic
2023-05-01,ITA,11.024,10.09,0.3811,0.0,country_area_weighted_mean,6,synthetic
2023-05-01,ESP,15.665,14.169,0.3432,0.0,country_area_weighted_mean,6,synthetic
2023-05-01,POL,10.151,8.668,0.4076,0.0,country_area_weighted_mean,6,synthetic
2023-05-01,HUN,10.127,9.662,0.3338,0.0,country_area_weighted_mean,6,synthetic
2023-05-01,ROU,10.323,8.804,0.306,0.0,country_area_weighted_mean,6,synthetic
2023-05-01,BGR,11.257,10.688,0.3585,0.0,country_area_weighted_mean,6,synthetic
2023-05-01,SRB,11.132,9.603,0.3178,0.0,country_area_weighted_mean,6,synthetic
2023-05-01,UKR,9.895,9.415,0.299,0.0,country_area_weighted_mean,6,synthetic
2023-05-01,MDA,9.201,8.666,0.392,0.0,country_area_weighted_mean,6,synthetic
2023-05-01,RUS,7.312,6.907,0.2737,0.0,country_area_weighted_mean,6,synthetic
2023-05-01,TUR,11.563,9.171,0.3118,0.0,country_area_weighted_mean,6,synthetic
2023-05-01,GEO,14.18,12.714,0.4419,0.0,country_area_weighted_mean,6,synthetic
2023-05-01,ISR,17.5,14.46,0.2839,0.0,country_area_weighted_mean,6,synthetic
2023-05-01,EGY,20.708,17.453,0.2686,0.0,country_area_weighted_mean,6,synthetic
2023-05-01,TUN,12.418,10.858,0.2798,0.0,country_area_weighted_mean,6,synthetic
2023-05-01,MAR,18.689,16.435,0.2822,0.0,country_area_weighted_mean,6,synthetic
2023-05-08,FRA,11.716,10.812,0.3088,0.0,country_area_weighted_mean,6,synthetic
2023-05-08,DEU,11.711,10.388,0.3057,0.0,country_area_weighted_mean,6,synthetic
2023-05-08,NLD,10.198,9.484,0.368,0.0,country_area_weighted_mean,6,synthetic
2023-05-08,BEL,12.415,11.677,0.3034,0.0,country_area_weighted_mean,6,synthetic
2023-05-08,ITA,14.429,13.82,0.2761,0.0,country_area_weighted_mean,6,synthetic
2023-05-08,ESP,14.529,13.345,0.3024,0.0,country_area_weighted_mean,6,synthetic
2023-05-08,POL,10.572,10.519,0.4019,0.0,country_area_weighted_mean,6,synthetic
2023-05-08,HUN,12.702,11.482,0.4067,0.0,country_area_weighted_mean,6,synthetic
2023-05-08,ROU,12.062,10.522,0.3025,0.0,country_area_weighted_mean,6,synthetic
2023-05-08,BGR,13.641,12.947,0.3234,0.0,country_area_weighted_mean,6,synthetic
2023-05-08,SRB,14.741,13.309,0.3598,0.0,country_area_weighted_mean,6,synthetic
2023-05-08,UKR,11.361,11.003,0.2642,0.0,country_area_weighted_mean,6,synthetic
2023-05-08,MDA,11.015,9.484,0.2964,0.0,country_area_weighted_mean,6,synthetic
2023-05-08,RUS,9.222,7.981,0.3342,0.0,country_area_weighted_mean,6,synthetic
2023-05-08,TUR,15.716,14.075,0.28,0.0,country_area_weighted_mean,6,synthetic
2023-05-08,GEO,14.357,13.495,0.4114,0.0,country_area_weighted_mean,6,synthetic
2023-05-08,ISR,19.485,16.871,0.2822,0.0,country_area_weighted_mean,6,synthetic
2023-05-08,EGY,20.637,17.127,0.2853,0.0,country_area_weighted_mean,6,synthetic
2023-05-08,TUN,16.554,14.116,0.2484,0.0,country_area_weighted_mean,6,synthetic
2023-05-08,MAR,20.382,17.919,0.289,0.0,country_area_weighted_mean,6,synthetic
2023-05-15,FRA,14.486,12.243,0.3249,0.0,country_area_weighted_mean,6,synthetic
2023-05-15,DEU,13.333,12.283,0.3134,0.0,country_area_weighted_mean,6,synthetic
2023-05-15,NLD,13.544,11.983,0.3455,0.0,country_area_weighted_mean,6,synthetic
2023-05-15,BEL,17.831,15.0,0.2611,0.0,country_area_weighted_mean,6,synthetic
2023-05-15,ITA,16.612,13.618,0.2996,0.0,country_area_weighted_mean,6,synthetic
2023-05-15,ESP,16.366,13.307,0.3182,0.0,country_area_weighted_mean,6,synthetic
2023-05-15,POL,12.676,11.31,0.2864,0.0,country_area_weighted_mean,6,synthetic
2023-05-15,HUN,17.912,15.435,0.3385,0.0,country_area_weighted_mean,6,synthetic
2023-05-15,ROU,13.497,12.892,0.2848,0.0,country_area_weighted_mean,6,synthetic
2023-05-15,BGR,16.784,14.299,0.3329,0.0,country_area_weighted_mean,6,synthetic
2023-05-15,SRB,17.429,14.842,0.4895,0.0,country_area_weighted_mean,6,synthetic
2023-05-15,UKR,13.381,12.846,0.2593,0.0,country_area_weighted_mean,6,synthetic
2023-05-15,MDA,13.528,11.741,0.3097,0.0,country_area_weighted_mean,6,synthetic
2023-05-15,RUS,9.97,9.103,0.3241,0.0,country_area_weighted_mean,6,synthetic
2023-05-15,TUR,17.016,15.72,0.2849,0.0,country_area_weighted_mean,6,synthetic
2023-05-15,GEO,17.429,15.119,0.2959,0.0,country_area_weighted_mean,6,synthetic
2023-05-15,ISR,20.06,17.668,0.2607,0.0,country_area_weighted_mean,6,synthetic
2023-05-15,EGY,18.923,16.923,0.3121,0.0,country_area_weighted_mean,6,synthetic
2023-05-15,TUN,16.746,14.618,0.2178,0.0,country_area_weighted_mean,6,synthetic
2023-05-15,MAR,20.997,17.543,0.2483,0.0,country_area_weighted_mean,6,synthetic
2023-05-22,FRA,15.559,14.172,0.3354,0.0,country_area_weighted_mean,6,synthetic
2023-05-22,DEU,14.772,12.727,0.257,0.0,country_area_weighted_mean,6,synthetic
2023-05-22,NLD,13.408,11.521,0.2516,0.0,country_area_weighted_mean,6,synthetic
2023-05-22,BEL,19.3,17.197,0.2372,0.0,country_area_weighted_mean,6,synthetic
2023-05-22,ITA,18.962,16.389,0.2926,0.0,country_area_weighted_mean,6,synthetic
2023-05-22,ESP,16.812,14.598,0.3228,0.0,country_area_weighted_mean,6,synthetic
2023-05-22,POL,15.054,13.006,0.2797,0.0,country_area_weighted_mean,6,synthetic
2023-05-22,HUN,16.607,14.543,0.2905,0.0,country_area_weighted_mean,6,synthetic
2023-05-22,ROU,17.47,15.29,0.2767,0.0,country_area_weighted_mean,6,synthetic
2023-05-22,BGR,17.799,16.321,0.2893,0.0,country_area_weighted_mean,6,synthetic
2023-05-22,SRB,20.062,16.873,0.4478,0.0,country_area_weighted_mean,6,synthetic
2023-05-22,UKR,16.049,13.702,0.2326,0.0,country_area_weighted_mean,6,synthetic
2023-05-22,MDA,16.639,14.783,0.2542,0.0,country_area_weighted_mean,6,synthetic
2023-05-22,RUS,12.638,10.626,0.2752,0.0,country_area_weighted_mean,6,synthetic
2023-05-22,TUR,19.028,16.305,0.2788,0.0,country_area_weighted_mean,6,synthetic
2023-05-22,GEO,16.772,14.241,0.331,0.0,country_area_weighted_mean,6,synthetic
2023-05-22,ISR,21.193,19.224,0.2909,0.0,country_area_weighted_mean,6,synthetic
2023-05-22,EGY,19.349,18.242,0.3195,0.0,country_area_weighted_mean,6,synthetic
2023-05-22,TUN,20.432,16.773,0.2281,0.0,country_area_weighted_mean,6,synthetic
2023-05-22,MAR,21.712,20.339,0.2185,0.0,country_area_weighted_mean,6,synthetic
2023-05-29,FRA,17.711,15.108,0.2782,0.0,country_area_weighted_mean,6,synthetic
2023-05-29,DEU,14.332,13.101,0.2676,0.0,country_area_weighted_mean,6,synthetic
2023-05-29,NLD,16.337,13.922,0.284,0.0,country_area_weighted_mean,6,synthetic
2023-05-29,BEL,19.741,17.272,0.2563,0.0,country_area_weighted_mean,6,synthetic
2023-05-29,ITA,19.497,16.713,0.2895,0.0,country_area_weighted_mean,6,synthetic
2023-05-29,ESP,18.029,15.665,0.3243,0.0,country_area_weighted_mean,6,synthetic
2023-05-29,POL,17.668,15.0,0.2491,0.0,country_area_weighted_mean,6,synthetic
2023-05-29,HUN,18.418,16.678,0.2536,0.0,country_area_weighted_mean,6,synthetic
2023-05-29,ROU,21.107,18.648,0.3344,0.0,country_area_weighted_mean,6,synthetic
2023-05-29,BGR,21.669,19.118,0.3254,0.0,country_area_weighted_mean,6,synthetic
2023-05-29,SRB,20.201,18.859,0.4177,0.0,country_area_weighted_mean,6,synthetic
2023-05-29,UKR,16.943,14.404,0.2689,0.0,country_area_weighted_mean,6,synthetic
2023-05-29,MDA,17.111,14.244,0.2543,0.0,country_area_weighted_mean,6,synthetic
2023-05-29,RUS,15.774,13.594,0.353,0.0,country_area_weighted_mean,6,synthetic
2023-05-29,TUR,21.552,18.679,0.257,0.0,country_area_weighted_mean,6,synthetic
2023-05-29,GEO,18.027,15.876,0.2734,0.0,country_area_weighted_mean,6,synthetic
2023-05-29,ISR,22.563,18.964,0.2608,0.0,country_area_weighted_mean,6,synthetic
2023-05-29,EGY,19.247,17.33,0.2742,0.0,country_area_weighted_mean,6,synthetic
2023-05-29,TUN,23.047,19.58,0.2704,0.0,country_area_weighted_mean,6,synthetic
2023-05-29,MAR,23.961,21.231,0.2397,0.0,country_area_weighted_mean,6,synthetic
2023-06-05,FRA,20.371,18.616,0.2795,0.0,country_area_weighted_mean,6,synthetic
2023-06-05,DEU,16.672,14.319,0.2261,0.0,country_area_weighted_mean,6,synthetic
2023-06-05,NLD,17.02,15.13,0.2904,0.0,country_area_weighted_mean,6,synthetic
2023-06-05,BEL,20.602,17.607,0.3388,0.0,country_area_weighted_mean,6,synthetic
2023-06-05,ITA,23.618,19.48,0.2468,0.0,country_area_weighted_mean,6,synthetic
2023-06-05,ESP,21.312,17.946,0.3308,0.0,country_area_weighted_mean,6,synthetic
2023-06-05,POL,18.85,16.155,0.2514,0.0,country_area_weighted_mean,6,synthetic
2023-06-05,HUN,19.754,17.864,0.2746,0.0,country_area_weighted_mean,6,synthetic
2023-06-05,ROU,23.281,19.965,0.3405,0.0,country_area_weighted_mean,6,synthetic
2023-06-05,BGR,22.398,19.794,0.2879,0.0,country_area_weighted_mean,6,synthetic
2023-06-05,SRB,21.257,17.491,0.3327,0.0,country_area_weighted_mean,6,synthetic
2023-06-05,UKR,18.814,15.521,0.2838,0.0,country_area_weighted_mean,6,synthetic
2023-06-05,MDA,19.044,17.99,0.2815,0.0,country_area_weighted_mean,6,synthetic
2023-06-05,RUS,18.293,16.082,0.321,0.0,country_area_weighted_mean,6,synthetic
2023-06-05,TUR,22.201,19.115,0.2406,0.0,country_area_weighted_mean,6,synthetic
2023-06-05,GEO,18.808,16.654,0.2049,0.0,country_area_weighted_mean,6,synthetic
2023-06-05,ISR,22.615,18.762,0.2698,0.0,country_area_weighted_mean,6,synthetic
2023-06-05,EGY,21.006,17.724,0.2707,0.0,country_area_weighted_mean,6,synthetic
2023-06-05,TUN,25.613,21.641,0.2201,0.0,country_area_weighted_mean,6,synthetic
2023-06-05,MAR,25.795,22.553,0.2652,0.0,country_area_weighted_mean,6,synthetic
2023-06-12,FRA,22.463,20.161,0.2731,0.0,country_area_weighted_mean,6,synthetic
2023-06-12,DEU,19.74,17.264,0.2655,0.0,country_area_weighted_mean,6,synthetic
2023-06-12,NLD,20.617,17.469,0.2696,0.0,country_area_weighted_mean,6,synthetic
2023-06-12,BEL,21.357,19.275,0.3003,0.0,country_area_weighted_mean,6,synthetic
2023-06-12,ITA,22.702,19.7,0.305,0.0,country_area_weighted_mean,6,synthetic
2023-06-12,ESP,22.426,19.011,0.3238,0.0,country_area_weighted_mean,6,synthetic
2023-06-12,POL,20.348,17.87,0.2434,0.0,country_area_weighted_mean,6,synthetic
2023-06-12,HUN,19.6,18.043,0.26,0.0,country_area_weighted_mean,6,synthetic
2023-06-12,ROU,23.451,20.744,0.2507,0.0,country_area_weighted_mean,6,synthetic
2023-06-12,BGR,24.292,21.26,0.3573,0.0,country_area_weighted_mean,6,synthetic
2023-06-12,SRB,21.824,17.308,0.2686,0.0,country_area_weighted_mean,6,synthetic
2023-06-12,UKR,20.201,18.445,0.2209,0.0,country_area_weighted_mean,6,synthetic
2023-06-12,MDA,20.461,16.64,0.3167,0.0,country_area_weighted_mean,6,synthetic
2023-06-12,RUS,16.425,15.962,0.2688,0.0,country_area_weighted_mean,6,synthetic
2023-06-12,TUR,23.381,21.284,0.2675,0.0,country_area_weighted_mean,6,synthetic
2023-06-12,GEO,21.299,18.564,0.2726,0.0,country_area_weighted_mean,6,synthetic
2023-06-12,ISR,23.378,20.069,0.2437,0.0,country_area_weighted_mean,6,synthetic
2023-06-12,EGY,22.565,18.041,0.2805,0.0,country_area_weighted_mean,6,synthetic
2023-06-12,TUN,23.782,20.335,0.2154,0.0,country_area_weighted_mean,6,synthetic
2023-06-12,MAR,25.042,22.332,0.2787,0.0,country_area_weighted_mean,6,synthetic
2023-06-19,FRA,23.918,20.518,0.3179,0.0,country_area_weighted_mean,6,synthetic
2023-06-19,DEU,21.785,19.209,0.2839,0.0,country_area_weighted_mean,6,synthetic
2023-06-19,NLD,20.43,17.779,0.297,0.0,country_area_weighted_mean,6,synthetic
2023-06-19,BEL,22.996,19.735,0.24,0.0,country_area_weighted_mean,6,synthetic
2023-06-19,ITA,24.268,21.531,0.2899,0.0,country_area_weighted_mean,6,synthetic
2023-06-19,ESP,24.246,21.191,0.3136,0.0,country_area_weighted_mean,6,synthetic
2023-06-19,POL,19.108,17.512,0.2408,0.0,country_area_weighted_mean,6,synthetic
2023-06-19,HUN,22.696,19.614,0.216,0.0,country_area_weighted_mean,6,synthetic
2023-06-19,ROU,24.46,21.564,0.2417,0.0,country_area_weighted_mean,6,synthetic
2023-06-19,BGR,26.926,24.054,0.2717,0.0,country_area_weighted_mean,6,synthetic
2023-06-19,SRB,21.302,18.802,0.2572,0.0,country_area_weighted_mean,6,synthetic
2023-06-19,UKR,22.027,20.48,0.2802,0.0,country_area_weighted_mean,6,synthetic
2023-06-19,MDA,22.707,19.831,0.3137,0.0,country_area_weighted_mean,6,synthetic
2023-06-19,RUS,18.84,16.992,0.2663,0.0,country_area_weighted_mean,6,synthetic
2023-06-19,TUR,23.682,21.388,0.2556,0.0,country_area_weighted_mean,6,synthetic
2023-06-19,GEO,23.657,20.256,0.2396,0.0,country_area_weighted_mean,6,synthetic
2023-06-19,ISR,24.667,22.476,0.2681,0.0,country_area_weighted_mean,6,synthetic
2023-06-19,EGY,22.327,20.259,0.2922,0.0,country_area_weighted_mean,6,synthetic
2023-06-19,TUN,23.495,20.449,0.2478,0.0,country_area_weighted_mean,6,synthetic
2023-06-19,MAR,27.596,24.329,0.3,0.0,country_area_weighted_mean,6,synthetic
2023-06-26,FRA,25.271,21.361,0.2623,0.0,country_area_weighted_mean,6,synthetic
2023-06-26,DEU,23.597,20.169,0.2823,0.0,country_area_weighted_mean,6,synthetic
2023-06-26,NLD,21.537,18.764,0.2808,0.0,country_area_weighted_mean,6,synthetic
2023-06-26,BEL,23.93,21.526,0.2566,0.0,country_area_weighted_mean,6,synthetic
2023-06-26,ITA,20.862,18.19,0.2271,0.0,country_area_weighted_mean,6,synthetic
2023-06-26,ESP,26.13,22.876,0.2297,0.0,country_area_weighted_mean,6,synthetic
2023-06-26,POL,20.139,17.96,0.2566,0.0,country_area_weighted_mean,6,synthetic
2023-06-26,HUN,22.648,19.806,0.2253,0.0,country_area_weighted_mean,6,synthetic
2023-06-26,ROU,23.248,20.499,0.2824,0.0,country_area_weighted_mean,6,synthetic
2023-06-26,BGR,28.592,25.369,0.2439,0.0,country_area_weighted_mean,6,synthetic
2023-06-26,SRB,23.332,20.422,0.2882,0.0,country_area_weighted_mean,6,synthetic
2023-06-26,UKR,22.157,19.29,0.2437,0.0,country_area_weighted_mean,6,synthetic
2023-06-26,MDA,21.123,18.865,0.3133,0.0,country_area_weighted_mean,6,synthetic
2023-06-26,RUS,20.829,18.667,0.2725,0.0,country_area_weighted_mean,6,synthetic
2023-06-26,TUR,23.678,21.003,0.2731,0.0,country_area_weighted_mean,6,synthetic
2023-06-26,GEO,26.893,23.143,0.237,0.0,country_area_weighted_mean,6,synthetic
2023-06-26,ISR,26.384,22.799,0.2149,0.0,country_area_weighted_mean,6,synthetic
2023-06-26,EGY,25.065,22.025,0.2776,0.0,country_area_weighted_mean,6,synthetic
2023-06-26,TUN,25.633,22.93,0.2291,0.0,country_area_weighted_mean,6,synthetic
2023-06-26,MAR,28.312,24.246,0.2309,0.0,country_area_weighted_mean,6,synthetic
2023-07-03,FRA,25.347,21.876,0.2905,0.0,country_area_weighted_mean,6,synthetic
2023-07-03,DEU,24.855,21.405,0.2654,0.0,country_area_weighted_mean,6,synthetic
2023-07-03,NLD,22.01,19.066,0.2941,0.0,country_area_weighted_mean,6,synthetic
2023-07-03,BEL,25.414,22.415,0.2018,0.0,country_area_weighted_mean,6,synthetic
2023-07-03,ITA,22.756,18.81,0.2936,0.0,country_area_weighted_mean,6,synthetic
2023-07-03,ESP,27.789,24.864,0.2415,0.0,country_area_weighted_mean,6,synthetic
2023-07-03,POL,23.525,21.303,0.2108,0.0,country_area_weighted_mean,6,synthetic
2023-07-03,HUN,23.239,20.118,0.3043,0.0,country_area_weighted_mean,6,synthetic
2023-07-03,ROU,26.45,22.487,0.3567,0.0,country_area_weighted_mean,6,synthetic
2023-07-03,BGR,28.02,25.288,0.25,0.0,country_area_weighted_mean,6,synthetic
2023-07-03,SRB,24.41,20.673,0.2696,0.0,country_area_weighted_mean,6,synthetic
2023-07-03,UKR,24.402,21.543,0.2828,0.0,country_area_weighted_mean,6,synthetic
2023-07-03,MDA,23.033,20.069,0.2777,0.0,country_area_weighted_mean,6,synthetic
2023-07-03,RUS,23.574,20.181,0.2987,0.0,country_area_weighted_mean,6,synthetic
2023-07-03,TUR,25.957,21.618,0.2723,0.0,country_area_weighted_mean,6,synthetic
2023-07-03,GEO,28.226,24.755,0.2317,0.0,country_area_weighted_mean,6,synthetic
2023-07-03,ISR,27.608,23.305,0.2541,0.0,country_area_weighted_mean,6,synthetic
2023-07-03,EGY,25.984,22.795,0.2747,0.0,country_area_weighted_mean,6,synthetic
2023-07-03,TUN,26.748,24.017,0.2373,0.0,country_area_weighted_mean,6,synthetic
2023-07-03,MAR,27.586,23.322,0.2487,0.0,country_area_weighted_mean,6,synthetic
2023-07-10,FRA,25.742,22.692,0.3931,0.0,country_area_weighted_mean,6,synthetic
2023-07-10,DEU,26.983,22.515,0.271,0.0,country_area_weighted_mean,6,synthetic
2023-07-10,NLD,22.056,18.441,0.2603,0.0,country_area_weighted_mean,6,synthetic
2023-07-10,BEL,24.447,19.892,0.2243,0.0,country_area_weighted_mean,6,synthetic
2023-07-10,ITA,24.21,21.853,0.2567,0.0,country_area_weighted_mean,6,synthetic
2023-07-10,ESP,27.446,23.805,0.2562,0.0,country_area_weighted_mean,6,synthetic
2023-07-10,POL,24.386,20.207,0.2387,0.0,country_area_weighted_mean,6,synthetic
2023-07-10,HUN,22.86,19.608,0.268,0.0,country_area_weighted_mean,6,synthetic
2023-07-10,ROU,26.504,22.514,0.2739,0.0,country_area_weighted_mean,6,synthetic
2023-07-10,BGR,29.98,25.992,0.2671,0.0,country_area_weighted_mean,6,synthetic
2023-07-10,SRB,24.782,20.461,0.2649,0.0,country_area_weighted_mean,6,synthetic
2023-07-10,UKR,24.488,21.806,0.2841,0.0,country_area_weighted_mean,6,synthetic
2023-07-10,MDA,26.076,21.631,0.2372,0.0,country_area_weighted_mean,6,synthetic
2023-07-10,RUS,24.962,21.008,0.2647,0.0,country_area_weighted_mean,6,synthetic
2023-07-10,TUR,25.401,21.149,0.2959,0.0,country_area_weighted_mean,6,synthetic
2023-07-10,GEO,29.271,25.934,0.2576,0.0,country_area_weighted_mean,6,synthetic
2023-07-10,ISR,28.873,25.872,0.2409,0.0,country_area_weighted_mean,6,synthetic
2023-07-10,EGY,27.699,24.475,0.2426,0.0,country_area_weighted_mean,6,synthetic
2023-07-10,TUN,26.371,23.827,0.2319,0.0,country_area_weighted_mean,6,synthetic
2023-07-10,MAR,28.989,24.781,0.2222,0.0,country_area_weighted_mean,6,synthetic
2023-07-17,FRA,26.757,23.312,0.2871,0.0,country_area_weighted_mean,6,synthetic
2023-07-17,DEU,25.103,21.232,0.2797,0.0,country_area_weighted_mean,6,synthetic
2023-07-17,NLD,21.817,19.412,0.2616,0.0,country_area_weighted_mean,6,synthetic
2023-07-17,BEL,25.459,22.49,0.2437,0.0,country_area_weighted_mean,6,synthetic
2023-07-17,ITA,21.896,18.98,0.2407,0.0,country_area_weighted_mean,6,synthetic
2023-07-17,ESP,28.262,23.884,0.254,0.0,country_area_weighted_mean,6,synthetic
2023-07-17,POL,24.664,21.052,0.21,0.0,country_area_weighted_mean,6,synthetic
2023-07-17,HUN,23.356,21.285,0.2385,0.0,country_area_weighted_mean,6,synthetic
2023-07-17,ROU,25.202,22.18,0.2226,0.0,country_area_weighted_mean,6,synthetic
2023-07-17,BGR,30.53,28.016,0.2635,0.0,country_area_weighted_mean,6,synthetic
2023-07-17,SRB,25.198,21.295,0.262,0.0,country_area_weighted_mean,6,synthetic
2023-07-17,UKR,27.567,23.927,0.3002,0.0,country_area_weighted_mean,6,synthetic
2023-07-17,MDA,28.2,22.767,0.2526,0.0,country_area_weighted_mean,6,synthetic
2023-07-17,RUS,25.056,21.584,0.2705,0.0,country_area_weighted_mean,6,synthetic
2023-07-17,TUR,26.626,21.847,0.2839,0.0,country_area_weighted_mean,6,synthetic
2023-07-17,GEO,26.54,23.546,0.2954,0.0,country_area_weighted_mean,6,synthetic
2023-07-17,ISR,27.585,24.342,0.2397,0.0,country_area_weighted_mean,6,synthetic
2023-07-17,EGY,29.721,25.484,0.2399,0.0,country_area_weighted_mean,6,synthetic
2023-07-17,TUN,26.145,22.177,0.2503,0.0,country_area_weighted_mean,6,synthetic
2023-07-17,MAR,28.589,24.553,0.2261,0.0,country_area_weighted_mean,6,synthetic
2023-07-24,FRA,25.732,23.556,0.2623,0.0,country_area_weighted_mean,6,synthetic
2023-07-24,DEU,25.069,22.43,0.2617,0.0,country_area_weighted_mean,6,synthetic
2023-07-24,NLD,23.724,20.885,0.2658,0.0,country_area_weighted_mean,6,synthetic
2023-07-24,BEL,26.841,22.582,0.2197,0.0,country_area_weighted_mean,6,synthetic
2023-07-24,ITA,23.726,19.602,0.2156,0.0,country_area_weighted_mean,6,synthetic
2023-07-24,ESP,27.514,24.708,0.2162,0.0,country_area_weighted_mean,6,synthetic
2023-07-24,POL,25.922,22.931,0.2241,0.0,country_area_weighted_mean,6,synthetic
2023-07-24,HUN,26.449,24.579,0.2623,0.0,country_area_weighted_mean,6,synthetic
2023-07-24,ROU,24.44,21.834,0.2677,0.0,country_area_weighted_mean,6,synthetic
2023-07-24,BGR,31.43,27.53,0.2424,0.0,country_area_weighted_mean,6,synthetic
2023-07-24,SRB,24.611,21.503,0.2472,0.0,country_area_weighted_mean,6,synthetic
2023-07-24,UKR,28.42,24.197,0.3022,0.0,country_area_weighted_mean,6,synthetic
2023-07-24,MDA,27.066,22.067,0.316,0.0,country_area_weighted_mean,6,synthetic
2023-07-24,RUS,25.789,22.015,0.2363,0.0,country_area_weighted_mean,6,synthetic
2023-07-24,TUR,24.4,21.423,0.2313,0.0,country_area_weighted_mean,6,synthetic
2023-07-24,GEO,26.875,23.578,0.2237,0.0,country_area_weighted_mean,6,synthetic
2023-07-24,ISR,27.709,24.411,0.2327,0.0,country_area_weighted_mean,6,synthetic
2023-07-24,EGY,30.689,26.286,0.25,0.0,country_area_weighted_mean,6,synthetic
2023-07-24,TUN,26.262,22.334,0.2364,0.0,country_area_weighted_mean,6,synthetic
2023-07-24,MAR,29.152,25.513,0.2487,0.0,country_area_weighted_mean,6,synthetic
2023-07-31,FRA,24.18,21.212,0.3025,0.0,country_area_weighted_mean,6,synthetic
2023-07-31,DEU,25.195,22.186,0.2456,0.0,country_area_weighted_mean,6,synthetic
2023-07-31,NLD,24.883,22.068,0.2128,0.0,country_area_weighted_mean,6,synthetic
2023-07-31,BEL,23.109,20.784,0.2744,0.0,country_area_weighted_mean,6,synthetic
2023-07-31,ITA,22.795,20.191,0.2476,0.0,country_area_weighted_mean,6,synthetic
2023-07-31,ESP,27.644,24.103,0.2298,0.0,country_area_weighted_mean,6,synthetic
2023-07-31,POL,25.973,22.272,0.2231,0.0,country_area_weighted_mean,6,synthetic
2023-07-31,HUN,26.311,22.225,0.2688,0.0,country_area_weighted_mean,6,synthetic
2023-07-31,ROU,25.712,22.806,0.233,0.0,country_area_weighted_mean,6,synthetic
2023-07-31,BGR,30.252,26.762,0.2393,0.0,country_area_weighted_mean,6,synthetic
2023-07-31,SRB,24.885,21.704,0.2731,0.0,country_area_weighted_mean,6,synthetic
2023-07-31,UKR,25.872,21.909,0.2503,0.0,country_area_weighted_mean,6,synthetic
2023-07-31,MDA,24.247,21.613,0.2581,0.0,country_area_weighted_mean,6,synthetic
2023-07-31,RUS,26.336,22.318,0.2255,0.0,country_area_weighted_mean,6,synthetic
2023-07-31,TUR,23.773,20.954,0.2444,0.0,country_area_weighted_mean,6,synthetic
2023-07-31,GEO,26.293,22.007,0.2385,0.0,country_area_weighted_mean,6,synthetic
2023-07-31,ISR,29.898,24.867,0.2194,0.0,country_area_weighted_mean,6,synthetic
2023-07-31,EGY,29.152,25.225,0.253,0.0,country_area_weighted_mean,6,synthetic
2023-07-31,TUN,28.661,24.604,0.242,0.0,country_area_weighted_mean,6,synthetic
2023-07-31,MAR,29.265,26.129,0.2065,0.0,country_area_weighted_mean,6,synthetic
2023-08-07,FRA,23.733,20.369,0.2641,0.0,country_area_weighted_mean,6,synthetic
2023-08-07,DEU,24.213,20.908,0.2447,0.0,country_area_weighted_mean,6,synthetic
2023-08-07,NLD,26.143,22.017,0.2361,0.0,country_area_weighted_mean,6,synthetic
2023-08-07,BEL,23.564,20.498,0.235,0.0,country_area_weighted_mean,6,synthetic
2023-08-07,ITA,24.457,20.823,0.3202,0.0,country_area_weighted_mean,6,synthetic
2023-08-07,ESP,27.146,23.595,0.2591,0.0,country_area_weighted_mean,6,synthetic
2023-08-07,POL,26.237,23.416,0.2558,0.0,country_area_weighted_mean,6,synthetic
2023-08-07,HUN,25.331,22.521,0.2951,0.0,country_area_weighted_mean,6,synthetic
2023-08-07,ROU,25.322,22.018,0.2249,0.0,country_area_weighted_mean,6,synthetic
2023-08-07,BGR,28.354,24.798,0.2827,0.0,country_area_weighted_mean,6,synthetic
2023-08-07,SRB,21.683,18.308,0.3314,0.0,country_area_weighted_mean,6,synthetic
2023-08-07,UKR,26.746,23.158,0.2354,0.0,country_area_weighted_mean,6,synthetic
2023-08-07,MDA,23.878,21.031,0.2419,0.0,country_area_weighted_mean,6,synthetic
2023-08-07,RUS,26.496,23.135,0.238,0.0,country_area_weighted_mean,6,synthetic
2023-08-07,TUR,24.27,21.167,0.2248,0.0,country_area_weighted_mean,6,synthetic
2023-08-07,GEO,26.093,24.509,0.2476,0.0,country_area_weighted_mean,6,synthetic
2023-08-07,ISR,26.687,23.517,0.2277,0.0,country_area_weighted_mean,6,synthetic
2023-08-07,EGY,29.268,25.481,0.2054,0.0,country_area_weighted_mean,6,synthetic
2023-08-07,TUN,27.244,24.057,0.246,0.0,country_area_weighted_mean,6,synthetic
2023-08-07,MAR,27.666,23.996,0.2505,0.0,country_area_weighted_mean,6,synthetic
2023-08-14,FRA,22.847,19.403,0.2536,0.0,country_area_weighted_mean,6,synthetic
2023-08-14,DEU,24.03,20.954,0.2706,0.0,country_area_weighted_mean,6,synthetic
2023-08-14,NLD,25.18,20.866,0.222,0.0,country_area_weighted_mean,6,synthetic
2023-08-14,BEL,22.74,19.691,0.2222,0.0,country_area_weighted_mean,6,synthetic
2023-08-14,ITA,25.268,21.946,0.2454,0.0,country_area_weighted_mean,6,synthetic
2023-08-14,ESP,24.994,21.088,0.2198,0.0,country_area_weighted_mean,6,synthetic
2023-08-14,POL,24.542,20.405,0.2649,0.0,country_area_weighted_mean,6,synthetic
2023-08-14,HUN,24.298,20.759,0.2493,0.0,country_area_weighted_mean,6,synthetic
2023-08-14,ROU,27.345,22.892,0.2687,0.0,country_area_weighted_mean,6,synthetic
2023-08-14,BGR,26.844,24.802,0.3191,0.0,country_area_weighted_mean,6,synthetic
2023-08-14,SRB,23.431,19.775,0.2468,0.0,country_area_weighted_mean,6,synthetic
2023-08-14,UKR,26.651,23.785,0.2342,0.0,country_area_weighted_mean,6,synthetic
2023-08-14,MDA,26.995,23.235,0.2006,0.0,country_area_weighted_mean,6,synthetic
2023-08-14,RUS,27.167,24.141,0.2703,0.0,country_area_weighted_mean,6,synthetic
2023-08-14,TUR,25.058,22.115,0.2563,0.0,country_area_weighted_mean,6,synthetic
2023-08-14,GEO,26.432,22.303,0.2963,0.0,country_area_weighted_mean,6,synthetic
2023-08-14,ISR,28.836,23.82,0.2157,0.0,country_area_weighted_mean,6,synthetic
2023-08-14,EGY,29.268,25.796,0.1837,0.0,country_area_weighted_mean,6,synthetic
2023-08-14,TUN,27.846,23.593,0.2303,0.0,country_area_weighted_mean,6,synthetic
2023-08-14,MAR,25.067,22.706,0.2441,0.0,country_area_weighted_mean,6,synthetic
2023-08-21,FRA,22.951,19.678,0.2502,0.0,country_area_weighted_mean,6,synthetic
2023-08-21,DEU,22.641,19.927,0.249,0.0,country_area_weighted_mean,6,synthetic
2023-08-21,NLD,27.232,22.944,0.242,0.0,country_area_weighted_mean,6,synthetic
2023-08-21,BEL,22.295,19.489,0.2268,0.0,country_area_weighted_mean,6,synthetic
2023-08-21,ITA,25.886,21.74,0.2252,0.0,country_area_weighted_mean,6,synthetic
2023-08-21,ESP,23.928,22.494,0.2594,0.0,country_area_weighted_mean,6,synthetic
2023-08-21,POL,26.298,24.359,0.3167,0.0,country_area_weighted_mean,6,synthetic
2023-08-21,HUN,22.55,20.281,0.2698,0.0,country_area_weighted_mean,6,synthetic
2023-08-21,ROU,22.152,19.885,0.2636,0.0,country_area_weighted_mean,6,synthetic
2023-08-21,BGR,25.297,21.928,0.2331,0.0,country_area_weighted_mean,6,synthetic
2023-08-21,SRB,23.049,20.305,0.2639,0.0,country_area_weighted_mean,6,synthetic
2023-08-21,UKR,24.968,20.003,0.2799,0.0,country_area_weighted_mean,6,synthetic
2023-08-21,MDA,25.248,21.492,0.2451,0.0,country_area_weighted_mean,6,synthetic
2023-08-21,RUS,24.281,21.906,0.2442,0.0,country_area_weighted_mean,6,synthetic
2023-08-21,TUR,24.101,20.992,0.2456,0.0,country_area_weighted_mean,6,synthetic
2023-08-21,GEO,22.729,19.649,0.2339,0.0,country_area_weighted_mean,6,synthetic
2023-08-21,ISR,27.365,22.821,0.2424,0.0,country_area_weighted_mean,6,synthetic
2023-08-21,EGY,29.316,25.201,0.2179,0.0,country_area_weighted_mean,6,synthetic
2023-08-21,TUN,28.339,24.253,0.2255,0.0,country_area_weighted_mean,6,synthetic
2023-08-21,MAR,25.852,22.352,0.2939,0.0,country_area_weighted_mean,6,synthetic
2023-08-28,FRA,21.745,19.038,0.2349,0.0,country_area_weighted_mean,6,synthetic
2023-08-28,DEU,21.066,18.325,0.2405,0.0,country_area_weighted_mean,6,synthetic
2023-08-28,NLD,26.54,22.532,0.2214,0.0,country_area_weighted_mean,6,synthetic
2023-08-28,BEL,22.733,18.967,0.2475,0.0,country_area_weighted_mean,6,synthetic
2023-08-28,ITA,25.128,22.339,0.2295,0.0,country_area_weighted_mean,6,synthetic
2023-08-28,ESP,24.059,20.986,0.1975,0.0,country_area_weighted_mean,6,synthetic
2023-08-28,POL,25.136,21.106,0.2545,0.0,country_area_weighted_mean,6,synthetic
2023-08-28,HUN,22.068,19.72,0.2365,0.0,country_area_weighted_mean,6,synthetic
2023-08-28,ROU,22.384,20.352,0.2693,0.0,country_area_weighted_mean,6,synthetic
2023-08-28,BGR,25.255,22.122,0.21,0.0,country_area_weighted_mean,6,synthetic
2023-08-28,SRB,23.056,20.77,0.2373,0.0,country_area_weighted_mean,6,synthetic
2023-08-28,UKR,20.305,19.083,0.2813,0.0,country_area_weighted_mean,6,synthetic
2023-08-28,MDA,25.35,21.95,0.2911,0.0,country_area_weighted_mean,6,synthetic
2023-08-28,RUS,22.726,19.287,0.2105,0.0,country_area_weighted_mean,6,synthetic
2023-08-28,TUR,23.807,20.254,0.2699,0.0,country_area_weighted_mean,6,synthetic
2023-08-28,GEO,23.898,20.078,0.2304,0.0,country_area_weighted_mean,6,synthetic
2023-08-28,ISR,23.524,20.811,0.2369,0.0,country_area_weighted_mean,6,synthetic
2023-08-28,EGY,28.323,23.967,0.212,0.0,country_area_weighted_mean,6,synthetic
2023-08-28,TUN,26.985,23.154,0.2247,0.0,country_area_weighted_mean,6,synthetic
2023-08-28,MAR,25.282,21.401,0.2608,0.0,country_area_weighted_mean,6,synthetic
2023-09-04,FRA,19.239,16.835,0.2346,0.0,country_area_weighted_mean,6,synthetic
2023-09-04,DEU,20.862,18.523,0.2215,0.0,country_area_weighted_mean,6,synthetic
2023-09-04,NLD,25.789,22.203,0.2154,0.0,country_area_weighted_mean,6,synthetic
2023-09-04,BEL,22.527,18.973,0.2183,0.0,country_area_weighted_mean,6,synthetic
2023-09-04,ITA,23.81,20.704,0.2153,0.0,country_area_weighted_mean,6,synthetic
2023-09-04,ESP,24.343,19.55,0.217,0.0,country_area_weighted_mean,6,synthetic
2023-09-04,POL,18.768,16.411,0.2511,0.0,country_area_weighted_mean,6,synthetic
2023-09-04,HUN,22.561,20.872,0.3059,0.0,country_area_weighted_mean,6,synthetic
2023-09-04,ROU,21.51,18.031,0.2591,0.0,country_area_weighted_mean,6,synthetic
2023-09-04,BGR,23.99,20.732,0.2748,0.0,country_area_weighted_mean,6,synthetic
2023-09-04,SRB,23.705,20.209,0.24,0.0,country_area_weighted_mean,6,synthetic
2023-09-04,UKR,19.705,16.892,0.2516,0.0,country_area_weighted_mean,6,synthetic
2023-09-04,MDA,22.832,19.963,0.2732,0.0,country_area_weighted_mean,6,synthetic
2023-09-04,RUS,22.152,18.945,0.2581,0.0,country_area_weighted_mean,6,synthetic
2023-09-04,TUR,22.697,19.083,0.2293,0.0,country_area_weighted_mean,6,synthetic
2023-09-04,GEO,19.973,17.368,0.2354,0.0,country_area_weighted_mean,6,synthetic
2023-09-04,ISR,24.137,21.386,0.2357,0.0,country_area_weighted_mean,6,synthetic
2023-09-04,EGY,25.912,22.211,0.2716,0.0,country_area_weighted_mean,6,synthetic
2023-09-04,TUN,27.089,22.783,0.2467,0.0,country_area_weighted_mean,6,synthetic
2023-09-04,MAR,25.299,21.681,0.2086,0.0,country_area_weighted_mean,6,synthetic
2023-09-11,FRA,18.671,15.922,0.2324,0.0,country_area_weighted_mean,6,synthetic
2023-09-11,DEU,18.087,15.914,0.2294,0.0,country_area_weighted_mean,6,synthetic
2023-09-11,NLD,23.629,21.018,0.2281,0.0,country_area_weighted_mean,6,synthetic
2023-09-11,BEL,20.741,18.363,0.2468,0.0,country_area_weighted_mean,6,synthetic
2023-09-11,ITA,23.757,20.257,0.1939,0.0,country_area_weighted_mean,6,synthetic
2023-09-11,ESP,25.268,22.438,0.2393,0.0,country_area_weighted_mean,6,synthetic
2023-09-11,POL,17.214,14.782,0.2378,0.0,country_area_weighted_mean,6,synthetic
2023-09-11,HUN,21.847,19.114,0.2296,0.0,country_area_weighted_mean,6,synthetic
2023-09-11,ROU,21.012,19.423,0.3047,0.0,country_area_weighted_mean,6,synthetic
2023-09-11,BGR,24.481,21.155,0.2875,0.0,country_area_weighted_mean,6,synthetic
2023-09-11,SRB,22.364,19.273,0.2661,0.0,country_area_weighted_mean,6,synthetic
2023-09-11,UKR,19.462,17.599,0.2705,0.0,country_area_weighted_mean,6,synthetic
2023-09-11,MDA,21.357,18.019,0.2164,0.0,country_area_weighted_mean,6,synthetic
2023-09-11,RUS,23.459,20.697,0.2399,0.0,country_area_weighted_mean,6,synthetic
2023-09-11,TUR,21.629,19.2,0.2469,0.0,country_area_weighted_mean,6,synthetic
2023-09-11,GEO,17.476,15.569,0.2533,0.0,country_area_weighted_mean,6,synthetic
2023-09-11,ISR,23.686,19.925,0.2245,0.0,country_area_weighted_mean,6,synthetic
2023-09-11,EGY,23.135,21.355,0.247,0.0,country_area_weighted_mean,6,synthetic
2023-09-11,TUN,24.268,21.212,0.2797,0.0,country_area_weighted_mean,6,synthetic
2023-09-11,MAR,23.761,20.865,0.2158,0.0,country_area_weighted_mean,6,synthetic
2023-09-18,FRA,18.781,16.608,0.245,0.0,country_area_weighted_mean,6,synthetic
2023-09-18,DEU,17.23,14.771,0.26,0.0,country_area_weighted_mean,6,synthetic
2023-09-18,NLD,21.121,18.407,0.2232,0.0,country_area_weighted_mean,6,synthetic
2023-09-18,BEL,20.664,17.961,0.2408,0.0,country_area_weighted_mean,6,synthetic
2023-09-18,ITA,22.697,19.868,0.2478,0.0,country_area_weighted_mean,6,synthetic
2023-09-18,ESP,22.838,20.415,0.2585,0.0,country_area_weighted_mean,6,synthetic
2023-09-18,POL,16.848,14.925,0.2561,0.0,country_area_weighted_mean,6,synthetic
2023-09-18,HUN,22.23,19.47,0.2443,0.0,country_area_weighted_mean,6,synthetic
2023-09-18,ROU,18.969,17.249,0.2896,0.0,country_area_weighted_mean,6,synthetic
2023-09-18,BGR,21.41,19.346,0.3095,0.0,country_area_weighted_mean,6,synthetic
2023-09-18,SRB,21.069,18.788,0.2294,0.0,country_area_weighted_mean,6,synthetic
2023-09-18,UKR,18.013,16.07,0.2947,0.0,country_area_weighted_mean,6,synthetic
2023-09-18,MDA,21.198,18.875,0.2969,0.0,country_area_weighted_mean,6,synthetic
2023-09-18,RUS,21.375,19.09,0.1895,0.0,country_area_weighted_mean,6,synthetic
2023-09-18,TUR,21.687,18.38,0.2678,0.0,country_area_weighted_mean,6,synthetic
2023-09-18,GEO,16.915,13.944,0.2302,0.0,country_area_weighted_mean,6,synthetic
2023-09-18,ISR,21.841,18.543,0.246,0.0,country_area_weighted_mean,6,synthetic
2023-09-18,EGY,23.919,20.51,0.2632,0.0,country_area_weighted_mean,6,synthetic
2023-09-18,TUN,23.136,19.2,0.2264,0.0,country_area_weighted_mean,6,synthetic
2023-09-18,MAR,23.077,20.156,0.2438,0.0,country_area_weighted_mean,6,synthetic
2023-09-25,FRA,18.708,15.753,0.2483,0.0,country_area_weighted_mean,6,synthetic
2023-09-25,DEU,18.268,16.596,0.2494,0.0,country_area_weighted_mean,6,synthetic
2023-09-25,NLD,20.385,17.271,0.2694,0.0,country_area_weighted_mean,6,synthetic
2023-09-25,BEL,19.337,17.382,0.222,0.0,country_area_weighted_mean,6,synthetic
2023-09-25,ITA,23.055,20.136,0.2487,0.0,country_area_weighted_mean,6,synthetic
2023-09-25,ESP,20.592,16.939,0.2323,0.0,country_area_weighted_mean,6,synthetic
2023-09-25,POL,17.228,14.847,0.2977,0.0,country_area_weighted_mean,6,synthetic
2023-09-25,HUN,18.966,15.363,0.318,0.0,country_area_weighted_mean,6,synthetic
2023-09-25,ROU,16.288,14.578,0.263,0.0,country_area_weighted_mean,6,synthetic
2023-09-25,BGR,18.836,17.085,0.2801,0.0,country_area_weighted_mean,6,synthetic
2023-09-25,SRB,17.426,15.796,0.2238,0.0,country_area_weighted_mean,6,synthetic
2023-09-25,UKR,17.128,15.153,0.2895,0.0,country_area_weighted_mean,6,synthetic
2023-09-25,MDA,19.656,16.458,0.3077,0.0,country_area_weighted_mean,6,synthetic
2023-09-25,RUS,19.057,16.24,0.2251,0.0,country_area_weighted_mean,6,synthetic
2023-09-25,TUR,23.168,18.962,0.2567,0.0,country_area_weighted_mean,6,synthetic
2023-09-25,GEO,16.563,15.856,0.2374,0.0,country_area_weighted_mean,6,synthetic
2023-09-25,ISR,20.893,19.069,0.2268,0.0,country_area_weighted_mean,6,synthetic
2023-09-25,EGY,22.386,19.33,0.2427,0.0,country_area_weighted_mean,6,synthetic
2023-09-25,TUN,20.85,17.654,0.2369,0.0,country_area_weighted_mean,6,synthetic
2023-09-25,MAR,23.361,20.405,0.2511,0.0,country_area_weighted_mean,6,synthetic
2023-10-02,FRA,14.894,13.713,0.2327,0.0,country_area_weighted_mean,6,synthetic
2023-10-02,DEU,15.75,12.897,0.2259,0.0,country_area_weighted_mean,6,synthetic
2023-10-02,NLD,19.976,17.341,0.25,0.0,country_area_weighted_mean,6,synthetic
2023-10-02,BEL,16.631,14.596,0.2795,0.0,country_area_weighted_mean,6,synthetic
2023-10-02,ITA,19.982,16.592,0.2227,0.0,country_area_weighted_mean,6,synthetic
2023-10-02,ESP,20.381,17.561,0.2708,0.0,country_area_weighted_mean,6,synthetic
2023-10-02,POL,13.66,12.943,0.2947,0.0,country_area_weighted_mean,6,synthetic
2023-10-02,HUN,15.934,14.895,0.3124,0.0,country_area_weighted_mean,6,synthetic
2023-10-02,ROU,11.965,11.121,0.2673,0.0,country_area_weighted_mean,6,synthetic
2023-10-02,BGR,19.03,16.656,0.3043,0.0,country_area_weighted_mean,6,synthetic
2023-10-02,SRB,14.965,13.525,0.2336,0.0,country_area_weighted_mean,6,synthetic
2023-10-02,UKR,17.259,15.34,0.3003,0.0,country_area_weighted_mean,6,synthetic
2023-10-02,MDA,15.855,15.09,0.2731,0.0,country_area_weighted_mean,6,synthetic
2023-10-02,RUS,16.278,14.817,0.2472,0.0,country_area_weighted_mean,6,synthetic
2023-10-02,TUR,20.618,18.1,0.2401,0.0,country_area_weighted_mean,6,synthetic
2023-10-02,GEO,16.811,14.698,0.2946,0.0,country_area_weighted_mean,6,synthetic
2023-10-02,ISR,19.182,16.279,0.2597,0.0,country_area_weighted_mean,6,synthetic
2023-10-02,EGY,20.63,17.414,0.2362,0.0,country_area_weighted_mean,6,synthetic
2023-10-02,TUN,19.648,17.012,0.285,0.0,country_area_weighted_mean,6,synthetic
2023-10-02,MAR,18.872,16.627,0.2698,0.0,country_area_weighted_mean,6,synthetic
2023-10-09,FRA,15.15,14.121,0.2383,0.0,country_area_weighted_mean,6,synthetic
2023-10-09,DEU,12.07,10.081,0.274,0.0,country_area_weighted_mean,6,synthetic
2023-10-09,NLD,16.625,14.429,0.2613,0.0,country_area_weighted_mean,6,synthetic
2023-10-09,BEL,13.032,11.793,0.233,0.0,country_area_weighted_mean,6,synthetic
2023-10-09,ITA,17.219,16.093,0.2383,0.0,country_area_weighted_mean,6,synthetic
2023-10-09,ESP,18.075,15.87,0.2654,0.0,country_area_weighted_mean,6,synthetic
2023-10-09,POL,12.884,11.403,0.3129,0.0,country_area_weighted_mean,6,synthetic
2023-10-09,HUN,14.008,12.943,0.2821,0.0,country_area_weighted_mean,6,synthetic
2023-10-09,ROU,11.998,10.144,0.2609,0.0,country_area_weighted_mean,6,synthetic
2023-10-09,BGR,17.505,14.921,0.2779,0.0,country_area_weighted_mean,6,synthetic
2023-10-09,SRB,16.292,13.018,0.2305,0.0,country_area_weighted_mean,6,synthetic
2023-10-09,UKR,14.7,12.99,0.2849,0.0,country_area_weighted_mean,6,synthetic
2023-10-09,MDA,13.691,12.684,0.2418,0.0,country_area_weighted_mean,6,synthetic
2023-10-09,RUS,13.376,11.655,0.2211,0.0,country_area_weighted_mean,6,synthetic
2023-10-09,TUR,15.814,14.733,0.2454,0.0,country_area_weighted_mean,6,synthetic
2023-10-09,GEO,17.433,16.495,0.3133,0.0,country_area_weighted_mean,6,synthetic
2023-10-09,ISR,17.368,15.094,0.2591,0.0,country_area_weighted_mean,6,synthetic
2023-10-09,EGY,21.577,18.499,0.2308,0.0,country_area_weighted_mean,6,synthetic
2023-10-09,TUN,17.478,16.037,0.2214,0.0,country_area_weighted_mean,6,synthetic
2023-10-09,MAR,15.964,14.41,0.2386,0.0,country_area_weighted_mean,6,synthetic
2023-10-16,FRA,13.814,12.319,0.2644,0.0,country_area_weighted_mean,6,synthetic
2023-10-16,DEU,8.051,8.056,0.2905,0.0,country_area_weighted_mean,6,synthetic
2023-10-16,NLD,13.402,11.94,0.2782,0.0,country_area_weighted_mean,6,synthetic
2023-10-16,BEL,12.349,11.465,0.2212,0.0,country_area_weighted_mean,6,synthetic
2023-10-16,ITA,15.183,12.949,0.2472,0.0,country_area_weighted_mean,6,synthetic
2023-10-16,ESP,16.114,14.208,0.2137,0.0,country_area_weighted_mean,6,synthetic
2023-10-16,POL,9.255,7.917,0.2757,0.0,country_area_weighted_mean,6,synthetic
2023-10-16,HUN,11.74,11.426,0.259,0.0,country_area_weighted_mean,6,synthetic
2023-10-16,ROU,13.705,11.666,0.2484,0.0,country_area_weighted_mean,6,synthetic
2023-10-16,BGR,15.131,11.817,0.2428,0.0,country_area_weighted_mean,6,synthetic
2023-10-16,SRB,14.392,12.962,0.2636,0.0,country_area_weighted_mean,6,synthetic
2023-10-16,UKR,14.233,13.698,0.3165,0.0,country_area_weighted_mean,6,synthetic
2023-10-16,MDA,9.836,9.88,0.2606,0.0,country_area_weighted_mean,6,synthetic
2023-10-16,RUS,13.31,11.559,0.258,0.0,country_area_weighted_mean,6,synthetic
2023-10-16,TUR,17.883,15.209,0.2058,0.0,country_area_weighted_mean,6,synthetic
2023-10-16,GEO,15.747,14.177,0.2343,0.0,country_area_weighted_mean,6,synthetic
2023-10-16,ISR,15.648,14.389,0.2391,0.0,country_area_weighted_mean,6,synthetic
2023-10-16,EGY,20.179,18.91,0.2197,0.0,country_area_weighted_mean,6,synthetic
2023-10-16,TUN,17.259,15.779,0.2388,0.0,country_area_weighted_mean,6,synthetic
2023-10-16,MAR,14.51,13.316,0.2181,0.0,country_area_weighted_mean,6,synthetic
2023-10-23,FRA,10.756,9.344,0.2398,0.0,country_area_weighted_mean,6,synthetic
2023-10-23,DEU,8.063,7.122,0.2768,0.0,country_area_weighted_mean,6,synthetic
2023-10-23,NLD,11.5,10.863,0.3094,0.0,country_area_weighted_mean,6,synthetic
2023-10-23,BEL,11.818,10.153,0.2725,0.0,country_area_weighted_mean,6,synthetic
2023-10-23,ITA,13.017,12.193,0.2607,0.0,country_area_weighted_mean,6,synthetic
2023-10-23,ESP,12.665,11.06,0.2265,0.0,country_area_weighted_mean,6,synthetic
2023-10-23,POL,8.201,8.29,0.3294,0.0,country_area_weighted_mean,6,synthetic
2023-10-23,HUN,11.053,10.391,0.2772,0.0,country_area_weighted_mean,6,synthetic
2023-10-23,ROU,12.352,11.122,0.2541,0.0,country_area_weighted_mean,6,synthetic
2023-10-23,BGR,13.525,12.502,0.22,0.0,country_area_weighted_mean,6,synthetic
2023-10-23,SRB,14.203,12.304,0.321,0.0,country_area_weighted_mean,6,synthetic
2023-10-23,UKR,12.474,12.176,0.2856,0.0,country_area_weighted_mean,6,synthetic
2023-10-23,MDA,9.704,8.982,0.2528,0.0,country_area_weighted_mean,6,synthetic
2023-10-23,RUS,10.076,9.244,0.2519,0.0,country_area_weighted_mean,6,synthetic
2023-10-23,TUR,14.037,11.631,0.2575,0.0,country_area_weighted_mean,6,synthetic
2023-10-23,GEO,11.552,11.924,0.259,0.0,country_area_weighted_mean,6,synthetic
2023-10-23,ISR,13.728,11.232,0.2744,0.0,country_area_weighted_mean,6,synthetic
2023-10-23,EGY,18.262,16.368,0.204,0.0,country_area_weighted_mean,6,synthetic
2023-10-23,TUN,13.603,12.377,0.2454,0.0,country_area_weighted_mean,6,synthetic
2023-10-23,MAR,15.059,14.114,0.2238,0.0,country_area_weighted_mean,6,synthetic
2023-10-30,FRA,9.526,7.618,0.2477,0.0,country_area_weighted_mean,6,synthetic
2023-10-30,DEU,7.297,7.61,0.3086,0.0,country_area_weighted_mean,6,synthetic
2023-10-30,NLD,7.604,6.969,0.2926,0.0,country_area_weighted_mean,6,synthetic
2023-10-30,BEL,9.572,9.014,0.2687,0.0,country_area_weighted_mean,6,synthetic
2023-10-30,ITA,8.438,8.314,0.2587,0.0,country_area_weighted_mean,6,synthetic
2023-10-30,ESP,10.181,8.396,0.2319,0.0,country_area_weighted_mean,6,synthetic
2023-10-30,POL,5.425,5.25,0.3607,0.0,country_area_weighted_mean,6,synthetic
2023-10-30,HUN,10.388,8.668,0.2563,0.0,country_area_weighted_mean,6,synthetic
2023-10-30,ROU,9.296,8.594,0.2993,0.0,country_area_weighted_mean,6,synthetic
2023-10-30,BGR,10.523,9.156,0.2949,0.0,country_area_weighted_mean,6,synthetic
2023-10-30,SRB,11.655,10.2,0.2916,0.0,country_area_weighted_mean,6,synthetic
2023-10-30,UKR,11.205,9.997,0.3136,0.0,country_area_weighted_mean,6,synthetic
2023-10-30,MDA,7.752,7.484,0.2898,0.0,country_area_weighted_mean,6,synthetic
2023-10-30,RUS,4.898,5.541,0.2757,0.0,country_area_weighted_mean,6,synthetic
2023-10-30,TUR,11.737,10.669,0.2623,0.0,country_area_weighted_mean,6,synthetic
2023-10-30,GEO,11.996,11.68,0.2698,0.0,country_area_weighted_mean,6,synthetic
2023-10-30,ISR,14.744,12.792,0.2471,0.0,country_area_weighted_mean,6,synthetic
2023-10-30,EGY,16.968,16.151,0.2261,0.0,country_area_weighted_mean,6,synthetic
2023-10-30,TUN,14.53,13.668,0.2578,0.0,country_area_weighted_mean,6,synthetic
2023-10-30,MAR,14.143,11.099,0.243,0.0,country_area_weighted_mean,6,synthetic
2023-11-06,FRA,7.381,7.171,0.3403,0.0,country_area_weighted_mean,6,synthetic
2023-11-06,DEU,6.855,5.894,0.3216,0.0,country_area_weighted_mean,6,synthetic
2023-11-06,NLD,3.825,4.16,0.2657,0.0,country_area_weighted_mean,6,synthetic
2023-11-06,BEL,6.74,5.878,0.2364,0.0,country_area_weighted_mean,6,synthetic
2023-11-06,ITA,6.727,6.149,0.249,0.0,country_area_weighted_mean,6,synthetic
2023-11-06,ESP,8.13,7.333,0.2841,0.0,country_area_weighted_mean,6,synthetic
2023-11-06,POL,3.168,4.049,0.2938,0.0,country_area_weighted_mean,6,synthetic
2023-11-06,HUN,7.73,8.0,0.262,0.0,country_area_weighted_mean,6,synthetic
2023-11-06,ROU,5.412,5.601,0.2761,0.0,country_area_weighted_mean,6,synthetic
2023-11-06,BGR,10.373,9.358,0.3168,0.0,country_area_weighted_mean,6,synthetic
2023-11-06,SRB,10.941,9.822,0.3268,0.0,country_area_weighted_mean,6,synthetic
2023-11-06,UKR,7.591,6.833,0.2554,0.0,country_area_weighted_mean,6,synthetic
2023-11-06,MDA,4.395,4.57,0.2854,0.0,country_area_weighted_mean,6,synthetic
2023-11-06,RUS,3.982,4.816,0.2884,0.0,country_area_weighted_mean,6,synthetic
2023-11-06,TUR,7.811,7.204,0.2476,0.0,country_area_weighted_mean,6,synthetic
2023-11-06,GEO,8.506,7.107,0.2742,0.0,country_area_weighted_mean,6,synthetic
2023-11-06,ISR,13.847,12.007,0.2366,0.0,country_area_weighted_mean,6,synthetic
2023-11-06,EGY,17.498,15.745,0.2429,0.0,country_area_weighted_mean,6,synthetic
2023-11-06,TUN,14.145,13.118,0.2457,0.0,country_area_weighted_mean,6,synthetic
2023-11-06,MAR,12.152,10.272,0.2837,0.0,country_area_weighted_mean,6,synthetic
2023-11-13,FRA,7.145,6.596,0.3003,0.0,country_area_weighted_mean,6,synthetic
2023-11-13,DEU,5.733,4.257,0.2985,0.0,country_area_weighted_mean,6,synthetic
2023-11-13,NLD,0.828,1.005,0.3211,0.0208,country_area_weighted_mean,6,synthetic
2023-11-13,BEL,4.495,4.924,0.2448,0.0,country_area_weighted_mean,6,synthetic
2023-11-13,ITA,5.907,5.977,0.313,0.0,country_area_weighted_mean,6,synthetic
2023-11-13,ESP,7.424,6.953,0.3007,0.0,country_area_weighted_mean,6,synthetic
2023-11-13,POL,2.567,3.045,0.2524,0.0,country_area_weighted_mean,6,synthetic
2023-11-13,HUN,4.785,4.799,0.3301,0.0,country_area_weighted_mean,6,synthetic
2023-11-13,ROU,7.603,6.04,0.2474,0.0,country_area_weighted_mean,6,synthetic
2023-11-13,BGR,9.461,7.718,0.32,0.0,country_area_weighted_mean,6,synthetic
2023-11-13,SRB,6.994,5.548,0.3317,0.0,country_area_weighted_mean,6,synthetic
2023-11-13,UKR,6.454,6.532,0.2993,0.0,country_area_weighted_mean,6,synthetic
2023-11-13,MDA,3.378,3.7,0.3042,0.0,country_area_weighted_mean,6,synthetic
2023-11-13,RUS,0.204,1.067,0.3495,0.0328,country_area_weighted_mean,6,synthetic
2023-11-13,TUR,5.915,5.44,0.2296,0.0,country_area_weighted_mean,6,synthetic
2023-11-13,GEO,9.896,8.796,0.3242,0.0,country_area_weighted_mean,6,synthetic
2023-11-13,ISR,13.439,11.136,0.2956,0.0,country_area_weighted_mean,6,synthetic
2023-11-13,EGY,15.065,13.659,0.2221,0.0,country_area_weighted_mean,6,synthetic
2023-11-13,TUN,12.902,9.911,0.306,0.0,country_area_weighted_mean,6,synthetic
2023-11-13,MAR,8.627,8.433,0.2997,0.0,country_area_weighted_mean,6,synthetic
2023-11-20,FRA,3.45,2.733,0.2963,0.0,country_area_weighted_mean,6,synthetic
2023-11-20,DEU,3.169,1.925,0.3553,0.0,country_area_weighted_mean,6,synthetic
2023-11-20,NLD,0.154,0.051,0.315,0.0301,country_area_weighted_mean,6,synthetic
2023-11-20,BEL,0.009,1.999,0.2618,0.0272,country_area_weighted_mean,6,synthetic
2023-11-20,ITA,6.136,6.626,0.3003,0.0,country_area_weighted_mean,6,synthetic
2023-11-20,ESP,7.554,7.446,0.2824,0.0,country_area_weighted_mean,6,synthetic
2023-11-20,POL,0.819,1.158,0.306,0.0217,country_area_weighted_mean,6,synthetic
2023-11-20,HUN,3.434,3.013,0.2774,0.0048,country_area_weighted_mean,6,synthetic
2023-11-20,ROU,4.506,4.308,0.2814,0.0,country_area_weighted_mean,6,synthetic
2023-11-20,BGR,6.372,6.286,0.2738,0.0,country_area_weighted_mean,6,synthetic
2023-11-20,SRB,4.73,3.757,0.3075,0.0,country_area_weighted_mean,6,synthetic
2023-11-20,UKR,6.808,6.312,0.3203,0.0,country_area_weighted_mean,6,synthetic
2023-11-20,MDA,0.265,-0.016,0.3259,0.035,country_area_weighted_mean,6,synthetic
2023-11-20,RUS,-4.297,-2.5,0.3428,0.0769,country_area_weighted_mean,6,synthetic
2023-11-20,TUR,6.017,4.971,0.2561,0.0,country_area_weighted_mean,6,synthetic
2023-11-20,GEO,10.534,8.451,0.2601,0.0,country_area_weighted_mean,6,synthetic
2023-11-20,ISR,12.628,11.7,0.2737,0.0,country_area_weighted_mean,6,synthetic
2023-11-20,EGY,11.529,9.885,0.3144,0.0,country_area_weighted_mean,6,synthetic
2023-11-20,TUN,9.979,9.138,0.2559,0.0,country_area_weighted_mean,6,synthetic
2023-11-20,MAR,10.134,9.741,0.3629,0.0,country_area_weighted_mean,6,synthetic
2023-11-27,FRA,1.453,0.957,0.2829,0.0119,country_area_weighted_mean,6,synthetic
2023-11-27,DEU,-0.444,-0.35,0.3621,0.04,country_area_weighted_mean,6,synthetic
2023-11-27,NLD,-1.532,-1.111,0.3415,0.0607,country_area_weighted_mean,6,synthetic
2023-11-27,BEL,-1.563,-1.203,0.3143,0.0522,country_area_weighted_mean,6,synthetic
2023-11-27,ITA,3.763,3.256,0.3105,0.0,country_area_weighted_mean,6,synthetic
2023-11-27,ESP,6.37,5.628,0.3053,0.0,country_area_weighted_mean,6,synthetic
2023-11-27,POL,-0.762,-0.184,0.3102,0.0381,country_area_weighted_mean,6,synthetic
2023-11-27,HUN,0.552,2.345,0.2449,0.0229,country_area_weighted_mean,6,synthetic
2023-11-27,ROU,1.517,1.38,0.3716,0.0163,country_area_weighted_mean,6,synthetic
2023-11-27,BGR,2.931,4.46,0.3421,0.0,country_area_weighted_mean,6,synthetic
2023-11-27,SRB,3.17,4.395,0.3292,0.0,country_area_weighted_mean,6,synthetic
2023-11-27,UKR,2.902,2.303,0.3552,0.0007,country_area_weighted_mean,6,synthetic
2023-11-27,MDA,0.903,2.042,0.3877,0.0239,country_area_weighted_mean,6,synthetic
2023-11-27,RUS,-4.573,-2.816,0.354,0.089,country_area_weighted_mean,6,synthetic
2023-11-27,TUR,5.3,4.354,0.3379,0.0,country_area_weighted_mean,6,synthetic
2023-11-27,GEO,8.389,7.254,0.367,0.0,country_area_weighted_mean,6,synthetic
2023-11-27,ISR,12.049,10.411,0.2899,0.0,country_area_weighted_mean,6,synthetic
2023-11-27,EGY,11.893,11.054,0.2537,0.0,country_area_weighted_mean,6,synthetic
2023-11-27,TUN,9.222,8.301,0.2311,0.0,country_area_weighted_mean,6,synthetic
2023-11-27,MAR,9.785,8.188,0.3118,0.0,country_area_weighted_mean,6,synthetic
2023-12-04,FRA,0.13,-0.472,0.3485,0.044,country_area_weighted_mean,6,synthetic
2023-12-04,DEU,-0.709,-0.764,0.2635,0.0494,country_area_weighted_mean,6,synthetic
2023-12-04,NLD,-3.823,-2.126,0.3561,0.0774,country_area_weighted_mean,6,synthetic
2023-12-04,BEL,-1.351,-0.191,0.3101,0.0479,country_area_weighted_mean,6,synthetic
2023-12-04,ITA,1.751,1.972,0.232,0.015,country_area_weighted_mean,6,synthetic
2023-12-04,ESP,4.737,4.051,0.3265,0.0,country_area_weighted_mean,6,synthetic
2023-12-04,POL,-3.369,-3.184,0.3235,0.0695,country_area_weighted_mean,6,synthetic
2023-12-04,HUN,-0.694,0.152,0.3569,0.0507,country_area_weighted_mean,6,synthetic
2023-12-04,ROU,-1.541,-0.072,0.3591,0.0545,country_area_weighted_mean,6,synthetic
2023-12-04,BGR,3.567,3.349,0.2827,0.0049,country_area_weighted_mean,6,synthetic
2023-12-04,SRB,2.127,1.985,0.361,0.0207,country_area_weighted_mean,6,synthetic
2023-12-04,UKR,1.026,0.876,0.2852,0.0271,country_area_weighted_mean,6,synthetic
2023-12-04,MDA,-0.05,1.196,0.2993,0.0212,country_area_weighted_mean,6,synthetic
2023-12-04,RUS,-6.634,-4.02,0.3067,0.1121,country_area_weighted_mean,6,synthetic
2023-12-04,TUR,2.543,2.381,0.2941,0.0,country_area_weighted_mean,6,synthetic
2023-12-04,GEO,7.922,7.078,0.3693,0.0,country_area_weighted_mean,6,synthetic
2023-12-04,ISR,11.15,10.789,0.2714,0.0,country_area_weighted_mean,6,synthetic
2023-12-04,EGY,12.288,10.374,0.2816,0.0,country_area_weighted_mean,6,synthetic
2023-12-04,TUN,9.452,8.899,0.2434,0.0,country_area_weighted_mean,6,synthetic
2023-12-04,MAR,9.707,8.602,0.2586,0.0,country_area_weighted_mean,6,synthetic
2023-12-11,FRA,-0.237,1.502,0.3051,0.0264,country_area_weighted_mean,6,synthetic
2023-12-11,DEU,-1.219,-0.792,0.3544,0.0507,country_area_weighted_mean,6,synthetic
2023-12-11,NLD,-6.878,-4.58,0.4103,0.1149,country_area_weighted_mean,6,synthetic
2023-12-11,BEL,-1.469,-0.356,0.334,0.0543,country_area_weighted_mean,6,synthetic
2023-12-11,ITA,0.913,1.193,0.3453,0.0226,country_area_weighted_mean,6,synthetic
2023-12-11,ESP,1.495,2.725,0.2639,0.015,country_area_weighted_mean,6,synthetic
2023-12-11,POL,-2.591,-0.967,0.3115,0.0676,country_area_weighted_mean,6,synthetic
2023-12-11,HUN,-1.466,-0.194,0.3481,0.0471,country_area_weighted_mean,6,synthetic
2023-12-11,ROU,-2.015,-1.924,0.3399,0.0621,country_area_weighted_mean,6,synthetic
2023-12-11,BGR,1.64,1.016,0.3422,0.0166,country_area_weighted_mean,6,synthetic
2023-12-11,SRB,0.807,1.356,0.2585,0.0297,country_area_weighted_mean,6,synthetic
2023-12-11,UKR,-4.735,-3.381,0.3258,0.0871,country_area_weighted_mean,6,synthetic
2023-12-11,MDA,-1.107,0.309,0.2605,0.0479,country_area_weighted_mean,6,synthetic
2023-12-11,RUS,-8.809,-7.009,0.3214,0.139,country_area_weighted_mean,6,synthetic
2023-12-11,TUR,3.656,3.851,0.4198,0.0,country_area_weighted_mean,6,synthetic
2023-12-11,GEO,3.749,4.678,0.3429,0.0,country_area_weighted_mean,6,synthetic
2023-12-11,ISR,7.891,6.216,0.2552,0.0,country_area_weighted_mean,6,synthetic
2023-12-11,EGY,12.358,11.982,0.2796,0.0,country_area_weighted_mean,6,synthetic
2023-12-11,TUN,7.778,7.071,0.2816,0.0,country_area_weighted_mean,6,synthetic
2023-12-11,MAR,7.444,6.849,0.2913,0.0,country_area_weighted_mean,6,synthetic
2023-12-18,FRA,-1.021,0.262,0.3779,0.0383,country_area_weighted_mean,6,synthetic
2023-12-18,DEU,-3.169,-2.106,0.3067,0.065,country_area_weighted_mean,6,synthetic
2023-12-18,NLD,-7.505,-6.671,0.4211,0.1282,country_area_weighted_mean,6,synthetic
2023-12-18,BEL,-4.607,-3.492,0.2785,0.0971,country_area_weighted_mean,6,synthetic
2023-12-18,ITA,-1.053,0.035,0.367,0.0446,country_area_weighted_mean,6,synthetic
2023-12-18,ESP,-1.938,-1.391,0.3351,0.0563,country_area_weighted_mean,6,synthetic
2023-12-18,POL,-4.884,-2.313,0.3274,0.0863,country_area_weighted_mean,6,synthetic
2023-12-18,HUN,-3.453,-3.102,0.3618,0.0762,country_area_weighted_mean,6,synthetic
2023-12-18,ROU,-3.043,-1.968,0.3869,0.0648,country_area_weighted_mean,6,synthetic
2023-12-18,BGR,1.154,1.146,0.4083,0.0222,country_area_weighted_mean,6,synthetic
2023-12-18,SRB,-1.508,-0.516,0.32,0.0544,country_area_weighted_mean,6,synthetic
2023-12-18,UKR,-5.25,-4.642,0.2861,0.0999,country_area_weighted_mean,6,synthetic
2023-12-18,MDA,-2.546,-0.551,0.3781,0.0604,country_area_weighted_mean,6,synthetic
2023-12-18,RUS,-8.529,-6.88,0.3406,0.1412,country_area_weighted_mean,6,synthetic
2023-12-18,TUR,3.297,3.537,0.3748,0.0,country_area_weighted_mean,6,synthetic
2023-12-18,GEO,2.29,2.628,0.3465,0.0017,country_area_weighted_mean,6,synthetic
2023-12-18,ISR,7.813,7.663,0.2854,0.0,country_area_weighted_mean,6,synthetic
2023-12-18,EGY,13.254,11.077,0.2589,0.0,country_area_weighted_mean,6,synthetic
2023-12-18,TUN,6.007,5.656,0.2345,0.0,country_area_weighted_mean,6,synthetic
2023-12-18,MAR,6.341,5.074,0.3099,0.0,country_area_weighted_mean,6,synthetic
2023-12-25,FRA,-4.165,-3.03,0.3597,0.0819,country_area_weighted_mean,6,synthetic
2023-12-25,DEU,-4.376,-3.579,0.279,0.0823,country_area_weighted_mean,6,synthetic
2023-12-25,NLD,-8.272,-6.307,0.3636,0.1368,country_area_weighted_mean,6,synthetic
2023-12-25,BEL,-5.582,-4.925,0.3591,0.1054,country_area_weighted_mean,6,synthetic
2023-12-25,ITA,-3.148,-2.541,0.3248,0.0819,country_area_weighted_mean,6,synthetic
2023-12-25,ESP,-1.167,0.711,0.3231,0.0406,country_area_weighted_mean,6,synthetic
2023-12-25,POL,-5.353,-4.079,0.3001,0.0966,country_area_weighted_mean,6,synthetic
2023-12-25,HUN,-4.376,-3.073,0.4321,0.08,country_area_weighted_mean,6,synthetic
2023-12-25,ROU,-3.261,-2.836,0.4566,0.0755,country_area_weighted_mean,6,synthetic
2023-12-25,BGR,1.374,0.739,0.3781,0.025,country_area_weighted_mean,6,synthetic
2023-12-25,SRB,-2.883,-2.245,0.3084,0.0708,country_area_weighted_mean,6,synthetic
2023-12-25,UKR,-5.503,-4.016,0.3223,0.0944,country_area_weighted_mean,6,synthetic
2023-12-25,MDA,-2.073,-1.163,0.3364,0.0619,country_area_weighted_mean,6,synthetic
2023-12-25,RUS,-9.307,-7.803,0.3195,0.1396,country_area_weighted_mean,6,synthetic
2023-12-25,TUR,1.836,2.887,0.4408,0.0098,country_area_weighted_mean,6,synthetic
2023-12-25,GEO,2.501,2.192,0.3947,0.0069,country_area_weighted_mean,6,synthetic
2023-12-25,ISR,6.334,6.402,0.3111,0.0,country_area_weighted_mean,6,synthetic
2023-12-25,EGY,12.063,10.138,0.2747,0.0,country_area_weighted_mean,6,synthetic
2023-12-25,TUN,4.11,4.472,0.2648,0.0,country_area_weighted_mean,6,synthetic
2023-12-25,MAR,6.505,5.46,0.3639,0.0,country_area_weighted_mean,6,synthetic
2024-01-01,FRA,-1.536,-2.558,0.343,0.0696,country_area_weighted_mean,6,synthetic
2024-01-01,DEU,-4.667,-3.125,0.2849,0.0821,country_area_weighted_mean,6,synthetic
2024-01-01,NLD,-9.698,-7.284,0.4222,0.1511,country_area_weighted_mean,6,synthetic
2024-01-01,BEL,-7.623,-6.008,0.3786,0.1293,country_area_weighted_mean,6,synthetic
2024-01-01,ITA,-5.234,-3.566,0.3898,0.0915,country_area_weighted_mean,6,synthetic
2024-01-01,ESP,-1.123,0.774,0.4101,0.0484,country_area_weighted_mean,6,synthetic
2024-01-01,POL,-3.798,-3.474,0.3019,0.0907,country_area_weighted_mean,6,synthetic
2024-01-01,HUN,-4.836,-3.297,0.3503,0.0879,country_area_weighted_mean,6,synthetic
2024-01-01,ROU,-4.434,-2.086,0.3808,0.0852,country_area_weighted_mean,6,synthetic
2024-01-01,BGR,-2.098,-0.16,0.3355,0.0516,country_area_weighted_mean,6,synthetic
2024-01-01,SRB,-6.693,-4.101,0.3056,0.1004,country_area_weighted_mean,6,synthetic
2024-01-01,UKR,-5.56,-3.76,0.3103,0.0997,country_area_weighted_mean,6,synthetic
2024-01-01,MDA,-4.435,-2.919,0.3134,0.0833,country_area_weighted_mean,6,synthetic
2024-01-01,RUS,-11.265,-9.926,0.3382,0.1775,country_area_weighted_mean,6,synthetic
2024-01-01,TUR,2.709,2.941,0.3332,0.0,country_area_weighted_mean,6,synthetic
2024-01-01,GEO,-0.695,-0.24,0.3157,0.0497,country_area_weighted_mean,6,synthetic
2024-01-01,ISR,7.321,5.664,0.3679,0.0,country_area_weighted_mean,6,synthetic
2024-01-01,EGY,11.992,9.965,0.2589,0.0,country_area_weighted_mean,6,synthetic
2024-01-01,TUN,3.887,3.08,0.3895,0.0,country_area_weighted_mean,6,synthetic
2024-01-01,MAR,5.11,4.762,0.317,0.0,country_area_weighted_mean,6,synthetic
2024-01-08,FRA,-3.854,-2.398,0.3279,0.0854,country_area_weighted_mean,6,synthetic
2024-01-08,DEU,-7.487,-6.174,0.2949,0.1288,country_area_weighted_mean,6,synthetic
2024-01-08,NLD,-11.301,-9.252,0.2963,0.1756,country_area_weighted_mean,6,synthetic
2024-01-08,BEL,-10.243,-7.35,0.4584,0.1517,country_area_weighted_mean,6,synthetic
2024-01-08,ITA,-4.86,-3.261,0.3959,0.0914,country_area_weighted_mean,6,synthetic
2024-01-08,ESP,-1.198,-1.977,0.3711,0.0516,country_area_weighted_mean,6,synthetic
2024-01-08,POL,-7.396,-5.945,0.3828,0.1205,country_area_weighted_mean,6,synthetic
2024-01-08,HUN,-6.119,-4.382,0.2853,0.0984,country_area_weighted_mean,6,synthetic
2024-01-08,ROU,-4.722,-2.874,0.3398,0.0827,country_area_weighted_mean,6,synthetic
2024-01-08,BGR,-2.928,-1.302,0.4048,0.0606,country_area_weighted_mean,6,synthetic
2024-01-08,SRB,-5.672,-4.045,0.2498,0.0995,country_area_weighted_mean,6,synthetic
2024-01-08,UKR,-6.919,-6.288,0.29,0.1275,country_area_weighted_mean,6,synthetic
2024-01-08,MDA,-4.522,-4.429,0.2746,0.0913,country_area_weighted_mean,6,synthetic
2024-01-08,RUS,-13.129,-10.308,0.3276,0.1886,country_area_weighted_mean,6,synthetic
2024-01-08,TUR,1.341,0.713,0.2741,0.0183,country_area_weighted_mean,6,synthetic
2024-01-08,GEO,-4.34,-1.564,0.3366,0.0849,country_area_weighted_mean,6,synthetic
2024-01-08,ISR,5.132,5.443,0.2911,0.0,country_area_weighted_mean,6,synthetic
2024-01-08,EGY,13.263,11.912,0.2654,0.0,country_area_weighted_mean,6,synthetic
2024-01-08,TUN,2.494,3.824,0.2996,0.0051,country_area_weighted_mean,6,synthetic
2024-01-08,MAR,5.574,5.431,0.3515,0.0,country_area_weighted_mean,6,synthetic
2024-01-15,FRA,-3.833,-1.516,0.353,0.0618,country_area_weighted_mean,6,synthetic
2024-01-15,DEU,-8.583,-7.185,0.3666,0.1456,country_area_weighted_mean,6,synthetic
2024-01-15,NLD,-12.318,-8.632,0.3433,0.1802,country_area_weighted_mean,6,synthetic
2024-01-15,BEL,-10.787,-10.144,0.4146,0.1695,country_area_weighted_mean,6,synthetic
2024-01-15,ITA,-3.847,-3.692,0.3182,0.0825,country_area_weighted_mean,6,synthetic
2024-01-15,ESP,-2.225,-1.192,0.3842,0.0596,country_area_weighted_mean,6,synthetic
2024-01-15,POL,-7.782,-7.013,0.3486,0.1407,country_area_weighted_mean,6,synthetic
2024-01-15,HUN,-6.774,-5.815,0.2956,0.1145,country_area_weighted_mean,6,synthetic
2024-01-15,ROU,-5.317,-4.305,0.3206,0.1003,country_area_weighted_mean,6,synthetic
2024-01-15,BGR,-5.684,-3.013,0.4031,0.0957,country_area_weighted_mean,6,synthetic
2024-01-15,SRB,-4.441,-2.957,0.2872,0.0875,country_area_weighted_mean,6,synthetic
2024-01-15,UKR,-5.403,-4.572,0.3779,0.0991,country_area_weighted_mean,6,synthetic
2024-01-15,MDA,-6.823,-4.565,0.2668,0.1158,country_area_weighted_mean,6,synthetic
2024-01-15,RUS,-13.537,-11.917,0.3808,0.1969,country_area_weighted_mean,6,synthetic
2024-01-15,TUR,-1.515,-0.474,0.2556,0.0506,country_area_weighted_mean,6,synthetic
2024-01-15,GEO,-3.191,-2.03,0.3117,0.0739,country_area_weighted_mean,6,synthetic
2024-01-15,ISR,6.768,4.956,0.3015,0.0,country_area_weighted_mean,6,synthetic
2024-01-15,EGY,12.64,11.434,0.3008,0.0,country_area_weighted_mean,6,synthetic
2024-01-15,TUN,1.508,1.948,0.2841,0.0175,country_area_weighted_mean,6,synthetic
2024-01-15,MAR,5.162,3.97,0.3849,0.0,country_area_weighted_mean,6,synthetic
2024-01-22,FRA,-4.154,-2.713,0.4066,0.0818,country_area_weighted_mean,6,synthetic
2024-01-22,DEU,-10.602,-7.642,0.283,0.1572,country_area_weighted_mean,6,synthetic
2024-01-22,NLD,-10.827,-9.906,0.3752,0.1731,country_area_weighted_mean,6,synthetic
2024-01-22,BEL,-11.01,-9.006,0.3013,0.1692,country_area_weighted_mean,6,synthetic
2024-01-22,ITA,-3.511,-2.562,0.2726,0.0749,country_area_weighted_mean,6,synthetic
2024-01-22,ESP,-2.481,-2.145,0.3333,0.0642,country_area_weighted_mean,6,synthetic
2024-01-22,POL,-9.345,-6.516,0.5433,0.1391,country_area_weighted_mean,6,synthetic
2024-01-22,HUN,-6.342,-4.427,0.2895,0.0992,country_area_weighted_mean,6,synthetic
2024-01-22,ROU,-6.338,-4.213,0.3426,0.1089,country_area_weighted_mean,6,synthetic
2024-01-22,BGR,-3.212,-3.082,0.3841,0.0684,country_area_weighted_mean,6,synthetic
2024-01-22,SRB,-3.459,-2.312,0.3222,0.0714,country_area_weighted_mean,6,synthetic
2024-01-22,UKR,-6.237,-4.991,0.4599,0.1054,country_area_weighted_mean,6,synthetic
2024-01-22,MDA,-4.582,-3.929,0.3087,0.0894,country_area_weighted_mean,6,synthetic
2024-01-22,RUS,-13.113,-9.674,0.3603,0.1839,country_area_weighted_mean,6,synthetic
2024-01-22,TUR,-1.79,-0.85,0.3657,0.0535,country_area_weighted_mean,6,synthetic
2024-01-22,GEO,-0.49,0.159,0.3455,0.0437,country_area_weighted_mean,6,synthetic
2024-01-22,ISR,4.853,4.143,0.385,0.0,country_area_weighted_mean,6,synthetic
2024-01-22,EGY,11.961,9.861,0.3323,0.0,country_area_weighted_mean,6,synthetic
2024-01-22,TUN,2.695,2.907,0.3409,0.0,country_area_weighted_mean,6,synthetic
2024-01-22,MAR,4.77,4.172,0.2794,0.0,country_area_weighted_mean,6,synthetic
2024-01-29,FRA,-4.426,-3.964,0.3425,0.0847,country_area_weighted_mean,6,synthetic
2024-01-29,DEU,-9.245,-7.225,0.2725,0.1452,country_area_weighted_mean,6,synthetic
2024-01-29,NLD,-10.972,-9.394,0.3906,0.1703,country_area_weighted_mean,6,synthetic
2024-01-29,BEL,-8.373,-6.702,0.3719,0.1323,country_area_weighted_mean,6,synthetic
2024-01-29,ITA,-4.064,-2.861,0.2739,0.0817,country_area_weighted_mean,6,synthetic
2024-01-29,ESP,-2.7,-2.591,0.3026,0.0696,country_area_weighted_mean,6,synthetic
2024-01-29,POL,-10.68,-7.906,0.5092,0.1571,country_area_weighted_mean,6,synthetic
2024-01-29,HUN,-6.645,-3.994,0.2642,0.1131,country_area_weighted_mean,6,synthetic
2024-01-29,ROU,-5.774,-4.01,0.2876,0.101,country_area_weighted_mean,6,synthetic
2024-01-29,BGR,-0.446,0.761,0.378,0.0358,country_area_weighted_mean,6,synthetic
2024-01-29,SRB,-1.986,-1.368,0.3748,0.0581,country_area_weighted_mean,6,synthetic
2024-01-29,UKR,-8.319,-6.661,0.5872,0.1233,country_area_weighted_mean,6,synthetic
2024-01-29,MDA,-3.915,-2.718,0.4114,0.0755,country_area_weighted_mean,6,synthetic
2024-01-29,RUS,-12.335,-10.228,0.3105,0.1797,country_area_weighted_mean,6,synthetic
2024-01-29,TUR,-0.582,-0.284,0.441,0.0463,country_area_weighted_mean,6,synthetic
2024-01-29,GEO,-1.704,-1.603,0.3168,0.0591,country_area_weighted_mean,6,synthetic
2024-01-29,ISR,4.892,4.668,0.3214,0.0,country_area_weighted_mean,6,synthetic
2024-01-29,EGY,10.843,9.032,0.3201,0.0,country_area_weighted_mean,6,synthetic
2024-01-29,TUN,2.754,2.972,0.3946,0.0,country_area_weighted_mean,6,synthetic
2024-01-29,MAR,5.13,4.314,0.3037,0.0,country_area_weighted_mean,6,synthetic
2024-02-05,FRA,-5.119,-3.396,0.4448,0.101,country_area_weighted_mean,6,synthetic
2024-02-05,DEU,-9.572,-7.963,0.3377,0.1535,country_area_weighted_mean,6,synthetic
2024-02-05,NLD,-9.635,-7.017,0.3743,0.1435,country_area_weighted_mean,6,synthetic
2024-02-05,BEL,-10.502,-8.25,0.3426,0.1507,country_area_weighted_mean,6,synthetic
2024-02-05,ITA,-3.796,-2.665,0.4264,0.0743,country_area_weighted_mean,6,synthetic
2024-02-05,ESP,-2.61,-1.865,0.3793,0.0663,country_area_weighted_mean,6,synthetic
2024-02-05,POL,-10.149,-7.423,0.4624,0.1553,country_area_weighted_mean,6,synthetic
2024-02-05,HUN,-7.02,-5.688,0.3095,0.1236,country_area_weighted_mean,6,synthetic
2024-02-05,ROU,-8.74,-7.484,0.4259,0.1337,country_area_weighted_mean,6,synthetic
2024-02-05,BGR,-1.344,-0.523,0.4756,0.0587,country_area_weighted_mean,6,synthetic
2024-02-05,SRB,-2.288,-1.361,0.3365,0.0597,country_area_weighted_mean,6,synthetic
2024-02-05,UKR,-7.274,-5.242,0.3798,0.1261,country_area_weighted_mean,6,synthetic
2024-02-05,MDA,-3.924,-2.881,0.2744,0.0881,country_area_weighted_mean,6,synthetic
2024-02-05,RUS,-14.489,-12.073,0.3472,0.1997,country_area_weighted_mean,6,synthetic
2024-02-05,TUR,-2.166,-1.165,0.371,0.0558,country_area_weighted_mean,6,synthetic
2024-02-05,GEO,-4.982,-3.423,0.3653,0.0862,country_area_weighted_mean,6,synthetic
2024-02-05,ISR,4.973,4.691,0.2983,0.0,country_area_weighted_mean,6,synthetic
2024-02-05,EGY,11.507,10.992,0.3019,0.0,country_area_weighted_mean,6,synthetic
2024-02-05,TUN,1.779,1.467,0.3452,0.0064,country_area_weighted_mean,6,synthetic
2024-02-05,MAR,4.331,5.146,0.2793,0.0,country_area_weighted_mean,6,synthetic
2024-02-12,FRA,-4.66,-3.164,0.3152,0.0852,country_area_weighted_mean,6,synthetic
2024-02-12,DEU,-10.204,-9.12,0.36,0.1608,country_area_weighted_mean,6,synthetic
2024-02-12,NLD,-8.25,-7.291,0.4103,0.131,country_area_weighted_mean,6,synthetic
2024-02-12,BEL,-8.374,-7.538,0.3862,0.1434,country_area_weighted_mean,6,synthetic
2024-02-12,ITA,-2.686,-2.438,0.392,0.068,country_area_weighted_mean,6,synthetic
2024-02-12,ESP,-1.486,-1.725,0.3543,0.0581,country_area_weighted_mean,6,synthetic
2024-02-12,POL,-9.427,-6.486,0.3777,0.1454,country_area_weighted_mean,6,synthetic
2024-02-12,HUN,-6.648,-5.013,0.2719,0.1131,country_area_weighted_mean,6,synthetic
2024-02-12,ROU,-7.133,-4.464,0.4649,0.1118,country_area_weighted_mean,6,synthetic
2024-02-12,BGR,0.884,0.745,0.3327,0.022,country_area_weighted_mean,6,synthetic
2024-02-12,SRB,-2.37,-0.067,0.3752,0.0556,country_area_weighted_mean,6,synthetic
2024-02-12,UKR,-6.541,-4.98,0.36,0.1134,country_area_weighted_mean,6,synthetic
2024-02-12,MDA,-4.736,-3.815,0.2706,0.0968,country_area_weighted_mean,6,synthetic
2024-02-12,RUS,-12.584,-10.791,0.3412,0.1879,country_area_weighted_mean,6,synthetic
2024-02-12,TUR,0.439,1.533,0.3227,0.0327,country_area_weighted_mean,6,synthetic
2024-02-12,GEO,-3.56,-1.303,0.3275,0.0706,country_area_weighted_mean,6,synthetic
2024-02-12,ISR,5.579,5.995,0.2959,0.0,country_area_weighted_mean,6,synthetic
2024-02-12,EGY,11.159,10.508,0.3148,0.0,country_area_weighted_mean,6,synthetic
2024-02-12,TUN,1.429,1.159,0.3057,0.0202,country_area_weighted_mean,6,synthetic
2024-02-12,MAR,5.966,5.47,0.2269,0.0,country_area_weighted_mean,6,synthetic
2024-02-19,FRA,-4.194,-2.565,0.3213,0.0817,country_area_weighted_mean,6,synthetic
2024-02-19,DEU,-11.529,-9.255,0.3939,0.165,country_area_weighted_mean,6,synthetic
2024-02-19,NLD,-10.129,-9.138,0.4793,0.1615,country_area_weighted_mean,6,synthetic
2024-02-19,BEL,-7.38,-5.582,0.3307,0.1221,country_area_weighted_mean,6,synthetic
2024-02-19,ITA,2.006,2.179,0.3894,0.0176,country_area_weighted_mean,6,synthetic
2024-02-19,ESP,2.276,2.444,0.3038,0.0026,country_area_weighted_mean,6,synthetic
2024-02-19,POL,-8.066,-5.157,0.372,0.1204,country_area_weighted_mean,6,synthetic
2024-02-19,HUN,-6.043,-5.023,0.3182,0.1116,country_area_weighted_mean,6,synthetic
2024-02-19,ROU,-6.097,-4.564,0.4711,0.1164,country_area_weighted_mean,6,synthetic
2024-02-19,BGR,1.947,1.053,0.314,0.0074,country_area_weighted_mean,6,synthetic
2024-02-19,SRB,-1.81,-0.648,0.3614,0.0529,country_area_weighted_mean,6,synthetic
2024-02-19,UKR,-7.571,-5.93,0.3714,0.1206,country_area_weighted_mean,6,synthetic
2024-02-19,MDA,-4.874,-4.568,0.3494,0.0995,country_area_weighted_mean,6,synthetic
2024-02-19,RUS,-12.876,-10.542,0.3209,0.1954,country_area_weighted_mean,6,synthetic
2024-02-19,TUR,-0.882,-0.745,0.3577,0.0456,country_area_weighted_mean,6,synthetic
2024-02-19,GEO,-2.153,-1.588,0.3194,0.0615,country_area_weighted_mean,6,synthetic
2024-02-19,ISR,5.849,5.991,0.3029,0.0,country_area_weighted_mean,6,synthetic
2024-02-19,EGY,10.175,9.559,0.3367,0.0,country_area_weighted_mean,6,synthetic
2024-02-19,TUN,1.315,1.859,0.2686,0.0181,country_area_weighted_mean,6,synthetic
2024-02-19,MAR,4.774,5.329,0.284,0.0,country_area_weighted_mean,6,synthetic
2024-02-26,FRA,-2.799,-1.207,0.2849,0.0643,country_area_weighted_mean,6,synthetic
2024-02-26,DEU,-10.751,-9.077,0.3399,0.1656,country_area_weighted_mean,6,synthetic
2024-02-26,NLD,-9.345,-8.262,0.4374,0.1419,country_area_weighted_mean,6,synthetic
2024-02-26,BEL,-6.911,-4.261,0.3523,0.1104,country_area_weighted_mean,6,synthetic
2024-02-26,ITA,2.296,2.321,0.3564,0.0058,country_area_weighted_mean,6,synthetic
2024-02-26,ESP,1.586,2.377,0.3238,0.0112,country_area_weighted_mean,6,synthetic
2024-02-26,POL,-7.512,-4.945,0.4492,0.121,country_area_weighted_mean,6,synthetic
2024-02-26,HUN,-4.27,-3.629,0.3908,0.085,country_area_weighted_mean,6,synthetic
2024-02-26,ROU,-4.499,-3.743,0.3838,0.1011,country_area_weighted_mean,6,synthetic
2024-02-26,BGR,0.177,0.954,0.3587,0.0292,country_area_weighted_mean,6,synthetic
2024-02-26,SRB,-1.339,0.132,0.2954,0.0519,country_area_weighted_mean,6,synthetic
2024-02-26,UKR,-6.053,-4.767,0.4346,0.0934,country_area_weighted_mean,6,synthetic
2024-02-26,MDA,-4.529,-3.355,0.4122,0.0942,country_area_weighted_mean,6,synthetic
2024-02-26,RUS,-9.432,-7.098,0.3531,0.1382,country_area_weighted_mean,6,synthetic
2024-02-26,TUR,2.148,2.509,0.3235,0.0149,country_area_weighted_mean,6,synthetic
2024-02-26,GEO,-0.884,-1.903,0.3214,0.0581,country_area_weighted_mean,6,synthetic
2024-02-26,ISR,8.005,7.744,0.3018,0.0,country_area_weighted_mean,6,synthetic
2024-02-26,EGY,9.431,8.612,0.4385,0.0,country_area_weighted_mean,6,synthetic
2024-02-26,TUN,1.987,2.471,0.2735,0.0091,country_area_weighted_mean,6,synthetic
2024-02-26,MAR,6.219,5.833,0.3183,0.0,country_area_weighted_mean,6,synthetic
2024-03-04,FRA,-1.78,-0.619,0.2729,0.0591,country_area_weighted_mean,6,synthetic
2024-03-04,DEU,-9.473,-7.829,0.2357,0.1543,country_area_weighted_mean,6,synthetic
2024-03-04,NLD,-8.278,-6.983,0.3498,0.1243,country_area_weighted_mean,6,synthetic
2024-03-04,BEL,-6.212,-5.212,0.4168,0.1169,country_area_weighted_mean,6,synthetic
2024-03-04,ITA,0.814,0.721,0.3844,0.0273,country_area_weighted_mean,6,synthetic
2024-03-04,ESP,1.359,0.843,0.32,0.011,country_area_weighted_mean,6,synthetic
2024-03-04,POL,-8.677,-6.574,0.4161,0.1261,country_area_weighted_mean,6,synthetic
2024-03-04,HUN,-4.461,-2.17,0.2596,0.0813,country_area_weighted_mean,6,synthetic
2024-03-04,ROU,-3.378,-2.085,0.3071,0.0728,country_area_weighted_mean,6,synthetic
2024-03-04,BGR,-0.15,0.75,0.3599,0.0394,country_area_weighted_mean,6,synthetic
2024-03-04,SRB,-0.516,0.781,0.3585,0.0357,country_area_weighted_mean,6,synthetic
2024-03-04,UKR,-4.979,-3.924,0.3794,0.0985,country_area_weighted_mean,6,synthetic
2024-03-04,MDA,-1.99,-0.458,0.4232,0.0578,country_area_weighted_mean,6,synthetic
2024-03-04,RUS,-6.276,-3.813,0.3535,0.1002,country_area_weighted_mean,6,synthetic
2024-03-04,TUR,1.856,1.123,0.3631,0.0184,country_area_weighted_mean,6,synthetic
2024-03-04,GEO,0.263,-0.021,0.3332,0.0354,country_area_weighted_mean,6,synthetic
2024-03-04,ISR,9.423,8.109,0.3239,0.0,country_area_weighted_mean,6,synthetic
2024-03-04,EGY,11.359,10.572,0.2567,0.0,country_area_weighted_mean,6,synthetic
2024-03-04,TUN,3.697,3.492,0.3029,0.008,country_area_weighted_mean,6,synthetic
2024-03-04,MAR,8.634,6.827,0.3417,0.0,country_area_weighted_mean,6,synthetic
2024-03-11,FRA,0.434,1.209,0.3272,0.0391,country_area_weighted_mean,6,synthetic
2024-03-11,DEU,-8.455,-5.759,0.2424,0.1329,country_area_weighted_mean,6,synthetic
2024-03-11,NLD,-6.349,-4.956,0.3625,0.1152,country_area_weighted_mean,6,synthetic
2024-03-11,BEL,-4.704,-3.533,0.3287,0.0809,country_area_weighted_mean,6,synthetic
2024-03-11,ITA,2.456,2.344,0.3353,0.0084,country_area_weighted_mean,6,synthetic
2024-03-11,ESP,3.795,4.512,0.3024,0.0,country_area_weighted_mean,6,synthetic
2024-03-11,POL,-4.087,-3.537,0.2776,0.0908,country_area_weighted_mean,6,synthetic
2024-03-11,HUN,-4.118,-4.133,0.3557,0.0969,country_area_weighted_mean,6,synthetic
2024-03-11,ROU,-1.297,-1.784,0.3401,0.0698,country_area_weighted_mean,6,synthetic
2024-03-11,BGR,2.128,3.628,0.3538,0.0051,country_area_weighted_mean,6,synthetic
2024-03-11,SRB,1.57,1.933,0.2973,0.0197,country_area_weighted_mean,6,synthetic
2024-03-11,UKR,-4.511,-3.261,0.4347,0.0886,country_area_weighted_mean,6,synthetic
2024-03-11,MDA,-0.703,-0.197,0.3641,0.0495,country_area_weighted_mean,6,synthetic
2024-03-11,RUS,-5.436,-4.381,0.326,0.0955,country_area_weighted_mean,6,synthetic
2024-03-11,TUR,3.301,1.93,0.298,0.0042,country_area_weighted_mean,6,synthetic
2024-03-11,GEO,0.405,0.808,0.3093,0.0358,country_area_weighted_mean,6,synthetic
2024-03-11,ISR,8.928,8.983,0.3792,0.0,country_area_weighted_mean,6,synthetic
2024-03-11,EGY,12.445,12.358,0.2518,0.0,country_area_weighted_mean,6,synthetic
2024-03-11,TUN,3.661,3.434,0.3315,0.0,country_area_weighted_mean,6,synthetic
2024-03-11,MAR,11.877,10.605,0.3719,0.0,country_area_weighted_mean,6,synthetic
2024-03-18,FRA,0.421,0.428,0.4088,0.0345,country_area_weighted_mean,6,synthetic
2024-03-18,DEU,-6.848,-5.624,0.299,0.1118,country_area_weighted_mean,6,synthetic
2024-03-18,NLD,-3.274,-2.574,0.3341,0.0681,country_area_weighted_mean,6,synthetic
2024-03-18,BEL,0.315,-0.134,0.261,0.0376,country_area_weighted_mean,6,synthetic
2024-03-18,ITA,1.222,1.613,0.4031,0.018,country_area_weighted_mean,6,synthetic
2024-03-18,ESP,6.627,5.919,0.2878,0.0,country_area_weighted_mean,6,synthetic
2024-03-18,POL,-2.108,-1.796,0.2888,0.0533,country_area_weighted_mean,6,synthetic
2024-03-18,HUN,-3.59,-3.006,0.3414,0.0712,country_area_weighted_mean,6,synthetic
2024-03-18,ROU,-0.891,0.417,0.3338,0.0404,country_area_weighted_mean,6,synthetic
2024-03-18,BGR,3.298,3.271,0.3268,0.0,country_area_weighted_mean,6,synthetic
2024-03-18,SRB,1.301,1.7,0.3252,0.0164,country_area_weighted_mean,6,synthetic
2024-03-18,UKR,-3.029,-1.744,0.3957,0.068,country_area_weighted_mean,6,synthetic
2024-03-18,MDA,-0.361,-0.061,0.3417,0.0366,country_area_weighted_mean,6,synthetic
2024-03-18,RUS,-4.728,-3.726,0.4276,0.0974,country_area_weighted_mean,6,synthetic
2024-03-18,TUR,6.189,4.787,0.3204,0.0,country_area_weighted_mean,6,synthetic
2024-03-18,GEO,2.774,3.013,0.3753,0.0,country_area_weighted_mean,6,synthetic
2024-03-18,ISR,10.192,9.239,0.332,0.0,country_area_weighted_mean,6,synthetic
2024-03-18,EGY,13.392,12.809,0.306,0.0,country_area_weighted_mean,6,synthetic
2024-03-18,TUN,6.558,5.588,0.3224,0.0,country_area_weighted_mean,6,synthetic
2024-03-18,MAR,13.045,12.131,0.3527,0.0,country_area_weighted_mean,6,synthetic
2024-03-25,FRA,2.844,3.528,0.3425,0.0091,country_area_weighted_mean,6,synthetic
2024-03-25,DEU,-3.804,-2.69,0.3082,0.0881,country_area_weighted_mean,6,synthetic
2024-03-25,NLD,-0.223,-0.427,0.2938,0.043,country_area_weighted_mean,6,synthetic
2024-03-25,BEL,1.449,0.936,0.3246,0.0163,country_area_weighted_mean,6,synthetic
2024-03-25,ITA,1.476,1.991,0.4902,0.0158,country_area_weighted_mean,6,synthetic
2024-03-25,ESP,9.313,8.753,0.3021,0.0,country_area_weighted_mean,6,synthetic
2024-03-25,POL,-0.674,-0.919,0.3496,0.0385,country_area_weighted_mean,6,synthetic
2024-03-25,HUN,-0.674,-0.166,0.431,0.0521,country_area_weighted_mean,6,synthetic
2024-03-25,ROU,-0.163,0.933,0.2759,0.0342,country_area_weighted_mean,6,synthetic
2024-03-25,BGR,5.446,4.208,0.3469,0.0,country_area_weighted_mean,6,synthetic
2024-03-25,SRB,2.135,2.563,0.3692,0.0042,country_area_weighted_mean,6,synthetic
2024-03-25,UKR,-1.798,-1.975,0.4012,0.0613,country_area_weighted_mean,6,synthetic
2024-03-25,MDA,1.574,2.062,0.2826,0.0059,country_area_weighted_mean,6,synthetic
2024-03-25,RUS,-4.235,-3.335,0.6,0.081,country_area_weighted_mean,6,synthetic
2024-03-25,TUR,6.592,6.42,0.4151,0.0,country_area_weighted_mean,6,synthetic
2024-03-25,GEO,6.296,6.34,0.3062,0.0,country_area_weighted_mean,6,synthetic
2024-03-25,ISR,9.495,8.871,0.3893,0.0,country_area_weighted_mean,6,synthetic
2024-03-25,EGY,17.336,14.804,0.2939,0.0,country_area_weighted_mean,6,synthetic
2024-03-25,TUN,7.42,6.018,0.3127,0.0,country_area_weighted_mean,6,synthetic
2024-03-25,MAR,11.79,10.389,0.332,0.0,country_area_weighted_mean,6,synthetic
2024-04-01,FRA,4.62,2.744,0.3553,0.0,country_area_weighted_mean,6,synthetic
2024-04-01,DEU,-0.353,0.251,0.3839,0.041,country_area_weighted_mean,6,synthetic
2024-04-01,NLD,1.138,1.624,0.334,0.0174,country_area_weighted_mean,6,synthetic
2024-04-01,BEL,4.026,3.565,0.299,0.0,country_area_weighted_mean,6,synthetic
2024-04-01,ITA,2.646,3.167,0.5401,0.0009,country_area_weighted_mean,6,synthetic
2024-04-01,ESP,9.994,9.523,0.2614,0.0,country_area_weighted_mean,6,synthetic
2024-04-01,POL,1.3,1.262,0.34,0.0229,country_area_weighted_mean,6,synthetic
2024-04-01,HUN,1.687,1.934,0.3557,0.0131,country_area_weighted_mean,6,synthetic
2024-04-01,ROU,4.312,4.002,0.2812,0.0,country_area_weighted_mean,6,synthetic
2024-04-01,BGR,5.575,5.468,0.3151,0.0,country_area_weighted_mean,6,synthetic
2024-04-01,SRB,3.559,2.826,0.4513,0.0,country_area_weighted_mean,6,synthetic
2024-04-01,UKR,1.045,1.362,0.322,0.0123,country_area_weighted_mean,6,synthetic
2024-04-01,MDA,4.572,4.04,0.3513,0.0,country_area_weighted_mean,6,synthetic
2024-04-01,RUS,-2.946,-1.705,0.3724,0.0696,country_area_weighted_mean,6,synthetic
2024-04-01,TUR,8.854,7.466,0.3652,0.0,country_area_weighted_mean,6,synthetic
2024-04-01,GEO,7.534,6.471,0.3253,0.0,country_area_weighted_mean,6,synthetic
2024-04-01,ISR,10.365,9.256,0.3526,0.0,country_area_weighted_mean,6,synthetic
2024-04-01,EGY,19.28,16.799,0.2839,0.0,country_area_weighted_mean,6,synthetic
2024-04-01,TUN,8.795,8.738,0.2781,0.0,country_area_weighted_mean,6,synthetic
2024-04-01,MAR,10.632,9.287,0.3051,0.0,country_area_weighted_mean,6,synthetic
2024-04-08,FRA,6.784,6.127,0.4193,0.0,country_area_weighted_mean,6,synthetic
2024-04-08,DEU,1.15,1.859,0.2661,0.011,country_area_weighted_mean,6,synthetic
2024-04-08,NLD,3.116,3.433,0.3122,0.0,country_area_weighted_mean,6,synthetic
2024-04-08,BEL,5.292,4.217,0.3338,0.0,country_area_weighted_mean,6,synthetic
2024-04-08,ITA,6.568,6.063,0.4238,0.0,country_area_weighted_mean,6,synthetic
2024-04-08,ESP,8.453,7.888,0.3145,0.0,country_area_weighted_mean,6,synthetic
2024-04-08,POL,3.176,3.13,0.2866,0.0,country_area_weighted_mean,6,synthetic
2024-04-08,HUN,6.134,4.895,0.3931,0.0,country_area_weighted_mean,6,synthetic
2024-04-08,ROU,5.974,4.92,0.378,0.0,country_area_weighted_mean,6,synthetic
2024-04-08,BGR,5.733,5.763,0.4095,0.0,country_area_weighted_mean,6,synthetic
2024-04-08,SRB,5.368,5.513,0.4329,0.0,country_area_weighted_mean,6,synthetic
2024-04-08,UKR,4.34,5.2,0.2905,0.0,country_area_weighted_mean,6,synthetic
2024-04-08,MDA,6.295,5.804,0.4492,0.0,country_area_weighted_mean,6,synthetic
2024-04-08,RUS,-0.4,-0.103,0.2878,0.0266,country_area_weighted_mean,6,synthetic
2024-04-08,TUR,10.254,9.599,0.3046,0.0,country_area_weighted_mean,6,synthetic
2024-04-08,GEO,10.209,8.787,0.3161,0.0,country_area_weighted_mean,6,synthetic
2024-04-08,ISR,11.156,9.202,0.3592,0.0,country_area_weighted_mean,6,synthetic
2024-04-08,EGY,18.453,16.21,0.3517,0.0,country_area_weighted_mean,6,synthetic
2024-04-08,TUN,12.333,11.645,0.2526,0.0,country_area_weighted_mean,6,synthetic
2024-04-08,MAR,12.868,11.411,0.3793,0.0,country_area_weighted_mean,6,synthetic
2024-04-15,FRA,6.457,6.902,0.3349,0.0,country_area_weighted_mean,6,synthetic
2024-04-15,DEU,3.697,3.274,0.3259,0.0,country_area_weighted_mean,6,synthetic
2024-04-15,NLD,3.077,2.996,0.3361,0.0,country_area_weighted_mean,6,synthetic
2024-04-15,BEL,5.848,6.319,0.3151,0.0,country_area_weighted_mean,6,synthetic
2024-04-15,ITA,7.431,5.863,0.3883,0.0,country_area_weighted_mean,6,synthetic
2024-04-15,ESP,10.021,9.347,0.3649,0.0,country_area_weighted_mean,6,synthetic
2024-04-15,POL,5.834,4.957,0.2939,0.0,country_area_weighted_mean,6,synthetic
2024-04-15,HUN,8.345,7.672,0.3686,0.0,country_area_weighted_mean,6,synthetic
2024-04-15,ROU,6.132,5.505,0.3893,0.0,country_area_weighted_mean,6,synthetic
2024-04-15,BGR,8.184,8.426,0.3597,0.0,country_area_weighted_mean,6,synthetic
2024-04-15,SRB,7.986,8.06,0.3419,0.0,country_area_weighted_mean,6,synthetic
2024-04-15,UKR,4.604,5.501,0.3971,0.0,country_area_weighted_mean,6,synthetic
2024-04-15,MDA,7.878,7.577,0.2997,0.0,country_area_weighted_mean,6,synthetic
2024-04-15,RUS,2.094,1.913,0.3226,0.0187,country_area_weighted_mean,6,synthetic
2024-04-15,TUR,12.491,10.767,0.2668,0.0,country_area_weighted_mean,6,synthetic
2024-04-15,GEO,11.231,10.058,0.2946,0.0,country_area_weighted_mean,6,synthetic
2024-04-15,ISR,11.672,9.89,0.3897,0.0,country_area_weighted_mean,6,synthetic
2024-04-15,EGY,17.097,15.144,0.3591,0.0,country_area_weighted_mean,6,synthetic
2024-04-15,TUN,14.767,13.167,0.3049,0.0,country_area_weighted_mean,6,synthetic
2024-04-15,MAR,12.535,10.733,0.3968,0.0,country_area_weighted_mean,6,synthetic
2024-04-22,FRA,9.444,8.341,0.3903,0.0,country_area_weighted_mean,6,synthetic
2024-04-22,DEU,6.867,6.091,0.3365,0.0,country_area_weighted_mean,6,synthetic
2024-04-22,NLD,6.035,5.709,0.2827,0.0,country_area_weighted_mean,6,synthetic
2024-04-22,BEL,10.128,8.733,0.3575,0.0,country_area_weighted_mean,6,synthetic
2024-04-22,ITA,10.062,9.904,0.3447,0.0,country_area_weighted_mean,6,synthetic
2024-04-22,ESP,12.5,11.177,0.2847,0.0,country_area_weighted_mean,6,synthetic
2024-04-22,POL,8.054,7.85,0.2606,0.0,country_area_weighted_mean,6,synthetic
2024-04-22,HUN,9.957,9.592,0.3974,0.0,country_area_weighted_mean,6,synthetic
2024-04-22,ROU,8.771,8.013,0.3345,0.0,country_area_weighted_mean,6,synthetic
2024-04-22,BGR,9.238,8.273,0.3367,0.0,country_area_weighted_mean,6,synthetic
2024-04-22,SRB,10.996,9.298,0.3474,0.0,country_area_weighted_mean,6,synthetic
2024-04-22,UKR,9.04,8.458,0.3561,0.0,country_area_weighted_mean,6,synthetic
2024-04-22,MDA,9.85,8.897,0.3363,0.0,country_area_weighted_mean,6,synthetic
2024-04-22,RUS,5.178,4.145,0.3187,0.0,country_area_weighted_mean,6,synthetic
2024-04-22,TUR,12.305,11.771,0.2521,0.0,country_area_weighted_mean,6,synthetic
2024-04-22,GEO,11.11,8.809,0.3398,0.0,country_area_weighted_mean,6,synthetic
2024-04-22,ISR,15.655,13.302,0.4149,0.0,country_area_weighted_mean,6,synthetic
2024-04-22,EGY,18.078,15.136,0.3615,0.0,country_area_weighted_mean,6,synthetic
2024-04-22,TUN,14.175,12.709,0.2843,0.0,country_area_weighted_mean,6,synthetic
2024-04-22,MAR,13.954,12.9,0.3179,0.0,country_area_weighted_mean,6,synthetic
2024-04-29,FRA,11.513,10.063,0.4207,0.0,country_area_weighted_mean,6,synthetic
2024-04-29,DEU,9.226,7.9,0.3123,0.0,country_area_weighted_mean,6,synthetic
2024-04-29,NLD,5.808,4.843,0.2932,0.0,country_area_weighted_mean,6,synthetic
2024-04-29,BEL,10.243,10.196,0.3433,0.0,country_area_weighted_mean,6,synthetic
2024-04-29,ITA,11.954,12.011,0.3388,0.0,country_area_weighted_mean,6,synthetic
2024-04-29,ESP,12.666,11.903,0.2782,0.0,country_area_weighted_mean,6,synthetic
2024-04-29,POL,9.435,9.51,0.3386,0.0,country_area_weighted_mean,6,synthetic
2024-04-29,HUN,11.981,11.337,0.2944,0.0,country_area_weighted_mean,6,synthetic
2024-04-29,ROU,8.926,9.337,0.2779,0.0,country_area_weighted_mean,6,synthetic
2024-04-29,BGR,11.624,9.715,0.2619,0.0,country_area_weighted_mean,6,synthetic
2024-04-29,SRB,11.8,9.858,0.351,0.0,country_area_weighted_mean,6,synthetic
2024-04-29,UKR,10.751,10.303,0.2773,0.0,country_area_weighted_mean,6,synthetic
2024-04-29,MDA,12.891,11.557,0.31,0.0,country_area_weighted_mean,6,synthetic
2024-04-29,RUS,7.225,5.916,0.2726,0.0,country_area_weighted_mean,6,synthetic
2024-04-29,TUR,14.824,13.5,0.388,0.0,country_area_weighted_mean,6,synthetic
2024-04-29,GEO,13.127,10.763,0.2811,0.0,country_area_weighted_mean,6,synthetic
2024-04-29,ISR,16.644,14.063,0.2947,0.0,country_area_weighted_mean,6,synthetic
2024-04-29,EGY,18.252,16.511,0.2669,0.0,country_area_weighted_mean,6,synthetic
2024-04-29,TUN,14.274,13.007,0.3216,0.0,country_area_weighted_mean,6,synthetic
2024-04-29,MAR,16.359,14.551,0.3189,0.0,country_area_weighted_mean,6,synthetic
2024-05-06,FRA,13.339,11.997,0.3288,0.0,country_area_weighted_mean,6,synthetic
2024-05-06,DEU,11.545,11.019,0.3299,0.0,country_area_weighted_mean,6,synthetic
2024-05-06,NLD,5.797,6.459,0.3184,0.0,country_area_weighted_mean,6,synthetic
2024-05-06,BEL,12.473,11.683,0.3208,0.0,country_area_weighted_mean,6,synthetic
2024-05-06,ITA,11.911,11.391,0.2898,0.0,country_area_weighted_mean,6,synthetic
2024-05-06,ESP,14.298,12.664,0.3141,0.0,country_area_weighted_mean,6,synthetic
2024-05-06,POL,13.262,11.385,0.3763,0.0,country_area_weighted_mean,6,synthetic
2024-05-06,HUN,12.748,11.143,0.266,0.0,country_area_weighted_mean,6,synthetic
2024-05-06,ROU,9.757,9.075,0.3745,0.0,country_area_weighted_mean,6,synthetic
2024-05-06,BGR,13.307,11.1,0.2302,0.0,country_area_weighted_mean,6,synthetic
2024-05-06,SRB,14.041,12.131,0.428,0.0,country_area_weighted_mean,6,synthetic
2024-05-06,UKR,13.4,11.424,0.3282,0.0,country_area_weighted_mean,6,synthetic
2024-05-06,MDA,13.634,12.251,0.2821,0.0,country_area_weighted_mean,6,synthetic
2024-05-06,RUS,11.337,10.061,0.3125,0.0,country_area_weighted_mean,6,synthetic
2024-05-06,TUR,16.753,14.031,0.3423,0.0,country_area_weighted_mean,6,synthetic
2024-05-06,GEO,16.129,14.743,0.3078,0.0,country_area_weighted_mean,6,synthetic
2024-05-06,ISR,16.854,15.126,0.3135,0.0,country_area_weighted_mean,6,synthetic
2024-05-06,EGY,19.991,18.156,0.2608,0.0,country_area_weighted_mean,6,synthetic
2024-05-06,TUN,15.665,13.705,0.2993,0.0,country_area_weighted_mean,6,synthetic
2024-05-06,MAR,18.743,15.645,0.2763,0.0,country_area_weighted_mean,6,synthetic
2024-05-13,FRA,14.759,13.066,0.3914,0.0,country_area_weighted_mean,6,synthetic
2024-05-13,DEU,14.445,13.404,0.3366,0.0,country_area_weighted_mean,6,synthetic
2024-05-13,NLD,10.768,9.672,0.3221,0.0,country_area_weighted_mean,6,synthetic
2024-05-13,BEL,14.638,12.681,0.3386,0.0,country_area_weighted_mean,6,synthetic
2024-05-13,ITA,14.857,13.077,0.2559,0.0,country_area_weighted_mean,6,synthetic
2024-05-13,ESP,18.277,15.554,0.2453,0.0,country_area_weighted_mean,6,synthetic
2024-05-13,POL,12.92,12.023,0.2913,0.0,country_area_weighted_mean,6,synthetic
2024-05-13,HUN,12.967,11.481,0.2374,0.0,country_area_weighted_mean,6,synthetic
2024-05-13,ROU,12.142,11.179,0.3894,0.0,country_area_weighted_mean,6,synthetic
2024-05-13,BGR,14.577,12.764,0.2704,0.0,country_area_weighted_mean,6,synthetic
2024-05-13,SRB,13.84,12.447,0.3978,0.0,country_area_weighted_mean,6,synthetic
2024-05-13,UKR,13.861,12.064,0.2648,0.0,country_area_weighted_mean,6,synthetic
2024-05-13,MDA,17.861,15.988,0.2849,0.0,country_area_weighted_mean,6,synthetic
2024-05-13,RUS,12.225,10.186,0.3266,0.0,country_area_weighted_mean,6,synthetic
2024-05-13,TUR,18.652,15.994,0.3375,0.0,country_area_weighted_mean,6,synthetic
2024-05-13,GEO,17.256,14.087,0.3109,0.0,country_area_weighted_mean,6,synthetic
2024-05-13,ISR,18.791,16.547,0.2652,0.0,country_area_weighted_mean,6,synthetic
2024-05-13,EGY,21.625,18.76,0.2666,0.0,country_area_weighted_mean,6,synthetic
2024-05-13,TUN,16.47,15.054,0.273,0.0,country_area_weighted_mean,6,synthetic
2024-05-13,MAR,18.87,17.586,0.2911,0.0,country_area_weighted_mean,6,synthetic
2024-05-20,FRA,17.594,15.737,0.3615,0.0,country_area_weighted_mean,6,synthetic
2024-05-20,DEU,17.231,15.416,0.3395,0.0,country_area_weighted_mean,6,synthetic
2024-05-20,NLD,11.711,11.106,0.3187,0.0,country_area_weighted_mean,6,synthetic
2024-05-20,BEL,13.765,11.647,0.2664,0.0,country_area_weighted_mean,6,synthetic
2024-05-20,ITA,16.731,14.426,0.2612,0.0,country_area_weighted_mean,6,synthetic
2024-05-20,ESP,20.262,18.002,0.3503,0.0,country_area_weighted_mean,6,synthetic
2024-05-20,POL,17.342,14.222,0.2786,0.0,country_area_weighted_mean,6,synthetic
2024-05-20,HUN,13.112,11.894,0.217,0.0,country_area_weighted_mean,6,synthetic
2024-05-20,ROU,13.614,12.121,0.3303,0.0,country_area_weighted_mean,6,synthetic
2024-05-20,BGR,15.308,14.394,0.2726,0.0,country_area_weighted_mean,6,synthetic
2024-05-20,SRB,16.368,14.183,0.3291,0.0,country_area_weighted_mean,6,synthetic
2024-05-20,UKR,15.14,13.527,0.2839,0.0,country_area_weighted_mean,6,synthetic
2024-05-20,MDA,20.787,18.693,0.3027,0.0,country_area_weighted_mean,6,synthetic
2024-05-20,RUS,12.961,11.29,0.3253,0.0,country_area_weighted_mean,6,synthetic
2024-05-20,TUR,19.758,18.412,0.2805,0.0,country_area_weighted_mean,6,synthetic
2024-05-20,GEO,18.054,15.474,0.2979,0.0,country_area_weighted_mean,6,synthetic
2024-05-20,ISR,19.532,17.581,0.3153,0.0,country_area_weighted_mean,6,synthetic
2024-05-20,EGY,23.197,20.231,0.2904,0.0,country_area_weighted_mean,6,synthetic
2024-05-20,TUN,17.698,15.08,0.2917,0.0,country_area_weighted_mean,6,synthetic
2024-05-20,MAR,23.067,19.599,0.2846,0.0,country_area_weighted_mean,6,synthetic
2024-05-27,FRA,19.358,16.851,0.305,0.0,country_area_weighted_mean,6,synthetic
2024-05-27,DEU,17.196,15.593,0.2729,0.0,country_area_weighted_mean,6,synthetic
2024-05-27,NLD,13.358,11.528,0.2226,0.0,country_area_weighted_mean,6,synthetic
2024-05-27,BEL,14.291,12.538,0.2414,0.0,country_area_weighted_mean,6,synthetic
2024-05-27,ITA,20.592,18.165,0.2977,0.0,country_area_weighted_mean,6,synthetic
2024-05-27,ESP,20.638,18.448,0.3258,0.0,country_area_weighted_mean,6,synthetic
2024-05-27,POL,18.257,15.946,0.2475,0.0,country_area_weighted_mean,6,synthetic
2024-05-27,HUN,16.165,14.635,0.2573,0.0,country_area_weighted_mean,6,synthetic
2024-05-27,ROU,15.303,13.826,0.2882,0.0,country_area_weighted_mean,6,synthetic
2024-05-27,BGR,18.539,15.869,0.2331,0.0,country_area_weighted_mean,6,synthetic
2024-05-27,SRB,19.352,17.005,0.29,0.0,country_area_weighted_mean,6,synthetic
2024-05-27,UKR,17.37,14.796,0.2659,0.0,country_area_weighted_mean,6,synthetic
2024-05-27,MDA,21.723,19.035,0.2889,0.0,country_area_weighted_mean,6,synthetic
2024-05-27,RUS,14.261,12.355,0.357,0.0,country_area_weighted_mean,6,synthetic
2024-05-27,TUR,19.296,17.237,0.2612,0.0,country_area_weighted_mean,6,synthetic
2024-05-27,GEO,20.062,17.567,0.2808,0.0,country_area_weighted_mean,6,synthetic
2024-05-27,ISR,24.095,20.883,0.2937,0.0,country_area_weighted_mean,6,synthetic
2024-05-27,EGY,20.478,18.55,0.269,0.0,country_area_weighted_mean,6,synthetic
2024-05-27,TUN,19.443,16.975,0.2312,0.0,country_area_weighted_mean,6,synthetic
2024-05-27,MAR,22.897,19.231,0.2772,0.0,country_area_weighted_mean,6,synthetic
2024-06-03,FRA,19.248,16.834,0.2934,0.0,country_area_weighted_mean,6,synthetic
2024-06-03,DEU,17.778,16.869,0.3509,0.0,country_area_weighted_mean,6,synthetic
2024-06-03,NLD,18.198,15.664,0.2798,0.0,country_area_weighted_mean,6,synthetic
2024-06-03,BEL,17.877,15.48,0.2895,0.0,country_area_weighted_mean,6,synthetic
2024-06-03,ITA,22.611,19.399,0.3286,0.0,country_area_weighted_mean,6,synthetic
2024-06-03,ESP,22.102,20.02,0.3285,0.0,country_area_weighted_mean,6,synthetic
2024-06-03,POL,19.226,16.06,0.2948,0.0,country_area_weighted_mean,6,synthetic
2024-06-03,HUN,20.394,16.9,0.2627,0.0,country_area_weighted_mean,6,synthetic
2024-06-03,ROU,17.544,15.511,0.2648,0.0,country_area_weighted_mean,6,synthetic
2024-06-03,BGR,21.625,18.064,0.2854,0.0,country_area_weighted_mean,6,synthetic
2024-06-03,SRB,19.594,17.384,0.3106,0.0,country_area_weighted_mean,6,synthetic
2024-06-03,UKR,21.132,17.827,0.3245,0.0,country_area_weighted_mean,6,synthetic
2024-06-03,MDA,22.168,19.283,0.3733,0.0,country_area_weighted_mean,6,synthetic
2024-06-03,RUS,15.974,13.922,0.3118,0.0,country_area_weighted_mean,6,synthetic
2024-06-03,TUR,22.655,19.391,0.2252,0.0,country_area_weighted_mean,6,synthetic
2024-06-03,GEO,19.748,17.52,0.3234,0.0,country_area_weighted_mean,6,synthetic
2024-06-03,ISR,25.751,22.238,0.3244,0.0,country_area_weighted_mean,6,synthetic
2024-06-03,EGY,22.724,20.077,0.3168,0.0,country_area_weighted_mean,6,synthetic
2024-06-03,TUN,22.29,19.272,0.2556,0.0,country_area_weighted_mean,6,synthetic
2024-06-03,MAR,23.324,20.894,0.2273,0.0,country_area_weighted_mean,6,synthetic
2024-06-10,FRA,20.672,18.841,0.2832,0.0,country_area_weighted_mean,6,synthetic
2024-06-10,DEU,19.351,16.564,0.2985,0.0,country_area_weighted_mean,6,synthetic
2024-06-10,NLD,23.806,20.44,0.334,0.0,country_area_weighted_mean,6,synthetic
2024-06-10,BEL,20.463,17.724,0.2716,0.0,country_area_weighted_mean,6,synthetic
2024-06-10,ITA,24.011,20.24,0.3463,0.0,country_area_weighted_mean,6,synthetic
2024-06-10,ESP,22.927,19.865,0.231,0.0,country_area_weighted_mean,6,synthetic
2024-06-10,POL,18.844,17.525,0.2429,0.0,country_area_weighted_mean,6,synthetic
2024-06-10,HUN,22.347,19.56,0.2576,0.0,country_area_weighted_mean,6,synthetic
2024-06-10,ROU,21.696,17.92,0.2731,0.0,country_area_weighted_mean,6,synthetic
2024-06-10,BGR,21.713,21.36,0.2518,0.0,country_area_weighted_mean,6,synthetic
2024-06-10,SRB,21.243,18.712,0.2595,0.0,country_area_weighted_mean,6,synthetic
2024-06-10,UKR,18.413,16.882,0.3599,0.0,country_area_weighted_mean,6,synthetic
2024-06-10,MDA,22.786,18.847,0.3471,0.0,country_area_weighted_mean,6,synthetic
2024-06-10,RUS,18.871,16.693,0.2765,0.0,country_area_weighted_mean,6,synthetic
2024-06-10,TUR,24.373,22.158,0.2912,0.0,country_area_weighted_mean,6,synthetic
2024-06-10,GEO,22.318,18.687,0.2484,0.0,country_area_weighted_mean,6,synthetic
2024-06-10,ISR,25.611,21.532,0.2941,0.0,country_area_weighted_mean,6,synthetic
2024-06-10,EGY,28.06,25.166,0.3055,0.0,country_area_weighted_mean,6,synthetic
2024-06-10,TUN,24.218,21.628,0.306,0.0,country_area_weighted_mean,6,synthetic
2024-06-10,MAR,22.625,19.683,0.2569,0.0,country_area_weighted_mean,6,synthetic
2024-06-17,FRA,23.438,21.004,0.2719,0.0,country_area_weighted_mean,6,synthetic
2024-06-17,DEU,21.719,19.311,0.2969,0.0,country_area_weighted_mean,6,synthetic
2024-06-17,NLD,23.445,20.322,0.306,0.0,country_area_weighted_mean,6,synthetic
2024-06-17,BEL,21.87,19.601,0.2784,0.0,country_area_weighted_mean,6,synthetic
2024-06-17,ITA,25.164,22.186,0.2869,0.0,country_area_weighted_mean,6,synthetic
2024-06-17,ESP,21.815,20.056,0.2149,0.0,country_area_weighted_mean,6,synthetic
2024-06-17,POL,21.739,18.131,0.202,0.0,country_area_weighted_mean,6,synthetic
2024-06-17,HUN,26.001,21.948,0.2926,0.0,country_area_weighted_mean,6,synthetic
2024-06-17,ROU,23.943,20.177,0.3036,0.0,country_area_weighted_mean,6,synthetic
2024-06-17,BGR,23.465,20.436,0.2675,0.0,country_area_weighted_mean,6,synthetic
2024-06-17,SRB,22.42,19.074,0.321,0.0,country_area_weighted_mean,6,synthetic
2024-06-17,UKR,20.261,18.481,0.3524,0.0,country_area_weighted_mean,6,synthetic
2024-06-17,MDA,23.438,20.011,0.3431,0.0,country_area_weighted_mean,6,synthetic
2024-06-17,RUS,20.422,17.321,0.34,0.0,country_area_weighted_mean,6,synthetic
2024-06-17,TUR,25.216,23.355,0.2888,0.0,country_area_weighted_mean,6,synthetic
2024-06-17,GEO,22.976,20.996,0.2838,0.0,country_area_weighted_mean,6,synthetic
2024-06-17,ISR,28.678,24.255,0.2448,0.0,country_area_weighted_mean,6,synthetic
2024-06-17,EGY,26.935,23.902,0.2845,0.0,country_area_weighted_mean,6,synthetic
2024-06-17,TUN,27.578,23.07,0.2518,0.0,country_area_weighted_mean,6,synthetic
2024-06-17,MAR,24.149,21.011,0.2304,0.0,country_area_weighted_mean,6,synthetic
2024-06-24,FRA,21.681,17.641,0.2935,0.0,country_area_weighted_mean,6,synthetic
2024-06-24,DEU,24.723,20.36,0.3023,0.0,country_area_weighted_mean,6,synthetic
2024-06-24,NLD,24.74,20.756,0.2803,0.0,country_area_weighted_mean,6,synthetic
2024-06-24,BEL,23.699,21.496,0.32,0.0,country_area_weighted_mean,6,synthetic
2024-06-24,ITA,26.013,22.537,0.2514,0.0,country_area_weighted_mean,6,synthetic
2024-06-24,ESP,24.548,21.273,0.2549,0.0,country_area_weighted_mean,6,synthetic
2024-06-24,POL,21.438,18.336,0.2195,0.0,country_area_weighted_mean,6,synthetic
2024-06-24,HUN,25.862,22.884,0.2683,0.0,country_area_weighted_mean,6,synthetic
2024-06-24,ROU,27.095,23.835,0.2514,0.0,country_area_weighted_mean,6,synthetic
2024-06-24,BGR,22.963,20.359,0.2601,0.0,country_area_weighted_mean,6,synthetic
2024-06-24,SRB,21.481,19.08,0.262,0.0,country_area_weighted_mean,6,synthetic
2024-06-24,UKR,21.865,18.682,0.2829,0.0,country_area_weighted_mean,6,synthetic
2024-06-24,MDA,24.089,21.071,0.2765,0.0,country_area_weighted_mean,6,synthetic
2024-06-24,RUS,24.315,21.403,0.3011,0.0,country_area_weighted_mean,6,synthetic
2024-06-24,TUR,24.795,21.851,0.2587,0.0,country_area_weighted_mean,6,synthetic
2024-06-24,GEO,25.387,21.597,0.2445,0.0,country_area_weighted_mean,6,synthetic
2024-06-24,ISR,28.839,24.348,0.303,0.0,country_area_weighted_mean,6,synthetic
2024-06-24,EGY,26.751,23.763,0.3007,0.0,country_area_weighted_mean,6,synthetic
2024-06-24,TUN,27.07,23.396,0.3018,0.0,country_area_weighted_mean,6,synthetic
2024-06-24,MAR,23.714,20.94,0.2689,0.0,country_area_weighted_mean,6,synthetic
2024-07-01,FRA,23.041,20.49,0.2879,0.0,country_area_weighted_mean,6,synthetic
2024-07-01,DEU,24.53,20.789,0.2735,0.0,country_area_weighted_mean,6,synthetic
2024-07-01,NLD,25.266,21.734,0.22,0.0,country_area_weighted_mean,6,synthetic
2024-07-01,BEL,23.998,21.817,0.2723,0.0,country_area_weighted_mean,6,synthetic
2024-07-01,ITA,25.283,22.285,0.2651,0.0,country_area_weighted_mean,6,synthetic
2024-07-01,ESP,26.498,23.117,0.2861,0.0,country_area_weighted_mean,6,synthetic
2024-07-01,POL,23.915,20.792,0.2402,0.0,country_area_weighted_mean,6,synthetic
2024-07-01,HUN,27.757,24.096,0.2536,0.0,country_area_weighted_mean,6,synthetic
2024-07-01,ROU,23.834,20.615,0.2215,0.0,country_area_weighted_mean,6,synthetic
2024-07-01,BGR,25.642,22.029,0.2678,0.0,country_area_weighted_mean,6,synthetic
2024-07-01,SRB,23.794,21.115,0.2209,0.0,country_area_weighted_mean,6,synthetic
2024-07-01,UKR,23.504,20.803,0.2586,0.0,country_area_weighted_mean,6,synthetic
2024-07-01,MDA,24.892,22.13,0.2437,0.0,country_area_weighted_mean,6,synthetic
2024-07-01,RUS,24.656,20.589,0.4281,0.0,country_area_weighted_mean,6,synthetic
2024-07-01,TUR,26.02,21.777,0.2417,0.0,country_area_weighted_mean,6,synthetic
2024-07-01,GEO,25.674,21.658,0.2727,0.0,country_area_weighted_mean,6,synthetic
2024-07-01,ISR,29.887,26.252,0.2508,0.0,country_area_weighted_mean,6,synthetic
2024-07-01,EGY,28.961,24.872,0.2549,0.0,country_area_weighted_mean,6,synthetic
2024-07-01,TUN,25.366,22.301,0.2618,0.0,country_area_weighted_mean,6,synthetic
2024-07-01,MAR,27.12,22.522,0.2564,0.0,country_area_weighted_mean,6,synthetic
2024-07-08,FRA,22.308,19.312,0.2678,0.0,country_area_weighted_mean,6,synthetic
2024-07-08,DEU,27.9,25.431,0.2519,0.0,country_area_weighted_mean,6,synthetic
2024-07-08,NLD,24.962,22.126,0.1723,0.0,country_area_weighted_mean,6,synthetic
2024-07-08,BEL,23.749,20.509,0.2901,0.0,country_area_weighted_mean,6,synthetic
2024-07-08,ITA,26.537,22.614,0.2726,0.0,country_area_weighted_mean,6,synthetic
2024-07-08,ESP,23.924,21.62,0.2579,0.0,country_area_weighted_mean,6,synthetic
2024-07-08,POL,24.077,21.213,0.2364,0.0,country_area_weighted_mean,6,synthetic
2024-07-08,HUN,28.439,22.77,0.2872,0.0,country_area_weighted_mean,6,synthetic
2024-07-08,ROU,24.007,20.618,0.2886,0.0,country_area_weighted_mean,6,synthetic
2024-07-08,BGR,26.747,24.733,0.2892,0.0,country_area_weighted_mean,6,synthetic
2024-07-08,SRB,24.601,21.102,0.3278,0.0,country_area_weighted_mean,6,synthetic
2024-07-08,UKR,21.908,19.463,0.2268,0.0,country_area_weighted_mean,6,synthetic
2024-07-08,MDA,24.797,21.123,0.2253,0.0,country_area_weighted_mean,6,synthetic
2024-07-08,RUS,24.497,21.468,0.2793,0.0,country_area_weighted_mean,6,synthetic
2024-07-08,TUR,26.228,23.504,0.2216,0.0,country_area_weighted_mean,6,synthetic
2024-07-08,GEO,27.253,24.941,0.2405,0.0,country_area_weighted_mean,6,synthetic
2024-07-08,ISR,28.686,25.011,0.2748,0.0,country_area_weighted_mean,6,synthetic
2024-07-08,EGY,29.768,25.757,0.2387,0.0,country_area_weighted_mean,6,synthetic
2024-07-08,TUN,28.469,25.384,0.2566,0.0,country_area_weighted_mean,6,synthetic
2024-07-08,MAR,26.819,23.982,0.2789,0.0,country_area_weighted_mean,6,synthetic
2024-07-15,FRA,23.391,21.082,0.192,0.0,country_area_weighted_mean,6,synthetic
2024-07-15,DEU,27.979,24.997,0.1848,0.0,country_area_weighted_mean,6,synthetic
2024-07-15,NLD,23.189,20.877,0.2432,0.0,country_area_weighted_mean,6,synthetic
2024-07-15,BEL,24.348,20.887,0.2446,0.0,country_area_weighted_mean,6,synthetic
2024-07-15,ITA,25.701,22.904,0.2885,0.0,country_area_weighted_mean,6,synthetic
2024-07-15,ESP,23.509,21.119,0.2213,0.0,country_area_weighted_mean,6,synthetic
2024-07-15,POL,23.639,21.078,0.241,0.0,country_area_weighted_mean,6,synthetic
2024-07-15,HUN,28.548,24.39,0.298,0.0,country_area_weighted_mean,6,synthetic
2024-07-15,ROU,25.224,21.76,0.2745,0.0,country_area_weighted_mean,6,synthetic
2024-07-15,BGR,27.268,23.916,0.3381,0.0,country_area_weighted_mean,6,synthetic
2024-07-15,SRB,25.235,22.704,0.2361,0.0,country_area_weighted_mean,6,synthetic
2024-07-15,UKR,22.842,20.191,0.2563,0.0,country_area_weighted_mean,6,synthetic
2024-07-15,MDA,25.591,21.464,0.2436,0.0,country_area_weighted_mean,6,synthetic
2024-07-15,RUS,24.558,21.495,0.2211,0.0,country_area_weighted_mean,6,synthetic
2024-07-15,TUR,25.904,22.897,0.2526,0.0,country_area_weighted_mean,6,synthetic
2024-07-15,GEO,28.207,25.081,0.2536,0.0,country_area_weighted_mean,6,synthetic
2024-07-15,ISR,28.341,25.906,0.2666,0.0,country_area_weighted_mean,6,synthetic
2024-07-15,EGY,28.814,23.877,0.3174,0.0,country_area_weighted_mean,6,synthetic
2024-07-15,TUN,27.455,23.002,0.2994,0.0,country_area_weighted_mean,6,synthetic
2024-07-15,MAR,26.255,21.858,0.1996,0.0,country_area_weighted_mean,6,synthetic
2024-07-22,FRA,23.532,20.358,0.2036,0.0,country_area_weighted_mean,6,synthetic
2024-07-22,DEU,27.81,24.348,0.2415,0.0,country_area_weighted_mean,6,synthetic
2024-07-22,NLD,23.58,21.731,0.2509,0.0,country_area_weighted_mean,6,synthetic
2024-07-22,BEL,24.742,21.281,0.2446,0.0,country_area_weighted_mean,6,synthetic
2024-07-22,ITA,27.769,23.61,0.2724,0.0,country_area_weighted_mean,6,synthetic
2024-07-22,ESP,23.399,19.467,0.2554,0.0,country_area_weighted_mean,6,synthetic
2024-07-22,POL,24.143,20.26,0.2262,0.0,country_area_weighted_mean,6,synthetic
2024-07-22,HUN,26.34,22.609,0.2515,0.0,country_area_weighted_mean,6,synthetic
2024-07-22,ROU,27.26,23.381,0.2527,0.0,country_area_weighted_mean,6,synthetic
2024-07-22,BGR,28.525,24.151,0.2555,0.0,country_area_weighted_mean,6,synthetic
2024-07-22,SRB,23.623,20.903,0.2489,0.0,country_area_weighted_mean,6,synthetic
2024-07-22,UKR,24.878,22.22,0.2827,0.0,country_area_weighted_mean,6,synthetic
2024-07-22,MDA,25.74,22.436,0.2411,0.0,country_area_weighted_mean,6,synthetic
2024-07-22,RUS,27.008,22.957,0.2651,0.0,country_area_weighted_mean,6,synthetic
2024-07-22,TUR,25.56,22.859,0.289,0.0,country_area_weighted_mean,6,synthetic
2024-07-22,GEO,29.324,24.738,0.2437,0.0,country_area_weighted_mean,6,synthetic
2024-07-22,ISR,28.395,24.33,0.2644,0.0,country_area_weighted_mean,6,synthetic
2024-07-22,EGY,29.753,26.165,0.2098,0.0,country_area_weighted_mean,6,synthetic
2024-07-22,TUN,25.682,23.578,0.2642,0.0,country_area_weighted_mean,6,synthetic
2024-07-22,MAR,27.734,24.374,0.2171,0.0,country_area_weighted_mean,6,synthetic
2024-07-29,FRA,23.389,20.151,0.218,0.0,country_area_weighted_mean,6,synthetic
2024-07-29,DEU,25.574,22.709,0.2525,0.0,country_area_weighted_mean,6,synthetic
2024-07-29,NLD,24.745,21.343,0.2688,0.0,country_area_weighted_mean,6,synthetic
2024-07-29,BEL,25.086,21.593,0.2156,0.0,country_area_weighted_mean,6,synthetic
2024-07-29,ITA,26.844,23.92,0.2957,0.0,country_area_weighted_mean,6,synthetic
2024-07-29,ESP,24.077,22.054,0.2527,0.0,country_area_weighted_mean,6,synthetic
2024-07-29,POL,24.649,20.611,0.2387,0.0,country_area_weighted_mean,6,synthetic
2024-07-29,HUN,25.348,21.389,0.2825,0.0,country_area_weighted_mean,6,synthetic
2024-07-29,ROU,27.867,24.497,0.2872,0.0,country_area_weighted_mean,6,synthetic
2024-07-29,BGR,25.83,23.36,0.2664,0.0,country_area_weighted_mean,6,synthetic
2024-07-29,SRB,24.196,21.409,0.3178,0.0,country_area_weighted_mean,6,synthetic
2024-07-29,UKR,25.972,22.254,0.2285,0.0,country_area_weighted_mean,6,synthetic
2024-07-29,MDA,26.744,23.086,0.2869,0.0,country_area_weighted_mean,6,synthetic
2024-07-29,RUS,26.899,23.488,0.252,0.0,country_area_weighted_mean,6,synthetic
2024-07-29,TUR,25.523,21.794,0.2909,0.0,country_area_weighted_mean,6,synthetic
2024-07-29,GEO,27.555,24.733,0.2302,0.0,country_area_weighted_mean,6,synthetic
2024-07-29,ISR,28.898,25.001,0.1895,0.0,country_area_weighted_mean,6,synthetic
2024-07-29,EGY,28.623,26.48,0.1771,0.0,country_area_weighted_mean,6,synthetic
2024-07-29,TUN,27.133,22.957,0.253,0.0,country_area_weighted_mean,6,synthetic
2024-07-29,MAR,27.375,23.093,0.2301,0.0,country_area_weighted_mean,6,synthetic
2024-08-05,FRA,25.984,23.42,0.2166,0.0,country_area_weighted_mean,6,synthetic
2024-08-05,DEU,25.212,21.732,0.2613,0.0,country_area_weighted_mean,6,synthetic
2024-08-05,NLD,25.722,22.958,0.2519,0.0,country_area_weighted_mean,6,synthetic
2024-08-05,BEL,26.5,23.837,0.2335,0.0,country_area_weighted_mean,6,synthetic
2024-08-05,ITA,28.059,25.232,0.2801,0.0,country_area_weighted_mean,6,synthetic
2024-08-05,ESP,24.598,22.097,0.2745,0.0,country_area_weighted_mean,6,synthetic
2024-08-05,POL,24.92,21.813,0.2301,0.0,country_area_weighted_mean,6,synthetic
2024-08-05,HUN,23.671,21.259,0.2631,0.0,country_area_weighted_mean,6,synthetic
2024-08-05,ROU,26.414,23.492,0.2886,0.0,country_area_weighted_mean,6,synthetic
2024-08-05,BGR,26.885,23.564,0.23,0.0,country_area_weighted_mean,6,synthetic
2024-08-05,SRB,26.447,22.413,0.306,0.0,country_area_weighted_mean,6,synthetic
2024-08-05,UKR,24.74,21.413,0.2262,0.0,country_area_weighted_mean,6,synthetic
2024-08-05,MDA,27.467,24.617,0.2781,0.0,country_area_weighted_mean,6,synthetic
2024-08-05,RUS,25.214,22.374,0.2434,0.0,country_area_weighted_mean,6,synthetic
2024-08-05,TUR,25.063,22.263,0.2376,0.0,country_area_weighted_mean,6,synthetic
2024-08-05,GEO,25.899,22.445,0.2471,0.0,country_area_weighted_mean,6,synthetic
2024-08-05,ISR,28.558,23.949,0.2465,0.0,country_area_weighted_mean,6,synthetic
2024-08-05,EGY,28.063,24.491,0.2454,0.0,country_area_weighted_mean,6,synthetic
2024-08-05,TUN,26.062,23.587,0.2823,0.0,country_area_weighted_mean,6,synthetic
2024-08-05,MAR,28.978,25.097,0.2259,0.0,country_area_weighted_mean,6,synthetic
2024-08-12,FRA,25.771,22.248,0.2048,0.0,country_area_weighted_mean,6,synthetic
2024-08-12,DEU,24.256,20.958,0.2367,0.0,country_area_weighted_mean,6,synthetic
2024-08-12,NLD,26.885,24.175,0.2244,0.0,country_area_weighted_mean,6,synthetic
2024-08-12,BEL,26.254,22.358,0.2234,0.0,country_area_weighted_mean,6,synthetic
2024-08-12,ITA,27.82,24.102,0.2446,0.0,country_area_weighted_mean,6,synthetic
2024-08-12,ESP,24.023,20.246,0.2467,0.0,country_area_weighted_mean,6,synthetic
2024-08-12,POL,24.899,21.76,0.2043,0.0,country_area_weighted_mean,6,synthetic
2024-08-12,HUN,24.099,20.735,0.2781,0.0,country_area_weighted_mean,6,synthetic
2024-08-12,ROU,23.839,21.228,0.2655,0.0,country_area_weighted_mean,6,synthetic
2024-08-12,BGR,25.973,22.936,0.2506,0.0,country_area_weighted_mean,6,synthetic
2024-08-12,SRB,24.949,22.46,0.3736,0.0,country_area_weighted_mean,6,synthetic
2024-08-12,UKR,25.618,21.621,0.2332,0.0,country_area_weighted_mean,6,synthetic
2024-08-12,MDA,27.641,23.575,0.2354,0.0,country_area_weighted_mean,6,synthetic
2024-08-12,RUS,25.242,21.649,0.2493,0.0,country_area_weighted_mean,6,synthetic
2024-08-12,TUR,27.534,23.674,0.3363,0.0,country_area_weighted_mean,6,synthetic
2024-08-12,GEO,27.961,24.265,0.231,0.0,country_area_weighted_mean,6,synthetic
2024-08-12,ISR,28.215,24.569,0.2679,0.0,country_area_weighted_mean,6,synthetic
2024-08-12,EGY,27.378,24.186,0.2173,0.0,country_area_weighted_mean,6,synthetic
2024-08-12,TUN,26.205,22.348,0.2636,0.0,country_area_weighted_mean,6,synthetic
2024-08-12,MAR,29.624,25.671,0.2435,0.0,country_area_weighted_mean,6,synthetic
2024-08-19,FRA,25.583,22.1,0.2299,0.0,country_area_weighted_mean,6,synthetic
2024-08-19,DEU,25.055,22.117,0.2611,0.0,country_area_weighted_mean,6,synthetic
2024-08-19,NLD,26.159,22.064,0.2064,0.0,country_area_weighted_mean,6,synthetic
2024-08-19,BEL,24.562,21.393,0.2392,0.0,country_area_weighted_mean,6,synthetic
2024-08-19,ITA,28.365,22.95,0.2444,0.0,country_area_weighted_mean,6,synthetic
2024-08-19,ESP,24.969,21.295,0.242,0.0,country_area_weighted_mean,6,synthetic
2024-08-19,POL,22.612,19.995,0.2555,0.0,country_area_weighted_mean,6,synthetic
2024-08-19,HUN,23.949,21.27,0.261,0.0,country_area_weighted_mean,6,synthetic
2024-08-19,ROU,23.326,20.188,0.2298,0.0,country_area_weighted_mean,6,synthetic
2024-08-19,BGR,25.444,22.402,0.2658,0.0,country_area_weighted_mean,6,synthetic
2024-08-19,SRB,24.13,21.109,0.3501,0.0,country_area_weighted_mean,6,synthetic
2024-08-19,UKR,25.218,21.453,0.2785,0.0,country_area_weighted_mean,6,synthetic
2024-08-19,MDA,29.031,25.312,0.2981,0.0,country_area_weighted_mean,6,synthetic
2024-08-19,RUS,23.163,20.486,0.2276,0.0,country_area_weighted_mean,6,synthetic
2024-08-19,TUR,25.036,22.484,0.2686,0.0,country_area_weighted_mean,6,synthetic
2024-08-19,GEO,27.36,24.108,0.2102,0.0,country_area_weighted_mean,6,synthetic
2024-08-19,ISR,28.791,24.99,0.2465,0.0,country_area_weighted_mean,6,synthetic
2024-08-19,EGY,28.385,24.902,0.2576,0.0,country_area_weighted_mean,6,synthetic
2024-08-19,TUN,27.712,23.884,0.2405,0.0,country_area_weighted_mean,6,synthetic
2024-08-19,MAR,30.051,26.184,0.2368,0.0,country_area_weighted_mean,6,synthetic
2024-08-26,FRA,27.727,23.866,0.2392,0.0,country_area_weighted_mean,6,synthetic
2024-08-26,DEU,24.579,20.781,0.2694,0.0,country_area_weighted_mean,6,synthetic
2024-08-26,NLD,24.745,21.581,0.2297,0.0,country_area_weighted_mean,6,synthetic
2024-08-26,BEL,24.527,21.135,0.2402,0.0,country_area_weighted_mean,6,synthetic
2024-08-26,ITA,26.103,21.369,0.2643,0.0,country_area_weighted_mean,6,synthetic
2024-08-26,ESP,26.641,23.662,0.2597,0.0,country_area_weighted_mean,6,synthetic
2024-08-26,POL,21.544,17.945,0.2821,0.0,country_area_weighted_mean,6,synthetic
2024-08-26,HUN,22.644,20.182,0.2775,0.0,country_area_weighted_mean,6,synthetic
2024-08-26,ROU,24.283,21.483,0.2356,0.0,country_area_weighted_mean,6,synthetic
2024-08-26,BGR,23.673,20.76,0.226,0.0,country_area_weighted_mean,6,synthetic
2024-08-26,SRB,22.351,19.2,0.2919,0.0,country_area_weighted_mean,6,synthetic
2024-08-26,UKR,24.169,21.279,0.2297,0.0,country_area_weighted_mean,6,synthetic
2024-08-26,MDA,25.105,20.896,0.2434,0.0,country_area_weighted_mean,6,synthetic
2024-08-26,RUS,26.466,22.127,0.2389,0.0,country_area_weighted_mean,6,synthetic
2024-08-26,TUR,26.025,22.262,0.2239,0.0,country_area_weighted_mean,6,synthetic
2024-08-26,GEO,24.7,22.012,0.2314,0.0,country_area_weighted_mean,6,synthetic
2024-08-26,ISR,26.37,22.635,0.2435,0.0,country_area_weighted_mean,6,synthetic
2024-08-26,EGY,29.906,25.496,0.2237,0.0,country_area_weighted_mean,6,synthetic
2024-08-26,TUN,26.352,23.488,0.2455,0.0,country_area_weighted_mean,6,synthetic
2024-08-26,MAR,28.667,25.187,0.2225,0.0,country_area_weighted_mean,6,synthetic
2024-09-02,FRA,24.86,20.616,0.2497,0.0,country_area_weighted_mean,6,synthetic
2024-09-02,DEU,22.015,19.293,0.2314,0.0,country_area_weighted_mean,6,synthetic
2024-09-02,NLD,22.367,19.199,0.238,0.0,country_area_weighted_mean,6,synthetic
2024-09-02,BEL,22.635,20.25,0.1929,0.0,country_area_weighted_mean,6,synthetic
2024-09-02,ITA,24.571,22.0,0.2779,0.0,country_area_weighted_mean,6,synthetic
2024-09-02,ESP,26.424,23.389,0.2411,0.0,country_area_weighted_mean,6,synthetic
2024-09-02,POL,20.562,16.923,0.2441,0.0,country_area_weighted_mean,6,synthetic
2024-09-02,HUN,22.986,20.153,0.2912,0.0,country_area_weighted_mean,6,synthetic
2024-09-02,ROU,21.752,20.244,0.213,0.0,country_area_weighted_mean,6,synthetic
2024-09-02,BGR,22.91,20.088,0.2636,0.0,country_area_weighted_mean,6,synthetic
2024-09-02,SRB,22.889,19.571,0.2875,0.0,country_area_weighted_mean,6,synthetic
2024-09-02,UKR,21.775,18.862,0.236,0.0,country_area_weighted_mean,6,synthetic
2024-09-02,MDA,23.941,21.359,0.2635,0.0,country_area_weighted_mean,6,synthetic
2024-09-02,RUS,25.451,21.281,0.2519,0.0,country_area_weighted_mean,6,synthetic
2024-09-02,TUR,23.781,19.475,0.2255,0.0,country_area_weighted_mean,6,synthetic
2024-09-02,GEO,22.635,19.562,0.2312,0.0,country_area_weighted_mean,6,synthetic
2024-09-02,ISR,25.462,22.463,0.2071,0.0,country_area_weighted_mean,6,synthetic
2024-09-02,EGY,28.794,24.536,0.2209,0.0,country_area_weighted_mean,6,synthetic
2024-09-02,TUN,25.509,21.648,0.2403,0.0,country_area_weighted_mean,6,synthetic
2024-09-02,MAR,27.12,24.509,0.2628,0.0,country_area_weighted_mean,6,synthetic
2024-09-09,FRA,23.481,20.046,0.2289,0.0,country_area_weighted_mean,6,synthetic
2024-09-09,DEU,20.086,16.968,0.2414,0.0,country_area_weighted_mean,6,synthetic
2024-09-09,NLD,20.389,19.136,0.2419,0.0,country_area_weighted_mean,6,synthetic
2024-09-09,BEL,22.413,19.95,0.2254,0.0,country_area_weighted_mean,6,synthetic
2024-09-09,ITA,24.229,20.697,0.23,0.0,country_area_weighted_mean,6,synthetic
2024-09-09,ESP,24.124,21.629,0.2362,0.0,country_area_weighted_mean,6,synthetic
2024-09-09,POL,19.815,17.022,0.2597,0.0,country_area_weighted_mean,6,synthetic
2024-09-09,HUN,21.748,19.658,0.2141,0.0,country_area_weighted_mean,6,synthetic
2024-09-09,ROU,20.496,17.597,0.2578,0.0,country_area_weighted_mean,6,synthetic
2024-09-09,BGR,21.845,19.314,0.2692,0.0,country_area_weighted_mean,6,synthetic
2024-09-09,SRB,21.646,19.011,0.2646,0.0,country_area_weighted_mean,6,synthetic
2024-09-09,UKR,19.343,18.061,0.2651,0.0,country_area_weighted_mean,6,synthetic
2024-09-09,MDA,22.033,18.627,0.2034,0.0,country_area_weighted_mean,6,synthetic
2024-09-09,RUS,25.12,21.993,0.2387,0.0,country_area_weighted_mean,6,synthetic
2024-09-09,TUR,24.043,20.607,0.2323,0.0,country_area_weighted_mean,6,synthetic
2024-09-09,GEO,21.675,19.134,0.2343,0.0,country_area_weighted_mean,6,synthetic
2024-09-09,ISR,23.39,20.979,0.2391,0.0,country_area_weighted_mean,6,synthetic
2024-09-09,EGY,27.666,23.751,0.2339,0.0,country_area_weighted_mean,6,synthetic
2024-09-09,TUN,26.56,23.443,0.2689,0.0,country_area_weighted_mean,6,synthetic
2024-09-09,MAR,25.732,23.398,0.22,0.0,country_area_weighted_mean,6,synthetic
2024-09-16,FRA,23.269,19.921,0.3004,0.0,country_area_weighted_mean,6,synthetic
2024-09-16,DEU,19.2,16.479,0.2501,0.0,country_area_weighted_mean,6,synthetic
2024-09-16,NLD,19.396,17.079,0.2289,0.0,country_area_weighted_mean,6,synthetic
2024-09-16,BEL,19.293,18.063,0.227,0.0,country_area_weighted_mean,6,synthetic
2024-09-16,ITA,24.394,21.064,0.2316,0.0,country_area_weighted_mean,6,synthetic
2024-09-16,ESP,23.353,19.629,0.2267,0.0,country_area_weighted_mean,6,synthetic
2024-09-16,POL,20.334,18.492,0.2435,0.0,country_area_weighted_mean,6,synthetic
2024-09-16,HUN,20.807,17.527,0.2759,0.0,country_area_weighted_mean,6,synthetic
2024-09-16,ROU,20.327,18.359,0.2186,0.0,country_area_weighted_mean,6,synthetic
2024-09-16,BGR,19.288,16.367,0.2647,0.0,country_area_weighted_mean,6,synthetic
2024-09-16,SRB,20.622,19.035,0.2183,0.0,country_area_weighted_mean,6,synthetic
2024-09-16,UKR,20.782,17.978,0.2406,0.0,country_area_weighted_mean,6,synthetic
2024-09-16,MDA,19.499,17.264,0.2461,0.0,country_area_weighted_mean,6,synthetic
2024-09-16,RUS,21.864,19.422,0.2245,0.0,country_area_weighted_mean,6,synthetic
2024-09-16,TUR,21.447,19.219,0.1969,0.0,country_area_weighted_mean,6,synthetic
2024-09-16,GEO,20.527,17.401,0.2427,0.0,country_area_weighted_mean,6,synthetic
2024-09-16,ISR,23.841,21.376,0.2155,0.0,country_area_weighted_mean,6,synthetic
2024-09-16,EGY,27.777,24.075,0.2687,0.0,country_area_weighted_mean,6,synthetic
2024-09-16,TUN,24.951,21.827,0.2248,0.0,country_area_weighted_mean,6,synthetic
2024-09-16,MAR,24.46,21.321,0.2213,0.0,country_area_weighted_mean,6,synthetic
2024-09-23,FRA,22.193,19.525,0.2365,0.0,country_area_weighted_mean,6,synthetic
2024-09-23,DEU,17.564,15.939,0.2773,0.0,country_area_weighted_mean,6,synthetic
2024-09-23,NLD,16.505,15.279,0.2491,0.0,country_area_weighted_mean,6,synthetic
2024-09-23,BEL,18.766,16.918,0.218,0.0,country_area_weighted_mean,6,synthetic
2024-09-23,ITA,22.673,17.672,0.2402,0.0,country_area_weighted_mean,6,synthetic
2024-09-23,ESP,22.35,19.611,0.2295,0.0,country_area_weighted_mean,6,synthetic
2024-09-23,POL,18.216,16.889,0.2234,0.0,country_area_weighted_mean,6,synthetic
2024-09-23,HUN,20.431,17.256,0.244,0.0,country_area_weighted_mean,6,synthetic
2024-09-23,ROU,17.228,15.468,0.2389,0.0,country_area_weighted_mean,6,synthetic
2024-09-23,BGR,18.297,16.0,0.24,0.0,country_area_weighted_mean,6,synthetic
2024-09-23,SRB,22.736,19.068,0.2218,0.0,country_area_weighted_mean,6,synthetic
2024-09-23,UKR,19.257,16.741,0.2536,0.0,country_area_weighted_mean,6,synthetic
2024-09-23,MDA,17.79,16.369,0.2585,0.0,country_area_weighted_mean,6,synthetic
2024-09-23,RUS,17.709,15.606,0.2512,0.0,country_area_weighted_mean,6,synthetic
2024-09-23,TUR,22.2,18.378,0.2388,0.0,country_area_weighted_mean,6,synthetic
2024-09-23,GEO,18.944,17.08,0.2658,0.0,country_area_weighted_mean,6,synthetic
2024-09-23,ISR,20.239,18.366,0.1974,0.0,country_area_weighted_mean,6,synthetic
2024-09-23,EGY,24.072,22.278,0.2292,0.0,country_area_weighted_mean,6,synthetic
2024-09-23,TUN,25.812,23.333,0.2792,0.0,country_area_weighted_mean,6,synthetic
2024-09-23,MAR,23.179,18.85,0.24,0.0,country_area_weighted_mean,6,synthetic
2024-09-30,FRA,18.555,16.774,0.2614,0.0,country_area_weighted_mean,6,synthetic
2024-09-30,DEU,15.087,13.626,0.3487,0.0,country_area_weighted_mean,6,synthetic
2024-09-30,NLD,14.927,12.812,0.2737,0.0,country_area_weighted_mean,6,synthetic
2024-09-30,BEL,14.426,12.133,0.2716,0.0,country_area_weighted_mean,6,synthetic
2024-09-30,ITA,17.764,16.087,0.2088,0.0,country_area_weighted_mean,6,synthetic
2024-09-30,ESP,20.432,17.781,0.2307,0.0,country_area_weighted_mean,6,synthetic
2024-09-30,POL,14.883,14.113,0.246,0.0,country_area_weighted_mean,6,synthetic
2024-09-30,HUN,18.942,15.869,0.2301,0.0,country_area_weighted_mean,6,synthetic
2024-09-30,ROU,16.147,14.933,0.2082,0.0,country_area_weighted_mean,6,synthetic
2024-09-30,BGR,17.406,15.545,0.2628,0.0,country_area_weighted_mean,6,synthetic
2024-09-30,SRB,20.164,17.833,0.2493,0.0,country_area_weighted_mean,6,synthetic
2024-09-30,UKR,15.721,13.446,0.2177,0.0,country_area_weighted_mean,6,synthetic
2024-09-30,MDA,16.737,14.701,0.2545,0.0,country_area_weighted_mean,6,synthetic
2024-09-30,RUS,15.033,13.262,0.2524,0.0,country_area_weighted_mean,6,synthetic
2024-09-30,TUR,19.289,16.345,0.2379,0.0,country_area_weighted_mean,6,synthetic
2024-09-30,GEO,16.348,14.534,0.2108,0.0,country_area_weighted_mean,6,synthetic
2024-09-30,ISR,19.366,16.713,0.234,0.0,country_area_weighted_mean,6,synthetic
2024-09-30,EGY,23.074,21.347,0.2381,0.0,country_area_weighted_mean,6,synthetic
2024-09-30,TUN,23.938,21.346,0.2902,0.0,country_area_weighted_mean,6,synthetic
2024-09-30,MAR,20.118,17.525,0.2224,0.0,country_area_weighted_mean,6,synthetic
2024-10-07,FRA,18.652,16.09,0.2235,0.0,country_area_weighted_mean,6,synthetic
2024-10-07,DEU,13.576,12.501,0.2619,0.0,country_area_weighted_mean,6,synthetic
2024-10-07,NLD,13.35,11.964,0.2187,0.0,country_area_weighted_mean,6,synthetic
2024-10-07,BEL,12.594,11.653,0.2962,0.0,country_area_weighted_mean,6,synthetic
2024-10-07,ITA,17.216,14.858,0.2618,0.0,country_area_weighted_mean,6,synthetic
2024-10-07,ESP,16.725,15.137,0.2383,0.0,country_area_weighted_mean,6,synthetic
2024-10-07,POL,12.838,12.127,0.2668,0.0,country_area_weighted_mean,6,synthetic
2024-10-07,HUN,16.731,14.28,0.2604,0.0,country_area_weighted_mean,6,synthetic
2024-10-07,ROU,12.745,11.063,0.2522,0.0,country_area_weighted_mean,6,synthetic
2024-10-07,BGR,14.692,11.657,0.2785,0.0,country_area_weighted_mean,6,synthetic
2024-10-07,SRB,17.996,15.01,0.2649,0.0,country_area_weighted_mean,6,synthetic
2024-10-07,UKR,16.02,13.119,0.2665,0.0,country_area_weighted_mean,6,synthetic
2024-10-07,MDA,13.202,11.262,0.2653,0.0,country_area_weighted_mean,6,synthetic
2024-10-07,RUS,13.991,12.278,0.3127,0.0,country_area_weighted_mean,6,synthetic
2024-10-07,TUR,17.992,15.904,0.2823,0.0,country_area_weighted_mean,6,synthetic
2024-10-07,GEO,15.596,13.789,0.2137,0.0,country_area_weighted_mean,6,synthetic
2024-10-07,ISR,16.923,14.404,0.2342,0.0,country_area_weighted_mean,6,synthetic
2024-10-07,EGY,21.677,18.245,0.2457,0.0,country_area_weighted_mean,6,synthetic
2024-10-07,TUN,23.716,20.007,0.2397,0.0,country_area_weighted_mean,6,synthetic
2024-10-07,MAR,18.91,17.662,0.2315,0.0,country_area_weighted_mean,6,synthetic
2024-10-14,FRA,17.865,16.7,0.2315,0.0,country_area_weighted_mean,6,synthetic
2024-10-14,DEU,11.293,10.74,0.302,0.0,country_area_weighted_mean,6,synthetic
2024-10-14,NLD,12.495,11.099,0.2505,0.0,country_area_weighted_mean,6,synthetic
2024-10-14,BEL,11.146,10.16,0.227,0.0,country_area_weighted_mean,6,synthetic
2024-10-14,ITA,17.094,15.289,0.2524,0.0,country_area_weighted_mean,6,synthetic
2024-10-14,ESP,16.757,14.421,0.2242,0.0,country_area_weighted_mean,6,synthetic
2024-10-14,POL,12.613,10.384,0.2575,0.0,country_area_weighted_mean,6,synthetic
2024-10-14,HUN,13.588,12.233,0.2671,0.0,country_area_weighted_mean,6,synthetic
2024-10-14,ROU,12.861,11.261,0.2926,0.0,country_area_weighted_mean,6,synthetic
2024-10-14,BGR,11.11,10.057,0.3131,0.0,country_area_weighted_mean,6,synthetic
2024-10-14,SRB,15.719,13.49,0.2399,0.0,country_area_weighted_mean,6,synthetic
2024-10-14,UKR,13.143,10.89,0.2811,0.0,country_area_weighted_mean,6,synthetic
2024-10-14,MDA,9.501,9.334,0.3533,0.0,country_area_weighted_mean,6,synthetic
2024-10-14,RUS,7.629,7.541,0.24,0.0,country_area_weighted_mean,6,synthetic
2024-10-14,TUR,17.991,14.998,0.2543,0.0,country_area_weighted_mean,6,synthetic
2024-10-14,GEO,13.999,12.849,0.2304,0.0,country_area_weighted_mean,6,synthetic
2024-10-14,ISR,17.604,15.377,0.2392,0.0,country_area_weighted_mean,6,synthetic
2024-10-14,EGY,18.198,16.31,0.2153,0.0,country_area_weighted_mean,6,synthetic
2024-10-14,TUN,19.832,16.207,0.3039,0.0,country_area_weighted_mean,6,synthetic
2024-10-14,MAR,18.117,16.224,0.2631,0.0,country_area_weighted_mean,6,synthetic
2024-10-21,FRA,14.607,12.228,0.2592,0.0,country_area_weighted_mean,6,synthetic
2024-10-21,DEU,11.347,9.651,0.3096,0.0,country_area_weighted_mean,6,synthetic
2024-10-21,NLD,9.104,8.918,0.2481,0.0,country_area_weighted_mean,6,synthetic
2024-10-21,BEL,8.498,7.171,0.2876,0.0,country_area_weighted_mean,6,synthetic
2024-10-21,ITA,12.106,10.286,0.2406,0.0,country_area_weighted_mean,6,synthetic
2024-10-21,ESP,15.873,13.329,0.2216,0.0,country_area_weighted_mean,6,synthetic
2024-10-21,POL,7.706,8.825,0.2686,0.0,country_area_weighted_mean,6,synthetic
2024-10-21,HUN,12.929,11.877,0.2556,0.0,country_area_weighted_mean,6,synthetic
2024-10-21,ROU,11.708,10.439,0.3157,0.0,country_area_weighted_mean,6,synthetic
2024-10-21,BGR,11.453,10.532,0.2883,0.0,country_area_weighted_mean,6,synthetic
2024-10-21,SRB,11.348,9.88,0.2827,0.0,country_area_weighted_mean,6,synthetic
2024-10-21,UKR,9.606,9.497,0.3438,0.0,country_area_weighted_mean,6,synthetic
2024-10-21,MDA,10.179,9.568,0.3106,0.0,country_area_weighted_mean,6,synthetic
2024-10-21,RUS,6.747,5.722,0.2892,0.0,country_area_weighted_mean,6,synthetic
2024-10-21,TUR,16.446,14.11,0.2675,0.0,country_area_weighted_mean,6,synthetic
2024-10-21,GEO,13.462,13.176,0.2607,0.0,country_area_weighted_mean,6,synthetic
2024-10-21,ISR,17.031,15.123,0.2879,0.0,country_area_weighted_mean,6,synthetic
2024-10-21,EGY,15.16,13.727,0.2336,0.0,country_area_weighted_mean,6,synthetic
2024-10-21,TUN,17.851,15.858,0.2395,0.0,country_area_weighted_mean,6,synthetic
2024-10-21,MAR,18.203,16.604,0.2713,0.0,country_area_weighted_mean,6,synthetic
2024-10-28,FRA,11.428,10.003,0.2981,0.0,country_area_weighted_mean,6,synthetic
2024-10-28,DEU,8.326,7.004,0.3034,0.0,country_area_weighted_mean,6,synthetic
2024-10-28,NLD,7.245,5.939,0.2435,0.0,country_area_weighted_mean,6,synthetic
2024-10-28,BEL,6.954,6.461,0.31,0.0,country_area_weighted_mean,6,synthetic
2024-10-28,ITA,11.529,10.529,0.2564,0.0,country_area_weighted_mean,6,synthetic
2024-10-28,ESP,13.661,12.068,0.2688,0.0,country_area_weighted_mean,6,synthetic
2024-10-28,POL,5.507,6.134,0.2774,0.0,country_area_weighted_mean,6,synthetic
2024-10-28,HUN,10.048,8.455,0.2346,0.0,country_area_weighted_mean,6,synthetic
2024-10-28,ROU,8.141,7.94,0.2463,0.0,country_area_weighted_mean,6,synthetic
2024-10-28,BGR,10.438,8.962,0.2063,0.0,country_area_weighted_mean,6,synthetic
2024-10-28,SRB,12.713,11.131,0.2967,0.0,country_area_weighted_mean,6,synthetic
2024-10-28,UKR,8.265,7.191,0.2972,0.0,country_area_weighted_mean,6,synthetic
2024-10-28,MDA,8.467,8.263,0.2588,0.0,country_area_weighted_mean,6,synthetic
2024-10-28,RUS,4.405,4.557,0.3475,0.0,country_area_weighted_mean,6,synthetic
2024-10-28,TUR,12.697,11.817,0.262,0.0,country_area_weighted_mean,6,synthetic
2024-10-28,GEO,13.889,12.1,0.2561,0.0,country_area_weighted_mean,6,synthetic
2024-10-28,ISR,14.184,12.884,0.2892,0.0,country_area_weighted_mean,6,synthetic
2024-10-28,EGY,16.125,14.259,0.3043,0.0,country_area_weighted_mean,6,synthetic
2024-10-28,TUN,17.265,14.539,0.2684,0.0,country_area_weighted_mean,6,synthetic
2024-10-28,MAR,16.887,14.518,0.2833,0.0,country_area_weighted_mean,6,synthetic
2024-11-04,FRA,9.172,8.941,0.3065,0.0,country_area_weighted_mean,6,synthetic
2024-11-04,DEU,7.584,6.322,0.3126,0.0,country_area_weighted_mean,6,synthetic
2024-11-04,NLD,4.119,3.901,0.2636,0.0,country_area_weighted_mean,6,synthetic
2024-11-04,BEL,5.471,5.543,0.3148,0.0,country_area_weighted_mean,6,synthetic
2024-11-04,ITA,9.492,8.015,0.2408,0.0,country_area_weighted_mean,6,synthetic
2024-11-04,ESP,13.181,11.272,0.2725,0.0,country_area_weighted_mean,6,synthetic
2024-11-04,POL,4.472,4.837,0.2633,0.0,country_area_weighted_mean,6,synthetic
2024-11-04,HUN,8.603,6.644,0.2709,0.0,country_area_weighted_mean,6,synthetic
2024-11-04,ROU,8.402,7.089,0.2703,0.0,country_area_weighted_mean,6,synthetic
2024-11-04,BGR,9.116,9.208,0.3407,0.0,country_area_weighted_mean,6,synthetic
2024-11-04,SRB,10.494,9.632,0.293,0.0,country_area_weighted_mean,6,synthetic
2024-11-04,UKR,6.835,6.292,0.3086,0.0,country_area_weighted_mean,6,synthetic
2024-11-04,MDA,7.49,7.114,0.2468,0.0,country_area_weighted_mean,6,synthetic
2024-11-04,RUS,2.007,2.115,0.2848,0.0141,country_area_weighted_mean,6,synthetic
2024-11-04,TUR,10.277,10.588,0.2782,0.0,country_area_weighted_mean,6,synthetic
2024-11-04,GEO,12.207,10.044,0.2933,0.0,country_area_weighted_mean,6,synthetic
2024-11-04,ISR,13.523,12.553,0.3186,0.0,country_area_weighted_mean,6,synthetic
2024-11-04,EGY,17.657,15.883,0.2648,0.0,country_area_weighted_mean,6,synthetic
2024-11-04,TUN,16.239,15.262,0.2576,0.0,country_area_weighted_mean,6,synthetic
2024-11-04,MAR,15.492,13.398,0.2706,0.0,country_area_weighted_mean,6,synthetic
2024-11-11,FRA,7.824,7.715,0.2707,0.0,country_area_weighted_mean,6,synthetic
2024-11-11,DEU,4.948,3.876,0.4093,0.0,country_area_weighted_mean,6,synthetic
2024-11-11,NLD,1.252,2.134,0.3124,0.0196,country_area_weighted_mean,6,synthetic
2024-11-11,BEL,4.705,3.611,0.2987,0.0,country_area_weighted_mean,6,synthetic
2024-11-11,ITA,9.141,9.135,0.2694,0.0,country_area_weighted_mean,6,synthetic
2024-11-11,ESP,9.513,7.968,0.2531,0.0,country_area_weighted_mean,6,synthetic
2024-11-11,POL,4.639,4.768,0.2703,0.0,country_area_weighted_mean,6,synthetic
2024-11-11,HUN,5.557,5.877,0.3028,0.0,country_area_weighted_mean,6,synthetic
2024-11-11,ROU,7.975,8.97,0.2856,0.0,country_area_weighted_mean,6,synthetic
2024-11-11,BGR,7.201,5.097,0.3294,0.0,country_area_weighted_mean,6,synthetic
2024-11-11,SRB,8.963,8.038,0.3349,0.0,country_area_weighted_mean,6,synthetic
2024-11-11,UKR,7.143,5.842,0.2931,0.0,country_area_weighted_mean,6,synthetic
2024-11-11,MDA,7.284,5.839,0.2383,0.0,country_area_weighted_mean,6,synthetic
2024-11-11,RUS,0.15,1.299,0.3529,0.0326,country_area_weighted_mean,6,synthetic
2024-11-11,TUR,11.372,11.474,0.286,0.0,country_area_weighted_mean,6,synthetic
2024-11-11,GEO,9.325,8.472,0.2266,0.0,country_area_weighted_mean,6,synthetic
2024-11-11,ISR,12.862,11.225,0.3534,0.0,country_area_weighted_mean,6,synthetic
2024-11-11,EGY,16.215,13.864,0.2547,0.0,country_area_weighted_mean,6,synthetic
2024-11-11,TUN,12.191,11.449,0.2536,0.0,country_area_weighted_mean,6,synthetic
2024-11-11,MAR,14.162,12.567,0.2441,0.0,country_area_weighted_mean,6,synthetic
2024-11-18,FRA,3.558,2.641,0.2888,0.0,country_area_weighted_mean,6,synthetic
2024-11-18,DEU,2.639,2.365,0.2969,0.0,country_area_weighted_mean,6,synthetic
2024-11-18,NLD,-0.187,0.566,0.2805,0.0335,country_area_weighted_mean,6,synthetic
2024-11-18,BEL,3.031,2.292,0.352,0.0,country_area_weighted_mean,6,synthetic
2024-11-18,ITA,7.183,6.533,0.2512,0.0,country_area_weighted_mean,6,synthetic
2024-11-18,ESP,7.369,6.731,0.252,0.0,country_area_weighted_mean,6,synthetic
2024-11-18,POL,0.447,1.477,0.24,0.0229,country_area_weighted_mean,6,synthetic
2024-11-18,HUN,0.337,2.631,0.3276,0.025,country_area_weighted_mean,6,synthetic
2024-11-18,ROU,6.3,5.811,0.3231,0.0,country_area_weighted_mean,6,synthetic
2024-11-18,BGR,5.775,4.988,0.3091,0.0,country_area_weighted_mean,6,synthetic
2024-11-18,SRB,7.141,6.594,0.3586,0.0,country_area_weighted_mean,6,synthetic
2024-11-18,UKR,0.712,1.249,0.2599,0.0177,country_area_weighted_mean,6,synthetic
2024-11-18,MDA,5.396,5.326,0.3429,0.0,country_area_weighted_mean,6,synthetic
2024-11-18,RUS,-1.557,-1.446,0.3419,0.059,country_area_weighted_mean,6,synthetic
2024-11-18,TUR,9.028,7.428,0.265,0.0,country_area_weighted_mean,6,synthetic
2024-11-18,GEO,9.551,8.807,0.2134,0.0,country_area_weighted_mean,6,synthetic
2024-11-18,ISR,10.539,9.516,0.2304,0.0,country_area_weighted_mean,6,synthetic
2024-11-18,EGY,13.528,11.879,0.3161,0.0,country_area_weighted_mean,6,synthetic
2024-11-18,TUN,11.705,11.137,0.2759,0.0,country_area_weighted_mean,6,synthetic
2024-11-18,MAR,11.11,9.276,0.2954,0.0,country_area_weighted_mean,6,synthetic
2024-11-25,FRA,0.733,0.229,0.2749,0.0258,country_area_weighted_mean,6,synthetic
2024-11-25,DEU,1.133,1.927,0.2925,0.0273,country_area_weighted_mean,6,synthetic
2024-11-25,NLD,-1.324,0.005,0.4173,0.0476,country_area_weighted_mean,6,synthetic
2024-11-25,BEL,2.228,3.651,0.2996,0.0,country_area_weighted_mean,6,synthetic
2024-11-25,ITA,5.583,6.707,0.2802,0.0,country_area_weighted_mean,6,synthetic
2024-11-25,ESP,6.614,5.889,0.3419,0.0,country_area_weighted_mean,6,synthetic
2024-11-25,POL,0.924,1.786,0.244,0.0199,country_area_weighted_mean,6,synthetic
2024-11-25,HUN,-1.408,-1.547,0.2558,0.0651,country_area_weighted_mean,6,synthetic
2024-11-25,ROU,4.61,4.175,0.3048,0.0,country_area_weighted_mean,6,synthetic
2024-11-25,BGR,3.014,3.534,0.3228,0.0031,country_area_weighted_mean,6,synthetic
2024-11-25,SRB,4.472,4.133,0.3086,0.0,country_area_weighted_mean,6,synthetic
2024-11-25,UKR,-1.305,-1.346,0.2729,0.046,country_area_weighted_mean,6,synthetic
2024-11-25,MDA,3.918,3.339,0.3839,0.0,country_area_weighted_mean,6,synthetic
2024-11-25,RUS,-6.835,-4.531,0.3913,0.1065,country_area_weighted_mean,6,synthetic
2024-11-25,TUR,5.58,4.373,0.2755,0.0,country_area_weighted_mean,6,synthetic
2024-11-25,GEO,7.047,7.827,0.2619,0.0,country_area_weighted_mean,6,synthetic
2024-11-25,ISR,9.966,10.143,0.2246,0.0,country_area_weighted_mean,6,synthetic
2024-11-25,EGY,13.676,11.712,0.2696,0.0,country_area_weighted_mean,6,synthetic
2024-11-25,TUN,9.12,8.061,0.2605,0.0,country_area_weighted_mean,6,synthetic
2024-11-25,MAR,9.046,8.149,0.3142,0.0,country_area_weighted_mean,6,synthetic
2024-12-02,FRA,0.397,1.146,0.2747,0.0352,country_area_weighted_mean,6,synthetic
2024-12-02,DEU,-0.8,-0.179,0.2699,0.0333,country_area_weighted_mean,6,synthetic
2024-12-02,NLD,-4.067,-3.622,0.3729,0.0872,country_area_weighted_mean,6,synthetic
2024-12-02,BEL,-0.901,-0.84,0.2927,0.0553,country_area_weighted_mean,6,synthetic
2024-12-02,ITA,5.034,4.514,0.2912,0.0,country_area_weighted_mean,6,synthetic
2024-12-02,ESP,6.682,5.874,0.2621,0.0,country_area_weighted_mean,6,synthetic
2024-12-02,POL,-0.278,0.26,0.2683,0.0338,country_area_weighted_mean,6,synthetic
2024-12-02,HUN,-2.908,-1.927,0.3118,0.0544,country_area_weighted_mean,6,synthetic
2024-12-02,ROU,2.78,2.582,0.3184,0.0024,country_area_weighted_mean,6,synthetic
2024-12-02,BGR,3.587,4.007,0.2412,0.0,country_area_weighted_mean,6,synthetic
2024-12-02,SRB,3.197,2.577,0.3757,0.0,country_area_weighted_mean,6,synthetic
2024-12-02,UKR,-3.031,-2.147,0.2922,0.0683,country_area_weighted_mean,6,synthetic
2024-12-02,MDA,3.81,2.919,0.3617,0.0,country_area_weighted_mean,6,synthetic
2024-12-02,RUS,-8.33,-5.408,0.3575,0.1278,country_area_weighted_mean,6,synthetic
2024-12-02,TUR,4.753,4.429,0.2507,0.0,country_area_weighted_mean,6,synthetic
2024-12-02,GEO,5.332,5.523,0.2765,0.0,country_area_weighted_mean,6,synthetic
2024-12-02,ISR,5.963,6.373,0.2824,0.0,country_area_weighted_mean,6,synthetic
2024-12-02,EGY,11.013,8.792,0.3938,0.0,country_area_weighted_mean,6,synthetic
2024-12-02,TUN,5.838,5.756,0.2881,0.0,country_area_weighted_mean,6,synthetic
2024-12-02,MAR,10.994,9.841,0.2867,0.0,country_area_weighted_mean,6,synthetic
2024-12-09,FRA,-1.255,-0.641,0.2756,0.0441,country_area_weighted_mean,6,synthetic
2024-12-09,DEU,-1.433,-0.794,0.2697,0.0462,country_area_weighted_mean,6,synthetic
2024-12-09,NLD,-4.522,-4.257,0.3271,0.0839,country_area_weighted_mean,6,synthetic
2024-12-09,BEL,-1.873,-0.918,0.3585,0.0436,country_area_weighted_mean,6,synthetic
2024-12-09,ITA,1.157,1.115,0.2885,0.0247,country_area_weighted_mean,6,synthetic
2024-12-09,ESP,5.347,4.85,0.283,0.0,country_area_weighted_mean,6,synthetic
2024-12-09,POL,0.258,0.231,0.2662,0.0479,country_area_weighted_mean,6,synthetic
2024-12-09,HUN,-1.798,-0.343,0.3168,0.0551,country_area_weighted_mean,6,synthetic
2024-12-09,ROU,-0.954,-0.298,0.2834,0.043,country_area_weighted_mean,6,synthetic
2024-12-09,BGR,1.636,3.084,0.2426,0.0037,country_area_weighted_mean,6,synthetic
2024-12-09,SRB,1.249,1.262,0.3331,0.0271,country_area_weighted_mean,6,synthetic
2024-12-09,UKR,-3.995,-2.327,0.2735,0.0754,country_area_weighted_mean,6,synthetic
2024-12-09,MDA,0.757,1.079,0.4585,0.0239,country_area_weighted_mean,6,synthetic
2024-12-09,RUS,-6.821,-4.459,0.3251,0.1128,country_area_weighted_mean,6,synthetic
2024-12-09,TUR,4.096,3.735,0.2984,0.0,country_area_weighted_mean,6,synthetic
2024-12-09,GEO,2.002,2.54,0.291,0.0,country_area_weighted_mean,6,synthetic
2024-12-09,ISR,6.128,5.146,0.3251,0.0,country_area_weighted_mean,6,synthetic
2024-12-09,EGY,10.965,9.793,0.4491,0.0,country_area_weighted_mean,6,synthetic
2024-12-09,TUN,4.252,6.419,0.3148,0.0,country_area_weighted_mean,6,synthetic
2024-12-09,MAR,10.816,9.694,0.3327,0.0,country_area_weighted_mean,6,synthetic
2024-12-16,FRA,-3.299,-2.793,0.3435,0.0666,country_area_weighted_mean,6,synthetic
2024-12-16,DEU,-5.205,-3.627,0.2567,0.0933,country_area_weighted_mean,6,synthetic
2024-12-16,NLD,-6.39,-4.649,0.332,0.114,country_area_weighted_mean,6,synthetic
2024-12-16,BEL,-2.42,-2.209,0.2891,0.0699,country_area_weighted_mean,6,synthetic
2024-12-16,ITA,1.224,1.041,0.2723,0.0207,country_area_weighted_mean,6,synthetic
2024-12-16,ESP,3.832,3.903,0.2683,0.0,country_area_weighted_mean,6,synthetic
2024-12-16,POL,-2.185,-0.565,0.3466,0.0578,country_area_weighted_mean,6,synthetic
2024-12-16,HUN,-2.896,-1.91,0.3032,0.0682,country_area_weighted_mean,6,synthetic
2024-12-16,ROU,0.715,0.386,0.3233,0.0248,country_area_weighted_mean,6,synthetic
2024-12-16,BGR,2.071,1.809,0.35,0.016,country_area_weighted_mean,6,synthetic
2024-12-16,SRB,0.015,0.691,0.3175,0.0383,country_area_weighted_mean,6,synthetic
2024-12-16,UKR,-4.37,-3.784,0.3193,0.0847,country_area_weighted_mean,6,synthetic
2024-12-16,MDA,-1.147,-0.122,0.4133,0.0508,country_area_weighted_mean,6,synthetic
2024-12-16,RUS,-6.937,-4.944,0.3235,0.1171,country_area_weighted_mean,6,synthetic
2024-12-16,TUR,1.475,1.501,0.3322,0.0118,country_area_weighted_mean,6,synthetic
2024-12-16,GEO,2.868,2.271,0.2643,0.0072,country_area_weighted_mean,6,synthetic
2024-12-16,ISR,4.884,4.737,0.2681,0.0,country_area_weighted_mean,6,synthetic
2024-12-16,EGY,11.306,9.862,0.3205,0.0,country_area_weighted_mean,6,synthetic
2024-12-16,TUN,3.287,3.601,0.4191,0.0,country_area_weighted_mean,6,synthetic
2024-12-16,MAR,8.961,8.093,0.2954,0.0,country_area_weighted_mean,6,synthetic
2024-12-23,FRA,-3.616,-2.5,0.4073,0.0876,country_area_weighted_mean,6,synthetic
2024-12-23,DEU,-4.732,-4.123,0.2684,0.0899,country_area_weighted_mean,6,synthetic
2024-12-23,NLD,-5.101,-4.809,0.2514,0.1073,country_area_weighted_mean,6,synthetic
2024-12-23,BEL,-5.987,-3.944,0.3048,0.0951,country_area_weighted_mean,6,synthetic
2024-12-23,ITA,-1.312,-1.724,0.2775,0.0481,country_area_weighted_mean,6,synthetic
2024-12-23,ESP,3.811,3.804,0.2828,0.0,country_area_weighted_mean,6,synthetic
2024-12-23,POL,-5.113,-2.832,0.4578,0.0954,country_area_weighted_mean,6,synthetic
2024-12-23,HUN,-2.849,-2.607,0.3199,0.0794,country_area_weighted_mean,6,synthetic
2024-12-23,ROU,-1.962,-0.62,0.361,0.0519,country_area_weighted_mean,6,synthetic
2024-12-23,BGR,0.558,1.044,0.3016,0.0336,country_area_weighted_mean,6,synthetic
2024-12-23,SRB,-1.859,-1.795,0.3864,0.0529,country_area_weighted_mean,6,synthetic
2024-12-23,UKR,-4.158,-3.414,0.3072,0.0888,country_area_weighted_mean,6,synthetic
2024-12-23,MDA,0.096,0.795,0.4745,0.0388,country_area_weighted_mean,6,synthetic
2024-12-23,RUS,-6.452,-5.489,0.2899,0.111,country_area_weighted_mean,6,synthetic
2024-12-23,TUR,1.456,1.924,0.2897,0.02,country_area_weighted_mean,6,synthetic
2024-12-23,GEO,1.476,1.519,0.3048,0.0189,country_area_weighted_mean,6,synthetic
2024-12-23,ISR,5.247,4.656,0.3017,0.0,country_area_weighted_mean,6,synthetic
2024-12-23,EGY,11.88,10.441,0.2986,0.0,country_area_weighted_mean,6,synthetic
2024-12-23,TUN,3.027,2.634,0.4622,0.0023,country_area_weighted_mean,6,synthetic
2024-12-23,MAR,7.514,7.435,0.3611,0.0,country_area_weighted_mean,6,synthetic
2024-12-30,FRA,-5.181,-3.73,0.449,0.095,country_area_weighted_mean,6,synthetic
2024-12-30,DEU,-5.928,-5.327,0.3452,0.113,country_area_weighted_mean,6,synthetic
2024-12-30,NLD,-8.533,-6.42,0.219,0.13,country_area_weighted_mean,6,synthetic
2024-12-30,BEL,-7.875,-6.692,0.3339,0.1192,country_area_weighted_mean,6,synthetic
2024-12-30,ITA,-2.578,-2.073,0.3022,0.0698,country_area_weighted_mean,6,synthetic
2024-12-30,ESP,1.621,1.41,0.351,0.01,country_area_weighted_mean,6,synthetic
2024-12-30,POL,-6.904,-6.163,0.3349,0.1193,country_area_weighted_mean,6,synthetic
2024-12-30,HUN,-4.194,-2.23,0.3031,0.0877,country_area_weighted_mean,6,synthetic
2024-12-30,ROU,-4.264,-2.817,0.2667,0.0819,country_area_weighted_mean,6,synthetic
2024-12-30,BGR,-0.837,-0.886,0.2861,0.0567,country_area_weighted_mean,6,synthetic
2024-12-30,SRB,-1.797,-0.182,0.4018,0.0542,country_area_weighted_mean,6,synthetic
2024-12-30,UKR,-3.928,-2.778,0.4303,0.0741,country_area_weighted_mean,6,synthetic
2024-12-30,MDA,-4.369,-3.584,0.3451,0.0809,country_area_weighted_mean,6,synthetic
2024-12-30,RUS,-7.779,-6.747,0.2799,0.1317,country_area_weighted_mean,6,synthetic
2024-12-30,TUR,1.953,1.845,0.3719,0.0112,country_area_weighted_mean,6,synthetic
2024-12-30,GEO,-0.263,-0.139,0.3241,0.034,country_area_weighted_mean,6,synthetic
2024-12-30,ISR,3.361,2.542,0.3601,0.0,country_area_weighted_mean,6,synthetic
2024-12-30,EGY,11.013,9.728,0.3339,0.0,country_area_weighted_mean,6,synthetic
2024-12-30,TUN,3.738,2.732,0.3068,0.0,country_area_weighted_mean,6,synthetic
2024-12-30,MAR,6.597,6.733,0.3344,0.0,country_area_weighted_mean,6,synthetic
2025-01-06,FRA,-7.161,-4.575,0.3229,0.1142,country_area_weighted_mean,6,synthetic
2025-01-06,DEU,-7.721,-5.712,0.3396,0.1355,country_area_weighted_mean,6,synthetic
2025-01-06,NLD,-9.955,-8.341,0.3057,0.1511,country_area_weighted_mean,6,synthetic
2025-01-06,BEL,-8.609,-7.642,0.3756,0.1378,country_area_weighted_mean,6,synthetic
2025-01-06,ITA,-3.781,-3.596,0.5127,0.0755,country_area_weighted_mean,6,synthetic
2025-01-06,ESP,0.089,0.749,0.3631,0.0326,country_area_weighted_mean,6,synthetic
2025-01-06,POL,-7.222,-6.816,0.346,0.1308,country_area_weighted_mean,6,synthetic
2025-01-06,HUN,-5.522,-4.786,0.2642,0.1089,country_area_weighted_mean,6,synthetic
2025-01-06,ROU,-2.858,-1.239,0.2884,0.0671,country_area_weighted_mean,6,synthetic
2025-01-06,BGR,-0.843,0.056,0.3307,0.0459,country_area_weighted_mean,6,synthetic
2025-01-06,SRB,-3.862,-2.664,0.2745,0.0749,country_area_weighted_mean,6,synthetic
2025-01-06,UKR,-3.831,-3.154,0.4408,0.0793,country_area_weighted_mean,6,synthetic
2025-01-06,MDA,-2.502,-1.424,0.3812,0.0717,country_area_weighted_mean,6,synthetic
2025-01-06,RUS,-7.813,-6.834,0.3176,0.1276,country_area_weighted_mean,6,synthetic
2025-01-06,TUR,-1.001,0.009,0.4039,0.0333,country_area_weighted_mean,6,synthetic
2025-01-06,GEO,0.919,1.086,0.3492,0.0172,country_area_weighted_mean,6,synthetic
2025-01-06,ISR,2.885,2.42,0.3208,0.0,country_area_weighted_mean,6,synthetic
2025-01-06,EGY,8.558,8.032,0.2634,0.0,country_area_weighted_mean,6,synthetic
2025-01-06,TUN,2.843,3.585,0.3536,0.0,country_area_weighted_mean,6,synthetic
2025-01-06,MAR,5.816,4.865,0.3658,0.0,country_area_weighted_mean,6,synthetic
2025-01-13,FRA,-5.408,-3.75,0.3351,0.1064,country_area_weighted_mean,6,synthetic
2025-01-13,DEU,-8.652,-6.404,0.3949,0.1295,country_area_weighted_mean,6,synthetic
2025-01-13,NLD,-10.433,-8.093,0.3109,0.1475,country_area_weighted_mean,6,synthetic
2025-01-13,BEL,-8.214,-6.049,0.3751,0.1323,country_area_weighted_mean,6,synthetic
2025-01-13,ITA,-3.207,-1.735,0.3196,0.0821,country_area_weighted_mean,6,synthetic
2025-01-13,ESP,-0.526,-0.563,0.3098,0.042,country_area_weighted_mean,6,synthetic
2025-01-13,POL,-10.926,-8.126,0.2923,0.1519,country_area_weighted_mean,6,synthetic
2025-01-13,HUN,-7.011,-5.423,0.2807,0.1173,country_area_weighted_mean,6,synthetic
2025-01-13,ROU,-5.981,-4.689,0.2936,0.105,country_area_weighted_mean,6,synthetic
2025-01-13,BGR,1.494,1.128,0.2799,0.0206,country_area_weighted_mean,6,synthetic
2025-01-13,SRB,-3.384,-2.317,0.2833,0.0741,country_area_weighted_mean,6,synthetic
2025-01-13,UKR,-4.748,-3.891,0.3603,0.0987,country_area_weighted_mean,6,synthetic
2025-01-13,MDA,-3.393,-2.794,0.367,0.0898,country_area_weighted_mean,6,synthetic
2025-01-13,RUS,-9.756,-7.524,0.3761,0.1515,country_area_weighted_mean,6,synthetic
2025-01-13,TUR,0.329,0.139,0.3986,0.0422,country_area_weighted_mean,6,synthetic
2025-01-13,GEO,-0.765,0.204,0.3054,0.0383,country_area_weighted_mean,6,synthetic
2025-01-13,ISR,3.008,2.517,0.273,0.0,country_area_weighted_mean,6,synthetic
2025-01-13,EGY,8.326,7.173,0.3679,0.0,country_area_weighted_mean,6,synthetic
2025-01-13,TUN,1.479,2.326,0.3098,0.0019,country_area_weighted_mean,6,synthetic
2025-01-13,MAR,4.082,3.501,0.2511,0.0,country_area_weighted_mean,6,synthetic
2025-01-20,FRA,-3.908,-3.405,0.3705,0.0878,country_area_weighted_mean,6,synthetic
2025-01-20,DEU,-8.3,-5.851,0.5348,0.1263,country_area_weighted_mean,6,synthetic
2025-01-20,NLD,-9.027,-5.993,0.3333,0.1434,country_area_weighted_mean,6,synthetic
2025-01-20,BEL,-10.268,-7.702,0.3599,0.148,country_area_weighted_mean,6,synthetic
2025-01-20,ITA,-1.681,-1.363,0.3143,0.0624,country_area_weighted_mean,6,synthetic
2025-01-20,ESP,-1.306,-0.568,0.2727,0.0525,country_area_weighted_mean,6,synthetic
2025-01-20,POL,-11.631,-8.244,0.325,0.1646,country_area_weighted_mean,6,synthetic
2025-01-20,HUN,-6.83,-4.379,0.2853,0.1066,country_area_weighted_mean,6,synthetic
2025-01-20,ROU,-6.018,-4.837,0.3477,0.1025,country_area_weighted_mean,6,synthetic
2025-01-20,BGR,-0.68,-0.061,0.3123,0.0367,country_area_weighted_mean,6,synthetic
2025-01-20,SRB,-3.101,-1.773,0.3347,0.0714,country_area_weighted_mean,6,synthetic
2025-01-20,UKR,-7.367,-5.135,0.3054,0.114,country_area_weighted_mean,6,synthetic
2025-01-20,MDA,-3.608,-1.937,0.3884,0.077,country_area_weighted_mean,6,synthetic
2025-01-20,RUS,-8.937,-6.443,0.4849,0.1362,country_area_weighted_mean,6,synthetic
2025-01-20,TUR,-1.681,-0.579,0.3846,0.0488,country_area_weighted_mean,6,synthetic
2025-01-20,GEO,0.642,1.316,0.3498,0.0223,country_area_weighted_mean,6,synthetic
2025-01-20,ISR,2.642,2.974,0.2527,0.0092,country_area_weighted_mean,6,synthetic
2025-01-20,EGY,8.563,7.814,0.3414,0.0,country_area_weighted_mean,6,synthetic
2025-01-20,TUN,2.234,3.228,0.2553,0.003,country_area_weighted_mean,6,synthetic
2025-01-20,MAR,4.803,5.141,0.4146,0.0,country_area_weighted_mean,6,synthetic
2025-01-27,FRA,-4.376,-2.042,0.291,0.087,country_area_weighted_mean,6,synthetic
2025-01-27,DEU,-7.038,-4.651,0.3381,0.1164,country_area_weighted_mean,6,synthetic
2025-01-27,NLD,-7.148,-5.452,0.4867,0.1239,country_area_weighted_mean,6,synthetic
2025-01-27,BEL,-9.843,-7.892,0.3566,0.1532,country_area_weighted_mean,6,synthetic
2025-01-27,ITA,-1.663,-0.942,0.3182,0.062,country_area_weighted_mean,6,synthetic
2025-01-27,ESP,-2.64,-1.29,0.261,0.0576,country_area_weighted_mean,6,synthetic
2025-01-27,POL,-9.045,-6.091,0.4399,0.1437,country_area_weighted_mean,6,synthetic
2025-01-27,HUN,-5.265,-4.133,0.3709,0.0906,country_area_weighted_mean,6,synthetic
2025-01-27,ROU,-5.81,-3.351,0.2983,0.1002,country_area_weighted_mean,6,synthetic
2025-01-27,BGR,-2.705,-2.873,0.3979,0.0666,country_area_weighted_mean,6,synthetic
2025-01-27,SRB,-3.345,-1.68,0.3714,0.0625,country_area_weighted_mean,6,synthetic
2025-01-27,UKR,-7.03,-6.153,0.3775,0.1175,country_area_weighted_mean,6,synthetic
2025-01-27,MDA,-2.617,-1.847,0.4212,0.0715,country_area_weighted_mean,6,synthetic
2025-01-27,RUS,-9.66,-7.276,0.5199,0.141,country_area_weighted_mean,6,synthetic
2025-01-27,TUR,-0.738,0.668,0.3875,0.0376,country_area_weighted_mean,6,synthetic
2025-01-27,GEO,0.296,0.732,0.3901,0.033,country_area_weighted_mean,6,synthetic
2025-01-27,ISR,0.917,0.681,0.2668,0.0248,country_area_weighted_mean,6,synthetic
2025-01-27,EGY,8.895,9.2,0.3796,0.0,country_area_weighted_mean,6,synthetic
2025-01-27,TUN,2.595,2.137,0.252,0.0,country_area_weighted_mean,6,synthetic
2025-01-27,MAR,4.825,5.487,0.4439,0.0,country_area_weighted_mean,6,synthetic
2025-02-03,FRA,-5.301,-3.195,0.4174,0.0947,country_area_weighted_mean,6,synthetic
2025-02-03,DEU,-6.398,-3.963,0.3183,0.1048,country_area_weighted_mean,6,synthetic
2025-02-03,NLD,-9.178,-8.078,0.3671,0.1398,country_area_weighted_mean,6,synthetic
2025-02-03,BEL,-9.255,-8.173,0.3801,0.1502,country_area_weighted_mean,6,synthetic
2025-02-03,ITA,-2.185,-1.592,0.3631,0.0587,country_area_weighted_mean,6,synthetic
2025-02-03,ESP,-1.938,-1.396,0.2787,0.0611,country_area_weighted_mean,6,synthetic
2025-02-03,POL,-10.707,-9.029,0.411,0.1575,country_area_weighted_mean,6,synthetic
2025-02-03,HUN,-3.949,-3.131,0.4568,0.088,country_area_weighted_mean,6,synthetic
2025-02-03,ROU,-4.033,-3.141,0.3679,0.0809,country_area_weighted_mean,6,synthetic
2025-02-03,BGR,-3.092,-2.175,0.3778,0.0727,country_area_weighted_mean,6,synthetic
2025-02-03,SRB,-2.062,-1.597,0.3461,0.0587,country_area_weighted_mean,6,synthetic
2025-02-03,UKR,-6.788,-5.4,0.3582,0.1208,country_area_weighted_mean,6,synthetic
2025-02-03,MDA,-3.938,-2.085,0.4974,0.0711,country_area_weighted_mean,6,synthetic
2025-02-03,RUS,-9.769,-8.099,0.3088,0.1543,country_area_weighted_mean,6,synthetic
2025-02-03,TUR,-0.012,0.567,0.3994,0.0326,country_area_weighted_mean,6,synthetic
2025-02-03,GEO,-4.408,-2.011,0.4988,0.0688,country_area_weighted_mean,6,synthetic
2025-02-03,ISR,3.808,3.64,0.2829,0.0,country_area_weighted_mean,6,synthetic
2025-02-03,EGY,9.458,8.78,0.3174,0.0,country_area_weighted_mean,6,synthetic
2025-02-03,TUN,2.908,3.738,0.295,0.0009,country_area_weighted_mean,6,synthetic
2025-02-03,MAR,3.829,3.964,0.3292,0.0,country_area_weighted_mean,6,synthetic
2025-02-10,FRA,-4.173,-2.207,0.2851,0.0801,country_area_weighted_mean,6,synthetic
2025-02-10,DEU,-5.313,-4.449,0.2771,0.1028,country_area_weighted_mean,6,synthetic
2025-02-10,NLD,-7.705,-6.405,0.3113,0.1323,country_area_weighted_mean,6,synthetic
2025-02-10,BEL,-8.496,-7.338,0.296,0.1355,country_area_weighted_mean,6,synthetic
2025-02-10,ITA,-3.193,-2.156,0.2981,0.0665,country_area_weighted_mean,6,synthetic
2025-02-10,ESP,-0.168,0.583,0.3012,0.0385,country_area_weighted_mean,6,synthetic
2025-02-10,POL,-10.175,-7.711,0.3958,0.1492,country_area_weighted_mean,6,synthetic
2025-02-10,HUN,-4.685,-3.087,0.3082,0.089,country_area_weighted_mean,6,synthetic
2025-02-10,ROU,-4.662,-3.29,0.4066,0.0842,country_area_weighted_mean,6,synthetic
2025-02-10,BGR,-1.792,0.413,0.3659,0.0588,country_area_weighted_mean,6,synthetic
2025-02-10,SRB,-2.45,-1.185,0.3527,0.069,country_area_weighted_mean,6,synthetic
2025-02-10,UKR,-6.043,-3.937,0.3388,0.102,country_area_weighted_mean,6,synthetic
2025-02-10,MDA,-3.996,-3.281,0.407,0.0867,country_area_weighted_mean,6,synthetic
2025-02-10,RUS,-9.824,-7.517,0.3496,0.1482,country_area_weighted_mean,6,synthetic
2025-02-10,TUR,-0.884,0.046,0.4291,0.0451,country_area_weighted_mean,6,synthetic
2025-02-10,GEO,-2.479,-1.126,0.3983,0.0552,country_area_weighted_mean,6,synthetic
2025-02-10,ISR,4.752,4.805,0.3229,0.0,country_area_weighted_mean,6,synthetic
2025-02-10,EGY,9.562,9.242,0.3523,0.0,country_area_weighted_mean,6,synthetic
2025-02-10,TUN,3.235,4.85,0.4727,0.0006,country_area_weighted_mean,6,synthetic
2025-02-10,MAR,5.97,4.791,0.3133,0.0,country_area_weighted_mean,6,synthetic
2025-02-17,FRA,-4.014,-2.215,0.3679,0.0807,country_area_weighted_mean,6,synthetic
2025-02-17,DEU,-4.656,-4.251,0.3309,0.0843,country_area_weighted_mean,6,synthetic
2025-02-17,NLD,-7.63,-7.349,0.3106,0.1402,country_area_weighted_mean,6,synthetic
2025-02-17,BEL,-5.565,-5.316,0.3478,0.0995,country_area_weighted_mean,6,synthetic
2025-02-17,ITA,-1.623,-0.924,0.3153,0.0624,country_area_weighted_mean,6,synthetic
2025-02-17,ESP,1.743,2.089,0.2761,0.0176,country_area_weighted_mean,6,synthetic
2025-02-17,POL,-9.426,-7.887,0.4147,0.1422,country_area_weighted_mean,6,synthetic
2025-02-17,HUN,-4.403,-2.995,0.3661,0.0798,country_area_weighted_mean,6,synthetic
2025-02-17,ROU,-4.159,-2.705,0.3504,0.0879,country_area_weighted_mean,6,synthetic
2025-02-17,BGR,-1.586,-0.454,0.3117,0.0479,country_area_weighted_mean,6,synthetic
2025-02-17,SRB,-2.821,-1.997,0.3169,0.0528,country_area_weighted_mean,6,synthetic
2025-02-17,UKR,-5.406,-4.355,0.2876,0.0993,country_area_weighted_mean,6,synthetic
2025-02-17,MDA,-3.174,-1.36,0.3868,0.0768,country_area_weighted_mean,6,synthetic
2025-02-17,RUS,-9.123,-6.845,0.4088,0.1448,country_area_weighted_mean,6,synthetic
2025-02-17,TUR,0.435,1.331,0.4469,0.0307,country_area_weighted_mean,6,synthetic
2025-02-17,GEO,-0.891,0.002,0.3619,0.0432,country_area_weighted_mean,6,synthetic
2025-02-17,ISR,5.267,5.051,0.2904,0.0,country_area_weighted_mean,6,synthetic
2025-02-17,EGY,10.82,9.625,0.3318,0.0,country_area_weighted_mean,6,synthetic
2025-02-17,TUN,3.449,3.903,0.3932,0.0,country_area_weighted_mean,6,synthetic
2025-02-17,MAR,6.39,5.844,0.2637,0.0,country_area_weighted_mean,6,synthetic
2025-02-24,FRA,-1.894,-1.272,0.3656,0.0615,country_area_weighted_mean,6,synthetic
2025-02-24,DEU,-5.714,-4.456,0.3526,0.1027,country_area_weighted_mean,6,synthetic
2025-02-24,NLD,-6.798,-5.225,0.3331,0.1182,country_area_weighted_mean,6,synthetic
2025-02-24,BEL,-3.08,-1.624,0.3404,0.0764,country_area_weighted_mean,6,synthetic
2025-02-24,ITA,0.219,-0.044,0.3037,0.0382,country_area_weighted_mean,6,synthetic
2025-02-24,ESP,0.051,1.043,0.4242,0.0202,country_area_weighted_mean,6,synthetic
2025-02-24,POL,-11.308,-9.144,0.2808,0.16,country_area_weighted_mean,6,synthetic
2025-02-24,HUN,-2.999,-0.795,0.345,0.0693,country_area_weighted_mean,6,synthetic
2025-02-24,ROU,-4.442,-4.111,0.3162,0.0991,country_area_weighted_mean,6,synthetic
2025-02-24,BGR,0.295,0.928,0.3019,0.0335,country_area_weighted_mean,6,synthetic
2025-02-24,SRB,-0.984,-0.107,0.4122,0.049,country_area_weighted_mean,6,synthetic
2025-02-24,UKR,-3.83,-3.486,0.2989,0.0786,country_area_weighted_mean,6,synthetic
2025-02-24,MDA,-3.061,-1.413,0.3624,0.0707,country_area_weighted_mean,6,synthetic
2025-02-24,RUS,-8.658,-6.776,0.3343,0.1295,country_area_weighted_mean,6,synthetic
2025-02-24,TUR,1.282,1.865,0.4438,0.0154,country_area_weighted_mean,6,synthetic
2025-02-24,GEO,0.062,-0.026,0.3866,0.0405,country_area_weighted_mean,6,synthetic
2025-02-24,ISR,4.444,4.825,0.284,0.0,country_area_weighted_mean,6,synthetic
2025-02-24,EGY,11.971,9.505,0.2722,0.0,country_area_weighted_mean,6,synthetic
2025-02-24,TUN,4.887,5.15,0.2873,0.0,country_area_weighted_mean,6,synthetic
2025-02-24,MAR,5.666,4.734,0.2696,0.0,country_area_weighted_mean,6,synthetic
2025-03-03,FRA,-0.516,-0.151,0.3408,0.0353,country_area_weighted_mean,6,synthetic
2025-03-03,DEU,-3.521,-2.887,0.4793,0.0729,country_area_weighted_mean,6,synthetic
2025-03-03,NLD,-6.613,-4.919,0.2909,0.1107,country_area_weighted_mean,6,synthetic
2025-03-03,BEL,-2.689,-2.33,0.3205,0.0702,country_area_weighted_mean,6,synthetic
2025-03-03,ITA,1.235,0.837,0.3872,0.0195,country_area_weighted_mean,6,synthetic
2025-03-03,ESP,4.365,3.116,0.3908,0.0,country_area_weighted_mean,6,synthetic
2025-03-03,POL,-10.043,-8.867,0.3682,0.1571,country_area_weighted_mean,6,synthetic
2025-03-03,HUN,-0.891,0.728,0.3376,0.0374,country_area_weighted_mean,6,synthetic
2025-03-03,ROU,-4.315,-3.16,0.3477,0.0808,country_area_weighted_mean,6,synthetic
2025-03-03,BGR,0.171,1.075,0.3632,0.028,country_area_weighted_mean,6,synthetic
2025-03-03,SRB,-2.626,-0.864,0.3483,0.0534,country_area_weighted_mean,6,synthetic
2025-03-03,UKR,-6.21,-4.635,0.3066,0.1069,country_area_weighted_mean,6,synthetic
2025-03-03,MDA,-2.042,-0.835,0.3514,0.0461,country_area_weighted_mean,6,synthetic
2025-03-03,RUS,-7.981,-4.791,0.396,0.1233,country_area_weighted_mean,6,synthetic
2025-03-03,TUR,2.695,3.714,0.4381,0.0,country_area_weighted_mean,6,synthetic
2025-03-03,GEO,0.747,0.642,0.3032,0.0227,country_area_weighted_mean,6,synthetic
2025-03-03,ISR,7.326,5.682,0.2937,0.0,country_area_weighted_mean,6,synthetic
2025-03-03,EGY,11.32,9.684,0.3489,0.0,country_area_weighted_mean,6,synthetic
2025-03-03,TUN,4.952,4.12,0.2814,0.0,country_area_weighted_mean,6,synthetic
2025-03-03,MAR,7.98,6.6,0.298,0.0,country_area_weighted_mean,6,synthetic
2025-03-10,FRA,0.577,0.991,0.3565,0.0332,country_area_weighted_mean,6,synthetic
2025-03-10,DEU,-2.576,-2.214,0.3832,0.068,country_area_weighted_mean,6,synthetic
2025-03-10,NLD,-3.912,-3.379,0.3032,0.081,country_area_weighted_mean,6,synthetic
2025-03-10,BEL,-0.895,-0.491,0.3453,0.0476,country_area_weighted_mean,6,synthetic
2025-03-10,ITA,3.599,2.796,0.3572,0.0,country_area_weighted_mean,6,synthetic
2025-03-10,ESP,3.972,3.129,0.3377,0.0,country_area_weighted_mean,6,synthetic
2025-03-10,POL,-7.14,-5.536,0.4307,0.1153,country_area_weighted_mean,6,synthetic
2025-03-10,HUN,-0.051,1.299,0.4055,0.0298,country_area_weighted_mean,6,synthetic
2025-03-10,ROU,-2.694,-2.088,0.3239,0.0657,country_area_weighted_mean,6,synthetic
2025-03-10,BGR,0.956,1.748,0.4204,0.0144,country_area_weighted_mean,6,synthetic
2025-03-10,SRB,-0.348,-0.705,0.292,0.0479,country_area_weighted_mean,6,synthetic
2025-03-10,UKR,-3.228,-2.541,0.3347,0.0777,country_area_weighted_mean,6,synthetic
2025-03-10,MDA,1.1,2.091,0.3927,0.0202,country_area_weighted_mean,6,synthetic
2025-03-10,RUS,-6.888,-6.045,0.3903,0.112,country_area_weighted_mean,6,synthetic
2025-03-10,TUR,3.866,3.654,0.3596,0.0,country_area_weighted_mean,6,synthetic
2025-03-10,GEO,3.389,3.892,0.3623,0.0,country_area_weighted_mean,6,synthetic
2025-03-10,ISR,9.294,8.904,0.2681,0.0,country_area_weighted_mean,6,synthetic
2025-03-10,EGY,10.517,10.654,0.2831,0.0,country_area_weighted_mean,6,synthetic
2025-03-10,TUN,7.409,7.121,0.242,0.0,country_area_weighted_mean,6,synthetic
2025-03-10,MAR,8.154,7.166,0.3218,0.0,country_area_weighted_mean,6,synthetic
2025-03-17,FRA,0.192,0.817,0.368,0.0297,country_area_weighted_mean,6,synthetic
2025-03-17,DEU,-1.725,-1.893,0.3936,0.062,country_area_weighted_mean,6,synthetic
2025-03-17,NLD,-3.49,-2.738,0.2593,0.0797,country_area_weighted_mean,6,synthetic
2025-03-17,BEL,0.682,1.016,0.3702,0.0258,country_area_weighted_mean,6,synthetic
2025-03-17,ITA,3.9,4.283,0.3141,0.0,country_area_weighted_mean,6,synthetic
2025-03-17,ESP,5.246,5.417,0.3189,0.0,country_area_weighted_mean,6,synthetic
2025-03-17,POL,-6.656,-5.238,0.4623,0.1171,country_area_weighted_mean,6,synthetic
2025-03-17,HUN,0.995,0.66,0.3781,0.0263,country_area_weighted_mean,6,synthetic
2025-03-17,ROU,-0.947,0.271,0.3049,0.0387,country_area_weighted_mean,6,synthetic
2025-03-17,BGR,2.879,2.566,0.3177,0.0072,country_area_weighted_mean,6,synthetic
2025-03-17,SRB,0.418,1.863,0.328,0.0275,country_area_weighted_mean,6,synthetic
2025-03-17,UKR,-4.144,-2.33,0.293,0.0902,country_area_weighted_mean,6,synthetic
2025-03-17,MDA,0.389,2.239,0.3625,0.0305,country_area_weighted_mean,6,synthetic
2025-03-17,RUS,-5.414,-4.267,0.2566,0.1042,country_area_weighted_mean,6,synthetic
2025-03-17,TUR,4.198,4.835,0.283,0.0,country_area_weighted_mean,6,synthetic
2025-03-17,GEO,2.94,2.549,0.3034,0.0012,country_area_weighted_mean,6,synthetic
2025-03-17,ISR,8.452,7.873,0.3523,0.0,country_area_weighted_mean,6,synthetic
2025-03-17,EGY,10.598,10.208,0.349,0.0,country_area_weighted_mean,6,synthetic
2025-03-17,TUN,7.381,7.115,0.2658,0.0,country_area_weighted_mean,6,synthetic
2025-03-17,MAR,9.48,9.767,0.2571,0.0,country_area_weighted_mean,6,synthetic
2025-03-24,FRA,1.917,1.831,0.462,0.0127,country_area_weighted_mean,6,synthetic
2025-03-24,DEU,-1.878,-0.918,0.3286,0.0491,country_area_weighted_mean,6,synthetic
2025-03-24,NLD,-0.801,0.227,0.3424,0.0442,country_area_weighted_mean,6,synthetic
2025-03-24,BEL,0.828,1.351,0.359,0.0184,country_area_weighted_mean,6,synthetic
2025-03-24,ITA,2.739,2.183,0.3363,0.0055,country_area_weighted_mean,6,synthetic
2025-03-24,ESP,7.64,7.282,0.2536,0.0,country_area_weighted_mean,6,synthetic
2025-03-24,POL,-4.23,-2.235,0.3972,0.0794,country_area_weighted_mean,6,synthetic
2025-03-24,HUN,2.712,2.501,0.4146,0.0071,country_area_weighted_mean,6,synthetic
2025-03-24,ROU,0.705,1.108,0.3554,0.0265,country_area_weighted_mean,6,synthetic
2025-03-24,BGR,3.758,4.398,0.3627,0.0,country_area_weighted_mean,6,synthetic
2025-03-24,SRB,2.526,2.687,0.378,0.0067,country_area_weighted_mean,6,synthetic
2025-03-24,UKR,-2.637,-1.322,0.3624,0.0599,country_area_weighted_mean,6,synthetic
2025-03-24,MDA,2.72,3.058,0.3876,0.0,country_area_weighted_mean,6,synthetic
2025-03-24,RUS,-3.062,-1.644,0.342,0.0635,country_area_weighted_mean,6,synthetic
2025-03-24,TUR,4.491,3.765,0.3513,0.0,country_area_weighted_mean,6,synthetic
2025-03-24,GEO,4.531,4.815,0.2523,0.0,country_area_weighted_mean,6,synthetic
2025-03-24,ISR,9.815,8.515,0.3483,0.0,country_area_weighted_mean,6,synthetic
2025-03-24,EGY,11.424,10.915,0.333,0.0,country_area_weighted_mean,6,synthetic
2025-03-24,TUN,8.438,7.779,0.2534,0.0,country_area_weighted_mean,6,synthetic
2025-03-24,MAR,11.169,9.868,0.4536,0.0,country_area_weighted_mean,6,synthetic
2025-03-31,FRA,1.5,2.082,0.4734,0.0134,country_area_weighted_mean,6,synthetic
2025-03-31,DEU,0.476,0.056,0.2839,0.0356,country_area_weighted_mean,6,synthetic
2025-03-31,NLD,1.038,1.364,0.3831,0.0253,country_area_weighted_mean,6,synthetic
2025-03-31,BEL,0.951,1.309,0.2314,0.0252,country_area_weighted_mean,6,synthetic
2025-03-31,ITA,4.07,2.911,0.3237,0.0,country_area_weighted_mean,6,synthetic
2025-03-31,ESP,7.196,6.817,0.2419,0.0,country_area_weighted_mean,6,synthetic
2025-03-31,POL,-1.583,-0.61,0.414,0.0592,country_area_weighted_mean,6,synthetic
2025-03-31,HUN,3.1,2.493,0.4055,0.0001,country_area_weighted_mean,6,synthetic
2025-03-31,ROU,2.662,2.54,0.3279,0.0,country_area_weighted_mean,6,synthetic
2025-03-31,BGR,4.566,4.411,0.425,0.0,country_area_weighted_mean,6,synthetic
2025-03-31,SRB,3.58,2.511,0.3261,0.0,country_area_weighted_mean,6,synthetic
2025-03-31,UKR,-3.648,-2.23,0.2865,0.0772,country_area_weighted_mean,6,synthetic
2025-03-31,MDA,3.856,3.635,0.3811,0.0,country_area_weighted_mean,6,synthetic
2025-03-31,RUS,-3.342,-2.411,0.3485,0.0752,country_area_weighted_mean,6,synthetic
2025-03-31,TUR,7.068,6.046,0.3618,0.0,country_area_weighted_mean,6,synthetic
2025-03-31,GEO,6.128,5.965,0.3294,0.0,country_area_weighted_mean,6,synthetic
2025-03-31,ISR,10.383,10.023,0.2856,0.0,country_area_weighted_mean,6,synthetic
2025-03-31,EGY,13.275,11.744,0.3579,0.0,country_area_weighted_mean,6,synthetic
2025-03-31,TUN,11.175,9.434,0.3114,0.0,country_area_weighted_mean,6,synthetic
2025-03-31,MAR,9.411,8.283,0.4015,0.0,country_area_weighted_mean,6,synthetic
2025-04-07,FRA,4.421,4.502,0.5222,0.0,country_area_weighted_mean,6,synthetic
2025-04-07,DEU,1.218,1.706,0.4364,0.0122,country_area_weighted_mean,6,synthetic
2025-04-07,NLD,3.009,3.814,0.3291,0.0,country_area_weighted_mean,6,synthetic
2025-04-07,BEL,2.081,1.403,0.3408,0.0128,country_area_weighted_mean,6,synthetic
2025-04-07,ITA,5.437,4.869,0.3183,0.0,country_area_weighted_mean,6,synthetic
2025-04-07,ESP,6.625,6.867,0.2967,0.0,country_area_weighted_mean,6,synthetic
2025-04-07,POL,0.927,0.535,0.4047,0.0319,country_area_weighted_mean,6,synthetic
2025-04-07,HUN,4.682,5.699,0.3667,0.0,country_area_weighted_mean,6,synthetic
2025-04-07,ROU,5.17,5.273,0.3833,0.0,country_area_weighted_mean,6,synthetic
2025-04-07,BGR,5.916,4.736,0.3303,0.0,country_area_weighted_mean,6,synthetic
2025-04-07,SRB,3.031,2.898,0.29,0.0,country_area_weighted_mean,6,synthetic
2025-04-07,UKR,-0.748,-0.263,0.3288,0.0524,country_area_weighted_mean,6,synthetic
2025-04-07,MDA,5.062,4.45,0.3865,0.0,country_area_weighted_mean,6,synthetic
2025-04-07,RUS,0.406,0.072,0.3103,0.0302,country_area_weighted_mean,6,synthetic
2025-04-07,TUR,9.568,8.591,0.2837,0.0,country_area_weighted_mean,6,synthetic
2025-04-07,GEO,7.612,7.421,0.3828,0.0,country_area_weighted_mean,6,synthetic
2025-04-07,ISR,10.987,9.139,0.34,0.0,country_area_weighted_mean,6,synthetic
2025-04-07,EGY,16.664,15.133,0.2684,0.0,country_area_weighted_mean,6,synthetic
2025-04-07,TUN,12.61,11.268,0.3938,0.0,country_area_weighted_mean,6,synthetic
2025-04-07,MAR,8.766,7.59,0.4154,0.0,country_area_weighted_mean,6,synthetic
2025-04-14,FRA,4.736,4.422,0.4129,0.0,country_area_weighted_mean,6,synthetic
2025-04-14,DEU,3.107,3.846,0.5564,0.0,country_area_weighted_mean,6,synthetic
2025-04-14,NLD,5.67,5.624,0.3717,0.0,country_area_weighted_mean,6,synthetic
2025-04-14,BEL,6.033,6.122,0.5598,0.0,country_area_weighted_mean,6,synthetic
2025-04-14,ITA,7.695,7.92,0.3196,0.0,country_area_weighted_mean,6,synthetic
2025-04-14,ESP,7.645,7.086,0.2932,0.0,country_area_weighted_mean,6,synthetic
2025-04-14,POL,3.945,3.812,0.3566,0.0,country_area_weighted_mean,6,synthetic
2025-04-14,HUN,7.646,7.426,0.4705,0.0,country_area_weighted_mean,6,synthetic
2025-04-14,ROU,8.507,7.832,0.383,0.0,country_area_weighted_mean,6,synthetic
2025-04-14,BGR,7.001,6.736,0.3394,0.0,country_area_weighted_mean,6,synthetic
2025-04-14,SRB,5.821,5.283,0.2704,0.0,country_area_weighted_mean,6,synthetic
2025-04-14,UKR,1.473,1.572,0.29,0.0167,country_area_weighted_mean,6,synthetic
2025-04-14,MDA,5.532,5.275,0.3642,0.0,country_area_weighted_mean,6,synthetic
2025-04-14,RUS,2.642,2.686,0.3026,0.0,country_area_weighted_mean,6,synthetic
2025-04-14,TUR,12.895,10.547,0.2948,0.0,country_area_weighted_mean,6,synthetic
2025-04-14,GEO,8.485,7.709,0.3237,0.0,country_area_weighted_mean,6,synthetic
2025-04-14,ISR,13.429,10.986,0.3634,0.0,country_area_weighted_mean,6,synthetic
2025-04-14,EGY,17.982,15.196,0.2874,0.0,country_area_weighted_mean,6,synthetic
2025-04-14,TUN,11.924,10.778,0.3152,0.0,country_area_weighted_mean,6,synthetic
2025-04-14,MAR,10.091,8.653,0.3048,0.0,country_area_weighted_mean,6,synthetic
2025-04-21,FRA,7.519,5.526,0.3139,0.0,country_area_weighted_mean,6,synthetic
2025-04-21,DEU,6.475,5.906,0.4025,0.0,country_area_weighted_mean,6,synthetic
2025-04-21,NLD,7.846,6.696,0.3491,0.0,country_area_weighted_mean,6,synthetic
2025-04-21,BEL,6.99,7.262,0.3638,0.0,country_area_weighted_mean,6,synthetic
2025-04-21,ITA,9.562,7.78,0.3195,0.0,country_area_weighted_mean,6,synthetic
2025-04-21,ESP,9.339,7.786,0.2883,0.0,country_area_weighted_mean,6,synthetic
2025-04-21,POL,6.082,5.301,0.3412,0.0,country_area_weighted_mean,6,synthetic
2025-04-21,HUN,10.316,9.036,0.4613,0.0,country_area_weighted_mean,6,synthetic
2025-04-21,ROU,9.223,7.823,0.3551,0.0,country_area_weighted_mean,6,synthetic
2025-04-21,BGR,8.782,7.995,0.3083,0.0,country_area_weighted_mean,6,synthetic
2025-04-21,SRB,5.847,5.607,0.3304,0.0,country_area_weighted_mean,6,synthetic
2025-04-21,UKR,4.205,4.175,0.3847,0.0,country_area_weighted_mean,6,synthetic
2025-04-21,MDA,7.795,6.058,0.2944,0.0,country_area_weighted_mean,6,synthetic
2025-04-21,RUS,4.079,3.647,0.3169,0.0,country_area_weighted_mean,6,synthetic
2025-04-21,TUR,12.511,12.9,0.2967,0.0,country_area_weighted_mean,6,synthetic
2025-04-21,GEO,9.292,8.893,0.3517,0.0,country_area_weighted_mean,6,synthetic
2025-04-21,ISR,14.88,13.422,0.3687,0.0,country_area_weighted_mean,6,synthetic
2025-04-21,EGY,20.021,16.412,0.3014,0.0,country_area_weighted_mean,6,synthetic
2025-04-21,TUN,14.981,12.469,0.3531,0.0,country_area_weighted_mean,6,synthetic
2025-04-21,MAR,12.16,9.799,0.2553,0.0,country_area_weighted_mean,6,synthetic
2025-04-28,FRA,9.869,7.959,0.3078,0.0,country_area_weighted_mean,6,synthetic
2025-04-28,DEU,7.75,6.384,0.2877,0.0,country_area_weighted_mean,6,synthetic
2025-04-28,NLD,9.126,8.077,0.318,0.0,country_area_weighted_mean,6,synthetic
2025-04-28,BEL,8.07,7.074,0.312,0.0,country_area_weighted_mean,6,synthetic
2025-04-28,ITA,9.877,8.405,0.3783,0.0,country_area_weighted_mean,6,synthetic
2025-04-28,ESP,9.456,8.655,0.3067,0.0,country_area_weighted_mean,6,synthetic
2025-04-28,POL,7.432,7.889,0.2988,0.0,country_area_weighted_mean,6,synthetic
2025-04-28,HUN,11.821,9.571,0.2961,0.0,country_area_weighted_mean,6,synthetic
2025-04-28,ROU,11.471,10.19,0.3652,0.0,country_area_weighted_mean,6,synthetic
2025-04-28,BGR,10.497,9.615,0.2966,0.0,country_area_weighted_mean,6,synthetic
2025-04-28,SRB,9.791,9.433,0.2787,0.0,country_area_weighted_mean,6,synthetic
2025-04-28,UKR,8.821,7.1,0.3537,0.0,country_area_weighted_mean,6,synthetic
2025-04-28,MDA,9.958,8.906,0.3468,0.0,country_area_weighted_mean,6,synthetic
2025-04-28,RUS,5.723,5.895,0.4842,0.0,country_area_weighted_mean,6,synthetic
2025-04-28,TUR,14.204,14.424,0.2685,0.0,country_area_weighted_mean,6,synthetic
2025-04-28,GEO,11.944,11.359,0.3003,0.0,country_area_weighted_mean,6,synthetic
2025-04-28,ISR,16.049,14.019,0.2673,0.0,country_area_weighted_mean,6,synthetic
2025-04-28,EGY,20.055,18.256,0.3105,0.0,country_area_weighted_mean,6,synthetic
2025-04-28,TUN,17.283,14.72,0.2961,0.0,country_area_weighted_mean,6,synthetic
2025-04-28,MAR,14.34,12.145,0.297,0.0,country_area_weighted_mean,6,synthetic
2025-05-05,FRA,12.709,11.728,0.2978,0.0,country_area_weighted_mean,6,synthetic
2025-05-05,DEU,9.595,8.908,0.2982,0.0,country_area_weighted_mean,6,synthetic
2025-05-05,NLD,7.659,7.119,0.3802,0.0,country_area_weighted_mean,6,synthetic
2025-05-05,BEL,11.202,10.038,0.2925,0.0,country_area_weighted_mean,6,synthetic
2025-05-05,ITA,11.177,10.727,0.3446,0.0,country_area_weighted_mean,6,synthetic
2025-05-05,ESP,12.983,10.964,0.3446,0.0,country_area_weighted_mean,6,synthetic
2025-05-05,POL,9.296,9.147,0.3216,0.0,country_area_weighted_mean,6,synthetic
2025-05-05,HUN,10.349,9.805,0.3597,0.0,country_area_weighted_mean,6,synthetic
2025-05-05,ROU,12.291,11.572,0.3498,0.0,country_area_weighted_mean,6,synthetic
2025-05-05,BGR,13.153,10.866,0.2745,0.0,country_area_weighted_mean,6,synthetic
2025-05-05,SRB,10.963,9.521,0.2697,0.0,country_area_weighted_mean,6,synthetic
2025-05-05,UKR,10.973,9.697,0.3072,0.0,country_area_weighted_mean,6,synthetic
2025-05-05,MDA,11.755,10.801,0.2689,0.0,country_area_weighted_mean,6,synthetic
2025-05-05,RUS,8.169,6.753,0.3378,0.0,country_area_weighted_mean,6,synthetic
2025-05-05,TUR,17.567,14.639,0.3064,0.0,country_area_weighted_mean,6,synthetic
2025-05-05,GEO,14.447,12.821,0.2621,0.0,country_area_weighted_mean,6,synthetic
2025-05-05,ISR,16.332,14.845,0.2798,0.0,country_area_weighted_mean,6,synthetic
2025-05-05,EGY,22.267,20.166,0.3372,0.0,country_area_weighted_mean,6,synthetic
2025-05-05,TUN,19.013,16.458,0.2948,0.0,country_area_weighted_mean,6,synthetic
2025-05-05,MAR,17.417,14.788,0.2931,0.0,country_area_weighted_mean,6,synthetic
2025-05-12,FRA,14.659,12.783,0.3052,0.0,country_area_weighted_mean,6,synthetic
2025-05-12,DEU,14.281,12.782,0.2762,0.0,country_area_weighted_mean,6,synthetic
2025-05-12,NLD,8.505,7.714,0.3118,0.0,country_area_weighted_mean,6,synthetic
2025-05-12,BEL,11.539,10.935,0.3061,0.0,country_area_weighted_mean,6,synthetic
2025-05-12,ITA,15.822,14.826,0.3492,0.0,country_area_weighted_mean,6,synthetic
2025-05-12,ESP,16.157,14.251,0.2982,0.0,country_area_weighted_mean,6,synthetic
2025-05-12,POL,14.242,13.253,0.3125,0.0,country_area_weighted_mean,6,synthetic
2025-05-12,HUN,12.312,10.442,0.353,0.0,country_area_weighted_mean,6,synthetic
2025-05-12,ROU,13.961,12.301,0.3059,0.0,country_area_weighted_mean,6,synthetic
2025-05-12,BGR,13.794,11.683,0.2379,0.0,country_area_weighted_mean,6,synthetic
2025-05-12,SRB,12.422,11.338,0.3281,0.0,country_area_weighted_mean,6,synthetic
2025-05-12,UKR,11.966,11.237,0.2537,0.0,country_area_weighted_mean,6,synthetic
2025-05-12,MDA,15.924,14.561,0.2639,0.0,country_area_weighted_mean,6,synthetic
2025-05-12,RUS,8.517,7.818,0.2766,0.0,country_area_weighted_mean,6,synthetic
2025-05-12,TUR,18.61,16.104,0.2792,0.0,country_area_weighted_mean,6,synthetic
2025-05-12,GEO,17.161,14.722,0.3764,0.0,country_area_weighted_mean,6,synthetic
2025-05-12,ISR,18.731,15.816,0.2369,0.0,country_area_weighted_mean,6,synthetic
2025-05-12,EGY,23.981,20.682,0.3014,0.0,country_area_weighted_mean,6,synthetic
2025-05-12,TUN,19.373,18.425,0.2876,0.0,country_area_weighted_mean,6,synthetic
2025-05-12,MAR,16.92,16.247,0.2416,0.0,country_area_weighted_mean,6,synthetic
2025-05-19,FRA,16.1,13.82,0.3392,0.0,country_area_weighted_mean,6,synthetic
2025-05-19,DEU,14.623,12.667,0.3056,0.0,country_area_weighted_mean,6,synthetic
2025-05-19,NLD,11.495,10.724,0.367,0.0,country_area_weighted_mean,6,synthetic
2025-05-19,BEL,14.871,12.427,0.4429,0.0,country_area_weighted_mean,6,synthetic
2025-05-19,ITA,16.124,14.742,0.3503,0.0,country_area_weighted_mean,6,synthetic
2025-05-19,ESP,18.906,16.512,0.3383,0.0,country_area_weighted_mean,6,synthetic
2025-05-19,POL,14.463,12.76,0.3564,0.0,country_area_weighted_mean,6,synthetic
2025-05-19,HUN,12.285,11.176,0.3096,0.0,country_area_weighted_mean,6,synthetic
2025-05-19,ROU,16.085,14.342,0.2801,0.0,country_area_weighted_mean,6,synthetic
2025-05-19,BGR,15.943,15.263,0.2763,0.0,country_area_weighted_mean,6,synthetic
2025-05-19,SRB,15.54,13.98,0.3981,0.0,country_area_weighted_mean,6,synthetic
2025-05-19,UKR,15.246,13.971,0.308,0.0,country_area_weighted_mean,6,synthetic
2025-05-19,MDA,17.306,14.768,0.2324,0.0,country_area_weighted_mean,6,synthetic
2025-05-19,RUS,12.582,10.891,0.3025,0.0,country_area_weighted_mean,6,synthetic
2025-05-19,TUR,17.977,17.422,0.242,0.0,country_area_weighted_mean,6,synthetic
2025-05-19,GEO,19.217,16.113,0.3089,0.0,country_area_weighted_mean,6,synthetic
2025-05-19,ISR,20.007,18.062,0.2886,0.0,country_area_weighted_mean,6,synthetic
2025-05-19,EGY,24.099,20.993,0.2608,0.0,country_area_weighted_mean,6,synthetic
2025-05-19,TUN,19.675,18.154,0.2975,0.0,country_area_weighted_mean,6,synthetic
2025-05-19,MAR,18.823,17.737,0.2726,0.0,country_area_weighted_mean,6,synthetic
2025-05-26,FRA,15.329,13.955,0.2899,0.0,country_area_weighted_mean,6,synthetic
2025-05-26,DEU,18.01,15.274,0.3443,0.0,country_area_weighted_mean,6,synthetic
2025-05-26,NLD,14.178,12.338,0.292,0.0,country_area_weighted_mean,6,synthetic
2025-05-26,BEL,16.717,13.913,0.3724,0.0,country_area_weighted_mean,6,synthetic
2025-05-26,ITA,19.858,16.675,0.282,0.0,country_area_weighted_mean,6,synthetic
2025-05-26,ESP,20.194,16.379,0.3099,0.0,country_area_weighted_mean,6,synthetic
2025-05-26,POL,16.279,14.23,0.2624,0.0,country_area_weighted_mean,6,synthetic
2025-05-26,HUN,15.822,13.405,0.2989,0.0,country_area_weighted_mean,6,synthetic
2025-05-26,ROU,16.579,15.042,0.3274,0.0,country_area_weighted_mean,6,synthetic
2025-05-26,BGR,20.085,17.963,0.2665,0.0,country_area_weighted_mean,6,synthetic
2025-05-26,SRB,18.019,16.261,0.3244,0.0,country_area_weighted_mean,6,synthetic
2025-05-26,UKR,17.469,15.881,0.2505,0.0,country_area_weighted_mean,6,synthetic
2025-05-26,MDA,19.583,16.89,0.3147,0.0,country_area_weighted_mean,6,synthetic
2025-05-26,RUS,13.309,12.291,0.2835,0.0,country_area_weighted_mean,6,synthetic
2025-05-26,TUR,21.546,18.402,0.2475,0.0,country_area_weighted_mean,6,synthetic
2025-05-26,GEO,18.967,16.582,0.2911,0.0,country_area_weighted_mean,6,synthetic
2025-05-26,ISR,22.692,19.935,0.237,0.0,country_area_weighted_mean,6,synthetic
2025-05-26,EGY,24.722,21.61,0.2658,0.0,country_area_weighted_mean,6,synthetic
2025-05-26,TUN,20.361,17.776,0.251,0.0,country_area_weighted_mean,6,synthetic
2025-05-26,MAR,22.238,19.09,0.3146,0.0,country_area_weighted_mean,6,synthetic
2025-06-02,FRA,17.112,15.477,0.2807,0.0,country_area_weighted_mean,6,synthetic
2025-06-02,DEU,19.287,17.072,0.2917,0.0,country_area_weighted_mean,6,synthetic
2025-06-02,NLD,16.777,15.139,0.2912,0.0,country_area_weighted_mean,6,synthetic
2025-06-02,BEL,17.246,14.943,0.2878,0.0,country_area_weighted_mean,6,synthetic
2025-06-02,ITA,20.767,19.773,0.3621,0.0,country_area_weighted_mean,6,synthetic
2025-06-02,ESP,19.778,17.368,0.2666,0.0,country_area_weighted_mean,6,synthetic
2025-06-02,POL,17.082,15.562,0.2962,0.0,country_area_weighted_mean,6,synthetic
2025-06-02,HUN,16.248,14.662,0.2714,0.0,country_area_weighted_mean,6,synthetic
2025-06-02,ROU,18.15,16.032,0.3127,0.0,country_area_weighted_mean,6,synthetic
2025-06-02,BGR,21.372,19.067,0.3221,0.0,country_area_weighted_mean,6,synthetic
2025-06-02,SRB,19.243,17.385,0.2716,0.0,country_area_weighted_mean,6,synthetic
2025-06-02,UKR,19.201,16.289,0.296,0.0,country_area_weighted_mean,6,synthetic
2025-06-02,MDA,20.919,19.414,0.2651,0.0,country_area_weighted_mean,6,synthetic
2025-06-02,RUS,14.912,13.073,0.2555,0.0,country_area_weighted_mean,6,synthetic
2025-06-02,TUR,22.565,18.967,0.2652,0.0,country_area_weighted_mean,6,synthetic
2025-06-02,GEO,21.388,18.459,0.3281,0.0,country_area_weighted_mean,6,synthetic
2025-06-02,ISR,23.799,21.104,0.2489,0.0,country_area_weighted_mean,6,synthetic
2025-06-02,EGY,26.347,23.158,0.2666,0.0,country_area_weighted_mean,6,synthetic
2025-06-02,TUN,22.93,19.046,0.2969,0.0,country_area_weighted_mean,6,synthetic
2025-06-02,MAR,21.779,19.496,0.2562,0.0,country_area_weighted_mean,6,synthetic
2025-06-09,FRA,22.134,18.355,0.2943,0.0,country_area_weighted_mean,6,synthetic
2025-06-09,DEU,22.209,19.49,0.2804,0.0,country_area_weighted_mean,6,synthetic
2025-06-09,NLD,19.062,16.803,0.2803,0.0,country_area_weighted_mean,6,synthetic
2025-06-09,BEL,19.323,16.482,0.2692,0.0,country_area_weighted_mean,6,synthetic
2025-06-09,ITA,21.811,19.18,0.3366,0.0,country_area_weighted_mean,6,synthetic
2025-06-09,ESP,21.218,17.895,0.2961,0.0,country_area_weighted_mean,6,synthetic
2025-06-09,POL,20.25,18.117,0.2807,0.0,country_area_weighted_mean,6,synthetic
2025-06-09,HUN,18.917,16.53,0.3027,0.0,country_area_weighted_mean,6,synthetic
2025-06-09,ROU,21.652,18.86,0.3768,0.0,country_area_weighted_mean,6,synthetic
2025-06-09,BGR,20.657,18.646,0.3151,0.0,country_area_weighted_mean,6,synthetic
2025-06-09,SRB,19.675,17.292,0.2835,0.0,country_area_weighted_mean,6,synthetic
2025-06-09,UKR,20.956,18.443,0.2531,0.0,country_area_weighted_mean,6,synthetic
2025-06-09,MDA,21.762,18.991,0.3291,0.0,country_area_weighted_mean,6,synthetic
2025-06-09,RUS,15.982,14.186,0.2662,0.0,country_area_weighted_mean,6,synthetic
2025-06-09,TUR,22.017,19.447,0.2696,0.0,country_area_weighted_mean,6,synthetic
2025-06-09,GEO,21.512,18.728,0.3318,0.0,country_area_weighted_mean,6,synthetic
2025-06-09,ISR,24.141,20.874,0.2458,0.0,country_area_weighted_mean,6,synthetic
2025-06-09,EGY,26.827,24.127,0.2701,0.0,country_area_weighted_mean,6,synthetic
2025-06-09,TUN,23.012,19.557,0.2901,0.0,country_area_weighted_mean,6,synthetic
2025-06-09,MAR,21.67,18.69,0.3012,0.0,country_area_weighted_mean,6,synthetic
2025-06-16,FRA,23.643,19.171,0.276,0.0,country_area_weighted_mean,6,synthetic
2025-06-16,DEU,22.609,20.909,0.2866,0.0,country_area_weighted_mean,6,synthetic
2025-06-16,NLD,20.291,17.28,0.2311,0.0,country_area_weighted_mean,6,synthetic
2025-06-16,BEL,20.351,18.003,0.2276,0.0,country_area_weighted_mean,6,synthetic
2025-06-16,ITA,20.794,18.693,0.2825,0.0,country_area_weighted_mean,6,synthetic
2025-06-16,ESP,23.015,20.229,0.3771,0.0,country_area_weighted_mean,6,synthetic
2025-06-16,POL,23.631,20.346,0.3946,0.0,country_area_weighted_mean,6,synthetic
2025-06-16,HUN,21.378,18.685,0.2936,0.0,country_area_weighted_mean,6,synthetic
2025-06-16,ROU,21.113,18.513,0.2835,0.0,country_area_weighted_mean,6,synthetic
2025-06-16,BGR,22.536,19.284,0.2765,0.0,country_area_weighted_mean,6,synthetic
2025-06-16,SRB,19.764,17.714,0.2634,0.0,country_area_weighted_mean,6,synthetic
2025-06-16,UKR,21.028,17.235,0.2618,0.0,country_area_weighted_mean,6,synthetic
2025-06-16,MDA,20.269,18.383,0.2897,0.0,country_area_weighted_mean,6,synthetic
2025-06-16,RUS,19.028,16.292,0.2773,0.0,country_area_weighted_mean,6,synthetic
2025-06-16,TUR,24.165,21.092,0.2517,0.0,country_area_weighted_mean,6,synthetic
2025-06-16,GEO,23.201,20.604,0.2845,0.0,country_area_weighted_mean,6,synthetic
2025-06-16,ISR,26.321,22.58,0.2427,0.0,country_area_weighted_mean,6,synthetic
2025-06-16,EGY,25.398,22.097,0.235,0.0,country_area_weighted_mean,6,synthetic
2025-06-16,TUN,23.057,20.547,0.2904,0.0,country_area_weighted_mean,6,synthetic
2025-06-16,MAR,23.242,21.029,0.2668,0.0,country_area_weighted_mean,6,synthetic
2025-06-23,FRA,22.922,19.744,0.2717,0.0,country_area_weighted_mean,6,synthetic
2025-06-23,DEU,24.511,21.673,0.2313,0.0,country_area_weighted_mean,6,synthetic
2025-06-23,NLD,18.748,16.456,0.2488,0.0,country_area_weighted_mean,6,synthetic
2025-06-23,BEL,20.819,17.871,0.2347,0.0,country_area_weighted_mean,6,synthetic
2025-06-23,ITA,22.683,20.984,0.2705,0.0,country_area_weighted_mean,6,synthetic
2025-06-23,ESP,24.557,21.766,0.316,0.0,country_area_weighted_mean,6,synthetic
2025-06-23,POL,22.876,19.152,0.3334,0.0,country_area_weighted_mean,6,synthetic
2025-06-23,HUN,23.066,20.415,0.2954,0.0,country_area_weighted_mean,6,synthetic
2025-06-23,ROU,21.66,19.799,0.2555,0.0,country_area_weighted_mean,6,synthetic
2025-06-23,BGR,22.808,20.821,0.3239,0.0,country_area_weighted_mean,6,synthetic
2025-06-23,SRB,19.56,17.434,0.2714,0.0,country_area_weighted_mean,6,synthetic
2025-06-23,UKR,23.748,19.708,0.2089,0.0,country_area_weighted_mean,6,synthetic
2025-06-23,MDA,24.118,20.176,0.3171,0.0,country_area_weighted_mean,6,synthetic
2025-06-23,RUS,21.5,18.647,0.3041,0.0,country_area_weighted_mean,6,synthetic
2025-06-23,TUR,26.245,23.167,0.2535,0.0,country_area_weighted_mean,6,synthetic
2025-06-23,GEO,22.853,21.281,0.2756,0.0,country_area_weighted_mean,6,synthetic
2025-06-23,ISR,25.678,23.492,0.271,0.0,country_area_weighted_mean,6,synthetic
2025-06-23,EGY,23.3,21.152,0.2078,0.0,country_area_weighted_mean,6,synthetic
2025-06-23,TUN,23.712,21.06,0.2496,0.0,country_area_weighted_mean,6,synthetic
2025-06-23,MAR,23.022,19.941,0.224,0.0,country_area_weighted_mean,6,synthetic
2025-06-30,FRA,23.263,19.968,0.2278,0.0,country_area_weighted_mean,6,synthetic
2025-06-30,DEU,25.297,22.341,0.2715,0.0,country_area_weighted_mean,6,synthetic
2025-06-30,NLD,20.894,17.994,0.2743,0.0,country_area_weighted_mean,6,synthetic
2025-06-30,BEL,22.503,19.649,0.2359,0.0,country_area_weighted_mean,6,synthetic
2025-06-30,ITA,24.485,20.291,0.261,0.0,country_area_weighted_mean,6,synthetic
2025-06-30,ESP,25.076,20.861,0.252,0.0,country_area_weighted_mean,6,synthetic
2025-06-30,POL,21.54,19.314,0.3017,0.0,country_area_weighted_mean,6,synthetic
2025-06-30,HUN,22.988,19.724,0.2701,0.0,country_area_weighted_mean,6,synthetic
2025-06-30,ROU,23.467,19.807,0.2684,0.0,country_area_weighted_mean,6,synthetic
2025-06-30,BGR,23.952,20.927,0.2429,0.0,country_area_weighted_mean,6,synthetic
2025-06-30,SRB,20.719,18.513,0.3215,0.0,country_area_weighted_mean,6,synthetic
2025-06-30,UKR,23.74,20.717,0.2255,0.0,country_area_weighted_mean,6,synthetic
2025-06-30,MDA,23.932,21.424,0.2915,0.0,country_area_weighted_mean,6,synthetic
2025-06-30,RUS,22.85,19.833,0.3279,0.0,country_area_weighted_mean,6,synthetic
2025-06-30,TUR,27.81,23.89,0.2457,0.0,country_area_weighted_mean,6,synthetic
2025-06-30,GEO,24.89,20.754,0.2286,0.0,country_area_weighted_mean,6,synthetic
2025-06-30,ISR,27.897,24.397,0.2463,0.0,country_area_weighted_mean,6,synthetic
2025-06-30,EGY,26.589,22.563,0.2466,0.0,country_area_weighted_mean,6,synthetic
2025-06-30,TUN,26.297,22.546,0.2479,0.0,country_area_weighted_mean,6,synthetic
2025-06-30,MAR,24.798,21.444,0.2624,0.0,country_area_weighted_mean,6,synthetic
2025-07-07,FRA,25.88,22.711,0.2263,0.0,country_area_weighted_mean,6,synthetic
2025-07-07,DEU,24.803,21.269,0.2601,0.0,country_area_weighted_mean,6,synthetic
2025-07-07,NLD,23.349,20.32,0.2113,0.0,country_area_weighted_mean,6,synthetic
2025-07-07,BEL,22.026,19.354,0.2522,0.0,country_area_weighted_mean,6,synthetic
2025-07-07,ITA,25.179,21.952,0.222,0.0,country_area_weighted_mean,6,synthetic
2025-07-07,ESP,24.882,21.257,0.2187,0.0,country_area_weighted_mean,6,synthetic
2025-07-07,POL,23.237,21.092,0.2714,0.0,country_area_weighted_mean,6,synthetic
2025-07-07,HUN,24.741,22.67,0.2515,0.0,country_area_weighted_mean,6,synthetic
2025-07-07,ROU,24.29,20.177,0.2396,0.0,country_area_weighted_mean,6,synthetic
2025-07-07,BGR,23.952,21.326,0.2409,0.0,country_area_weighted_mean,6,synthetic
2025-07-07,SRB,23.5,20.029,0.2837,0.0,country_area_weighted_mean,6,synthetic
2025-07-07,UKR,24.736,22.527,0.2845,0.0,country_area_weighted_mean,6,synthetic
2025-07-07,MDA,25.8,22.854,0.2473,0.0,country_area_weighted_mean,6,synthetic
2025-07-07,RUS,23.665,20.645,0.2921,0.0,country_area_weighted_mean,6,synthetic
2025-07-07,TUR,28.009,23.663,0.217,0.0,country_area_weighted_mean,6,synthetic
2025-07-07,GEO,24.285,20.859,0.2877,0.0,country_area_weighted_mean,6,synthetic
2025-07-07,ISR,25.605,22.033,0.2256,0.0,country_area_weighted_mean,6,synthetic
2025-07-07,EGY,27.231,23.48,0.2747,0.0,country_area_weighted_mean,6,synthetic
2025-07-07,TUN,25.5,21.855,0.2186,0.0,country_area_weighted_mean,6,synthetic
2025-07-07,MAR,26.83,23.642,0.2408,0.0,country_area_weighted_mean,6,synthetic
2025-07-14,FRA,26.013,22.924,0.286,0.0,country_area_weighted_mean,6,synthetic
2025-07-14,DEU,24.337,21.202,0.2238,0.0,country_area_weighted_mean,6,synthetic
2025-07-14,NLD,23.56,19.624,0.2335,0.0,country_area_weighted_mean,6,synthetic
2025-07-14,BEL,24.161,20.86,0.2583,0.0,country_area_weighted_mean,6,synthetic
2025-07-14,ITA,25.075,22.691,0.2099,0.0,country_area_weighted_mean,6,synthetic
2025-07-14,ESP,25.314,22.315,0.2105,0.0,country_area_weighted_mean,6,synthetic
2025-07-14,POL,23.498,19.881,0.2439,0.0,country_area_weighted_mean,6,synthetic
2025-07-14,HUN,26.673,22.526,0.2079,0.0,country_area_weighted_mean,6,synthetic
2025-07-14,ROU,23.613,21.001,0.2371,0.0,country_area_weighted_mean,6,synthetic
2025-07-14,BGR,24.988,22.243,0.2689,0.0,country_area_weighted_mean,6,synthetic
2025-07-14,SRB,23.864,20.903,0.2401,0.0,country_area_weighted_mean,6,synthetic
2025-07-14,UKR,26.817,23.459,0.2553,0.0,country_area_weighted_mean,6,synthetic
2025-07-14,MDA,23.526,20.99,0.231,0.0,country_area_weighted_mean,6,synthetic
2025-07-14,RUS,23.949,21.284,0.2645,0.0,country_area_weighted_mean,6,synthetic
2025-07-14,TUR,28.896,24.159,0.2363,0.0,country_area_weighted_mean,6,synthetic
2025-07-14,GEO,25.637,22.757,0.3442,0.0,country_area_weighted_mean,6,synthetic
2025-07-14,ISR,26.094,22.231,0.2373,0.0,country_area_weighted_mean,6,synthetic
2025-07-14,EGY,29.836,26.493,0.2493,0.0,country_area_weighted_mean,6,synthetic
2025-07-14,TUN,27.701,23.544,0.2097,0.0,country_area_weighted_mean,6,synthetic
2025-07-14,MAR,28.309,25.353,0.2759,0.0,country_area_weighted_mean,6,synthetic
2025-07-21,FRA,28.16,23.107,0.2893,0.0,country_area_weighted_mean,6,synthetic
2025-07-21,DEU,24.091,20.226,0.2162,0.0,country_area_weighted_mean,6,synthetic
2025-07-21,NLD,24.1,22.112,0.2735,0.0,country_area_weighted_mean,6,synthetic
2025-07-21,BEL,27.256,22.293,0.2205,0.0,country_area_weighted_mean,6,synthetic
2025-07-21,ITA,25.757,22.949,0.1961,0.0,country_area_weighted_mean,6,synthetic
2025-07-21,ESP,26.369,23.127,0.2241,0.0,country_area_weighted_mean,6,synthetic
2025-07-21,POL,22.591,19.172,0.2509,0.0,country_area_weighted_mean,6,synthetic
2025-07-21,HUN,24.75,22.342,0.22,0.0,country_area_weighted_mean,6,synthetic
2025-07-21,ROU,24.243,21.602,0.2729,0.0,country_area_weighted_mean,6,synthetic
2025-07-21,BGR,26.966,23.101,0.2574,0.0,country_area_weighted_mean,6,synthetic
2025-07-21,SRB,21.367,18.29,0.2336,0.0,country_area_weighted_mean,6,synthetic
2025-07-21,UKR,26.531,22.377,0.2385,0.0,country_area_weighted_mean,6,synthetic
2025-07-21,MDA,24.464,21.07,0.2155,0.0,country_area_weighted_mean,6,synthetic
2025-07-21,RUS,24.5,20.922,0.2609,0.0,country_area_weighted_mean,6,synthetic
2025-07-21,TUR,28.125,24.292,0.2846,0.0,country_area_weighted_mean,6,synthetic
2025-07-21,GEO,27.729,23.16,0.2775,0.0,country_area_weighted_mean,6,synthetic
2025-07-21,ISR,26.197,22.902,0.2441,0.0,country_area_weighted_mean,6,synthetic
2025-07-21,EGY,28.92,26.082,0.2189,0.0,country_area_weighted_mean,6,synthetic
2025-07-21,TUN,29.986,25.542,0.2193,0.0,country_area_weighted_mean,6,synthetic
2025-07-21,MAR,27.888,23.288,0.2295,0.0,country_area_weighted_mean,6,synthetic
2025-07-28,FRA,26.805,23.045,0.2817,0.0,country_area_weighted_mean,6,synthetic
2025-07-28,DEU,23.127,18.857,0.2343,0.0,country_area_weighted_mean,6,synthetic
2025-07-28,NLD,23.457,20.528,0.2331,0.0,country_area_weighted_mean,6,synthetic
2025-07-28,BEL,25.393,20.27,0.2365,0.0,country_area_weighted_mean,6,synthetic
2025-07-28,ITA,27.634,24.32,0.2277,0.0,country_area_weighted_mean,6,synthetic
2025-07-28,ESP,28.238,24.046,0.2486,0.0,country_area_weighted_mean,6,synthetic
2025-07-28,POL,24.221,22.167,0.2522,0.0,country_area_weighted_mean,6,synthetic
2025-07-28,HUN,24.531,21.53,0.218,0.0,country_area_weighted_mean,6,synthetic
2025-07-28,ROU,26.31,21.796,0.2158,0.0,country_area_weighted_mean,6,synthetic
2025-07-28,BGR,27.583,23.847,0.2543,0.0,country_area_weighted_mean,6,synthetic
2025-07-28,SRB,22.789,19.399,0.2611,0.0,country_area_weighted_mean,6,synthetic
2025-07-28,UKR,27.926,24.639,0.2215,0.0,country_area_weighted_mean,6,synthetic
2025-07-28,MDA,24.661,21.626,0.2489,0.0,country_area_weighted_mean,6,synthetic
2025-07-28,RUS,25.608,21.801,0.2824,0.0,country_area_weighted_mean,6,synthetic
2025-07-28,TUR,27.899,24.137,0.2919,0.0,country_area_weighted_mean,6,synthetic
2025-07-28,GEO,26.654,23.35,0.2447,0.0,country_area_weighted_mean,6,synthetic
2025-07-28,ISR,27.249,23.939,0.2363,0.0,country_area_weighted_mean,6,synthetic
2025-07-28,EGY,30.003,24.843,0.2496,0.0,country_area_weighted_mean,6,synthetic
2025-07-28,TUN,30.633,25.947,0.2391,0.0,country_area_weighted_mean,6,synthetic
2025-07-28,MAR,29.271,24.811,0.2297,0.0,country_area_weighted_mean,6,synthetic
2025-08-04,FRA,25.97,22.5,0.3004,0.0,country_area_weighted_mean,6,synthetic
2025-08-04,DEU,23.98,21.543,0.2451,0.0,country_area_weighted_mean,6,synthetic
2025-08-04,NLD,25.74,21.571,0.2399,0.0,country_area_weighted_mean,6,synthetic
2025-08-04,BEL,26.507,22.582,0.2597,0.0,country_area_weighted_mean,6,synthetic
2025-08-04,ITA,27.789,24.121,0.2124,0.0,country_area_weighted_mean,6,synthetic
2025-08-04,ESP,29.297,25.215,0.2394,0.0,country_area_weighted_mean,6,synthetic
2025-08-04,POL,24.881,20.65,0.2477,0.0,country_area_weighted_mean,6,synthetic
2025-08-04,HUN,26.276,22.89,0.2499,0.0,country_area_weighted_mean,6,synthetic
2025-08-04,ROU,25.714,23.379,0.218,0.0,country_area_weighted_mean,6,synthetic
2025-08-04,BGR,26.979,23.035,0.2421,0.0,country_area_weighted_mean,6,synthetic
2025-08-04,SRB,23.239,19.82,0.2504,0.0,country_area_weighted_mean,6,synthetic
2025-08-04,UKR,27.714,24.37,0.2424,0.0,country_area_weighted_mean,6,synthetic
2025-08-04,MDA,23.313,20.399,0.228,0.0,country_area_weighted_mean,6,synthetic
2025-08-04,RUS,25.239,22.107,0.272,0.0,country_area_weighted_mean,6,synthetic
2025-08-04,TUR,25.362,22.717,0.2625,0.0,country_area_weighted_mean,6,synthetic
2025-08-04,GEO,29.147,25.446,0.3007,0.0,country_area_weighted_mean,6,synthetic
2025-08-04,ISR,26.479,23.332,0.2504,0.0,country_area_weighted_mean,6,synthetic
2025-08-04,EGY,28.469,25.513,0.2138,0.0,country_area_weighted_mean,6,synthetic
2025-08-04,TUN,29.398,25.48,0.2659,0.0,country_area_weighted_mean,6,synthetic
2025-08-04,MAR,28.138,24.451,0.2217,0.0,country_area_weighted_mean,6,synthetic
2025-08-11,FRA,24.719,21.352,0.3457,0.0,country_area_weighted_mean,6,synthetic
2025-08-11,DEU,24.225,20.647,0.2588,0.0,country_area_weighted_mean,6,synthetic
2025-08-11,NLD,26.813,22.936,0.2599,0.0,country_area_weighted_mean,6,synthetic
2025-08-11,BEL,24.842,20.858,0.2916,0.0,country_area_weighted_mean,6,synthetic
2025-08-11,ITA,28.013,23.791,0.2018,0.0,country_area_weighted_mean,6,synthetic
2025-08-11,ESP,29.114,24.996,0.2406,0.0,country_area_weighted_mean,6,synthetic
2025-08-11,POL,25.133,21.121,0.2524,0.0,country_area_weighted_mean,6,synthetic
2025-08-11,HUN,24.043,20.43,0.3129,0.0,country_area_weighted_mean,6,synthetic
2025-08-11,ROU,24.894,21.313,0.2374,0.0,country_area_weighted_mean,6,synthetic
2025-08-11,BGR,26.105,22.172,0.234,0.0,country_area_weighted_mean,6,synthetic
2025-08-11,SRB,23.131,21.153,0.252,0.0,country_area_weighted_mean,6,synthetic
2025-08-11,UKR,26.048,22.716,0.2131,0.0,country_area_weighted_mean,6,synthetic
2025-08-11,MDA,25.733,22.739,0.2401,0.0,country_area_weighted_mean,6,synthetic
2025-08-11,RUS,22.57,19.04,0.2058,0.0,country_area_weighted_mean,6,synthetic
2025-08-11,TUR,23.522,21.387,0.2296,0.0,country_area_weighted_mean,6,synthetic
2025-08-11,GEO,29.001,25.273,0.2813,0.0,country_area_weighted_mean,6,synthetic
2025-08-11,ISR,28.702,24.417,0.2443,0.0,country_area_weighted_mean,6,synthetic
2025-08-11,EGY,30.14,24.957,0.2109,0.0,country_area_weighted_mean,6,synthetic
2025-08-11,TUN,28.855,25.303,0.2571,0.0,country_area_weighted_mean,6,synthetic
2025-08-11,MAR,27.241,23.34,0.2431,0.0,country_area_weighted_mean,6,synthetic
2025-08-18,FRA,23.319,20.727,0.2881,0.0,country_area_weighted_mean,6,synthetic
2025-08-18,DEU,24.344,21.449,0.2753,0.0,country_area_weighted_mean,6,synthetic
2025-08-18,NLD,25.808,22.436,0.2398,0.0,country_area_weighted_mean,6,synthetic
2025-08-18,BEL,24.652,21.168,0.2834,0.0,country_area_weighted_mean,6,synthetic
2025-08-18,ITA,27.589,24.565,0.2278,0.0,country_area_weighted_mean,6,synthetic
2025-08-18,ESP,30.578,25.958,0.237,0.0,country_area_weighted_mean,6,synthetic
2025-08-18,POL,24.963,22.034,0.2337,0.0,country_area_weighted_mean,6,synthetic
2025-08-18,HUN,25.556,21.9,0.2998,0.0,country_area_weighted_mean,6,synthetic
2025-08-18,ROU,22.83,19.055,0.2238,0.0,country_area_weighted_mean,6,synthetic
2025-08-18,BGR,25.84,22.373,0.2456,0.0,country_area_weighted_mean,6,synthetic
2025-08-18,SRB,23.783,20.943,0.2316,0.0,country_area_weighted_mean,6,synthetic
2025-08-18,UKR,24.705,21.608,0.2624,0.0,country_area_weighted_mean,6,synthetic
2025-08-18,MDA,26.573,22.587,0.2498,0.0,country_area_weighted_mean,6,synthetic
2025-08-18,RUS,20.145,18.652,0.2236,0.0,country_area_weighted_mean,6,synthetic
2025-08-18,TUR,24.53,21.459,0.2483,0.0,country_area_weighted_mean,6,synthetic
2025-08-18,GEO,26.88,23.014,0.2477,0.0,country_area_weighted_mean,6,synthetic
2025-08-18,ISR,30.733,25.987,0.2357,0.0,country_area_weighted_mean,6,synthetic
2025-08-18,EGY,27.716,23.708,0.1809,0.0,country_area_weighted_mean,6,synthetic
2025-08-18,TUN,26.714,23.724,0.2238,0.0,country_area_weighted_mean,6,synthetic
2025-08-18,MAR,24.822,22.049,0.2575,0.0,country_area_weighted_mean,6,synthetic
2025-08-25,FRA,22.526,20.609,0.279,0.0,country_area_weighted_mean,6,synthetic
2025-08-25,DEU,23.347,19.468,0.2632,0.0,country_area_weighted_mean,6,synthetic
2025-08-25,NLD,25.059,21.578,0.2212,0.0,country_area_weighted_mean,6,synthetic
2025-08-25,BEL,22.815,19.832,0.257,0.0,country_area_weighted_mean,6,synthetic
2025-08-25,ITA,27.871,23.954,0.2591,0.0,country_area_weighted_mean,6,synthetic
2025-08-25,ESP,30.924,26.065,0.2688,0.0,country_area_weighted_mean,6,synthetic
2025-08-25,POL,21.82,18.49,0.2435,0.0,country_area_weighted_mean,6,synthetic
2025-08-25,HUN,24.206,20.607,0.2736,0.0,country_area_weighted_mean,6,synthetic
2025-08-25,ROU,19.995,17.921,0.2015,0.0,country_area_weighted_mean,6,synthetic
2025-08-25,BGR,23.926,22.664,0.2642,0.0,country_area_weighted_mean,6,synthetic
2025-08-25,SRB,25.44,21.659,0.2626,0.0,country_area_weighted_mean,6,synthetic
2025-08-25,UKR,22.078,19.587,0.2403,0.0,country_area_weighted_mean,6,synthetic
2025-08-25,MDA,25.567,21.965,0.2156,0.0,country_area_weighted_mean,6,synthetic
2025-08-25,RUS,19.85,16.46,0.2819,0.0,country_area_weighted_mean,6,synthetic
2025-08-25,TUR,24.871,21.483,0.2368,0.0,country_area_weighted_mean,6,synthetic
2025-08-25,GEO,23.979,21.647,0.248,0.0,country_area_weighted_mean,6,synthetic
2025-08-25,ISR,28.188,24.542,0.2193,0.0,country_area_weighted_mean,6,synthetic
2025-08-25,EGY,28.612,25.861,0.2171,0.0,country_area_weighted_mean,6,synthetic
2025-08-25,TUN,25.661,22.165,0.2763,0.0,country_area_weighted_mean,6,synthetic
2025-08-25,MAR,24.637,21.753,0.2086,0.0,country_area_weighted_mean,6,synthetic
2025-09-01,FRA,22.793,19.33,0.2843,0.0,country_area_weighted_mean,6,synthetic
2025-09-01,DEU,22.47,20.461,0.2345,0.0,country_area_weighted_mean,6,synthetic
2025-09-01,NLD,23.269,20.445,0.2241,0.0,country_area_weighted_mean,6,synthetic
2025-09-01,BEL,20.67,17.77,0.2466,0.0,country_area_weighted_mean,6,synthetic
2025-09-01,ITA,26.09,22.204,0.2639,0.0,country_area_weighted_mean,6,synthetic
2025-09-01,ESP,28.271,24.5,0.2437,0.0,country_area_weighted_mean,6,synthetic
2025-09-01,POL,21.986,19.347,0.2203,0.0,country_area_weighted_mean,6,synthetic
2025-09-01,HUN,22.679,19.057,0.2706,0.0,country_area_weighted_mean,6,synthetic
2025-09-01,ROU,20.02,18.225,0.245,0.0,country_area_weighted_mean,6,synthetic
2025-09-01,BGR,23.414,19.977,0.225,0.0,country_area_weighted_mean,6,synthetic
2025-09-01,SRB,23.869,20.928,0.2483,0.0,country_area_weighted_mean,6,synthetic
2025-09-01,UKR,21.159,18.429,0.24,0.0,country_area_weighted_mean,6,synthetic
2025-09-01,MDA,24.82,21.109,0.2299,0.0,country_area_weighted_mean,6,synthetic
2025-09-01,RUS,17.149,15.536,0.2409,0.0,country_area_weighted_mean,6,synthetic
2025-09-01,TUR,24.322,21.363,0.2478,0.0,country_area_weighted_mean,6,synthetic
2025-09-01,GEO,22.842,20.735,0.2951,0.0,country_area_weighted_mean,6,synthetic
2025-09-01,ISR,27.789,23.856,0.2207,0.0,country_area_weighted_mean,6,synthetic
2025-09-01,EGY,27.389,24.176,0.226,0.0,country_area_weighted_mean,6,synthetic
2025-09-01,TUN,24.863,20.855,0.2676,0.0,country_area_weighted_mean,6,synthetic
2025-09-01,MAR,26.059,23.162,0.2564,0.0,country_area_weighted_mean,6,synthetic
2025-09-08,FRA,21.638,18.417,0.2914,0.0,country_area_weighted_mean,6,synthetic
2025-09-08,DEU,21.233,18.404,0.2009,0.0,country_area_weighted_mean,6,synthetic
2025-09-08,NLD,19.764,17.669,0.2474,0.0,country_area_weighted_mean,6,synthetic
2025-09-08,BEL,18.735,15.852,0.2302,0.0,country_area_weighted_mean,6,synthetic
2025-09-08,ITA,27.057,23.421,0.2276,0.0,country_area_weighted_mean,6,synthetic
2025-09-08,ESP,25.041,22.453,0.2283,0.0,country_area_weighted_mean,6,synthetic
2025-09-08,POL,23.511,20.705,0.2535,0.0,country_area_weighted_mean,6,synthetic
2025-09-08,HUN,21.62,17.866,0.2296,0.0,country_area_weighted_mean,6,synthetic
2025-09-08,ROU,19.855,17.874,0.2189,0.0,country_area_weighted_mean,6,synthetic
2025-09-08,BGR,21.433,19.073,0.2645,0.0,country_area_weighted_mean,6,synthetic
2025-09-08,SRB,24.203,21.708,0.295,0.0,country_area_weighted_mean,6,synthetic
2025-09-08,UKR,22.425,19.134,0.2032,0.0,country_area_weighted_mean,6,synthetic
2025-09-08,MDA,23.378,19.728,0.1908,0.0,country_area_weighted_mean,6,synthetic
2025-09-08,RUS,16.711,14.808,0.2386,0.0,country_area_weighted_mean,6,synthetic
2025-09-08,TUR,23.491,20.694,0.2305,0.0,country_area_weighted_mean,6,synthetic
2025-09-08,GEO,21.717,19.591,0.245,0.0,country_area_weighted_mean,6,synthetic
2025-09-08,ISR,25.568,21.423,0.2305,0.0,country_area_weighted_mean,6,synthetic
2025-09-08,EGY,27.349,22.607,0.2607,0.0,country_area_weighted_mean,6,synthetic
2025-09-08,TUN,25.734,22.048,0.2297,0.0,country_area_weighted_mean,6,synthetic
2025-09-08,MAR,24.939,21.154,0.2443,0.0,country_area_weighted_mean,6,synthetic
2025-09-15,FRA,18.704,16.239,0.2728,0.0,country_area_weighted_mean,6,synthetic
2025-09-15,DEU,19.842,16.015,0.2363,0.0,country_area_weighted_mean,6,synthetic
2025-09-15,NLD,18.85,16.063,0.2341,0.0,country_area_weighted_mean,6,synthetic
2025-09-15,BEL,17.355,16.63,0.2684,0.0,country_area_weighted_mean,6,synthetic
2025-09-15,ITA,25.435,23.656,0.2045,0.0,country_area_weighted_mean,6,synthetic
2025-09-15,ESP,22.742,19.647,0.2227,0.0,country_area_weighted_mean,6,synthetic
2025-09-15,POL,22.716,18.92,0.2863,0.0,country_area_weighted_mean,6,synthetic
2025-09-15,HUN,18.834,16.966,0.2659,0.0,country_area_weighted_mean,6,synthetic
2025-09-15,ROU,18.616,16.073,0.2567,0.0,country_area_weighted_mean,6,synthetic
2025-09-15,BGR,22.514,19.068,0.2452,0.0,country_area_weighted_mean,6,synthetic
2025-09-15,SRB,21.074,18.882,0.2838,0.0,country_area_weighted_mean,6,synthetic
2025-09-15,UKR,19.949,18.412,0.2355,0.0,country_area_weighted_mean,6,synthetic
2025-09-15,MDA,20.075,17.877,0.2473,0.0,country_area_weighted_mean,6,synthetic
2025-09-15,RUS,15.526,13.881,0.2524,0.0,country_area_weighted_mean,6,synthetic
2025-09-15,TUR,25.107,22.451,0.2267,0.0,country_area_weighted_mean,6,synthetic
2025-09-15,GEO,20.881,18.462,0.2377,0.0,country_area_weighted_mean,6,synthetic
2025-09-15,ISR,23.232,20.018,0.2696,0.0,country_area_weighted_mean,6,synthetic
2025-09-15,EGY,25.719,22.482,0.2086,0.0,country_area_weighted_mean,6,synthetic
2025-09-15,TUN,23.181,21.102,0.2288,0.0,country_area_weighted_mean,6,synthetic
2025-09-15,MAR,23.317,19.539,0.2768,0.0,country_area_weighted_mean,6,synthetic
2025-09-22,FRA,18.542,16.554,0.2575,0.0,country_area_weighted_mean,6,synthetic
2025-09-22,DEU,17.085,15.075,0.2357,0.0,country_area_weighted_mean,6,synthetic
2025-09-22,NLD,16.879,15.546,0.2446,0.0,country_area_weighted_mean,6,synthetic
2025-09-22,BEL,16.227,14.918,0.2805,0.0,country_area_weighted_mean,6,synthetic
2025-09-22,ITA,25.192,22.014,0.2584,0.0,country_area_weighted_mean,6,synthetic
2025-09-22,ESP,20.985,18.545,0.243,0.0,country_area_weighted_mean,6,synthetic
2025-09-22,POL,18.402,15.858,0.2574,0.0,country_area_weighted_mean,6,synthetic
2025-09-22,HUN,18.44,15.878,0.2955,0.0,country_area_weighted_mean,6,synthetic
2025-09-22,ROU,15.156,13.819,0.2748,0.0,country_area_weighted_mean,6,synthetic
2025-09-22,BGR,21.986,19.62,0.2463,0.0,country_area_weighted_mean,6,synthetic
2025-09-22,SRB,19.488,16.862,0.228,0.0,country_area_weighted_mean,6,synthetic
2025-09-22,UKR,18.872,15.946,0.2573,0.0,country_area_weighted_mean,6,synthetic
2025-09-22,MDA,19.159,16.412,0.2522,0.0,country_area_weighted_mean,6,synthetic
2025-09-22,RUS,15.592,13.632,0.2531,0.0,country_area_weighted_mean,6,synthetic
2025-09-22,TUR,22.31,18.93,0.2125,0.0,country_area_weighted_mean,6,synthetic
2025-09-22,GEO,20.068,16.916,0.1981,0.0,country_area_weighted_mean,6,synthetic
2025-09-22,ISR,23.02,19.878,0.2508,0.0,country_area_weighted_mean,6,synthetic
2025-09-22,EGY,23.419,20.676,0.2184,0.0,country_area_weighted_mean,6,synthetic
2025-09-22,TUN,19.818,18.106,0.2709,0.0,country_area_weighted_mean,6,synthetic
2025-09-22,MAR,21.372,19.204,0.209,0.0,country_area_weighted_mean,6,synthetic
2025-09-29,FRA,16.868,15.062,0.2487,0.0,country_area_weighted_mean,6,synthetic
2025-09-29,DEU,16.759,14.695,0.2505,0.0,country_area_weighted_mean,6,synthetic
2025-09-29,NLD,14.272,13.506,0.2526,0.0,country_area_weighted_mean,6,synthetic
2025-09-29,BEL,16.722,14.647,0.2606,0.0,country_area_weighted_mean,6,synthetic
2025-09-29,ITA,22.187,19.182,0.2434,0.0,country_area_weighted_mean,6,synthetic
2025-09-29,ESP,18.352,15.96,0.2755,0.0,country_area_weighted_mean,6,synthetic
2025-09-29,POL,16.622,14.86,0.3056,0.0,country_area_weighted_mean,6,synthetic
2025-09-29,HUN,17.572,15.649,0.2539,0.0,country_area_weighted_mean,6,synthetic
2025-09-29,ROU,16.441,15.092,0.2448,0.0,country_area_weighted_mean,6,synthetic
2025-09-29,BGR,19.795,16.816,0.2413,0.0,country_area_weighted_mean,6,synthetic
2025-09-29,SRB,15.598,14.299,0.2356,0.0,country_area_weighted_mean,6,synthetic
2025-09-29,UKR,17.758,14.347,0.2645,0.0,country_area_weighted_mean,6,synthetic
2025-09-29,MDA,18.715,15.81,0.2934,0.0,country_area_weighted_mean,6,synthetic
2025-09-29,RUS,15.296,13.214,0.2479,0.0,country_area_weighted_mean,6,synthetic
2025-09-29,TUR,20.882,17.553,0.2336,0.0,country_area_weighted_mean,6,synthetic
2025-09-29,GEO,18.485,16.063,0.2223,0.0,country_area_weighted_mean,6,synthetic
2025-09-29,ISR,20.386,17.918,0.2679,0.0,country_area_weighted_mean,6,synthetic
2025-09-29,EGY,23.091,20.742,0.2114,0.0,country_area_weighted_mean,6,synthetic
2025-09-29,TUN,19.478,16.894,0.2341,0.0,country_area_weighted_mean,6,synthetic
2025-09-29,MAR,20.044,17.567,0.2026,0.0,country_area_weighted_mean,6,synthetic
2025-10-06,FRA,14.986,11.927,0.2279,0.0,country_area_weighted_mean,6,synthetic
2025-10-06,DEU,13.838,12.208,0.2511,0.0,country_area_weighted_mean,6,synthetic
2025-10-06,NLD,12.687,11.347,0.2218,0.0,country_area_weighted_mean,6,synthetic
2025-10-06,BEL,14.426,13.685,0.238,0.0,country_area_weighted_mean,6,synthetic
2025-10-06,ITA,21.239,18.592,0.2047,0.0,country_area_weighted_mean,6,synthetic
2025-10-06,ESP,15.265,14.155,0.2457,0.0,country_area_weighted_mean,6,synthetic
2025-10-06,POL,14.2,12.949,0.2833,0.0,country_area_weighted_mean,6,synthetic
2025-10-06,HUN,15.257,14.32,0.2412,0.0,country_area_weighted_mean,6,synthetic
2025-10-06,ROU,14.784,13.705,0.2066,0.0,country_area_weighted_mean,6,synthetic
2025-10-06,BGR,19.076,16.668,0.2072,0.0,country_area_weighted_mean,6,synthetic
2025-10-06,SRB,15.167,14.384,0.304,0.0,country_area_weighted_mean,6,synthetic
2025-10-06,UKR,14.041,13.088,0.272,0.0,country_area_weighted_mean,6,synthetic
2025-10-06,MDA,16.308,14.183,0.2555,0.0,country_area_weighted_mean,6,synthetic
2025-10-06,RUS,13.995,13.564,0.2354,0.0,country_area_weighted_mean,6,synthetic
2025-10-06,TUR,20.314,18.388,0.1795,0.0,country_area_weighted_mean,6,synthetic
2025-10-06,GEO,18.04,16.41,0.2331,0.0,country_area_weighted_mean,6,synthetic
2025-10-06,ISR,20.958,19.235,0.2466,0.0,country_area_weighted_mean,6,synthetic
2025-10-06,EGY,22.459,19.818,0.2585,0.0,country_area_weighted_mean,6,synthetic
2025-10-06,TUN,17.935,15.2,0.2984,0.0,country_area_weighted_mean,6,synthetic
2025-10-06,MAR,17.534,15.807,0.2279,0.0,country_area_weighted_mean,6,synthetic
2025-10-13,FRA,10.717,9.019,0.265,0.0,country_area_weighted_mean,6,synthetic
2025-10-13,DEU,14.5,11.894,0.2678,0.0,country_area_weighted_mean,6,synthetic
2025-10-13,NLD,9.94,8.887,0.2343,0.0,country_area_weighted_mean,6,synthetic
2025-10-13,BEL,11.959,11.27,0.2937,0.0,country_area_weighted_mean,6,synthetic
2025-10-13,ITA,16.91,14.211,0.2759,0.0,country_area_weighted_mean,6,synthetic
2025-10-13,ESP,15.326,13.119,0.2404,0.0,country_area_weighted_mean,6,synthetic
2025-10-13,POL,12.483,10.868,0.2543,0.0,country_area_weighted_mean,6,synthetic
2025-10-13,HUN,11.574,11.036,0.3004,0.0,country_area_weighted_mean,6,synthetic
2025-10-13,ROU,14.394,13.339,0.2423,0.0,country_area_weighted_mean,6,synthetic
2025-10-13,BGR,15.504,13.746,0.2705,0.0,country_area_weighted_mean,6,synthetic
2025-10-13,SRB,14.432,12.798,0.2948,0.0,country_area_weighted_mean,6,synthetic
2025-10-13,UKR,13.712,11.872,0.2511,0.0,country_area_weighted_mean,6,synthetic
2025-10-13,MDA,14.732,14.624,0.269,0.0,country_area_weighted_mean,6,synthetic
2025-10-13,RUS,12.109,11.607,0.289,0.0,country_area_weighted_mean,6,synthetic
2025-10-13,TUR,16.866,14.347,0.2431,0.0,country_area_weighted_mean,6,synthetic
2025-10-13,GEO,16.077,13.352,0.2378,0.0,country_area_weighted_mean,6,synthetic
2025-10-13,ISR,19.055,18.025,0.2652,0.0,country_area_weighted_mean,6,synthetic
2025-10-13,EGY,21.615,18.235,0.2571,0.0,country_area_weighted_mean,6,synthetic
2025-10-13,TUN,17.658,14.726,0.2746,0.0,country_area_weighted_mean,6,synthetic
2025-10-13,MAR,20.509,17.498,0.2567,0.0,country_area_weighted_mean,6,synthetic
2025-10-20,FRA,8.94,7.874,0.2696,0.0,country_area_weighted_mean,6,synthetic
2025-10-20,DEU,9.793,9.298,0.3092,0.0,country_area_weighted_mean,6,synthetic
2025-10-20,NLD,9.55,9.638,0.2921,0.0,country_area_weighted_mean,6,synthetic
2025-10-20,BEL,10.339,9.801,0.2655,0.0,country_area_weighted_mean,6,synthetic
2025-10-20,ITA,15.818,13.746,0.2557,0.0,country_area_weighted_mean,6,synthetic
2025-10-20,ESP,15.355,13.597,0.2607,0.0,country_area_weighted_mean,6,synthetic
2025-10-20,POL,10.947,9.378,0.2788,0.0,country_area_weighted_mean,6,synthetic
2025-10-20,HUN,10.822,9.436,0.2804,0.0,country_area_weighted_mean,6,synthetic
2025-10-20,ROU,14.85,13.705,0.2362,0.0,country_area_weighted_mean,6,synthetic
2025-10-20,BGR,13.364,12.335,0.2612,0.0,country_area_weighted_mean,6,synthetic
2025-10-20,SRB,14.648,12.574,0.2496,0.0,country_area_weighted_mean,6,synthetic
2025-10-20,UKR,9.027,8.599,0.2655,0.0,country_area_weighted_mean,6,synthetic
2025-10-20,MDA,13.975,12.46,0.2887,0.0,country_area_weighted_mean,6,synthetic
2025-10-20,RUS,8.343,8.189,0.2737,0.0,country_area_weighted_mean,6,synthetic
2025-10-20,TUR,16.482,14.282,0.2599,0.0,country_area_weighted_mean,6,synthetic
2025-10-20,GEO,13.778,11.815,0.242,0.0,country_area_weighted_mean,6,synthetic
2025-10-20,ISR,17.453,14.26,0.2491,0.0,country_area_weighted_mean,6,synthetic
2025-10-20,EGY,19.22,17.902,0.2604,0.0,country_area_weighted_mean,6,synthetic
2025-10-20,TUN,16.603,14.618,0.3121,0.0,country_area_weighted_mean,6,synthetic
2025-10-20,MAR,17.337,15.356,0.2655,0.0,country_area_weighted_mean,6,synthetic
2025-10-27,FRA,8.972,7.844,0.2962,0.0,country_area_weighted_mean,6,synthetic
2025-10-27,DEU,5.588,5.023,0.4742,0.0,country_area_weighted_mean,6,synthetic
2025-10-27,NLD,5.943,5.854,0.2804,0.0,country_area_weighted_mean,6,synthetic
2025-10-27,BEL,7.29,6.944,0.2244,0.0,country_area_weighted_mean,6,synthetic
2025-10-27,ITA,13.557,11.762,0.2752,0.0,country_area_weighted_mean,6,synthetic
2025-10-27,ESP,12.671,11.217,0.2647,0.0,country_area_weighted_mean,6,synthetic
2025-10-27,POL,6.074,4.917,0.2607,0.0,country_area_weighted_mean,6,synthetic
2025-10-27,HUN,9.25,9.095,0.2968,0.0,country_area_weighted_mean,6,synthetic
2025-10-27,ROU,11.644,9.493,0.2508,0.0,country_area_weighted_mean,6,synthetic
2025-10-27,BGR,12.357,10.9,0.2827,0.0,country_area_weighted_mean,6,synthetic
2025-10-27,SRB,11.954,10.44,0.2476,0.0,country_area_weighted_mean,6,synthetic
2025-10-27,UKR,7.008,6.647,0.3193,0.0,country_area_weighted_mean,6,synthetic
2025-10-27,MDA,10.916,9.978,0.3944,0.0,country_area_weighted_mean,6,synthetic
2025-10-27,RUS,6.977,6.893,0.2665,0.0,country_area_weighted_mean,6,synthetic
2025-10-27,TUR,14.374,13.087,0.2642,0.0,country_area_weighted_mean,6,synthetic
2025-10-27,GEO,12.201,10.626,0.2481,0.0,country_area_weighted_mean,6,synthetic
2025-10-27,ISR,16.69,14.22,0.2637,0.0,country_area_weighted_mean,6,synthetic
2025-10-27,EGY,17.226,15.104,0.2905,0.0,country_area_weighted_mean,6,synthetic
2025-10-27,TUN,14.629,14.382,0.2794,0.0,country_area_weighted_mean,6,synthetic
2025-10-27,MAR,16.527,14.366,0.2796,0.0,country_area_weighted_mean,6,synthetic
2025-11-03,FRA,9.025,9.141,0.2851,0.0,country_area_weighted_mean,6,synthetic
2025-11-03,DEU,6.562,5.688,0.3871,0.0,country_area_weighted_mean,6,synthetic
2025-11-03,NLD,4.097,3.436,0.2493,0.0,country_area_weighted_mean,6,synthetic
2025-11-03,BEL,5.261,5.042,0.2889,0.0,country_area_weighted_mean,6,synthetic
2025-11-03,ITA,12.57,10.794,0.2733,0.0,country_area_weighted_mean,6,synthetic
2025-11-03,ESP,11.077,9.863,0.267,0.0,country_area_weighted_mean,6,synthetic
2025-11-03,POL,5.178,4.826,0.3127,0.0,country_area_weighted_mean,6,synthetic
2025-11-03,HUN,5.678,4.673,0.2765,0.0,country_area_weighted_mean,6,synthetic
2025-11-03,ROU,7.733,7.294,0.3196,0.0,country_area_weighted_mean,6,synthetic
2025-11-03,BGR,8.795,7.83,0.279,0.0,country_area_weighted_mean,6,synthetic
2025-11-03,SRB,11.707,10.702,0.271,0.0,country_area_weighted_mean,6,synthetic
2025-11-03,UKR,7.198,6.415,0.3748,0.0,country_area_weighted_mean,6,synthetic
2025-11-03,MDA,8.722,8.065,0.3121,0.0,country_area_weighted_mean,6,synthetic
2025-11-03,RUS,4.504,4.809,0.259,0.0,country_area_weighted_mean,6,synthetic
2025-11-03,TUR,11.169,10.3,0.3628,0.0,country_area_weighted_mean,6,synthetic
2025-11-03,GEO,10.373,9.452,0.2872,0.0,country_area_weighted_mean,6,synthetic
2025-11-03,ISR,14.347,13.307,0.2705,0.0,country_area_weighted_mean,6,synthetic
2025-11-03,EGY,18.466,15.641,0.2539,0.0,country_area_weighted_mean,6,synthetic
2025-11-03,TUN,14.457,13.363,0.3047,0.0,country_area_weighted_mean,6,synthetic
2025-11-03,MAR,16.683,15.026,0.2357,0.0,country_area_weighted_mean,6,synthetic
2025-11-10,FRA,5.87,6.487,0.2776,0.0,country_area_weighted_mean,6,synthetic
2025-11-10,DEU,3.156,4.091,0.3002,0.0,country_area_weighted_mean,6,synthetic
2025-11-10,NLD,0.18,0.524,0.3318,0.036,country_area_weighted_mean,6,synthetic
2025-11-10,BEL,2.191,2.713,0.3148,0.0095,country_area_weighted_mean,6,synthetic
2025-11-10,ITA,9.057,8.419,0.2392,0.0,country_area_weighted_mean,6,synthetic
2025-11-10,ESP,10.908,9.001,0.3028,0.0,country_area_weighted_mean,6,synthetic
2025-11-10,POL,2.729,1.83,0.3031,0.0094,country_area_weighted_mean,6,synthetic
2025-11-10,HUN,4.518,4.991,0.2734,0.0,country_area_weighted_mean,6,synthetic
2025-11-10,ROU,5.446,5.212,0.3184,0.0,country_area_weighted_mean,6,synthetic
2025-11-10,BGR,9.061,8.618,0.2854,0.0,country_area_weighted_mean,6,synthetic
2025-11-10,SRB,9.541,8.819,0.2762,0.0,country_area_weighted_mean,6,synthetic
2025-11-10,UKR,3.782,3.472,0.361,0.0,country_area_weighted_mean,6,synthetic
2025-11-10,MDA,7.155,6.845,0.3122,0.0,country_area_weighted_mean,6,synthetic
2025-11-10,RUS,1.381,1.271,0.2796,0.0126,country_area_weighted_mean,6,synthetic
2025-11-10,TUR,10.261,9.279,0.3067,0.0,country_area_weighted_mean,6,synthetic
2025-11-10,GEO,9.143,8.075,0.2807,0.0,country_area_weighted_mean,6,synthetic
2025-11-10,ISR,14.881,13.029,0.2703,0.0,country_area_weighted_mean,6,synthetic
2025-11-10,EGY,16.45,14.15,0.2993,0.0,country_area_weighted_mean,6,synthetic
2025-11-10,TUN,12.843,10.94,0.2969,0.0,country_area_weighted_mean,6,synthetic
2025-11-10,MAR,17.147,14.015,0.2807,0.0,country_area_weighted_mean,6,synthetic
2025-11-17,FRA,5.779,4.373,0.2564,0.0,country_area_weighted_mean,6,synthetic
2025-11-17,DEU,3.032,4.242,0.2901,0.0,country_area_weighted_mean,6,synthetic
2025-11-17,NLD,-0.952,0.187,0.2803,0.0376,country_area_weighted_mean,6,synthetic
2025-11-17,BEL,1.29,1.111,0.387,0.017,country_area_weighted_mean,6,synthetic
2025-11-17,ITA,7.501,7.233,0.2537,0.0,country_area_weighted_mean,6,synthetic
2025-11-17,ESP,10.14,9.18,0.2841,0.0,country_area_weighted_mean,6,synthetic
2025-11-17,POL,-0.954,-0.503,0.3175,0.0413,country_area_weighted_mean,6,synthetic
2025-11-17,HUN,0.994,2.262,0.2459,0.0132,country_area_weighted_mean,6,synthetic
2025-11-17,ROU,4.731,4.458,0.3164,0.0,country_area_weighted_mean,6,synthetic
2025-11-17,BGR,6.898,6.587,0.307,0.0,country_area_weighted_mean,6,synthetic
2025-11-17,SRB,7.455,6.467,0.2951,0.0,country_area_weighted_mean,6,synthetic
2025-11-17,UKR,4.116,2.385,0.2597,0.0063,country_area_weighted_mean,6,synthetic
2025-11-17,MDA,4.599,4.395,0.2792,0.0,country_area_weighted_mean,6,synthetic
2025-11-17,RUS,0.051,0.486,0.3219,0.0286,country_area_weighted_mean,6,synthetic
2025-11-17,TUR,10.84,8.871,0.3739,0.0,country_area_weighted_mean,6,synthetic
2025-11-17,GEO,6.725,5.967,0.2673,0.0,country_area_weighted_mean,6,synthetic
2025-11-17,ISR,17.998,15.1,0.2086,0.0,country_area_weighted_mean,6,synthetic
2025-11-17,EGY,14.71,12.279,0.2671,0.0,country_area_weighted_mean,6,synthetic
2025-11-17,TUN,9.046,8.769,0.331,0.0,country_area_weighted_mean,6,synthetic
2025-11-17,MAR,15.8,13.825,0.2869,0.0,country_area_weighted_mean,6,synthetic
2025-11-24,FRA,2.917,2.725,0.2627,0.0,country_area_weighted_mean,6,synthetic
2025-11-24,DEU,1.17,1.407,0.3389,0.0275,country_area_weighted_mean,6,synthetic
2025-11-24,NLD,-1.742,-0.441,0.3123,0.0584,country_area_weighted_mean,6,synthetic
2025-11-24,BEL,-3.19,-0.935,0.3495,0.058,country_area_weighted_mean,6,synthetic
2025-11-24,ITA,6.145,4.925,0.3033,0.0,country_area_weighted_mean,6,synthetic
2025-11-24,ESP,5.758,5.793,0.3101,0.0,country_area_weighted_mean,6,synthetic
2025-11-24,POL,0.435,1.556,0.3324,0.0346,country_area_weighted_mean,6,synthetic
2025-11-24,HUN,1.063,0.693,0.2676,0.0179,country_area_weighted_mean,6,synthetic
2025-11-24,ROU,4.127,3.995,0.2997,0.0,country_area_weighted_mean,6,synthetic
2025-11-24,BGR,7.828,5.841,0.2867,0.0,country_area_weighted_mean,6,synthetic
2025-11-24,SRB,4.93,5.078,0.3257,0.0,country_area_weighted_mean,6,synthetic
2025-11-24,UKR,0.574,1.708,0.3359,0.0219,country_area_weighted_mean,6,synthetic
2025-11-24,MDA,2.666,2.917,0.284,0.0077,country_area_weighted_mean,6,synthetic
2025-11-24,RUS,-4.035,-2.583,0.3206,0.0772,country_area_weighted_mean,6,synthetic
2025-11-24,TUR,6.328,6.83,0.3271,0.0,country_area_weighted_mean,6,synthetic
2025-11-24,GEO,5.182,5.613,0.2797,0.0,country_area_weighted_mean,6,synthetic
2025-11-24,ISR,13.137,11.824,0.2263,0.0,country_area_weighted_mean,6,synthetic
2025-11-24,EGY,14.427,12.786,0.2455,0.0,country_area_weighted_mean,6,synthetic
2025-11-24,TUN,7.674,7.153,0.3006,0.0,country_area_weighted_mean,6,synthetic
2025-11-24,MAR,11.085,9.242,0.2298,0.0,country_area_weighted_mean,6,synthetic
2025-12-01,FRA,2.943,2.546,0.3045,0.0,country_area_weighted_mean,6,synthetic
2025-12-01,DEU,-0.651,-0.58,0.2604,0.0472,country_area_weighted_mean,6,synthetic
2025-12-01,NLD,-2.747,-2.647,0.3059,0.0716,country_area_weighted_mean,6,synthetic
2025-12-01,BEL,-2.9,-2.281,0.3111,0.0705,country_area_weighted_mean,6,synthetic
2025-12-01,ITA,5.062,5.712,0.355,0.0,country_area_weighted_mean,6,synthetic
2025-12-01,ESP,2.091,2.678,0.3214,0.0139,country_area_weighted_mean,6,synthetic
2025-12-01,POL,-0.898,-1.543,0.3293,0.0427,country_area_weighted_mean,6,synthetic
2025-12-01,HUN,-0.807,-0.648,0.2661,0.0392,country_area_weighted_mean,6,synthetic
2025-12-01,ROU,4.071,3.87,0.2812,0.0,country_area_weighted_mean,6,synthetic
2025-12-01,BGR,5.313,5.792,0.2938,0.0,country_area_weighted_mean,6,synthetic
2025-12-01,SRB,3.347,3.065,0.3377,0.0,country_area_weighted_mean,6,synthetic
2025-12-01,UKR,-1.813,-0.147,0.2749,0.042,country_area_weighted_mean,6,synthetic
2025-12-01,MDA,0.506,0.921,0.273,0.0257,country_area_weighted_mean,6,synthetic
2025-12-01,RUS,-3.668,-3.261,0.3878,0.0783,country_area_weighted_mean,6,synthetic
2025-12-01,TUR,3.662,3.032,0.3012,0.0,country_area_weighted_mean,6,synthetic
2025-12-01,GEO,5.583,4.795,0.2747,0.0,country_area_weighted_mean,6,synthetic
2025-12-01,ISR,12.309,10.841,0.3477,0.0,country_area_weighted_mean,6,synthetic
2025-12-01,EGY,14.432,10.452,0.2871,0.0,country_area_weighted_mean,6,synthetic
2025-12-01,TUN,5.26,4.757,0.2815,0.0,country_area_weighted_mean,6,synthetic
2025-12-01,MAR,11.431,10.414,0.2912,0.0,country_area_weighted_mean,6,synthetic
2025-12-08,FRA,0.991,-0.035,0.3723,0.026,country_area_weighted_mean,6,synthetic
2025-12-08,DEU,-0.476,0.222,0.2551,0.0518,country_area_weighted_mean,6,synthetic
2025-12-08,NLD,-4.206,-2.359,0.3829,0.0704,country_area_weighted_mean,6,synthetic
2025-12-08,BEL,-3.375,-3.658,0.3381,0.0801,country_area_weighted_mean,6,synthetic
2025-12-08,ITA,4.663,4.639,0.3404,0.0,country_area_weighted_mean,6,synthetic
2025-12-08,ESP,3.36,2.921,0.291,0.0002,country_area_weighted_mean,6,synthetic
2025-12-08,POL,-4.708,-3.61,0.2985,0.0815,country_area_weighted_mean,6,synthetic
2025-12-08,HUN,-4.033,-2.529,0.268,0.0732,country_area_weighted_mean,6,synthetic
2025-12-08,ROU,2.386,2.896,0.4069,0.0,country_area_weighted_mean,6,synthetic
2025-12-08,BGR,2.906,2.426,0.2789,0.0064,country_area_weighted_mean,6,synthetic
2025-12-08,SRB,2.727,2.428,0.3285,0.0063,country_area_weighted_mean,6,synthetic
2025-12-08,UKR,-1.039,-1.047,0.3097,0.0444,country_area_weighted_mean,6,synthetic
2025-12-08,MDA,0.243,0.141,0.2348,0.0259,country_area_weighted_mean,6,synthetic
2025-12-08,RUS,-5.244,-5.117,0.333,0.0997,country_area_weighted_mean,6,synthetic
2025-12-08,TUR,2.024,3.309,0.2928,0.0043,country_area_weighted_mean,6,synthetic
2025-12-08,GEO,5.014,4.006,0.3084,0.0,country_area_weighted_mean,6,synthetic
2025-12-08,ISR,11.62,10.776,0.3068,0.0,country_area_weighted_mean,6,synthetic
2025-12-08,EGY,12.239,9.569,0.264,0.0,country_area_weighted_mean,6,synthetic
2025-12-08,TUN,2.953,1.967,0.317,0.0,country_area_weighted_mean,6,synthetic
2025-12-08,MAR,12.336,11.468,0.3256,0.0,country_area_weighted_mean,6,synthetic
2025-12-15,FRA,-0.039,0.159,0.3615,0.0393,country_area_weighted_mean,6,synthetic
2025-12-15,DEU,-2.195,-1.095,0.3248,0.0576,country_area_weighted_mean,6,synthetic
2025-12-15,NLD,-2.924,-2.988,0.2671,0.0765,country_area_weighted_mean,6,synthetic
2025-12-15,BEL,-5.656,-4.892,0.3546,0.1063,country_area_weighted_mean,6,synthetic
2025-12-15,ITA,2.739,2.118,0.2647,0.0031,country_area_weighted_mean,6,synthetic
2025-12-15,ESP,-0.348,1.113,0.2559,0.0326,country_area_weighted_mean,6,synthetic
2025-12-15,POL,-5.001,-3.523,0.3077,0.1034,country_area_weighted_mean,6,synthetic
2025-12-15,HUN,-4.87,-3.909,0.3653,0.0888,country_area_weighted_mean,6,synthetic
2025-12-15,ROU,1.853,0.605,0.3221,0.0127,country_area_weighted_mean,6,synthetic
2025-12-15,BGR,1.374,2.557,0.3039,0.0135,country_area_weighted_mean,6,synthetic
2025-12-15,SRB,-0.158,0.135,0.3149,0.0377,country_area_weighted_mean,6,synthetic
2025-12-15,UKR,-3.851,-3.042,0.4168,0.0803,country_area_weighted_mean,6,synthetic
2025-12-15,MDA,-1.252,-0.67,0.2507,0.0523,country_area_weighted_mean,6,synthetic
2025-12-15,RUS,-9.049,-7.661,0.3557,0.1484,country_area_weighted_mean,6,synthetic
2025-12-15,TUR,3.13,3.349,0.3992,0.0,country_area_weighted_mean,6,synthetic
2025-12-15,GEO,2.067,1.781,0.3129,0.0126,country_area_weighted_mean,6,synthetic
2025-12-15,ISR,8.633,9.064,0.3245,0.0,country_area_weighted_mean,6,synthetic
2025-12-15,EGY,12.86,12.258,0.3269,0.0,country_area_weighted_mean,6,synthetic
2025-12-15,TUN,1.487,3.477,0.4155,0.0057,country_area_weighted_mean,6,synthetic
2025-12-15,MAR,11.479,10.605,0.2908,0.0,country_area_weighted_mean,6,synthetic
2025-12-22,FRA,-2.773,-1.713,0.3045,0.0681,country_area_weighted_mean,6,synthetic
2025-12-22,DEU,-5.228,-3.114,0.3072,0.0823,country_area_weighted_mean,6,synthetic
2025-12-22,NLD,-5.844,-3.744,0.3276,0.1011,country_area_weighted_mean,6,synthetic
2025-12-22,BEL,-5.183,-3.618,0.2874,0.0993,country_area_weighted_mean,6,synthetic
2025-12-22,ITA,2.605,2.85,0.3406,0.0,country_area_weighted_mean,6,synthetic
2025-12-22,ESP,-0.891,0.205,0.2736,0.0369,country_area_weighted_mean,6,synthetic
2025-12-22,POL,-7.683,-5.916,0.3357,0.1236,country_area_weighted_mean,6,synthetic
2025-12-22,HUN,-4.808,-3.839,0.402,0.097,country_area_weighted_mean,6,synthetic
2025-12-22,ROU,-3.016,-2.21,0.3044,0.066,country_area_weighted_mean,6,synthetic
2025-12-22,BGR,-2.143,-1.271,0.3258,0.0509,country_area_weighted_mean,6,synthetic
2025-12-22,SRB,-1.901,-0.818,0.3314,0.0509,country_area_weighted_mean,6,synthetic
2025-12-22,UKR,-5.484,-3.597,0.4317,0.097,country_area_weighted_mean,6,synthetic
2025-12-22,MDA,-3.091,-0.929,0.3126,0.056,country_area_weighted_mean,6,synthetic
2025-12-22,RUS,-9.175,-6.938,0.4235,0.1469,country_area_weighted_mean,6,synthetic
2025-12-22,TUR,4.91,4.884,0.3182,0.0,country_area_weighted_mean,6,synthetic
2025-12-22,GEO,-0.553,-0.171,0.3105,0.0394,country_area_weighted_mean,6,synthetic
2025-12-22,ISR,9.592,8.711,0.2696,0.0,country_area_weighted_mean,6,synthetic
2025-12-22,EGY,11.882,10.43,0.3442,0.0,country_area_weighted_mean,6,synthetic
2025-12-22,TUN,3.808,2.933,0.3312,0.0,country_area_weighted_mean,6,synthetic
2025-12-22,MAR,9.151,8.71,0.3052,0.0,country_area_weighted_mean,6,synthetic
2025-12-29,FRA,-2.372,-0.919,0.2671,0.0643,country_area_weighted_mean,6,synthetic
2025-12-29,DEU,-7.029,-6.101,0.2593,0.1224,country_area_weighted_mean,6,synthetic
2025-12-29,NLD,-7.625,-6.468,0.3032,0.1199,country_area_weighted_mean,6,synthetic
2025-12-29,BEL,-7.962,-4.795,0.3391,0.1239,country_area_weighted_mean,6,synthetic
2025-12-29,ITA,0.622,1.982,0.345,0.0179,country_area_weighted_mean,6,synthetic
2025-12-29,ESP,-0.102,-0.176,0.3445,0.0403,country_area_weighted_mean,6,synthetic
2025-12-29,POL,-7.591,-6.203,0.3746,0.1238,country_area_weighted_mean,6,synthetic
2025-12-29,HUN,-3.302,-2.647,0.4027,0.0835,country_area_weighted_mean,6,synthetic
2025-12-29,ROU,-3.063,-1.751,0.2847,0.0711,country_area_weighted_mean,6,synthetic
2025-12-29,BGR,-1.136,-0.593,0.4482,0.0443,country_area_weighted_mean,6,synthetic
2025-12-29,SRB,-2.273,-1.129,0.3315,0.0627,country_area_weighted_mean,6,synthetic
2025-12-29,UKR,-6.089,-4.49,0.3268,0.1029,country_area_weighted_mean,6,synthetic
2025-12-29,MDA,-1.147,-1.159,0.3664,0.0596,country_area_weighted_mean,6,synthetic
2025-12-29,RUS,-12.08,-9.222,0.346,0.1814,country_area_weighted_mean,6,synthetic
2025-12-29,TUR,4.165,3.946,0.4028,0.0,country_area_weighted_mean,6,synthetic
2025-12-29,GEO,-2.726,-2.516,0.3205,0.0781,country_area_weighted_mean,6,synthetic
2025-12-29,ISR,6.816,6.742,0.2783,0.0,country_area_weighted_mean,6,synthetic
2025-12-29,EGY,9.996,8.391,0.3375,0.0,country_area_weighted_mean,6,synthetic
2025-12-29,TUN,4.18,4.314,0.303,0.0,country_area_weighted_mean,6,synthetic
2025-12-29,MAR,6.76,5.623,0.3782,0.0,country_area_weighted_mean,6,synthetic
