week_start,iso3,t2m_mean_c,t2m_min_c,t2m_max_c,total_precipitation_mm,relative_humidity_pct,wind_speed_10m_ms,aggregation,release_lag_days,data_realism
2020-01-06,FRA,-3.933,-8.533,1.167,44.505,74.79,3.89,country_area_weighted_mean,6,synthetic
2020-01-06,DEU,-8.161,-12.761,-3.061,27.066,72.83,3.541,country_area_weighted_mean,6,synthetic
2020-01-06,NLD,-11.112,-15.712,-6.012,58.243,85.86,4.165,country_area_weighted_mean,6,synthetic
2020-01-06,BEL,-9.111,-13.711,-4.011,32.16,72.83,3.643,country_area_weighted_mean,6,synthetic
2020-01-06,ITA,-2.626,-7.226,2.474,21.689,61.28,3.434,country_area_weighted_mean,6,synthetic
2020-01-06,ESP,-2.006,-6.606,3.094,23.922,68.64,3.478,country_area_weighted_mean,6,synthetic
2020-01-06,POL,-12.341,-16.941,-7.241,26.374,77.91,3.527,country_area_weighted_mean,6,synthetic
2020-01-06,HUN,-5.424,-10.024,-0.324,44.996,75.46,3.9,country_area_weighted_mean,6,synthetic
2020-01-06,ROU,-6.442,-11.042,-1.342,37.632,76.04,3.753,country_area_weighted_mean,6,synthetic
2020-01-06,BGR,-4.976,-9.576,0.124,46.583,73.57,3.932,country_area_weighted_mean,6,synthetic
2020-01-06,SRB,-5.505,-10.105,-0.405,20.109,70.5,3.402,country_area_weighted_mean,6,synthetic
2020-01-06,UKR,-7.837,-12.437,-2.737,29.042,80.57,3.581,country_area_weighted_mean,6,synthetic
2020-01-06,MDA,-2.687,-7.287,2.413,38.039,71.99,3.761,country_area_weighted_mean,6,synthetic
2020-01-06,RUS,-12.548,-17.148,-7.448,22.114,72.35,3.442,country_area_weighted_mean,6,synthetic
2020-01-06,TUR,0.14,-4.46,5.24,44.634,70.32,3.893,country_area_weighted_mean,6,synthetic
2020-01-06,GEO,-2.894,-7.494,2.206,43.983,73.25,3.88,country_area_weighted_mean,6,synthetic
2020-01-06,ISR,4.365,-0.235,9.465,20.362,61.85,3.407,country_area_weighted_mean,6,synthetic
2020-01-06,EGY,9.381,4.781,14.481,24.379,60.17,3.488,country_area_weighted_mean,6,synthetic
2020-01-06,TUN,2.3,-2.3,7.4,24.58,67.36,3.492,country_area_weighted_mean,6,synthetic
2020-01-06,MAR,6.857,2.257,11.957,19.601,65.93,3.392,country_area_weighted_mean,6,synthetic
2020-01-13,FRA,-6.225,-10.825,-1.125,55.258,76.59,4.105,country_area_weighted_mean,6,synthetic
2020-01-13,DEU,-7.889,-12.489,-2.789,46.515,83.44,3.93,country_area_weighted_mean,6,synthetic
2020-01-13,NLD,-9.799,-14.399,-4.699,30.72,74.49,3.614,country_area_weighted_mean,6,synthetic
2020-01-13,BEL,-9.625,-14.225,-4.525,23.424,69.15,3.468,country_area_weighted_mean,6,synthetic
2020-01-13,ITA,-2.812,-7.412,2.288,40.392,70.82,3.808,country_area_weighted_mean,6,synthetic
2020-01-13,ESP,-4.61,-9.21,0.49,47.687,74.07,3.954,country_area_weighted_mean,6,synthetic
2020-01-13,POL,-10.258,-14.858,-5.158,26.847,77.35,3.537,country_area_weighted_mean,6,synthetic
2020-01-13,HUN,-7.093,-11.693,-1.993,41.63,75.15,3.833,country_area_weighted_mean,6,synthetic
2020-01-13,ROU,-5.373,-9.973,-0.273,39.79,74.16,3.796,country_area_weighted_mean,6,synthetic
2020-01-13,BGR,-3.723,-8.323,1.377,61.154,80.44,4.223,country_area_weighted_mean,6,synthetic
2020-01-13,SRB,-5.028,-9.628,0.072,31.588,68.8,3.632,country_area_weighted_mean,6,synthetic
2020-01-13,UKR,-7.319,-11.919,-2.219,27.963,71.96,3.559,country_area_weighted_mean,6,synthetic
2020-01-13,MDA,-3.436,-8.036,1.664,43.72,74.37,3.874,country_area_weighted_mean,6,synthetic
2020-01-13,RUS,-13.173,-17.773,-8.073,31.942,78.06,3.639,country_area_weighted_mean,6,synthetic
2020-01-13,TUR,-0.243,-4.843,4.857,39.281,75.24,3.786,country_area_weighted_mean,6,synthetic
2020-01-13,GEO,-1.829,-6.429,3.271,39.899,73.16,3.798,country_area_weighted_mean,6,synthetic
2020-01-13,ISR,4.286,-0.314,9.386,26.322,65.52,3.526,country_area_weighted_mean,6,synthetic
2020-01-13,EGY,7.874,3.274,12.974,31.817,61.77,3.636,country_area_weighted_mean,6,synthetic
2020-01-13,TUN,2.431,-2.169,7.531,28.263,70.06,3.565,country_area_weighted_mean,6,synthetic
2020-01-13,MAR,7.051,2.451,12.151,26.867,67.9,3.537,country_area_weighted_mean,6,synthetic
2020-01-20,FRA,-7.059,-11.659,-1.959,29.952,75.31,3.599,country_area_weighted_mean,6,synthetic
2020-01-20,DEU,-8.599,-13.199,-3.499,64.047,87.38,4.281,country_area_weighted_mean,6,synthetic
2020-01-20,NLD,-8.872,-13.472,-3.772,29.839,70.44,3.597,country_area_weighted_mean,6,synthetic
2020-01-20,BEL,-10.454,-15.054,-5.354,38.622,72.23,3.772,country_area_weighted_mean,6,synthetic
2020-01-20,ITA,-2.518,-7.118,2.582,29.524,71.93,3.59,country_area_weighted_mean,6,synthetic
2020-01-20,ESP,-3.977,-8.577,1.123,49.039,74.55,3.981,country_area_weighted_mean,6,synthetic
2020-01-20,POL,-11.585,-16.185,-6.485,29.111,79.59,3.582,country_area_weighted_mean,6,synthetic
2020-01-20,HUN,-7.783,-12.383,-2.683,49.659,80.26,3.993,country_area_weighted_mean,6,synthetic
2020-01-20,ROU,-4.183,-8.783,0.917,61.678,77.07,4.234,country_area_weighted_mean,6,synthetic
2020-01-20,BGR,-3.821,-8.421,1.279,32.401,70.56,3.648,country_area_weighted_mean,6,synthetic
2020-01-20,SRB,-4.895,-9.495,0.205,29.353,68.63,3.587,country_area_weighted_mean,6,synthetic
2020-01-20,UKR,-6.357,-10.957,-1.257,16.178,71.06,3.324,country_area_weighted_mean,6,synthetic
2020-01-20,MDA,-5.56,-10.16,-0.46,36.449,71.57,3.729,country_area_weighted_mean,6,synthetic
2020-01-20,RUS,-14.327,-18.927,-9.227,46.374,79.92,3.927,country_area_weighted_mean,6,synthetic
2020-01-20,TUR,0.297,-4.303,5.397,33.552,75.94,3.671,country_area_weighted_mean,6,synthetic
2020-01-20,GEO,-1.815,-6.415,3.285,43.276,69.98,3.866,country_area_weighted_mean,6,synthetic
2020-01-20,ISR,4.192,-0.408,9.292,49.186,71.33,3.984,country_area_weighted_mean,6,synthetic
2020-01-20,EGY,9.349,4.749,14.449,25.099,61.85,3.502,country_area_weighted_mean,6,synthetic
2020-01-20,TUN,3.908,-0.692,9.008,43.472,70.87,3.869,country_area_weighted_mean,6,synthetic
2020-01-20,MAR,4.608,0.008,9.708,48.905,72.95,3.978,country_area_weighted_mean,6,synthetic
2020-01-27,FRA,-6.359,-10.959,-1.259,42.13,75.93,3.843,country_area_weighted_mean,6,synthetic
2020-01-27,DEU,-7.56,-12.16,-2.46,73.602,80.27,4.472,country_area_weighted_mean,6,synthetic
2020-01-27,NLD,-10.865,-15.465,-5.765,41.564,76.64,3.831,country_area_weighted_mean,6,synthetic
2020-01-27,BEL,-9.467,-14.067,-4.367,39.876,72.09,3.798,country_area_weighted_mean,6,synthetic
2020-01-27,ITA,-1.628,-6.228,3.472,36.732,70.47,3.735,country_area_weighted_mean,6,synthetic
2020-01-27,ESP,-3.538,-8.138,1.562,39.027,73.46,3.781,country_area_weighted_mean,6,synthetic
2020-01-27,POL,-12.885,-17.485,-7.785,69.967,82.97,4.399,country_area_weighted_mean,6,synthetic
2020-01-27,HUN,-6.103,-10.703,-1.003,46.581,75.02,3.932,country_area_weighted_mean,6,synthetic
2020-01-27,ROU,-3.921,-8.521,1.179,79.02,83.14,4.58,country_area_weighted_mean,6,synthetic
2020-01-27,BGR,-3.045,-7.645,2.055,22.907,67.05,3.458,country_area_weighted_mean,6,synthetic
2020-01-27,SRB,-4.697,-9.297,0.403,50.925,78.83,4.019,country_area_weighted_mean,6,synthetic
2020-01-27,UKR,-7.472,-12.072,-2.372,15.381,71.28,3.308,country_area_weighted_mean,6,synthetic
2020-01-27,MDA,-7.237,-11.837,-2.137,57.349,78.52,4.147,country_area_weighted_mean,6,synthetic
2020-01-27,RUS,-14.531,-19.131,-9.431,23.776,81.47,3.476,country_area_weighted_mean,6,synthetic
2020-01-27,TUR,-1.097,-5.697,4.003,34.627,76.85,3.693,country_area_weighted_mean,6,synthetic
2020-01-27,GEO,-2.935,-7.535,2.165,48.689,72.0,3.974,country_area_weighted_mean,6,synthetic
2020-01-27,ISR,3.928,-0.672,9.028,61.49,76.24,4.23,country_area_weighted_mean,6,synthetic
2020-01-27,EGY,9.799,5.199,14.899,25.549,63.78,3.511,country_area_weighted_mean,6,synthetic
2020-01-27,TUN,3.79,-0.81,8.89,29.573,64.11,3.591,country_area_weighted_mean,6,synthetic
2020-01-27,MAR,6.413,1.813,11.513,38.452,67.98,3.769,country_area_weighted_mean,6,synthetic
2020-02-03,FRA,-6.376,-10.976,-1.276,54.114,79.84,4.082,country_area_weighted_mean,6,synthetic
2020-02-03,DEU,-7.914,-12.514,-2.814,70.013,80.27,4.4,country_area_weighted_mean,6,synthetic
2020-02-03,NLD,-10.953,-15.553,-5.853,39.746,76.46,3.795,country_area_weighted_mean,6,synthetic
2020-02-03,BEL,-9.471,-14.071,-4.371,35.491,73.97,3.71,country_area_weighted_mean,6,synthetic
2020-02-03,ITA,-1.376,-5.976,3.724,25.649,68.81,3.513,country_area_weighted_mean,6,synthetic
2020-02-03,ESP,-2.625,-7.225,2.475,22.816,71.03,3.456,country_area_weighted_mean,6,synthetic
2020-02-03,POL,-10.28,-14.88,-5.18,73.048,81.96,4.461,country_area_weighted_mean,6,synthetic
2020-02-03,HUN,-7.305,-11.905,-2.205,28.265,72.97,3.565,country_area_weighted_mean,6,synthetic
2020-02-03,ROU,-6.264,-10.864,-1.164,69.155,80.31,4.383,country_area_weighted_mean,6,synthetic
2020-02-03,BGR,-4.128,-8.728,0.972,53.541,72.03,4.071,country_area_weighted_mean,6,synthetic
2020-02-03,SRB,-4.166,-8.766,0.934,62.996,78.58,4.26,country_area_weighted_mean,6,synthetic
2020-02-03,UKR,-7.194,-11.794,-2.094,26.077,75.17,3.522,country_area_weighted_mean,6,synthetic
2020-02-03,MDA,-6.177,-10.777,-1.077,44.412,74.06,3.888,country_area_weighted_mean,6,synthetic
2020-02-03,RUS,-11.347,-15.947,-6.247,29.681,80.92,3.594,country_area_weighted_mean,6,synthetic
2020-02-03,TUR,-0.721,-5.321,4.379,26.062,73.99,3.521,country_area_weighted_mean,6,synthetic
2020-02-03,GEO,-2.862,-7.462,2.238,67.914,79.07,4.358,country_area_weighted_mean,6,synthetic
2020-02-03,ISR,4.771,0.171,9.871,46.004,66.62,3.92,country_area_weighted_mean,6,synthetic
2020-02-03,EGY,11.456,6.856,16.556,33.301,65.64,3.666,country_area_weighted_mean,6,synthetic
2020-02-03,TUN,2.267,-2.333,7.367,24.704,61.79,3.494,country_area_weighted_mean,6,synthetic
2020-02-03,MAR,8.305,3.705,13.405,33.881,67.34,3.678,country_area_weighted_mean,6,synthetic
2020-02-10,FRA,-4.764,-9.364,0.336,44.882,80.71,3.898,country_area_weighted_mean,6,synthetic
2020-02-10,DEU,-7.25,-11.85,-2.15,27.309,73.46,3.546,country_area_weighted_mean,6,synthetic
2020-02-10,NLD,-9.072,-13.672,-3.972,55.695,81.65,4.114,country_area_weighted_mean,6,synthetic
2020-02-10,BEL,-8.046,-12.646,-2.946,32.347,80.56,3.647,country_area_weighted_mean,6,synthetic
2020-02-10,ITA,-0.94,-5.54,4.16,42.618,73.53,3.852,country_area_weighted_mean,6,synthetic
2020-02-10,ESP,-2.187,-6.787,2.913,46.304,78.08,3.926,country_area_weighted_mean,6,synthetic
2020-02-10,POL,-10.397,-14.997,-5.297,49.759,81.82,3.995,country_area_weighted_mean,6,synthetic
2020-02-10,HUN,-5.561,-10.161,-0.461,33.028,69.42,3.661,country_area_weighted_mean,6,synthetic
2020-02-10,ROU,-5.206,-9.806,-0.106,85.401,84.82,4.708,country_area_weighted_mean,6,synthetic
2020-02-10,BGR,-5.423,-10.023,-0.323,53.84,77.82,4.077,country_area_weighted_mean,6,synthetic
2020-02-10,SRB,-1.319,-5.919,3.781,58.183,75.29,4.164,country_area_weighted_mean,6,synthetic
2020-02-10,UKR,-7.851,-12.451,-2.751,23.329,69.36,3.467,country_area_weighted_mean,6,synthetic
2020-02-10,MDA,-3.214,-7.814,1.886,59.393,80.43,4.188,country_area_weighted_mean,6,synthetic
2020-02-10,RUS,-11.081,-15.681,-5.981,26.785,75.51,3.536,country_area_weighted_mean,6,synthetic
2020-02-10,TUR,0.257,-4.343,5.357,22.15,69.42,3.443,country_area_weighted_mean,6,synthetic
2020-02-10,GEO,-2.155,-6.755,2.945,25.207,65.56,3.504,country_area_weighted_mean,6,synthetic
2020-02-10,ISR,2.507,-2.093,7.607,37.058,65.71,3.741,country_area_weighted_mean,6,synthetic
2020-02-10,EGY,11.827,7.227,16.927,38.841,66.91,3.777,country_area_weighted_mean,6,synthetic
2020-02-10,TUN,2.306,-2.294,7.406,45.328,68.6,3.907,country_area_weighted_mean,6,synthetic
2020-02-10,MAR,6.177,1.577,11.277,44.096,67.59,3.882,country_area_weighted_mean,6,synthetic
2020-02-17,FRA,-3.596,-8.196,1.504,36.232,76.4,3.725,country_area_weighted_mean,6,synthetic
2020-02-17,DEU,-5.573,-10.173,-0.473,22.046,70.62,3.441,country_area_weighted_mean,6,synthetic
2020-02-17,NLD,-9.616,-14.216,-4.516,42.768,77.04,3.855,country_area_weighted_mean,6,synthetic
2020-02-17,BEL,-9.402,-14.002,-4.302,46.172,81.94,3.923,country_area_weighted_mean,6,synthetic
2020-02-17,ITA,-0.809,-5.409,4.291,38.243,71.99,3.765,country_area_weighted_mean,6,synthetic
2020-02-17,ESP,-1.922,-6.522,3.178,81.221,88.41,4.624,country_area_weighted_mean,6,synthetic
2020-02-17,POL,-9.241,-13.841,-4.141,40.642,75.05,3.813,country_area_weighted_mean,6,synthetic
2020-02-17,HUN,-4.114,-8.714,0.986,47.387,75.13,3.948,country_area_weighted_mean,6,synthetic
2020-02-17,ROU,-5.153,-9.753,-0.053,60.694,79.97,4.214,country_area_weighted_mean,6,synthetic
2020-02-17,BGR,-1.102,-5.702,3.998,47.966,73.19,3.959,country_area_weighted_mean,6,synthetic
2020-02-17,SRB,-0.422,-5.022,4.678,24.984,61.82,3.5,country_area_weighted_mean,6,synthetic
2020-02-17,UKR,-6.149,-10.749,-1.049,30.526,73.2,3.611,country_area_weighted_mean,6,synthetic
2020-02-17,MDA,-1.653,-6.253,3.447,66.239,79.3,4.325,country_area_weighted_mean,6,synthetic
2020-02-17,RUS,-12.844,-17.444,-7.744,45.937,82.16,3.919,country_area_weighted_mean,6,synthetic
2020-02-17,TUR,-0.395,-4.995,4.705,23.395,70.16,3.468,country_area_weighted_mean,6,synthetic
2020-02-17,GEO,-0.947,-5.547,4.153,21.907,66.07,3.438,country_area_weighted_mean,6,synthetic
2020-02-17,ISR,3.632,-0.968,8.732,41.525,73.52,3.831,country_area_weighted_mean,6,synthetic
2020-02-17,EGY,10.172,5.572,15.272,26.708,64.75,3.534,country_area_weighted_mean,6,synthetic
2020-02-17,TUN,1.291,-3.309,6.391,34.59,65.56,3.692,country_area_weighted_mean,6,synthetic
2020-02-17,MAR,8.323,3.723,13.423,33.114,68.72,3.662,country_area_weighted_mean,6,synthetic
2020-02-24,FRA,-4.387,-8.987,0.713,32.995,74.75,3.66,country_area_weighted_mean,6,synthetic
2020-02-24,DEU,-6.161,-10.761,-1.061,27.996,68.55,3.56,country_area_weighted_mean,6,synthetic
2020-02-24,NLD,-5.979,-10.579,-0.879,21.092,69.92,3.422,country_area_weighted_mean,6,synthetic
2020-02-24,BEL,-8.693,-13.293,-3.593,52.279,77.23,4.046,country_area_weighted_mean,6,synthetic
2020-02-24,ITA,-1.529,-6.129,3.571,33.482,72.33,3.67,country_area_weighted_mean,6,synthetic
2020-02-24,ESP,-0.94,-5.54,4.16,40.956,72.83,3.819,country_area_weighted_mean,6,synthetic
2020-02-24,POL,-8.973,-13.573,-3.873,38.892,72.16,3.778,country_area_weighted_mean,6,synthetic
2020-02-24,HUN,-3.567,-8.167,1.533,52.716,76.52,4.054,country_area_weighted_mean,6,synthetic
2020-02-24,ROU,-2.573,-7.173,2.527,78.843,77.19,4.577,country_area_weighted_mean,6,synthetic
2020-02-24,BGR,-2.431,-7.031,2.669,52.592,77.43,4.052,country_area_weighted_mean,6,synthetic
2020-02-24,SRB,0.805,-3.795,5.905,32.342,63.49,3.647,country_area_weighted_mean,6,synthetic
2020-02-24,UKR,-6.08,-10.68,-0.98,30.526,72.39,3.611,country_area_weighted_mean,6,synthetic
2020-02-24,MDA,-1.878,-6.478,3.222,41.721,75.7,3.834,country_area_weighted_mean,6,synthetic
2020-02-24,RUS,-9.769,-14.369,-4.669,54.15,82.63,4.083,country_area_weighted_mean,6,synthetic
2020-02-24,TUR,0.233,-4.367,5.333,19.623,67.27,3.392,country_area_weighted_mean,6,synthetic
2020-02-24,GEO,0.493,-4.107,5.593,47.759,75.42,3.955,country_area_weighted_mean,6,synthetic
2020-02-24,ISR,7.842,3.242,12.942,61.175,73.63,4.224,country_area_weighted_mean,6,synthetic
2020-02-24,EGY,10.761,6.161,15.861,26.448,62.68,3.529,country_area_weighted_mean,6,synthetic
2020-02-24,TUN,2.393,-2.207,7.493,34.064,71.72,3.681,country_area_weighted_mean,6,synthetic
2020-02-24,MAR,8.295,3.695,13.395,36.508,72.19,3.73,country_area_weighted_mean,6,synthetic
2020-03-02,FRA,-3.59,-8.19,1.51,44.113,77.17,3.882,country_area_weighted_mean,6,synthetic
2020-03-02,DEU,-4.1,-8.7,1.0,22.184,71.16,3.444,country_area_weighted_mean,6,synthetic
2020-03-02,NLD,-5.601,-10.201,-0.501,32.552,74.43,3.651,country_area_weighted_mean,6,synthetic
2020-03-02,BEL,-7.043,-11.643,-1.943,27.63,66.15,3.553,country_area_weighted_mean,6,synthetic
2020-03-02,ITA,-0.433,-5.033,4.667,38.671,69.81,3.773,country_area_weighted_mean,6,synthetic
2020-03-02,ESP,0.712,-3.888,5.812,35.948,68.52,3.719,country_area_weighted_mean,6,synthetic
2020-03-02,POL,-8.161,-12.761,-3.061,33.692,76.63,3.674,country_area_weighted_mean,6,synthetic
2020-03-02,HUN,-3.056,-7.656,2.044,39.069,74.81,3.781,country_area_weighted_mean,6,synthetic
2020-03-02,ROU,-1.7,-6.3,3.4,30.065,65.42,3.601,country_area_weighted_mean,6,synthetic
2020-03-02,BGR,-2.607,-7.207,2.493,52.744,72.65,4.055,country_area_weighted_mean,6,synthetic
2020-03-02,SRB,1.546,-3.054,6.646,50.895,62.89,4.018,country_area_weighted_mean,6,synthetic
2020-03-02,UKR,-3.8,-8.4,1.3,53.445,79.72,4.069,country_area_weighted_mean,6,synthetic
2020-03-02,MDA,-2.283,-6.883,2.817,38.383,74.22,3.768,country_area_weighted_mean,6,synthetic
2020-03-02,RUS,-10.088,-14.688,-4.988,49.558,78.43,3.991,country_area_weighted_mean,6,synthetic
2020-03-02,TUR,2.177,-2.423,7.277,39.142,68.01,3.783,country_area_weighted_mean,6,synthetic
2020-03-02,GEO,1.377,-3.223,6.477,40.138,73.64,3.803,country_area_weighted_mean,6,synthetic
2020-03-02,ISR,9.829,5.229,14.929,44.193,67.02,3.884,country_area_weighted_mean,6,synthetic
2020-03-02,EGY,10.082,5.482,15.182,39.554,66.53,3.791,country_area_weighted_mean,6,synthetic
2020-03-02,TUN,4.201,-0.399,9.301,33.848,69.69,3.677,country_area_weighted_mean,6,synthetic
2020-03-02,MAR,8.641,4.041,13.741,53.418,74.02,4.068,country_area_weighted_mean,6,synthetic
2020-03-09,FRA,-3.244,-7.844,1.856,72.372,83.48,4.447,country_area_weighted_mean,6,synthetic
2020-03-09,DEU,-3.77,-8.37,1.33,46.885,74.38,3.938,country_area_weighted_mean,6,synthetic
2020-03-09,NLD,-5.889,-10.489,-0.789,54.246,78.2,4.085,country_area_weighted_mean,6,synthetic
2020-03-09,BEL,-6.038,-10.638,-0.938,32.904,70.68,3.658,country_area_weighted_mean,6,synthetic
2020-03-09,ITA,1.361,-3.239,6.461,41.862,72.38,3.837,country_area_weighted_mean,6,synthetic
2020-03-09,ESP,2.566,-2.034,7.666,41.941,69.37,3.839,country_area_weighted_mean,6,synthetic
2020-03-09,POL,-6.747,-11.347,-1.647,34.032,72.17,3.681,country_area_weighted_mean,6,synthetic
2020-03-09,HUN,-2.108,-6.708,2.992,60.452,77.11,4.209,country_area_weighted_mean,6,synthetic
2020-03-09,ROU,-1.64,-6.24,3.46,44.535,70.71,3.891,country_area_weighted_mean,6,synthetic
2020-03-09,BGR,-1.006,-5.606,4.094,32.128,66.2,3.643,country_area_weighted_mean,6,synthetic
2020-03-09,SRB,3.164,-1.436,8.264,48.4,67.64,3.968,country_area_weighted_mean,6,synthetic
2020-03-09,UKR,-0.048,-4.648,5.052,67.788,82.07,4.356,country_area_weighted_mean,6,synthetic
2020-03-09,MDA,-3.179,-7.779,1.921,18.453,70.36,3.369,country_area_weighted_mean,6,synthetic
2020-03-09,RUS,-8.443,-13.043,-3.343,46.505,79.2,3.93,country_area_weighted_mean,6,synthetic
2020-03-09,TUR,4.549,-0.051,9.649,66.456,75.38,4.329,country_area_weighted_mean,6,synthetic
2020-03-09,GEO,1.802,-2.798,6.902,41.558,70.92,3.831,country_area_weighted_mean,6,synthetic
2020-03-09,ISR,9.837,5.237,14.937,27.249,59.4,3.545,country_area_weighted_mean,6,synthetic
2020-03-09,EGY,10.131,5.531,15.231,30.087,62.72,3.602,country_area_weighted_mean,6,synthetic
2020-03-09,TUN,5.364,0.764,10.464,28.691,63.16,3.574,country_area_weighted_mean,6,synthetic
2020-03-09,MAR,7.236,2.636,12.336,43.197,68.46,3.864,country_area_weighted_mean,6,synthetic
2020-03-16,FRA,-1.48,-6.08,3.62,72.913,79.48,4.458,country_area_weighted_mean,6,synthetic
2020-03-16,DEU,-2.86,-7.46,2.24,29.92,69.29,3.598,country_area_weighted_mean,6,synthetic
2020-03-16,NLD,-4.93,-9.53,0.17,43.224,75.41,3.864,country_area_weighted_mean,6,synthetic
2020-03-16,BEL,-3.112,-7.712,1.988,64.1,85.13,4.282,country_area_weighted_mean,6,synthetic
2020-03-16,ITA,0.905,-3.695,6.005,21.392,63.75,3.428,country_area_weighted_mean,6,synthetic
2020-03-16,ESP,2.91,-1.69,8.01,58.585,80.05,4.172,country_area_weighted_mean,6,synthetic
2020-03-16,POL,-3.981,-8.581,1.119,22.113,70.56,3.442,country_area_weighted_mean,6,synthetic
2020-03-16,HUN,-0.467,-5.067,4.633,57.546,77.0,4.151,country_area_weighted_mean,6,synthetic
2020-03-16,ROU,-1.439,-6.039,3.661,41.828,74.21,3.837,country_area_weighted_mean,6,synthetic
2020-03-16,BGR,1.059,-3.541,6.159,23.393,65.07,3.468,country_area_weighted_mean,6,synthetic
2020-03-16,SRB,2.889,-1.711,7.989,45.642,66.89,3.913,country_area_weighted_mean,6,synthetic
2020-03-16,UKR,-0.119,-4.719,4.981,49.26,76.83,3.985,country_area_weighted_mean,6,synthetic
2020-03-16,MDA,-2.401,-7.001,2.699,28.856,75.01,3.577,country_area_weighted_mean,6,synthetic
2020-03-16,RUS,-6.173,-10.773,-1.073,62.005,82.61,4.24,country_area_weighted_mean,6,synthetic
2020-03-16,TUR,4.538,-0.062,9.638,43.285,69.14,3.866,country_area_weighted_mean,6,synthetic
2020-03-16,GEO,2.479,-2.121,7.579,46.246,70.41,3.925,country_area_weighted_mean,6,synthetic
2020-03-16,ISR,9.516,4.916,14.616,36.528,65.86,3.731,country_area_weighted_mean,6,synthetic
2020-03-16,EGY,12.769,8.169,17.869,24.204,58.04,3.484,country_area_weighted_mean,6,synthetic
2020-03-16,TUN,8.581,3.981,13.681,35.03,66.24,3.701,country_area_weighted_mean,6,synthetic
2020-03-16,MAR,9.111,4.511,14.211,34.216,66.0,3.684,country_area_weighted_mean,6,synthetic
2020-03-23,FRA,-2.722,-7.322,2.378,40.574,69.77,3.811,country_area_weighted_mean,6,synthetic
2020-03-23,DEU,-1.482,-6.082,3.618,37.775,68.61,3.756,country_area_weighted_mean,6,synthetic
2020-03-23,NLD,-3.063,-7.663,2.037,25.735,66.49,3.515,country_area_weighted_mean,6,synthetic
2020-03-23,BEL,-2.93,-7.53,2.17,53.455,80.74,4.069,country_area_weighted_mean,6,synthetic
2020-03-23,ITA,3.231,-1.369,8.331,27.005,68.36,3.54,country_area_weighted_mean,6,synthetic
2020-03-23,ESP,3.139,-1.461,8.239,45.895,71.01,3.918,country_area_weighted_mean,6,synthetic
2020-03-23,POL,0.544,-4.056,5.644,24.307,71.11,3.486,country_area_weighted_mean,6,synthetic
2020-03-23,HUN,0.607,-3.993,5.707,58.707,77.61,4.174,country_area_weighted_mean,6,synthetic
2020-03-23,ROU,-0.372,-4.972,4.728,65.257,77.81,4.305,country_area_weighted_mean,6,synthetic
2020-03-23,BGR,3.073,-1.527,8.173,31.006,66.1,3.62,country_area_weighted_mean,6,synthetic
2020-03-23,SRB,4.259,-0.341,9.359,43.321,67.55,3.866,country_area_weighted_mean,6,synthetic
2020-03-23,UKR,-0.463,-5.063,4.637,33.087,75.36,3.662,country_area_weighted_mean,6,synthetic
2020-03-23,MDA,0.345,-4.255,5.445,22.98,67.77,3.46,country_area_weighted_mean,6,synthetic
2020-03-23,RUS,-5.995,-10.595,-0.895,54.094,83.88,4.082,country_area_weighted_mean,6,synthetic
2020-03-23,TUR,4.11,-0.49,9.21,49.87,73.54,3.997,country_area_weighted_mean,6,synthetic
2020-03-23,GEO,1.671,-2.929,6.771,53.992,74.07,4.08,country_area_weighted_mean,6,synthetic
2020-03-23,ISR,12.166,7.566,17.266,30.01,67.5,3.6,country_area_weighted_mean,6,synthetic
2020-03-23,EGY,13.005,8.405,18.105,60.96,71.32,4.219,country_area_weighted_mean,6,synthetic
2020-03-23,TUN,8.572,3.972,13.672,40.477,70.22,3.81,country_area_weighted_mean,6,synthetic
2020-03-23,MAR,11.123,6.523,16.223,38.878,64.13,3.778,country_area_weighted_mean,6,synthetic
2020-03-30,FRA,0.073,-4.527,5.173,59.596,77.04,4.192,country_area_weighted_mean,6,synthetic
2020-03-30,DEU,-0.31,-4.91,4.79,21.082,65.62,3.422,country_area_weighted_mean,6,synthetic
2020-03-30,NLD,-3.654,-8.254,1.446,29.891,63.99,3.598,country_area_weighted_mean,6,synthetic
2020-03-30,BEL,-4.154,-8.754,0.946,54.911,74.84,4.098,country_area_weighted_mean,6,synthetic
2020-03-30,ITA,4.845,0.245,9.945,24.841,64.53,3.497,country_area_weighted_mean,6,synthetic
2020-03-30,ESP,5.659,1.059,10.759,68.508,75.27,4.37,country_area_weighted_mean,6,synthetic
2020-03-30,POL,1.254,-3.346,6.354,42.353,72.49,3.847,country_area_weighted_mean,6,synthetic
2020-03-30,HUN,1.76,-2.84,6.86,47.071,70.5,3.941,country_area_weighted_mean,6,synthetic
2020-03-30,ROU,1.656,-2.944,6.756,70.767,74.39,4.415,country_area_weighted_mean,6,synthetic
2020-03-30,BGR,2.667,-1.933,7.767,38.993,66.68,3.78,country_area_weighted_mean,6,synthetic
2020-03-30,SRB,4.893,0.293,9.993,58.877,74.02,4.178,country_area_weighted_mean,6,synthetic
2020-03-30,UKR,1.696,-2.904,6.796,30.257,74.3,3.605,country_area_weighted_mean,6,synthetic
2020-03-30,MDA,2.796,-1.804,7.896,18.21,68.49,3.364,country_area_weighted_mean,6,synthetic
2020-03-30,RUS,-3.395,-7.995,1.705,46.198,71.71,3.924,country_area_weighted_mean,6,synthetic
2020-03-30,TUR,3.125,-1.475,8.225,26.687,70.43,3.534,country_area_weighted_mean,6,synthetic
2020-03-30,GEO,1.982,-2.618,7.082,45.25,72.13,3.905,country_area_weighted_mean,6,synthetic
2020-03-30,ISR,12.867,8.267,17.967,37.549,62.16,3.751,country_area_weighted_mean,6,synthetic
2020-03-30,EGY,14.979,10.379,20.079,51.482,66.25,4.03,country_area_weighted_mean,6,synthetic
2020-03-30,TUN,8.519,3.919,13.619,40.364,70.59,3.807,country_area_weighted_mean,6,synthetic
2020-03-30,MAR,13.096,8.496,18.196,50.715,65.9,4.014,country_area_weighted_mean,6,synthetic
2020-04-06,FRA,2.148,-2.452,7.248,72.893,79.72,4.458,country_area_weighted_mean,6,synthetic
2020-04-06,DEU,1.34,-3.26,6.44,24.267,67.68,3.485,country_area_weighted_mean,6,synthetic
2020-04-06,NLD,-1.751,-6.351,3.349,22.315,63.95,3.446,country_area_weighted_mean,6,synthetic
2020-04-06,BEL,-2.992,-7.592,2.108,39.912,69.67,3.798,country_area_weighted_mean,6,synthetic
2020-04-06,ITA,4.684,0.084,9.784,27.893,64.16,3.558,country_area_weighted_mean,6,synthetic
2020-04-06,ESP,6.385,1.785,11.485,68.693,76.79,4.374,country_area_weighted_mean,6,synthetic
2020-04-06,POL,2.274,-2.326,7.374,26.809,66.57,3.536,country_area_weighted_mean,6,synthetic
2020-04-06,HUN,4.384,-0.216,9.484,30.183,70.16,3.604,country_area_weighted_mean,6,synthetic
2020-04-06,ROU,4.248,-0.352,9.348,47.188,66.78,3.944,country_area_weighted_mean,6,synthetic
2020-04-06,BGR,4.519,-0.081,9.619,37.371,70.17,3.747,country_area_weighted_mean,6,synthetic
2020-04-06,SRB,6.517,1.917,11.617,52.688,71.34,4.054,country_area_weighted_mean,6,synthetic
2020-04-06,UKR,3.85,-0.75,8.95,23.26,68.27,3.465,country_area_weighted_mean,6,synthetic
2020-04-06,MDA,4.536,-0.064,9.636,36.51,70.27,3.73,country_area_weighted_mean,6,synthetic
2020-04-06,RUS,-0.592,-5.192,4.508,35.503,65.26,3.71,country_area_weighted_mean,6,synthetic
2020-04-06,TUR,4.647,0.047,9.747,31.658,68.3,3.633,country_area_weighted_mean,6,synthetic
2020-04-06,GEO,4.502,-0.098,9.602,26.643,70.11,3.533,country_area_weighted_mean,6,synthetic
2020-04-06,ISR,13.967,9.367,19.067,36.807,59.53,3.736,country_area_weighted_mean,6,synthetic
2020-04-06,EGY,17.52,12.92,22.62,25.043,60.61,3.501,country_area_weighted_mean,6,synthetic
2020-04-06,TUN,9.779,5.179,14.879,24.7,72.16,3.494,country_area_weighted_mean,6,synthetic
2020-04-06,MAR,15.185,10.585,20.285,44.623,68.89,3.892,country_area_weighted_mean,6,synthetic
2020-04-13,FRA,5.703,1.103,10.803,87.222,83.07,4.744,country_area_weighted_mean,6,synthetic
2020-04-13,DEU,1.9,-2.7,7.0,40.873,77.33,3.817,country_area_weighted_mean,6,synthetic
2020-04-13,NLD,-0.841,-5.441,4.259,35.344,69.23,3.707,country_area_weighted_mean,6,synthetic
2020-04-13,BEL,2.099,-2.501,7.199,55.044,75.43,4.101,country_area_weighted_mean,6,synthetic
2020-04-13,ITA,9.452,4.852,14.552,29.242,62.43,3.585,country_area_weighted_mean,6,synthetic
2020-04-13,ESP,6.15,1.55,11.25,66.405,72.63,4.328,country_area_weighted_mean,6,synthetic
2020-04-13,POL,1.878,-2.722,6.978,43.689,72.23,3.874,country_area_weighted_mean,6,synthetic
2020-04-13,HUN,5.668,1.068,10.768,28.747,71.58,3.575,country_area_weighted_mean,6,synthetic
2020-04-13,ROU,4.198,-0.402,9.298,34.08,64.14,3.682,country_area_weighted_mean,6,synthetic
2020-04-13,BGR,6.102,1.502,11.202,45.72,70.88,3.914,country_area_weighted_mean,6,synthetic
2020-04-13,SRB,8.319,3.719,13.419,48.304,71.82,3.966,country_area_weighted_mean,6,synthetic
2020-04-13,UKR,7.732,3.132,12.832,28.997,63.17,3.58,country_area_weighted_mean,6,synthetic
2020-04-13,MDA,6.175,1.575,11.275,41.311,68.06,3.826,country_area_weighted_mean,6,synthetic
2020-04-13,RUS,2.145,-2.455,7.245,36.132,59.79,3.723,country_area_weighted_mean,6,synthetic
2020-04-13,TUR,6.112,1.512,11.212,34.061,69.17,3.681,country_area_weighted_mean,6,synthetic
2020-04-13,GEO,6.288,1.688,11.388,32.736,67.36,3.655,country_area_weighted_mean,6,synthetic
2020-04-13,ISR,14.891,10.291,19.991,31.746,64.11,3.635,country_area_weighted_mean,6,synthetic
2020-04-13,EGY,16.565,11.965,21.665,21.53,57.2,3.431,country_area_weighted_mean,6,synthetic
2020-04-13,TUN,10.93,6.33,16.03,23.266,68.0,3.465,country_area_weighted_mean,6,synthetic
2020-04-13,MAR,14.243,9.643,19.343,42.014,69.62,3.84,country_area_weighted_mean,6,synthetic
2020-04-20,FRA,6.125,1.525,11.225,72.061,79.05,4.441,country_area_weighted_mean,6,synthetic
2020-04-20,DEU,4.595,-0.005,9.695,41.418,75.48,3.828,country_area_weighted_mean,6,synthetic
2020-04-20,NLD,3.151,-1.449,8.251,22.041,62.39,3.441,country_area_weighted_mean,6,synthetic
2020-04-20,BEL,4.713,0.113,9.813,47.153,75.49,3.943,country_area_weighted_mean,6,synthetic
2020-04-20,ITA,8.557,3.957,13.657,38.156,69.51,3.763,country_area_weighted_mean,6,synthetic
2020-04-20,ESP,8.057,3.457,13.157,36.527,64.03,3.731,country_area_weighted_mean,6,synthetic
2020-04-20,POL,3.299,-1.301,8.399,24.446,69.04,3.489,country_area_weighted_mean,6,synthetic
2020-04-20,HUN,8.496,3.896,13.596,34.046,66.36,3.681,country_area_weighted_mean,6,synthetic
2020-04-20,ROU,7.208,2.608,12.308,28.932,62.04,3.579,country_area_weighted_mean,6,synthetic
2020-04-20,BGR,7.51,2.91,12.61,32.03,72.04,3.641,country_area_weighted_mean,6,synthetic
2020-04-20,SRB,9.017,4.417,14.117,28.305,68.92,3.566,country_area_weighted_mean,6,synthetic
2020-04-20,UKR,9.179,4.579,14.279,26.022,64.71,3.52,country_area_weighted_mean,6,synthetic
2020-04-20,MDA,7.286,2.686,12.386,62.904,79.66,4.258,country_area_weighted_mean,6,synthetic
2020-04-20,RUS,1.771,-2.829,6.871,35.562,60.03,3.711,country_area_weighted_mean,6,synthetic
2020-04-20,TUR,8.182,3.582,13.282,32.459,68.4,3.649,country_area_weighted_mean,6,synthetic
2020-04-20,GEO,8.879,4.279,13.979,23.244,68.16,3.465,country_area_weighted_mean,6,synthetic
2020-04-20,ISR,14.731,10.131,19.831,28.604,63.6,3.572,country_area_weighted_mean,6,synthetic
2020-04-20,EGY,19.645,15.045,24.745,40.328,60.36,3.807,country_area_weighted_mean,6,synthetic
2020-04-20,TUN,11.611,7.011,16.711,21.565,61.41,3.431,country_area_weighted_mean,6,synthetic
2020-04-20,MAR,14.733,10.133,19.833,24.797,65.93,3.496,country_area_weighted_mean,6,synthetic
2020-04-27,FRA,9.104,4.504,14.204,42.64,69.83,3.853,country_area_weighted_mean,6,synthetic
2020-04-27,DEU,6.065,1.465,11.165,30.51,68.31,3.61,country_area_weighted_mean,6,synthetic
2020-04-27,NLD,4.192,-0.408,9.292,25.694,58.25,3.514,country_area_weighted_mean,6,synthetic
2020-04-27,BEL,6.894,2.294,11.994,55.916,74.1,4.118,country_area_weighted_mean,6,synthetic
2020-04-27,ITA,11.163,6.563,16.263,41.742,65.51,3.835,country_area_weighted_mean,6,synthetic
2020-04-27,ESP,9.148,4.548,14.248,41.555,63.32,3.831,country_area_weighted_mean,6,synthetic
2020-04-27,POL,8.053,3.453,13.153,32.027,68.32,3.641,country_area_weighted_mean,6,synthetic
2020-04-27,HUN,11.424,6.824,16.524,34.026,71.3,3.681,country_area_weighted_mean,6,synthetic
2020-04-27,ROU,9.476,4.876,14.576,42.161,68.41,3.843,country_area_weighted_mean,6,synthetic
2020-04-27,BGR,9.778,5.178,14.878,21.274,64.36,3.425,country_area_weighted_mean,6,synthetic
2020-04-27,SRB,12.572,7.972,17.672,27.59,65.72,3.552,country_area_weighted_mean,6,synthetic
2020-04-27,UKR,8.824,4.224,13.924,21.851,64.84,3.437,country_area_weighted_mean,6,synthetic
2020-04-27,MDA,9.83,5.23,14.93,47.705,74.16,3.954,country_area_weighted_mean,6,synthetic
2020-04-27,RUS,4.09,-0.51,9.19,29.217,60.72,3.584,country_area_weighted_mean,6,synthetic
2020-04-27,TUR,9.455,4.855,14.555,50.556,65.51,4.011,country_area_weighted_mean,6,synthetic
2020-04-27,GEO,11.905,7.305,17.005,24.266,65.26,3.485,country_area_weighted_mean,6,synthetic
2020-04-27,ISR,17.684,13.084,22.784,24.655,56.51,3.493,country_area_weighted_mean,6,synthetic
2020-04-27,EGY,21.464,16.864,26.564,20.944,56.5,3.419,country_area_weighted_mean,6,synthetic
2020-04-27,TUN,13.715,9.115,18.815,28.507,65.48,3.57,country_area_weighted_mean,6,synthetic
2020-04-27,MAR,16.648,12.048,21.748,29.669,64.14,3.593,country_area_weighted_mean,6,synthetic
2020-05-04,FRA,11.723,7.123,16.823,49.907,68.12,3.998,country_area_weighted_mean,6,synthetic
2020-05-04,DEU,7.957,3.357,13.057,43.745,71.07,3.875,country_area_weighted_mean,6,synthetic
2020-05-04,NLD,5.621,1.021,10.721,42.115,64.28,3.842,country_area_weighted_mean,6,synthetic
2020-05-04,BEL,8.776,4.176,13.876,45.292,74.42,3.906,country_area_weighted_mean,6,synthetic
2020-05-04,ITA,11.092,6.492,16.192,25.545,62.08,3.511,country_area_weighted_mean,6,synthetic
2020-05-04,ESP,12.102,7.502,17.202,24.821,55.02,3.496,country_area_weighted_mean,6,synthetic
2020-05-04,POL,9.673,5.073,14.773,58.593,73.9,4.172,country_area_weighted_mean,6,synthetic
2020-05-04,HUN,13.008,8.408,18.108,24.271,66.84,3.485,country_area_weighted_mean,6,synthetic
2020-05-04,ROU,10.92,6.32,16.02,39.505,68.95,3.79,country_area_weighted_mean,6,synthetic
2020-05-04,BGR,11.451,6.851,16.551,17.807,60.66,3.356,country_area_weighted_mean,6,synthetic
2020-05-04,SRB,14.067,9.467,19.167,53.011,71.98,4.06,country_area_weighted_mean,6,synthetic
2020-05-04,UKR,10.393,5.793,15.493,31.013,65.7,3.62,country_area_weighted_mean,6,synthetic
2020-05-04,MDA,10.843,6.243,15.943,48.103,74.38,3.962,country_area_weighted_mean,6,synthetic
2020-05-04,RUS,5.003,0.403,10.103,39.591,64.8,3.792,country_area_weighted_mean,6,synthetic
2020-05-04,TUR,12.12,7.52,17.22,44.201,65.22,3.884,country_area_weighted_mean,6,synthetic
2020-05-04,GEO,13.631,9.031,18.731,35.183,60.56,3.704,country_area_weighted_mean,6,synthetic
2020-05-04,ISR,17.45,12.85,22.55,16.819,53.64,3.336,country_area_weighted_mean,6,synthetic
2020-05-04,EGY,20.608,16.008,25.708,22.407,59.95,3.448,country_area_weighted_mean,6,synthetic
2020-05-04,TUN,15.639,11.039,20.739,28.987,66.43,3.58,country_area_weighted_mean,6,synthetic
2020-05-04,MAR,17.303,12.703,22.403,59.0,71.57,4.18,country_area_weighted_mean,6,synthetic
2020-05-11,FRA,13.22,8.62,18.32,19.52,57.9,3.39,country_area_weighted_mean,6,synthetic
2020-05-11,DEU,9.205,4.605,14.305,38.515,72.65,3.77,country_area_weighted_mean,6,synthetic
2020-05-11,NLD,7.787,3.187,12.887,25.406,64.86,3.508,country_area_weighted_mean,6,synthetic
2020-05-11,BEL,11.394,6.794,16.494,44.367,68.82,3.887,country_area_weighted_mean,6,synthetic
2020-05-11,ITA,12.786,8.186,17.886,34.525,62.87,3.691,country_area_weighted_mean,6,synthetic
2020-05-11,ESP,14.742,10.142,19.842,19.606,55.9,3.392,country_area_weighted_mean,6,synthetic
2020-05-11,POL,12.052,7.452,17.152,33.414,62.81,3.668,country_area_weighted_mean,6,synthetic
2020-05-11,HUN,15.648,11.048,20.748,18.82,63.18,3.376,country_area_weighted_mean,6,synthetic
2020-05-11,ROU,13.668,9.068,18.768,33.525,62.42,3.67,country_area_weighted_mean,6,synthetic
2020-05-11,BGR,12.403,7.803,17.503,21.279,62.85,3.426,country_area_weighted_mean,6,synthetic
2020-05-11,SRB,14.21,9.61,19.31,31.136,69.26,3.623,country_area_weighted_mean,6,synthetic
2020-05-11,UKR,10.917,6.317,16.017,33.294,66.32,3.666,country_area_weighted_mean,6,synthetic
2020-05-11,MDA,12.571,7.971,17.671,37.492,66.45,3.75,country_area_weighted_mean,6,synthetic
2020-05-11,RUS,7.481,2.881,12.581,30.164,63.49,3.603,country_area_weighted_mean,6,synthetic
2020-05-11,TUR,12.549,7.949,17.649,42.033,65.42,3.841,country_area_weighted_mean,6,synthetic
2020-05-11,GEO,14.81,10.21,19.91,27.74,56.81,3.555,country_area_weighted_mean,6,synthetic
2020-05-11,ISR,18.988,14.388,24.088,17.822,55.75,3.356,country_area_weighted_mean,6,synthetic
2020-05-11,EGY,21.354,16.754,26.454,30.901,59.79,3.618,country_area_weighted_mean,6,synthetic
2020-05-11,TUN,18.155,13.555,23.255,22.677,63.36,3.454,country_area_weighted_mean,6,synthetic
2020-05-11,MAR,17.302,12.702,22.402,58.606,72.38,4.172,country_area_weighted_mean,6,synthetic
2020-05-18,FRA,14.263,9.663,19.363,21.963,65.13,3.439,country_area_weighted_mean,6,synthetic
2020-05-18,DEU,13.375,8.775,18.475,22.107,63.15,3.442,country_area_weighted_mean,6,synthetic
2020-05-18,NLD,10.601,6.001,15.701,22.889,63.44,3.458,country_area_weighted_mean,6,synthetic
2020-05-18,BEL,14.314,9.714,19.414,32.453,64.81,3.649,country_area_weighted_mean,6,synthetic
2020-05-18,ITA,14.626,10.026,19.726,31.685,59.47,3.634,country_area_weighted_mean,6,synthetic
2020-05-18,ESP,16.178,11.578,21.278,36.387,60.17,3.728,country_area_weighted_mean,6,synthetic
2020-05-18,POL,13.116,8.516,18.216,34.45,63.69,3.689,country_area_weighted_mean,6,synthetic
2020-05-18,HUN,17.368,12.768,22.468,38.284,62.55,3.766,country_area_weighted_mean,6,synthetic
2020-05-18,ROU,15.544,10.944,20.644,34.68,61.01,3.694,country_area_weighted_mean,6,synthetic
2020-05-18,BGR,15.425,10.825,20.525,20.411,61.83,3.408,country_area_weighted_mean,6,synthetic
2020-05-18,SRB,18.087,13.487,23.187,30.835,64.57,3.617,country_area_weighted_mean,6,synthetic
2020-05-18,UKR,12.456,7.856,17.556,22.373,62.66,3.447,country_area_weighted_mean,6,synthetic
2020-05-18,MDA,14.676,10.076,19.776,38.845,62.08,3.777,country_area_weighted_mean,6,synthetic
2020-05-18,RUS,8.743,4.143,13.843,25.365,62.07,3.507,country_area_weighted_mean,6,synthetic
2020-05-18,TUR,14.946,10.346,20.046,33.752,61.46,3.675,country_area_weighted_mean,6,synthetic
2020-05-18,GEO,15.279,10.679,20.379,33.404,59.94,3.668,country_area_weighted_mean,6,synthetic
2020-05-18,ISR,21.089,16.489,26.189,18.324,52.89,3.366,country_area_weighted_mean,6,synthetic
2020-05-18,EGY,21.418,16.818,26.518,20.21,56.49,3.404,country_area_weighted_mean,6,synthetic
2020-05-18,TUN,17.845,13.245,22.945,24.273,62.65,3.485,country_area_weighted_mean,6,synthetic
2020-05-18,MAR,17.007,12.407,22.107,35.273,63.86,3.705,country_area_weighted_mean,6,synthetic
2020-05-25,FRA,17.931,13.331,23.031,18.496,63.0,3.37,country_area_weighted_mean,6,synthetic
2020-05-25,DEU,16.625,12.025,21.725,31.948,63.55,3.639,country_area_weighted_mean,6,synthetic
2020-05-25,NLD,12.385,7.785,17.485,36.559,66.54,3.731,country_area_weighted_mean,6,synthetic
2020-05-25,BEL,13.66,9.06,18.76,33.412,66.35,3.668,country_area_weighted_mean,6,synthetic
2020-05-25,ITA,17.059,12.459,22.159,21.355,58.04,3.427,country_area_weighted_mean,6,synthetic
2020-05-25,ESP,17.904,13.304,23.004,29.467,58.88,3.589,country_area_weighted_mean,6,synthetic
2020-05-25,POL,15.742,11.142,20.842,37.324,61.54,3.746,country_area_weighted_mean,6,synthetic
2020-05-25,HUN,17.001,12.401,22.101,33.443,65.85,3.669,country_area_weighted_mean,6,synthetic
2020-05-25,ROU,18.951,14.351,24.051,18.99,51.29,3.38,country_area_weighted_mean,6,synthetic
2020-05-25,BGR,16.668,12.068,21.768,17.007,59.07,3.34,country_area_weighted_mean,6,synthetic
2020-05-25,SRB,17.579,12.979,22.679,27.958,58.32,3.559,country_area_weighted_mean,6,synthetic
2020-05-25,UKR,15.816,11.216,20.916,12.905,62.36,3.258,country_area_weighted_mean,6,synthetic
2020-05-25,MDA,16.01,11.41,21.11,35.531,63.61,3.711,country_area_weighted_mean,6,synthetic
2020-05-25,RUS,11.1,6.5,16.2,24.272,61.98,3.485,country_area_weighted_mean,6,synthetic
2020-05-25,TUR,18.006,13.406,23.106,35.689,64.88,3.714,country_area_weighted_mean,6,synthetic
2020-05-25,GEO,17.376,12.776,22.476,43.384,64.39,3.868,country_area_weighted_mean,6,synthetic
2020-05-25,ISR,22.839,18.239,27.939,26.343,54.27,3.527,country_area_weighted_mean,6,synthetic
2020-05-25,EGY,22.992,18.392,28.092,17.821,55.37,3.356,country_area_weighted_mean,6,synthetic
2020-05-25,TUN,20.776,16.176,25.876,27.158,61.45,3.543,country_area_weighted_mean,6,synthetic
2020-05-25,MAR,17.746,13.146,22.846,25.008,59.22,3.5,country_area_weighted_mean,6,synthetic
2020-06-01,FRA,19.806,15.206,24.906,23.794,57.0,3.476,country_area_weighted_mean,6,synthetic
2020-06-01,DEU,19.005,14.405,24.105,34.827,60.0,3.697,country_area_weighted_mean,6,synthetic
2020-06-01,NLD,15.261,10.661,20.361,29.913,63.63,3.598,country_area_weighted_mean,6,synthetic
2020-06-01,BEL,15.376,10.776,20.476,19.496,59.31,3.39,country_area_weighted_mean,6,synthetic
2020-06-01,ITA,19.802,15.202,24.902,28.99,60.85,3.58,country_area_weighted_mean,6,synthetic
2020-06-01,ESP,18.507,13.907,23.607,33.591,62.45,3.672,country_area_weighted_mean,6,synthetic
2020-06-01,POL,17.009,12.409,22.109,46.758,66.36,3.935,country_area_weighted_mean,6,synthetic
2020-06-01,HUN,16.893,12.293,21.993,42.94,62.7,3.859,country_area_weighted_mean,6,synthetic
2020-06-01,ROU,22.482,17.882,27.582,27.062,55.82,3.541,country_area_weighted_mean,6,synthetic
2020-06-01,BGR,18.624,14.024,23.724,26.001,61.79,3.52,country_area_weighted_mean,6,synthetic
2020-06-01,SRB,19.874,15.274,24.974,23.129,55.4,3.463,country_area_weighted_mean,6,synthetic
2020-06-01,UKR,17.343,12.743,22.443,16.445,65.1,3.329,country_area_weighted_mean,6,synthetic
2020-06-01,MDA,15.188,10.588,20.288,47.136,65.49,3.943,country_area_weighted_mean,6,synthetic
2020-06-01,RUS,13.526,8.926,18.626,15.982,58.91,3.32,country_area_weighted_mean,6,synthetic
2020-06-01,TUR,18.326,13.726,23.426,40.325,65.01,3.807,country_area_weighted_mean,6,synthetic
2020-06-01,GEO,17.692,13.092,22.792,25.935,59.55,3.519,country_area_weighted_mean,6,synthetic
2020-06-01,ISR,22.992,18.392,28.092,30.759,57.44,3.615,country_area_weighted_mean,6,synthetic
2020-06-01,EGY,22.441,17.841,27.541,15.243,58.33,3.305,country_area_weighted_mean,6,synthetic
2020-06-01,TUN,21.496,16.896,26.596,18.344,57.8,3.367,country_area_weighted_mean,6,synthetic
2020-06-01,MAR,18.159,13.559,23.259,26.28,55.08,3.526,country_area_weighted_mean,6,synthetic
2020-06-08,FRA,22.494,17.894,27.594,27.718,52.32,3.554,country_area_weighted_mean,6,synthetic
2020-06-08,DEU,20.969,16.369,26.069,27.927,54.45,3.559,country_area_weighted_mean,6,synthetic
2020-06-08,NLD,16.832,12.232,21.932,12.809,58.17,3.256,country_area_weighted_mean,6,synthetic
2020-06-08,BEL,16.445,11.845,21.545,30.03,59.99,3.601,country_area_weighted_mean,6,synthetic
2020-06-08,ITA,21.185,16.585,26.285,33.773,58.64,3.675,country_area_weighted_mean,6,synthetic
2020-06-08,ESP,19.891,15.291,24.991,37.456,64.59,3.749,country_area_weighted_mean,6,synthetic
2020-06-08,POL,19.799,15.199,24.899,38.835,66.94,3.777,country_area_weighted_mean,6,synthetic
2020-06-08,HUN,17.933,13.333,23.033,17.808,55.51,3.356,country_area_weighted_mean,6,synthetic
2020-06-08,ROU,23.224,18.624,28.324,19.285,59.99,3.386,country_area_weighted_mean,6,synthetic
2020-06-08,BGR,19.879,15.279,24.979,17.263,61.56,3.345,country_area_weighted_mean,6,synthetic
2020-06-08,SRB,21.323,16.723,26.423,11.836,54.22,3.237,country_area_weighted_mean,6,synthetic
2020-06-08,UKR,19.142,14.542,24.242,23.452,64.71,3.469,country_area_weighted_mean,6,synthetic
2020-06-08,MDA,15.323,10.723,20.423,27.167,58.56,3.543,country_area_weighted_mean,6,synthetic
2020-06-08,RUS,14.718,10.118,19.818,14.822,56.0,3.296,country_area_weighted_mean,6,synthetic
2020-06-08,TUR,19.354,14.754,24.454,30.636,65.58,3.613,country_area_weighted_mean,6,synthetic
2020-06-08,GEO,21.288,16.688,26.388,23.432,57.01,3.469,country_area_weighted_mean,6,synthetic
2020-06-08,ISR,23.732,19.132,28.832,51.025,65.96,4.021,country_area_weighted_mean,6,synthetic
2020-06-08,EGY,25.311,20.711,30.411,20.206,60.09,3.404,country_area_weighted_mean,6,synthetic
2020-06-08,TUN,23.817,19.217,28.917,26.533,60.49,3.531,country_area_weighted_mean,6,synthetic
2020-06-08,MAR,21.041,16.441,26.141,15.633,53.55,3.313,country_area_weighted_mean,6,synthetic
2020-06-15,FRA,24.06,19.46,29.16,20.085,52.91,3.402,country_area_weighted_mean,6,synthetic
2020-06-15,DEU,22.898,18.298,27.998,20.317,55.52,3.406,country_area_weighted_mean,6,synthetic
2020-06-15,NLD,18.139,13.539,23.239,21.302,55.72,3.426,country_area_weighted_mean,6,synthetic
2020-06-15,BEL,17.742,13.142,22.842,36.44,65.05,3.729,country_area_weighted_mean,6,synthetic
2020-06-15,ITA,21.526,16.926,26.626,18.426,54.65,3.369,country_area_weighted_mean,6,synthetic
2020-06-15,ESP,20.172,15.572,25.272,39.977,62.01,3.8,country_area_weighted_mean,6,synthetic
2020-06-15,POL,20.066,15.466,25.166,27.654,62.63,3.553,country_area_weighted_mean,6,synthetic
2020-06-15,HUN,20.354,15.754,25.454,20.516,56.76,3.41,country_area_weighted_mean,6,synthetic
2020-06-15,ROU,22.47,17.87,27.57,29.005,59.3,3.58,country_area_weighted_mean,6,synthetic
2020-06-15,BGR,21.175,16.575,26.275,16.409,59.56,3.328,country_area_weighted_mean,6,synthetic
2020-06-15,SRB,21.831,17.231,26.931,12.171,52.82,3.243,country_area_weighted_mean,6,synthetic
2020-06-15,UKR,20.302,15.702,25.402,23.239,56.83,3.465,country_area_weighted_mean,6,synthetic
2020-06-15,MDA,19.965,15.365,25.065,21.888,60.93,3.438,country_area_weighted_mean,6,synthetic
2020-06-15,RUS,19.687,15.087,24.787,23.511,60.22,3.47,country_area_weighted_mean,6,synthetic
2020-06-15,TUR,21.223,16.623,26.323,13.695,54.45,3.274,country_area_weighted_mean,6,synthetic
2020-06-15,GEO,24.568,19.968,29.668,19.104,56.34,3.382,country_area_weighted_mean,6,synthetic
2020-06-15,ISR,24.119,19.519,29.219,32.44,59.29,3.649,country_area_weighted_mean,6,synthetic
2020-06-15,EGY,25.273,20.673,30.373,26.626,57.51,3.533,country_area_weighted_mean,6,synthetic
2020-06-15,TUN,25.255,20.655,30.355,20.425,56.39,3.408,country_area_weighted_mean,6,synthetic
2020-06-15,MAR,23.596,18.996,28.696,20.417,54.81,3.408,country_area_weighted_mean,6,synthetic
2020-06-22,FRA,24.843,20.243,29.943,18.943,52.67,3.379,country_area_weighted_mean,6,synthetic
2020-06-22,DEU,23.242,18.642,28.342,16.163,55.9,3.323,country_area_weighted_mean,6,synthetic
2020-06-22,NLD,21.965,17.365,27.065,22.957,59.32,3.459,country_area_weighted_mean,6,synthetic
2020-06-22,BEL,18.288,13.688,23.388,20.272,60.19,3.405,country_area_weighted_mean,6,synthetic
2020-06-22,ITA,22.978,18.378,28.078,19.378,56.39,3.388,country_area_weighted_mean,6,synthetic
2020-06-22,ESP,23.616,19.016,28.716,21.248,54.31,3.425,country_area_weighted_mean,6,synthetic
2020-06-22,POL,20.517,15.917,25.617,20.567,58.7,3.411,country_area_weighted_mean,6,synthetic
2020-06-22,HUN,21.499,16.899,26.599,22.935,53.63,3.459,country_area_weighted_mean,6,synthetic
2020-06-22,ROU,22.012,17.412,27.112,22.702,56.07,3.454,country_area_weighted_mean,6,synthetic
2020-06-22,BGR,22.213,17.613,27.313,21.362,56.12,3.427,country_area_weighted_mean,6,synthetic
2020-06-22,SRB,21.469,16.869,26.569,13.799,58.05,3.276,country_area_weighted_mean,6,synthetic
2020-06-22,UKR,21.643,17.043,26.743,24.417,55.36,3.488,country_area_weighted_mean,6,synthetic
2020-06-22,MDA,21.032,16.432,26.132,20.691,57.4,3.414,country_area_weighted_mean,6,synthetic
2020-06-22,RUS,19.203,14.603,24.303,18.484,57.81,3.37,country_area_weighted_mean,6,synthetic
2020-06-22,TUR,22.108,17.508,27.208,11.347,53.77,3.227,country_area_weighted_mean,6,synthetic
2020-06-22,GEO,26.099,21.499,31.199,28.54,58.14,3.571,country_area_weighted_mean,6,synthetic
2020-06-22,ISR,24.15,19.55,29.25,22.917,56.23,3.458,country_area_weighted_mean,6,synthetic
2020-06-22,EGY,27.214,22.614,32.314,24.068,58.12,3.481,country_area_weighted_mean,6,synthetic
2020-06-22,TUN,25.587,20.987,30.687,20.63,56.2,3.413,country_area_weighted_mean,6,synthetic
2020-06-22,MAR,25.709,21.109,30.809,10.604,50.0,3.212,country_area_weighted_mean,6,synthetic
2020-06-29,FRA,25.431,20.831,30.531,21.693,51.53,3.434,country_area_weighted_mean,6,synthetic
2020-06-29,DEU,25.413,20.813,30.513,12.831,48.48,3.257,country_area_weighted_mean,6,synthetic
2020-06-29,NLD,23.289,18.689,28.389,19.512,57.2,3.39,country_area_weighted_mean,6,synthetic
2020-06-29,BEL,20.505,15.905,25.605,16.719,52.23,3.334,country_area_weighted_mean,6,synthetic
2020-06-29,ITA,23.722,19.122,28.822,28.874,57.96,3.577,country_area_weighted_mean,6,synthetic
2020-06-29,ESP,26.416,21.816,31.516,15.84,53.0,3.317,country_area_weighted_mean,6,synthetic
2020-06-29,POL,20.936,16.336,26.036,23.916,60.96,3.478,country_area_weighted_mean,6,synthetic
2020-06-29,HUN,23.025,18.425,28.125,25.026,56.99,3.501,country_area_weighted_mean,6,synthetic
2020-06-29,ROU,22.995,18.395,28.095,19.186,53.53,3.384,country_area_weighted_mean,6,synthetic
2020-06-29,BGR,23.002,18.402,28.102,32.614,57.49,3.652,country_area_weighted_mean,6,synthetic
2020-06-29,SRB,25.275,20.675,30.375,23.114,56.8,3.462,country_area_weighted_mean,6,synthetic
2020-06-29,UKR,22.052,17.452,27.152,32.575,58.85,3.652,country_area_weighted_mean,6,synthetic
2020-06-29,MDA,21.895,17.295,26.995,41.129,63.11,3.823,country_area_weighted_mean,6,synthetic
2020-06-29,RUS,19.566,14.966,24.666,21.224,58.81,3.424,country_area_weighted_mean,6,synthetic
2020-06-29,TUR,25.31,20.71,30.41,19.583,54.21,3.392,country_area_weighted_mean,6,synthetic
2020-06-29,GEO,26.056,21.456,31.156,29.017,61.03,3.58,country_area_weighted_mean,6,synthetic
2020-06-29,ISR,26.371,21.771,31.471,16.284,54.45,3.326,country_area_weighted_mean,6,synthetic
2020-06-29,EGY,27.543,22.943,32.643,11.01,51.02,3.22,country_area_weighted_mean,6,synthetic
2020-06-29,TUN,27.748,23.148,32.848,19.017,58.12,3.38,country_area_weighted_mean,6,synthetic
2020-06-29,MAR,26.758,22.158,31.858,9.109,51.47,3.182,country_area_weighted_mean,6,synthetic
2020-07-06,FRA,26.054,21.454,31.154,19.57,49.3,3.391,country_area_weighted_mean,6,synthetic
2020-07-06,DEU,27.705,23.105,32.805,12.237,48.78,3.245,country_area_weighted_mean,6,synthetic
2020-07-06,NLD,23.271,18.671,28.371,30.042,60.96,3.601,country_area_weighted_mean,6,synthetic
2020-07-06,BEL,22.435,17.835,27.535,19.575,54.45,3.391,country_area_weighted_mean,6,synthetic
2020-07-06,ITA,22.486,17.886,27.586,25.373,61.75,3.507,country_area_weighted_mean,6,synthetic
2020-07-06,ESP,24.516,19.916,29.616,14.673,55.43,3.293,country_area_weighted_mean,6,synthetic
2020-07-06,POL,20.626,16.026,25.726,16.972,54.61,3.339,country_area_weighted_mean,6,synthetic
2020-07-06,HUN,23.866,19.266,28.966,19.01,53.78,3.38,country_area_weighted_mean,6,synthetic
2020-07-06,ROU,23.826,19.226,28.926,20.753,55.36,3.415,country_area_weighted_mean,6,synthetic
2020-07-06,BGR,24.211,19.611,29.311,24.337,59.89,3.487,country_area_weighted_mean,6,synthetic
2020-07-06,SRB,25.063,20.463,30.163,22.211,56.78,3.444,country_area_weighted_mean,6,synthetic
2020-07-06,UKR,23.383,18.783,28.483,17.453,54.67,3.349,country_area_weighted_mean,6,synthetic
2020-07-06,MDA,23.912,19.312,29.012,26.168,55.87,3.523,country_area_weighted_mean,6,synthetic
2020-07-06,RUS,21.771,17.171,26.871,18.524,55.82,3.37,country_area_weighted_mean,6,synthetic
2020-07-06,TUR,24.932,20.332,30.032,18.798,57.81,3.376,country_area_weighted_mean,6,synthetic
2020-07-06,GEO,25.447,20.847,30.547,25.806,60.01,3.516,country_area_weighted_mean,6,synthetic
2020-07-06,ISR,24.395,19.795,29.495,14.329,55.59,3.287,country_area_weighted_mean,6,synthetic
2020-07-06,EGY,27.353,22.753,32.453,10.39,45.37,3.208,country_area_weighted_mean,6,synthetic
2020-07-06,TUN,28.857,24.257,33.957,31.082,60.67,3.622,country_area_weighted_mean,6,synthetic
2020-07-06,MAR,28.21,23.61,33.31,14.82,49.05,3.296,country_area_weighted_mean,6,synthetic
2020-07-13,FRA,24.406,19.806,29.506,21.357,49.11,3.427,country_area_weighted_mean,6,synthetic
2020-07-13,DEU,27.56,22.96,32.66,16.188,48.45,3.324,country_area_weighted_mean,6,synthetic
2020-07-13,NLD,23.638,19.038,28.738,21.444,54.48,3.429,country_area_weighted_mean,6,synthetic
2020-07-13,BEL,22.447,17.847,27.547,28.868,59.47,3.577,country_area_weighted_mean,6,synthetic
2020-07-13,ITA,24.241,19.641,29.341,15.086,53.47,3.302,country_area_weighted_mean,6,synthetic
2020-07-13,ESP,25.606,21.006,30.706,17.752,56.01,3.355,country_area_weighted_mean,6,synthetic
2020-07-13,POL,21.724,17.124,26.824,13.097,52.71,3.262,country_area_weighted_mean,6,synthetic
2020-07-13,HUN,25.887,21.287,30.987,18.163,57.55,3.363,country_area_weighted_mean,6,synthetic
2020-07-13,ROU,23.698,19.098,28.798,20.254,53.35,3.405,country_area_weighted_mean,6,synthetic
2020-07-13,BGR,26.65,22.05,31.75,21.56,56.61,3.431,country_area_weighted_mean,6,synthetic
2020-07-13,SRB,27.273,22.673,32.373,14.815,53.26,3.296,country_area_weighted_mean,6,synthetic
2020-07-13,UKR,22.821,18.221,27.921,12.809,49.91,3.256,country_area_weighted_mean,6,synthetic
2020-07-13,MDA,23.739,19.139,28.839,18.37,51.67,3.367,country_area_weighted_mean,6,synthetic
2020-07-13,RUS,24.162,19.562,29.262,22.187,56.45,3.444,country_area_weighted_mean,6,synthetic
2020-07-13,TUR,24.369,19.769,29.469,26.714,61.96,3.534,country_area_weighted_mean,6,synthetic
2020-07-13,GEO,25.197,20.597,30.297,28.942,60.63,3.579,country_area_weighted_mean,6,synthetic
2020-07-13,ISR,24.956,20.356,30.056,20.865,58.23,3.417,country_area_weighted_mean,6,synthetic
2020-07-13,EGY,26.361,21.761,31.461,11.254,48.65,3.225,country_area_weighted_mean,6,synthetic
2020-07-13,TUN,29.35,24.75,34.45,29.123,55.22,3.582,country_area_weighted_mean,6,synthetic
2020-07-13,MAR,25.804,21.204,30.904,14.99,53.73,3.3,country_area_weighted_mean,6,synthetic
2020-07-20,FRA,26.754,22.154,31.854,21.965,53.28,3.439,country_area_weighted_mean,6,synthetic
2020-07-20,DEU,27.944,23.344,33.044,14.044,51.27,3.281,country_area_weighted_mean,6,synthetic
2020-07-20,NLD,24.076,19.476,29.176,21.82,57.28,3.436,country_area_weighted_mean,6,synthetic
2020-07-20,BEL,22.783,18.183,27.883,29.303,56.22,3.586,country_area_weighted_mean,6,synthetic
2020-07-20,ITA,25.018,20.418,30.118,18.001,54.83,3.36,country_area_weighted_mean,6,synthetic
2020-07-20,ESP,25.642,21.042,30.742,12.578,51.61,3.252,country_area_weighted_mean,6,synthetic
2020-07-20,POL,23.114,18.514,28.214,12.184,50.17,3.244,country_area_weighted_mean,6,synthetic
2020-07-20,HUN,25.294,20.694,30.394,16.706,53.84,3.334,country_area_weighted_mean,6,synthetic
2020-07-20,ROU,24.296,19.696,29.396,18.74,52.45,3.375,country_area_weighted_mean,6,synthetic
2020-07-20,BGR,30.086,25.486,35.186,20.992,54.23,3.42,country_area_weighted_mean,6,synthetic
2020-07-20,SRB,28.313,23.713,33.413,17.769,49.58,3.355,country_area_weighted_mean,6,synthetic
2020-07-20,UKR,23.97,19.37,29.07,15.318,54.98,3.306,country_area_weighted_mean,6,synthetic
2020-07-20,MDA,23.393,18.793,28.493,22.103,55.77,3.442,country_area_weighted_mean,6,synthetic
2020-07-20,RUS,23.785,19.185,28.885,16.783,54.99,3.336,country_area_weighted_mean,6,synthetic
2020-07-20,TUR,23.433,18.833,28.533,29.289,61.95,3.586,country_area_weighted_mean,6,synthetic
2020-07-20,GEO,24.17,19.57,29.27,13.419,54.5,3.268,country_area_weighted_mean,6,synthetic
2020-07-20,ISR,24.88,20.28,29.98,22.573,56.66,3.451,country_area_weighted_mean,6,synthetic
2020-07-20,EGY,27.183,22.583,32.283,6.143,46.48,3.123,country_area_weighted_mean,6,synthetic
2020-07-20,TUN,28.259,23.659,33.359,23.463,56.21,3.469,country_area_weighted_mean,6,synthetic
2020-07-20,MAR,27.141,22.541,32.241,13.793,52.36,3.276,country_area_weighted_mean,6,synthetic
2020-07-27,FRA,27.933,23.333,33.033,15.865,51.78,3.317,country_area_weighted_mean,6,synthetic
2020-07-27,DEU,25.939,21.339,31.039,12.102,60.67,3.242,country_area_weighted_mean,6,synthetic
2020-07-27,NLD,21.462,16.862,26.562,26.258,58.36,3.525,country_area_weighted_mean,6,synthetic
2020-07-27,BEL,21.799,17.199,26.899,22.988,56.09,3.46,country_area_weighted_mean,6,synthetic
2020-07-27,ITA,25.708,21.108,30.808,15.348,50.82,3.307,country_area_weighted_mean,6,synthetic
2020-07-27,ESP,23.632,19.032,28.732,12.894,53.8,3.258,country_area_weighted_mean,6,synthetic
2020-07-27,POL,24.971,20.371,30.071,21.68,52.56,3.434,country_area_weighted_mean,6,synthetic
2020-07-27,HUN,25.809,21.209,30.909,27.011,58.71,3.54,country_area_weighted_mean,6,synthetic
2020-07-27,ROU,24.266,19.666,29.366,14.428,48.29,3.289,country_area_weighted_mean,6,synthetic
2020-07-27,BGR,29.662,25.062,34.762,14.938,53.9,3.299,country_area_weighted_mean,6,synthetic
2020-07-27,SRB,27.683,23.083,32.783,19.952,54.39,3.399,country_area_weighted_mean,6,synthetic
2020-07-27,UKR,23.943,19.343,29.043,16.348,56.21,3.327,country_area_weighted_mean,6,synthetic
2020-07-27,MDA,26.053,21.453,31.153,20.405,55.16,3.408,country_area_weighted_mean,6,synthetic
2020-07-27,RUS,25.819,21.219,30.919,8.666,47.78,3.173,country_area_weighted_mean,6,synthetic
2020-07-27,TUR,23.916,19.316,29.016,16.719,52.75,3.334,country_area_weighted_mean,6,synthetic
2020-07-27,GEO,24.729,20.129,29.829,18.758,54.34,3.375,country_area_weighted_mean,6,synthetic
2020-07-27,ISR,25.85,21.25,30.95,17.818,54.74,3.356,country_area_weighted_mean,6,synthetic
2020-07-27,EGY,26.352,21.752,31.452,11.941,49.66,3.239,country_area_weighted_mean,6,synthetic
2020-07-27,TUN,29.91,25.31,35.01,14.187,53.09,3.284,country_area_weighted_mean,6,synthetic
2020-07-27,MAR,27.606,23.006,32.706,12.991,52.94,3.26,country_area_weighted_mean,6,synthetic
2020-08-03,FRA,26.511,21.911,31.611,13.107,49.57,3.262,country_area_weighted_mean,6,synthetic
2020-08-03,DEU,25.224,20.624,30.324,14.585,58.25,3.292,country_area_weighted_mean,6,synthetic
2020-08-03,NLD,21.383,16.783,26.483,17.403,54.46,3.348,country_area_weighted_mean,6,synthetic
2020-08-03,BEL,22.699,18.099,27.799,27.738,57.06,3.555,country_area_weighted_mean,6,synthetic
2020-08-03,ITA,25.453,20.853,30.553,20.651,55.27,3.413,country_area_weighted_mean,6,synthetic
2020-08-03,ESP,24.118,19.518,29.218,17.976,52.77,3.36,country_area_weighted_mean,6,synthetic
2020-08-03,POL,28.18,23.58,33.28,16.189,52.35,3.324,country_area_weighted_mean,6,synthetic
2020-08-03,HUN,23.979,19.379,29.079,15.584,57.17,3.312,country_area_weighted_mean,6,synthetic
2020-08-03,ROU,25.631,21.031,30.731,15.407,53.27,3.308,country_area_weighted_mean,6,synthetic
2020-08-03,BGR,28.584,23.984,33.684,16.254,52.41,3.325,country_area_weighted_mean,6,synthetic
2020-08-03,SRB,27.977,23.377,33.077,11.509,52.63,3.23,country_area_weighted_mean,6,synthetic
2020-08-03,UKR,24.354,19.754,29.454,10.994,54.0,3.22,country_area_weighted_mean,6,synthetic
2020-08-03,MDA,24.486,19.886,29.586,25.099,53.09,3.502,country_area_weighted_mean,6,synthetic
2020-08-03,RUS,25.129,20.529,30.229,13.819,52.29,3.276,country_area_weighted_mean,6,synthetic
2020-08-03,TUR,25.541,20.941,30.641,19.853,54.55,3.397,country_area_weighted_mean,6,synthetic
2020-08-03,GEO,25.694,21.094,30.794,16.6,54.59,3.332,country_area_weighted_mean,6,synthetic
2020-08-03,ISR,24.846,20.246,29.946,13.878,54.77,3.278,country_area_weighted_mean,6,synthetic
2020-08-03,EGY,26.288,21.688,31.388,14.828,49.11,3.297,country_area_weighted_mean,6,synthetic
2020-08-03,TUN,27.686,23.086,32.786,18.622,54.55,3.372,country_area_weighted_mean,6,synthetic
2020-08-03,MAR,28.989,24.389,34.089,21.769,60.63,3.435,country_area_weighted_mean,6,synthetic
2020-08-10,FRA,25.913,21.313,31.013,19.028,53.5,3.381,country_area_weighted_mean,6,synthetic
2020-08-10,DEU,23.565,18.965,28.665,12.453,56.72,3.249,country_area_weighted_mean,6,synthetic
2020-08-10,NLD,20.132,15.532,25.232,14.962,53.95,3.299,country_area_weighted_mean,6,synthetic
2020-08-10,BEL,22.063,17.463,27.163,33.436,58.51,3.669,country_area_weighted_mean,6,synthetic
2020-08-10,ITA,23.728,19.128,28.828,33.476,57.71,3.67,country_area_weighted_mean,6,synthetic
2020-08-10,ESP,24.113,19.513,29.213,26.824,56.88,3.536,country_area_weighted_mean,6,synthetic
2020-08-10,POL,26.094,21.494,31.194,16.125,52.58,3.323,country_area_weighted_mean,6,synthetic
2020-08-10,HUN,24.095,19.495,29.195,21.061,64.42,3.421,country_area_weighted_mean,6,synthetic
2020-08-10,ROU,23.436,18.836,28.536,12.756,54.44,3.255,country_area_weighted_mean,6,synthetic
2020-08-10,BGR,26.154,21.554,31.254,19.402,54.55,3.388,country_area_weighted_mean,6,synthetic
2020-08-10,SRB,27.36,22.76,32.46,13.308,57.15,3.266,country_area_weighted_mean,6,synthetic
2020-08-10,UKR,26.106,21.506,31.206,13.948,57.21,3.279,country_area_weighted_mean,6,synthetic
2020-08-10,MDA,23.982,19.382,29.082,24.716,56.21,3.494,country_area_weighted_mean,6,synthetic
2020-08-10,RUS,26.308,21.708,31.408,18.699,50.21,3.374,country_area_weighted_mean,6,synthetic
2020-08-10,TUR,26.249,21.649,31.349,10.623,50.54,3.212,country_area_weighted_mean,6,synthetic
2020-08-10,GEO,27.277,22.677,32.377,12.363,53.14,3.247,country_area_weighted_mean,6,synthetic
2020-08-10,ISR,26.036,21.436,31.136,12.937,50.92,3.259,country_area_weighted_mean,6,synthetic
2020-08-10,EGY,25.173,20.573,30.273,12.403,49.93,3.248,country_area_weighted_mean,6,synthetic
2020-08-10,TUN,27.721,23.121,32.821,20.381,56.38,3.408,country_area_weighted_mean,6,synthetic
2020-08-10,MAR,26.176,21.576,31.276,9.591,51.45,3.192,country_area_weighted_mean,6,synthetic
2020-08-17,FRA,26.838,22.238,31.938,26.751,56.8,3.535,country_area_weighted_mean,6,synthetic
2020-08-17,DEU,22.902,18.302,28.002,13.791,58.22,3.276,country_area_weighted_mean,6,synthetic
2020-08-17,NLD,22.412,17.812,27.512,14.271,49.87,3.285,country_area_weighted_mean,6,synthetic
2020-08-17,BEL,22.399,17.799,27.499,38.546,58.35,3.771,country_area_weighted_mean,6,synthetic
2020-08-17,ITA,22.641,18.041,27.741,24.915,59.08,3.498,country_area_weighted_mean,6,synthetic
2020-08-17,ESP,24.664,20.064,29.764,21.311,58.47,3.426,country_area_weighted_mean,6,synthetic
2020-08-17,POL,26.868,22.268,31.968,14.987,52.48,3.3,country_area_weighted_mean,6,synthetic
2020-08-17,HUN,22.702,18.102,27.802,16.473,59.92,3.329,country_area_weighted_mean,6,synthetic
2020-08-17,ROU,24.822,20.222,29.922,11.09,54.79,3.222,country_area_weighted_mean,6,synthetic
2020-08-17,BGR,22.888,18.288,27.988,8.461,52.89,3.169,country_area_weighted_mean,6,synthetic
2020-08-17,SRB,27.312,22.712,32.412,11.875,49.83,3.238,country_area_weighted_mean,6,synthetic
2020-08-17,UKR,24.681,20.081,29.781,19.373,59.17,3.387,country_area_weighted_mean,6,synthetic
2020-08-17,MDA,23.846,19.246,28.946,39.333,58.0,3.787,country_area_weighted_mean,6,synthetic
2020-08-17,RUS,24.527,19.927,29.627,14.827,54.23,3.297,country_area_weighted_mean,6,synthetic
2020-08-17,TUR,26.852,22.252,31.952,13.924,50.57,3.278,country_area_weighted_mean,6,synthetic
2020-08-17,GEO,27.232,22.632,32.332,12.621,54.89,3.252,country_area_weighted_mean,6,synthetic
2020-08-17,ISR,26.834,22.234,31.934,9.976,46.93,3.2,country_area_weighted_mean,6,synthetic
2020-08-17,EGY,25.043,20.443,30.143,17.375,52.38,3.347,country_area_weighted_mean,6,synthetic
2020-08-17,TUN,25.756,21.156,30.856,14.151,56.6,3.283,country_area_weighted_mean,6,synthetic
2020-08-17,MAR,26.662,22.062,31.762,10.975,50.02,3.219,country_area_weighted_mean,6,synthetic
2020-08-24,FRA,27.209,22.609,32.309,22.593,56.92,3.452,country_area_weighted_mean,6,synthetic
2020-08-24,DEU,21.711,17.111,26.811,13.469,53.56,3.269,country_area_weighted_mean,6,synthetic
2020-08-24,NLD,23.371,18.771,28.471,14.188,44.74,3.284,country_area_weighted_mean,6,synthetic
2020-08-24,BEL,21.436,16.836,26.536,21.598,54.46,3.432,country_area_weighted_mean,6,synthetic
2020-08-24,ITA,23.971,19.371,29.071,23.53,55.04,3.471,country_area_weighted_mean,6,synthetic
2020-08-24,ESP,24.101,19.501,29.201,23.628,58.62,3.473,country_area_weighted_mean,6,synthetic
2020-08-24,POL,25.347,20.747,30.447,16.908,51.4,3.338,country_area_weighted_mean,6,synthetic
2020-08-24,HUN,23.341,18.741,28.441,19.563,60.96,3.391,country_area_weighted_mean,6,synthetic
2020-08-24,ROU,23.183,18.583,28.283,10.546,52.6,3.211,country_area_weighted_mean,6,synthetic
2020-08-24,BGR,21.738,17.138,26.838,19.463,59.28,3.389,country_area_weighted_mean,6,synthetic
2020-08-24,SRB,26.079,21.479,31.179,14.339,54.24,3.287,country_area_weighted_mean,6,synthetic
2020-08-24,UKR,23.448,18.848,28.548,13.229,53.22,3.265,country_area_weighted_mean,6,synthetic
2020-08-24,MDA,22.265,17.665,27.365,17.849,54.99,3.357,country_area_weighted_mean,6,synthetic
2020-08-24,RUS,24.144,19.544,29.244,16.195,54.61,3.324,country_area_weighted_mean,6,synthetic
2020-08-24,TUR,25.401,20.801,30.501,16.414,51.96,3.328,country_area_weighted_mean,6,synthetic
2020-08-24,GEO,26.111,21.511,31.211,14.924,51.88,3.298,country_area_weighted_mean,6,synthetic
2020-08-24,ISR,23.526,18.926,28.626,12.615,51.61,3.252,country_area_weighted_mean,6,synthetic
2020-08-24,EGY,25.211,20.611,30.311,7.993,55.0,3.16,country_area_weighted_mean,6,synthetic
2020-08-24,TUN,26.437,21.837,31.537,15.867,54.6,3.317,country_area_weighted_mean,6,synthetic
2020-08-24,MAR,25.594,20.994,30.694,21.349,53.28,3.427,country_area_weighted_mean,6,synthetic
2020-08-31,FRA,27.558,22.958,32.658,20.358,54.77,3.407,country_area_weighted_mean,6,synthetic
2020-08-31,DEU,20.124,15.524,25.224,11.806,58.45,3.236,country_area_weighted_mean,6,synthetic
2020-08-31,NLD,21.612,17.012,26.712,15.9,52.3,3.318,country_area_weighted_mean,6,synthetic
2020-08-31,BEL,19.732,15.132,24.832,33.609,55.14,3.672,country_area_weighted_mean,6,synthetic
2020-08-31,ITA,21.101,16.501,26.201,17.372,59.38,3.347,country_area_weighted_mean,6,synthetic
2020-08-31,ESP,22.739,18.139,27.839,12.164,54.31,3.243,country_area_weighted_mean,6,synthetic
2020-08-31,POL,22.188,17.588,27.288,16.807,53.41,3.336,country_area_weighted_mean,6,synthetic
2020-08-31,HUN,23.506,18.906,28.606,19.738,58.7,3.395,country_area_weighted_mean,6,synthetic
2020-08-31,ROU,23.208,18.608,28.308,9.47,54.76,3.189,country_area_weighted_mean,6,synthetic
2020-08-31,BGR,21.083,16.483,26.183,16.364,57.26,3.327,country_area_weighted_mean,6,synthetic
2020-08-31,SRB,22.654,18.054,27.754,21.198,58.21,3.424,country_area_weighted_mean,6,synthetic
2020-08-31,UKR,24.791,20.191,29.891,24.341,52.59,3.487,country_area_weighted_mean,6,synthetic
2020-08-31,MDA,21.571,16.971,26.671,16.014,55.36,3.32,country_area_weighted_mean,6,synthetic
2020-08-31,RUS,23.458,18.858,28.558,16.159,51.72,3.323,country_area_weighted_mean,6,synthetic
2020-08-31,TUR,25.159,20.559,30.259,13.059,56.91,3.261,country_area_weighted_mean,6,synthetic
2020-08-31,GEO,24.169,19.569,29.269,15.898,51.28,3.318,country_area_weighted_mean,6,synthetic
2020-08-31,ISR,23.149,18.549,28.249,6.707,53.4,3.134,country_area_weighted_mean,6,synthetic
2020-08-31,EGY,24.611,20.011,29.711,7.44,50.56,3.149,country_area_weighted_mean,6,synthetic
2020-08-31,TUN,26.653,22.053,31.753,14.641,49.09,3.293,country_area_weighted_mean,6,synthetic
2020-08-31,MAR,24.507,19.907,29.607,20.267,53.18,3.405,country_area_weighted_mean,6,synthetic
2020-09-07,FRA,26.126,21.526,31.226,18.076,52.31,3.362,country_area_weighted_mean,6,synthetic
2020-09-07,DEU,20.457,15.857,25.557,18.166,61.91,3.363,country_area_weighted_mean,6,synthetic
2020-09-07,NLD,21.851,17.251,26.951,30.482,56.52,3.61,country_area_weighted_mean,6,synthetic
2020-09-07,BEL,19.406,14.806,24.506,29.998,58.75,3.6,country_area_weighted_mean,6,synthetic
2020-09-07,ITA,21.054,16.454,26.154,23.38,57.72,3.468,country_area_weighted_mean,6,synthetic
2020-09-07,ESP,22.925,18.325,28.025,16.09,52.5,3.322,country_area_weighted_mean,6,synthetic
2020-09-07,POL,20.909,16.309,26.009,15.517,55.12,3.31,country_area_weighted_mean,6,synthetic
2020-09-07,HUN,21.24,16.64,26.34,12.98,57.3,3.26,country_area_weighted_mean,6,synthetic
2020-09-07,ROU,23.039,18.439,28.139,12.264,52.31,3.245,country_area_weighted_mean,6,synthetic
2020-09-07,BGR,19.96,15.36,25.06,11.504,59.26,3.23,country_area_weighted_mean,6,synthetic
2020-09-07,SRB,17.702,13.102,22.802,16.939,64.59,3.339,country_area_weighted_mean,6,synthetic
2020-09-07,UKR,21.224,16.624,26.324,18.725,51.67,3.375,country_area_weighted_mean,6,synthetic
2020-09-07,MDA,20.639,16.039,25.739,13.201,51.11,3.264,country_area_weighted_mean,6,synthetic
2020-09-07,RUS,20.686,16.086,25.786,14.096,55.2,3.282,country_area_weighted_mean,6,synthetic
2020-09-07,TUR,24.347,19.747,29.447,12.277,54.23,3.246,country_area_weighted_mean,6,synthetic
2020-09-07,GEO,22.235,17.635,27.335,12.603,49.47,3.252,country_area_weighted_mean,6,synthetic
2020-09-07,ISR,23.538,18.938,28.638,11.501,56.89,3.23,country_area_weighted_mean,6,synthetic
2020-09-07,EGY,23.162,18.562,28.262,8.589,51.1,3.172,country_area_weighted_mean,6,synthetic
2020-09-07,TUN,25.322,20.722,30.422,10.433,54.46,3.209,country_area_weighted_mean,6,synthetic
2020-09-07,MAR,23.634,19.034,28.734,11.422,51.21,3.228,country_area_weighted_mean,6,synthetic
2020-09-14,FRA,23.582,18.982,28.682,11.948,55.97,3.239,country_area_weighted_mean,6,synthetic
2020-09-14,DEU,18.815,14.215,23.915,18.03,59.67,3.361,country_area_weighted_mean,6,synthetic
2020-09-14,NLD,18.422,13.822,23.522,13.248,55.44,3.265,country_area_weighted_mean,6,synthetic
2020-09-14,BEL,17.917,13.317,23.017,21.764,60.39,3.435,country_area_weighted_mean,6,synthetic
2020-09-14,ITA,18.98,14.38,24.08,20.602,54.25,3.412,country_area_weighted_mean,6,synthetic
2020-09-14,ESP,20.748,16.148,25.848,14.871,54.25,3.297,country_area_weighted_mean,6,synthetic
2020-09-14,POL,20.353,15.753,25.453,18.832,50.68,3.377,country_area_weighted_mean,6,synthetic
2020-09-14,HUN,19.772,15.172,24.872,20.128,57.28,3.403,country_area_weighted_mean,6,synthetic
2020-09-14,ROU,20.471,15.871,25.571,21.763,57.51,3.435,country_area_weighted_mean,6,synthetic
2020-09-14,BGR,18.532,13.932,23.632,13.653,59.18,3.273,country_area_weighted_mean,6,synthetic
2020-09-14,SRB,18.039,13.439,23.139,12.531,60.72,3.251,country_area_weighted_mean,6,synthetic
2020-09-14,UKR,18.269,13.669,23.369,11.966,52.49,3.239,country_area_weighted_mean,6,synthetic
2020-09-14,MDA,19.234,14.634,24.334,11.03,53.62,3.221,country_area_weighted_mean,6,synthetic
2020-09-14,RUS,21.168,16.568,26.268,31.554,58.23,3.631,country_area_weighted_mean,6,synthetic
2020-09-14,TUR,23.245,18.645,28.345,13.693,55.89,3.274,country_area_weighted_mean,6,synthetic
2020-09-14,GEO,20.783,16.183,25.883,10.46,48.02,3.209,country_area_weighted_mean,6,synthetic
2020-09-14,ISR,23.566,18.966,28.666,9.869,57.35,3.197,country_area_weighted_mean,6,synthetic
2020-09-14,EGY,22.922,18.322,28.022,9.648,51.23,3.193,country_area_weighted_mean,6,synthetic
2020-09-14,TUN,24.117,19.517,29.217,24.479,58.56,3.49,country_area_weighted_mean,6,synthetic
2020-09-14,MAR,22.698,18.098,27.798,13.623,53.04,3.272,country_area_weighted_mean,6,synthetic
2020-09-21,FRA,20.153,15.553,25.253,13.308,57.16,3.266,country_area_weighted_mean,6,synthetic
2020-09-21,DEU,17.639,13.039,22.739,11.726,57.8,3.235,country_area_weighted_mean,6,synthetic
2020-09-21,NLD,18.072,13.472,23.172,19.178,55.22,3.384,country_area_weighted_mean,6,synthetic
2020-09-21,BEL,17.66,13.06,22.76,17.847,59.78,3.357,country_area_weighted_mean,6,synthetic
2020-09-21,ITA,17.577,12.977,22.677,7.667,58.77,3.153,country_area_weighted_mean,6,synthetic
2020-09-21,ESP,17.69,13.09,22.79,25.351,55.88,3.507,country_area_weighted_mean,6,synthetic
2020-09-21,POL,17.368,12.768,22.468,14.86,50.59,3.297,country_area_weighted_mean,6,synthetic
2020-09-21,HUN,19.733,15.133,24.833,15.797,56.88,3.316,country_area_weighted_mean,6,synthetic
2020-09-21,ROU,18.141,13.541,23.241,16.328,61.67,3.327,country_area_weighted_mean,6,synthetic
2020-09-21,BGR,17.902,13.302,23.002,17.795,57.73,3.356,country_area_weighted_mean,6,synthetic
2020-09-21,SRB,16.098,11.498,21.198,20.454,65.43,3.409,country_area_weighted_mean,6,synthetic
2020-09-21,UKR,17.319,12.719,22.419,29.48,58.08,3.59,country_area_weighted_mean,6,synthetic
2020-09-21,MDA,19.245,14.645,24.345,14.977,55.48,3.3,country_area_weighted_mean,6,synthetic
2020-09-21,RUS,18.196,13.596,23.296,37.151,66.46,3.743,country_area_weighted_mean,6,synthetic
2020-09-21,TUR,20.021,15.421,25.121,21.742,59.89,3.435,country_area_weighted_mean,6,synthetic
2020-09-21,GEO,19.649,15.049,24.749,14.541,52.7,3.291,country_area_weighted_mean,6,synthetic
2020-09-21,ISR,22.858,18.258,27.958,11.948,57.37,3.239,country_area_weighted_mean,6,synthetic
2020-09-21,EGY,22.04,17.44,27.14,9.175,51.6,3.183,country_area_weighted_mean,6,synthetic
2020-09-21,TUN,23.61,19.01,28.71,21.449,56.29,3.429,country_area_weighted_mean,6,synthetic
2020-09-21,MAR,21.654,17.054,26.754,11.712,51.95,3.234,country_area_weighted_mean,6,synthetic
2020-09-28,FRA,19.082,14.482,24.182,21.33,61.65,3.427,country_area_weighted_mean,6,synthetic
2020-09-28,DEU,15.98,11.38,21.08,9.846,54.89,3.197,country_area_weighted_mean,6,synthetic
2020-09-28,NLD,17.016,12.416,22.116,12.265,55.3,3.245,country_area_weighted_mean,6,synthetic
2020-09-28,BEL,18.521,13.921,23.621,19.311,56.06,3.386,country_area_weighted_mean,6,synthetic
2020-09-28,ITA,17.699,13.099,22.799,16.408,57.6,3.328,country_area_weighted_mean,6,synthetic
2020-09-28,ESP,17.591,12.991,22.691,34.379,59.23,3.688,country_area_weighted_mean,6,synthetic
2020-09-28,POL,15.154,10.554,20.254,13.978,53.24,3.28,country_area_weighted_mean,6,synthetic
2020-09-28,HUN,17.094,12.494,22.194,20.478,58.82,3.41,country_area_weighted_mean,6,synthetic
2020-09-28,ROU,16.6,12.0,21.7,10.68,61.44,3.214,country_area_weighted_mean,6,synthetic
2020-09-28,BGR,16.913,12.313,22.013,18.074,56.8,3.361,country_area_weighted_mean,6,synthetic
2020-09-28,SRB,17.005,12.405,22.105,23.0,62.08,3.46,country_area_weighted_mean,6,synthetic
2020-09-28,UKR,15.729,11.129,20.829,33.55,60.63,3.671,country_area_weighted_mean,6,synthetic
2020-09-28,MDA,17.559,12.959,22.659,22.322,55.68,3.446,country_area_weighted_mean,6,synthetic
2020-09-28,RUS,14.646,10.046,19.746,21.558,59.76,3.431,country_area_weighted_mean,6,synthetic
2020-09-28,TUR,17.938,13.338,23.038,15.833,60.71,3.317,country_area_weighted_mean,6,synthetic
2020-09-28,GEO,17.919,13.319,23.019,16.976,55.21,3.34,country_area_weighted_mean,6,synthetic
2020-09-28,ISR,21.079,16.479,26.179,10.08,55.12,3.202,country_area_weighted_mean,6,synthetic
2020-09-28,EGY,23.027,18.427,28.127,12.304,48.93,3.246,country_area_weighted_mean,6,synthetic
2020-09-28,TUN,20.474,15.874,25.574,21.065,58.76,3.421,country_area_weighted_mean,6,synthetic
2020-09-28,MAR,21.995,17.395,27.095,16.194,54.35,3.324,country_area_weighted_mean,6,synthetic
2020-10-05,FRA,19.302,14.702,24.402,26.941,62.46,3.539,country_area_weighted_mean,6,synthetic
2020-10-05,DEU,15.264,10.664,20.364,8.839,53.9,3.177,country_area_weighted_mean,6,synthetic
2020-10-05,NLD,16.987,12.387,22.087,14.131,52.53,3.283,country_area_weighted_mean,6,synthetic
2020-10-05,BEL,15.555,10.955,20.655,23.12,60.74,3.462,country_area_weighted_mean,6,synthetic
2020-10-05,ITA,16.87,12.27,21.97,9.579,52.22,3.192,country_area_weighted_mean,6,synthetic
2020-10-05,ESP,13.652,9.052,18.752,31.333,66.95,3.627,country_area_weighted_mean,6,synthetic
2020-10-05,POL,12.77,8.17,17.87,19.584,56.47,3.392,country_area_weighted_mean,6,synthetic
2020-10-05,HUN,14.317,9.717,19.417,21.145,56.05,3.423,country_area_weighted_mean,6,synthetic
2020-10-05,ROU,14.744,10.144,19.844,14.06,60.65,3.281,country_area_weighted_mean,6,synthetic
2020-10-05,BGR,16.6,12.0,21.7,18.061,57.27,3.361,country_area_weighted_mean,6,synthetic
2020-10-05,SRB,15.468,10.868,20.568,24.696,58.18,3.494,country_area_weighted_mean,6,synthetic
2020-10-05,UKR,14.758,10.158,19.858,29.749,62.34,3.595,country_area_weighted_mean,6,synthetic
2020-10-05,MDA,16.084,11.484,21.184,19.2,60.03,3.384,country_area_weighted_mean,6,synthetic
2020-10-05,RUS,12.467,7.867,17.567,35.666,63.81,3.713,country_area_weighted_mean,6,synthetic
2020-10-05,TUR,18.424,13.824,23.524,19.808,55.6,3.396,country_area_weighted_mean,6,synthetic
2020-10-05,GEO,16.541,11.941,21.641,11.011,52.94,3.22,country_area_weighted_mean,6,synthetic
2020-10-05,ISR,19.683,15.083,24.783,16.582,60.48,3.332,country_area_weighted_mean,6,synthetic
2020-10-05,EGY,20.79,16.19,25.89,12.25,53.49,3.245,country_area_weighted_mean,6,synthetic
2020-10-05,TUN,19.018,14.418,24.118,15.153,57.55,3.303,country_area_weighted_mean,6,synthetic
2020-10-05,MAR,21.299,16.699,26.399,15.976,54.5,3.32,country_area_weighted_mean,6,synthetic
2020-10-12,FRA,16.444,11.844,21.544,30.242,63.72,3.605,country_area_weighted_mean,6,synthetic
2020-10-12,DEU,14.859,10.259,19.959,15.554,58.67,3.311,country_area_weighted_mean,6,synthetic
2020-10-12,NLD,13.037,8.437,18.137,27.392,60.57,3.548,country_area_weighted_mean,6,synthetic
2020-10-12,BEL,12.395,7.795,17.495,20.807,66.73,3.416,country_area_weighted_mean,6,synthetic
2020-10-12,ITA,14.167,9.567,19.267,15.5,52.7,3.31,country_area_weighted_mean,6,synthetic
2020-10-12,ESP,13.009,8.409,18.109,27.308,64.87,3.546,country_area_weighted_mean,6,synthetic
2020-10-12,POL,10.64,6.04,15.74,17.471,57.21,3.349,country_area_weighted_mean,6,synthetic
2020-10-12,HUN,13.638,9.038,18.738,24.585,61.02,3.492,country_area_weighted_mean,6,synthetic
2020-10-12,ROU,14.728,10.128,19.828,18.1,59.57,3.362,country_area_weighted_mean,6,synthetic
2020-10-12,BGR,15.437,10.837,20.537,11.688,52.61,3.234,country_area_weighted_mean,6,synthetic
2020-10-12,SRB,12.464,7.864,17.564,23.136,60.98,3.463,country_area_weighted_mean,6,synthetic
2020-10-12,UKR,12.898,8.298,17.998,18.518,58.25,3.37,country_area_weighted_mean,6,synthetic
2020-10-12,MDA,13.827,9.227,18.927,18.966,59.48,3.379,country_area_weighted_mean,6,synthetic
2020-10-12,RUS,11.586,6.986,16.686,32.587,65.24,3.652,country_area_weighted_mean,6,synthetic
2020-10-12,TUR,19.134,14.534,24.234,13.187,56.37,3.264,country_area_weighted_mean,6,synthetic
2020-10-12,GEO,14.259,9.659,19.359,23.58,56.18,3.472,country_area_weighted_mean,6,synthetic
2020-10-12,ISR,18.785,14.185,23.885,17.919,57.58,3.358,country_area_weighted_mean,6,synthetic
2020-10-12,EGY,20.031,15.431,25.131,17.094,60.38,3.342,country_area_weighted_mean,6,synthetic
2020-10-12,TUN,16.492,11.892,21.592,11.458,60.95,3.229,country_area_weighted_mean,6,synthetic
2020-10-12,MAR,18.442,13.842,23.542,21.764,57.68,3.435,country_area_weighted_mean,6,synthetic
2020-10-19,FRA,13.831,9.231,18.931,31.447,60.25,3.629,country_area_weighted_mean,6,synthetic
2020-10-19,DEU,11.735,7.135,16.835,16.643,61.42,3.333,country_area_weighted_mean,6,synthetic
2020-10-19,NLD,10.049,5.449,15.149,20.321,59.76,3.406,country_area_weighted_mean,6,synthetic
2020-10-19,BEL,10.061,5.461,15.161,27.165,65.66,3.543,country_area_weighted_mean,6,synthetic
2020-10-19,ITA,11.756,7.156,16.856,20.016,52.29,3.4,country_area_weighted_mean,6,synthetic
2020-10-19,ESP,10.994,6.394,16.094,21.904,64.14,3.438,country_area_weighted_mean,6,synthetic
2020-10-19,POL,8.0,3.4,13.1,14.172,62.51,3.283,country_area_weighted_mean,6,synthetic
2020-10-19,HUN,12.44,7.84,17.54,30.288,61.51,3.606,country_area_weighted_mean,6,synthetic
2020-10-19,ROU,11.481,6.881,16.581,13.721,57.04,3.274,country_area_weighted_mean,6,synthetic
2020-10-19,BGR,13.309,8.709,18.409,15.54,53.17,3.311,country_area_weighted_mean,6,synthetic
2020-10-19,SRB,11.717,7.117,16.817,20.714,65.67,3.414,country_area_weighted_mean,6,synthetic
2020-10-19,UKR,10.689,6.089,15.789,22.188,60.06,3.444,country_area_weighted_mean,6,synthetic
2020-10-19,MDA,12.746,8.146,17.846,28.537,62.09,3.571,country_area_weighted_mean,6,synthetic
2020-10-19,RUS,9.562,4.962,14.662,41.543,66.04,3.831,country_area_weighted_mean,6,synthetic
2020-10-19,TUR,18.392,13.792,23.492,18.102,56.29,3.362,country_area_weighted_mean,6,synthetic
2020-10-19,GEO,12.846,8.246,17.946,38.355,54.77,3.767,country_area_weighted_mean,6,synthetic
2020-10-19,ISR,19.115,14.515,24.215,23.267,57.42,3.465,country_area_weighted_mean,6,synthetic
2020-10-19,EGY,17.216,12.616,22.316,18.755,55.58,3.375,country_area_weighted_mean,6,synthetic
2020-10-19,TUN,15.41,10.81,20.51,13.161,59.41,3.263,country_area_weighted_mean,6,synthetic
2020-10-19,MAR,15.086,10.486,20.186,20.833,59.25,3.417,country_area_weighted_mean,6,synthetic
2020-10-26,FRA,9.267,4.667,14.367,19.964,63.69,3.399,country_area_weighted_mean,6,synthetic
2020-10-26,DEU,8.296,3.696,13.396,24.476,61.8,3.49,country_area_weighted_mean,6,synthetic
2020-10-26,NLD,5.998,1.398,11.098,25.676,57.93,3.514,country_area_weighted_mean,6,synthetic
2020-10-26,BEL,8.503,3.903,13.603,16.832,70.95,3.337,country_area_weighted_mean,6,synthetic
2020-10-26,ITA,11.667,7.067,16.767,43.297,65.77,3.866,country_area_weighted_mean,6,synthetic
2020-10-26,ESP,12.117,7.517,17.217,28.678,64.94,3.574,country_area_weighted_mean,6,synthetic
2020-10-26,POL,5.992,1.392,11.092,12.828,62.48,3.257,country_area_weighted_mean,6,synthetic
2020-10-26,HUN,11.622,7.022,16.722,29.662,62.64,3.593,country_area_weighted_mean,6,synthetic
2020-10-26,ROU,9.236,4.636,14.336,13.305,57.12,3.266,country_area_weighted_mean,6,synthetic
2020-10-26,BGR,10.539,5.939,15.639,19.981,64.28,3.4,country_area_weighted_mean,6,synthetic
2020-10-26,SRB,8.477,3.877,13.577,21.453,62.66,3.429,country_area_weighted_mean,6,synthetic
2020-10-26,UKR,8.989,4.389,14.089,27.722,64.56,3.554,country_area_weighted_mean,6,synthetic
2020-10-26,MDA,9.986,5.386,15.086,26.03,64.01,3.521,country_area_weighted_mean,6,synthetic
2020-10-26,RUS,6.797,2.197,11.897,25.056,68.72,3.501,country_area_weighted_mean,6,synthetic
2020-10-26,TUR,17.567,12.967,22.667,17.013,57.99,3.34,country_area_weighted_mean,6,synthetic
2020-10-26,GEO,11.605,7.005,16.705,26.078,60.74,3.522,country_area_weighted_mean,6,synthetic
2020-10-26,ISR,17.283,12.683,22.383,29.621,63.46,3.592,country_area_weighted_mean,6,synthetic
2020-10-26,EGY,17.685,13.085,22.785,19.524,56.09,3.39,country_area_weighted_mean,6,synthetic
2020-10-26,TUN,13.536,8.936,18.636,22.393,61.46,3.448,country_area_weighted_mean,6,synthetic
2020-10-26,MAR,15.135,10.535,20.235,20.749,60.25,3.415,country_area_weighted_mean,6,synthetic
2020-11-02,FRA,7.016,2.416,12.116,23.544,62.83,3.471,country_area_weighted_mean,6,synthetic
2020-11-02,DEU,5.768,1.168,10.868,24.584,69.43,3.492,country_area_weighted_mean,6,synthetic
2020-11-02,NLD,4.341,-0.259,9.441,13.331,58.71,3.267,country_area_weighted_mean,6,synthetic
2020-11-02,BEL,6.538,1.938,11.638,31.23,71.86,3.625,country_area_weighted_mean,6,synthetic
2020-11-02,ITA,9.815,5.215,14.915,27.487,64.01,3.55,country_area_weighted_mean,6,synthetic
2020-11-02,ESP,10.799,6.199,15.899,33.72,65.74,3.674,country_area_weighted_mean,6,synthetic
2020-11-02,POL,4.734,0.134,9.834,20.429,66.27,3.409,country_area_weighted_mean,6,synthetic
2020-11-02,HUN,11.535,6.935,16.635,21.904,59.35,3.438,country_area_weighted_mean,6,synthetic
2020-11-02,ROU,8.275,3.675,13.375,22.082,62.97,3.442,country_area_weighted_mean,6,synthetic
2020-11-02,BGR,10.402,5.802,15.502,19.52,62.19,3.39,country_area_weighted_mean,6,synthetic
2020-11-02,SRB,5.431,0.831,10.531,16.916,62.71,3.338,country_area_weighted_mean,6,synthetic
2020-11-02,UKR,7.009,2.409,12.109,31.977,65.35,3.64,country_area_weighted_mean,6,synthetic
2020-11-02,MDA,9.457,4.857,14.557,19.572,60.44,3.391,country_area_weighted_mean,6,synthetic
2020-11-02,RUS,4.353,-0.247,9.453,28.77,71.56,3.575,country_area_weighted_mean,6,synthetic
2020-11-02,TUR,14.643,10.043,19.743,25.796,55.25,3.516,country_area_weighted_mean,6,synthetic
2020-11-02,GEO,8.379,3.779,13.479,27.914,64.08,3.558,country_area_weighted_mean,6,synthetic
2020-11-02,ISR,15.87,11.27,20.97,43.96,66.34,3.879,country_area_weighted_mean,6,synthetic
2020-11-02,EGY,15.084,10.484,20.184,20.532,55.63,3.411,country_area_weighted_mean,6,synthetic
2020-11-02,TUN,13.923,9.323,19.023,22.696,64.87,3.454,country_area_weighted_mean,6,synthetic
2020-11-02,MAR,12.62,8.02,17.72,17.916,63.23,3.358,country_area_weighted_mean,6,synthetic
2020-11-09,FRA,4.68,0.08,9.78,24.152,63.77,3.483,country_area_weighted_mean,6,synthetic
2020-11-09,DEU,2.287,-2.313,7.387,14.765,64.71,3.295,country_area_weighted_mean,6,synthetic
2020-11-09,NLD,4.217,-0.383,9.317,28.133,65.39,3.563,country_area_weighted_mean,6,synthetic
2020-11-09,BEL,4.198,-0.402,9.298,24.741,69.27,3.495,country_area_weighted_mean,6,synthetic
2020-11-09,ITA,7.581,2.981,12.681,27.599,65.16,3.552,country_area_weighted_mean,6,synthetic
2020-11-09,ESP,10.934,6.334,16.034,29.234,60.75,3.585,country_area_weighted_mean,6,synthetic
2020-11-09,POL,1.743,-2.857,6.843,29.183,67.52,3.584,country_area_weighted_mean,6,synthetic
2020-11-09,HUN,9.762,5.162,14.862,25.147,61.57,3.503,country_area_weighted_mean,6,synthetic
2020-11-09,ROU,10.878,6.278,15.978,16.681,61.99,3.334,country_area_weighted_mean,6,synthetic
2020-11-09,BGR,9.578,4.978,14.678,23.926,61.19,3.479,country_area_weighted_mean,6,synthetic
2020-11-09,SRB,3.329,-1.271,8.429,27.92,68.89,3.558,country_area_weighted_mean,6,synthetic
2020-11-09,UKR,6.072,1.472,11.172,21.14,62.14,3.423,country_area_weighted_mean,6,synthetic
2020-11-09,MDA,6.129,1.529,11.229,16.918,63.35,3.338,country_area_weighted_mean,6,synthetic
2020-11-09,RUS,3.121,-1.479,8.221,26.847,71.1,3.537,country_area_weighted_mean,6,synthetic
2020-11-09,TUR,10.858,6.258,15.958,24.379,60.4,3.488,country_area_weighted_mean,6,synthetic
2020-11-09,GEO,6.749,2.149,11.849,34.558,65.8,3.691,country_area_weighted_mean,6,synthetic
2020-11-09,ISR,13.106,8.506,18.206,16.209,55.18,3.324,country_area_weighted_mean,6,synthetic
2020-11-09,EGY,13.06,8.46,18.16,20.524,58.83,3.41,country_area_weighted_mean,6,synthetic
2020-11-09,TUN,13.455,8.855,18.555,30.353,64.51,3.607,country_area_weighted_mean,6,synthetic
2020-11-09,MAR,12.55,7.95,17.65,14.449,65.95,3.289,country_area_weighted_mean,6,synthetic
2020-11-16,FRA,2.179,-2.421,7.279,21.936,62.96,3.439,country_area_weighted_mean,6,synthetic
2020-11-16,DEU,-0.193,-4.793,4.907,13.683,64.12,3.274,country_area_weighted_mean,6,synthetic
2020-11-16,NLD,1.996,-2.604,7.096,30.52,61.26,3.61,country_area_weighted_mean,6,synthetic
2020-11-16,BEL,3.442,-1.158,8.542,58.007,74.45,4.16,country_area_weighted_mean,6,synthetic
2020-11-16,ITA,5.255,0.655,10.355,34.11,62.1,3.682,country_area_weighted_mean,6,synthetic
2020-11-16,ESP,5.628,1.028,10.728,35.209,61.29,3.704,country_area_weighted_mean,6,synthetic
2020-11-16,POL,-0.336,-4.936,4.764,30.693,73.17,3.614,country_area_weighted_mean,6,synthetic
2020-11-16,HUN,5.765,1.165,10.865,19.048,63.16,3.381,country_area_weighted_mean,6,synthetic
2020-11-16,ROU,8.845,4.245,13.945,21.713,57.81,3.434,country_area_weighted_mean,6,synthetic
2020-11-16,BGR,8.497,3.897,13.597,15.231,54.77,3.305,country_area_weighted_mean,6,synthetic
2020-11-16,SRB,1.538,-3.062,6.638,22.597,64.86,3.452,country_area_weighted_mean,6,synthetic
2020-11-16,UKR,6.184,1.584,11.284,23.09,62.45,3.462,country_area_weighted_mean,6,synthetic
2020-11-16,MDA,5.039,0.439,10.139,10.364,61.63,3.207,country_area_weighted_mean,6,synthetic
2020-11-16,RUS,-1.651,-6.251,3.449,21.672,71.56,3.433,country_area_weighted_mean,6,synthetic
2020-11-16,TUR,9.435,4.835,14.535,24.526,60.98,3.491,country_area_weighted_mean,6,synthetic
2020-11-16,GEO,6.684,2.084,11.784,35.578,67.6,3.712,country_area_weighted_mean,6,synthetic
2020-11-16,ISR,10.834,6.234,15.934,16.927,53.91,3.339,country_area_weighted_mean,6,synthetic
2020-11-16,EGY,12.895,8.295,17.995,40.38,61.26,3.808,country_area_weighted_mean,6,synthetic
2020-11-16,TUN,11.839,7.239,16.939,39.723,64.13,3.794,country_area_weighted_mean,6,synthetic
2020-11-16,MAR,11.27,6.67,16.37,14.131,62.42,3.283,country_area_weighted_mean,6,synthetic
2020-11-23,FRA,2.836,-1.764,7.936,32.433,65.98,3.649,country_area_weighted_mean,6,synthetic
2020-11-23,DEU,-2.835,-7.435,2.265,19.979,66.28,3.4,country_area_weighted_mean,6,synthetic
2020-11-23,NLD,-1.442,-6.042,3.658,36.95,66.28,3.739,country_area_weighted_mean,6,synthetic
2020-11-23,BEL,0.821,-3.779,5.921,43.246,69.84,3.865,country_area_weighted_mean,6,synthetic
2020-11-23,ITA,4.491,-0.109,9.591,20.531,60.57,3.411,country_area_weighted_mean,6,synthetic
2020-11-23,ESP,3.934,-0.666,9.034,21.728,61.6,3.435,country_area_weighted_mean,6,synthetic
2020-11-23,POL,-2.103,-6.703,2.997,31.224,73.44,3.624,country_area_weighted_mean,6,synthetic
2020-11-23,HUN,2.0,-2.6,7.1,31.441,67.1,3.629,country_area_weighted_mean,6,synthetic
2020-11-23,ROU,5.674,1.074,10.774,23.555,63.17,3.471,country_area_weighted_mean,6,synthetic
2020-11-23,BGR,8.396,3.796,13.496,27.592,63.14,3.552,country_area_weighted_mean,6,synthetic
2020-11-23,SRB,1.733,-2.867,6.833,39.425,67.98,3.788,country_area_weighted_mean,6,synthetic
2020-11-23,UKR,4.951,0.351,10.051,28.466,67.09,3.569,country_area_weighted_mean,6,synthetic
2020-11-23,MDA,2.961,-1.639,8.061,20.523,65.64,3.41,country_area_weighted_mean,6,synthetic
2020-11-23,RUS,-4.779,-9.379,0.321,16.263,69.89,3.325,country_area_weighted_mean,6,synthetic
2020-11-23,TUR,8.777,4.177,13.877,34.381,68.07,3.688,country_area_weighted_mean,6,synthetic
2020-11-23,GEO,4.354,-0.246,9.454,26.421,66.99,3.528,country_area_weighted_mean,6,synthetic
2020-11-23,ISR,9.056,4.456,14.156,34.343,65.26,3.687,country_area_weighted_mean,6,synthetic
2020-11-23,EGY,12.098,7.498,17.198,22.637,63.61,3.453,country_area_weighted_mean,6,synthetic
2020-11-23,TUN,8.322,3.722,13.422,44.997,71.28,3.9,country_area_weighted_mean,6,synthetic
2020-11-23,MAR,10.571,5.971,15.671,20.398,63.91,3.408,country_area_weighted_mean,6,synthetic
2020-11-30,FRA,1.171,-3.429,6.271,27.969,68.4,3.559,country_area_weighted_mean,6,synthetic
2020-11-30,DEU,-2.898,-7.498,2.202,23.477,68.03,3.47,country_area_weighted_mean,6,synthetic
2020-11-30,NLD,-4.272,-8.872,0.828,38.42,70.14,3.768,country_area_weighted_mean,6,synthetic
2020-11-30,BEL,-2.306,-6.906,2.794,41.622,68.54,3.832,country_area_weighted_mean,6,synthetic
2020-11-30,ITA,4.592,-0.008,9.692,30.517,63.26,3.61,country_area_weighted_mean,6,synthetic
2020-11-30,ESP,4.311,-0.289,9.411,19.831,64.32,3.397,country_area_weighted_mean,6,synthetic
2020-11-30,POL,-2.577,-7.177,2.523,24.504,71.38,3.49,country_area_weighted_mean,6,synthetic
2020-11-30,HUN,1.891,-2.709,6.991,23.77,65.91,3.475,country_area_weighted_mean,6,synthetic
2020-11-30,ROU,4.807,0.207,9.907,22.482,60.49,3.45,country_area_weighted_mean,6,synthetic
2020-11-30,BGR,7.004,2.404,12.104,17.088,61.53,3.342,country_area_weighted_mean,6,synthetic
2020-11-30,SRB,-0.923,-5.523,4.177,24.387,60.86,3.488,country_area_weighted_mean,6,synthetic
2020-11-30,UKR,3.517,-1.083,8.617,28.595,68.95,3.572,country_area_weighted_mean,6,synthetic
2020-11-30,MDA,2.131,-2.469,7.231,32.438,65.71,3.649,country_area_weighted_mean,6,synthetic
2020-11-30,RUS,-6.527,-11.127,-1.427,41.106,75.34,3.822,country_area_weighted_mean,6,synthetic
2020-11-30,TUR,6.639,2.039,11.739,23.605,66.63,3.472,country_area_weighted_mean,6,synthetic
2020-11-30,GEO,0.345,-4.255,5.445,33.492,69.71,3.67,country_area_weighted_mean,6,synthetic
2020-11-30,ISR,9.051,4.451,14.151,50.527,68.36,4.011,country_area_weighted_mean,6,synthetic
2020-11-30,EGY,13.14,8.54,18.24,38.979,61.05,3.78,country_area_weighted_mean,6,synthetic
2020-11-30,TUN,7.527,2.927,12.627,57.417,72.84,4.148,country_area_weighted_mean,6,synthetic
2020-11-30,MAR,7.919,3.319,13.019,30.769,71.28,3.615,country_area_weighted_mean,6,synthetic
2020-12-07,FRA,0.294,-4.306,5.394,41.332,70.5,3.827,country_area_weighted_mean,6,synthetic
2020-12-07,DEU,-4.349,-8.949,0.751,22.674,68.07,3.453,country_area_weighted_mean,6,synthetic
2020-12-07,NLD,-6.822,-11.422,-1.722,24.676,70.2,3.494,country_area_weighted_mean,6,synthetic
2020-12-07,BEL,-3.238,-7.838,1.862,44.774,71.65,3.895,country_area_weighted_mean,6,synthetic
2020-12-07,ITA,3.345,-1.255,8.445,64.232,72.73,4.285,country_area_weighted_mean,6,synthetic
2020-12-07,ESP,5.399,0.799,10.499,36.737,70.31,3.735,country_area_weighted_mean,6,synthetic
2020-12-07,POL,-4.791,-9.391,0.309,24.759,67.65,3.495,country_area_weighted_mean,6,synthetic
2020-12-07,HUN,0.63,-3.97,5.73,37.01,69.22,3.74,country_area_weighted_mean,6,synthetic
2020-12-07,ROU,2.827,-1.773,7.927,25.608,66.05,3.512,country_area_weighted_mean,6,synthetic
2020-12-07,BGR,5.471,0.871,10.571,33.401,66.98,3.668,country_area_weighted_mean,6,synthetic
2020-12-07,SRB,-1.399,-5.999,3.701,33.723,67.45,3.674,country_area_weighted_mean,6,synthetic
2020-12-07,UKR,-1.22,-5.82,3.88,33.014,65.83,3.66,country_area_weighted_mean,6,synthetic
2020-12-07,MDA,-1.573,-6.173,3.527,33.907,69.98,3.678,country_area_weighted_mean,6,synthetic
2020-12-07,RUS,-8.259,-12.859,-3.159,28.595,70.74,3.572,country_area_weighted_mean,6,synthetic
2020-12-07,TUR,5.135,0.535,10.235,19.006,67.34,3.38,country_area_weighted_mean,6,synthetic
2020-12-07,GEO,-1.554,-6.154,3.546,42.257,76.33,3.845,country_area_weighted_mean,6,synthetic
2020-12-07,ISR,10.536,5.936,15.636,55.797,70.06,4.116,country_area_weighted_mean,6,synthetic
2020-12-07,EGY,15.056,10.456,20.156,57.277,64.28,4.146,country_area_weighted_mean,6,synthetic
2020-12-07,TUN,5.928,1.328,11.028,27.069,61.6,3.541,country_area_weighted_mean,6,synthetic
2020-12-07,MAR,6.632,2.032,11.732,26.726,65.53,3.535,country_area_weighted_mean,6,synthetic
2020-12-14,FRA,0.606,-3.994,5.706,58.784,72.94,4.176,country_area_weighted_mean,6,synthetic
2020-12-14,DEU,-5.36,-9.96,-0.26,27.03,65.57,3.541,country_area_weighted_mean,6,synthetic
2020-12-14,NLD,-8.004,-12.604,-2.904,30.002,71.01,3.6,country_area_weighted_mean,6,synthetic
2020-12-14,BEL,-4.299,-8.899,0.801,44.001,71.1,3.88,country_area_weighted_mean,6,synthetic
2020-12-14,ITA,-0.143,-4.743,4.957,46.61,72.9,3.932,country_area_weighted_mean,6,synthetic
2020-12-14,ESP,2.979,-1.621,8.079,30.975,70.67,3.619,country_area_weighted_mean,6,synthetic
2020-12-14,POL,-4.421,-9.021,0.679,36.377,68.41,3.728,country_area_weighted_mean,6,synthetic
2020-12-14,HUN,-0.492,-5.092,4.608,26.344,71.88,3.527,country_area_weighted_mean,6,synthetic
2020-12-14,ROU,0.397,-4.203,5.497,21.548,75.11,3.431,country_area_weighted_mean,6,synthetic
2020-12-14,BGR,1.652,-2.948,6.752,25.273,64.84,3.505,country_area_weighted_mean,6,synthetic
2020-12-14,SRB,-1.662,-6.262,3.438,56.893,67.27,4.138,country_area_weighted_mean,6,synthetic
2020-12-14,UKR,-1.8,-6.4,3.3,18.986,66.27,3.38,country_area_weighted_mean,6,synthetic
2020-12-14,MDA,-0.984,-5.584,4.116,59.515,75.12,4.19,country_area_weighted_mean,6,synthetic
2020-12-14,RUS,-7.34,-11.94,-2.24,19.561,76.42,3.391,country_area_weighted_mean,6,synthetic
2020-12-14,TUR,4.328,-0.272,9.428,26.76,67.96,3.535,country_area_weighted_mean,6,synthetic
2020-12-14,GEO,-2.077,-6.677,3.023,30.762,71.99,3.615,country_area_weighted_mean,6,synthetic
2020-12-14,ISR,9.21,4.61,14.31,60.399,74.89,4.208,country_area_weighted_mean,6,synthetic
2020-12-14,EGY,12.325,7.725,17.425,59.454,68.07,4.189,country_area_weighted_mean,6,synthetic
2020-12-14,TUN,4.176,-0.424,9.276,24.51,65.85,3.49,country_area_weighted_mean,6,synthetic
2020-12-14,MAR,2.99,-1.61,8.09,15.253,59.57,3.305,country_area_weighted_mean,6,synthetic
2020-12-21,FRA,-1.644,-6.244,3.456,34.831,65.76,3.697,country_area_weighted_mean,6,synthetic
2020-12-21,DEU,-6.005,-10.605,-0.905,39.442,68.09,3.789,country_area_weighted_mean,6,synthetic
2020-12-21,NLD,-7.174,-11.774,-2.074,39.119,72.29,3.782,country_area_weighted_mean,6,synthetic
2020-12-21,BEL,-5.158,-9.758,-0.058,27.771,65.3,3.555,country_area_weighted_mean,6,synthetic
2020-12-21,ITA,-2.103,-6.703,2.997,45.362,72.84,3.907,country_area_weighted_mean,6,synthetic
2020-12-21,ESP,0.497,-4.103,5.597,30.0,74.8,3.6,country_area_weighted_mean,6,synthetic
2020-12-21,POL,-6.438,-11.038,-1.338,34.05,74.72,3.681,country_area_weighted_mean,6,synthetic
2020-12-21,HUN,-1.397,-5.997,3.703,22.277,68.97,3.446,country_area_weighted_mean,6,synthetic
2020-12-21,ROU,-2.499,-7.099,2.601,19.335,72.17,3.387,country_area_weighted_mean,6,synthetic
2020-12-21,BGR,-0.189,-4.789,4.911,32.606,69.01,3.652,country_area_weighted_mean,6,synthetic
2020-12-21,SRB,-4.167,-8.767,0.933,30.755,67.46,3.615,country_area_weighted_mean,6,synthetic
2020-12-21,UKR,-2.547,-7.147,2.553,29.415,68.47,3.588,country_area_weighted_mean,6,synthetic
2020-12-21,MDA,-1.191,-5.791,3.909,40.367,74.34,3.807,country_area_weighted_mean,6,synthetic
2020-12-21,RUS,-10.426,-15.026,-5.326,33.354,81.32,3.667,country_area_weighted_mean,6,synthetic
2020-12-21,TUR,3.205,-1.395,8.305,31.075,68.51,3.622,country_area_weighted_mean,6,synthetic
2020-12-21,GEO,-1.194,-5.794,3.906,22.661,66.91,3.453,country_area_weighted_mean,6,synthetic
2020-12-21,ISR,7.866,3.266,12.966,30.069,68.37,3.601,country_area_weighted_mean,6,synthetic
2020-12-21,EGY,8.775,4.175,13.875,29.406,60.73,3.588,country_area_weighted_mean,6,synthetic
2020-12-21,TUN,2.799,-1.801,7.899,27.007,65.48,3.54,country_area_weighted_mean,6,synthetic
2020-12-21,MAR,3.307,-1.293,8.407,61.582,74.41,4.232,country_area_weighted_mean,6,synthetic
2020-12-28,FRA,-2.987,-7.587,2.113,35.35,64.3,3.707,country_area_weighted_mean,6,synthetic
2020-12-28,DEU,-7.126,-11.726,-2.026,38.795,76.7,3.776,country_area_weighted_mean,6,synthetic
2020-12-28,NLD,-9.371,-13.971,-4.271,34.268,72.33,3.685,country_area_weighted_mean,6,synthetic
2020-12-28,BEL,-6.431,-11.031,-1.331,28.1,66.9,3.562,country_area_weighted_mean,6,synthetic
2020-12-28,ITA,-3.569,-8.169,1.531,40.335,74.03,3.807,country_area_weighted_mean,6,synthetic
2020-12-28,ESP,0.902,-3.698,6.002,36.04,71.61,3.721,country_area_weighted_mean,6,synthetic
2020-12-28,POL,-6.295,-10.895,-1.195,41.572,73.56,3.831,country_area_weighted_mean,6,synthetic
2020-12-28,HUN,-4.025,-8.625,1.075,42.026,76.63,3.841,country_area_weighted_mean,6,synthetic
2020-12-28,ROU,-6.591,-11.191,-1.491,29.159,72.65,3.583,country_area_weighted_mean,6,synthetic
2020-12-28,BGR,-0.888,-5.488,4.212,28.061,65.7,3.561,country_area_weighted_mean,6,synthetic
2020-12-28,SRB,-4.85,-9.45,0.25,24.793,66.67,3.496,country_area_weighted_mean,6,synthetic
2020-12-28,UKR,-5.649,-10.249,-0.549,28.395,70.22,3.568,country_area_weighted_mean,6,synthetic
2020-12-28,MDA,-5.722,-10.322,-0.622,22.501,68.74,3.45,country_area_weighted_mean,6,synthetic
2020-12-28,RUS,-11.997,-16.597,-6.897,25.905,78.6,3.518,country_area_weighted_mean,6,synthetic
2020-12-28,TUR,0.858,-3.742,5.958,21.271,65.84,3.425,country_area_weighted_mean,6,synthetic
2020-12-28,GEO,-4.923,-9.523,0.177,24.492,66.29,3.49,country_area_weighted_mean,6,synthetic
2020-12-28,ISR,7.153,2.553,12.253,28.928,64.61,3.579,country_area_weighted_mean,6,synthetic
2020-12-28,EGY,8.471,3.871,13.571,23.299,62.49,3.466,country_area_weighted_mean,6,synthetic
2020-12-28,TUN,3.965,-0.635,9.065,21.142,65.76,3.423,country_area_weighted_mean,6,synthetic
2020-12-28,MAR,1.492,-3.108,6.592,78.09,78.22,4.562,country_area_weighted_mean,6,synthetic
2021-01-04,FRA,-2.771,-7.371,2.329,32.554,66.39,3.651,country_area_weighted_mean,6,synthetic
2021-01-04,DEU,-6.398,-10.998,-1.298,36.372,72.86,3.727,country_area_weighted_mean,6,synthetic
2021-01-04,NLD,-11.886,-16.486,-6.786,34.317,72.12,3.686,country_area_weighted_mean,6,synthetic
2021-01-04,BEL,-6.068,-10.668,-0.968,32.5,69.41,3.65,country_area_weighted_mean,6,synthetic
2021-01-04,ITA,-2.488,-7.088,2.612,54.317,76.92,4.086,country_area_weighted_mean,6,synthetic
2021-01-04,ESP,0.189,-4.411,5.289,23.284,67.7,3.466,country_area_weighted_mean,6,synthetic
2021-01-04,POL,-9.049,-13.649,-3.949,53.795,80.73,4.076,country_area_weighted_mean,6,synthetic
2021-01-04,HUN,-5.103,-9.703,-0.003,28.462,72.79,3.569,country_area_weighted_mean,6,synthetic
2021-01-04,ROU,-8.934,-13.534,-3.834,38.446,76.18,3.769,country_area_weighted_mean,6,synthetic
2021-01-04,BGR,-2.268,-6.868,2.832,16.723,62.53,3.334,country_area_weighted_mean,6,synthetic
2021-01-04,SRB,-7.146,-11.746,-2.046,43.108,74.35,3.862,country_area_weighted_mean,6,synthetic
2021-01-04,UKR,-6.491,-11.091,-1.391,24.964,70.41,3.499,country_area_weighted_mean,6,synthetic
2021-01-04,MDA,-7.277,-11.877,-2.177,42.628,72.97,3.853,country_area_weighted_mean,6,synthetic
2021-01-04,RUS,-12.237,-16.837,-7.137,42.999,85.23,3.86,country_area_weighted_mean,6,synthetic
2021-01-04,TUR,-0.368,-4.968,4.732,30.488,74.29,3.61,country_area_weighted_mean,6,synthetic
2021-01-04,GEO,-4.787,-9.387,0.313,50.185,71.91,4.004,country_area_weighted_mean,6,synthetic
2021-01-04,ISR,5.251,0.651,10.351,40.602,69.66,3.812,country_area_weighted_mean,6,synthetic
2021-01-04,EGY,7.204,2.604,12.304,38.19,66.39,3.764,country_area_weighted_mean,6,synthetic
2021-01-04,TUN,5.919,1.319,11.019,39.401,72.98,3.788,country_area_weighted_mean,6,synthetic
2021-01-04,MAR,-0.065,-4.665,5.035,51.467,76.42,4.029,country_area_weighted_mean,6,synthetic
2021-01-11,FRA,-4.445,-9.045,0.655,43.952,69.29,3.879,country_area_weighted_mean,6,synthetic
2021-01-11,DEU,-7.171,-11.771,-2.071,51.113,79.11,4.022,country_area_weighted_mean,6,synthetic
2021-01-11,NLD,-13.401,-18.001,-8.301,39.552,71.39,3.791,country_area_weighted_mean,6,synthetic
2021-01-11,BEL,-5.563,-10.163,-0.463,35.815,68.29,3.716,country_area_weighted_mean,6,synthetic
2021-01-11,ITA,-2.127,-6.727,2.973,54.384,78.92,4.088,country_area_weighted_mean,6,synthetic
2021-01-11,ESP,-0.974,-5.574,4.126,29.171,68.08,3.583,country_area_weighted_mean,6,synthetic
2021-01-11,POL,-6.819,-11.419,-1.719,30.789,75.3,3.616,country_area_weighted_mean,6,synthetic
2021-01-11,HUN,-4.25,-8.85,0.85,22.903,68.14,3.458,country_area_weighted_mean,6,synthetic
2021-01-11,ROU,-8.731,-13.331,-3.631,24.993,72.39,3.5,country_area_weighted_mean,6,synthetic
2021-01-11,BGR,-4.085,-8.685,1.015,33.39,69.86,3.668,country_area_weighted_mean,6,synthetic
2021-01-11,SRB,-8.599,-13.199,-3.499,52.31,76.83,4.046,country_area_weighted_mean,6,synthetic
2021-01-11,UKR,-6.698,-11.298,-1.598,54.47,76.15,4.089,country_area_weighted_mean,6,synthetic
2021-01-11,MDA,-5.626,-10.226,-0.526,16.612,71.14,3.332,country_area_weighted_mean,6,synthetic
2021-01-11,RUS,-12.027,-16.627,-6.927,36.594,79.07,3.732,country_area_weighted_mean,6,synthetic
2021-01-11,TUR,-1.707,-6.307,3.393,50.845,79.38,4.017,country_area_weighted_mean,6,synthetic
2021-01-11,GEO,-5.293,-9.893,-0.193,48.201,74.58,3.964,country_area_weighted_mean,6,synthetic
2021-01-11,ISR,5.053,0.453,10.153,64.439,75.67,4.289,country_area_weighted_mean,6,synthetic
2021-01-11,EGY,8.266,3.666,13.366,25.78,67.53,3.516,country_area_weighted_mean,6,synthetic
2021-01-11,TUN,4.454,-0.146,9.554,50.556,74.2,4.011,country_area_weighted_mean,6,synthetic
2021-01-11,MAR,-0.487,-5.087,4.613,37.614,71.75,3.752,country_area_weighted_mean,6,synthetic
2021-01-18,FRA,-4.619,-9.219,0.481,49.804,77.54,3.996,country_area_weighted_mean,6,synthetic
2021-01-18,DEU,-8.52,-13.12,-3.42,60.677,86.52,4.214,country_area_weighted_mean,6,synthetic
2021-01-18,NLD,-13.335,-17.935,-8.235,36.558,78.47,3.731,country_area_weighted_mean,6,synthetic
2021-01-18,BEL,-6.164,-10.764,-1.064,32.21,70.53,3.644,country_area_weighted_mean,6,synthetic
2021-01-18,ITA,-3.077,-7.677,2.023,46.906,79.06,3.938,country_area_weighted_mean,6,synthetic
2021-01-18,ESP,-0.319,-4.919,4.781,46.908,69.15,3.938,country_area_weighted_mean,6,synthetic
2021-01-18,POL,-7.803,-12.403,-2.703,46.426,79.05,3.929,country_area_weighted_mean,6,synthetic
2021-01-18,HUN,-6.255,-10.855,-1.155,21.284,69.79,3.426,country_area_weighted_mean,6,synthetic
2021-01-18,ROU,-9.296,-13.896,-4.196,38.985,79.67,3.78,country_area_weighted_mean,6,synthetic
2021-01-18,BGR,-3.592,-8.192,1.508,23.332,67.85,3.467,country_area_weighted_mean,6,synthetic
2021-01-18,SRB,-8.134,-12.734,-3.034,80.672,90.3,4.613,country_area_weighted_mean,6,synthetic
2021-01-18,UKR,-7.693,-12.293,-2.593,40.473,72.2,3.809,country_area_weighted_mean,6,synthetic
2021-01-18,MDA,-7.352,-11.952,-2.252,23.634,74.21,3.473,country_area_weighted_mean,6,synthetic
2021-01-18,RUS,-9.299,-13.899,-4.199,26.502,78.22,3.53,country_area_weighted_mean,6,synthetic
2021-01-18,TUR,-3.802,-8.402,1.298,41.184,78.18,3.824,country_area_weighted_mean,6,synthetic
2021-01-18,GEO,-4.326,-8.926,0.774,39.224,71.33,3.784,country_area_weighted_mean,6,synthetic
2021-01-18,ISR,4.172,-0.428,9.272,39.147,69.15,3.783,country_area_weighted_mean,6,synthetic
2021-01-18,EGY,7.405,2.805,12.505,26.425,62.79,3.528,country_area_weighted_mean,6,synthetic
2021-01-18,TUN,3.108,-1.492,8.208,36.596,65.18,3.732,country_area_weighted_mean,6,synthetic
2021-01-18,MAR,0.833,-3.767,5.933,65.394,79.24,4.308,country_area_weighted_mean,6,synthetic
2021-01-25,FRA,-5.97,-10.57,-0.87,70.43,79.04,4.409,country_area_weighted_mean,6,synthetic
2021-01-25,DEU,-9.371,-13.971,-4.271,37.434,78.74,3.749,country_area_weighted_mean,6,synthetic
2021-01-25,NLD,-11.744,-16.344,-6.644,34.727,74.12,3.695,country_area_weighted_mean,6,synthetic
2021-01-25,BEL,-7.288,-11.888,-2.188,35.68,76.83,3.714,country_area_weighted_mean,6,synthetic
2021-01-25,ITA,-4.214,-8.814,0.886,34.458,70.07,3.689,country_area_weighted_mean,6,synthetic
2021-01-25,ESP,-1.855,-6.455,3.245,43.481,67.31,3.87,country_area_weighted_mean,6,synthetic
2021-01-25,POL,-6.887,-11.487,-1.787,40.211,74.74,3.804,country_area_weighted_mean,6,synthetic
2021-01-25,HUN,-6.343,-10.943,-1.243,38.552,74.33,3.771,country_area_weighted_mean,6,synthetic
2021-01-25,ROU,-10.198,-14.798,-5.098,37.075,74.25,3.742,country_area_weighted_mean,6,synthetic
2021-01-25,BGR,-3.826,-8.426,1.274,20.24,66.94,3.405,country_area_weighted_mean,6,synthetic
2021-01-25,SRB,-6.483,-11.083,-1.383,49.019,83.7,3.98,country_area_weighted_mean,6,synthetic
2021-01-25,UKR,-9.328,-13.928,-4.228,57.859,78.14,4.157,country_area_weighted_mean,6,synthetic
2021-01-25,MDA,-5.632,-10.232,-0.532,26.946,70.31,3.539,country_area_weighted_mean,6,synthetic
2021-01-25,RUS,-11.797,-16.397,-6.697,34.741,81.21,3.695,country_area_weighted_mean,6,synthetic
2021-01-25,TUR,-3.091,-7.691,2.009,66.337,86.02,4.327,country_area_weighted_mean,6,synthetic
2021-01-25,GEO,-1.982,-6.582,3.118,27.558,65.32,3.551,country_area_weighted_mean,6,synthetic
2021-01-25,ISR,3.904,-0.696,9.004,35.854,66.85,3.717,country_area_weighted_mean,6,synthetic
2021-01-25,EGY,8.833,4.233,13.933,29.906,61.96,3.598,country_area_weighted_mean,6,synthetic
2021-01-25,TUN,3.553,-1.047,8.653,61.999,73.54,4.24,country_area_weighted_mean,6,synthetic
2021-01-25,MAR,1.723,-2.877,6.823,42.224,75.14,3.844,country_area_weighted_mean,6,synthetic
2021-02-01,FRA,-6.271,-10.871,-1.171,47.046,72.24,3.941,country_area_weighted_mean,6,synthetic
2021-02-01,DEU,-8.283,-12.883,-3.183,29.244,72.06,3.585,country_area_weighted_mean,6,synthetic
2021-02-01,NLD,-10.54,-15.14,-5.44,29.892,70.69,3.598,country_area_weighted_mean,6,synthetic
2021-02-01,BEL,-8.924,-13.524,-3.824,35.553,73.18,3.711,country_area_weighted_mean,6,synthetic
2021-02-01,ITA,-3.473,-8.073,1.627,49.552,78.02,3.991,country_area_weighted_mean,6,synthetic
2021-02-01,ESP,-0.396,-4.996,4.704,53.567,69.32,4.071,country_area_weighted_mean,6,synthetic
2021-02-01,POL,-6.596,-11.196,-1.496,49.968,74.71,3.999,country_area_weighted_mean,6,synthetic
2021-02-01,HUN,-6.817,-11.417,-1.717,31.418,70.79,3.628,country_area_weighted_mean,6,synthetic
2021-02-01,ROU,-8.785,-13.385,-3.685,54.764,77.38,4.095,country_area_weighted_mean,6,synthetic
2021-02-01,BGR,-2.468,-7.068,2.632,32.717,70.84,3.654,country_area_weighted_mean,6,synthetic
2021-02-01,SRB,-3.656,-8.256,1.444,35.483,78.6,3.71,country_area_weighted_mean,6,synthetic
2021-02-01,UKR,-10.678,-15.278,-5.578,54.491,78.16,4.09,country_area_weighted_mean,6,synthetic
2021-02-01,MDA,-6.515,-11.115,-1.415,43.708,70.62,3.874,country_area_weighted_mean,6,synthetic
2021-02-01,RUS,-10.82,-15.42,-5.72,34.151,77.51,3.683,country_area_weighted_mean,6,synthetic
2021-02-01,TUR,-3.416,-8.016,1.684,46.553,81.3,3.931,country_area_weighted_mean,6,synthetic
2021-02-01,GEO,-2.28,-6.88,2.82,39.005,71.94,3.78,country_area_weighted_mean,6,synthetic
2021-02-01,ISR,4.503,-0.097,9.603,43.566,64.83,3.871,country_area_weighted_mean,6,synthetic
2021-02-01,EGY,8.415,3.815,13.515,37.816,66.49,3.756,country_area_weighted_mean,6,synthetic
2021-02-01,TUN,4.187,-0.413,9.287,45.98,73.51,3.92,country_area_weighted_mean,6,synthetic
2021-02-01,MAR,0.53,-4.07,5.63,29.94,71.76,3.599,country_area_weighted_mean,6,synthetic
2021-02-08,FRA,-6.4,-11.0,-1.3,56.573,79.18,4.131,country_area_weighted_mean,6,synthetic
2021-02-08,DEU,-8.53,-13.13,-3.43,19.985,66.99,3.4,country_area_weighted_mean,6,synthetic
2021-02-08,NLD,-9.251,-13.851,-4.151,21.537,71.05,3.431,country_area_weighted_mean,6,synthetic
2021-02-08,BEL,-10.506,-15.106,-5.406,34.548,71.24,3.691,country_area_weighted_mean,6,synthetic
2021-02-08,ITA,-1.568,-6.168,3.532,45.21,70.5,3.904,country_area_weighted_mean,6,synthetic
2021-02-08,ESP,0.086,-4.514,5.186,62.12,75.97,4.242,country_area_weighted_mean,6,synthetic
2021-02-08,POL,-6.244,-10.844,-1.144,50.103,77.21,4.002,country_area_weighted_mean,6,synthetic
2021-02-08,HUN,-7.521,-12.121,-2.421,53.217,74.93,4.064,country_area_weighted_mean,6,synthetic
2021-02-08,ROU,-8.263,-12.863,-3.163,36.883,80.61,3.738,country_area_weighted_mean,6,synthetic
2021-02-08,BGR,-3.804,-8.404,1.296,24.666,71.23,3.493,country_area_weighted_mean,6,synthetic
2021-02-08,SRB,-5.002,-9.602,0.098,42.316,76.62,3.846,country_area_weighted_mean,6,synthetic
2021-02-08,UKR,-9.883,-14.483,-4.783,34.215,75.53,3.684,country_area_weighted_mean,6,synthetic
2021-02-08,MDA,-8.133,-12.733,-3.033,44.444,76.84,3.889,country_area_weighted_mean,6,synthetic
2021-02-08,RUS,-10.648,-15.248,-5.548,44.474,76.96,3.889,country_area_weighted_mean,6,synthetic
2021-02-08,TUR,-1.848,-6.448,3.252,21.782,68.9,3.436,country_area_weighted_mean,6,synthetic
2021-02-08,GEO,-1.318,-5.918,3.782,54.273,74.77,4.085,country_area_weighted_mean,6,synthetic
2021-02-08,ISR,5.04,0.44,10.14,42.129,71.79,3.843,country_area_weighted_mean,6,synthetic
2021-02-08,EGY,8.503,3.903,13.603,32.007,64.69,3.64,country_area_weighted_mean,6,synthetic
2021-02-08,TUN,4.294,-0.306,9.394,39.193,70.6,3.784,country_area_weighted_mean,6,synthetic
2021-02-08,MAR,0.795,-3.805,5.895,30.067,66.43,3.601,country_area_weighted_mean,6,synthetic
2021-02-15,FRA,-5.266,-9.866,-0.166,60.359,83.9,4.207,country_area_weighted_mean,6,synthetic
2021-02-15,DEU,-7.466,-12.066,-2.366,27.032,72.01,3.541,country_area_weighted_mean,6,synthetic
2021-02-15,NLD,-9.951,-14.551,-4.851,26.76,74.34,3.535,country_area_weighted_mean,6,synthetic
2021-02-15,BEL,-9.041,-13.641,-3.941,24.922,69.6,3.498,country_area_weighted_mean,6,synthetic
2021-02-15,ITA,-1.606,-6.206,3.494,47.708,70.76,3.954,country_area_weighted_mean,6,synthetic
2021-02-15,ESP,-0.927,-5.527,4.173,51.098,73.19,4.022,country_area_weighted_mean,6,synthetic
2021-02-15,POL,-8.695,-13.295,-3.595,46.782,76.87,3.936,country_area_weighted_mean,6,synthetic
2021-02-15,HUN,-3.256,-7.856,1.844,57.129,75.51,4.143,country_area_weighted_mean,6,synthetic
2021-02-15,ROU,-7.046,-11.646,-1.946,34.071,78.15,3.681,country_area_weighted_mean,6,synthetic
2021-02-15,BGR,-1.855,-6.455,3.245,34.859,70.51,3.697,country_area_weighted_mean,6,synthetic
2021-02-15,SRB,-3.679,-8.279,1.421,18.799,68.9,3.376,country_area_weighted_mean,6,synthetic
2021-02-15,UKR,-9.501,-14.101,-4.401,20.703,69.55,3.414,country_area_weighted_mean,6,synthetic
2021-02-15,MDA,-6.906,-11.506,-1.806,35.604,70.33,3.712,country_area_weighted_mean,6,synthetic
2021-02-15,RUS,-8.482,-13.082,-3.382,57.507,77.93,4.15,country_area_weighted_mean,6,synthetic
2021-02-15,TUR,-0.565,-5.165,4.535,39.678,66.91,3.794,country_area_weighted_mean,6,synthetic
2021-02-15,GEO,-3.034,-7.634,2.066,51.608,76.08,4.032,country_area_weighted_mean,6,synthetic
2021-02-15,ISR,4.001,-0.599,9.101,33.109,69.43,3.662,country_area_weighted_mean,6,synthetic
2021-02-15,EGY,8.058,3.458,13.158,53.797,69.07,4.076,country_area_weighted_mean,6,synthetic
2021-02-15,TUN,4.957,0.357,10.057,34.628,66.74,3.693,country_area_weighted_mean,6,synthetic
2021-02-15,MAR,2.556,-2.044,7.656,63.412,70.8,4.268,country_area_weighted_mean,6,synthetic
2021-02-22,FRA,-2.886,-7.486,2.214,84.629,82.84,4.693,country_area_weighted_mean,6,synthetic
2021-02-22,DEU,-7.456,-12.056,-2.356,30.047,77.55,3.601,country_area_weighted_mean,6,synthetic
2021-02-22,NLD,-8.821,-13.421,-3.721,57.354,74.91,4.147,country_area_weighted_mean,6,synthetic
2021-02-22,BEL,-6.495,-11.095,-1.395,33.885,72.72,3.678,country_area_weighted_mean,6,synthetic
2021-02-22,ITA,-0.108,-4.708,4.992,29.958,67.43,3.599,country_area_weighted_mean,6,synthetic
2021-02-22,ESP,1.413,-3.187,6.513,48.606,69.1,3.972,country_area_weighted_mean,6,synthetic
2021-02-22,POL,-10.159,-14.759,-5.059,47.67,79.32,3.953,country_area_weighted_mean,6,synthetic
2021-02-22,HUN,-4.764,-9.364,0.336,25.196,63.31,3.504,country_area_weighted_mean,6,synthetic
2021-02-22,ROU,-6.855,-11.455,-1.755,34.167,74.0,3.683,country_area_weighted_mean,6,synthetic
2021-02-22,BGR,-2.822,-7.422,2.278,51.366,72.93,4.027,country_area_weighted_mean,6,synthetic
2021-02-22,SRB,-3.309,-7.909,1.791,30.323,67.44,3.606,country_area_weighted_mean,6,synthetic
2021-02-22,UKR,-7.597,-12.197,-2.497,28.391,73.87,3.568,country_area_weighted_mean,6,synthetic
2021-02-22,MDA,-5.82,-10.42,-0.72,28.318,73.13,3.566,country_area_weighted_mean,6,synthetic
2021-02-22,RUS,-8.959,-13.559,-3.859,58.919,80.47,4.178,country_area_weighted_mean,6,synthetic
2021-02-22,TUR,0.204,-4.396,5.304,29.24,70.59,3.585,country_area_weighted_mean,6,synthetic
2021-02-22,GEO,-1.963,-6.563,3.137,35.035,75.14,3.701,country_area_weighted_mean,6,synthetic
2021-02-22,ISR,5.291,0.691,10.391,30.298,69.12,3.606,country_area_weighted_mean,6,synthetic
2021-02-22,EGY,9.238,4.638,14.338,22.362,63.2,3.447,country_area_weighted_mean,6,synthetic
2021-02-22,TUN,6.421,1.821,11.521,30.542,63.53,3.611,country_area_weighted_mean,6,synthetic
2021-02-22,MAR,4.673,0.073,9.773,56.053,69.24,4.121,country_area_weighted_mean,6,synthetic
2021-03-01,FRA,-1.514,-6.114,3.586,54.808,75.04,4.096,country_area_weighted_mean,6,synthetic
2021-03-01,DEU,-7.282,-11.882,-2.182,44.256,77.43,3.885,country_area_weighted_mean,6,synthetic
2021-03-01,NLD,-8.021,-12.621,-2.921,20.613,68.84,3.412,country_area_weighted_mean,6,synthetic
2021-03-01,BEL,-5.138,-9.738,-0.038,23.884,71.06,3.478,country_area_weighted_mean,6,synthetic
2021-03-01,ITA,-1.746,-6.346,3.354,24.329,66.97,3.487,country_area_weighted_mean,6,synthetic
2021-03-01,ESP,2.369,-2.231,7.469,47.981,67.78,3.96,country_area_weighted_mean,6,synthetic
2021-03-01,POL,-8.441,-13.041,-3.341,59.476,75.51,4.19,country_area_weighted_mean,6,synthetic
2021-03-01,HUN,-5.889,-10.489,-0.789,33.506,69.57,3.67,country_area_weighted_mean,6,synthetic
2021-03-01,ROU,-4.0,-8.6,1.1,37.012,74.97,3.74,country_area_weighted_mean,6,synthetic
2021-03-01,BGR,0.362,-4.238,5.462,51.686,74.96,4.034,country_area_weighted_mean,6,synthetic
2021-03-01,SRB,-1.254,-5.854,3.846,25.06,67.32,3.501,country_area_weighted_mean,6,synthetic
2021-03-01,UKR,-6.17,-10.77,-1.07,23.133,66.6,3.463,country_area_weighted_mean,6,synthetic
2021-03-01,MDA,-4.875,-9.475,0.225,29.086,72.99,3.582,country_area_weighted_mean,6,synthetic
2021-03-01,RUS,-9.834,-14.434,-4.734,61.448,80.53,4.229,country_area_weighted_mean,6,synthetic
2021-03-01,TUR,1.046,-3.554,6.146,43.68,70.01,3.874,country_area_weighted_mean,6,synthetic
2021-03-01,GEO,-1.054,-5.654,4.046,32.737,62.89,3.655,country_area_weighted_mean,6,synthetic
2021-03-01,ISR,4.79,0.19,9.89,21.512,65.93,3.43,country_area_weighted_mean,6,synthetic
2021-03-01,EGY,8.415,3.815,13.515,28.53,67.4,3.571,country_area_weighted_mean,6,synthetic
2021-03-01,TUN,6.087,1.487,11.187,25.743,65.01,3.515,country_area_weighted_mean,6,synthetic
2021-03-01,MAR,4.741,0.141,9.841,56.228,69.53,4.125,country_area_weighted_mean,6,synthetic
2021-03-08,FRA,1.484,-3.116,6.584,34.606,73.61,3.692,country_area_weighted_mean,6,synthetic
2021-03-08,DEU,-5.198,-9.798,-0.098,40.655,76.4,3.813,country_area_weighted_mean,6,synthetic
2021-03-08,NLD,-5.927,-10.527,-0.827,31.377,71.36,3.628,country_area_weighted_mean,6,synthetic
2021-03-08,BEL,-3.109,-7.709,1.991,30.682,67.42,3.614,country_area_weighted_mean,6,synthetic
2021-03-08,ITA,-2.151,-6.751,2.949,26.984,67.0,3.54,country_area_weighted_mean,6,synthetic
2021-03-08,ESP,1.296,-3.304,6.396,36.845,67.96,3.737,country_area_weighted_mean,6,synthetic
2021-03-08,POL,-7.92,-12.52,-2.82,46.409,74.16,3.928,country_area_weighted_mean,6,synthetic
2021-03-08,HUN,-3.374,-7.974,1.726,42.928,74.99,3.859,country_area_weighted_mean,6,synthetic
2021-03-08,ROU,-1.941,-6.541,3.159,31.58,69.09,3.632,country_area_weighted_mean,6,synthetic
2021-03-08,BGR,1.675,-2.925,6.775,25.951,67.87,3.519,country_area_weighted_mean,6,synthetic
2021-03-08,SRB,0.545,-4.055,5.645,35.807,64.3,3.716,country_area_weighted_mean,6,synthetic
2021-03-08,UKR,-4.741,-9.341,0.359,35.459,67.86,3.709,country_area_weighted_mean,6,synthetic
2021-03-08,MDA,-4.517,-9.117,0.583,30.651,77.72,3.613,country_area_weighted_mean,6,synthetic
2021-03-08,RUS,-7.169,-11.769,-2.069,34.853,74.48,3.697,country_area_weighted_mean,6,synthetic
2021-03-08,TUR,3.421,-1.179,8.521,50.655,70.75,4.013,country_area_weighted_mean,6,synthetic
2021-03-08,GEO,-0.982,-5.582,4.118,33.322,66.52,3.666,country_area_weighted_mean,6,synthetic
2021-03-08,ISR,5.019,0.419,10.119,19.474,66.31,3.389,country_area_weighted_mean,6,synthetic
2021-03-08,EGY,10.917,6.317,16.017,17.369,60.69,3.347,country_area_weighted_mean,6,synthetic
2021-03-08,TUN,7.558,2.958,12.658,23.765,61.73,3.475,country_area_weighted_mean,6,synthetic
2021-03-08,MAR,6.188,1.588,11.288,64.153,73.61,4.283,country_area_weighted_mean,6,synthetic
2021-03-15,FRA,0.531,-4.069,5.631,27.028,69.99,3.541,country_area_weighted_mean,6,synthetic
2021-03-15,DEU,-3.64,-8.24,1.46,43.412,71.4,3.868,country_area_weighted_mean,6,synthetic
2021-03-15,NLD,-3.015,-7.615,2.085,29.819,67.61,3.596,country_area_weighted_mean,6,synthetic
2021-03-15,BEL,-3.002,-7.602,2.098,31.264,66.66,3.625,country_area_weighted_mean,6,synthetic
2021-03-15,ITA,1.244,-3.356,6.344,41.041,71.11,3.821,country_area_weighted_mean,6,synthetic
2021-03-15,ESP,1.123,-3.477,6.223,37.525,72.19,3.75,country_area_weighted_mean,6,synthetic
2021-03-15,POL,-4.789,-9.389,0.311,46.532,70.66,3.931,country_area_weighted_mean,6,synthetic
2021-03-15,HUN,-2.143,-6.743,2.957,93.724,83.98,4.874,country_area_weighted_mean,6,synthetic
2021-03-15,ROU,-2.744,-7.344,2.356,56.781,76.59,4.136,country_area_weighted_mean,6,synthetic
2021-03-15,BGR,1.089,-3.511,6.189,27.806,66.13,3.556,country_area_weighted_mean,6,synthetic
2021-03-15,SRB,3.061,-1.539,8.161,23.776,62.83,3.476,country_area_weighted_mean,6,synthetic
2021-03-15,UKR,-3.74,-8.34,1.36,59.459,73.03,4.189,country_area_weighted_mean,6,synthetic
2021-03-15,MDA,-2.206,-6.806,2.894,46.926,77.5,3.939,country_area_weighted_mean,6,synthetic
2021-03-15,RUS,-6.561,-11.161,-1.461,46.293,78.41,3.926,country_area_weighted_mean,6,synthetic
2021-03-15,TUR,4.826,0.226,9.926,42.462,69.26,3.849,country_area_weighted_mean,6,synthetic
2021-03-15,GEO,-0.663,-5.263,4.437,42.49,74.58,3.85,country_area_weighted_mean,6,synthetic
2021-03-15,ISR,6.521,1.921,11.621,18.314,67.82,3.366,country_area_weighted_mean,6,synthetic
2021-03-15,EGY,11.523,6.923,16.623,28.321,64.23,3.566,country_area_weighted_mean,6,synthetic
2021-03-15,TUN,7.494,2.894,12.594,28.097,60.17,3.562,country_area_weighted_mean,6,synthetic
2021-03-15,MAR,6.322,1.722,11.422,40.66,65.22,3.813,country_area_weighted_mean,6,synthetic
2021-03-22,FRA,2.356,-2.244,7.456,61.624,76.63,4.232,country_area_weighted_mean,6,synthetic
2021-03-22,DEU,-2.189,-6.789,2.911,34.01,71.62,3.68,country_area_weighted_mean,6,synthetic
2021-03-22,NLD,-2.999,-7.599,2.101,26.5,70.29,3.53,country_area_weighted_mean,6,synthetic
2021-03-22,BEL,-0.93,-5.53,4.17,41.231,71.67,3.825,country_area_weighted_mean,6,synthetic
2021-03-22,ITA,2.039,-2.561,7.139,30.567,76.61,3.611,country_area_weighted_mean,6,synthetic
2021-03-22,ESP,0.058,-4.542,5.158,36.88,73.84,3.738,country_area_weighted_mean,6,synthetic
2021-03-22,POL,-2.065,-6.665,3.035,43.614,72.23,3.872,country_area_weighted_mean,6,synthetic
2021-03-22,HUN,-0.865,-5.465,4.235,70.212,79.63,4.404,country_area_weighted_mean,6,synthetic
2021-03-22,ROU,-1.442,-6.042,3.658,61.711,77.77,4.234,country_area_weighted_mean,6,synthetic
2021-03-22,BGR,2.756,-1.844,7.856,42.57,68.1,3.851,country_area_weighted_mean,6,synthetic
2021-03-22,SRB,1.841,-2.759,6.941,28.653,66.08,3.573,country_area_weighted_mean,6,synthetic
2021-03-22,UKR,-2.937,-7.537,2.163,55.942,74.0,4.119,country_area_weighted_mean,6,synthetic
2021-03-22,MDA,-1.421,-6.021,3.679,56.113,80.37,4.122,country_area_weighted_mean,6,synthetic
2021-03-22,RUS,-6.214,-10.814,-1.114,27.205,70.68,3.544,country_area_weighted_mean,6,synthetic
2021-03-22,TUR,5.326,0.726,10.426,36.905,71.46,3.738,country_area_weighted_mean,6,synthetic
2021-03-22,GEO,2.012,-2.588,7.112,33.926,69.91,3.679,country_area_weighted_mean,6,synthetic
2021-03-22,ISR,7.889,3.289,12.989,20.538,67.16,3.411,country_area_weighted_mean,6,synthetic
2021-03-22,EGY,13.802,9.202,18.902,43.341,67.83,3.867,country_area_weighted_mean,6,synthetic
2021-03-22,TUN,9.161,4.561,14.261,27.308,64.5,3.546,country_area_weighted_mean,6,synthetic
2021-03-22,MAR,8.049,3.449,13.149,41.995,68.14,3.84,country_area_weighted_mean,6,synthetic
2021-03-29,FRA,3.035,-1.565,8.135,44.86,69.28,3.897,country_area_weighted_mean,6,synthetic
2021-03-29,DEU,-0.75,-5.35,4.35,39.823,69.31,3.796,country_area_weighted_mean,6,synthetic
2021-03-29,NLD,0.051,-4.549,5.151,24.425,66.3,3.489,country_area_weighted_mean,6,synthetic
2021-03-29,BEL,2.634,-1.966,7.734,35.539,66.26,3.711,country_area_weighted_mean,6,synthetic
2021-03-29,ITA,2.446,-2.154,7.546,41.643,74.88,3.833,country_area_weighted_mean,6,synthetic
2021-03-29,ESP,4.633,0.033,9.733,77.103,81.04,4.542,country_area_weighted_mean,6,synthetic
2021-03-29,POL,-2.012,-6.612,3.088,29.872,65.6,3.597,country_area_weighted_mean,6,synthetic
2021-03-29,HUN,1.562,-3.038,6.662,42.103,74.78,3.842,country_area_weighted_mean,6,synthetic
2021-03-29,ROU,0.037,-4.563,5.137,35.651,69.75,3.713,country_area_weighted_mean,6,synthetic
2021-03-29,BGR,4.549,-0.051,9.649,39.05,64.73,3.781,country_area_weighted_mean,6,synthetic
2021-03-29,SRB,1.68,-2.92,6.78,54.533,66.87,4.091,country_area_weighted_mean,6,synthetic
2021-03-29,UKR,0.074,-4.526,5.174,44.532,68.55,3.891,country_area_weighted_mean,6,synthetic
2021-03-29,MDA,1.484,-3.116,6.584,49.162,75.32,3.983,country_area_weighted_mean,6,synthetic
2021-03-29,RUS,-3.726,-8.326,1.374,18.523,65.75,3.37,country_area_weighted_mean,6,synthetic
2021-03-29,TUR,5.926,1.326,11.026,46.656,70.69,3.933,country_area_weighted_mean,6,synthetic
2021-03-29,GEO,3.34,-1.26,8.44,31.097,64.54,3.622,country_area_weighted_mean,6,synthetic
2021-03-29,ISR,10.25,5.65,15.35,26.574,65.79,3.531,country_area_weighted_mean,6,synthetic
2021-03-29,EGY,13.333,8.733,18.433,39.202,65.57,3.784,country_area_weighted_mean,6,synthetic
2021-03-29,TUN,10.992,6.392,16.092,33.521,65.93,3.67,country_area_weighted_mean,6,synthetic
2021-03-29,MAR,8.654,4.054,13.754,49.212,72.55,3.984,country_area_weighted_mean,6,synthetic
2021-04-05,FRA,2.962,-1.638,8.062,35.026,67.49,3.701,country_area_weighted_mean,6,synthetic
2021-04-05,DEU,3.057,-1.543,8.157,23.59,69.25,3.472,country_area_weighted_mean,6,synthetic
2021-04-05,NLD,2.19,-2.41,7.29,24.135,67.11,3.483,country_area_weighted_mean,6,synthetic
2021-04-05,BEL,3.401,-1.199,8.501,67.266,74.38,4.345,country_area_weighted_mean,6,synthetic
2021-04-05,ITA,4.76,0.16,9.86,34.576,74.57,3.692,country_area_weighted_mean,6,synthetic
2021-04-05,ESP,5.825,1.225,10.925,48.264,71.38,3.965,country_area_weighted_mean,6,synthetic
2021-04-05,POL,1.068,-3.532,6.168,41.225,69.44,3.824,country_area_weighted_mean,6,synthetic
2021-04-05,HUN,3.784,-0.816,8.884,37.705,70.35,3.754,country_area_weighted_mean,6,synthetic
2021-04-05,ROU,2.773,-1.827,7.873,39.666,71.15,3.793,country_area_weighted_mean,6,synthetic
2021-04-05,BGR,6.526,1.926,11.626,41.067,67.91,3.821,country_area_weighted_mean,6,synthetic
2021-04-05,SRB,1.865,-2.735,6.965,34.051,65.59,3.681,country_area_weighted_mean,6,synthetic
2021-04-05,UKR,2.774,-1.826,7.874,54.844,71.84,4.097,country_area_weighted_mean,6,synthetic
2021-04-05,MDA,3.016,-1.584,8.116,71.134,81.27,4.423,country_area_weighted_mean,6,synthetic
2021-04-05,RUS,-1.551,-6.151,3.549,30.172,71.57,3.603,country_area_weighted_mean,6,synthetic
2021-04-05,TUR,6.527,1.927,11.627,40.368,66.97,3.807,country_area_weighted_mean,6,synthetic
2021-04-05,GEO,3.448,-1.152,8.548,26.874,69.1,3.537,country_area_weighted_mean,6,synthetic
2021-04-05,ISR,10.639,6.039,15.739,32.133,62.86,3.643,country_area_weighted_mean,6,synthetic
2021-04-05,EGY,12.119,7.519,17.219,46.736,68.3,3.935,country_area_weighted_mean,6,synthetic
2021-04-05,TUN,11.403,6.803,16.503,39.419,66.24,3.788,country_area_weighted_mean,6,synthetic
2021-04-05,MAR,8.433,3.833,13.533,43.815,68.01,3.876,country_area_weighted_mean,6,synthetic
2021-04-12,FRA,5.093,0.493,10.193,30.628,66.1,3.613,country_area_weighted_mean,6,synthetic
2021-04-12,DEU,4.38,-0.22,9.48,22.674,69.04,3.453,country_area_weighted_mean,6,synthetic
2021-04-12,NLD,5.759,1.159,10.859,24.789,66.49,3.496,country_area_weighted_mean,6,synthetic
2021-04-12,BEL,4.677,0.077,9.777,99.861,84.81,4.997,country_area_weighted_mean,6,synthetic
2021-04-12,ITA,5.585,0.985,10.685,29.083,65.89,3.582,country_area_weighted_mean,6,synthetic
2021-04-12,ESP,7.497,2.897,12.597,33.824,68.55,3.676,country_area_weighted_mean,6,synthetic
2021-04-12,POL,3.438,-1.162,8.538,37.849,70.78,3.757,country_area_weighted_mean,6,synthetic
2021-04-12,HUN,5.629,1.029,10.729,66.336,77.96,4.327,country_area_weighted_mean,6,synthetic
2021-04-12,ROU,4.382,-0.218,9.482,43.67,72.5,3.873,country_area_weighted_mean,6,synthetic
2021-04-12,BGR,7.323,2.723,12.423,29.53,65.69,3.591,country_area_weighted_mean,6,synthetic
2021-04-12,SRB,4.282,-0.318,9.382,53.67,69.82,4.073,country_area_weighted_mean,6,synthetic
2021-04-12,UKR,4.356,-0.244,9.456,42.612,69.08,3.852,country_area_weighted_mean,6,synthetic
2021-04-12,MDA,6.662,2.062,11.762,77.299,78.27,4.546,country_area_weighted_mean,6,synthetic
2021-04-12,RUS,3.174,-1.426,8.274,45.614,69.68,3.912,country_area_weighted_mean,6,synthetic
2021-04-12,TUR,8.542,3.942,13.642,60.754,69.96,4.215,country_area_weighted_mean,6,synthetic
2021-04-12,GEO,7.055,2.455,12.155,16.064,62.06,3.321,country_area_weighted_mean,6,synthetic
2021-04-12,ISR,13.634,9.034,18.734,40.573,64.52,3.811,country_area_weighted_mean,6,synthetic
2021-04-12,EGY,13.779,9.179,18.879,47.741,72.58,3.955,country_area_weighted_mean,6,synthetic
2021-04-12,TUN,13.998,9.398,19.098,32.122,61.83,3.642,country_area_weighted_mean,6,synthetic
2021-04-12,MAR,9.437,4.837,14.537,21.361,63.52,3.427,country_area_weighted_mean,6,synthetic
2021-04-19,FRA,7.12,2.52,12.22,27.737,65.68,3.555,country_area_weighted_mean,6,synthetic
2021-04-19,DEU,4.87,0.27,9.97,30.479,69.5,3.61,country_area_weighted_mean,6,synthetic
2021-04-19,NLD,4.494,-0.106,9.594,40.999,74.27,3.82,country_area_weighted_mean,6,synthetic
2021-04-19,BEL,6.226,1.626,11.326,56.011,75.57,4.12,country_area_weighted_mean,6,synthetic
2021-04-19,ITA,10.533,5.933,15.633,24.966,60.3,3.499,country_area_weighted_mean,6,synthetic
2021-04-19,ESP,9.797,5.197,14.897,38.392,71.41,3.768,country_area_weighted_mean,6,synthetic
2021-04-19,POL,6.089,1.489,11.189,27.555,68.05,3.551,country_area_weighted_mean,6,synthetic
2021-04-19,HUN,6.941,2.341,12.041,31.256,72.68,3.625,country_area_weighted_mean,6,synthetic
2021-04-19,ROU,4.629,0.029,9.729,45.14,74.27,3.903,country_area_weighted_mean,6,synthetic
2021-04-19,BGR,9.232,4.632,14.332,39.615,68.22,3.792,country_area_weighted_mean,6,synthetic
2021-04-19,SRB,4.427,-0.173,9.527,45.284,71.12,3.906,country_area_weighted_mean,6,synthetic
2021-04-19,UKR,4.709,0.109,9.809,29.797,64.98,3.596,country_area_weighted_mean,6,synthetic
2021-04-19,MDA,8.568,3.968,13.668,46.386,65.11,3.928,country_area_weighted_mean,6,synthetic
2021-04-19,RUS,4.861,0.261,9.961,42.945,67.92,3.859,country_area_weighted_mean,6,synthetic
2021-04-19,TUR,12.728,8.128,17.828,46.324,66.52,3.926,country_area_weighted_mean,6,synthetic
2021-04-19,GEO,9.461,4.861,14.561,25.418,66.85,3.508,country_area_weighted_mean,6,synthetic
2021-04-19,ISR,13.809,9.209,18.909,38.586,66.09,3.772,country_area_weighted_mean,6,synthetic
2021-04-19,EGY,14.302,9.702,19.402,58.738,75.62,4.175,country_area_weighted_mean,6,synthetic
2021-04-19,TUN,14.913,10.313,20.013,38.775,63.9,3.775,country_area_weighted_mean,6,synthetic
2021-04-19,MAR,12.278,7.678,17.378,21.921,61.24,3.438,country_area_weighted_mean,6,synthetic
2021-04-26,FRA,10.391,5.791,15.491,41.449,69.16,3.829,country_area_weighted_mean,6,synthetic
2021-04-26,DEU,5.618,1.018,10.718,26.328,67.46,3.527,country_area_weighted_mean,6,synthetic
2021-04-26,NLD,6.698,2.098,11.798,24.009,67.38,3.48,country_area_weighted_mean,6,synthetic
2021-04-26,BEL,7.354,2.754,12.454,61.722,72.92,4.234,country_area_weighted_mean,6,synthetic
2021-04-26,ITA,10.956,6.356,16.056,22.245,63.79,3.445,country_area_weighted_mean,6,synthetic
2021-04-26,ESP,11.153,6.553,16.253,25.569,68.03,3.511,country_area_weighted_mean,6,synthetic
2021-04-26,POL,7.841,3.241,12.941,33.99,71.32,3.68,country_area_weighted_mean,6,synthetic
2021-04-26,HUN,7.369,2.769,12.469,44.074,73.6,3.881,country_area_weighted_mean,6,synthetic
2021-04-26,ROU,8.659,4.059,13.759,34.645,72.5,3.693,country_area_weighted_mean,6,synthetic
2021-04-26,BGR,9.494,4.894,14.594,36.865,72.13,3.737,country_area_weighted_mean,6,synthetic
2021-04-26,SRB,7.629,3.029,12.729,51.141,71.52,4.023,country_area_weighted_mean,6,synthetic
2021-04-26,UKR,6.522,1.922,11.622,28.586,60.58,3.572,country_area_weighted_mean,6,synthetic
2021-04-26,MDA,8.548,3.948,13.648,32.403,58.78,3.648,country_area_weighted_mean,6,synthetic
2021-04-26,RUS,7.369,2.769,12.469,46.255,71.14,3.925,country_area_weighted_mean,6,synthetic
2021-04-26,TUR,13.359,8.759,18.459,40.912,65.72,3.818,country_area_weighted_mean,6,synthetic
2021-04-26,GEO,11.783,7.183,16.883,21.848,64.27,3.437,country_area_weighted_mean,6,synthetic
2021-04-26,ISR,12.366,7.766,17.466,34.566,68.53,3.691,country_area_weighted_mean,6,synthetic
2021-04-26,EGY,14.58,9.98,19.68,28.248,65.57,3.565,country_area_weighted_mean,6,synthetic
2021-04-26,TUN,15.518,10.918,20.618,36.827,66.31,3.737,country_area_weighted_mean,6,synthetic
2021-04-26,MAR,15.409,10.809,20.509,32.442,61.63,3.649,country_area_weighted_mean,6,synthetic
2021-05-03,FRA,12.429,7.829,17.529,38.9,68.66,3.778,country_area_weighted_mean,6,synthetic
2021-05-03,DEU,7.594,2.994,12.694,28.926,64.07,3.579,country_area_weighted_mean,6,synthetic
2021-05-03,NLD,6.88,2.28,11.98,29.264,65.42,3.585,country_area_weighted_mean,6,synthetic
2021-05-03,BEL,10.185,5.585,15.285,36.049,68.2,3.721,country_area_weighted_mean,6,synthetic
2021-05-03,ITA,12.214,7.614,17.314,28.215,64.39,3.564,country_area_weighted_mean,6,synthetic
2021-05-03,ESP,11.76,7.16,16.86,25.461,68.42,3.509,country_area_weighted_mean,6,synthetic
2021-05-03,POL,9.082,4.482,14.182,33.696,64.88,3.674,country_area_weighted_mean,6,synthetic
2021-05-03,HUN,8.56,3.96,13.66,57.493,73.28,4.15,country_area_weighted_mean,6,synthetic
2021-05-03,ROU,10.708,6.108,15.808,28.793,66.24,3.576,country_area_weighted_mean,6,synthetic
2021-05-03,BGR,12.447,7.847,17.547,44.881,67.57,3.898,country_area_weighted_mean,6,synthetic
2021-05-03,SRB,8.184,3.584,13.284,36.62,71.36,3.732,country_area_weighted_mean,6,synthetic
2021-05-03,UKR,9.793,5.193,14.893,22.039,62.5,3.441,country_area_weighted_mean,6,synthetic
2021-05-03,MDA,9.651,5.051,14.751,44.79,68.95,3.896,country_area_weighted_mean,6,synthetic
2021-05-03,RUS,9.824,5.224,14.924,33.67,63.83,3.673,country_area_weighted_mean,6,synthetic
2021-05-03,TUR,12.992,8.392,18.092,48.262,70.86,3.965,country_area_weighted_mean,6,synthetic
2021-05-03,GEO,10.347,5.747,15.447,33.462,69.26,3.669,country_area_weighted_mean,6,synthetic
2021-05-03,ISR,16.513,11.913,21.613,24.279,64.37,3.486,country_area_weighted_mean,6,synthetic
2021-05-03,EGY,16.415,11.815,21.515,20.843,60.87,3.417,country_area_weighted_mean,6,synthetic
2021-05-03,TUN,16.707,12.107,21.807,38.851,67.95,3.777,country_area_weighted_mean,6,synthetic
2021-05-03,MAR,15.412,10.812,20.512,24.798,58.9,3.496,country_area_weighted_mean,6,synthetic
2021-05-10,FRA,16.03,11.43,21.13,33.622,61.53,3.672,country_area_weighted_mean,6,synthetic
2021-05-10,DEU,11.559,6.959,16.659,24.907,63.56,3.498,country_area_weighted_mean,6,synthetic
2021-05-10,NLD,10.086,5.486,15.186,40.615,65.36,3.812,country_area_weighted_mean,6,synthetic
2021-05-10,BEL,11.514,6.914,16.614,26.567,65.43,3.531,country_area_weighted_mean,6,synthetic
2021-05-10,ITA,14.061,9.461,19.161,20.497,62.7,3.41,country_area_weighted_mean,6,synthetic
2021-05-10,ESP,15.661,11.061,20.761,16.552,62.65,3.331,country_area_weighted_mean,6,synthetic
2021-05-10,POL,13.195,8.595,18.295,54.018,69.11,4.08,country_area_weighted_mean,6,synthetic
2021-05-10,HUN,12.277,7.677,17.377,31.376,66.42,3.628,country_area_weighted_mean,6,synthetic
2021-05-10,ROU,11.82,7.22,16.92,47.416,70.63,3.948,country_area_weighted_mean,6,synthetic
2021-05-10,BGR,13.277,8.677,18.377,37.064,67.99,3.741,country_area_weighted_mean,6,synthetic
2021-05-10,SRB,12.291,7.691,17.391,37.639,69.94,3.753,country_area_weighted_mean,6,synthetic
2021-05-10,UKR,12.578,7.978,17.678,18.595,63.94,3.372,country_area_weighted_mean,6,synthetic
2021-05-10,MDA,11.598,6.998,16.698,41.584,67.3,3.832,country_area_weighted_mean,6,synthetic
2021-05-10,RUS,11.452,6.852,16.552,28.202,60.91,3.564,country_area_weighted_mean,6,synthetic
2021-05-10,TUR,12.878,8.278,17.978,24.143,58.6,3.483,country_area_weighted_mean,6,synthetic
2021-05-10,GEO,12.22,7.62,17.32,25.113,63.46,3.502,country_area_weighted_mean,6,synthetic
2021-05-10,ISR,15.612,11.012,20.712,39.285,62.93,3.786,country_area_weighted_mean,6,synthetic
2021-05-10,EGY,19.445,14.845,24.545,35.353,64.38,3.707,country_area_weighted_mean,6,synthetic
2021-05-10,TUN,19.693,15.093,24.793,28.737,63.54,3.575,country_area_weighted_mean,6,synthetic
2021-05-10,MAR,15.612,11.012,20.712,22.906,57.57,3.458,country_area_weighted_mean,6,synthetic
2021-05-17,FRA,17.482,12.882,22.582,30.506,57.76,3.61,country_area_weighted_mean,6,synthetic
2021-05-17,DEU,14.979,10.379,20.079,24.598,61.9,3.492,country_area_weighted_mean,6,synthetic
2021-05-17,NLD,13.847,9.247,18.947,31.788,57.17,3.636,country_area_weighted_mean,6,synthetic
2021-05-17,BEL,15.451,10.851,20.551,18.161,57.36,3.363,country_area_weighted_mean,6,synthetic
2021-05-17,ITA,15.316,10.716,20.416,20.2,58.12,3.404,country_area_weighted_mean,6,synthetic
2021-05-17,ESP,16.541,11.941,21.641,32.596,66.03,3.652,country_area_weighted_mean,6,synthetic
2021-05-17,POL,15.29,10.69,20.39,51.789,65.49,4.036,country_area_weighted_mean,6,synthetic
2021-05-17,HUN,14.57,9.97,19.67,17.898,58.37,3.358,country_area_weighted_mean,6,synthetic
2021-05-17,ROU,13.258,8.658,18.358,28.475,67.01,3.569,country_area_weighted_mean,6,synthetic
2021-05-17,BGR,15.206,10.606,20.306,22.101,60.13,3.442,country_area_weighted_mean,6,synthetic
2021-05-17,SRB,13.179,8.579,18.279,19.627,64.11,3.393,country_area_weighted_mean,6,synthetic
2021-05-17,UKR,13.448,8.848,18.548,25.759,62.8,3.515,country_area_weighted_mean,6,synthetic
2021-05-17,MDA,12.199,7.599,17.299,21.448,59.1,3.429,country_area_weighted_mean,6,synthetic
2021-05-17,RUS,14.357,9.757,19.457,35.699,59.5,3.714,country_area_weighted_mean,6,synthetic
2021-05-17,TUR,14.84,10.24,19.94,24.67,66.65,3.493,country_area_weighted_mean,6,synthetic
2021-05-17,GEO,16.016,11.416,21.116,26.549,61.97,3.531,country_area_weighted_mean,6,synthetic
2021-05-17,ISR,17.853,13.253,22.953,18.955,52.5,3.379,country_area_weighted_mean,6,synthetic
2021-05-17,EGY,18.736,14.136,23.836,39.268,64.72,3.785,country_area_weighted_mean,6,synthetic
2021-05-17,TUN,21.275,16.675,26.375,30.203,64.32,3.604,country_area_weighted_mean,6,synthetic
2021-05-17,MAR,18.948,14.348,24.048,22.171,57.6,3.443,country_area_weighted_mean,6,synthetic
2021-05-24,FRA,19.051,14.451,24.151,25.343,56.99,3.507,country_area_weighted_mean,6,synthetic
2021-05-24,DEU,16.82,12.22,21.92,25.281,64.33,3.506,country_area_weighted_mean,6,synthetic
2021-05-24,NLD,15.541,10.941,20.641,17.387,52.29,3.348,country_area_weighted_mean,6,synthetic
2021-05-24,BEL,16.952,12.352,22.052,24.214,61.76,3.484,country_area_weighted_mean,6,synthetic
2021-05-24,ITA,18.277,13.677,23.377,19.019,53.18,3.38,country_area_weighted_mean,6,synthetic
2021-05-24,ESP,17.399,12.799,22.499,16.289,59.43,3.326,country_area_weighted_mean,6,synthetic
2021-05-24,POL,17.006,12.406,22.106,32.976,57.6,3.66,country_area_weighted_mean,6,synthetic
2021-05-24,HUN,16.38,11.78,21.48,23.785,56.52,3.476,country_area_weighted_mean,6,synthetic
2021-05-24,ROU,14.696,10.096,19.796,41.583,66.52,3.832,country_area_weighted_mean,6,synthetic
2021-05-24,BGR,17.032,12.432,22.132,31.187,64.6,3.624,country_area_weighted_mean,6,synthetic
2021-05-24,SRB,16.688,12.088,21.788,27.061,61.9,3.541,country_area_weighted_mean,6,synthetic
2021-05-24,UKR,15.535,10.935,20.635,43.372,64.09,3.867,country_area_weighted_mean,6,synthetic
2021-05-24,MDA,13.031,8.431,18.131,25.142,58.76,3.503,country_area_weighted_mean,6,synthetic
2021-05-24,RUS,12.804,8.204,17.904,29.881,65.12,3.598,country_area_weighted_mean,6,synthetic
2021-05-24,TUR,15.362,10.762,20.462,34.139,59.05,3.683,country_area_weighted_mean,6,synthetic
2021-05-24,GEO,20.081,15.481,25.181,29.64,62.26,3.593,country_area_weighted_mean,6,synthetic
2021-05-24,ISR,18.756,14.156,23.856,29.687,54.88,3.594,country_area_weighted_mean,6,synthetic
2021-05-24,EGY,21.747,17.147,26.847,21.635,55.59,3.433,country_area_weighted_mean,6,synthetic
2021-05-24,TUN,20.726,16.126,25.826,33.933,63.3,3.679,country_area_weighted_mean,6,synthetic
2021-05-24,MAR,21.266,16.666,26.366,18.548,57.04,3.371,country_area_weighted_mean,6,synthetic
2021-05-31,FRA,19.408,14.808,24.508,48.728,64.6,3.975,country_area_weighted_mean,6,synthetic
2021-05-31,DEU,17.764,13.164,22.864,18.491,58.24,3.37,country_area_weighted_mean,6,synthetic
2021-05-31,NLD,18.321,13.721,23.421,22.082,57.39,3.442,country_area_weighted_mean,6,synthetic
2021-05-31,BEL,17.153,12.553,22.253,49.023,65.69,3.98,country_area_weighted_mean,6,synthetic
2021-05-31,ITA,21.057,16.457,26.157,29.483,61.91,3.59,country_area_weighted_mean,6,synthetic
2021-05-31,ESP,19.881,15.281,24.981,26.566,62.65,3.531,country_area_weighted_mean,6,synthetic
2021-05-31,POL,18.915,14.315,24.015,24.344,57.44,3.487,country_area_weighted_mean,6,synthetic
2021-05-31,HUN,18.945,14.345,24.045,17.433,54.62,3.349,country_area_weighted_mean,6,synthetic
2021-05-31,ROU,15.632,11.032,20.732,21.2,61.2,3.424,country_area_weighted_mean,6,synthetic
2021-05-31,BGR,19.34,14.74,24.44,28.89,62.97,3.578,country_area_weighted_mean,6,synthetic
2021-05-31,SRB,20.485,15.885,25.585,32.543,64.37,3.651,country_area_weighted_mean,6,synthetic
2021-05-31,UKR,17.109,12.509,22.209,30.385,63.27,3.608,country_area_weighted_mean,6,synthetic
2021-05-31,MDA,15.297,10.697,20.397,15.741,58.17,3.315,country_area_weighted_mean,6,synthetic
2021-05-31,RUS,15.505,10.905,20.605,41.572,63.37,3.831,country_area_weighted_mean,6,synthetic
2021-05-31,TUR,16.283,11.683,21.383,38.106,60.51,3.762,country_area_weighted_mean,6,synthetic
2021-05-31,GEO,22.27,17.67,27.37,28.275,54.64,3.565,country_area_weighted_mean,6,synthetic
2021-05-31,ISR,19.8,15.2,24.9,30.394,58.18,3.608,country_area_weighted_mean,6,synthetic
2021-05-31,EGY,22.683,18.083,27.783,40.354,58.45,3.807,country_area_weighted_mean,6,synthetic
2021-05-31,TUN,22.522,17.922,27.622,19.954,57.46,3.399,country_area_weighted_mean,6,synthetic
2021-05-31,MAR,23.239,18.639,28.339,19.312,58.69,3.386,country_area_weighted_mean,6,synthetic
2021-06-07,FRA,22.112,17.512,27.212,30.644,59.32,3.613,country_area_weighted_mean,6,synthetic
2021-06-07,DEU,19.653,15.053,24.753,17.396,59.56,3.348,country_area_weighted_mean,6,synthetic
2021-06-07,NLD,17.994,13.394,23.094,31.266,59.68,3.625,country_area_weighted_mean,6,synthetic
2021-06-07,BEL,18.093,13.493,23.193,32.203,64.75,3.644,country_area_weighted_mean,6,synthetic
2021-06-07,ITA,22.185,17.585,27.285,22.293,56.45,3.446,country_area_weighted_mean,6,synthetic
2021-06-07,ESP,20.54,15.94,25.64,18.443,56.67,3.369,country_area_weighted_mean,6,synthetic
2021-06-07,POL,20.099,15.499,25.199,16.425,60.17,3.329,country_area_weighted_mean,6,synthetic
2021-06-07,HUN,19.314,14.714,24.414,25.35,57.74,3.507,country_area_weighted_mean,6,synthetic
2021-06-07,ROU,19.513,14.913,24.613,23.269,61.15,3.465,country_area_weighted_mean,6,synthetic
2021-06-07,BGR,21.347,16.747,26.447,31.17,60.06,3.623,country_area_weighted_mean,6,synthetic
2021-06-07,SRB,22.579,17.979,27.679,40.032,62.2,3.801,country_area_weighted_mean,6,synthetic
2021-06-07,UKR,19.945,15.345,25.045,31.385,58.99,3.628,country_area_weighted_mean,6,synthetic
2021-06-07,MDA,15.461,10.861,20.561,16.742,57.49,3.335,country_area_weighted_mean,6,synthetic
2021-06-07,RUS,17.832,13.232,22.932,61.302,63.78,4.226,country_area_weighted_mean,6,synthetic
2021-06-07,TUR,20.163,15.563,25.263,43.967,63.16,3.879,country_area_weighted_mean,6,synthetic
2021-06-07,GEO,22.163,17.563,27.263,22.351,52.74,3.447,country_area_weighted_mean,6,synthetic
2021-06-07,ISR,19.1,14.5,24.2,46.81,64.54,3.936,country_area_weighted_mean,6,synthetic
2021-06-07,EGY,23.93,19.33,29.03,41.571,59.81,3.831,country_area_weighted_mean,6,synthetic
2021-06-07,TUN,22.713,18.113,27.813,22.833,60.18,3.457,country_area_weighted_mean,6,synthetic
2021-06-07,MAR,23.151,18.551,28.251,17.193,59.71,3.344,country_area_weighted_mean,6,synthetic
2021-06-14,FRA,22.052,17.452,27.152,39.037,59.02,3.781,country_area_weighted_mean,6,synthetic
2021-06-14,DEU,19.842,15.242,24.942,23.251,60.27,3.465,country_area_weighted_mean,6,synthetic
2021-06-14,NLD,17.896,13.296,22.996,35.591,62.44,3.712,country_area_weighted_mean,6,synthetic
2021-06-14,BEL,18.779,14.179,23.879,21.016,61.64,3.42,country_area_weighted_mean,6,synthetic
2021-06-14,ITA,22.997,18.397,28.097,21.697,54.89,3.434,country_area_weighted_mean,6,synthetic
2021-06-14,ESP,23.585,18.985,28.685,17.441,52.02,3.349,country_area_weighted_mean,6,synthetic
2021-06-14,POL,20.248,15.648,25.348,16.859,59.57,3.337,country_area_weighted_mean,6,synthetic
2021-06-14,HUN,20.994,16.394,26.094,35.212,62.0,3.704,country_area_weighted_mean,6,synthetic
2021-06-14,ROU,20.783,16.183,25.883,34.122,67.03,3.682,country_area_weighted_mean,6,synthetic
2021-06-14,BGR,21.009,16.409,26.109,35.986,58.86,3.72,country_area_weighted_mean,6,synthetic
2021-06-14,SRB,21.985,17.385,27.085,26.664,58.29,3.533,country_area_weighted_mean,6,synthetic
2021-06-14,UKR,21.287,16.687,26.387,19.034,56.7,3.381,country_area_weighted_mean,6,synthetic
2021-06-14,MDA,17.871,13.271,22.971,31.262,62.25,3.625,country_area_weighted_mean,6,synthetic
2021-06-14,RUS,17.978,13.378,23.078,26.266,58.43,3.525,country_area_weighted_mean,6,synthetic
2021-06-14,TUR,21.899,17.299,26.999,30.665,59.83,3.613,country_area_weighted_mean,6,synthetic
2021-06-14,GEO,22.118,17.518,27.218,20.956,54.91,3.419,country_area_weighted_mean,6,synthetic
2021-06-14,ISR,21.278,16.678,26.378,40.858,63.81,3.817,country_area_weighted_mean,6,synthetic
2021-06-14,EGY,25.61,21.01,30.71,19.143,53.64,3.383,country_area_weighted_mean,6,synthetic
2021-06-14,TUN,22.942,18.342,28.042,24.077,55.85,3.482,country_area_weighted_mean,6,synthetic
2021-06-14,MAR,25.028,20.428,30.128,27.527,58.23,3.551,country_area_weighted_mean,6,synthetic
2021-06-21,FRA,22.569,17.969,27.669,20.759,54.31,3.415,country_area_weighted_mean,6,synthetic
2021-06-21,DEU,21.947,17.347,27.047,25.063,55.68,3.501,country_area_weighted_mean,6,synthetic
2021-06-21,NLD,19.545,14.945,24.645,45.148,68.42,3.903,country_area_weighted_mean,6,synthetic
2021-06-21,BEL,20.501,15.901,25.601,19.563,56.46,3.391,country_area_weighted_mean,6,synthetic
2021-06-21,ITA,23.919,19.319,29.019,29.399,53.65,3.588,country_area_weighted_mean,6,synthetic
2021-06-21,ESP,26.439,21.839,31.539,12.518,49.44,3.25,country_area_weighted_mean,6,synthetic
2021-06-21,POL,20.737,16.137,25.837,20.762,61.05,3.415,country_area_weighted_mean,6,synthetic
2021-06-21,HUN,22.63,18.03,27.73,30.31,64.62,3.606,country_area_weighted_mean,6,synthetic
2021-06-21,ROU,21.935,17.335,27.035,36.387,61.75,3.728,country_area_weighted_mean,6,synthetic
2021-06-21,BGR,23.259,18.659,28.359,25.692,58.4,3.514,country_area_weighted_mean,6,synthetic
2021-06-21,SRB,23.672,19.072,28.772,19.724,58.19,3.394,country_area_weighted_mean,6,synthetic
2021-06-21,UKR,21.965,17.365,27.065,20.561,61.12,3.411,country_area_weighted_mean,6,synthetic
2021-06-21,MDA,20.724,16.124,25.824,33.63,61.65,3.673,country_area_weighted_mean,6,synthetic
2021-06-21,RUS,20.299,15.699,25.399,23.689,56.48,3.474,country_area_weighted_mean,6,synthetic
2021-06-21,TUR,22.74,18.14,27.84,36.636,65.95,3.733,country_area_weighted_mean,6,synthetic
2021-06-21,GEO,23.225,18.625,28.325,16.612,55.17,3.332,country_area_weighted_mean,6,synthetic
2021-06-21,ISR,22.341,17.741,27.441,27.321,58.72,3.546,country_area_weighted_mean,6,synthetic
2021-06-21,EGY,24.257,19.657,29.357,13.802,52.53,3.276,country_area_weighted_mean,6,synthetic
2021-06-21,TUN,22.805,18.205,27.905,16.45,54.06,3.329,country_area_weighted_mean,6,synthetic
2021-06-21,MAR,23.817,19.217,28.917,17.837,50.74,3.357,country_area_weighted_mean,6,synthetic
2021-06-28,FRA,23.751,19.151,28.851,11.941,54.27,3.239,country_area_weighted_mean,6,synthetic
2021-06-28,DEU,21.512,16.912,26.612,19.95,58.35,3.399,country_area_weighted_mean,6,synthetic
2021-06-28,NLD,19.516,14.916,24.616,28.103,66.59,3.562,country_area_weighted_mean,6,synthetic
2021-06-28,BEL,22.162,17.562,27.262,17.122,57.29,3.342,country_area_weighted_mean,6,synthetic
2021-06-28,ITA,25.117,20.517,30.217,22.11,55.11,3.442,country_area_weighted_mean,6,synthetic
2021-06-28,ESP,26.091,21.491,31.191,13.031,50.79,3.261,country_area_weighted_mean,6,synthetic
2021-06-28,POL,24.223,19.623,29.323,26.453,56.92,3.529,country_area_weighted_mean,6,synthetic
2021-06-28,HUN,23.474,18.874,28.574,13.167,58.25,3.263,country_area_weighted_mean,6,synthetic
2021-06-28,ROU,23.598,18.998,28.698,26.719,55.49,3.534,country_area_weighted_mean,6,synthetic
2021-06-28,BGR,23.716,19.116,28.816,22.816,57.4,3.456,country_area_weighted_mean,6,synthetic
2021-06-28,SRB,23.156,18.556,28.256,13.108,54.87,3.262,country_area_weighted_mean,6,synthetic
2021-06-28,UKR,24.547,19.947,29.647,19.984,61.49,3.4,country_area_weighted_mean,6,synthetic
2021-06-28,MDA,22.663,18.063,27.763,21.572,56.26,3.431,country_area_weighted_mean,6,synthetic
2021-06-28,RUS,22.834,18.234,27.934,18.37,56.66,3.367,country_area_weighted_mean,6,synthetic
2021-06-28,TUR,25.58,20.98,30.68,31.441,61.77,3.629,country_area_weighted_mean,6,synthetic
2021-06-28,GEO,24.617,20.017,29.717,12.246,55.66,3.245,country_area_weighted_mean,6,synthetic
2021-06-28,ISR,23.432,18.832,28.532,31.713,58.56,3.634,country_area_weighted_mean,6,synthetic
2021-06-28,EGY,26.111,21.511,31.211,18.562,56.33,3.371,country_area_weighted_mean,6,synthetic
2021-06-28,TUN,22.789,18.189,27.889,17.332,54.11,3.347,country_area_weighted_mean,6,synthetic
2021-06-28,MAR,25.031,20.431,30.131,15.464,49.44,3.309,country_area_weighted_mean,6,synthetic
2021-07-05,FRA,26.692,22.092,31.792,20.338,53.9,3.407,country_area_weighted_mean,6,synthetic
2021-07-05,DEU,24.306,19.706,29.406,29.937,64.4,3.599,country_area_weighted_mean,6,synthetic
2021-07-05,NLD,22.569,17.969,27.669,17.72,63.73,3.354,country_area_weighted_mean,6,synthetic
2021-07-05,BEL,21.633,17.033,26.733,18.859,59.54,3.377,country_area_weighted_mean,6,synthetic
2021-07-05,ITA,25.98,21.38,31.08,18.328,48.32,3.367,country_area_weighted_mean,6,synthetic
2021-07-05,ESP,26.924,22.324,32.024,18.321,53.45,3.366,country_area_weighted_mean,6,synthetic
2021-07-05,POL,24.757,20.157,29.857,20.205,55.76,3.404,country_area_weighted_mean,6,synthetic
2021-07-05,HUN,25.404,20.804,30.504,20.456,60.0,3.409,country_area_weighted_mean,6,synthetic
2021-07-05,ROU,23.601,19.001,28.701,44.056,52.96,3.881,country_area_weighted_mean,6,synthetic
2021-07-05,BGR,25.561,20.961,30.661,15.524,54.97,3.31,country_area_weighted_mean,6,synthetic
2021-07-05,SRB,24.87,20.27,29.97,14.821,51.25,3.296,country_area_weighted_mean,6,synthetic
2021-07-05,UKR,24.493,19.893,29.593,12.781,64.03,3.256,country_area_weighted_mean,6,synthetic
2021-07-05,MDA,23.624,19.024,28.724,19.261,56.14,3.385,country_area_weighted_mean,6,synthetic
2021-07-05,RUS,24.671,20.071,29.771,26.765,60.97,3.535,country_area_weighted_mean,6,synthetic
2021-07-05,TUR,26.817,22.217,31.917,22.631,56.67,3.453,country_area_weighted_mean,6,synthetic
2021-07-05,GEO,24.47,19.87,29.57,10.044,56.82,3.201,country_area_weighted_mean,6,synthetic
2021-07-05,ISR,23.963,19.363,29.063,23.142,60.98,3.463,country_area_weighted_mean,6,synthetic
2021-07-05,EGY,26.938,22.338,32.038,10.708,52.06,3.214,country_area_weighted_mean,6,synthetic
2021-07-05,TUN,24.961,20.361,30.061,17.863,53.49,3.357,country_area_weighted_mean,6,synthetic
2021-07-05,MAR,25.693,21.093,30.793,17.583,51.27,3.352,country_area_weighted_mean,6,synthetic
2021-07-12,FRA,28.82,24.22,33.92,18.121,53.62,3.362,country_area_weighted_mean,6,synthetic
2021-07-12,DEU,23.352,18.752,28.452,21.394,59.57,3.428,country_area_weighted_mean,6,synthetic
2021-07-12,NLD,22.391,17.791,27.491,27.415,62.54,3.548,country_area_weighted_mean,6,synthetic
2021-07-12,BEL,21.037,16.437,26.137,14.956,57.97,3.299,country_area_weighted_mean,6,synthetic
2021-07-12,ITA,27.142,22.542,32.242,11.406,52.11,3.228,country_area_weighted_mean,6,synthetic
2021-07-12,ESP,28.335,23.735,33.435,17.004,52.65,3.34,country_area_weighted_mean,6,synthetic
2021-07-12,POL,24.098,19.498,29.198,14.443,53.42,3.289,country_area_weighted_mean,6,synthetic
2021-07-12,HUN,25.896,21.296,30.996,28.882,61.67,3.578,country_area_weighted_mean,6,synthetic
2021-07-12,ROU,23.947,19.347,29.047,38.057,53.69,3.761,country_area_weighted_mean,6,synthetic
2021-07-12,BGR,26.03,21.43,31.13,20.707,54.78,3.414,country_area_weighted_mean,6,synthetic
2021-07-12,SRB,25.778,21.178,30.878,13.289,51.35,3.266,country_area_weighted_mean,6,synthetic
2021-07-12,UKR,23.972,19.372,29.072,24.81,63.71,3.496,country_area_weighted_mean,6,synthetic
2021-07-12,MDA,25.137,20.537,30.237,13.314,53.05,3.266,country_area_weighted_mean,6,synthetic
2021-07-12,RUS,24.911,20.311,30.011,24.893,57.21,3.498,country_area_weighted_mean,6,synthetic
2021-07-12,TUR,25.6,21.0,30.7,15.595,57.75,3.312,country_area_weighted_mean,6,synthetic
2021-07-12,GEO,24.329,19.729,29.429,14.912,53.47,3.298,country_area_weighted_mean,6,synthetic
2021-07-12,ISR,27.278,22.678,32.378,17.013,56.01,3.34,country_area_weighted_mean,6,synthetic
2021-07-12,EGY,26.794,22.194,31.894,16.178,53.58,3.324,country_area_weighted_mean,6,synthetic
2021-07-12,TUN,27.492,22.892,32.592,22.843,54.85,3.457,country_area_weighted_mean,6,synthetic
2021-07-12,MAR,25.597,20.997,30.697,15.21,56.34,3.304,country_area_weighted_mean,6,synthetic
2021-07-19,FRA,28.902,24.302,34.002,15.992,55.01,3.32,country_area_weighted_mean,6,synthetic
2021-07-19,DEU,25.584,20.984,30.684,22.829,53.94,3.457,country_area_weighted_mean,6,synthetic
2021-07-19,NLD,23.115,18.515,28.215,15.91,55.91,3.318,country_area_weighted_mean,6,synthetic
2021-07-19,BEL,22.712,18.112,27.812,19.301,50.73,3.386,country_area_weighted_mean,6,synthetic
2021-07-19,ITA,27.587,22.987,32.687,14.68,52.82,3.294,country_area_weighted_mean,6,synthetic
2021-07-19,ESP,28.239,23.639,33.339,14.841,51.97,3.297,country_area_weighted_mean,6,synthetic
2021-07-19,POL,24.95,20.35,30.05,14.748,53.87,3.295,country_area_weighted_mean,6,synthetic
2021-07-19,HUN,26.84,22.24,31.94,24.412,58.31,3.488,country_area_weighted_mean,6,synthetic
2021-07-19,ROU,25.955,21.355,31.055,21.717,54.63,3.434,country_area_weighted_mean,6,synthetic
2021-07-19,BGR,26.239,21.639,31.339,13.296,57.37,3.266,country_area_weighted_mean,6,synthetic
2021-07-19,SRB,24.932,20.332,30.032,22.017,58.55,3.44,country_area_weighted_mean,6,synthetic
2021-07-19,UKR,24.146,19.546,29.246,19.797,59.74,3.396,country_area_weighted_mean,6,synthetic
2021-07-19,MDA,25.564,20.964,30.664,19.123,55.01,3.382,country_area_weighted_mean,6,synthetic
2021-07-19,RUS,26.206,21.606,31.306,32.903,59.47,3.658,country_area_weighted_mean,6,synthetic
2021-07-19,TUR,27.712,23.112,32.812,14.933,55.03,3.299,country_area_weighted_mean,6,synthetic
2021-07-19,GEO,22.049,17.449,27.149,24.395,56.34,3.488,country_area_weighted_mean,6,synthetic
2021-07-19,ISR,28.016,23.416,33.116,19.586,58.63,3.392,country_area_weighted_mean,6,synthetic
2021-07-19,EGY,27.321,22.721,32.421,21.465,53.08,3.429,country_area_weighted_mean,6,synthetic
2021-07-19,TUN,27.232,22.632,32.332,25.848,54.23,3.517,country_area_weighted_mean,6,synthetic
2021-07-19,MAR,25.927,21.327,31.027,13.947,56.31,3.279,country_area_weighted_mean,6,synthetic
2021-07-26,FRA,27.645,23.045,32.745,17.306,52.37,3.346,country_area_weighted_mean,6,synthetic
2021-07-26,DEU,26.856,22.256,31.956,17.646,53.38,3.353,country_area_weighted_mean,6,synthetic
2021-07-26,NLD,24.96,20.36,30.06,14.859,54.74,3.297,country_area_weighted_mean,6,synthetic
2021-07-26,BEL,22.639,18.039,27.739,15.902,53.08,3.318,country_area_weighted_mean,6,synthetic
2021-07-26,ITA,28.416,23.816,33.516,13.221,52.48,3.264,country_area_weighted_mean,6,synthetic
2021-07-26,ESP,26.605,22.005,31.705,9.455,50.73,3.189,country_area_weighted_mean,6,synthetic
2021-07-26,POL,24.846,20.246,29.946,25.897,54.52,3.518,country_area_weighted_mean,6,synthetic
2021-07-26,HUN,26.393,21.793,31.493,15.604,54.49,3.312,country_area_weighted_mean,6,synthetic
2021-07-26,ROU,25.836,21.236,30.936,22.928,53.27,3.459,country_area_weighted_mean,6,synthetic
2021-07-26,BGR,27.504,22.904,32.604,12.517,53.49,3.25,country_area_weighted_mean,6,synthetic
2021-07-26,SRB,26.172,21.572,31.272,19.771,52.99,3.395,country_area_weighted_mean,6,synthetic
2021-07-26,UKR,25.908,21.308,31.008,17.665,58.07,3.353,country_area_weighted_mean,6,synthetic
2021-07-26,MDA,25.538,20.938,30.638,14.661,58.11,3.293,country_area_weighted_mean,6,synthetic
2021-07-26,RUS,24.194,19.594,29.294,20.822,53.14,3.416,country_area_weighted_mean,6,synthetic
2021-07-26,TUR,26.061,21.461,31.161,22.968,57.95,3.459,country_area_weighted_mean,6,synthetic
2021-07-26,GEO,24.579,19.979,29.679,19.045,56.48,3.381,country_area_weighted_mean,6,synthetic
2021-07-26,ISR,28.876,24.276,33.976,17.0,53.34,3.34,country_area_weighted_mean,6,synthetic
2021-07-26,EGY,30.297,25.697,35.397,13.783,52.42,3.276,country_area_weighted_mean,6,synthetic
2021-07-26,TUN,26.157,21.557,31.257,24.648,54.0,3.493,country_area_weighted_mean,6,synthetic
2021-07-26,MAR,23.736,19.136,28.836,24.727,55.86,3.495,country_area_weighted_mean,6,synthetic
2021-08-02,FRA,26.229,21.629,31.329,9.377,52.8,3.188,country_area_weighted_mean,6,synthetic
2021-08-02,DEU,23.995,19.395,29.095,20.077,54.57,3.402,country_area_weighted_mean,6,synthetic
2021-08-02,NLD,24.183,19.583,29.283,17.798,56.94,3.356,country_area_weighted_mean,6,synthetic
2021-08-02,BEL,23.046,18.446,28.146,30.434,62.66,3.609,country_area_weighted_mean,6,synthetic
2021-08-02,ITA,28.491,23.891,33.591,19.433,51.7,3.389,country_area_weighted_mean,6,synthetic
2021-08-02,ESP,26.619,22.019,31.719,8.642,47.11,3.173,country_area_weighted_mean,6,synthetic
2021-08-02,POL,25.039,20.439,30.139,19.404,58.08,3.388,country_area_weighted_mean,6,synthetic
2021-08-02,HUN,25.435,20.835,30.535,17.851,53.85,3.357,country_area_weighted_mean,6,synthetic
2021-08-02,ROU,23.575,18.975,28.675,22.954,56.02,3.459,country_area_weighted_mean,6,synthetic
2021-08-02,BGR,27.49,22.89,32.59,12.155,56.72,3.243,country_area_weighted_mean,6,synthetic
2021-08-02,SRB,26.701,22.101,31.801,21.104,51.77,3.422,country_area_weighted_mean,6,synthetic
2021-08-02,UKR,25.531,20.931,30.631,12.574,55.14,3.251,country_area_weighted_mean,6,synthetic
2021-08-02,MDA,27.856,23.256,32.956,11.285,60.22,3.226,country_area_weighted_mean,6,synthetic
2021-08-02,RUS,24.164,19.564,29.264,17.691,52.26,3.354,country_area_weighted_mean,6,synthetic
2021-08-02,TUR,28.07,23.47,33.17,10.965,52.16,3.219,country_area_weighted_mean,6,synthetic
2021-08-02,GEO,25.245,20.645,30.345,19.994,50.01,3.4,country_area_weighted_mean,6,synthetic
2021-08-02,ISR,28.093,23.493,33.193,16.53,51.5,3.331,country_area_weighted_mean,6,synthetic
2021-08-02,EGY,28.934,24.334,34.034,10.499,51.82,3.21,country_area_weighted_mean,6,synthetic
2021-08-02,TUN,26.904,22.304,32.004,21.527,54.15,3.431,country_area_weighted_mean,6,synthetic
2021-08-02,MAR,24.778,20.178,29.878,18.78,56.15,3.376,country_area_weighted_mean,6,synthetic
2021-08-09,FRA,24.672,20.072,29.772,20.117,53.51,3.402,country_area_weighted_mean,6,synthetic
2021-08-09,DEU,24.515,19.915,29.615,19.503,52.52,3.39,country_area_weighted_mean,6,synthetic
2021-08-09,NLD,24.122,19.522,29.222,13.34,55.65,3.267,country_area_weighted_mean,6,synthetic
2021-08-09,BEL,22.897,18.297,27.997,17.798,62.3,3.356,country_area_weighted_mean,6,synthetic
2021-08-09,ITA,27.624,23.024,32.724,10.689,56.05,3.214,country_area_weighted_mean,6,synthetic
2021-08-09,ESP,26.73,22.13,31.83,12.982,50.09,3.26,country_area_weighted_mean,6,synthetic
2021-08-09,POL,25.13,20.53,30.23,17.424,53.47,3.348,country_area_weighted_mean,6,synthetic
2021-08-09,HUN,24.355,19.755,29.455,13.237,60.32,3.265,country_area_weighted_mean,6,synthetic
2021-08-09,ROU,24.256,19.656,29.356,18.404,52.17,3.368,country_area_weighted_mean,6,synthetic
2021-08-09,BGR,24.517,19.917,29.617,17.469,56.92,3.349,country_area_weighted_mean,6,synthetic
2021-08-09,SRB,25.97,21.37,31.07,12.937,49.47,3.259,country_area_weighted_mean,6,synthetic
2021-08-09,UKR,24.777,20.177,29.877,11.761,53.24,3.235,country_area_weighted_mean,6,synthetic
2021-08-09,MDA,26.875,22.275,31.975,14.111,53.2,3.282,country_area_weighted_mean,6,synthetic
2021-08-09,RUS,24.009,19.409,29.109,17.665,52.64,3.353,country_area_weighted_mean,6,synthetic
2021-08-09,TUR,25.852,21.252,30.952,10.555,53.37,3.211,country_area_weighted_mean,6,synthetic
2021-08-09,GEO,25.629,21.029,30.729,19.578,49.74,3.392,country_area_weighted_mean,6,synthetic
2021-08-09,ISR,26.816,22.216,31.916,10.881,51.59,3.218,country_area_weighted_mean,6,synthetic
2021-08-09,EGY,29.425,24.825,34.525,8.094,52.01,3.162,country_area_weighted_mean,6,synthetic
2021-08-09,TUN,25.037,20.437,30.137,15.485,50.61,3.31,country_area_weighted_mean,6,synthetic
2021-08-09,MAR,26.508,21.908,31.608,18.146,54.65,3.363,country_area_weighted_mean,6,synthetic
2021-08-16,FRA,24.795,20.195,29.895,18.594,54.77,3.372,country_area_weighted_mean,6,synthetic
2021-08-16,DEU,22.574,17.974,27.674,16.539,54.49,3.331,country_area_weighted_mean,6,synthetic
2021-08-16,NLD,24.399,19.799,29.499,32.555,54.95,3.651,country_area_weighted_mean,6,synthetic
2021-08-16,BEL,22.64,18.04,27.74,25.116,60.98,3.502,country_area_weighted_mean,6,synthetic
2021-08-16,ITA,25.791,21.191,30.891,24.592,56.78,3.492,country_area_weighted_mean,6,synthetic
2021-08-16,ESP,27.902,23.302,33.002,13.401,50.06,3.268,country_area_weighted_mean,6,synthetic
2021-08-16,POL,24.287,19.687,29.387,14.831,54.02,3.297,country_area_weighted_mean,6,synthetic
2021-08-16,HUN,23.468,18.868,28.568,14.816,58.34,3.296,country_area_weighted_mean,6,synthetic
2021-08-16,ROU,24.415,19.815,29.515,18.205,50.28,3.364,country_area_weighted_mean,6,synthetic
2021-08-16,BGR,25.33,20.73,30.43,14.895,55.43,3.298,country_area_weighted_mean,6,synthetic
2021-08-16,SRB,24.827,20.227,29.927,18.958,56.42,3.379,country_area_weighted_mean,6,synthetic
2021-08-16,UKR,22.086,17.486,27.186,17.722,58.16,3.354,country_area_weighted_mean,6,synthetic
2021-08-16,MDA,26.874,22.274,31.974,19.236,55.96,3.385,country_area_weighted_mean,6,synthetic
2021-08-16,RUS,22.793,18.193,27.893,13.87,56.99,3.277,country_area_weighted_mean,6,synthetic
2021-08-16,TUR,25.806,21.206,30.906,11.489,56.72,3.23,country_area_weighted_mean,6,synthetic
2021-08-16,GEO,23.589,18.989,28.689,17.71,49.66,3.354,country_area_weighted_mean,6,synthetic
2021-08-16,ISR,25.34,20.74,30.44,18.44,57.21,3.369,country_area_weighted_mean,6,synthetic
2021-08-16,EGY,29.834,25.234,34.934,10.282,51.0,3.206,country_area_weighted_mean,6,synthetic
2021-08-16,TUN,26.297,21.697,31.397,9.213,51.08,3.184,country_area_weighted_mean,6,synthetic
2021-08-16,MAR,26.683,22.083,31.783,12.044,50.02,3.241,country_area_weighted_mean,6,synthetic
2021-08-23,FRA,22.073,17.473,27.173,19.391,59.78,3.388,country_area_weighted_mean,6,synthetic
2021-08-23,DEU,22.382,17.782,27.482,14.723,54.1,3.294,country_area_weighted_mean,6,synthetic
2021-08-23,NLD,24.547,19.947,29.647,14.57,52.77,3.291,country_area_weighted_mean,6,synthetic
2021-08-23,BEL,22.127,17.527,27.227,26.85,62.52,3.537,country_area_weighted_mean,6,synthetic
2021-08-23,ITA,26.178,21.578,31.278,13.744,54.79,3.275,country_area_weighted_mean,6,synthetic
2021-08-23,ESP,27.235,22.635,32.335,13.21,49.01,3.264,country_area_weighted_mean,6,synthetic
2021-08-23,POL,24.122,19.522,29.222,16.916,55.0,3.338,country_area_weighted_mean,6,synthetic
2021-08-23,HUN,22.353,17.753,27.453,18.225,59.07,3.364,country_area_weighted_mean,6,synthetic
2021-08-23,ROU,22.908,18.308,28.008,18.893,54.6,3.378,country_area_weighted_mean,6,synthetic
2021-08-23,BGR,25.992,21.392,31.092,20.463,57.9,3.409,country_area_weighted_mean,6,synthetic
2021-08-23,SRB,23.641,19.041,28.741,23.831,52.81,3.477,country_area_weighted_mean,6,synthetic
2021-08-23,UKR,21.888,17.288,26.988,19.205,56.0,3.384,country_area_weighted_mean,6,synthetic
2021-08-23,MDA,25.235,20.635,30.335,17.424,51.3,3.348,country_area_weighted_mean,6,synthetic
2021-08-23,RUS,22.26,17.66,27.36,12.192,57.69,3.244,country_area_weighted_mean,6,synthetic
2021-08-23,TUR,25.257,20.657,30.357,13.628,58.02,3.273,country_area_weighted_mean,6,synthetic
2021-08-23,GEO,23.323,18.723,28.423,16.257,47.36,3.325,country_area_weighted_mean,6,synthetic
2021-08-23,ISR,23.929,19.329,29.029,22.958,53.88,3.459,country_area_weighted_mean,6,synthetic
2021-08-23,EGY,29.882,25.282,34.982,9.941,52.12,3.199,country_area_weighted_mean,6,synthetic
2021-08-23,TUN,23.291,18.691,28.391,4.813,51.2,3.096,country_area_weighted_mean,6,synthetic
2021-08-23,MAR,25.32,20.72,30.42,18.323,58.6,3.366,country_area_weighted_mean,6,synthetic
2021-08-30,FRA,21.877,17.277,26.977,12.248,61.09,3.245,country_area_weighted_mean,6,synthetic
2021-08-30,DEU,22.384,17.784,27.484,13.967,55.66,3.279,country_area_weighted_mean,6,synthetic
2021-08-30,NLD,25.238,20.638,30.338,11.475,57.08,3.229,country_area_weighted_mean,6,synthetic
2021-08-30,BEL,21.13,16.53,26.23,21.616,62.69,3.432,country_area_weighted_mean,6,synthetic
2021-08-30,ITA,24.998,20.398,30.098,19.334,59.08,3.387,country_area_weighted_mean,6,synthetic
2021-08-30,ESP,24.427,19.827,29.527,13.493,50.8,3.27,country_area_weighted_mean,6,synthetic
2021-08-30,POL,22.766,18.166,27.866,19.225,58.91,3.385,country_area_weighted_mean,6,synthetic
2021-08-30,HUN,21.518,16.918,26.618,12.164,59.77,3.243,country_area_weighted_mean,6,synthetic
2021-08-30,ROU,21.782,17.182,26.882,19.617,56.82,3.392,country_area_weighted_mean,6,synthetic
2021-08-30,BGR,26.653,22.053,31.753,18.608,57.87,3.372,country_area_weighted_mean,6,synthetic
2021-08-30,SRB,21.923,17.323,27.023,22.17,55.23,3.443,country_area_weighted_mean,6,synthetic
2021-08-30,UKR,23.026,18.426,28.126,18.928,56.56,3.379,country_area_weighted_mean,6,synthetic
2021-08-30,MDA,24.059,19.459,29.159,16.523,48.38,3.33,country_area_weighted_mean,6,synthetic
2021-08-30,RUS,22.433,17.833,27.533,15.193,54.99,3.304,country_area_weighted_mean,6,synthetic
2021-08-30,TUR,26.686,22.086,31.786,16.321,55.19,3.326,country_area_weighted_mean,6,synthetic
2021-08-30,GEO,25.391,20.791,30.491,10.088,51.34,3.202,country_area_weighted_mean,6,synthetic
2021-08-30,ISR,24.145,19.545,29.245,19.218,54.33,3.384,country_area_weighted_mean,6,synthetic
2021-08-30,EGY,29.822,25.222,34.922,14.178,52.36,3.284,country_area_weighted_mean,6,synthetic
2021-08-30,TUN,24.203,19.603,29.303,5.942,48.1,3.119,country_area_weighted_mean,6,synthetic
2021-08-30,MAR,27.625,23.025,32.725,19.123,56.68,3.382,country_area_weighted_mean,6,synthetic
2021-09-06,FRA,19.866,15.266,24.966,17.105,55.51,3.342,country_area_weighted_mean,6,synthetic
2021-09-06,DEU,20.866,16.266,25.966,13.453,57.57,3.269,country_area_weighted_mean,6,synthetic
2021-09-06,NLD,23.573,18.973,28.673,21.886,62.75,3.438,country_area_weighted_mean,6,synthetic
2021-09-06,BEL,21.241,16.641,26.341,19.768,61.35,3.395,country_area_weighted_mean,6,synthetic
2021-09-06,ITA,24.518,19.918,29.618,22.117,60.42,3.442,country_area_weighted_mean,6,synthetic
2021-09-06,ESP,22.203,17.603,27.303,8.555,54.99,3.171,country_area_weighted_mean,6,synthetic
2021-09-06,POL,19.599,14.999,24.699,14.714,57.51,3.294,country_area_weighted_mean,6,synthetic
2021-09-06,HUN,21.711,17.111,26.811,14.53,60.94,3.291,country_area_weighted_mean,6,synthetic
2021-09-06,ROU,19.712,15.112,24.812,17.313,55.38,3.346,country_area_weighted_mean,6,synthetic
2021-09-06,BGR,23.867,19.267,28.967,34.956,59.3,3.699,country_area_weighted_mean,6,synthetic
2021-09-06,SRB,19.0,14.4,24.1,23.539,59.38,3.471,country_area_weighted_mean,6,synthetic
2021-09-06,UKR,23.482,18.882,28.582,32.018,56.12,3.64,country_area_weighted_mean,6,synthetic
2021-09-06,MDA,22.261,17.661,27.361,10.352,55.09,3.207,country_area_weighted_mean,6,synthetic
2021-09-06,RUS,20.929,16.329,26.029,9.746,52.9,3.195,country_area_weighted_mean,6,synthetic
2021-09-06,TUR,23.377,18.777,28.477,20.979,63.19,3.42,country_area_weighted_mean,6,synthetic
2021-09-06,GEO,24.468,19.868,29.568,14.91,50.39,3.298,country_area_weighted_mean,6,synthetic
2021-09-06,ISR,21.196,16.596,26.296,8.88,53.24,3.178,country_area_weighted_mean,6,synthetic
2021-09-06,EGY,28.029,23.429,33.129,8.021,54.48,3.16,country_area_weighted_mean,6,synthetic
2021-09-06,TUN,24.397,19.797,29.497,8.353,46.45,3.167,country_area_weighted_mean,6,synthetic
2021-09-06,MAR,25.416,20.816,30.516,14.936,55.14,3.299,country_area_weighted_mean,6,synthetic
2021-09-13,FRA,18.187,13.587,23.287,22.126,60.79,3.443,country_area_weighted_mean,6,synthetic
2021-09-13,DEU,20.506,15.906,25.606,26.521,62.64,3.53,country_area_weighted_mean,6,synthetic
2021-09-13,NLD,20.866,16.266,25.966,32.21,64.65,3.644,country_area_weighted_mean,6,synthetic
2021-09-13,BEL,19.493,14.893,24.593,20.265,63.06,3.405,country_area_weighted_mean,6,synthetic
2021-09-13,ITA,24.384,19.784,29.484,19.649,58.46,3.393,country_area_weighted_mean,6,synthetic
2021-09-13,ESP,21.313,16.713,26.413,11.219,54.58,3.224,country_area_weighted_mean,6,synthetic
2021-09-13,POL,19.114,14.514,24.214,16.891,57.48,3.338,country_area_weighted_mean,6,synthetic
2021-09-13,HUN,19.935,15.335,25.035,11.428,61.6,3.229,country_area_weighted_mean,6,synthetic
2021-09-13,ROU,18.471,13.871,23.571,14.816,53.08,3.296,country_area_weighted_mean,6,synthetic
2021-09-13,BGR,22.69,18.09,27.79,27.56,58.17,3.551,country_area_weighted_mean,6,synthetic
2021-09-13,SRB,18.19,13.59,23.29,13.707,59.78,3.274,country_area_weighted_mean,6,synthetic
2021-09-13,UKR,19.322,14.722,24.422,37.964,60.71,3.759,country_area_weighted_mean,6,synthetic
2021-09-13,MDA,19.37,14.77,24.47,20.575,58.69,3.412,country_area_weighted_mean,6,synthetic
2021-09-13,RUS,17.718,13.118,22.818,14.813,59.32,3.296,country_area_weighted_mean,6,synthetic
2021-09-13,TUR,23.605,19.005,28.705,14.831,57.86,3.297,country_area_weighted_mean,6,synthetic
2021-09-13,GEO,23.16,18.56,28.26,24.245,57.56,3.485,country_area_weighted_mean,6,synthetic
2021-09-13,ISR,21.609,17.009,26.709,15.521,58.29,3.31,country_area_weighted_mean,6,synthetic
2021-09-13,EGY,26.315,21.715,31.415,11.124,57.35,3.222,country_area_weighted_mean,6,synthetic
2021-09-13,TUN,24.186,19.586,29.286,8.305,49.17,3.166,country_area_weighted_mean,6,synthetic
2021-09-13,MAR,24.271,19.671,29.371,16.383,56.12,3.328,country_area_weighted_mean,6,synthetic
2021-09-20,FRA,14.54,9.94,19.64,9.986,57.03,3.2,country_area_weighted_mean,6,synthetic
2021-09-20,DEU,18.974,14.374,24.074,23.78,67.92,3.476,country_area_weighted_mean,6,synthetic
2021-09-20,NLD,18.794,14.194,23.894,32.108,63.73,3.642,country_area_weighted_mean,6,synthetic
2021-09-20,BEL,17.791,13.191,22.891,15.584,57.51,3.312,country_area_weighted_mean,6,synthetic
2021-09-20,ITA,22.98,18.38,28.08,13.546,56.2,3.271,country_area_weighted_mean,6,synthetic
2021-09-20,ESP,19.117,14.517,24.217,13.259,48.63,3.265,country_area_weighted_mean,6,synthetic
2021-09-20,POL,15.98,11.38,21.08,12.451,53.86,3.249,country_area_weighted_mean,6,synthetic
2021-09-20,HUN,19.837,15.237,24.937,7.932,52.92,3.159,country_area_weighted_mean,6,synthetic
2021-09-20,ROU,17.237,12.637,22.337,18.499,60.33,3.37,country_area_weighted_mean,6,synthetic
2021-09-20,BGR,20.161,15.561,25.261,22.226,64.53,3.445,country_area_weighted_mean,6,synthetic
2021-09-20,SRB,19.769,15.169,24.869,16.232,56.6,3.325,country_area_weighted_mean,6,synthetic
2021-09-20,UKR,16.424,11.824,21.524,22.249,59.56,3.445,country_area_weighted_mean,6,synthetic
2021-09-20,MDA,15.412,10.812,20.512,14.24,56.07,3.285,country_area_weighted_mean,6,synthetic
2021-09-20,RUS,17.688,13.088,22.788,16.887,59.93,3.338,country_area_weighted_mean,6,synthetic
2021-09-20,TUR,21.83,17.23,26.93,14.08,58.21,3.282,country_area_weighted_mean,6,synthetic
2021-09-20,GEO,20.895,16.295,25.995,16.461,51.97,3.329,country_area_weighted_mean,6,synthetic
2021-09-20,ISR,21.96,17.36,27.06,17.261,60.59,3.345,country_area_weighted_mean,6,synthetic
2021-09-20,EGY,23.007,18.407,28.107,11.766,56.38,3.235,country_area_weighted_mean,6,synthetic
2021-09-20,TUN,20.599,15.999,25.699,13.612,56.13,3.272,country_area_weighted_mean,6,synthetic
2021-09-20,MAR,23.261,18.661,28.361,13.396,56.7,3.268,country_area_weighted_mean,6,synthetic
2021-09-27,FRA,13.264,8.664,18.364,14.036,58.91,3.281,country_area_weighted_mean,6,synthetic
2021-09-27,DEU,17.066,12.466,22.166,25.687,65.46,3.514,country_area_weighted_mean,6,synthetic
2021-09-27,NLD,15.597,10.997,20.697,22.285,57.21,3.446,country_area_weighted_mean,6,synthetic
2021-09-27,BEL,14.945,10.345,20.045,13.249,60.91,3.265,country_area_weighted_mean,6,synthetic
2021-09-27,ITA,21.162,16.562,26.262,13.598,60.14,3.272,country_area_weighted_mean,6,synthetic
2021-09-27,ESP,19.267,14.667,24.367,24.917,56.7,3.498,country_area_weighted_mean,6,synthetic
2021-09-27,POL,13.479,8.879,18.579,8.513,54.61,3.17,country_area_weighted_mean,6,synthetic
2021-09-27,HUN,18.812,14.212,23.912,12.834,59.8,3.257,country_area_weighted_mean,6,synthetic
2021-09-27,ROU,15.527,10.927,20.627,18.771,57.82,3.375,country_area_weighted_mean,6,synthetic
2021-09-27,BGR,17.459,12.859,22.559,37.108,67.46,3.742,country_area_weighted_mean,6,synthetic
2021-09-27,SRB,17.541,12.941,22.641,11.761,55.31,3.235,country_area_weighted_mean,6,synthetic
2021-09-27,UKR,14.239,9.639,19.339,25.603,62.32,3.512,country_area_weighted_mean,6,synthetic
2021-09-27,MDA,15.08,10.48,20.18,21.295,59.05,3.426,country_area_weighted_mean,6,synthetic
2021-09-27,RUS,16.665,12.065,21.765,18.303,63.33,3.366,country_area_weighted_mean,6,synthetic
2021-09-27,TUR,21.257,16.657,26.357,19.222,56.53,3.384,country_area_weighted_mean,6,synthetic
2021-09-27,GEO,18.677,14.077,23.777,17.188,57.75,3.344,country_area_weighted_mean,6,synthetic
2021-09-27,ISR,22.094,17.494,27.194,14.062,54.12,3.281,country_area_weighted_mean,6,synthetic
2021-09-27,EGY,23.403,18.803,28.503,24.935,59.5,3.499,country_area_weighted_mean,6,synthetic
2021-09-27,TUN,22.351,17.751,27.451,8.842,49.98,3.177,country_area_weighted_mean,6,synthetic
2021-09-27,MAR,21.805,17.205,26.905,19.297,56.99,3.386,country_area_weighted_mean,6,synthetic
2021-10-04,FRA,12.374,7.774,17.474,20.957,62.2,3.419,country_area_weighted_mean,6,synthetic
2021-10-04,DEU,15.438,10.838,20.538,19.838,63.94,3.397,country_area_weighted_mean,6,synthetic
2021-10-04,NLD,14.879,10.279,19.979,21.771,57.94,3.435,country_area_weighted_mean,6,synthetic
2021-10-04,BEL,10.593,5.993,15.693,19.136,65.69,3.383,country_area_weighted_mean,6,synthetic
2021-10-04,ITA,18.845,14.245,23.945,12.172,56.72,3.243,country_area_weighted_mean,6,synthetic
2021-10-04,ESP,17.756,13.156,22.856,16.083,54.75,3.322,country_area_weighted_mean,6,synthetic
2021-10-04,POL,14.591,9.991,19.691,9.178,55.3,3.184,country_area_weighted_mean,6,synthetic
2021-10-04,HUN,14.682,10.082,19.782,15.125,57.45,3.303,country_area_weighted_mean,6,synthetic
2021-10-04,ROU,13.663,9.063,18.763,33.137,60.01,3.663,country_area_weighted_mean,6,synthetic
2021-10-04,BGR,15.569,10.969,20.669,20.022,59.97,3.4,country_area_weighted_mean,6,synthetic
2021-10-04,SRB,15.881,11.281,20.981,9.522,54.91,3.19,country_area_weighted_mean,6,synthetic
2021-10-04,UKR,12.805,8.205,17.905,23.261,58.68,3.465,country_area_weighted_mean,6,synthetic
2021-10-04,MDA,12.704,8.104,17.804,11.447,57.84,3.229,country_area_weighted_mean,6,synthetic
2021-10-04,RUS,14.928,10.328,20.028,21.828,63.75,3.437,country_area_weighted_mean,6,synthetic
2021-10-04,TUR,18.096,13.496,23.196,14.892,60.12,3.298,country_area_weighted_mean,6,synthetic
2021-10-04,GEO,19.129,14.529,24.229,16.049,55.1,3.321,country_area_weighted_mean,6,synthetic
2021-10-04,ISR,21.524,16.924,26.624,16.919,52.0,3.338,country_area_weighted_mean,6,synthetic
2021-10-04,EGY,21.779,17.179,26.879,36.633,61.02,3.733,country_area_weighted_mean,6,synthetic
2021-10-04,TUN,21.036,16.436,26.136,16.875,53.97,3.337,country_area_weighted_mean,6,synthetic
2021-10-04,MAR,19.107,14.507,24.207,19.617,57.56,3.392,country_area_weighted_mean,6,synthetic
2021-10-11,FRA,8.093,3.493,13.193,16.827,63.76,3.337,country_area_weighted_mean,6,synthetic
2021-10-11,DEU,13.353,8.753,18.453,21.36,58.76,3.427,country_area_weighted_mean,6,synthetic
2021-10-11,NLD,11.106,6.506,16.206,18.058,60.75,3.361,country_area_weighted_mean,6,synthetic
2021-10-11,BEL,10.261,5.661,15.361,15.044,65.94,3.301,country_area_weighted_mean,6,synthetic
2021-10-11,ITA,16.845,12.245,21.945,16.183,61.84,3.324,country_area_weighted_mean,6,synthetic
2021-10-11,ESP,17.635,13.035,22.735,28.917,60.98,3.578,country_area_weighted_mean,6,synthetic
2021-10-11,POL,12.088,7.488,17.188,10.233,58.4,3.205,country_area_weighted_mean,6,synthetic
2021-10-11,HUN,12.782,8.182,17.882,22.396,57.8,3.448,country_area_weighted_mean,6,synthetic
2021-10-11,ROU,14.975,10.375,20.075,22.387,58.55,3.448,country_area_weighted_mean,6,synthetic
2021-10-11,BGR,14.43,9.83,19.53,14.143,55.67,3.283,country_area_weighted_mean,6,synthetic
2021-10-11,SRB,15.697,11.097,20.797,12.512,55.36,3.25,country_area_weighted_mean,6,synthetic
2021-10-11,UKR,8.184,3.584,13.284,29.993,61.92,3.6,country_area_weighted_mean,6,synthetic
2021-10-11,MDA,10.268,5.668,15.368,19.159,61.63,3.383,country_area_weighted_mean,6,synthetic
2021-10-11,RUS,12.88,8.28,17.98,23.396,61.8,3.468,country_area_weighted_mean,6,synthetic
2021-10-11,TUR,15.994,11.394,21.094,19.717,57.31,3.394,country_area_weighted_mean,6,synthetic
2021-10-11,GEO,17.043,12.443,22.143,26.518,64.43,3.53,country_area_weighted_mean,6,synthetic
2021-10-11,ISR,21.553,16.953,26.653,14.841,51.13,3.297,country_area_weighted_mean,6,synthetic
2021-10-11,EGY,19.512,14.912,24.612,15.131,56.32,3.303,country_area_weighted_mean,6,synthetic
2021-10-11,TUN,19.447,14.847,24.547,14.846,51.1,3.297,country_area_weighted_mean,6,synthetic
2021-10-11,MAR,18.993,14.393,24.093,28.592,64.01,3.572,country_area_weighted_mean,6,synthetic
2021-10-18,FRA,8.662,4.062,13.762,14.891,58.54,3.298,country_area_weighted_mean,6,synthetic
2021-10-18,DEU,9.878,5.278,14.978,19.347,59.44,3.387,country_area_weighted_mean,6,synthetic
2021-10-18,NLD,8.162,3.562,13.262,11.732,60.79,3.235,country_area_weighted_mean,6,synthetic
2021-10-18,BEL,9.274,4.674,14.374,27.873,65.37,3.557,country_area_weighted_mean,6,synthetic
2021-10-18,ITA,14.212,9.612,19.312,26.61,63.06,3.532,country_area_weighted_mean,6,synthetic
2021-10-18,ESP,16.88,12.28,21.98,25.78,64.58,3.516,country_area_weighted_mean,6,synthetic
2021-10-18,POL,10.553,5.953,15.653,17.917,60.62,3.358,country_area_weighted_mean,6,synthetic
2021-10-18,HUN,11.468,6.868,16.568,35.99,61.39,3.72,country_area_weighted_mean,6,synthetic
2021-10-18,ROU,12.692,8.092,17.792,21.157,64.73,3.423,country_area_weighted_mean,6,synthetic
2021-10-18,BGR,14.183,9.583,19.283,14.695,58.63,3.294,country_area_weighted_mean,6,synthetic
2021-10-18,SRB,16.215,11.615,21.315,17.209,55.55,3.344,country_area_weighted_mean,6,synthetic
2021-10-18,UKR,5.824,1.224,10.924,19.238,60.89,3.385,country_area_weighted_mean,6,synthetic
2021-10-18,MDA,8.888,4.288,13.988,25.358,63.88,3.507,country_area_weighted_mean,6,synthetic
2021-10-18,RUS,11.299,6.699,16.399,31.962,64.88,3.639,country_area_weighted_mean,6,synthetic
2021-10-18,TUR,14.833,10.233,19.933,14.672,58.98,3.293,country_area_weighted_mean,6,synthetic
2021-10-18,GEO,15.974,11.374,21.074,24.078,59.92,3.482,country_area_weighted_mean,6,synthetic
2021-10-18,ISR,19.094,14.494,24.194,16.291,57.05,3.326,country_area_weighted_mean,6,synthetic
2021-10-18,EGY,18.14,13.54,23.24,16.497,58.94,3.33,country_area_weighted_mean,6,synthetic
2021-10-18,TUN,15.807,11.207,20.907,7.922,53.84,3.158,country_area_weighted_mean,6,synthetic
2021-10-18,MAR,16.374,11.774,21.474,19.656,60.95,3.393,country_area_weighted_mean,6,synthetic
2021-10-25,FRA,6.424,1.824,11.524,13.702,58.52,3.274,country_area_weighted_mean,6,synthetic
2021-10-25,DEU,8.168,3.568,13.268,18.919,63.43,3.378,country_area_weighted_mean,6,synthetic
2021-10-25,NLD,7.498,2.898,12.598,18.756,61.09,3.375,country_area_weighted_mean,6,synthetic
2021-10-25,BEL,6.952,2.352,12.052,39.412,74.0,3.788,country_area_weighted_mean,6,synthetic
2021-10-25,ITA,12.43,7.83,17.53,21.458,64.52,3.429,country_area_weighted_mean,6,synthetic
2021-10-25,ESP,16.241,11.641,21.341,19.427,61.15,3.389,country_area_weighted_mean,6,synthetic
2021-10-25,POL,9.367,4.767,14.467,18.286,65.18,3.366,country_area_weighted_mean,6,synthetic
2021-10-25,HUN,10.078,5.478,15.178,35.739,66.35,3.715,country_area_weighted_mean,6,synthetic
2021-10-25,ROU,8.898,4.298,13.998,35.984,68.4,3.72,country_area_weighted_mean,6,synthetic
2021-10-25,BGR,11.718,7.118,16.818,15.079,56.42,3.302,country_area_weighted_mean,6,synthetic
2021-10-25,SRB,14.538,9.938,19.638,15.934,58.19,3.319,country_area_weighted_mean,6,synthetic
2021-10-25,UKR,6.047,1.447,11.147,25.946,63.5,3.519,country_area_weighted_mean,6,synthetic
2021-10-25,MDA,8.125,3.525,13.225,26.422,60.54,3.528,country_area_weighted_mean,6,synthetic
2021-10-25,RUS,8.949,4.349,14.049,22.65,60.79,3.453,country_area_weighted_mean,6,synthetic
2021-10-25,TUR,13.026,8.426,18.126,13.366,58.77,3.267,country_area_weighted_mean,6,synthetic
2021-10-25,GEO,15.047,10.447,20.147,24.743,61.19,3.495,country_area_weighted_mean,6,synthetic
2021-10-25,ISR,16.905,12.305,22.005,10.923,57.47,3.218,country_area_weighted_mean,6,synthetic
2021-10-25,EGY,17.027,12.427,22.127,13.484,57.9,3.27,country_area_weighted_mean,6,synthetic
2021-10-25,TUN,13.796,9.196,18.896,9.415,62.35,3.188,country_area_weighted_mean,6,synthetic
2021-10-25,MAR,16.199,11.599,21.299,24.227,57.38,3.485,country_area_weighted_mean,6,synthetic
2021-11-01,FRA,5.485,0.885,10.585,15.092,59.98,3.302,country_area_weighted_mean,6,synthetic
2021-11-01,DEU,5.395,0.795,10.495,19.878,63.0,3.398,country_area_weighted_mean,6,synthetic
2021-11-01,NLD,6.141,1.541,11.241,13.865,62.47,3.277,country_area_weighted_mean,6,synthetic
2021-11-01,BEL,6.348,1.748,11.448,26.007,65.45,3.52,country_area_weighted_mean,6,synthetic
2021-11-01,ITA,11.237,6.637,16.337,23.762,60.09,3.475,country_area_weighted_mean,6,synthetic
2021-11-01,ESP,13.722,9.122,18.822,22.286,60.18,3.446,country_area_weighted_mean,6,synthetic
2021-11-01,POL,9.732,5.132,14.832,22.633,64.15,3.453,country_area_weighted_mean,6,synthetic
2021-11-01,HUN,7.295,2.695,12.395,40.564,68.24,3.811,country_area_weighted_mean,6,synthetic
2021-11-01,ROU,6.559,1.959,11.659,21.311,66.71,3.426,country_area_weighted_mean,6,synthetic
2021-11-01,BGR,9.437,4.837,14.537,21.155,62.26,3.423,country_area_weighted_mean,6,synthetic
2021-11-01,SRB,9.498,4.898,14.598,18.823,57.37,3.376,country_area_weighted_mean,6,synthetic
2021-11-01,UKR,7.7,3.1,12.8,25.02,62.71,3.5,country_area_weighted_mean,6,synthetic
2021-11-01,MDA,7.65,3.05,12.75,21.79,57.77,3.436,country_area_weighted_mean,6,synthetic
2021-11-01,RUS,5.795,1.195,10.895,22.419,61.11,3.448,country_area_weighted_mean,6,synthetic
2021-11-01,TUR,11.248,6.648,16.348,22.201,57.78,3.444,country_area_weighted_mean,6,synthetic
2021-11-01,GEO,10.791,6.191,15.891,27.67,63.96,3.553,country_area_weighted_mean,6,synthetic
2021-11-01,ISR,16.621,12.021,21.721,28.263,59.5,3.565,country_area_weighted_mean,6,synthetic
2021-11-01,EGY,15.767,11.167,20.867,25.203,59.51,3.504,country_area_weighted_mean,6,synthetic
2021-11-01,TUN,12.553,7.953,17.653,17.19,59.29,3.344,country_area_weighted_mean,6,synthetic
2021-11-01,MAR,15.273,10.673,20.373,20.972,62.47,3.419,country_area_weighted_mean,6,synthetic
2021-11-08,FRA,6.205,1.605,11.305,23.603,62.91,3.472,country_area_weighted_mean,6,synthetic
2021-11-08,DEU,2.442,-2.158,7.542,25.385,65.21,3.508,country_area_weighted_mean,6,synthetic
2021-11-08,NLD,5.359,0.759,10.459,29.124,65.11,3.582,country_area_weighted_mean,6,synthetic
2021-11-08,BEL,1.938,-2.662,7.038,27.573,68.42,3.551,country_area_weighted_mean,6,synthetic
2021-11-08,ITA,8.529,3.929,13.629,14.959,55.95,3.299,country_area_weighted_mean,6,synthetic
2021-11-08,ESP,11.119,6.519,16.219,20.791,62.68,3.416,country_area_weighted_mean,6,synthetic
2021-11-08,POL,6.293,1.693,11.393,24.787,70.65,3.496,country_area_weighted_mean,6,synthetic
2021-11-08,HUN,6.7,2.1,11.8,39.341,71.23,3.787,country_area_weighted_mean,6,synthetic
2021-11-08,ROU,5.395,0.795,10.495,27.676,71.29,3.554,country_area_weighted_mean,6,synthetic
2021-11-08,BGR,7.645,3.045,12.745,11.973,58.64,3.239,country_area_weighted_mean,6,synthetic
2021-11-08,SRB,6.913,2.313,12.013,26.921,56.43,3.538,country_area_weighted_mean,6,synthetic
2021-11-08,UKR,6.294,1.694,11.394,16.19,64.29,3.324,country_area_weighted_mean,6,synthetic
2021-11-08,MDA,7.198,2.598,12.298,24.242,63.7,3.485,country_area_weighted_mean,6,synthetic
2021-11-08,RUS,4.13,-0.47,9.23,29.344,66.86,3.587,country_area_weighted_mean,6,synthetic
2021-11-08,TUR,10.693,6.093,15.793,30.204,59.36,3.604,country_area_weighted_mean,6,synthetic
2021-11-08,GEO,10.105,5.505,15.205,20.893,62.45,3.418,country_area_weighted_mean,6,synthetic
2021-11-08,ISR,14.331,9.731,19.431,18.713,56.73,3.374,country_area_weighted_mean,6,synthetic
2021-11-08,EGY,17.353,12.753,22.453,19.162,56.02,3.383,country_area_weighted_mean,6,synthetic
2021-11-08,TUN,11.327,6.727,16.427,13.442,61.79,3.269,country_area_weighted_mean,6,synthetic
2021-11-08,MAR,13.18,8.58,18.28,24.73,63.02,3.495,country_area_weighted_mean,6,synthetic
2021-11-15,FRA,4.508,-0.092,9.608,25.862,65.84,3.517,country_area_weighted_mean,6,synthetic
2021-11-15,DEU,0.887,-3.713,5.987,33.494,68.23,3.67,country_area_weighted_mean,6,synthetic
2021-11-15,NLD,1.692,-2.908,6.792,38.728,68.18,3.775,country_area_weighted_mean,6,synthetic
2021-11-15,BEL,-0.265,-4.865,4.835,22.787,67.69,3.456,country_area_weighted_mean,6,synthetic
2021-11-15,ITA,6.423,1.823,11.523,16.943,50.96,3.339,country_area_weighted_mean,6,synthetic
2021-11-15,ESP,8.885,4.285,13.985,24.731,62.11,3.495,country_area_weighted_mean,6,synthetic
2021-11-15,POL,1.539,-3.061,6.639,34.584,72.74,3.692,country_area_weighted_mean,6,synthetic
2021-11-15,HUN,4.111,-0.489,9.211,27.723,65.68,3.554,country_area_weighted_mean,6,synthetic
2021-11-15,ROU,4.412,-0.188,9.512,19.45,70.03,3.389,country_area_weighted_mean,6,synthetic
2021-11-15,BGR,5.22,0.62,10.32,17.739,60.61,3.355,country_area_weighted_mean,6,synthetic
2021-11-15,SRB,4.341,-0.259,9.441,23.148,60.11,3.463,country_area_weighted_mean,6,synthetic
2021-11-15,UKR,4.007,-0.593,9.107,12.631,64.04,3.253,country_area_weighted_mean,6,synthetic
2021-11-15,MDA,4.699,0.099,9.799,32.13,66.2,3.643,country_area_weighted_mean,6,synthetic
2021-11-15,RUS,2.226,-2.374,7.326,21.444,67.2,3.429,country_area_weighted_mean,6,synthetic
2021-11-15,TUR,7.595,2.995,12.695,35.206,65.81,3.704,country_area_weighted_mean,6,synthetic
2021-11-15,GEO,8.015,3.415,13.115,35.474,62.26,3.709,country_area_weighted_mean,6,synthetic
2021-11-15,ISR,12.039,7.439,17.139,23.281,58.32,3.466,country_area_weighted_mean,6,synthetic
2021-11-15,EGY,15.553,10.953,20.653,21.007,58.24,3.42,country_area_weighted_mean,6,synthetic
2021-11-15,TUN,11.166,6.566,16.266,20.481,63.71,3.41,country_area_weighted_mean,6,synthetic
2021-11-15,MAR,10.846,6.246,15.946,28.452,68.26,3.569,country_area_weighted_mean,6,synthetic
2021-11-22,FRA,2.748,-1.852,7.848,13.632,67.61,3.273,country_area_weighted_mean,6,synthetic
2021-11-22,DEU,-0.422,-5.022,4.678,45.741,69.65,3.915,country_area_weighted_mean,6,synthetic
2021-11-22,NLD,-0.759,-5.359,4.341,37.38,67.38,3.748,country_area_weighted_mean,6,synthetic
2021-11-22,BEL,-0.931,-5.531,4.169,20.244,66.73,3.405,country_area_weighted_mean,6,synthetic
2021-11-22,ITA,5.468,0.868,10.568,20.287,58.27,3.406,country_area_weighted_mean,6,synthetic
2021-11-22,ESP,8.487,3.887,13.587,24.148,62.48,3.483,country_area_weighted_mean,6,synthetic
2021-11-22,POL,-1.982,-6.582,3.118,29.006,67.64,3.58,country_area_weighted_mean,6,synthetic
2021-11-22,HUN,0.939,-3.661,6.039,29.308,69.34,3.586,country_area_weighted_mean,6,synthetic
2021-11-22,ROU,0.286,-4.314,5.386,23.693,76.36,3.474,country_area_weighted_mean,6,synthetic
2021-11-22,BGR,3.18,-1.42,8.28,31.87,67.78,3.637,country_area_weighted_mean,6,synthetic
2021-11-22,SRB,2.292,-2.308,7.392,23.558,63.99,3.471,country_area_weighted_mean,6,synthetic
2021-11-22,UKR,-0.119,-4.719,4.981,24.191,71.87,3.484,country_area_weighted_mean,6,synthetic
2021-11-22,MDA,4.098,-0.502,9.198,42.075,71.65,3.842,country_area_weighted_mean,6,synthetic
2021-11-22,RUS,0.011,-4.589,5.111,15.206,66.21,3.304,country_area_weighted_mean,6,synthetic
2021-11-22,TUR,6.288,1.688,11.388,16.294,61.63,3.326,country_area_weighted_mean,6,synthetic
2021-11-22,GEO,5.083,0.483,10.183,18.414,64.33,3.368,country_area_weighted_mean,6,synthetic
2021-11-22,ISR,10.977,6.377,16.077,22.278,63.21,3.446,country_area_weighted_mean,6,synthetic
2021-11-22,EGY,12.748,8.148,17.848,20.059,61.96,3.401,country_area_weighted_mean,6,synthetic
2021-11-22,TUN,9.186,4.586,14.286,25.725,68.86,3.515,country_area_weighted_mean,6,synthetic
2021-11-22,MAR,10.676,6.076,15.776,30.274,66.75,3.605,country_area_weighted_mean,6,synthetic
2021-11-29,FRA,-0.259,-4.859,4.841,19.922,64.28,3.398,country_area_weighted_mean,6,synthetic
2021-11-29,DEU,-2.676,-7.276,2.424,28.218,68.36,3.564,country_area_weighted_mean,6,synthetic
2021-11-29,NLD,-4.442,-9.042,0.658,30.99,68.52,3.62,country_area_weighted_mean,6,synthetic
2021-11-29,BEL,-0.146,-4.746,4.954,38.974,69.02,3.779,country_area_weighted_mean,6,synthetic
2021-11-29,ITA,4.485,-0.115,9.585,15.396,62.99,3.308,country_area_weighted_mean,6,synthetic
2021-11-29,ESP,7.125,2.525,12.225,23.199,63.11,3.464,country_area_weighted_mean,6,synthetic
2021-11-29,POL,-3.804,-8.404,1.296,55.687,72.67,4.114,country_area_weighted_mean,6,synthetic
2021-11-29,HUN,-1.044,-5.644,4.056,42.029,71.79,3.841,country_area_weighted_mean,6,synthetic
2021-11-29,ROU,-0.023,-4.623,5.077,34.945,72.56,3.699,country_area_weighted_mean,6,synthetic
2021-11-29,BGR,2.332,-2.268,7.432,44.088,72.08,3.882,country_area_weighted_mean,6,synthetic
2021-11-29,SRB,1.167,-3.433,6.267,21.792,65.24,3.436,country_area_weighted_mean,6,synthetic
2021-11-29,UKR,-2.151,-6.751,2.949,31.352,69.8,3.627,country_area_weighted_mean,6,synthetic
2021-11-29,MDA,2.053,-2.547,7.153,25.486,64.42,3.51,country_area_weighted_mean,6,synthetic
2021-11-29,RUS,-2.38,-6.98,2.72,27.632,72.92,3.553,country_area_weighted_mean,6,synthetic
2021-11-29,TUR,2.683,-1.917,7.783,25.521,70.38,3.51,country_area_weighted_mean,6,synthetic
2021-11-29,GEO,3.703,-0.897,8.803,30.493,69.78,3.61,country_area_weighted_mean,6,synthetic
2021-11-29,ISR,7.734,3.134,12.834,13.448,63.22,3.269,country_area_weighted_mean,6,synthetic
2021-11-29,EGY,10.477,5.877,15.577,14.66,60.41,3.293,country_area_weighted_mean,6,synthetic
2021-11-29,TUN,8.05,3.45,13.15,35.06,68.78,3.701,country_area_weighted_mean,6,synthetic
2021-11-29,MAR,10.472,5.872,15.572,18.227,63.32,3.365,country_area_weighted_mean,6,synthetic
2021-12-06,FRA,-0.901,-5.501,4.199,18.047,66.14,3.361,country_area_weighted_mean,6,synthetic
2021-12-06,DEU,-3.768,-8.368,1.332,27.782,68.25,3.556,country_area_weighted_mean,6,synthetic
2021-12-06,NLD,-5.848,-10.448,-0.748,63.03,74.4,4.261,country_area_weighted_mean,6,synthetic
2021-12-06,BEL,-2.1,-6.7,3.0,34.896,70.65,3.698,country_area_weighted_mean,6,synthetic
2021-12-06,ITA,2.121,-2.479,7.221,56.241,74.74,4.125,country_area_weighted_mean,6,synthetic
2021-12-06,ESP,3.343,-1.257,8.443,24.756,66.22,3.495,country_area_weighted_mean,6,synthetic
2021-12-06,POL,-4.682,-9.282,0.418,66.858,76.42,4.337,country_area_weighted_mean,6,synthetic
2021-12-06,HUN,-5.876,-10.476,-0.776,26.262,71.59,3.525,country_area_weighted_mean,6,synthetic
2021-12-06,ROU,-0.64,-5.24,4.46,29.122,70.54,3.582,country_area_weighted_mean,6,synthetic
2021-12-06,BGR,0.28,-4.32,5.38,55.069,73.89,4.101,country_area_weighted_mean,6,synthetic
2021-12-06,SRB,1.205,-3.395,6.305,34.067,68.9,3.681,country_area_weighted_mean,6,synthetic
2021-12-06,UKR,-3.367,-7.967,1.733,30.377,72.49,3.608,country_area_weighted_mean,6,synthetic
2021-12-06,MDA,0.63,-3.97,5.73,33.594,67.89,3.672,country_area_weighted_mean,6,synthetic
2021-12-06,RUS,-5.632,-10.232,-0.532,22.545,67.33,3.451,country_area_weighted_mean,6,synthetic
2021-12-06,TUR,2.148,-2.452,7.248,28.038,65.54,3.561,country_area_weighted_mean,6,synthetic
2021-12-06,GEO,1.634,-2.966,6.734,26.285,71.56,3.526,country_area_weighted_mean,6,synthetic
2021-12-06,ISR,9.169,4.569,14.269,21.78,63.93,3.436,country_area_weighted_mean,6,synthetic
2021-12-06,EGY,8.992,4.392,14.092,10.04,62.09,3.201,country_area_weighted_mean,6,synthetic
2021-12-06,TUN,6.208,1.608,11.308,29.667,65.27,3.593,country_area_weighted_mean,6,synthetic
2021-12-06,MAR,7.488,2.888,12.588,24.982,69.38,3.5,country_area_weighted_mean,6,synthetic
2021-12-13,FRA,-4.061,-8.661,1.039,24.528,67.96,3.491,country_area_weighted_mean,6,synthetic
2021-12-13,DEU,-5.205,-9.805,-0.105,59.146,75.49,4.183,country_area_weighted_mean,6,synthetic
2021-12-13,NLD,-7.144,-11.744,-2.044,39.967,74.11,3.799,country_area_weighted_mean,6,synthetic
2021-12-13,BEL,-4.499,-9.099,0.601,38.339,71.86,3.767,country_area_weighted_mean,6,synthetic
2021-12-13,ITA,1.729,-2.871,6.829,42.256,74.08,3.845,country_area_weighted_mean,6,synthetic
2021-12-13,ESP,2.943,-1.657,8.043,18.675,66.21,3.373,country_area_weighted_mean,6,synthetic
2021-12-13,POL,-5.52,-10.12,-0.42,65.82,77.48,4.316,country_area_weighted_mean,6,synthetic
2021-12-13,HUN,-6.749,-11.349,-1.649,34.385,72.97,3.688,country_area_weighted_mean,6,synthetic
2021-12-13,ROU,-1.496,-6.096,3.604,33.797,68.92,3.676,country_area_weighted_mean,6,synthetic
2021-12-13,BGR,-0.966,-5.566,4.134,45.184,72.7,3.904,country_area_weighted_mean,6,synthetic
2021-12-13,SRB,1.205,-3.395,6.305,24.018,67.94,3.48,country_area_weighted_mean,6,synthetic
2021-12-13,UKR,-2.977,-7.577,2.123,30.22,70.16,3.604,country_area_weighted_mean,6,synthetic
2021-12-13,MDA,-0.753,-5.353,4.347,19.916,65.11,3.398,country_area_weighted_mean,6,synthetic
2021-12-13,RUS,-8.365,-12.965,-3.265,24.275,70.51,3.486,country_area_weighted_mean,6,synthetic
2021-12-13,TUR,2.154,-2.446,7.254,23.828,63.6,3.477,country_area_weighted_mean,6,synthetic
2021-12-13,GEO,-0.034,-4.634,5.066,40.504,68.05,3.81,country_area_weighted_mean,6,synthetic
2021-12-13,ISR,6.251,1.651,11.351,21.129,67.01,3.423,country_area_weighted_mean,6,synthetic
2021-12-13,EGY,8.243,3.643,13.343,11.926,56.76,3.239,country_area_weighted_mean,6,synthetic
2021-12-13,TUN,5.538,0.938,10.638,42.053,68.61,3.841,country_area_weighted_mean,6,synthetic
2021-12-13,MAR,7.003,2.403,12.103,29.473,73.25,3.589,country_area_weighted_mean,6,synthetic
2021-12-20,FRA,-1.787,-6.387,3.313,16.864,66.04,3.337,country_area_weighted_mean,6,synthetic
2021-12-20,DEU,-7.849,-12.449,-2.749,58.959,85.3,4.179,country_area_weighted_mean,6,synthetic
2021-12-20,NLD,-9.493,-14.093,-4.393,29.984,71.9,3.6,country_area_weighted_mean,6,synthetic
2021-12-20,BEL,-5.901,-10.501,-0.801,40.374,71.0,3.807,country_area_weighted_mean,6,synthetic
2021-12-20,ITA,0.24,-4.36,5.34,52.392,75.81,4.048,country_area_weighted_mean,6,synthetic
2021-12-20,ESP,1.758,-2.842,6.858,19.688,67.64,3.394,country_area_weighted_mean,6,synthetic
2021-12-20,POL,-6.217,-10.817,-1.117,43.967,75.24,3.879,country_area_weighted_mean,6,synthetic
2021-12-20,HUN,-6.819,-11.419,-1.719,38.621,77.1,3.772,country_area_weighted_mean,6,synthetic
2021-12-20,ROU,-4.086,-8.686,1.014,26.467,71.51,3.529,country_area_weighted_mean,6,synthetic
2021-12-20,BGR,-1.358,-5.958,3.742,26.734,67.82,3.535,country_area_weighted_mean,6,synthetic
2021-12-20,SRB,-1.126,-5.726,3.974,31.548,70.95,3.631,country_area_weighted_mean,6,synthetic
2021-12-20,UKR,-5.404,-10.004,-0.304,25.869,71.53,3.517,country_area_weighted_mean,6,synthetic
2021-12-20,MDA,-2.113,-6.713,2.987,23.461,65.77,3.469,country_area_weighted_mean,6,synthetic
2021-12-20,RUS,-10.091,-14.691,-4.991,36.206,75.06,3.724,country_area_weighted_mean,6,synthetic
2021-12-20,TUR,1.241,-3.359,6.341,26.843,62.24,3.537,country_area_weighted_mean,6,synthetic
2021-12-20,GEO,-0.122,-4.722,4.978,21.863,69.91,3.437,country_area_weighted_mean,6,synthetic
2021-12-20,ISR,5.42,0.82,10.52,23.859,67.54,3.477,country_area_weighted_mean,6,synthetic
2021-12-20,EGY,10.368,5.768,15.468,18.77,67.17,3.375,country_area_weighted_mean,6,synthetic
2021-12-20,TUN,5.341,0.741,10.441,37.622,72.29,3.752,country_area_weighted_mean,6,synthetic
2021-12-20,MAR,6.012,1.412,11.112,27.455,70.09,3.549,country_area_weighted_mean,6,synthetic
2021-12-27,FRA,-2.952,-7.552,2.148,30.886,73.78,3.618,country_area_weighted_mean,6,synthetic
2021-12-27,DEU,-7.951,-12.551,-2.851,34.088,74.99,3.682,country_area_weighted_mean,6,synthetic
2021-12-27,NLD,-9.274,-13.874,-4.174,32.213,72.38,3.644,country_area_weighted_mean,6,synthetic
2021-12-27,BEL,-7.132,-11.732,-2.032,35.752,72.74,3.715,country_area_weighted_mean,6,synthetic
2021-12-27,ITA,-0.007,-4.607,5.093,50.996,74.45,4.02,country_area_weighted_mean,6,synthetic
2021-12-27,ESP,1.626,-2.974,6.726,39.381,71.61,3.788,country_area_weighted_mean,6,synthetic
2021-12-27,POL,-7.481,-12.081,-2.381,20.394,71.59,3.408,country_area_weighted_mean,6,synthetic
2021-12-27,HUN,-8.186,-12.786,-3.086,43.906,80.94,3.878,country_area_weighted_mean,6,synthetic
2021-12-27,ROU,-3.558,-8.158,1.542,33.476,68.07,3.67,country_area_weighted_mean,6,synthetic
2021-12-27,BGR,-2.554,-7.154,2.546,22.6,66.17,3.452,country_area_weighted_mean,6,synthetic
2021-12-27,SRB,-0.62,-5.22,4.48,30.757,68.29,3.615,country_area_weighted_mean,6,synthetic
2021-12-27,UKR,-7.156,-11.756,-2.056,20.545,71.26,3.411,country_area_weighted_mean,6,synthetic
2021-12-27,MDA,-2.462,-7.062,2.638,41.117,69.64,3.822,country_area_weighted_mean,6,synthetic
2021-12-27,RUS,-12.824,-17.424,-7.724,44.59,76.68,3.892,country_area_weighted_mean,6,synthetic
2021-12-27,TUR,-0.554,-5.154,4.546,36.308,67.72,3.726,country_area_weighted_mean,6,synthetic
2021-12-27,GEO,-1.008,-5.608,4.092,36.49,72.17,3.73,country_area_weighted_mean,6,synthetic
2021-12-27,ISR,2.944,-1.656,8.044,34.793,71.33,3.696,country_area_weighted_mean,6,synthetic
2021-12-27,EGY,10.164,5.564,15.264,14.472,62.25,3.289,country_area_weighted_mean,6,synthetic
2021-12-27,TUN,3.118,-1.482,8.218,56.349,75.93,4.127,country_area_weighted_mean,6,synthetic
2021-12-27,MAR,4.647,0.047,9.747,20.593,64.81,3.412,country_area_weighted_mean,6,synthetic
2022-01-03,FRA,-4.553,-9.153,0.547,34.571,73.47,3.691,country_area_weighted_mean,6,synthetic
2022-01-03,DEU,-9.261,-13.861,-4.161,48.772,77.3,3.975,country_area_weighted_mean,6,synthetic
2022-01-03,NLD,-10.878,-15.478,-5.778,38.838,72.49,3.777,country_area_weighted_mean,6,synthetic
2022-01-03,BEL,-8.059,-12.659,-2.959,32.591,74.09,3.652,country_area_weighted_mean,6,synthetic
2022-01-03,ITA,-1.227,-5.827,3.873,42.629,69.7,3.853,country_area_weighted_mean,6,synthetic
2022-01-03,ESP,-0.982,-5.582,4.118,29.315,69.38,3.586,country_area_weighted_mean,6,synthetic
2022-01-03,POL,-9.17,-13.77,-4.07,40.048,78.14,3.801,country_area_weighted_mean,6,synthetic
2022-01-03,HUN,-7.796,-12.396,-2.696,28.515,73.08,3.57,country_area_weighted_mean,6,synthetic
2022-01-03,ROU,-6.826,-11.426,-1.726,37.507,70.48,3.75,country_area_weighted_mean,6,synthetic
2022-01-03,BGR,-3.692,-8.292,1.408,37.704,71.75,3.754,country_area_weighted_mean,6,synthetic
2022-01-03,SRB,-4.259,-8.859,0.841,52.678,74.82,4.054,country_area_weighted_mean,6,synthetic
2022-01-03,UKR,-7.442,-12.042,-2.342,38.727,72.38,3.775,country_area_weighted_mean,6,synthetic
2022-01-03,MDA,-5.405,-10.005,-0.305,33.165,69.7,3.663,country_area_weighted_mean,6,synthetic
2022-01-03,RUS,-11.542,-16.142,-6.442,41.634,72.67,3.833,country_area_weighted_mean,6,synthetic
2022-01-03,TUR,0.014,-4.586,5.114,44.24,68.73,3.885,country_area_weighted_mean,6,synthetic
2022-01-03,GEO,-2.533,-7.133,2.567,33.418,66.42,3.668,country_area_weighted_mean,6,synthetic
2022-01-03,ISR,3.845,-0.755,8.945,44.597,68.86,3.892,country_area_weighted_mean,6,synthetic
2022-01-03,EGY,9.453,4.853,14.553,22.006,64.52,3.44,country_area_weighted_mean,6,synthetic
2022-01-03,TUN,2.286,-2.314,7.386,35.612,69.74,3.712,country_area_weighted_mean,6,synthetic
2022-01-03,MAR,4.208,-0.392,9.308,24.689,65.04,3.494,country_area_weighted_mean,6,synthetic
2022-01-10,FRA,-7.318,-11.918,-2.218,34.763,75.19,3.695,country_area_weighted_mean,6,synthetic
2022-01-10,DEU,-10.216,-14.816,-5.116,37.317,73.62,3.746,country_area_weighted_mean,6,synthetic
2022-01-10,NLD,-12.111,-16.711,-7.011,60.554,77.88,4.211,country_area_weighted_mean,6,synthetic
2022-01-10,BEL,-9.179,-13.779,-4.079,27.476,76.62,3.55,country_area_weighted_mean,6,synthetic
2022-01-10,ITA,0.513,-4.087,5.613,20.064,63.11,3.401,country_area_weighted_mean,6,synthetic
2022-01-10,ESP,1.236,-3.364,6.336,41.083,74.68,3.822,country_area_weighted_mean,6,synthetic
2022-01-10,POL,-13.11,-17.71,-8.01,52.595,83.6,4.052,country_area_weighted_mean,6,synthetic
2022-01-10,HUN,-6.744,-11.344,-1.644,31.984,73.05,3.64,country_area_weighted_mean,6,synthetic
2022-01-10,ROU,-7.116,-11.716,-2.016,21.746,66.57,3.435,country_area_weighted_mean,6,synthetic
2022-01-10,BGR,-4.004,-8.604,1.096,39.176,75.21,3.784,country_area_weighted_mean,6,synthetic
2022-01-10,SRB,-4.362,-8.962,0.738,80.262,81.13,4.605,country_area_weighted_mean,6,synthetic
2022-01-10,UKR,-8.163,-12.763,-3.063,38.75,68.01,3.775,country_area_weighted_mean,6,synthetic
2022-01-10,MDA,-4.887,-9.487,0.213,44.564,69.12,3.891,country_area_weighted_mean,6,synthetic
2022-01-10,RUS,-12.138,-16.738,-7.038,30.084,76.86,3.602,country_area_weighted_mean,6,synthetic
2022-01-10,TUR,-0.48,-5.08,4.62,45.938,70.64,3.919,country_area_weighted_mean,6,synthetic
2022-01-10,GEO,-1.87,-6.47,3.23,66.664,77.0,4.333,country_area_weighted_mean,6,synthetic
2022-01-10,ISR,3.622,-0.978,8.722,25.0,64.24,3.5,country_area_weighted_mean,6,synthetic
2022-01-10,EGY,10.235,5.635,15.335,25.545,64.71,3.511,country_area_weighted_mean,6,synthetic
2022-01-10,TUN,0.197,-4.403,5.297,33.61,76.62,3.672,country_area_weighted_mean,6,synthetic
2022-01-10,MAR,5.594,0.994,10.694,24.187,62.19,3.484,country_area_weighted_mean,6,synthetic
2022-01-17,FRA,-5.167,-9.767,-0.067,50.295,79.15,4.006,country_area_weighted_mean,6,synthetic
2022-01-17,DEU,-10.214,-14.814,-5.114,25.965,72.76,3.519,country_area_weighted_mean,6,synthetic
2022-01-17,NLD,-13.631,-18.231,-8.531,64.186,80.21,4.284,country_area_weighted_mean,6,synthetic
2022-01-17,BEL,-8.836,-13.436,-3.736,34.23,79.91,3.685,country_area_weighted_mean,6,synthetic
2022-01-17,ITA,-0.512,-5.112,4.588,34.684,65.86,3.694,country_area_weighted_mean,6,synthetic
2022-01-17,ESP,0.732,-3.868,5.832,23.258,66.22,3.465,country_area_weighted_mean,6,synthetic
2022-01-17,POL,-13.645,-18.245,-8.545,73.857,81.72,4.477,country_area_weighted_mean,6,synthetic
2022-01-17,HUN,-7.723,-12.323,-2.623,26.266,65.91,3.525,country_area_weighted_mean,6,synthetic
2022-01-17,ROU,-5.712,-10.312,-0.612,25.67,70.46,3.513,country_area_weighted_mean,6,synthetic
2022-01-17,BGR,-3.848,-8.448,1.252,38.35,76.59,3.767,country_area_weighted_mean,6,synthetic
2022-01-17,SRB,-6.971,-11.571,-1.871,84.632,87.3,4.693,country_area_weighted_mean,6,synthetic
2022-01-17,UKR,-10.064,-14.664,-4.964,51.579,75.86,4.032,country_area_weighted_mean,6,synthetic
2022-01-17,MDA,-5.902,-10.502,-0.802,47.873,75.07,3.957,country_area_weighted_mean,6,synthetic
2022-01-17,RUS,-12.558,-17.158,-7.458,23.162,70.1,3.463,country_area_weighted_mean,6,synthetic
2022-01-17,TUR,-0.563,-5.163,4.537,47.767,72.91,3.955,country_area_weighted_mean,6,synthetic
2022-01-17,GEO,-2.549,-7.149,2.551,53.938,70.67,4.079,country_area_weighted_mean,6,synthetic
2022-01-17,ISR,3.257,-1.343,8.357,32.182,68.47,3.644,country_area_weighted_mean,6,synthetic
2022-01-17,EGY,9.813,5.213,14.913,28.162,65.44,3.563,country_area_weighted_mean,6,synthetic
2022-01-17,TUN,0.708,-3.892,5.808,60.54,75.39,4.211,country_area_weighted_mean,6,synthetic
2022-01-17,MAR,6.755,2.155,11.855,26.522,64.34,3.53,country_area_weighted_mean,6,synthetic
2022-01-24,FRA,-4.103,-8.703,0.997,68.348,83.24,4.367,country_area_weighted_mean,6,synthetic
2022-01-24,DEU,-8.645,-13.245,-3.545,45.177,76.74,3.904,country_area_weighted_mean,6,synthetic
2022-01-24,NLD,-13.049,-17.649,-7.949,66.922,81.37,4.338,country_area_weighted_mean,6,synthetic
2022-01-24,BEL,-6.514,-11.114,-1.414,37.909,77.94,3.758,country_area_weighted_mean,6,synthetic
2022-01-24,ITA,-3.49,-8.09,1.61,46.84,72.97,3.937,country_area_weighted_mean,6,synthetic
2022-01-24,ESP,-1.486,-6.086,3.614,29.949,64.75,3.599,country_area_weighted_mean,6,synthetic
2022-01-24,POL,-14.707,-19.307,-9.607,51.645,78.95,4.033,country_area_weighted_mean,6,synthetic
2022-01-24,HUN,-6.983,-11.583,-1.883,23.105,66.72,3.462,country_area_weighted_mean,6,synthetic
2022-01-24,ROU,-8.399,-12.999,-3.299,36.044,77.16,3.721,country_area_weighted_mean,6,synthetic
2022-01-24,BGR,-4.965,-9.565,0.135,35.144,75.17,3.703,country_area_weighted_mean,6,synthetic
2022-01-24,SRB,-7.374,-11.974,-2.274,56.469,78.0,4.129,country_area_weighted_mean,6,synthetic
2022-01-24,UKR,-7.547,-12.147,-2.447,55.636,78.8,4.113,country_area_weighted_mean,6,synthetic
2022-01-24,MDA,-6.725,-11.325,-1.625,41.589,74.02,3.832,country_area_weighted_mean,6,synthetic
2022-01-24,RUS,-13.437,-18.037,-8.337,34.055,76.59,3.681,country_area_weighted_mean,6,synthetic
2022-01-24,TUR,-1.278,-5.878,3.822,55.805,72.78,4.116,country_area_weighted_mean,6,synthetic
2022-01-24,GEO,-2.284,-6.884,2.816,44.648,65.99,3.893,country_area_weighted_mean,6,synthetic
2022-01-24,ISR,1.069,-3.531,6.169,32.157,71.8,3.643,country_area_weighted_mean,6,synthetic
2022-01-24,EGY,8.98,4.38,14.08,31.374,67.2,3.627,country_area_weighted_mean,6,synthetic
2022-01-24,TUN,1.208,-3.392,6.308,52.231,71.2,4.045,country_area_weighted_mean,6,synthetic
2022-01-24,MAR,4.602,0.002,9.702,18.673,63.41,3.373,country_area_weighted_mean,6,synthetic
2022-01-31,FRA,-6.123,-10.723,-1.023,43.553,78.5,3.871,country_area_weighted_mean,6,synthetic
2022-01-31,DEU,-9.715,-14.315,-4.615,68.78,84.3,4.376,country_area_weighted_mean,6,synthetic
2022-01-31,NLD,-12.375,-16.975,-7.275,46.27,73.1,3.925,country_area_weighted_mean,6,synthetic
2022-01-31,BEL,-7.03,-11.63,-1.93,54.675,80.0,4.093,country_area_weighted_mean,6,synthetic
2022-01-31,ITA,-1.425,-6.025,3.675,42.218,68.08,3.844,country_area_weighted_mean,6,synthetic
2022-01-31,ESP,-1.286,-5.886,3.814,27.167,63.24,3.543,country_area_weighted_mean,6,synthetic
2022-01-31,POL,-14.0,-18.6,-8.9,47.477,80.78,3.95,country_area_weighted_mean,6,synthetic
2022-01-31,HUN,-6.801,-11.401,-1.701,36.725,72.85,3.734,country_area_weighted_mean,6,synthetic
2022-01-31,ROU,-8.087,-12.687,-2.987,60.16,84.61,4.203,country_area_weighted_mean,6,synthetic
2022-01-31,BGR,-2.122,-6.722,2.978,43.908,78.6,3.878,country_area_weighted_mean,6,synthetic
2022-01-31,SRB,-6.456,-11.056,-1.356,53.482,78.19,4.07,country_area_weighted_mean,6,synthetic
2022-01-31,UKR,-8.216,-12.816,-3.116,43.064,75.65,3.861,country_area_weighted_mean,6,synthetic
2022-01-31,MDA,-6.754,-11.354,-1.654,36.817,74.28,3.736,country_area_weighted_mean,6,synthetic
2022-01-31,RUS,-14.268,-18.868,-9.168,49.624,80.53,3.992,country_area_weighted_mean,6,synthetic
2022-01-31,TUR,-1.422,-6.022,3.678,46.777,73.45,3.936,country_area_weighted_mean,6,synthetic
2022-01-31,GEO,-3.053,-7.653,2.047,45.231,69.4,3.905,country_area_weighted_mean,6,synthetic
2022-01-31,ISR,-0.709,-5.309,4.391,32.721,72.38,3.654,country_area_weighted_mean,6,synthetic
2022-01-31,EGY,8.916,4.316,14.016,35.076,67.48,3.702,country_area_weighted_mean,6,synthetic
2022-01-31,TUN,0.955,-3.645,6.055,36.665,70.69,3.733,country_area_weighted_mean,6,synthetic
2022-01-31,MAR,2.552,-2.048,7.652,45.133,71.99,3.903,country_area_weighted_mean,6,synthetic
2022-02-07,FRA,-7.394,-11.994,-2.294,54.739,82.82,4.095,country_area_weighted_mean,6,synthetic
2022-02-07,DEU,-10.491,-15.091,-5.391,66.104,79.79,4.322,country_area_weighted_mean,6,synthetic
2022-02-07,NLD,-11.915,-16.515,-6.815,47.678,75.49,3.954,country_area_weighted_mean,6,synthetic
2022-02-07,BEL,-6.014,-10.614,-0.914,55.407,76.77,4.108,country_area_weighted_mean,6,synthetic
2022-02-07,ITA,-3.291,-7.891,1.809,36.948,68.99,3.739,country_area_weighted_mean,6,synthetic
2022-02-07,ESP,-2.66,-7.26,2.44,35.431,72.35,3.709,country_area_weighted_mean,6,synthetic
2022-02-07,POL,-12.757,-17.357,-7.657,45.99,81.84,3.92,country_area_weighted_mean,6,synthetic
2022-02-07,HUN,-7.507,-12.107,-2.407,19.459,64.86,3.389,country_area_weighted_mean,6,synthetic
2022-02-07,ROU,-7.541,-12.141,-2.441,51.99,86.23,4.04,country_area_weighted_mean,6,synthetic
2022-02-07,BGR,-2.122,-6.722,2.978,42.12,74.91,3.842,country_area_weighted_mean,6,synthetic
2022-02-07,SRB,-5.47,-10.07,-0.37,94.816,88.37,4.896,country_area_weighted_mean,6,synthetic
2022-02-07,UKR,-7.492,-12.092,-2.392,32.791,70.79,3.656,country_area_weighted_mean,6,synthetic
2022-02-07,MDA,-4.29,-8.89,0.81,38.305,73.36,3.766,country_area_weighted_mean,6,synthetic
2022-02-07,RUS,-13.791,-18.391,-8.691,39.164,79.14,3.783,country_area_weighted_mean,6,synthetic
2022-02-07,TUR,-0.697,-5.297,4.403,53.764,76.23,4.075,country_area_weighted_mean,6,synthetic
2022-02-07,GEO,-4.108,-8.708,0.992,34.603,68.76,3.692,country_area_weighted_mean,6,synthetic
2022-02-07,ISR,1.905,-2.695,7.005,26.781,70.92,3.536,country_area_weighted_mean,6,synthetic
2022-02-07,EGY,8.053,3.453,13.153,29.608,61.27,3.592,country_area_weighted_mean,6,synthetic
2022-02-07,TUN,1.657,-2.943,6.757,34.904,67.25,3.698,country_area_weighted_mean,6,synthetic
2022-02-07,MAR,2.19,-2.41,7.29,43.852,68.06,3.877,country_area_weighted_mean,6,synthetic
2022-02-14,FRA,-6.503,-11.103,-1.403,54.946,79.23,4.099,country_area_weighted_mean,6,synthetic
2022-02-14,DEU,-9.919,-14.519,-4.819,47.193,73.06,3.944,country_area_weighted_mean,6,synthetic
2022-02-14,NLD,-11.341,-15.941,-6.241,31.433,72.16,3.629,country_area_weighted_mean,6,synthetic
2022-02-14,BEL,-5.579,-10.179,-0.479,44.483,71.95,3.89,country_area_weighted_mean,6,synthetic
2022-02-14,ITA,-3.243,-7.843,1.857,23.637,70.19,3.473,country_area_weighted_mean,6,synthetic
2022-02-14,ESP,-2.083,-6.683,3.017,44.727,77.96,3.895,country_area_weighted_mean,6,synthetic
2022-02-14,POL,-10.66,-15.26,-5.56,78.318,87.1,4.566,country_area_weighted_mean,6,synthetic
2022-02-14,HUN,-6.488,-11.088,-1.388,23.342,69.42,3.467,country_area_weighted_mean,6,synthetic
2022-02-14,ROU,-7.127,-11.727,-2.027,37.104,76.85,3.742,country_area_weighted_mean,6,synthetic
2022-02-14,BGR,-2.508,-7.108,2.592,29.039,71.68,3.581,country_area_weighted_mean,6,synthetic
2022-02-14,SRB,-5.984,-10.584,-0.884,56.659,78.11,4.133,country_area_weighted_mean,6,synthetic
2022-02-14,UKR,-8.288,-12.888,-3.188,63.589,80.23,4.272,country_area_weighted_mean,6,synthetic
2022-02-14,MDA,-5.862,-10.462,-0.762,47.594,75.8,3.952,country_area_weighted_mean,6,synthetic
2022-02-14,RUS,-13.314,-17.914,-8.214,39.852,78.59,3.797,country_area_weighted_mean,6,synthetic
2022-02-14,TUR,0.79,-3.81,5.89,47.904,77.95,3.958,country_area_weighted_mean,6,synthetic
2022-02-14,GEO,-4.036,-8.636,1.064,43.278,72.75,3.866,country_area_weighted_mean,6,synthetic
2022-02-14,ISR,2.625,-1.975,7.725,26.255,70.98,3.525,country_area_weighted_mean,6,synthetic
2022-02-14,EGY,8.875,4.275,13.975,19.233,57.66,3.385,country_area_weighted_mean,6,synthetic
2022-02-14,TUN,2.304,-2.296,7.404,25.654,66.96,3.513,country_area_weighted_mean,6,synthetic
2022-02-14,MAR,3.444,-1.156,8.544,28.117,64.81,3.562,country_area_weighted_mean,6,synthetic
2022-02-21,FRA,-6.598,-11.198,-1.498,74.451,82.11,4.489,country_area_weighted_mean,6,synthetic
2022-02-21,DEU,-8.758,-13.358,-3.658,37.894,69.12,3.758,country_area_weighted_mean,6,synthetic
2022-02-21,NLD,-11.391,-15.991,-6.291,32.972,77.14,3.659,country_area_weighted_mean,6,synthetic
2022-02-21,BEL,-5.553,-10.153,-0.453,43.231,71.4,3.865,country_area_weighted_mean,6,synthetic
2022-02-21,ITA,-3.073,-7.673,2.027,40.512,73.93,3.81,country_area_weighted_mean,6,synthetic
2022-02-21,ESP,-1.059,-5.659,4.041,71.49,81.77,4.43,country_area_weighted_mean,6,synthetic
2022-02-21,POL,-11.494,-16.094,-6.394,68.923,85.53,4.378,country_area_weighted_mean,6,synthetic
2022-02-21,HUN,-6.56,-11.16,-1.46,33.44,75.25,3.669,country_area_weighted_mean,6,synthetic
2022-02-21,ROU,-7.213,-11.813,-2.113,50.714,74.64,4.014,country_area_weighted_mean,6,synthetic
2022-02-21,BGR,-3.154,-7.754,1.946,28.79,68.96,3.576,country_area_weighted_mean,6,synthetic
2022-02-21,SRB,-4.395,-8.995,0.705,40.244,73.74,3.805,country_area_weighted_mean,6,synthetic
2022-02-21,UKR,-7.519,-12.119,-2.419,38.627,71.77,3.773,country_area_weighted_mean,6,synthetic
2022-02-21,MDA,-4.527,-9.127,0.573,31.162,71.51,3.623,country_area_weighted_mean,6,synthetic
2022-02-21,RUS,-9.642,-14.242,-4.542,62.521,83.25,4.25,country_area_weighted_mean,6,synthetic
2022-02-21,TUR,2.021,-2.579,7.121,42.082,71.09,3.842,country_area_weighted_mean,6,synthetic
2022-02-21,GEO,-2.669,-7.269,2.431,46.288,69.57,3.926,country_area_weighted_mean,6,synthetic
2022-02-21,ISR,2.09,-2.51,7.19,24.728,69.26,3.495,country_area_weighted_mean,6,synthetic
2022-02-21,EGY,9.013,4.413,14.113,47.626,66.38,3.953,country_area_weighted_mean,6,synthetic
2022-02-21,TUN,3.412,-1.188,8.512,19.526,64.16,3.391,country_area_weighted_mean,6,synthetic
2022-02-21,MAR,5.313,0.713,10.413,34.771,70.82,3.695,country_area_weighted_mean,6,synthetic
2022-02-28,FRA,-6.285,-10.885,-1.185,32.792,73.53,3.656,country_area_weighted_mean,6,synthetic
2022-02-28,DEU,-7.728,-12.328,-2.628,27.46,68.62,3.549,country_area_weighted_mean,6,synthetic
2022-02-28,NLD,-9.328,-13.928,-4.228,32.929,74.33,3.659,country_area_weighted_mean,6,synthetic
2022-02-28,BEL,-4.893,-9.493,0.207,41.258,71.4,3.825,country_area_weighted_mean,6,synthetic
2022-02-28,ITA,-2.92,-7.52,2.18,37.135,72.57,3.743,country_area_weighted_mean,6,synthetic
2022-02-28,ESP,-1.239,-5.839,3.861,54.477,74.83,4.09,country_area_weighted_mean,6,synthetic
2022-02-28,POL,-10.15,-14.75,-5.05,53.209,75.71,4.064,country_area_weighted_mean,6,synthetic
2022-02-28,HUN,-4.472,-9.072,0.628,39.925,78.33,3.799,country_area_weighted_mean,6,synthetic
2022-02-28,ROU,-3.746,-8.346,1.354,35.669,69.22,3.713,country_area_weighted_mean,6,synthetic
2022-02-28,BGR,-2.591,-7.191,2.509,24.052,66.96,3.481,country_area_weighted_mean,6,synthetic
2022-02-28,SRB,-2.463,-7.063,2.637,33.654,70.96,3.673,country_area_weighted_mean,6,synthetic
2022-02-28,UKR,-6.228,-10.828,-1.128,51.714,77.76,4.034,country_area_weighted_mean,6,synthetic
2022-02-28,MDA,-4.12,-8.72,0.98,36.912,67.67,3.738,country_area_weighted_mean,6,synthetic
2022-02-28,RUS,-10.994,-15.594,-5.894,69.874,83.23,4.397,country_area_weighted_mean,6,synthetic
2022-02-28,TUR,0.543,-4.057,5.643,59.432,74.66,4.189,country_area_weighted_mean,6,synthetic
2022-02-28,GEO,-1.904,-6.504,3.196,45.959,75.13,3.919,country_area_weighted_mean,6,synthetic
2022-02-28,ISR,7.017,2.417,12.117,25.512,72.87,3.51,country_area_weighted_mean,6,synthetic
2022-02-28,EGY,8.811,4.211,13.911,66.526,70.97,4.331,country_area_weighted_mean,6,synthetic
2022-02-28,TUN,5.66,1.06,10.76,18.317,62.15,3.366,country_area_weighted_mean,6,synthetic
2022-02-28,MAR,7.018,2.418,12.118,37.44,70.37,3.749,country_area_weighted_mean,6,synthetic
2022-03-07,FRA,-4.825,-9.425,0.275,38.375,74.79,3.767,country_area_weighted_mean,6,synthetic
2022-03-07,DEU,-6.524,-11.124,-1.424,20.275,71.11,3.406,country_area_weighted_mean,6,synthetic
2022-03-07,NLD,-8.139,-12.739,-3.039,34.498,74.16,3.69,country_area_weighted_mean,6,synthetic
2022-03-07,BEL,-6.2,-10.8,-1.1,30.866,72.36,3.617,country_area_weighted_mean,6,synthetic
2022-03-07,ITA,-0.933,-5.533,4.167,45.146,72.13,3.903,country_area_weighted_mean,6,synthetic
2022-03-07,ESP,-0.64,-5.24,4.46,54.057,74.89,4.081,country_area_weighted_mean,6,synthetic
2022-03-07,POL,-7.447,-12.047,-2.347,49.268,72.51,3.985,country_area_weighted_mean,6,synthetic
2022-03-07,HUN,-4.049,-8.649,1.051,28.378,72.4,3.568,country_area_weighted_mean,6,synthetic
2022-03-07,ROU,-2.366,-6.966,2.734,41.444,73.65,3.829,country_area_weighted_mean,6,synthetic
2022-03-07,BGR,-1.23,-5.83,3.87,27.553,68.61,3.551,country_area_weighted_mean,6,synthetic
2022-03-07,SRB,-0.751,-5.351,4.349,46.981,75.22,3.94,country_area_weighted_mean,6,synthetic
2022-03-07,UKR,-4.914,-9.514,0.186,67.668,78.48,4.353,country_area_weighted_mean,6,synthetic
2022-03-07,MDA,-3.291,-7.891,1.809,38.053,73.05,3.761,country_area_weighted_mean,6,synthetic
2022-03-07,RUS,-9.71,-14.31,-4.61,58.959,82.06,4.179,country_area_weighted_mean,6,synthetic
2022-03-07,TUR,0.972,-3.628,6.072,46.189,76.05,3.924,country_area_weighted_mean,6,synthetic
2022-03-07,GEO,-1.198,-5.798,3.902,23.226,63.3,3.465,country_area_weighted_mean,6,synthetic
2022-03-07,ISR,6.829,2.229,11.929,24.663,69.25,3.493,country_area_weighted_mean,6,synthetic
2022-03-07,EGY,8.354,3.754,13.454,39.764,65.93,3.795,country_area_weighted_mean,6,synthetic
2022-03-07,TUN,7.321,2.721,12.421,21.995,59.99,3.44,country_area_weighted_mean,6,synthetic
2022-03-07,MAR,7.053,2.453,12.153,40.379,68.93,3.808,country_area_weighted_mean,6,synthetic
2022-03-14,FRA,-4.555,-9.155,0.545,37.816,70.42,3.756,country_area_weighted_mean,6,synthetic
2022-03-14,DEU,-2.652,-7.252,2.448,32.652,67.57,3.653,country_area_weighted_mean,6,synthetic
2022-03-14,NLD,-6.985,-11.585,-1.885,52.643,74.65,4.053,country_area_weighted_mean,6,synthetic
2022-03-14,BEL,-4.454,-9.054,0.646,32.585,73.43,3.652,country_area_weighted_mean,6,synthetic
2022-03-14,ITA,-1.187,-5.787,3.913,48.968,76.3,3.979,country_area_weighted_mean,6,synthetic
2022-03-14,ESP,0.519,-4.081,5.619,59.344,76.35,4.187,country_area_weighted_mean,6,synthetic
2022-03-14,POL,-7.505,-12.105,-2.405,32.988,67.82,3.66,country_area_weighted_mean,6,synthetic
2022-03-14,HUN,-3.388,-7.988,1.712,33.66,71.76,3.673,country_area_weighted_mean,6,synthetic
2022-03-14,ROU,-1.053,-5.653,4.047,35.311,73.62,3.706,country_area_weighted_mean,6,synthetic
2022-03-14,BGR,-0.137,-4.737,4.963,37.009,72.17,3.74,country_area_weighted_mean,6,synthetic
2022-03-14,SRB,-0.879,-5.479,4.221,73.905,83.21,4.478,country_area_weighted_mean,6,synthetic
2022-03-14,UKR,-2.686,-7.286,2.414,57.165,76.64,4.143,country_area_weighted_mean,6,synthetic
2022-03-14,MDA,-4.687,-9.287,0.413,34.47,73.5,3.689,country_area_weighted_mean,6,synthetic
2022-03-14,RUS,-6.497,-11.097,-1.397,41.853,74.49,3.837,country_area_weighted_mean,6,synthetic
2022-03-14,TUR,2.34,-2.26,7.44,34.738,69.96,3.695,country_area_weighted_mean,6,synthetic
2022-03-14,GEO,1.617,-2.983,6.717,28.931,67.91,3.579,country_area_weighted_mean,6,synthetic
2022-03-14,ISR,7.048,2.448,12.148,32.776,72.12,3.656,country_area_weighted_mean,6,synthetic
2022-03-14,EGY,10.258,5.658,15.358,44.068,70.34,3.881,country_area_weighted_mean,6,synthetic
2022-03-14,TUN,9.23,4.63,14.33,23.42,57.27,3.468,country_area_weighted_mean,6,synthetic
2022-03-14,MAR,8.565,3.965,13.665,28.888,67.01,3.578,country_area_weighted_mean,6,synthetic
2022-03-21,FRA,-1.633,-6.233,3.467,28.349,66.73,3.567,country_area_weighted_mean,6,synthetic
2022-03-21,DEU,-1.508,-6.108,3.592,35.621,63.46,3.712,country_area_weighted_mean,6,synthetic
2022-03-21,NLD,-4.249,-8.849,0.851,58.53,74.26,4.171,country_area_weighted_mean,6,synthetic
2022-03-21,BEL,-2.348,-6.948,2.752,31.161,73.14,3.623,country_area_weighted_mean,6,synthetic
2022-03-21,ITA,0.115,-4.485,5.215,29.972,71.15,3.599,country_area_weighted_mean,6,synthetic
2022-03-21,ESP,2.491,-2.109,7.591,35.182,71.96,3.704,country_area_weighted_mean,6,synthetic
2022-03-21,POL,-6.396,-10.996,-1.296,33.918,69.47,3.678,country_area_weighted_mean,6,synthetic
2022-03-21,HUN,-1.107,-5.707,3.993,33.036,73.0,3.661,country_area_weighted_mean,6,synthetic
2022-03-21,ROU,-0.661,-5.261,4.439,42.648,75.25,3.853,country_area_weighted_mean,6,synthetic
2022-03-21,BGR,2.335,-2.265,7.435,32.519,68.15,3.65,country_area_weighted_mean,6,synthetic
2022-03-21,SRB,-0.404,-5.004,4.696,46.073,73.17,3.921,country_area_weighted_mean,6,synthetic
2022-03-21,UKR,-1.348,-5.948,3.752,51.696,74.5,4.034,country_area_weighted_mean,6,synthetic
2022-03-21,MDA,-0.684,-5.284,4.416,26.586,68.67,3.532,country_area_weighted_mean,6,synthetic
2022-03-21,RUS,-4.905,-9.505,0.195,32.151,71.31,3.643,country_area_weighted_mean,6,synthetic
2022-03-21,TUR,3.652,-0.948,8.752,36.685,70.86,3.734,country_area_weighted_mean,6,synthetic
2022-03-21,GEO,2.647,-1.953,7.747,27.559,71.51,3.551,country_area_weighted_mean,6,synthetic
2022-03-21,ISR,9.622,5.022,14.722,25.461,70.16,3.509,country_area_weighted_mean,6,synthetic
2022-03-21,EGY,10.497,5.897,15.597,28.88,64.43,3.578,country_area_weighted_mean,6,synthetic
2022-03-21,TUN,8.629,4.029,13.729,26.354,62.47,3.527,country_area_weighted_mean,6,synthetic
2022-03-21,MAR,10.036,5.436,15.136,30.302,64.91,3.606,country_area_weighted_mean,6,synthetic
2022-03-28,FRA,0.454,-4.146,5.554,29.156,68.67,3.583,country_area_weighted_mean,6,synthetic
2022-03-28,DEU,-1.528,-6.128,3.572,29.942,62.35,3.599,country_area_weighted_mean,6,synthetic
2022-03-28,NLD,-4.081,-8.681,1.019,48.855,73.91,3.977,country_area_weighted_mean,6,synthetic
2022-03-28,BEL,-0.157,-4.757,4.943,43.201,73.44,3.864,country_area_weighted_mean,6,synthetic
2022-03-28,ITA,0.935,-3.665,6.035,46.947,76.06,3.939,country_area_weighted_mean,6,synthetic
2022-03-28,ESP,1.95,-2.65,7.05,65.604,79.27,4.312,country_area_weighted_mean,6,synthetic
2022-03-28,POL,-5.17,-9.77,-0.07,51.693,76.14,4.034,country_area_weighted_mean,6,synthetic
2022-03-28,HUN,3.189,-1.411,8.289,20.414,61.44,3.408,country_area_weighted_mean,6,synthetic
2022-03-28,ROU,0.612,-3.988,5.712,51.532,77.78,4.031,country_area_weighted_mean,6,synthetic
2022-03-28,BGR,2.952,-1.648,8.052,24.873,68.82,3.497,country_area_weighted_mean,6,synthetic
2022-03-28,SRB,1.094,-3.506,6.194,31.554,72.42,3.631,country_area_weighted_mean,6,synthetic
2022-03-28,UKR,-0.616,-5.216,4.484,30.18,67.01,3.604,country_area_weighted_mean,6,synthetic
2022-03-28,MDA,1.333,-3.267,6.433,41.061,75.54,3.821,country_area_weighted_mean,6,synthetic
2022-03-28,RUS,-2.675,-7.275,2.425,35.926,69.7,3.719,country_area_weighted_mean,6,synthetic
2022-03-28,TUR,4.821,0.221,9.921,36.367,65.73,3.727,country_area_weighted_mean,6,synthetic
2022-03-28,GEO,5.181,0.581,10.281,23.086,68.9,3.462,country_area_weighted_mean,6,synthetic
2022-03-28,ISR,10.322,5.722,15.422,48.04,75.82,3.961,country_area_weighted_mean,6,synthetic
2022-03-28,EGY,13.063,8.463,18.163,24.273,60.48,3.485,country_area_weighted_mean,6,synthetic
2022-03-28,TUN,8.988,4.388,14.088,36.707,70.28,3.734,country_area_weighted_mean,6,synthetic
2022-03-28,MAR,10.191,5.591,15.291,31.139,65.03,3.623,country_area_weighted_mean,6,synthetic
2022-04-04,FRA,3.933,-0.667,9.033,29.998,67.56,3.6,country_area_weighted_mean,6,synthetic
2022-04-04,DEU,-0.663,-5.263,4.437,41.538,66.07,3.831,country_area_weighted_mean,6,synthetic
2022-04-04,NLD,-0.428,-5.028,4.672,47.016,71.54,3.94,country_area_weighted_mean,6,synthetic
2022-04-04,BEL,1.045,-3.555,6.145,27.204,68.62,3.544,country_area_weighted_mean,6,synthetic
2022-04-04,ITA,4.146,-0.454,9.246,42.495,74.6,3.85,country_area_weighted_mean,6,synthetic
2022-04-04,ESP,1.991,-2.609,7.091,45.74,70.36,3.915,country_area_weighted_mean,6,synthetic
2022-04-04,POL,-1.893,-6.493,3.207,33.121,69.18,3.662,country_area_weighted_mean,6,synthetic
2022-04-04,HUN,5.177,0.577,10.277,43.437,69.95,3.869,country_area_weighted_mean,6,synthetic
2022-04-04,ROU,1.921,-2.679,7.021,37.014,66.57,3.74,country_area_weighted_mean,6,synthetic
2022-04-04,BGR,6.063,1.463,11.163,21.772,65.69,3.435,country_area_weighted_mean,6,synthetic
2022-04-04,SRB,2.663,-1.937,7.763,29.201,68.8,3.584,country_area_weighted_mean,6,synthetic
2022-04-04,UKR,3.054,-1.546,8.154,31.964,64.27,3.639,country_area_weighted_mean,6,synthetic
2022-04-04,MDA,3.517,-1.083,8.617,47.007,73.87,3.94,country_area_weighted_mean,6,synthetic
2022-04-04,RUS,-0.865,-5.465,4.235,30.216,68.4,3.604,country_area_weighted_mean,6,synthetic
2022-04-04,TUR,8.729,4.129,13.829,23.343,61.89,3.467,country_area_weighted_mean,6,synthetic
2022-04-04,GEO,5.956,1.356,11.056,39.307,71.43,3.786,country_area_weighted_mean,6,synthetic
2022-04-04,ISR,11.952,7.352,17.052,37.095,65.9,3.742,country_area_weighted_mean,6,synthetic
2022-04-04,EGY,14.317,9.717,19.417,35.584,61.64,3.712,country_area_weighted_mean,6,synthetic
2022-04-04,TUN,8.217,3.617,13.317,37.027,66.74,3.741,country_area_weighted_mean,6,synthetic
2022-04-04,MAR,12.029,7.429,17.129,31.383,63.43,3.628,country_area_weighted_mean,6,synthetic
2022-04-11,FRA,6.787,2.187,11.887,33.696,67.34,3.674,country_area_weighted_mean,6,synthetic
2022-04-11,DEU,1.19,-3.41,6.29,20.882,58.99,3.418,country_area_weighted_mean,6,synthetic
2022-04-11,NLD,2.783,-1.817,7.883,23.999,61.92,3.48,country_area_weighted_mean,6,synthetic
2022-04-11,BEL,5.894,1.294,10.994,28.183,68.4,3.564,country_area_weighted_mean,6,synthetic
2022-04-11,ITA,6.457,1.857,11.557,28.798,66.02,3.576,country_area_weighted_mean,6,synthetic
2022-04-11,ESP,6.568,1.968,11.668,49.951,72.98,3.999,country_area_weighted_mean,6,synthetic
2022-04-11,POL,-1.058,-5.658,4.042,34.807,69.43,3.696,country_area_weighted_mean,6,synthetic
2022-04-11,HUN,7.365,2.765,12.465,41.389,67.63,3.828,country_area_weighted_mean,6,synthetic
2022-04-11,ROU,4.507,-0.093,9.607,42.144,70.63,3.843,country_area_weighted_mean,6,synthetic
2022-04-11,BGR,8.301,3.701,13.401,36.578,63.59,3.732,country_area_weighted_mean,6,synthetic
2022-04-11,SRB,4.536,-0.064,9.636,28.76,67.53,3.575,country_area_weighted_mean,6,synthetic
2022-04-11,UKR,5.239,0.639,10.339,31.274,59.45,3.625,country_area_weighted_mean,6,synthetic
2022-04-11,MDA,4.423,-0.177,9.523,43.572,68.15,3.871,country_area_weighted_mean,6,synthetic
2022-04-11,RUS,1.685,-2.915,6.785,32.582,68.06,3.652,country_area_weighted_mean,6,synthetic
2022-04-11,TUR,9.325,4.725,14.425,24.132,61.05,3.483,country_area_weighted_mean,6,synthetic
2022-04-11,GEO,6.588,1.988,11.688,52.758,69.9,4.055,country_area_weighted_mean,6,synthetic
2022-04-11,ISR,13.211,8.611,18.311,29.303,59.87,3.586,country_area_weighted_mean,6,synthetic
2022-04-11,EGY,14.513,9.913,19.613,28.542,62.98,3.571,country_area_weighted_mean,6,synthetic
2022-04-11,TUN,11.244,6.644,16.344,27.571,62.4,3.551,country_area_weighted_mean,6,synthetic
2022-04-11,MAR,16.104,11.504,21.204,34.172,59.76,3.683,country_area_weighted_mean,6,synthetic
2022-04-18,FRA,9.427,4.827,14.527,32.085,65.38,3.642,country_area_weighted_mean,6,synthetic
2022-04-18,DEU,4.696,0.096,9.796,27.709,64.75,3.554,country_area_weighted_mean,6,synthetic
2022-04-18,NLD,4.978,0.378,10.078,31.232,68.64,3.625,country_area_weighted_mean,6,synthetic
2022-04-18,BEL,9.109,4.509,14.209,34.112,67.93,3.682,country_area_weighted_mean,6,synthetic
2022-04-18,ITA,9.948,5.348,15.048,25.425,63.56,3.508,country_area_weighted_mean,6,synthetic
2022-04-18,ESP,9.505,4.905,14.605,34.926,66.1,3.699,country_area_weighted_mean,6,synthetic
2022-04-18,POL,2.476,-2.124,7.576,35.566,73.35,3.711,country_area_weighted_mean,6,synthetic
2022-04-18,HUN,7.371,2.771,12.471,39.707,69.68,3.794,country_area_weighted_mean,6,synthetic
2022-04-18,ROU,5.845,1.245,10.945,46.845,70.2,3.937,country_area_weighted_mean,6,synthetic
2022-04-18,BGR,10.108,5.508,15.208,46.39,70.22,3.928,country_area_weighted_mean,6,synthetic
2022-04-18,SRB,6.828,2.228,11.928,28.577,57.9,3.572,country_area_weighted_mean,6,synthetic
2022-04-18,UKR,8.665,4.065,13.765,18.45,56.83,3.369,country_area_weighted_mean,6,synthetic
2022-04-18,MDA,6.664,2.064,11.764,43.937,66.99,3.879,country_area_weighted_mean,6,synthetic
2022-04-18,RUS,2.436,-2.164,7.536,43.231,69.53,3.865,country_area_weighted_mean,6,synthetic
2022-04-18,TUR,12.345,7.745,17.445,25.28,62.18,3.506,country_area_weighted_mean,6,synthetic
2022-04-18,GEO,9.076,4.476,14.176,43.13,64.48,3.863,country_area_weighted_mean,6,synthetic
2022-04-18,ISR,16.179,11.579,21.279,19.98,54.29,3.4,country_area_weighted_mean,6,synthetic
2022-04-18,EGY,15.809,11.209,20.909,32.995,58.81,3.66,country_area_weighted_mean,6,synthetic
2022-04-18,TUN,12.484,7.884,17.584,30.874,65.1,3.617,country_area_weighted_mean,6,synthetic
2022-04-18,MAR,14.868,10.268,19.968,27.287,59.69,3.546,country_area_weighted_mean,6,synthetic
2022-04-25,FRA,9.909,5.309,15.009,49.511,66.46,3.99,country_area_weighted_mean,6,synthetic
2022-04-25,DEU,6.098,1.498,11.198,33.031,61.91,3.661,country_area_weighted_mean,6,synthetic
2022-04-25,NLD,5.688,1.088,10.788,26.441,67.3,3.529,country_area_weighted_mean,6,synthetic
2022-04-25,BEL,9.914,5.314,15.014,34.093,64.99,3.682,country_area_weighted_mean,6,synthetic
2022-04-25,ITA,12.221,7.621,17.321,38.056,63.15,3.761,country_area_weighted_mean,6,synthetic
2022-04-25,ESP,11.446,6.846,16.546,29.478,60.68,3.59,country_area_weighted_mean,6,synthetic
2022-04-25,POL,6.583,1.983,11.683,54.355,79.57,4.087,country_area_weighted_mean,6,synthetic
2022-04-25,HUN,11.296,6.696,16.396,59.581,74.04,4.192,country_area_weighted_mean,6,synthetic
2022-04-25,ROU,7.52,2.92,12.62,58.261,73.05,4.165,country_area_weighted_mean,6,synthetic
2022-04-25,BGR,12.815,8.215,17.915,44.372,71.66,3.887,country_area_weighted_mean,6,synthetic
2022-04-25,SRB,9.383,4.783,14.483,41.259,63.71,3.825,country_area_weighted_mean,6,synthetic
2022-04-25,UKR,8.652,4.052,13.752,39.697,63.38,3.794,country_area_weighted_mean,6,synthetic
2022-04-25,MDA,8.422,3.822,13.522,49.934,64.11,3.999,country_area_weighted_mean,6,synthetic
2022-04-25,RUS,4.19,-0.41,9.29,30.534,65.54,3.611,country_area_weighted_mean,6,synthetic
2022-04-25,TUR,13.188,8.588,18.288,28.052,61.3,3.561,country_area_weighted_mean,6,synthetic
2022-04-25,GEO,11.179,6.579,16.279,62.918,69.77,4.258,country_area_weighted_mean,6,synthetic
2022-04-25,ISR,17.568,12.968,22.668,30.657,57.33,3.613,country_area_weighted_mean,6,synthetic
2022-04-25,EGY,16.617,12.017,21.717,24.86,60.77,3.497,country_area_weighted_mean,6,synthetic
2022-04-25,TUN,14.402,9.802,19.502,28.355,64.17,3.567,country_area_weighted_mean,6,synthetic
2022-04-25,MAR,15.403,10.803,20.503,37.967,60.82,3.759,country_area_weighted_mean,6,synthetic
2022-05-02,FRA,12.728,8.128,17.828,51.834,66.76,4.037,country_area_weighted_mean,6,synthetic
2022-05-02,DEU,7.937,3.337,13.037,37.539,66.08,3.751,country_area_weighted_mean,6,synthetic
2022-05-02,NLD,6.787,2.187,11.887,36.149,70.44,3.723,country_area_weighted_mean,6,synthetic
2022-05-02,BEL,11.368,6.768,16.468,30.622,61.43,3.612,country_area_weighted_mean,6,synthetic
2022-05-02,ITA,12.241,7.641,17.341,26.321,60.44,3.526,country_area_weighted_mean,6,synthetic
2022-05-02,ESP,11.745,7.145,16.845,24.333,57.64,3.487,country_area_weighted_mean,6,synthetic
2022-05-02,POL,7.886,3.286,12.986,53.99,77.16,4.08,country_area_weighted_mean,6,synthetic
2022-05-02,HUN,12.817,8.217,17.917,50.692,68.86,4.014,country_area_weighted_mean,6,synthetic
2022-05-02,ROU,10.495,5.895,15.595,51.251,72.71,4.025,country_area_weighted_mean,6,synthetic
2022-05-02,BGR,12.9,8.3,18.0,34.579,66.24,3.692,country_area_weighted_mean,6,synthetic
2022-05-02,SRB,11.026,6.426,16.126,44.33,67.45,3.887,country_area_weighted_mean,6,synthetic
2022-05-02,UKR,11.159,6.559,16.259,17.868,58.56,3.357,country_area_weighted_mean,6,synthetic
2022-05-02,MDA,10.505,5.905,15.605,39.086,58.81,3.782,country_area_weighted_mean,6,synthetic
2022-05-02,RUS,6.852,2.252,11.952,23.772,63.54,3.475,country_area_weighted_mean,6,synthetic
2022-05-02,TUR,14.53,9.93,19.63,28.951,58.32,3.579,country_area_weighted_mean,6,synthetic
2022-05-02,GEO,13.02,8.42,18.12,42.048,62.81,3.841,country_area_weighted_mean,6,synthetic
2022-05-02,ISR,17.931,13.331,23.031,32.956,59.09,3.659,country_area_weighted_mean,6,synthetic
2022-05-02,EGY,16.318,11.718,21.418,31.306,60.7,3.626,country_area_weighted_mean,6,synthetic
2022-05-02,TUN,14.812,10.212,19.912,42.875,66.38,3.857,country_area_weighted_mean,6,synthetic
2022-05-02,MAR,17.87,13.27,22.97,21.687,53.38,3.434,country_area_weighted_mean,6,synthetic
2022-05-09,FRA,15.368,10.768,20.468,29.08,61.08,3.582,country_area_weighted_mean,6,synthetic
2022-05-09,DEU,9.058,4.458,14.158,17.291,65.77,3.346,country_area_weighted_mean,6,synthetic
2022-05-09,NLD,9.437,4.837,14.537,30.506,69.34,3.61,country_area_weighted_mean,6,synthetic
2022-05-09,BEL,13.03,8.43,18.13,42.976,69.07,3.86,country_area_weighted_mean,6,synthetic
2022-05-09,ITA,13.82,9.22,18.92,22.438,58.47,3.449,country_area_weighted_mean,6,synthetic
2022-05-09,ESP,11.679,7.079,16.779,23.683,59.24,3.474,country_area_weighted_mean,6,synthetic
2022-05-09,POL,8.541,3.941,13.641,55.868,76.32,4.117,country_area_weighted_mean,6,synthetic
2022-05-09,HUN,13.381,8.781,18.481,58.822,74.88,4.176,country_area_weighted_mean,6,synthetic
2022-05-09,ROU,11.771,7.171,16.871,35.502,66.16,3.71,country_area_weighted_mean,6,synthetic
2022-05-09,BGR,13.921,9.321,19.021,25.14,63.12,3.503,country_area_weighted_mean,6,synthetic
2022-05-09,SRB,13.146,8.546,18.246,27.348,58.93,3.547,country_area_weighted_mean,6,synthetic
2022-05-09,UKR,11.272,6.672,16.372,34.327,61.54,3.687,country_area_weighted_mean,6,synthetic
2022-05-09,MDA,14.415,9.815,19.515,43.049,63.59,3.861,country_area_weighted_mean,6,synthetic
2022-05-09,RUS,9.937,5.337,15.037,25.158,64.64,3.503,country_area_weighted_mean,6,synthetic
2022-05-09,TUR,15.497,10.897,20.597,34.436,64.44,3.689,country_area_weighted_mean,6,synthetic
2022-05-09,GEO,14.564,9.964,19.664,27.181,63.39,3.544,country_area_weighted_mean,6,synthetic
2022-05-09,ISR,18.876,14.276,23.976,33.609,58.82,3.672,country_area_weighted_mean,6,synthetic
2022-05-09,EGY,17.239,12.639,22.339,19.983,62.01,3.4,country_area_weighted_mean,6,synthetic
2022-05-09,TUN,15.308,10.708,20.408,39.018,67.15,3.78,country_area_weighted_mean,6,synthetic
2022-05-09,MAR,18.226,13.626,23.326,30.691,55.24,3.614,country_area_weighted_mean,6,synthetic
2022-05-16,FRA,16.105,11.505,21.205,30.492,62.31,3.61,country_area_weighted_mean,6,synthetic
2022-05-16,DEU,12.584,7.984,17.684,24.088,64.45,3.482,country_area_weighted_mean,6,synthetic
2022-05-16,NLD,11.491,6.891,16.591,29.693,65.49,3.594,country_area_weighted_mean,6,synthetic
2022-05-16,BEL,16.271,11.671,21.371,44.662,64.39,3.893,country_area_weighted_mean,6,synthetic
2022-05-16,ITA,15.482,10.882,20.582,24.497,62.71,3.49,country_area_weighted_mean,6,synthetic
2022-05-16,ESP,14.228,9.628,19.328,38.519,64.32,3.77,country_area_weighted_mean,6,synthetic
2022-05-16,POL,11.401,6.801,16.501,32.391,70.28,3.648,country_area_weighted_mean,6,synthetic
2022-05-16,HUN,16.602,12.002,21.702,49.162,69.33,3.983,country_area_weighted_mean,6,synthetic
2022-05-16,ROU,12.969,8.369,18.069,26.271,60.74,3.525,country_area_weighted_mean,6,synthetic
2022-05-16,BGR,15.807,11.207,20.907,42.799,63.16,3.856,country_area_weighted_mean,6,synthetic
2022-05-16,SRB,13.883,9.283,18.983,25.979,63.09,3.52,country_area_weighted_mean,6,synthetic
2022-05-16,UKR,16.038,11.438,21.138,34.957,58.69,3.699,country_area_weighted_mean,6,synthetic
2022-05-16,MDA,15.062,10.462,20.162,48.497,65.47,3.97,country_area_weighted_mean,6,synthetic
2022-05-16,RUS,10.258,5.658,15.358,25.445,60.76,3.509,country_area_weighted_mean,6,synthetic
2022-05-16,TUR,15.869,11.269,20.969,32.886,61.95,3.658,country_area_weighted_mean,6,synthetic
2022-05-16,GEO,13.623,9.023,18.723,25.506,62.6,3.51,country_area_weighted_mean,6,synthetic
2022-05-16,ISR,19.78,15.18,24.88,21.497,57.43,3.43,country_area_weighted_mean,6,synthetic
2022-05-16,EGY,18.732,14.132,23.832,21.57,55.56,3.431,country_area_weighted_mean,6,synthetic
2022-05-16,TUN,19.288,14.688,24.388,21.335,58.73,3.427,country_area_weighted_mean,6,synthetic
2022-05-16,MAR,20.56,15.96,25.66,29.566,54.38,3.591,country_area_weighted_mean,6,synthetic
2022-05-23,FRA,18.258,13.658,23.358,45.289,66.99,3.906,country_area_weighted_mean,6,synthetic
2022-05-23,DEU,15.804,11.204,20.904,36.662,60.06,3.733,country_area_weighted_mean,6,synthetic
2022-05-23,NLD,14.025,9.425,19.125,26.605,63.65,3.532,country_area_weighted_mean,6,synthetic
2022-05-23,BEL,15.332,10.732,20.432,22.237,64.45,3.445,country_area_weighted_mean,6,synthetic
2022-05-23,ITA,16.763,12.163,21.863,26.429,63.29,3.529,country_area_weighted_mean,6,synthetic
2022-05-23,ESP,14.955,10.355,20.055,35.651,61.69,3.713,country_area_weighted_mean,6,synthetic
2022-05-23,POL,10.814,6.214,15.914,30.096,66.58,3.602,country_area_weighted_mean,6,synthetic
2022-05-23,HUN,17.856,13.256,22.956,40.0,64.15,3.8,country_area_weighted_mean,6,synthetic
2022-05-23,ROU,16.407,11.807,21.507,25.222,64.49,3.504,country_area_weighted_mean,6,synthetic
2022-05-23,BGR,16.896,12.296,21.996,38.807,63.69,3.776,country_area_weighted_mean,6,synthetic
2022-05-23,SRB,14.531,9.931,19.631,32.762,64.92,3.655,country_area_weighted_mean,6,synthetic
2022-05-23,UKR,17.811,13.211,22.911,46.328,64.13,3.927,country_area_weighted_mean,6,synthetic
2022-05-23,MDA,17.282,12.682,22.382,46.483,67.7,3.93,country_area_weighted_mean,6,synthetic
2022-05-23,RUS,12.9,8.3,18.0,27.69,64.19,3.554,country_area_weighted_mean,6,synthetic
2022-05-23,TUR,17.967,13.367,23.067,31.771,56.04,3.635,country_area_weighted_mean,6,synthetic
2022-05-23,GEO,14.786,10.186,19.886,17.98,60.9,3.36,country_area_weighted_mean,6,synthetic
2022-05-23,ISR,20.813,16.213,25.913,35.798,60.01,3.716,country_area_weighted_mean,6,synthetic
2022-05-23,EGY,18.947,14.347,24.047,20.587,55.9,3.412,country_area_weighted_mean,6,synthetic
2022-05-23,TUN,19.295,14.695,24.395,30.833,63.15,3.617,country_area_weighted_mean,6,synthetic
2022-05-23,MAR,20.165,15.565,25.265,27.018,58.3,3.54,country_area_weighted_mean,6,synthetic
2022-05-30,FRA,18.233,13.633,23.333,42.705,64.37,3.854,country_area_weighted_mean,6,synthetic
2022-05-30,DEU,14.429,9.829,19.529,45.025,68.12,3.901,country_area_weighted_mean,6,synthetic
2022-05-30,NLD,16.744,12.144,21.844,37.954,70.05,3.759,country_area_weighted_mean,6,synthetic
2022-05-30,BEL,17.826,13.226,22.926,28.245,66.27,3.565,country_area_weighted_mean,6,synthetic
2022-05-30,ITA,19.243,14.643,24.343,16.371,57.93,3.327,country_area_weighted_mean,6,synthetic
2022-05-30,ESP,16.298,11.698,21.398,26.555,61.23,3.531,country_area_weighted_mean,6,synthetic
2022-05-30,POL,13.369,8.769,18.469,24.099,61.26,3.482,country_area_weighted_mean,6,synthetic
2022-05-30,HUN,21.923,17.323,27.023,50.989,63.56,4.02,country_area_weighted_mean,6,synthetic
2022-05-30,ROU,16.964,12.364,22.064,26.431,59.66,3.529,country_area_weighted_mean,6,synthetic
2022-05-30,BGR,17.531,12.931,22.631,46.406,66.42,3.928,country_area_weighted_mean,6,synthetic
2022-05-30,SRB,16.637,12.037,21.737,37.471,66.01,3.749,country_area_weighted_mean,6,synthetic
2022-05-30,UKR,20.933,16.333,26.033,23.16,52.3,3.463,country_area_weighted_mean,6,synthetic
2022-05-30,MDA,16.662,12.062,21.762,32.756,60.48,3.655,country_area_weighted_mean,6,synthetic
2022-05-30,RUS,14.555,9.955,19.655,31.783,60.64,3.636,country_area_weighted_mean,6,synthetic
2022-05-30,TUR,20.739,16.139,25.839,16.199,55.89,3.324,country_area_weighted_mean,6,synthetic
2022-05-30,GEO,16.086,11.486,21.186,20.21,57.95,3.404,country_area_weighted_mean,6,synthetic
2022-05-30,ISR,24.708,20.108,29.808,25.588,57.02,3.512,country_area_weighted_mean,6,synthetic
2022-05-30,EGY,21.336,16.736,26.436,20.876,55.22,3.418,country_area_weighted_mean,6,synthetic
2022-05-30,TUN,19.145,14.545,24.245,30.471,57.88,3.609,country_area_weighted_mean,6,synthetic
2022-05-30,MAR,22.733,18.133,27.833,28.019,55.9,3.56,country_area_weighted_mean,6,synthetic
2022-06-06,FRA,19.426,14.826,24.526,25.394,59.96,3.508,country_area_weighted_mean,6,synthetic
2022-06-06,DEU,17.1,12.5,22.2,59.104,68.87,4.182,country_area_weighted_mean,6,synthetic
2022-06-06,NLD,18.849,14.249,23.949,36.927,69.07,3.739,country_area_weighted_mean,6,synthetic
2022-06-06,BEL,20.155,15.555,25.255,25.676,67.92,3.514,country_area_weighted_mean,6,synthetic
2022-06-06,ITA,18.917,14.317,24.017,20.149,58.25,3.403,country_area_weighted_mean,6,synthetic
2022-06-06,ESP,17.726,13.126,22.826,17.503,62.09,3.35,country_area_weighted_mean,6,synthetic
2022-06-06,POL,15.388,10.788,20.488,40.494,59.65,3.81,country_area_weighted_mean,6,synthetic
2022-06-06,HUN,22.7,18.1,27.8,37.639,60.89,3.753,country_area_weighted_mean,6,synthetic
2022-06-06,ROU,20.702,16.102,25.802,32.827,58.45,3.657,country_area_weighted_mean,6,synthetic
2022-06-06,BGR,18.466,13.866,23.566,22.42,58.52,3.448,country_area_weighted_mean,6,synthetic
2022-06-06,SRB,19.501,14.901,24.601,24.597,59.2,3.492,country_area_weighted_mean,6,synthetic
2022-06-06,UKR,22.454,17.854,27.554,18.936,53.65,3.379,country_area_weighted_mean,6,synthetic
2022-06-06,MDA,17.853,13.253,22.953,36.888,62.32,3.738,country_area_weighted_mean,6,synthetic
2022-06-06,RUS,16.057,11.457,21.157,19.578,58.48,3.392,country_area_weighted_mean,6,synthetic
2022-06-06,TUR,21.17,16.57,26.27,17.661,58.48,3.353,country_area_weighted_mean,6,synthetic
2022-06-06,GEO,17.486,12.886,22.586,24.223,61.11,3.484,country_area_weighted_mean,6,synthetic
2022-06-06,ISR,23.898,19.298,28.998,20.4,54.67,3.408,country_area_weighted_mean,6,synthetic
2022-06-06,EGY,23.732,19.132,28.832,29.108,59.3,3.582,country_area_weighted_mean,6,synthetic
2022-06-06,TUN,19.977,15.377,25.077,16.321,51.87,3.326,country_area_weighted_mean,6,synthetic
2022-06-06,MAR,21.956,17.356,27.056,19.957,52.44,3.399,country_area_weighted_mean,6,synthetic
2022-06-13,FRA,20.295,15.695,25.395,34.649,62.61,3.693,country_area_weighted_mean,6,synthetic
2022-06-13,DEU,19.52,14.92,24.62,30.888,65.43,3.618,country_area_weighted_mean,6,synthetic
2022-06-13,NLD,18.663,14.063,23.763,29.358,63.96,3.587,country_area_weighted_mean,6,synthetic
2022-06-13,BEL,19.228,14.628,24.328,19.584,62.35,3.392,country_area_weighted_mean,6,synthetic
2022-06-13,ITA,20.917,16.317,26.017,21.777,56.16,3.436,country_area_weighted_mean,6,synthetic
2022-06-13,ESP,20.979,16.379,26.079,18.209,59.17,3.364,country_area_weighted_mean,6,synthetic
2022-06-13,POL,16.598,11.998,21.698,25.148,59.48,3.503,country_area_weighted_mean,6,synthetic
2022-06-13,HUN,21.826,17.226,26.926,56.44,62.51,4.129,country_area_weighted_mean,6,synthetic
2022-06-13,ROU,21.145,16.545,26.245,44.075,62.36,3.881,country_area_weighted_mean,6,synthetic
2022-06-13,BGR,22.147,17.547,27.247,29.919,64.06,3.598,country_area_weighted_mean,6,synthetic
2022-06-13,SRB,20.028,15.428,25.128,29.965,59.84,3.599,country_area_weighted_mean,6,synthetic
2022-06-13,UKR,22.014,17.414,27.114,29.476,54.02,3.59,country_area_weighted_mean,6,synthetic
2022-06-13,MDA,19.669,15.069,24.769,25.441,53.89,3.509,country_area_weighted_mean,6,synthetic
2022-06-13,RUS,18.335,13.735,23.435,36.482,65.02,3.73,country_area_weighted_mean,6,synthetic
2022-06-13,TUR,20.391,15.791,25.491,18.516,57.29,3.37,country_area_weighted_mean,6,synthetic
2022-06-13,GEO,20.933,16.333,26.033,26.76,53.79,3.535,country_area_weighted_mean,6,synthetic
2022-06-13,ISR,24.552,19.952,29.652,22.526,54.34,3.451,country_area_weighted_mean,6,synthetic
2022-06-13,EGY,25.761,21.161,30.861,19.096,52.99,3.382,country_area_weighted_mean,6,synthetic
2022-06-13,TUN,22.36,17.76,27.46,32.044,58.17,3.641,country_area_weighted_mean,6,synthetic
2022-06-13,MAR,22.913,18.313,28.013,18.462,54.51,3.369,country_area_weighted_mean,6,synthetic
2022-06-20,FRA,24.217,19.617,29.317,27.652,58.56,3.553,country_area_weighted_mean,6,synthetic
2022-06-20,DEU,19.416,14.816,24.516,25.023,68.04,3.5,country_area_weighted_mean,6,synthetic
2022-06-20,NLD,18.487,13.887,23.587,9.885,56.5,3.198,country_area_weighted_mean,6,synthetic
2022-06-20,BEL,19.579,14.979,24.679,12.303,55.15,3.246,country_area_weighted_mean,6,synthetic
2022-06-20,ITA,22.766,18.166,27.866,21.071,56.8,3.421,country_area_weighted_mean,6,synthetic
2022-06-20,ESP,21.822,17.222,26.922,19.52,59.37,3.39,country_area_weighted_mean,6,synthetic
2022-06-20,POL,19.082,14.482,24.182,28.614,57.85,3.572,country_area_weighted_mean,6,synthetic
2022-06-20,HUN,23.195,18.595,28.295,31.433,57.93,3.629,country_area_weighted_mean,6,synthetic
2022-06-20,ROU,22.856,18.256,27.956,37.534,62.48,3.751,country_area_weighted_mean,6,synthetic
2022-06-20,BGR,22.822,18.222,27.922,36.564,62.99,3.731,country_area_weighted_mean,6,synthetic
2022-06-20,SRB,22.774,18.174,27.874,31.486,55.99,3.63,country_area_weighted_mean,6,synthetic
2022-06-20,UKR,21.477,16.877,26.577,22.395,53.04,3.448,country_area_weighted_mean,6,synthetic
2022-06-20,MDA,21.066,16.466,26.166,29.347,59.77,3.587,country_area_weighted_mean,6,synthetic
2022-06-20,RUS,19.947,15.347,25.047,26.439,61.73,3.529,country_area_weighted_mean,6,synthetic
2022-06-20,TUR,21.054,16.454,26.154,20.051,51.94,3.401,country_area_weighted_mean,6,synthetic
2022-06-20,GEO,23.096,18.496,28.196,25.739,59.21,3.515,country_area_weighted_mean,6,synthetic
2022-06-20,ISR,26.19,21.59,31.29,10.497,55.64,3.21,country_area_weighted_mean,6,synthetic
2022-06-20,EGY,27.342,22.742,32.442,13.325,49.45,3.267,country_area_weighted_mean,6,synthetic
2022-06-20,TUN,22.952,18.352,28.052,33.453,54.09,3.669,country_area_weighted_mean,6,synthetic
2022-06-20,MAR,24.11,19.51,29.21,12.369,54.36,3.247,country_area_weighted_mean,6,synthetic
2022-06-27,FRA,23.671,19.071,28.771,29.595,57.33,3.592,country_area_weighted_mean,6,synthetic
2022-06-27,DEU,20.992,16.392,26.092,16.616,63.01,3.332,country_area_weighted_mean,6,synthetic
2022-06-27,NLD,19.614,15.014,24.714,21.589,59.28,3.432,country_area_weighted_mean,6,synthetic
2022-06-27,BEL,21.5,16.9,26.6,19.27,55.37,3.385,country_area_weighted_mean,6,synthetic
2022-06-27,ITA,25.44,20.84,30.54,17.421,58.0,3.348,country_area_weighted_mean,6,synthetic
2022-06-27,ESP,22.808,18.208,27.908,30.865,60.52,3.617,country_area_weighted_mean,6,synthetic
2022-06-27,POL,18.99,14.39,24.09,20.574,57.5,3.411,country_area_weighted_mean,6,synthetic
2022-06-27,HUN,24.641,20.041,29.741,50.224,66.12,4.004,country_area_weighted_mean,6,synthetic
2022-06-27,ROU,22.27,17.67,27.37,28.858,61.56,3.577,country_area_weighted_mean,6,synthetic
2022-06-27,BGR,22.393,17.793,27.493,37.212,62.32,3.744,country_area_weighted_mean,6,synthetic
2022-06-27,SRB,25.279,20.679,30.379,18.683,56.08,3.374,country_area_weighted_mean,6,synthetic
2022-06-27,UKR,21.841,17.241,26.941,23.762,52.84,3.475,country_area_weighted_mean,6,synthetic
2022-06-27,MDA,24.566,19.966,29.666,17.138,54.89,3.343,country_area_weighted_mean,6,synthetic
2022-06-27,RUS,21.696,17.096,26.796,23.678,55.02,3.474,country_area_weighted_mean,6,synthetic
2022-06-27,TUR,21.063,16.463,26.163,22.314,52.84,3.446,country_area_weighted_mean,6,synthetic
2022-06-27,GEO,23.267,18.667,28.367,25.13,63.94,3.503,country_area_weighted_mean,6,synthetic
2022-06-27,ISR,24.691,20.091,29.791,18.822,58.64,3.376,country_area_weighted_mean,6,synthetic
2022-06-27,EGY,28.698,24.098,33.798,21.333,52.48,3.427,country_area_weighted_mean,6,synthetic
2022-06-27,TUN,23.625,19.025,28.725,25.134,56.02,3.503,country_area_weighted_mean,6,synthetic
2022-06-27,MAR,25.204,20.604,30.304,22.996,59.22,3.46,country_area_weighted_mean,6,synthetic
2022-07-04,FRA,23.248,18.648,28.348,19.487,49.12,3.39,country_area_weighted_mean,6,synthetic
2022-07-04,DEU,21.051,16.451,26.151,20.894,63.09,3.418,country_area_weighted_mean,6,synthetic
2022-07-04,NLD,22.103,17.503,27.203,13.967,59.94,3.279,country_area_weighted_mean,6,synthetic
2022-07-04,BEL,23.029,18.429,28.129,11.483,55.36,3.23,country_area_weighted_mean,6,synthetic
2022-07-04,ITA,24.178,19.578,29.278,22.947,60.33,3.459,country_area_weighted_mean,6,synthetic
2022-07-04,ESP,23.857,19.257,28.957,16.777,57.49,3.336,country_area_weighted_mean,6,synthetic
2022-07-04,POL,20.534,15.934,25.634,15.936,54.35,3.319,country_area_weighted_mean,6,synthetic
2022-07-04,HUN,25.34,20.74,30.44,36.392,59.43,3.728,country_area_weighted_mean,6,synthetic
2022-07-04,ROU,23.784,19.184,28.884,43.965,65.12,3.879,country_area_weighted_mean,6,synthetic
2022-07-04,BGR,22.856,18.256,27.956,20.17,57.02,3.403,country_area_weighted_mean,6,synthetic
2022-07-04,SRB,23.818,19.218,28.918,17.581,55.43,3.352,country_area_weighted_mean,6,synthetic
2022-07-04,UKR,23.561,18.961,28.661,35.814,54.31,3.716,country_area_weighted_mean,6,synthetic
2022-07-04,MDA,23.679,19.079,28.779,25.553,54.72,3.511,country_area_weighted_mean,6,synthetic
2022-07-04,RUS,22.914,18.314,28.014,18.448,49.94,3.369,country_area_weighted_mean,6,synthetic
2022-07-04,TUR,22.688,18.088,27.788,17.193,53.53,3.344,country_area_weighted_mean,6,synthetic
2022-07-04,GEO,22.984,18.384,28.084,20.726,59.62,3.415,country_area_weighted_mean,6,synthetic
2022-07-04,ISR,26.215,21.615,31.315,17.808,56.7,3.356,country_area_weighted_mean,6,synthetic
2022-07-04,EGY,30.387,25.787,35.487,20.707,50.47,3.414,country_area_weighted_mean,6,synthetic
2022-07-04,TUN,24.415,19.815,29.515,18.794,50.93,3.376,country_area_weighted_mean,6,synthetic
2022-07-04,MAR,25.014,20.414,30.114,33.579,56.43,3.672,country_area_weighted_mean,6,synthetic
2022-07-11,FRA,22.953,18.353,28.053,12.03,54.15,3.241,country_area_weighted_mean,6,synthetic
2022-07-11,DEU,23.407,18.807,28.507,26.861,56.99,3.537,country_area_weighted_mean,6,synthetic
2022-07-11,NLD,23.951,19.351,29.051,18.461,56.86,3.369,country_area_weighted_mean,6,synthetic
2022-07-11,BEL,24.175,19.575,29.275,22.153,58.9,3.443,country_area_weighted_mean,6,synthetic
2022-07-11,ITA,25.356,20.756,30.456,23.48,58.04,3.47,country_area_weighted_mean,6,synthetic
2022-07-11,ESP,24.303,19.703,29.403,12.684,51.42,3.254,country_area_weighted_mean,6,synthetic
2022-07-11,POL,23.784,19.184,28.884,19.254,53.85,3.385,country_area_weighted_mean,6,synthetic
2022-07-11,HUN,26.245,21.645,31.345,20.515,51.26,3.41,country_area_weighted_mean,6,synthetic
2022-07-11,ROU,25.488,20.888,30.588,33.61,57.45,3.672,country_area_weighted_mean,6,synthetic
2022-07-11,BGR,22.107,17.507,27.207,16.813,58.22,3.336,country_area_weighted_mean,6,synthetic
2022-07-11,SRB,25.022,20.422,30.122,22.337,57.24,3.447,country_area_weighted_mean,6,synthetic
2022-07-11,UKR,24.13,19.53,29.23,34.275,58.84,3.686,country_area_weighted_mean,6,synthetic
2022-07-11,MDA,25.289,20.689,30.389,28.535,57.25,3.571,country_area_weighted_mean,6,synthetic
2022-07-11,RUS,22.612,18.012,27.712,28.239,58.55,3.565,country_area_weighted_mean,6,synthetic
2022-07-11,TUR,22.287,17.687,27.387,15.883,54.15,3.318,country_area_weighted_mean,6,synthetic
2022-07-11,GEO,26.064,21.464,31.164,14.232,50.84,3.285,country_area_weighted_mean,6,synthetic
2022-07-11,ISR,28.688,24.088,33.788,14.363,52.56,3.287,country_area_weighted_mean,6,synthetic
2022-07-11,EGY,30.075,25.475,35.175,27.625,50.26,3.552,country_area_weighted_mean,6,synthetic
2022-07-11,TUN,26.593,21.993,31.693,16.302,49.06,3.326,country_area_weighted_mean,6,synthetic
2022-07-11,MAR,22.499,17.899,27.599,47.039,63.0,3.941,country_area_weighted_mean,6,synthetic
2022-07-18,FRA,20.425,15.825,25.525,21.52,60.95,3.43,country_area_weighted_mean,6,synthetic
2022-07-18,DEU,22.783,18.183,27.883,30.186,59.68,3.604,country_area_weighted_mean,6,synthetic
2022-07-18,NLD,23.3,18.7,28.4,18.709,55.9,3.374,country_area_weighted_mean,6,synthetic
2022-07-18,BEL,25.595,20.995,30.695,31.511,57.49,3.63,country_area_weighted_mean,6,synthetic
2022-07-18,ITA,28.243,23.643,33.343,16.076,56.25,3.322,country_area_weighted_mean,6,synthetic
2022-07-18,ESP,24.242,19.642,29.342,23.929,53.55,3.479,country_area_weighted_mean,6,synthetic
2022-07-18,POL,23.328,18.728,28.428,19.642,54.56,3.393,country_area_weighted_mean,6,synthetic
2022-07-18,HUN,27.022,22.422,32.122,16.548,50.96,3.331,country_area_weighted_mean,6,synthetic
2022-07-18,ROU,24.336,19.736,29.436,22.862,55.19,3.457,country_area_weighted_mean,6,synthetic
2022-07-18,BGR,22.496,17.896,27.596,16.894,52.28,3.338,country_area_weighted_mean,6,synthetic
2022-07-18,SRB,24.007,19.407,29.107,23.494,59.69,3.47,country_area_weighted_mean,6,synthetic
2022-07-18,UKR,27.195,22.595,32.295,24.938,52.74,3.499,country_area_weighted_mean,6,synthetic
2022-07-18,MDA,25.742,21.142,30.842,24.78,61.31,3.496,country_area_weighted_mean,6,synthetic
2022-07-18,RUS,22.32,17.72,27.42,30.788,61.36,3.616,country_area_weighted_mean,6,synthetic
2022-07-18,TUR,24.528,19.928,29.628,15.599,52.23,3.312,country_area_weighted_mean,6,synthetic
2022-07-18,GEO,25.765,21.165,30.865,11.975,49.52,3.24,country_area_weighted_mean,6,synthetic
2022-07-18,ISR,27.882,23.282,32.982,14.143,54.67,3.283,country_area_weighted_mean,6,synthetic
2022-07-18,EGY,29.343,24.743,34.443,11.853,45.05,3.237,country_area_weighted_mean,6,synthetic
2022-07-18,TUN,27.236,22.636,32.336,23.682,52.74,3.474,country_area_weighted_mean,6,synthetic
2022-07-18,MAR,23.953,19.353,29.053,29.387,56.92,3.588,country_area_weighted_mean,6,synthetic
2022-07-25,FRA,23.492,18.892,28.592,30.065,60.31,3.601,country_area_weighted_mean,6,synthetic
2022-07-25,DEU,23.448,18.848,28.548,28.094,61.79,3.562,country_area_weighted_mean,6,synthetic
2022-07-25,NLD,25.474,20.874,30.574,10.267,54.97,3.205,country_area_weighted_mean,6,synthetic
2022-07-25,BEL,25.114,20.514,30.214,13.849,53.02,3.277,country_area_weighted_mean,6,synthetic
2022-07-25,ITA,27.201,22.601,32.301,14.406,55.74,3.288,country_area_weighted_mean,6,synthetic
2022-07-25,ESP,25.476,20.876,30.576,13.387,55.65,3.268,country_area_weighted_mean,6,synthetic
2022-07-25,POL,23.734,19.134,28.834,23.502,58.37,3.47,country_area_weighted_mean,6,synthetic
2022-07-25,HUN,27.224,22.624,32.324,21.563,55.13,3.431,country_area_weighted_mean,6,synthetic
2022-07-25,ROU,25.33,20.73,30.43,15.349,53.42,3.307,country_area_weighted_mean,6,synthetic
2022-07-25,BGR,23.06,18.46,28.16,23.734,57.25,3.475,country_area_weighted_mean,6,synthetic
2022-07-25,SRB,25.364,20.764,30.464,18.391,50.95,3.368,country_area_weighted_mean,6,synthetic
2022-07-25,UKR,26.287,21.687,31.387,21.641,52.39,3.433,country_area_weighted_mean,6,synthetic
2022-07-25,MDA,24.057,19.457,29.157,34.1,60.08,3.682,country_area_weighted_mean,6,synthetic
2022-07-25,RUS,24.506,19.906,29.606,28.14,57.77,3.563,country_area_weighted_mean,6,synthetic
2022-07-25,TUR,22.574,17.974,27.674,17.49,54.4,3.35,country_area_weighted_mean,6,synthetic
2022-07-25,GEO,26.684,22.084,31.784,13.21,48.83,3.264,country_area_weighted_mean,6,synthetic
2022-07-25,ISR,26.169,21.569,31.269,17.566,54.26,3.351,country_area_weighted_mean,6,synthetic
2022-07-25,EGY,28.213,23.613,33.313,12.16,50.93,3.243,country_area_weighted_mean,6,synthetic
2022-07-25,TUN,27.158,22.558,32.258,17.448,55.33,3.349,country_area_weighted_mean,6,synthetic
2022-07-25,MAR,25.542,20.942,30.642,19.856,55.7,3.397,country_area_weighted_mean,6,synthetic
2022-08-01,FRA,23.842,19.242,28.942,31.023,57.06,3.62,country_area_weighted_mean,6,synthetic
2022-08-01,DEU,23.029,18.429,28.129,29.204,60.86,3.584,country_area_weighted_mean,6,synthetic
2022-08-01,NLD,24.935,20.335,30.035,16.365,54.4,3.327,country_area_weighted_mean,6,synthetic
2022-08-01,BEL,23.996,19.396,29.096,18.893,53.26,3.378,country_area_weighted_mean,6,synthetic
2022-08-01,ITA,26.683,22.083,31.783,11.951,50.64,3.239,country_area_weighted_mean,6,synthetic
2022-08-01,ESP,25.489,20.889,30.589,9.649,54.13,3.193,country_area_weighted_mean,6,synthetic
2022-08-01,POL,21.799,17.199,26.899,34.067,60.81,3.681,country_area_weighted_mean,6,synthetic
2022-08-01,HUN,27.281,22.681,32.381,14.641,50.35,3.293,country_area_weighted_mean,6,synthetic
2022-08-01,ROU,24.095,19.495,29.195,7.859,54.56,3.157,country_area_weighted_mean,6,synthetic
2022-08-01,BGR,24.018,19.418,29.118,20.628,51.28,3.413,country_area_weighted_mean,6,synthetic
2022-08-01,SRB,25.7,21.1,30.8,12.879,50.47,3.258,country_area_weighted_mean,6,synthetic
2022-08-01,UKR,26.023,21.423,31.123,26.73,53.28,3.535,country_area_weighted_mean,6,synthetic
2022-08-01,MDA,23.572,18.972,28.672,31.159,58.06,3.623,country_area_weighted_mean,6,synthetic
2022-08-01,RUS,25.298,20.698,30.398,17.454,53.25,3.349,country_area_weighted_mean,6,synthetic
2022-08-01,TUR,23.229,18.629,28.329,10.926,53.49,3.219,country_area_weighted_mean,6,synthetic
2022-08-01,GEO,28.346,23.746,33.446,21.396,52.64,3.428,country_area_weighted_mean,6,synthetic
2022-08-01,ISR,24.88,20.28,29.98,24.218,54.95,3.484,country_area_weighted_mean,6,synthetic
2022-08-01,EGY,26.798,22.198,31.898,7.817,51.16,3.156,country_area_weighted_mean,6,synthetic
2022-08-01,TUN,26.517,21.917,31.617,17.674,48.6,3.353,country_area_weighted_mean,6,synthetic
2022-08-01,MAR,24.917,20.317,30.017,11.604,55.03,3.232,country_area_weighted_mean,6,synthetic
2022-08-08,FRA,22.664,18.064,27.764,18.94,55.33,3.379,country_area_weighted_mean,6,synthetic
2022-08-08,DEU,22.303,17.703,27.403,16.366,53.66,3.327,country_area_weighted_mean,6,synthetic
2022-08-08,NLD,25.893,21.293,30.993,12.954,54.01,3.259,country_area_weighted_mean,6,synthetic
2022-08-08,BEL,23.993,19.393,29.093,14.542,52.93,3.291,country_area_weighted_mean,6,synthetic
2022-08-08,ITA,24.745,20.145,29.845,23.665,58.37,3.473,country_area_weighted_mean,6,synthetic
2022-08-08,ESP,26.106,21.506,31.206,17.192,57.89,3.344,country_area_weighted_mean,6,synthetic
2022-08-08,POL,21.878,17.278,26.978,24.54,58.59,3.491,country_area_weighted_mean,6,synthetic
2022-08-08,HUN,26.932,22.332,32.032,16.285,50.21,3.326,country_area_weighted_mean,6,synthetic
2022-08-08,ROU,24.259,19.659,29.359,14.618,51.91,3.292,country_area_weighted_mean,6,synthetic
2022-08-08,BGR,25.156,20.556,30.256,20.789,52.74,3.416,country_area_weighted_mean,6,synthetic
2022-08-08,SRB,25.547,20.947,30.647,7.81,49.88,3.156,country_area_weighted_mean,6,synthetic
2022-08-08,UKR,26.111,21.511,31.211,21.433,52.24,3.429,country_area_weighted_mean,6,synthetic
2022-08-08,MDA,21.482,16.882,26.582,20.501,55.06,3.41,country_area_weighted_mean,6,synthetic
2022-08-08,RUS,24.144,19.544,29.244,18.266,55.99,3.365,country_area_weighted_mean,6,synthetic
2022-08-08,TUR,24.121,19.521,29.221,7.105,57.43,3.142,country_area_weighted_mean,6,synthetic
2022-08-08,GEO,25.586,20.986,30.686,17.974,57.57,3.359,country_area_weighted_mean,6,synthetic
2022-08-08,ISR,24.114,19.514,29.214,13.858,54.88,3.277,country_area_weighted_mean,6,synthetic
2022-08-08,EGY,26.986,22.386,32.086,7.119,54.68,3.142,country_area_weighted_mean,6,synthetic
2022-08-08,TUN,26.23,21.63,31.33,16.363,50.49,3.327,country_area_weighted_mean,6,synthetic
2022-08-08,MAR,27.249,22.649,32.349,10.608,53.07,3.212,country_area_weighted_mean,6,synthetic
2022-08-15,FRA,22.529,17.929,27.629,14.435,54.6,3.289,country_area_weighted_mean,6,synthetic
2022-08-15,DEU,21.465,16.865,26.565,16.772,57.82,3.335,country_area_weighted_mean,6,synthetic
2022-08-15,NLD,25.651,21.051,30.751,10.607,51.96,3.212,country_area_weighted_mean,6,synthetic
2022-08-15,BEL,24.242,19.642,29.342,11.475,53.39,3.229,country_area_weighted_mean,6,synthetic
2022-08-15,ITA,26.225,21.625,31.325,19.2,55.79,3.384,country_area_weighted_mean,6,synthetic
2022-08-15,ESP,24.982,20.382,30.082,32.001,53.54,3.64,country_area_weighted_mean,6,synthetic
2022-08-15,POL,23.078,18.478,28.178,23.748,56.4,3.475,country_area_weighted_mean,6,synthetic
2022-08-15,HUN,26.676,22.076,31.776,18.714,51.09,3.374,country_area_weighted_mean,6,synthetic
2022-08-15,ROU,24.707,20.107,29.807,11.617,52.24,3.232,country_area_weighted_mean,6,synthetic
2022-08-15,BGR,21.739,17.139,26.839,23.794,58.07,3.476,country_area_weighted_mean,6,synthetic
2022-08-15,SRB,25.751,21.151,30.851,10.593,51.93,3.212,country_area_weighted_mean,6,synthetic
2022-08-15,UKR,26.715,22.115,31.815,31.353,51.89,3.627,country_area_weighted_mean,6,synthetic
2022-08-15,MDA,21.209,16.609,26.309,21.818,51.34,3.436,country_area_weighted_mean,6,synthetic
2022-08-15,RUS,23.685,19.085,28.785,12.32,53.58,3.246,country_area_weighted_mean,6,synthetic
2022-08-15,TUR,23.738,19.138,28.838,7.905,58.1,3.158,country_area_weighted_mean,6,synthetic
2022-08-15,GEO,24.852,20.252,29.952,20.845,60.65,3.417,country_area_weighted_mean,6,synthetic
2022-08-15,ISR,24.477,19.877,29.577,19.821,56.22,3.396,country_area_weighted_mean,6,synthetic
2022-08-15,EGY,25.111,20.511,30.211,12.813,52.28,3.256,country_area_weighted_mean,6,synthetic
2022-08-15,TUN,24.948,20.348,30.048,15.361,58.96,3.307,country_area_weighted_mean,6,synthetic
2022-08-15,MAR,28.342,23.742,33.442,11.367,46.52,3.227,country_area_weighted_mean,6,synthetic
2022-08-22,FRA,21.143,16.543,26.243,12.988,55.36,3.26,country_area_weighted_mean,6,synthetic
2022-08-22,DEU,22.733,18.133,27.833,16.446,55.96,3.329,country_area_weighted_mean,6,synthetic
2022-08-22,NLD,24.031,19.431,29.131,13.411,56.28,3.268,country_area_weighted_mean,6,synthetic
2022-08-22,BEL,23.999,19.399,29.099,14.161,58.04,3.283,country_area_weighted_mean,6,synthetic
2022-08-22,ITA,27.711,23.111,32.811,16.843,51.22,3.337,country_area_weighted_mean,6,synthetic
2022-08-22,ESP,24.645,20.045,29.745,29.212,55.98,3.584,country_area_weighted_mean,6,synthetic
2022-08-22,POL,21.557,16.957,26.657,29.987,58.56,3.6,country_area_weighted_mean,6,synthetic
2022-08-22,HUN,26.654,22.054,31.754,29.792,54.85,3.596,country_area_weighted_mean,6,synthetic
2022-08-22,ROU,24.408,19.808,29.508,14.048,52.61,3.281,country_area_weighted_mean,6,synthetic
2022-08-22,BGR,21.895,17.295,26.995,20.721,54.17,3.414,country_area_weighted_mean,6,synthetic
2022-08-22,SRB,23.962,19.362,29.062,9.073,52.53,3.181,country_area_weighted_mean,6,synthetic
2022-08-22,UKR,23.838,19.238,28.938,23.029,53.13,3.461,country_area_weighted_mean,6,synthetic
2022-08-22,MDA,20.232,15.632,25.332,19.764,56.29,3.395,country_area_weighted_mean,6,synthetic
2022-08-22,RUS,24.206,19.606,29.306,17.73,52.28,3.355,country_area_weighted_mean,6,synthetic
2022-08-22,TUR,22.719,18.119,27.819,16.637,60.99,3.333,country_area_weighted_mean,6,synthetic
2022-08-22,GEO,24.257,19.657,29.357,15.403,59.32,3.308,country_area_weighted_mean,6,synthetic
2022-08-22,ISR,25.324,20.724,30.424,17.932,54.53,3.359,country_area_weighted_mean,6,synthetic
2022-08-22,EGY,25.649,21.049,30.749,17.886,56.09,3.358,country_area_weighted_mean,6,synthetic
2022-08-22,TUN,25.599,20.999,30.699,25.492,55.31,3.51,country_area_weighted_mean,6,synthetic
2022-08-22,MAR,28.249,23.649,33.349,12.497,44.63,3.25,country_area_weighted_mean,6,synthetic
2022-08-29,FRA,22.588,17.988,27.688,14.639,56.89,3.293,country_area_weighted_mean,6,synthetic
2022-08-29,DEU,20.507,15.907,25.607,20.485,58.68,3.41,country_area_weighted_mean,6,synthetic
2022-08-29,NLD,24.358,19.758,29.458,12.187,54.64,3.244,country_area_weighted_mean,6,synthetic
2022-08-29,BEL,21.878,17.278,26.978,14.04,59.88,3.281,country_area_weighted_mean,6,synthetic
2022-08-29,ITA,26.886,22.286,31.986,12.022,47.95,3.24,country_area_weighted_mean,6,synthetic
2022-08-29,ESP,25.151,20.551,30.251,15.538,52.18,3.311,country_area_weighted_mean,6,synthetic
2022-08-29,POL,20.41,15.81,25.51,15.654,51.39,3.313,country_area_weighted_mean,6,synthetic
2022-08-29,HUN,24.324,19.724,29.424,10.58,53.65,3.212,country_area_weighted_mean,6,synthetic
2022-08-29,ROU,24.022,19.422,29.122,20.401,56.28,3.408,country_area_weighted_mean,6,synthetic
2022-08-29,BGR,22.831,18.231,27.931,17.349,54.67,3.347,country_area_weighted_mean,6,synthetic
2022-08-29,SRB,23.163,18.563,28.263,16.072,57.21,3.321,country_area_weighted_mean,6,synthetic
2022-08-29,UKR,21.653,17.053,26.753,13.419,53.17,3.268,country_area_weighted_mean,6,synthetic
2022-08-29,MDA,18.7,14.1,23.8,12.549,61.07,3.251,country_area_weighted_mean,6,synthetic
2022-08-29,RUS,20.736,16.136,25.836,19.786,57.49,3.396,country_area_weighted_mean,6,synthetic
2022-08-29,TUR,22.128,17.528,27.228,14.887,56.97,3.298,country_area_weighted_mean,6,synthetic
2022-08-29,GEO,23.31,18.71,28.41,13.62,57.66,3.272,country_area_weighted_mean,6,synthetic
2022-08-29,ISR,27.037,22.437,32.137,9.952,51.58,3.199,country_area_weighted_mean,6,synthetic
2022-08-29,EGY,25.025,20.425,30.125,12.325,56.42,3.247,country_area_weighted_mean,6,synthetic
2022-08-29,TUN,25.342,20.742,30.442,26.546,53.05,3.531,country_area_weighted_mean,6,synthetic
2022-08-29,MAR,27.793,23.193,32.893,12.564,53.52,3.251,country_area_weighted_mean,6,synthetic
2022-09-05,FRA,22.208,17.608,27.308,19.659,57.83,3.393,country_area_weighted_mean,6,synthetic
2022-09-05,DEU,20.051,15.451,25.151,22.853,60.59,3.457,country_area_weighted_mean,6,synthetic
2022-09-05,NLD,22.455,17.855,27.555,15.636,57.72,3.313,country_area_weighted_mean,6,synthetic
2022-09-05,BEL,20.22,15.62,25.32,12.585,59.25,3.252,country_area_weighted_mean,6,synthetic
2022-09-05,ITA,23.239,18.639,28.339,18.605,51.71,3.372,country_area_weighted_mean,6,synthetic
2022-09-05,ESP,23.945,19.345,29.045,13.6,57.27,3.272,country_area_weighted_mean,6,synthetic
2022-09-05,POL,19.326,14.726,24.426,26.707,56.82,3.534,country_area_weighted_mean,6,synthetic
2022-09-05,HUN,22.863,18.263,27.963,20.611,57.41,3.412,country_area_weighted_mean,6,synthetic
2022-09-05,ROU,20.846,16.246,25.946,26.296,57.13,3.526,country_area_weighted_mean,6,synthetic
2022-09-05,BGR,21.438,16.838,26.538,12.478,56.63,3.25,country_area_weighted_mean,6,synthetic
2022-09-05,SRB,22.99,18.39,28.09,18.26,54.7,3.365,country_area_weighted_mean,6,synthetic
2022-09-05,UKR,21.573,16.973,26.673,15.042,54.67,3.301,country_area_weighted_mean,6,synthetic
2022-09-05,MDA,17.658,13.058,22.758,10.037,54.8,3.201,country_area_weighted_mean,6,synthetic
2022-09-05,RUS,19.154,14.554,24.254,20.81,60.27,3.416,country_area_weighted_mean,6,synthetic
2022-09-05,TUR,23.783,19.183,28.883,18.056,56.97,3.361,country_area_weighted_mean,6,synthetic
2022-09-05,GEO,20.489,15.889,25.589,17.262,59.55,3.345,country_area_weighted_mean,6,synthetic
2022-09-05,ISR,26.593,21.993,31.693,13.728,54.96,3.275,country_area_weighted_mean,6,synthetic
2022-09-05,EGY,24.844,20.244,29.944,8.975,52.35,3.179,country_area_weighted_mean,6,synthetic
2022-09-05,TUN,24.717,20.117,29.817,17.138,56.68,3.343,country_area_weighted_mean,6,synthetic
2022-09-05,MAR,27.502,22.902,32.602,17.152,54.45,3.343,country_area_weighted_mean,6,synthetic
2022-09-12,FRA,18.613,14.013,23.713,20.373,57.11,3.407,country_area_weighted_mean,6,synthetic
2022-09-12,DEU,18.651,14.051,23.751,18.062,55.38,3.361,country_area_weighted_mean,6,synthetic
2022-09-12,NLD,21.166,16.566,26.266,16.628,56.62,3.333,country_area_weighted_mean,6,synthetic
2022-09-12,BEL,22.112,17.512,27.212,22.397,54.81,3.448,country_area_weighted_mean,6,synthetic
2022-09-12,ITA,23.054,18.454,28.154,10.786,52.07,3.216,country_area_weighted_mean,6,synthetic
2022-09-12,ESP,22.213,17.613,27.313,13.04,58.83,3.261,country_area_weighted_mean,6,synthetic
2022-09-12,POL,17.225,12.625,22.325,23.417,58.24,3.468,country_area_weighted_mean,6,synthetic
2022-09-12,HUN,19.766,15.166,24.866,34.909,59.42,3.698,country_area_weighted_mean,6,synthetic
2022-09-12,ROU,21.21,16.61,26.31,23.084,52.94,3.462,country_area_weighted_mean,6,synthetic
2022-09-12,BGR,19.739,15.139,24.839,16.471,55.78,3.329,country_area_weighted_mean,6,synthetic
2022-09-12,SRB,22.476,17.876,27.576,14.749,52.27,3.295,country_area_weighted_mean,6,synthetic
2022-09-12,UKR,19.603,15.003,24.703,13.362,53.7,3.267,country_area_weighted_mean,6,synthetic
2022-09-12,MDA,18.628,14.028,23.728,17.228,55.89,3.345,country_area_weighted_mean,6,synthetic
2022-09-12,RUS,19.008,14.408,24.108,28.414,60.97,3.568,country_area_weighted_mean,6,synthetic
2022-09-12,TUR,22.114,17.514,27.214,13.891,54.24,3.278,country_area_weighted_mean,6,synthetic
2022-09-12,GEO,19.895,15.295,24.995,16.461,58.44,3.329,country_area_weighted_mean,6,synthetic
2022-09-12,ISR,26.472,21.872,31.572,17.775,51.17,3.356,country_area_weighted_mean,6,synthetic
2022-09-12,EGY,25.375,20.775,30.475,6.742,57.64,3.135,country_area_weighted_mean,6,synthetic
2022-09-12,TUN,23.112,18.512,28.212,24.402,59.12,3.488,country_area_weighted_mean,6,synthetic
2022-09-12,MAR,25.632,21.032,30.732,7.882,50.3,3.158,country_area_weighted_mean,6,synthetic
2022-09-19,FRA,18.344,13.744,23.444,19.563,57.73,3.391,country_area_weighted_mean,6,synthetic
2022-09-19,DEU,15.552,10.952,20.652,20.277,58.69,3.406,country_area_weighted_mean,6,synthetic
2022-09-19,NLD,20.63,16.03,25.73,19.873,61.97,3.397,country_area_weighted_mean,6,synthetic
2022-09-19,BEL,19.445,14.845,24.545,20.553,55.5,3.411,country_area_weighted_mean,6,synthetic
2022-09-19,ITA,20.578,15.978,25.678,17.086,55.71,3.342,country_area_weighted_mean,6,synthetic
2022-09-19,ESP,19.541,14.941,24.641,10.417,58.79,3.208,country_area_weighted_mean,6,synthetic
2022-09-19,POL,16.077,11.477,21.177,13.875,58.12,3.277,country_area_weighted_mean,6,synthetic
2022-09-19,HUN,19.281,14.681,24.381,35.856,60.68,3.717,country_area_weighted_mean,6,synthetic
2022-09-19,ROU,19.351,14.751,24.451,32.103,58.2,3.642,country_area_weighted_mean,6,synthetic
2022-09-19,BGR,20.001,15.401,25.101,19.112,62.29,3.382,country_area_weighted_mean,6,synthetic
2022-09-19,SRB,19.31,14.71,24.41,25.097,60.79,3.502,country_area_weighted_mean,6,synthetic
2022-09-19,UKR,19.167,14.567,24.267,16.662,56.52,3.333,country_area_weighted_mean,6,synthetic
2022-09-19,MDA,17.904,13.304,23.004,20.34,56.63,3.407,country_area_weighted_mean,6,synthetic
2022-09-19,RUS,15.163,10.563,20.263,32.698,64.05,3.654,country_area_weighted_mean,6,synthetic
2022-09-19,TUR,21.009,16.409,26.109,13.353,56.04,3.267,country_area_weighted_mean,6,synthetic
2022-09-19,GEO,18.105,13.505,23.205,17.809,62.79,3.356,country_area_weighted_mean,6,synthetic
2022-09-19,ISR,24.831,20.231,29.931,16.197,51.19,3.324,country_area_weighted_mean,6,synthetic
2022-09-19,EGY,26.239,21.639,31.339,12.47,53.7,3.249,country_area_weighted_mean,6,synthetic
2022-09-19,TUN,23.301,18.701,28.401,30.168,60.32,3.603,country_area_weighted_mean,6,synthetic
2022-09-19,MAR,23.877,19.277,28.977,12.591,59.57,3.252,country_area_weighted_mean,6,synthetic
2022-09-26,FRA,17.753,13.153,22.853,13.195,53.59,3.264,country_area_weighted_mean,6,synthetic
2022-09-26,DEU,16.847,12.247,21.947,19.211,54.14,3.384,country_area_weighted_mean,6,synthetic
2022-09-26,NLD,18.785,14.185,23.885,18.365,58.1,3.367,country_area_weighted_mean,6,synthetic
2022-09-26,BEL,16.284,11.684,21.384,28.64,57.36,3.573,country_area_weighted_mean,6,synthetic
2022-09-26,ITA,21.101,16.501,26.201,16.873,54.45,3.337,country_area_weighted_mean,6,synthetic
2022-09-26,ESP,17.225,12.625,22.325,12.289,60.76,3.246,country_area_weighted_mean,6,synthetic
2022-09-26,POL,14.276,9.676,19.376,19.35,54.69,3.387,country_area_weighted_mean,6,synthetic
2022-09-26,HUN,17.933,13.333,23.033,19.637,57.53,3.393,country_area_weighted_mean,6,synthetic
2022-09-26,ROU,16.883,12.283,21.983,37.932,61.48,3.759,country_area_weighted_mean,6,synthetic
2022-09-26,BGR,18.657,14.057,23.757,24.556,59.1,3.491,country_area_weighted_mean,6,synthetic
2022-09-26,SRB,19.046,14.446,24.146,26.111,62.43,3.522,country_area_weighted_mean,6,synthetic
2022-09-26,UKR,17.74,13.14,22.84,13.222,53.29,3.264,country_area_weighted_mean,6,synthetic
2022-09-26,MDA,17.719,13.119,22.819,17.929,57.16,3.359,country_area_weighted_mean,6,synthetic
2022-09-26,RUS,15.424,10.824,20.524,31.092,63.95,3.622,country_area_weighted_mean,6,synthetic
2022-09-26,TUR,21.214,16.614,26.314,22.498,56.26,3.45,country_area_weighted_mean,6,synthetic
2022-09-26,GEO,17.07,12.47,22.17,12.298,57.17,3.246,country_area_weighted_mean,6,synthetic
2022-09-26,ISR,23.216,18.616,28.316,12.868,51.55,3.257,country_area_weighted_mean,6,synthetic
2022-09-26,EGY,24.034,19.434,29.134,8.982,53.95,3.18,country_area_weighted_mean,6,synthetic
2022-09-26,TUN,22.118,17.518,27.218,20.064,59.87,3.401,country_area_weighted_mean,6,synthetic
2022-09-26,MAR,22.272,17.672,27.372,23.672,64.13,3.473,country_area_weighted_mean,6,synthetic
2022-10-03,FRA,15.903,11.303,21.003,9.713,58.34,3.194,country_area_weighted_mean,6,synthetic
2022-10-03,DEU,14.085,9.485,19.185,21.558,56.35,3.431,country_area_weighted_mean,6,synthetic
2022-10-03,NLD,16.059,11.459,21.159,13.198,58.65,3.264,country_area_weighted_mean,6,synthetic
2022-10-03,BEL,14.621,10.021,19.721,16.809,57.79,3.336,country_area_weighted_mean,6,synthetic
2022-10-03,ITA,17.434,12.834,22.534,15.275,54.86,3.306,country_area_weighted_mean,6,synthetic
2022-10-03,ESP,16.777,12.177,21.877,15.889,56.86,3.318,country_area_weighted_mean,6,synthetic
2022-10-03,POL,13.279,8.679,18.379,17.098,57.28,3.342,country_area_weighted_mean,6,synthetic
2022-10-03,HUN,16.463,11.863,21.563,30.029,58.52,3.601,country_area_weighted_mean,6,synthetic
2022-10-03,ROU,15.092,10.492,20.192,25.685,62.91,3.514,country_area_weighted_mean,6,synthetic
2022-10-03,BGR,16.827,12.227,21.927,20.695,62.41,3.414,country_area_weighted_mean,6,synthetic
2022-10-03,SRB,17.933,13.333,23.033,20.935,62.52,3.419,country_area_weighted_mean,6,synthetic
2022-10-03,UKR,17.888,13.288,22.988,18.719,53.85,3.374,country_area_weighted_mean,6,synthetic
2022-10-03,MDA,16.541,11.941,21.641,16.643,60.03,3.333,country_area_weighted_mean,6,synthetic
2022-10-03,RUS,15.731,11.131,20.831,25.377,61.55,3.508,country_area_weighted_mean,6,synthetic
2022-10-03,TUR,17.559,12.959,22.659,20.161,52.45,3.403,country_area_weighted_mean,6,synthetic
2022-10-03,GEO,16.099,11.499,21.199,35.14,67.82,3.703,country_area_weighted_mean,6,synthetic
2022-10-03,ISR,20.681,16.081,25.781,10.662,54.52,3.213,country_area_weighted_mean,6,synthetic
2022-10-03,EGY,23.266,18.666,28.366,11.468,56.03,3.229,country_area_weighted_mean,6,synthetic
2022-10-03,TUN,20.887,16.287,25.987,33.666,59.17,3.673,country_area_weighted_mean,6,synthetic
2022-10-03,MAR,21.263,16.663,26.363,11.319,62.57,3.226,country_area_weighted_mean,6,synthetic
2022-10-10,FRA,15.191,10.591,20.291,24.203,55.74,3.484,country_area_weighted_mean,6,synthetic
2022-10-10,DEU,11.201,6.601,16.301,18.534,57.21,3.371,country_area_weighted_mean,6,synthetic
2022-10-10,NLD,15.821,11.221,20.921,18.217,59.13,3.364,country_area_weighted_mean,6,synthetic
2022-10-10,BEL,13.904,9.304,19.004,21.455,62.17,3.429,country_area_weighted_mean,6,synthetic
2022-10-10,ITA,14.312,9.712,19.412,16.364,56.56,3.327,country_area_weighted_mean,6,synthetic
2022-10-10,ESP,16.669,12.069,21.769,10.727,59.13,3.215,country_area_weighted_mean,6,synthetic
2022-10-10,POL,11.452,6.852,16.552,23.426,64.9,3.469,country_area_weighted_mean,6,synthetic
2022-10-10,HUN,13.75,9.15,18.85,35.81,58.94,3.716,country_area_weighted_mean,6,synthetic
2022-10-10,ROU,15.909,11.309,21.009,29.979,68.21,3.6,country_area_weighted_mean,6,synthetic
2022-10-10,BGR,15.917,11.317,21.017,12.075,59.19,3.242,country_area_weighted_mean,6,synthetic
2022-10-10,SRB,14.501,9.901,19.601,35.049,67.26,3.701,country_area_weighted_mean,6,synthetic
2022-10-10,UKR,13.814,9.214,18.914,34.058,63.25,3.681,country_area_weighted_mean,6,synthetic
2022-10-10,MDA,14.524,9.924,19.624,23.21,62.68,3.464,country_area_weighted_mean,6,synthetic
2022-10-10,RUS,13.39,8.79,18.49,17.729,63.36,3.355,country_area_weighted_mean,6,synthetic
2022-10-10,TUR,16.79,12.19,21.89,13.725,53.7,3.275,country_area_weighted_mean,6,synthetic
2022-10-10,GEO,14.298,9.698,19.398,12.667,64.35,3.253,country_area_weighted_mean,6,synthetic
2022-10-10,ISR,18.943,14.343,24.043,9.978,54.68,3.2,country_area_weighted_mean,6,synthetic
2022-10-10,EGY,23.144,18.544,28.244,13.736,57.73,3.275,country_area_weighted_mean,6,synthetic
2022-10-10,TUN,17.807,13.207,22.907,21.235,60.66,3.425,country_area_weighted_mean,6,synthetic
2022-10-10,MAR,20.103,15.503,25.203,28.117,65.42,3.562,country_area_weighted_mean,6,synthetic
2022-10-17,FRA,13.468,8.868,18.568,26.653,61.34,3.533,country_area_weighted_mean,6,synthetic
2022-10-17,DEU,9.103,4.503,14.203,24.086,64.17,3.482,country_area_weighted_mean,6,synthetic
2022-10-17,NLD,13.191,8.591,18.291,18.585,62.74,3.372,country_area_weighted_mean,6,synthetic
2022-10-17,BEL,12.481,7.881,17.581,22.832,65.2,3.457,country_area_weighted_mean,6,synthetic
2022-10-17,ITA,15.589,10.989,20.689,18.872,55.41,3.377,country_area_weighted_mean,6,synthetic
2022-10-17,ESP,13.974,9.374,19.074,13.028,60.17,3.261,country_area_weighted_mean,6,synthetic
2022-10-17,POL,10.761,6.161,15.861,17.509,60.94,3.35,country_area_weighted_mean,6,synthetic
2022-10-17,HUN,12.123,7.523,17.223,31.054,63.22,3.621,country_area_weighted_mean,6,synthetic
2022-10-17,ROU,14.178,9.578,19.278,24.134,65.25,3.483,country_area_weighted_mean,6,synthetic
2022-10-17,BGR,14.94,10.34,20.04,14.675,57.39,3.293,country_area_weighted_mean,6,synthetic
2022-10-17,SRB,12.632,8.032,17.732,32.762,62.31,3.655,country_area_weighted_mean,6,synthetic
2022-10-17,UKR,13.289,8.689,18.389,40.898,67.74,3.818,country_area_weighted_mean,6,synthetic
2022-10-17,MDA,12.124,7.524,17.224,30.758,67.57,3.615,country_area_weighted_mean,6,synthetic
2022-10-17,RUS,10.509,5.909,15.609,13.278,58.34,3.266,country_area_weighted_mean,6,synthetic
2022-10-17,TUR,17.084,12.484,22.184,14.867,52.54,3.297,country_area_weighted_mean,6,synthetic
2022-10-17,GEO,12.947,8.347,18.047,11.532,59.24,3.231,country_area_weighted_mean,6,synthetic
2022-10-17,ISR,18.534,13.934,23.634,10.995,51.99,3.22,country_area_weighted_mean,6,synthetic
2022-10-17,EGY,22.012,17.412,27.112,15.003,59.18,3.3,country_area_weighted_mean,6,synthetic
2022-10-17,TUN,14.545,9.945,19.645,18.407,62.97,3.368,country_area_weighted_mean,6,synthetic
2022-10-17,MAR,16.536,11.936,21.636,21.855,64.21,3.437,country_area_weighted_mean,6,synthetic
2022-10-24,FRA,10.06,5.46,15.16,29.757,62.74,3.595,country_area_weighted_mean,6,synthetic
2022-10-24,DEU,7.297,2.697,12.397,24.971,64.61,3.499,country_area_weighted_mean,6,synthetic
2022-10-24,NLD,11.8,7.2,16.9,20.862,60.9,3.417,country_area_weighted_mean,6,synthetic
2022-10-24,BEL,10.817,6.217,15.917,40.269,69.28,3.805,country_area_weighted_mean,6,synthetic
2022-10-24,ITA,13.676,9.076,18.776,20.341,58.03,3.407,country_area_weighted_mean,6,synthetic
2022-10-24,ESP,11.201,6.601,16.301,12.671,63.36,3.253,country_area_weighted_mean,6,synthetic
2022-10-24,POL,7.927,3.327,13.027,14.507,59.29,3.29,country_area_weighted_mean,6,synthetic
2022-10-24,HUN,7.435,2.835,12.535,25.275,61.86,3.506,country_area_weighted_mean,6,synthetic
2022-10-24,ROU,10.704,6.104,15.804,17.546,65.17,3.351,country_area_weighted_mean,6,synthetic
2022-10-24,BGR,14.387,9.787,19.487,25.784,62.96,3.516,country_area_weighted_mean,6,synthetic
2022-10-24,SRB,11.894,7.294,16.994,27.497,58.4,3.55,country_area_weighted_mean,6,synthetic
2022-10-24,UKR,8.6,4.0,13.7,21.519,67.51,3.43,country_area_weighted_mean,6,synthetic
2022-10-24,MDA,9.654,5.054,14.754,21.266,68.22,3.425,country_area_weighted_mean,6,synthetic
2022-10-24,RUS,6.549,1.949,11.649,17.12,57.93,3.342,country_area_weighted_mean,6,synthetic
2022-10-24,TUR,14.914,10.314,20.014,13.954,51.2,3.279,country_area_weighted_mean,6,synthetic
2022-10-24,GEO,11.93,7.33,17.03,22.705,63.12,3.454,country_area_weighted_mean,6,synthetic
2022-10-24,ISR,16.302,11.702,21.402,11.232,56.23,3.225,country_area_weighted_mean,6,synthetic
2022-10-24,EGY,19.259,14.659,24.359,22.461,62.25,3.449,country_area_weighted_mean,6,synthetic
2022-10-24,TUN,14.04,9.44,19.14,20.183,58.69,3.404,country_area_weighted_mean,6,synthetic
2022-10-24,MAR,16.058,11.458,21.158,17.672,63.12,3.353,country_area_weighted_mean,6,synthetic
2022-10-31,FRA,8.213,3.613,13.313,39.151,63.95,3.783,country_area_weighted_mean,6,synthetic
2022-10-31,DEU,4.539,-0.061,9.639,40.989,64.69,3.82,country_area_weighted_mean,6,synthetic
2022-10-31,NLD,5.701,1.101,10.801,17.814,64.8,3.356,country_area_weighted_mean,6,synthetic
2022-10-31,BEL,8.421,3.821,13.521,23.777,63.89,3.476,country_area_weighted_mean,6,synthetic
2022-10-31,ITA,12.484,7.884,17.584,20.354,59.06,3.407,country_area_weighted_mean,6,synthetic
2022-10-31,ESP,9.598,4.998,14.698,11.836,62.69,3.237,country_area_weighted_mean,6,synthetic
2022-10-31,POL,5.411,0.811,10.511,12.746,62.13,3.255,country_area_weighted_mean,6,synthetic
2022-10-31,HUN,7.635,3.035,12.735,27.089,62.45,3.542,country_area_weighted_mean,6,synthetic
2022-10-31,ROU,6.785,2.185,11.885,23.702,66.34,3.474,country_area_weighted_mean,6,synthetic
2022-10-31,BGR,11.528,6.928,16.628,26.059,63.59,3.521,country_area_weighted_mean,6,synthetic
2022-10-31,SRB,10.337,5.737,15.437,24.778,65.86,3.496,country_area_weighted_mean,6,synthetic
2022-10-31,UKR,7.808,3.208,12.908,15.207,63.23,3.304,country_area_weighted_mean,6,synthetic
2022-10-31,MDA,7.349,2.749,12.449,19.764,66.18,3.395,country_area_weighted_mean,6,synthetic
2022-10-31,RUS,4.339,-0.261,9.439,15.849,62.32,3.317,country_area_weighted_mean,6,synthetic
2022-10-31,TUR,10.217,5.617,15.317,18.399,56.11,3.368,country_area_weighted_mean,6,synthetic
2022-10-31,GEO,9.368,4.768,14.468,34.779,66.95,3.696,country_area_weighted_mean,6,synthetic
2022-10-31,ISR,15.473,10.873,20.573,15.891,57.62,3.318,country_area_weighted_mean,6,synthetic
2022-10-31,EGY,16.829,12.229,21.929,12.014,56.55,3.24,country_area_weighted_mean,6,synthetic
2022-10-31,TUN,12.746,8.146,17.846,14.531,58.3,3.291,country_area_weighted_mean,6,synthetic
2022-10-31,MAR,13.849,9.249,18.949,22.011,65.23,3.44,country_area_weighted_mean,6,synthetic
2022-11-07,FRA,4.985,0.385,10.085,36.28,69.61,3.726,country_area_weighted_mean,6,synthetic
2022-11-07,DEU,3.142,-1.458,8.242,27.718,61.93,3.554,country_area_weighted_mean,6,synthetic
2022-11-07,NLD,1.796,-2.804,6.896,12.736,65.86,3.255,country_area_weighted_mean,6,synthetic
2022-11-07,BEL,5.235,0.635,10.335,19.74,60.24,3.395,country_area_weighted_mean,6,synthetic
2022-11-07,ITA,11.113,6.513,16.213,26.775,57.08,3.536,country_area_weighted_mean,6,synthetic
2022-11-07,ESP,7.449,2.849,12.549,13.453,63.78,3.269,country_area_weighted_mean,6,synthetic
2022-11-07,POL,4.281,-0.319,9.381,12.771,66.02,3.255,country_area_weighted_mean,6,synthetic
2022-11-07,HUN,5.712,1.112,10.812,17.085,60.2,3.342,country_area_weighted_mean,6,synthetic
2022-11-07,ROU,4.55,-0.05,9.65,22.868,68.82,3.457,country_area_weighted_mean,6,synthetic
2022-11-07,BGR,9.74,5.14,14.84,18.301,60.0,3.366,country_area_weighted_mean,6,synthetic
2022-11-07,SRB,9.449,4.849,14.549,32.444,66.4,3.649,country_area_weighted_mean,6,synthetic
2022-11-07,UKR,8.257,3.657,13.357,18.185,67.51,3.364,country_area_weighted_mean,6,synthetic
2022-11-07,MDA,5.112,0.512,10.212,20.946,67.14,3.419,country_area_weighted_mean,6,synthetic
2022-11-07,RUS,3.092,-1.508,8.192,29.317,67.25,3.586,country_area_weighted_mean,6,synthetic
2022-11-07,TUR,8.626,4.026,13.726,25.642,62.08,3.513,country_area_weighted_mean,6,synthetic
2022-11-07,GEO,7.311,2.711,12.411,26.846,71.48,3.537,country_area_weighted_mean,6,synthetic
2022-11-07,ISR,13.731,9.131,18.831,11.98,61.29,3.24,country_area_weighted_mean,6,synthetic
2022-11-07,EGY,16.179,11.579,21.279,15.107,58.75,3.302,country_area_weighted_mean,6,synthetic
2022-11-07,TUN,12.153,7.553,17.253,18.211,58.36,3.364,country_area_weighted_mean,6,synthetic
2022-11-07,MAR,13.941,9.341,19.041,18.21,58.22,3.364,country_area_weighted_mean,6,synthetic
2022-11-14,FRA,1.295,-3.305,6.395,26.006,63.42,3.52,country_area_weighted_mean,6,synthetic
2022-11-14,DEU,1.164,-3.436,6.264,31.956,66.46,3.639,country_area_weighted_mean,6,synthetic
2022-11-14,NLD,1.32,-3.28,6.42,26.118,67.52,3.522,country_area_weighted_mean,6,synthetic
2022-11-14,BEL,3.549,-1.051,8.649,15.875,63.29,3.317,country_area_weighted_mean,6,synthetic
2022-11-14,ITA,7.367,2.767,12.467,17.989,62.2,3.36,country_area_weighted_mean,6,synthetic
2022-11-14,ESP,5.082,0.482,10.182,18.149,63.5,3.363,country_area_weighted_mean,6,synthetic
2022-11-14,POL,4.098,-0.502,9.198,15.745,64.43,3.315,country_area_weighted_mean,6,synthetic
2022-11-14,HUN,1.65,-2.95,6.75,19.731,62.21,3.395,country_area_weighted_mean,6,synthetic
2022-11-14,ROU,0.112,-4.488,5.212,21.018,72.54,3.42,country_area_weighted_mean,6,synthetic
2022-11-14,BGR,8.304,3.704,13.404,22.692,63.63,3.454,country_area_weighted_mean,6,synthetic
2022-11-14,SRB,8.343,3.743,13.443,40.156,67.13,3.803,country_area_weighted_mean,6,synthetic
2022-11-14,UKR,5.873,1.273,10.973,22.198,67.05,3.444,country_area_weighted_mean,6,synthetic
2022-11-14,MDA,1.905,-2.695,7.005,26.063,67.12,3.521,country_area_weighted_mean,6,synthetic
2022-11-14,RUS,0.984,-3.616,6.084,37.366,69.95,3.747,country_area_weighted_mean,6,synthetic
2022-11-14,TUR,9.348,4.748,14.448,19.266,64.46,3.385,country_area_weighted_mean,6,synthetic
2022-11-14,GEO,2.817,-1.783,7.917,23.893,75.17,3.478,country_area_weighted_mean,6,synthetic
2022-11-14,ISR,11.437,6.837,16.537,16.705,59.16,3.334,country_area_weighted_mean,6,synthetic
2022-11-14,EGY,17.589,12.989,22.689,26.953,61.13,3.539,country_area_weighted_mean,6,synthetic
2022-11-14,TUN,10.351,5.751,15.451,14.158,58.36,3.283,country_area_weighted_mean,6,synthetic
2022-11-14,MAR,13.238,8.638,18.338,19.554,57.55,3.391,country_area_weighted_mean,6,synthetic
2022-11-21,FRA,0.668,-3.932,5.768,27.441,65.19,3.549,country_area_weighted_mean,6,synthetic
2022-11-21,DEU,-1.428,-6.028,3.672,29.212,68.41,3.584,country_area_weighted_mean,6,synthetic
2022-11-21,NLD,-1.907,-6.507,3.193,16.156,64.21,3.323,country_area_weighted_mean,6,synthetic
2022-11-21,BEL,1.192,-3.408,6.292,16.173,65.52,3.323,country_area_weighted_mean,6,synthetic
2022-11-21,ITA,4.493,-0.107,9.593,28.04,62.32,3.561,country_area_weighted_mean,6,synthetic
2022-11-21,ESP,4.406,-0.194,9.506,26.835,66.47,3.537,country_area_weighted_mean,6,synthetic
2022-11-21,POL,0.25,-4.35,5.35,18.602,67.91,3.372,country_area_weighted_mean,6,synthetic
2022-11-21,HUN,-0.521,-5.121,4.579,20.948,69.87,3.419,country_area_weighted_mean,6,synthetic
2022-11-21,ROU,0.949,-3.651,6.049,16.501,66.51,3.33,country_area_weighted_mean,6,synthetic
2022-11-21,BGR,7.894,3.294,12.994,23.966,63.34,3.479,country_area_weighted_mean,6,synthetic
2022-11-21,SRB,7.023,2.423,12.123,42.696,73.4,3.854,country_area_weighted_mean,6,synthetic
2022-11-21,UKR,1.044,-3.556,6.144,32.881,70.21,3.658,country_area_weighted_mean,6,synthetic
2022-11-21,MDA,-1.206,-5.806,3.894,22.78,67.46,3.456,country_area_weighted_mean,6,synthetic
2022-11-21,RUS,-0.7,-5.3,4.4,31.111,64.62,3.622,country_area_weighted_mean,6,synthetic
2022-11-21,TUR,8.201,3.601,13.301,28.294,69.9,3.566,country_area_weighted_mean,6,synthetic
2022-11-21,GEO,2.488,-2.112,7.588,26.851,70.99,3.537,country_area_weighted_mean,6,synthetic
2022-11-21,ISR,9.133,4.533,14.233,21.231,62.4,3.425,country_area_weighted_mean,6,synthetic
2022-11-21,EGY,16.68,12.08,21.78,23.122,65.78,3.462,country_area_weighted_mean,6,synthetic
2022-11-21,TUN,9.275,4.675,14.375,19.018,60.44,3.38,country_area_weighted_mean,6,synthetic
2022-11-21,MAR,12.875,8.275,17.975,15.557,56.86,3.311,country_area_weighted_mean,6,synthetic
2022-11-28,FRA,-1.654,-6.254,3.446,24.443,64.84,3.489,country_area_weighted_mean,6,synthetic
2022-11-28,DEU,-3.862,-8.462,1.238,35.163,69.27,3.703,country_area_weighted_mean,6,synthetic
2022-11-28,NLD,-1.876,-6.476,3.224,19.27,66.16,3.385,country_area_weighted_mean,6,synthetic
2022-11-28,BEL,-2.779,-7.379,2.321,28.16,72.85,3.563,country_area_weighted_mean,6,synthetic
2022-11-28,ITA,1.2,-3.4,6.3,22.242,62.04,3.445,country_area_weighted_mean,6,synthetic
2022-11-28,ESP,3.909,-0.691,9.009,18.153,66.46,3.363,country_area_weighted_mean,6,synthetic
2022-11-28,POL,-2.173,-6.773,2.927,10.551,64.88,3.211,country_area_weighted_mean,6,synthetic
2022-11-28,HUN,-1.561,-6.161,3.539,23.374,70.75,3.467,country_area_weighted_mean,6,synthetic
2022-11-28,ROU,0.341,-4.259,5.441,16.085,68.96,3.322,country_area_weighted_mean,6,synthetic
2022-11-28,BGR,5.0,0.4,10.1,24.374,64.28,3.487,country_area_weighted_mean,6,synthetic
2022-11-28,SRB,4.586,-0.014,9.686,26.434,64.0,3.529,country_area_weighted_mean,6,synthetic
2022-11-28,UKR,-3.065,-7.665,2.035,26.219,71.73,3.524,country_area_weighted_mean,6,synthetic
2022-11-28,MDA,-2.274,-6.874,2.826,31.973,69.33,3.639,country_area_weighted_mean,6,synthetic
2022-11-28,RUS,-3.792,-8.392,1.308,23.44,67.05,3.469,country_area_weighted_mean,6,synthetic
2022-11-28,TUR,6.861,2.261,11.961,27.405,67.39,3.548,country_area_weighted_mean,6,synthetic
2022-11-28,GEO,1.875,-2.725,6.975,19.493,72.58,3.39,country_area_weighted_mean,6,synthetic
2022-11-28,ISR,6.316,1.716,11.416,31.796,61.59,3.636,country_area_weighted_mean,6,synthetic
2022-11-28,EGY,15.54,10.94,20.64,33.668,68.0,3.673,country_area_weighted_mean,6,synthetic
2022-11-28,TUN,8.069,3.469,13.169,17.522,61.12,3.35,country_area_weighted_mean,6,synthetic
2022-11-28,MAR,11.822,7.222,16.922,18.131,62.82,3.363,country_area_weighted_mean,6,synthetic
2022-12-05,FRA,-1.289,-5.889,3.811,27.46,69.87,3.549,country_area_weighted_mean,6,synthetic
2022-12-05,DEU,-3.693,-8.293,1.407,29.037,66.49,3.581,country_area_weighted_mean,6,synthetic
2022-12-05,NLD,-3.36,-7.96,1.74,20.62,69.05,3.412,country_area_weighted_mean,6,synthetic
2022-12-05,BEL,-4.998,-9.598,0.102,39.362,72.06,3.787,country_area_weighted_mean,6,synthetic
2022-12-05,ITA,0.725,-3.875,5.825,28.877,65.58,3.578,country_area_weighted_mean,6,synthetic
2022-12-05,ESP,2.366,-2.234,7.466,28.595,66.78,3.572,country_area_weighted_mean,6,synthetic
2022-12-05,POL,-6.724,-11.324,-1.624,11.263,66.65,3.225,country_area_weighted_mean,6,synthetic
2022-12-05,HUN,-3.203,-7.803,1.897,28.771,69.36,3.575,country_area_weighted_mean,6,synthetic
2022-12-05,ROU,-2.613,-7.213,2.487,27.907,70.52,3.558,country_area_weighted_mean,6,synthetic
2022-12-05,BGR,1.056,-3.544,6.156,18.846,63.44,3.377,country_area_weighted_mean,6,synthetic
2022-12-05,SRB,1.508,-3.092,6.608,28.214,62.23,3.564,country_area_weighted_mean,6,synthetic
2022-12-05,UKR,-5.022,-9.622,0.078,26.023,66.43,3.52,country_area_weighted_mean,6,synthetic
2022-12-05,MDA,-3.415,-8.015,1.685,14.263,66.56,3.285,country_area_weighted_mean,6,synthetic
2022-12-05,RUS,-4.63,-9.23,0.47,25.304,68.93,3.506,country_area_weighted_mean,6,synthetic
2022-12-05,TUR,4.988,0.388,10.088,31.007,64.88,3.62,country_area_weighted_mean,6,synthetic
2022-12-05,GEO,1.631,-2.969,6.731,27.0,70.67,3.54,country_area_weighted_mean,6,synthetic
2022-12-05,ISR,3.465,-1.135,8.565,45.005,70.49,3.9,country_area_weighted_mean,6,synthetic
2022-12-05,EGY,12.886,8.286,17.986,26.188,69.42,3.524,country_area_weighted_mean,6,synthetic
2022-12-05,TUN,6.044,1.444,11.144,19.951,61.84,3.399,country_area_weighted_mean,6,synthetic
2022-12-05,MAR,10.567,5.967,15.667,27.557,63.87,3.551,country_area_weighted_mean,6,synthetic
2022-12-12,FRA,-1.944,-6.544,3.156,32.0,71.38,3.64,country_area_weighted_mean,6,synthetic
2022-12-12,DEU,-7.458,-12.058,-2.358,28.576,66.7,3.572,country_area_weighted_mean,6,synthetic
2022-12-12,NLD,-8.191,-12.791,-3.091,45.465,76.15,3.909,country_area_weighted_mean,6,synthetic
2022-12-12,BEL,-5.813,-10.413,-0.713,40.229,71.99,3.805,country_area_weighted_mean,6,synthetic
2022-12-12,ITA,-2.307,-6.907,2.793,26.838,71.42,3.537,country_area_weighted_mean,6,synthetic
2022-12-12,ESP,0.789,-3.811,5.889,27.113,69.81,3.542,country_area_weighted_mean,6,synthetic
2022-12-12,POL,-7.376,-11.976,-2.276,14.584,66.63,3.292,country_area_weighted_mean,6,synthetic
2022-12-12,HUN,-4.52,-9.12,0.58,28.353,67.95,3.567,country_area_weighted_mean,6,synthetic
2022-12-12,ROU,-2.574,-7.174,2.526,28.698,69.71,3.574,country_area_weighted_mean,6,synthetic
2022-12-12,BGR,-1.526,-6.126,3.574,27.566,69.82,3.551,country_area_weighted_mean,6,synthetic
2022-12-12,SRB,-0.18,-4.78,4.92,28.776,67.77,3.576,country_area_weighted_mean,6,synthetic
2022-12-12,UKR,-5.715,-10.315,-0.615,30.755,70.09,3.615,country_area_weighted_mean,6,synthetic
2022-12-12,MDA,-5.339,-9.939,-0.239,25.576,68.46,3.512,country_area_weighted_mean,6,synthetic
2022-12-12,RUS,-7.37,-11.97,-2.27,39.087,72.02,3.782,country_area_weighted_mean,6,synthetic
2022-12-12,TUR,3.346,-1.254,8.446,26.246,68.75,3.525,country_area_weighted_mean,6,synthetic
2022-12-12,GEO,1.006,-3.594,6.106,57.149,77.02,4.143,country_area_weighted_mean,6,synthetic
2022-12-12,ISR,3.661,-0.939,8.761,45.059,71.77,3.901,country_area_weighted_mean,6,synthetic
2022-12-12,EGY,12.613,8.013,17.713,17.882,63.87,3.358,country_area_weighted_mean,6,synthetic
2022-12-12,TUN,4.571,-0.029,9.671,20.73,63.71,3.415,country_area_weighted_mean,6,synthetic
2022-12-12,MAR,7.133,2.533,12.233,27.317,65.96,3.546,country_area_weighted_mean,6,synthetic
2022-12-19,FRA,-3.649,-8.249,1.451,30.845,67.8,3.617,country_area_weighted_mean,6,synthetic
2022-12-19,DEU,-8.935,-13.535,-3.835,34.83,72.03,3.697,country_area_weighted_mean,6,synthetic
2022-12-19,NLD,-10.44,-15.04,-5.34,25.282,71.72,3.506,country_area_weighted_mean,6,synthetic
2022-12-19,BEL,-4.847,-9.447,0.253,32.301,71.34,3.646,country_area_weighted_mean,6,synthetic
2022-12-19,ITA,-1.645,-6.245,3.455,29.697,68.43,3.594,country_area_weighted_mean,6,synthetic
2022-12-19,ESP,0.621,-3.979,5.721,39.299,70.62,3.786,country_area_weighted_mean,6,synthetic
2022-12-19,POL,-9.757,-14.357,-4.657,24.114,71.17,3.482,country_area_weighted_mean,6,synthetic
2022-12-19,HUN,-3.952,-8.552,1.148,32.45,73.57,3.649,country_area_weighted_mean,6,synthetic
2022-12-19,ROU,-4.583,-9.183,0.517,29.653,67.65,3.593,country_area_weighted_mean,6,synthetic
2022-12-19,BGR,-4.364,-8.964,0.736,43.489,77.52,3.87,country_area_weighted_mean,6,synthetic
2022-12-19,SRB,-0.139,-4.739,4.961,27.324,67.27,3.546,country_area_weighted_mean,6,synthetic
2022-12-19,UKR,-5.306,-9.906,-0.206,40.408,75.86,3.808,country_area_weighted_mean,6,synthetic
2022-12-19,MDA,-7.015,-11.615,-1.915,34.054,74.62,3.681,country_area_weighted_mean,6,synthetic
2022-12-19,RUS,-9.418,-14.018,-4.318,57.97,81.2,4.159,country_area_weighted_mean,6,synthetic
2022-12-19,TUR,4.312,-0.288,9.412,28.751,63.53,3.575,country_area_weighted_mean,6,synthetic
2022-12-19,GEO,2.146,-2.454,7.246,37.081,70.53,3.742,country_area_weighted_mean,6,synthetic
2022-12-19,ISR,4.993,0.393,10.093,27.451,69.59,3.549,country_area_weighted_mean,6,synthetic
2022-12-19,EGY,11.367,6.767,16.467,20.918,61.59,3.418,country_area_weighted_mean,6,synthetic
2022-12-19,TUN,3.996,-0.604,9.096,39.483,71.94,3.79,country_area_weighted_mean,6,synthetic
2022-12-19,MAR,6.706,2.106,11.806,35.265,66.55,3.705,country_area_weighted_mean,6,synthetic
2022-12-26,FRA,-5.295,-9.895,-0.195,60.069,77.31,4.201,country_area_weighted_mean,6,synthetic
2022-12-26,DEU,-9.807,-14.407,-4.707,53.005,77.86,4.06,country_area_weighted_mean,6,synthetic
2022-12-26,NLD,-10.728,-15.328,-5.628,26.15,73.96,3.523,country_area_weighted_mean,6,synthetic
2022-12-26,BEL,-7.362,-11.962,-2.262,25.243,70.13,3.505,country_area_weighted_mean,6,synthetic
2022-12-26,ITA,-3.142,-7.742,1.958,31.209,69.99,3.624,country_area_weighted_mean,6,synthetic
2022-12-26,ESP,-0.875,-5.475,4.225,45.256,74.17,3.905,country_area_weighted_mean,6,synthetic
2022-12-26,POL,-9.592,-14.192,-4.492,29.804,74.16,3.596,country_area_weighted_mean,6,synthetic
2022-12-26,HUN,-4.906,-9.506,0.194,31.875,72.15,3.637,country_area_weighted_mean,6,synthetic
2022-12-26,ROU,-5.369,-9.969,-0.269,22.526,66.44,3.451,country_area_weighted_mean,6,synthetic
2022-12-26,BGR,-6.294,-10.894,-1.194,23.565,68.91,3.471,country_area_weighted_mean,6,synthetic
2022-12-26,SRB,-0.455,-5.055,4.645,49.612,77.03,3.992,country_area_weighted_mean,6,synthetic
2022-12-26,UKR,-3.735,-8.335,1.365,28.333,67.18,3.567,country_area_weighted_mean,6,synthetic
2022-12-26,MDA,-6.061,-10.661,-0.961,27.075,71.86,3.542,country_area_weighted_mean,6,synthetic
2022-12-26,RUS,-12.008,-16.608,-6.908,38.507,77.33,3.77,country_area_weighted_mean,6,synthetic
2022-12-26,TUR,2.164,-2.436,7.264,21.874,60.95,3.437,country_area_weighted_mean,6,synthetic
2022-12-26,GEO,0.661,-3.939,5.761,32.671,70.38,3.653,country_area_weighted_mean,6,synthetic
2022-12-26,ISR,4.406,-0.194,9.506,29.958,69.44,3.599,country_area_weighted_mean,6,synthetic
2022-12-26,EGY,10.812,6.212,15.912,24.885,60.19,3.498,country_area_weighted_mean,6,synthetic
2022-12-26,TUN,3.925,-0.675,9.025,54.251,74.87,4.085,country_area_weighted_mean,6,synthetic
2022-12-26,MAR,8.13,3.53,13.23,41.669,68.39,3.833,country_area_weighted_mean,6,synthetic
2023-01-02,FRA,-5.497,-10.097,-0.397,60.887,76.59,4.218,country_area_weighted_mean,6,synthetic
2023-01-02,DEU,-8.881,-13.481,-3.781,36.763,66.32,3.735,country_area_weighted_mean,6,synthetic
2023-01-02,NLD,-11.102,-15.702,-6.002,31.528,68.92,3.631,country_area_weighted_mean,6,synthetic
2023-01-02,BEL,-6.885,-11.485,-1.785,28.139,69.09,3.563,country_area_weighted_mean,6,synthetic
2023-01-02,ITA,-2.771,-7.371,2.329,24.635,66.75,3.493,country_area_weighted_mean,6,synthetic
2023-01-02,ESP,-1.17,-5.77,3.93,36.57,73.26,3.731,country_area_weighted_mean,6,synthetic
2023-01-02,POL,-8.992,-13.592,-3.892,40.142,74.75,3.803,country_area_weighted_mean,6,synthetic
2023-01-02,HUN,-5.977,-10.577,-0.877,44.76,81.38,3.895,country_area_weighted_mean,6,synthetic
2023-01-02,ROU,-6.571,-11.171,-1.471,30.233,69.38,3.605,country_area_weighted_mean,6,synthetic
2023-01-02,BGR,-5.826,-10.426,-0.726,45.039,75.34,3.901,country_area_weighted_mean,6,synthetic
2023-01-02,SRB,-1.357,-5.957,3.743,45.899,72.79,3.918,country_area_weighted_mean,6,synthetic
2023-01-02,UKR,-5.687,-10.287,-0.587,40.0,72.14,3.8,country_area_weighted_mean,6,synthetic
2023-01-02,MDA,-5.072,-9.672,0.028,44.162,77.88,3.883,country_area_weighted_mean,6,synthetic
2023-01-02,RUS,-13.465,-18.065,-8.365,40.702,84.37,3.814,country_area_weighted_mean,6,synthetic
2023-01-02,TUR,0.526,-4.074,5.626,14.826,67.54,3.297,country_area_weighted_mean,6,synthetic
2023-01-02,GEO,-2.597,-7.197,2.503,35.124,74.04,3.702,country_area_weighted_mean,6,synthetic
2023-01-02,ISR,2.988,-1.612,8.088,52.016,75.55,4.04,country_area_weighted_mean,6,synthetic
2023-01-02,EGY,11.524,6.924,16.624,19.532,65.37,3.391,country_area_weighted_mean,6,synthetic
2023-01-02,TUN,3.579,-1.021,8.679,35.302,69.28,3.706,country_area_weighted_mean,6,synthetic
2023-01-02,MAR,7.21,2.61,12.31,71.835,72.94,4.437,country_area_weighted_mean,6,synthetic
2023-01-09,FRA,-7.976,-12.576,-2.876,39.209,74.52,3.784,country_area_weighted_mean,6,synthetic
2023-01-09,DEU,-9.464,-14.064,-4.364,34.658,73.3,3.693,country_area_weighted_mean,6,synthetic
2023-01-09,NLD,-10.853,-15.453,-5.753,35.682,71.12,3.714,country_area_weighted_mean,6,synthetic
2023-01-09,BEL,-8.378,-12.978,-3.278,45.918,74.42,3.918,country_area_weighted_mean,6,synthetic
2023-01-09,ITA,-4.684,-9.284,0.416,24.362,70.94,3.487,country_area_weighted_mean,6,synthetic
2023-01-09,ESP,-0.735,-5.335,4.365,58.505,74.49,4.17,country_area_weighted_mean,6,synthetic
2023-01-09,POL,-11.851,-16.451,-6.751,41.388,72.07,3.828,country_area_weighted_mean,6,synthetic
2023-01-09,HUN,-6.473,-11.073,-1.373,44.749,80.09,3.895,country_area_weighted_mean,6,synthetic
2023-01-09,ROU,-5.051,-9.651,0.049,42.627,72.86,3.853,country_area_weighted_mean,6,synthetic
2023-01-09,BGR,-6.582,-11.182,-1.482,33.424,69.21,3.668,country_area_weighted_mean,6,synthetic
2023-01-09,SRB,-3.068,-7.668,2.032,41.816,73.27,3.836,country_area_weighted_mean,6,synthetic
2023-01-09,UKR,-4.967,-9.567,0.133,41.838,71.32,3.837,country_area_weighted_mean,6,synthetic
2023-01-09,MDA,-5.025,-9.625,0.075,48.572,80.01,3.971,country_area_weighted_mean,6,synthetic
2023-01-09,RUS,-14.562,-19.162,-9.462,32.229,76.18,3.645,country_area_weighted_mean,6,synthetic
2023-01-09,TUR,-0.398,-4.998,4.702,26.643,72.4,3.533,country_area_weighted_mean,6,synthetic
2023-01-09,GEO,-3.066,-7.666,2.034,71.566,82.08,4.431,country_area_weighted_mean,6,synthetic
2023-01-09,ISR,2.55,-2.05,7.65,37.821,76.73,3.756,country_area_weighted_mean,6,synthetic
2023-01-09,EGY,11.974,7.374,17.074,14.694,59.63,3.294,country_area_weighted_mean,6,synthetic
2023-01-09,TUN,4.131,-0.469,9.231,43.157,68.24,3.863,country_area_weighted_mean,6,synthetic
2023-01-09,MAR,4.632,0.032,9.732,43.734,72.57,3.875,country_area_weighted_mean,6,synthetic
2023-01-16,FRA,-7.75,-12.35,-2.65,34.425,75.03,3.689,country_area_weighted_mean,6,synthetic
2023-01-16,DEU,-10.092,-14.692,-4.992,48.864,79.78,3.977,country_area_weighted_mean,6,synthetic
2023-01-16,NLD,-10.363,-14.963,-5.263,62.312,77.01,4.246,country_area_weighted_mean,6,synthetic
2023-01-16,BEL,-9.47,-14.07,-4.37,48.402,76.63,3.968,country_area_weighted_mean,6,synthetic
2023-01-16,ITA,-4.518,-9.118,0.582,30.16,72.5,3.603,country_area_weighted_mean,6,synthetic
2023-01-16,ESP,-1.098,-5.698,4.002,74.106,81.59,4.482,country_area_weighted_mean,6,synthetic
2023-01-16,POL,-10.968,-15.568,-5.868,33.234,73.03,3.665,country_area_weighted_mean,6,synthetic
2023-01-16,HUN,-6.761,-11.361,-1.661,53.871,77.41,4.077,country_area_weighted_mean,6,synthetic
2023-01-16,ROU,-5.911,-10.511,-0.811,27.354,69.8,3.547,country_area_weighted_mean,6,synthetic
2023-01-16,BGR,-5.983,-10.583,-0.883,34.41,67.91,3.688,country_area_weighted_mean,6,synthetic
2023-01-16,SRB,-3.032,-7.632,2.068,42.404,71.65,3.848,country_area_weighted_mean,6,synthetic
2023-01-16,UKR,-6.07,-10.67,-0.97,50.552,75.83,4.011,country_area_weighted_mean,6,synthetic
2023-01-16,MDA,-4.816,-9.416,0.284,41.771,77.3,3.835,country_area_weighted_mean,6,synthetic
2023-01-16,RUS,-15.445,-20.045,-10.345,33.012,74.81,3.66,country_area_weighted_mean,6,synthetic
2023-01-16,TUR,-2.716,-7.316,2.384,33.407,74.01,3.668,country_area_weighted_mean,6,synthetic
2023-01-16,GEO,-1.979,-6.579,3.121,36.492,72.35,3.73,country_area_weighted_mean,6,synthetic
2023-01-16,ISR,0.52,-4.08,5.62,18.537,62.8,3.371,country_area_weighted_mean,6,synthetic
2023-01-16,EGY,10.535,5.935,15.635,19.433,63.52,3.389,country_area_weighted_mean,6,synthetic
2023-01-16,TUN,2.806,-1.794,7.906,19.568,65.89,3.391,country_area_weighted_mean,6,synthetic
2023-01-16,MAR,3.617,-0.983,8.717,29.964,65.9,3.599,country_area_weighted_mean,6,synthetic
2023-01-23,FRA,-6.837,-11.437,-1.737,27.919,72.49,3.558,country_area_weighted_mean,6,synthetic
2023-01-23,DEU,-9.079,-13.679,-3.979,70.219,85.1,4.404,country_area_weighted_mean,6,synthetic
2023-01-23,NLD,-9.678,-14.278,-4.578,67.537,82.36,4.351,country_area_weighted_mean,6,synthetic
2023-01-23,BEL,-10.289,-14.889,-5.189,49.625,71.16,3.993,country_area_weighted_mean,6,synthetic
2023-01-23,ITA,-3.347,-7.947,1.753,30.728,74.1,3.615,country_area_weighted_mean,6,synthetic
2023-01-23,ESP,-0.776,-5.376,4.324,73.303,79.81,4.466,country_area_weighted_mean,6,synthetic
2023-01-23,POL,-9.352,-13.952,-4.252,36.734,80.33,3.735,country_area_weighted_mean,6,synthetic
2023-01-23,HUN,-8.118,-12.718,-3.018,52.847,75.97,4.057,country_area_weighted_mean,6,synthetic
2023-01-23,ROU,-5.637,-10.237,-0.537,32.044,74.68,3.641,country_area_weighted_mean,6,synthetic
2023-01-23,BGR,-4.738,-9.338,0.362,48.416,72.12,3.968,country_area_weighted_mean,6,synthetic
2023-01-23,SRB,-5.36,-9.96,-0.26,49.408,79.12,3.988,country_area_weighted_mean,6,synthetic
2023-01-23,UKR,-6.219,-10.819,-1.119,51.071,76.59,4.021,country_area_weighted_mean,6,synthetic
2023-01-23,MDA,-3.326,-7.926,1.774,46.232,76.44,3.925,country_area_weighted_mean,6,synthetic
2023-01-23,RUS,-15.291,-19.891,-10.191,32.085,74.21,3.642,country_area_weighted_mean,6,synthetic
2023-01-23,TUR,-1.456,-6.056,3.644,23.132,71.96,3.463,country_area_weighted_mean,6,synthetic
2023-01-23,GEO,-2.309,-6.909,2.791,37.121,75.12,3.742,country_area_weighted_mean,6,synthetic
2023-01-23,ISR,2.111,-2.489,7.211,25.402,66.32,3.508,country_area_weighted_mean,6,synthetic
2023-01-23,EGY,10.227,5.627,15.327,26.853,65.33,3.537,country_area_weighted_mean,6,synthetic
2023-01-23,TUN,3.047,-1.553,8.147,45.358,72.91,3.907,country_area_weighted_mean,6,synthetic
2023-01-23,MAR,3.122,-1.478,8.222,21.833,60.69,3.437,country_area_weighted_mean,6,synthetic
2023-01-30,FRA,-9.705,-14.305,-4.605,46.1,76.66,3.922,country_area_weighted_mean,6,synthetic
2023-01-30,DEU,-11.181,-15.781,-6.081,65.961,82.56,4.319,country_area_weighted_mean,6,synthetic
2023-01-30,NLD,-11.279,-15.879,-6.179,32.433,74.34,3.649,country_area_weighted_mean,6,synthetic
2023-01-30,BEL,-10.307,-14.907,-5.207,26.822,74.51,3.536,country_area_weighted_mean,6,synthetic
2023-01-30,ITA,-5.163,-9.763,-0.063,39.707,73.3,3.794,country_area_weighted_mean,6,synthetic
2023-01-30,ESP,-3.391,-7.991,1.709,80.604,79.67,4.612,country_area_weighted_mean,6,synthetic
2023-01-30,POL,-8.745,-13.345,-3.645,32.38,75.51,3.648,country_area_weighted_mean,6,synthetic
2023-01-30,HUN,-8.987,-13.587,-3.887,54.475,74.46,4.09,country_area_weighted_mean,6,synthetic
2023-01-30,ROU,-4.864,-9.464,0.236,45.325,77.67,3.907,country_area_weighted_mean,6,synthetic
2023-01-30,BGR,-4.486,-9.086,0.614,59.606,77.77,4.192,country_area_weighted_mean,6,synthetic
2023-01-30,SRB,-5.449,-10.049,-0.349,58.47,79.95,4.169,country_area_weighted_mean,6,synthetic
2023-01-30,UKR,-7.847,-12.447,-2.747,57.275,78.74,4.146,country_area_weighted_mean,6,synthetic
2023-01-30,MDA,-4.769,-9.369,0.331,33.826,74.57,3.677,country_area_weighted_mean,6,synthetic
2023-01-30,RUS,-15.248,-19.848,-10.148,27.225,70.07,3.545,country_area_weighted_mean,6,synthetic
2023-01-30,TUR,-2.162,-6.762,2.938,17.221,73.85,3.344,country_area_weighted_mean,6,synthetic
2023-01-30,GEO,-2.981,-7.581,2.119,46.28,76.09,3.926,country_area_weighted_mean,6,synthetic
2023-01-30,ISR,2.961,-1.639,8.061,27.876,64.61,3.558,country_area_weighted_mean,6,synthetic
2023-01-30,EGY,9.212,4.612,14.312,43.871,72.01,3.877,country_area_weighted_mean,6,synthetic
2023-01-30,TUN,2.246,-2.354,7.346,65.956,81.83,4.319,country_area_weighted_mean,6,synthetic
2023-01-30,MAR,2.279,-2.321,7.379,37.967,61.46,3.759,country_area_weighted_mean,6,synthetic
2023-02-06,FRA,-8.865,-13.465,-3.765,29.121,74.02,3.582,country_area_weighted_mean,6,synthetic
2023-02-06,DEU,-9.322,-13.922,-4.222,32.977,72.43,3.66,country_area_weighted_mean,6,synthetic
2023-02-06,NLD,-10.039,-14.639,-4.939,36.951,72.68,3.739,country_area_weighted_mean,6,synthetic
2023-02-06,BEL,-11.583,-16.183,-6.483,27.182,70.85,3.544,country_area_weighted_mean,6,synthetic
2023-02-06,ITA,-5.468,-10.068,-0.368,41.174,74.12,3.823,country_area_weighted_mean,6,synthetic
2023-02-06,ESP,-5.03,-9.63,0.07,42.929,70.09,3.859,country_area_weighted_mean,6,synthetic
2023-02-06,POL,-6.898,-11.498,-1.798,50.594,75.36,4.012,country_area_weighted_mean,6,synthetic
2023-02-06,HUN,-7.214,-11.814,-2.114,52.7,77.26,4.054,country_area_weighted_mean,6,synthetic
2023-02-06,ROU,-6.503,-11.103,-1.403,53.871,78.57,4.077,country_area_weighted_mean,6,synthetic
2023-02-06,BGR,-2.444,-7.044,2.656,113.918,90.27,5.278,country_area_weighted_mean,6,synthetic
2023-02-06,SRB,-3.463,-8.063,1.637,66.028,77.33,4.321,country_area_weighted_mean,6,synthetic
2023-02-06,UKR,-7.4,-12.0,-2.3,58.744,72.56,4.175,country_area_weighted_mean,6,synthetic
2023-02-06,MDA,-4.625,-9.225,0.475,34.517,66.98,3.69,country_area_weighted_mean,6,synthetic
2023-02-06,RUS,-13.64,-18.24,-8.54,32.461,70.39,3.649,country_area_weighted_mean,6,synthetic
2023-02-06,TUR,-1.732,-6.332,3.368,25.916,74.94,3.518,country_area_weighted_mean,6,synthetic
2023-02-06,GEO,-2.253,-6.853,2.847,34.852,71.54,3.697,country_area_weighted_mean,6,synthetic
2023-02-06,ISR,5.147,0.547,10.247,54.525,68.26,4.091,country_area_weighted_mean,6,synthetic
2023-02-06,EGY,8.916,4.316,14.016,62.45,71.95,4.249,country_area_weighted_mean,6,synthetic
2023-02-06,TUN,2.085,-2.515,7.185,43.3,78.98,3.866,country_area_weighted_mean,6,synthetic
2023-02-06,MAR,3.539,-1.061,8.639,35.468,61.79,3.709,country_area_weighted_mean,6,synthetic
2023-02-13,FRA,-8.691,-13.291,-3.591,56.753,78.61,4.135,country_area_weighted_mean,6,synthetic
2023-02-13,DEU,-8.724,-13.324,-3.624,64.536,78.7,4.291,country_area_weighted_mean,6,synthetic
2023-02-13,NLD,-10.17,-14.77,-5.07,30.494,70.14,3.61,country_area_weighted_mean,6,synthetic
2023-02-13,BEL,-8.105,-12.705,-3.005,31.986,70.28,3.64,country_area_weighted_mean,6,synthetic
2023-02-13,ITA,-6.326,-10.926,-1.226,29.852,72.19,3.597,country_area_weighted_mean,6,synthetic
2023-02-13,ESP,-4.771,-9.371,0.329,36.176,67.35,3.724,country_area_weighted_mean,6,synthetic
2023-02-13,POL,-6.0,-10.6,-0.9,45.985,74.7,3.92,country_area_weighted_mean,6,synthetic
2023-02-13,HUN,-6.192,-10.792,-1.092,39.946,75.51,3.799,country_area_weighted_mean,6,synthetic
2023-02-13,ROU,-4.443,-9.043,0.657,27.553,68.85,3.551,country_area_weighted_mean,6,synthetic
2023-02-13,BGR,-3.421,-8.021,1.679,102.876,93.27,5.058,country_area_weighted_mean,6,synthetic
2023-02-13,SRB,-2.27,-6.87,2.83,56.746,77.25,4.135,country_area_weighted_mean,6,synthetic
2023-02-13,UKR,-7.959,-12.559,-2.859,48.221,78.45,3.964,country_area_weighted_mean,6,synthetic
2023-02-13,MDA,-4.401,-9.001,0.699,42.976,72.14,3.86,country_area_weighted_mean,6,synthetic
2023-02-13,RUS,-14.373,-18.973,-9.273,39.287,74.6,3.786,country_area_weighted_mean,6,synthetic
2023-02-13,TUR,-1.917,-6.517,3.183,30.048,72.86,3.601,country_area_weighted_mean,6,synthetic
2023-02-13,GEO,-1.73,-6.33,3.37,45.405,76.7,3.908,country_area_weighted_mean,6,synthetic
2023-02-13,ISR,4.699,0.099,9.799,39.752,64.82,3.795,country_area_weighted_mean,6,synthetic
2023-02-13,EGY,8.668,4.068,13.768,48.289,71.96,3.966,country_area_weighted_mean,6,synthetic
2023-02-13,TUN,1.62,-2.98,6.72,50.045,77.9,4.001,country_area_weighted_mean,6,synthetic
2023-02-13,MAR,4.183,-0.417,9.283,33.216,69.44,3.664,country_area_weighted_mean,6,synthetic
2023-02-20,FRA,-6.261,-10.861,-1.161,46.322,75.02,3.926,country_area_weighted_mean,6,synthetic
2023-02-20,DEU,-6.134,-10.734,-1.034,29.831,67.14,3.597,country_area_weighted_mean,6,synthetic
2023-02-20,NLD,-9.973,-14.573,-4.873,61.075,78.54,4.221,country_area_weighted_mean,6,synthetic
2023-02-20,BEL,-7.961,-12.561,-2.861,20.394,65.96,3.408,country_area_weighted_mean,6,synthetic
2023-02-20,ITA,-4.275,-8.875,0.825,41.369,71.72,3.827,country_area_weighted_mean,6,synthetic
2023-02-20,ESP,-1.29,-5.89,3.81,53.245,70.56,4.065,country_area_weighted_mean,6,synthetic
2023-02-20,POL,-6.28,-10.88,-1.18,40.306,73.53,3.806,country_area_weighted_mean,6,synthetic
2023-02-20,HUN,-4.342,-8.942,0.758,42.672,73.11,3.853,country_area_weighted_mean,6,synthetic
2023-02-20,ROU,-4.242,-8.842,0.858,29.055,65.63,3.581,country_area_weighted_mean,6,synthetic
2023-02-20,BGR,-2.674,-7.274,2.426,84.998,89.5,4.7,country_area_weighted_mean,6,synthetic
2023-02-20,SRB,-1.151,-5.751,3.949,70.805,81.85,4.416,country_area_weighted_mean,6,synthetic
2023-02-20,UKR,-6.63,-11.23,-1.53,61.222,79.6,4.224,country_area_weighted_mean,6,synthetic
2023-02-20,MDA,-1.973,-6.573,3.127,33.346,68.6,3.667,country_area_weighted_mean,6,synthetic
2023-02-20,RUS,-14.517,-19.117,-9.417,27.058,76.01,3.541,country_area_weighted_mean,6,synthetic
2023-02-20,TUR,-0.645,-5.245,4.455,44.947,75.01,3.899,country_area_weighted_mean,6,synthetic
2023-02-20,GEO,-0.464,-5.064,4.636,54.515,75.63,4.09,country_area_weighted_mean,6,synthetic
2023-02-20,ISR,5.129,0.529,10.229,30.356,66.23,3.607,country_area_weighted_mean,6,synthetic
2023-02-20,EGY,7.21,2.61,12.31,39.594,69.61,3.792,country_area_weighted_mean,6,synthetic
2023-02-20,TUN,1.817,-2.783,6.917,45.632,73.13,3.913,country_area_weighted_mean,6,synthetic
2023-02-20,MAR,4.348,-0.252,9.448,30.599,71.46,3.612,country_area_weighted_mean,6,synthetic
2023-02-27,FRA,-4.341,-8.941,0.759,38.094,71.2,3.762,country_area_weighted_mean,6,synthetic
2023-02-27,DEU,-3.202,-7.802,1.898,27.452,66.07,3.549,country_area_weighted_mean,6,synthetic
2023-02-27,NLD,-9.99,-14.59,-4.89,61.19,77.91,4.224,country_area_weighted_mean,6,synthetic
2023-02-27,BEL,-7.526,-12.126,-2.426,32.934,70.86,3.659,country_area_weighted_mean,6,synthetic
2023-02-27,ITA,-3.169,-7.769,1.931,38.255,65.3,3.765,country_area_weighted_mean,6,synthetic
2023-02-27,ESP,-0.67,-5.27,4.43,41.789,65.69,3.836,country_area_weighted_mean,6,synthetic
2023-02-27,POL,-6.977,-11.577,-1.877,44.975,77.69,3.9,country_area_weighted_mean,6,synthetic
2023-02-27,HUN,-2.619,-7.219,2.481,51.556,74.98,4.031,country_area_weighted_mean,6,synthetic
2023-02-27,ROU,-5.049,-9.649,0.051,49.944,73.61,3.999,country_area_weighted_mean,6,synthetic
2023-02-27,BGR,-2.556,-7.156,2.544,50.442,77.82,4.009,country_area_weighted_mean,6,synthetic
2023-02-27,SRB,-1.978,-6.578,3.122,64.119,81.79,4.282,country_area_weighted_mean,6,synthetic
2023-02-27,UKR,-7.615,-12.215,-2.515,35.26,70.94,3.705,country_area_weighted_mean,6,synthetic
2023-02-27,MDA,-2.826,-7.426,2.274,25.224,69.5,3.504,country_area_weighted_mean,6,synthetic
2023-02-27,RUS,-13.486,-18.086,-8.386,55.191,82.28,4.104,country_area_weighted_mean,6,synthetic
2023-02-27,TUR,0.505,-4.095,5.605,72.906,80.7,4.458,country_area_weighted_mean,6,synthetic
2023-02-27,GEO,-0.473,-5.073,4.627,62.882,74.24,4.258,country_area_weighted_mean,6,synthetic
2023-02-27,ISR,7.109,2.509,12.209,21.023,58.99,3.42,country_area_weighted_mean,6,synthetic
2023-02-27,EGY,8.817,4.217,13.917,29.641,66.31,3.593,country_area_weighted_mean,6,synthetic
2023-02-27,TUN,3.693,-0.907,8.793,30.138,65.35,3.603,country_area_weighted_mean,6,synthetic
2023-02-27,MAR,5.766,1.166,10.866,30.995,68.64,3.62,country_area_weighted_mean,6,synthetic
2023-03-06,FRA,-3.173,-7.773,1.927,49.349,69.3,3.987,country_area_weighted_mean,6,synthetic
2023-03-06,DEU,-4.874,-9.474,0.226,36.649,69.84,3.733,country_area_weighted_mean,6,synthetic
2023-03-06,NLD,-8.904,-13.504,-3.804,62.649,83.15,4.253,country_area_weighted_mean,6,synthetic
2023-03-06,BEL,-5.859,-10.459,-0.759,35.796,69.13,3.716,country_area_weighted_mean,6,synthetic
2023-03-06,ITA,-0.728,-5.328,4.372,47.119,68.23,3.942,country_area_weighted_mean,6,synthetic
2023-03-06,ESP,-0.068,-4.668,5.032,59.714,74.38,4.194,country_area_weighted_mean,6,synthetic
2023-03-06,POL,-6.673,-11.273,-1.573,83.399,87.39,4.668,country_area_weighted_mean,6,synthetic
2023-03-06,HUN,-1.133,-5.733,3.967,26.807,69.06,3.536,country_area_weighted_mean,6,synthetic
2023-03-06,ROU,-3.976,-8.576,1.124,22.061,69.18,3.441,country_area_weighted_mean,6,synthetic
2023-03-06,BGR,-0.544,-5.144,4.556,31.714,66.19,3.634,country_area_weighted_mean,6,synthetic
2023-03-06,SRB,-2.052,-6.652,3.048,47.507,75.21,3.95,country_area_weighted_mean,6,synthetic
2023-03-06,UKR,-6.387,-10.987,-1.287,38.609,71.47,3.772,country_area_weighted_mean,6,synthetic
2023-03-06,MDA,-1.643,-6.243,3.457,46.301,75.52,3.926,country_area_weighted_mean,6,synthetic
2023-03-06,RUS,-10.807,-15.407,-5.707,66.495,82.76,4.33,country_area_weighted_mean,6,synthetic
2023-03-06,TUR,1.578,-3.022,6.678,54.407,73.77,4.088,country_area_weighted_mean,6,synthetic
2023-03-06,GEO,2.097,-2.503,7.197,68.52,71.92,4.37,country_area_weighted_mean,6,synthetic
2023-03-06,ISR,6.759,2.159,11.859,32.159,62.05,3.643,country_area_weighted_mean,6,synthetic
2023-03-06,EGY,10.769,6.169,15.869,37.338,66.21,3.747,country_area_weighted_mean,6,synthetic
2023-03-06,TUN,3.446,-1.154,8.546,35.836,67.52,3.717,country_area_weighted_mean,6,synthetic
2023-03-06,MAR,5.663,1.063,10.763,27.162,70.21,3.543,country_area_weighted_mean,6,synthetic
2023-03-13,FRA,-1.786,-6.386,3.314,47.901,73.09,3.958,country_area_weighted_mean,6,synthetic
2023-03-13,DEU,-5.355,-9.955,-0.255,28.952,69.66,3.579,country_area_weighted_mean,6,synthetic
2023-03-13,NLD,-5.99,-10.59,-0.89,36.515,74.11,3.73,country_area_weighted_mean,6,synthetic
2023-03-13,BEL,-4.815,-9.415,0.285,33.671,72.48,3.673,country_area_weighted_mean,6,synthetic
2023-03-13,ITA,-2.09,-6.69,3.01,67.181,79.74,4.344,country_area_weighted_mean,6,synthetic
2023-03-13,ESP,-0.032,-4.632,5.068,42.574,69.56,3.851,country_area_weighted_mean,6,synthetic
2023-03-13,POL,-4.425,-9.025,0.675,56.359,80.67,4.127,country_area_weighted_mean,6,synthetic
2023-03-13,HUN,-1.963,-6.563,3.137,25.822,67.26,3.516,country_area_weighted_mean,6,synthetic
2023-03-13,ROU,-1.505,-6.105,3.595,39.308,71.74,3.786,country_area_weighted_mean,6,synthetic
2023-03-13,BGR,1.546,-3.054,6.646,44.924,71.92,3.898,country_area_weighted_mean,6,synthetic
2023-03-13,SRB,-0.418,-5.018,4.682,41.334,73.05,3.827,country_area_weighted_mean,6,synthetic
2023-03-13,UKR,-5.093,-9.693,0.007,48.484,71.78,3.97,country_area_weighted_mean,6,synthetic
2023-03-13,MDA,-1.083,-5.683,4.017,55.0,76.77,4.1,country_area_weighted_mean,6,synthetic
2023-03-13,RUS,-8.711,-13.311,-3.611,35.923,74.02,3.718,country_area_weighted_mean,6,synthetic
2023-03-13,TUR,2.358,-2.242,7.458,27.562,69.15,3.551,country_area_weighted_mean,6,synthetic
2023-03-13,GEO,2.442,-2.158,7.542,80.935,78.69,4.619,country_area_weighted_mean,6,synthetic
2023-03-13,ISR,9.508,4.908,14.608,36.586,68.41,3.732,country_area_weighted_mean,6,synthetic
2023-03-13,EGY,9.393,4.793,14.493,36.134,64.33,3.723,country_area_weighted_mean,6,synthetic
2023-03-13,TUN,5.684,1.084,10.784,24.842,61.81,3.497,country_area_weighted_mean,6,synthetic
2023-03-13,MAR,6.122,1.522,11.222,36.472,68.9,3.729,country_area_weighted_mean,6,synthetic
2023-03-20,FRA,-1.049,-5.649,4.051,36.052,68.93,3.721,country_area_weighted_mean,6,synthetic
2023-03-20,DEU,-4.714,-9.314,0.386,43.606,76.08,3.872,country_area_weighted_mean,6,synthetic
2023-03-20,NLD,-3.519,-8.119,1.581,66.736,79.74,4.335,country_area_weighted_mean,6,synthetic
2023-03-20,BEL,-2.82,-7.42,2.28,20.08,67.95,3.402,country_area_weighted_mean,6,synthetic
2023-03-20,ITA,-0.161,-4.761,4.939,49.161,69.52,3.983,country_area_weighted_mean,6,synthetic
2023-03-20,ESP,2.216,-2.384,7.316,33.794,68.91,3.676,country_area_weighted_mean,6,synthetic
2023-03-20,POL,-2.713,-7.313,2.387,56.328,74.46,4.127,country_area_weighted_mean,6,synthetic
2023-03-20,HUN,1.113,-3.487,6.213,31.137,71.1,3.623,country_area_weighted_mean,6,synthetic
2023-03-20,ROU,1.144,-3.456,6.244,40.223,71.73,3.804,country_area_weighted_mean,6,synthetic
2023-03-20,BGR,4.336,-0.264,9.436,32.146,63.46,3.643,country_area_weighted_mean,6,synthetic
2023-03-20,SRB,2.228,-2.372,7.328,58.238,76.13,4.165,country_area_weighted_mean,6,synthetic
2023-03-20,UKR,-1.694,-6.294,3.406,51.234,76.25,4.025,country_area_weighted_mean,6,synthetic
2023-03-20,MDA,1.148,-3.452,6.248,34.299,73.45,3.686,country_area_weighted_mean,6,synthetic
2023-03-20,RUS,-5.827,-10.427,-0.727,51.029,75.27,4.021,country_area_weighted_mean,6,synthetic
2023-03-20,TUR,5.24,0.64,10.34,20.491,63.12,3.41,country_area_weighted_mean,6,synthetic
2023-03-20,GEO,3.701,-0.899,8.801,67.653,74.81,4.353,country_area_weighted_mean,6,synthetic
2023-03-20,ISR,10.661,6.061,15.761,36.495,62.73,3.73,country_area_weighted_mean,6,synthetic
2023-03-20,EGY,11.754,7.154,16.854,34.928,61.67,3.699,country_area_weighted_mean,6,synthetic
2023-03-20,TUN,4.482,-0.118,9.582,25.898,60.96,3.518,country_area_weighted_mean,6,synthetic
2023-03-20,MAR,6.255,1.655,11.355,22.339,64.58,3.447,country_area_weighted_mean,6,synthetic
2023-03-27,FRA,1.37,-3.23,6.47,40.279,70.36,3.806,country_area_weighted_mean,6,synthetic
2023-03-27,DEU,-3.251,-7.851,1.849,34.881,73.19,3.698,country_area_weighted_mean,6,synthetic
2023-03-27,NLD,-1.443,-6.043,3.657,41.257,74.43,3.825,country_area_weighted_mean,6,synthetic
2023-03-27,BEL,-1.874,-6.474,3.226,16.915,67.54,3.338,country_area_weighted_mean,6,synthetic
2023-03-27,ITA,2.604,-1.996,7.704,58.395,73.16,4.168,country_area_weighted_mean,6,synthetic
2023-03-27,ESP,1.828,-2.772,6.928,34.088,69.45,3.682,country_area_weighted_mean,6,synthetic
2023-03-27,POL,-1.019,-5.619,4.081,43.461,69.75,3.869,country_area_weighted_mean,6,synthetic
2023-03-27,HUN,3.016,-1.584,8.116,30.224,69.87,3.604,country_area_weighted_mean,6,synthetic
2023-03-27,ROU,1.63,-2.97,6.73,39.374,67.07,3.787,country_area_weighted_mean,6,synthetic
2023-03-27,BGR,5.027,0.427,10.127,38.75,65.89,3.775,country_area_weighted_mean,6,synthetic
2023-03-27,SRB,4.493,-0.107,9.593,45.766,70.42,3.915,country_area_weighted_mean,6,synthetic
2023-03-27,UKR,-0.787,-5.387,4.313,38.029,74.2,3.761,country_area_weighted_mean,6,synthetic
2023-03-27,MDA,0.745,-3.855,5.845,32.512,70.46,3.65,country_area_weighted_mean,6,synthetic
2023-03-27,RUS,-3.182,-7.782,1.918,35.28,70.35,3.706,country_area_weighted_mean,6,synthetic
2023-03-27,TUR,5.365,0.765,10.465,26.21,60.65,3.524,country_area_weighted_mean,6,synthetic
2023-03-27,GEO,4.466,-0.134,9.566,48.437,65.9,3.969,country_area_weighted_mean,6,synthetic
2023-03-27,ISR,10.704,6.104,15.804,33.473,65.92,3.669,country_area_weighted_mean,6,synthetic
2023-03-27,EGY,10.979,6.379,16.079,38.938,66.77,3.779,country_area_weighted_mean,6,synthetic
2023-03-27,TUN,7.031,2.431,12.131,30.284,58.79,3.606,country_area_weighted_mean,6,synthetic
2023-03-27,MAR,6.601,2.001,11.701,31.693,67.32,3.634,country_area_weighted_mean,6,synthetic
2023-04-03,FRA,1.643,-2.957,6.743,56.898,74.95,4.138,country_area_weighted_mean,6,synthetic
2023-04-03,DEU,-0.402,-5.002,4.698,42.942,75.1,3.859,country_area_weighted_mean,6,synthetic
2023-04-03,NLD,-1.372,-5.972,3.728,50.736,75.09,4.015,country_area_weighted_mean,6,synthetic
2023-04-03,BEL,-0.144,-4.744,4.956,24.658,70.24,3.493,country_area_weighted_mean,6,synthetic
2023-04-03,ITA,4.066,-0.534,9.166,52.432,70.44,4.049,country_area_weighted_mean,6,synthetic
2023-04-03,ESP,4.304,-0.296,9.404,26.388,66.67,3.528,country_area_weighted_mean,6,synthetic
2023-04-03,POL,-1.018,-5.618,4.082,45.565,74.46,3.911,country_area_weighted_mean,6,synthetic
2023-04-03,HUN,2.94,-1.66,8.04,43.543,70.98,3.871,country_area_weighted_mean,6,synthetic
2023-04-03,ROU,3.53,-1.07,8.63,63.583,72.71,4.272,country_area_weighted_mean,6,synthetic
2023-04-03,BGR,5.597,0.997,10.697,38.398,69.07,3.768,country_area_weighted_mean,6,synthetic
2023-04-03,SRB,5.626,1.026,10.726,29.46,67.84,3.589,country_area_weighted_mean,6,synthetic
2023-04-03,UKR,2.34,-2.26,7.44,34.404,65.87,3.688,country_area_weighted_mean,6,synthetic
2023-04-03,MDA,2.589,-2.011,7.689,32.355,71.27,3.647,country_area_weighted_mean,6,synthetic
2023-04-03,RUS,-2.689,-7.289,2.411,28.18,69.96,3.564,country_area_weighted_mean,6,synthetic
2023-04-03,TUR,5.706,1.106,10.806,39.495,69.29,3.79,country_area_weighted_mean,6,synthetic
2023-04-03,GEO,5.704,1.104,10.804,37.672,62.31,3.753,country_area_weighted_mean,6,synthetic
2023-04-03,ISR,11.051,6.451,16.151,45.449,66.56,3.909,country_area_weighted_mean,6,synthetic
2023-04-03,EGY,13.245,8.645,18.345,30.211,63.99,3.604,country_area_weighted_mean,6,synthetic
2023-04-03,TUN,8.542,3.942,13.642,27.094,61.53,3.542,country_area_weighted_mean,6,synthetic
2023-04-03,MAR,9.177,4.577,14.277,65.603,75.26,4.312,country_area_weighted_mean,6,synthetic
2023-04-10,FRA,3.384,-1.216,8.484,58.582,76.14,4.172,country_area_weighted_mean,6,synthetic
2023-04-10,DEU,3.173,-1.427,8.273,22.909,68.25,3.458,country_area_weighted_mean,6,synthetic
2023-04-10,NLD,0.257,-4.343,5.357,38.95,72.15,3.779,country_area_weighted_mean,6,synthetic
2023-04-10,BEL,2.988,-1.612,8.088,55.479,76.35,4.11,country_area_weighted_mean,6,synthetic
2023-04-10,ITA,5.612,1.012,10.712,60.867,75.16,4.217,country_area_weighted_mean,6,synthetic
2023-04-10,ESP,7.445,2.845,12.545,34.469,71.94,3.689,country_area_weighted_mean,6,synthetic
2023-04-10,POL,0.368,-4.232,5.468,34.492,72.53,3.69,country_area_weighted_mean,6,synthetic
2023-04-10,HUN,4.8,0.2,9.9,40.019,70.46,3.8,country_area_weighted_mean,6,synthetic
2023-04-10,ROU,4.767,0.167,9.867,54.025,71.97,4.08,country_area_weighted_mean,6,synthetic
2023-04-10,BGR,6.42,1.82,11.52,29.453,71.58,3.589,country_area_weighted_mean,6,synthetic
2023-04-10,SRB,6.91,2.31,12.01,28.064,65.51,3.561,country_area_weighted_mean,6,synthetic
2023-04-10,UKR,5.916,1.316,11.016,67.042,74.25,4.341,country_area_weighted_mean,6,synthetic
2023-04-10,MDA,3.697,-0.903,8.797,27.939,68.72,3.559,country_area_weighted_mean,6,synthetic
2023-04-10,RUS,0.011,-4.589,5.111,74.203,81.44,4.484,country_area_weighted_mean,6,synthetic
2023-04-10,TUR,9.401,4.801,14.501,19.314,65.63,3.386,country_area_weighted_mean,6,synthetic
2023-04-10,GEO,6.75,2.15,11.85,40.729,68.34,3.815,country_area_weighted_mean,6,synthetic
2023-04-10,ISR,11.806,7.206,16.906,37.231,65.13,3.745,country_area_weighted_mean,6,synthetic
2023-04-10,EGY,14.368,9.768,19.468,30.972,64.0,3.619,country_area_weighted_mean,6,synthetic
2023-04-10,TUN,8.489,3.889,13.589,29.148,61.91,3.583,country_area_weighted_mean,6,synthetic
2023-04-10,MAR,12.483,7.883,17.583,37.187,70.47,3.744,country_area_weighted_mean,6,synthetic
2023-04-17,FRA,8.437,3.837,13.537,42.891,67.68,3.858,country_area_weighted_mean,6,synthetic
2023-04-17,DEU,4.698,0.098,9.798,28.102,63.58,3.562,country_area_weighted_mean,6,synthetic
2023-04-17,NLD,2.134,-2.466,7.234,33.958,69.69,3.679,country_area_weighted_mean,6,synthetic
2023-04-17,BEL,4.937,0.337,10.037,42.079,70.03,3.842,country_area_weighted_mean,6,synthetic
2023-04-17,ITA,6.084,1.484,11.184,56.303,73.14,4.126,country_area_weighted_mean,6,synthetic
2023-04-17,ESP,8.452,3.852,13.552,39.65,73.02,3.793,country_area_weighted_mean,6,synthetic
2023-04-17,POL,3.6,-1.0,8.7,36.607,70.23,3.732,country_area_weighted_mean,6,synthetic
2023-04-17,HUN,6.722,2.122,11.822,20.984,63.26,3.42,country_area_weighted_mean,6,synthetic
2023-04-17,ROU,6.083,1.483,11.183,50.038,67.13,4.001,country_area_weighted_mean,6,synthetic
2023-04-17,BGR,8.969,4.369,14.069,36.637,70.44,3.733,country_area_weighted_mean,6,synthetic
2023-04-17,SRB,7.313,2.713,12.413,28.501,63.77,3.57,country_area_weighted_mean,6,synthetic
2023-04-17,UKR,5.49,0.89,10.59,31.726,66.68,3.635,country_area_weighted_mean,6,synthetic
2023-04-17,MDA,5.629,1.029,10.729,21.569,63.29,3.431,country_area_weighted_mean,6,synthetic
2023-04-17,RUS,3.831,-0.769,8.931,43.024,67.36,3.86,country_area_weighted_mean,6,synthetic
2023-04-17,TUR,11.984,7.384,17.084,21.699,62.97,3.434,country_area_weighted_mean,6,synthetic
2023-04-17,GEO,10.315,5.715,15.415,43.717,70.0,3.874,country_area_weighted_mean,6,synthetic
2023-04-17,ISR,13.05,8.45,18.15,26.588,63.42,3.532,country_area_weighted_mean,6,synthetic
2023-04-17,EGY,16.977,12.377,22.077,26.405,64.04,3.528,country_area_weighted_mean,6,synthetic
2023-04-17,TUN,11.094,6.494,16.194,36.219,65.85,3.724,country_area_weighted_mean,6,synthetic
2023-04-17,MAR,14.226,9.626,19.326,23.684,60.31,3.474,country_area_weighted_mean,6,synthetic
2023-04-24,FRA,10.334,5.734,15.434,45.777,71.87,3.916,country_area_weighted_mean,6,synthetic
2023-04-24,DEU,6.967,2.367,12.067,37.818,64.47,3.756,country_area_weighted_mean,6,synthetic
2023-04-24,NLD,5.446,0.846,10.546,52.071,75.82,4.041,country_area_weighted_mean,6,synthetic
2023-04-24,BEL,6.692,2.092,11.792,46.68,69.71,3.934,country_area_weighted_mean,6,synthetic
2023-04-24,ITA,7.081,2.481,12.181,60.292,74.02,4.206,country_area_weighted_mean,6,synthetic
2023-04-24,ESP,10.476,5.876,15.576,42.467,67.34,3.849,country_area_weighted_mean,6,synthetic
2023-04-24,POL,7.09,2.49,12.19,40.867,64.26,3.817,country_area_weighted_mean,6,synthetic
2023-04-24,HUN,7.835,3.235,12.935,25.47,69.06,3.509,country_area_weighted_mean,6,synthetic
2023-04-24,ROU,7.53,2.93,12.63,37.506,65.62,3.75,country_area_weighted_mean,6,synthetic
2023-04-24,BGR,9.561,4.961,14.661,46.578,71.02,3.932,country_area_weighted_mean,6,synthetic
2023-04-24,SRB,8.049,3.449,13.149,36.89,60.29,3.738,country_area_weighted_mean,6,synthetic
2023-04-24,UKR,7.432,2.832,12.532,42.341,66.48,3.847,country_area_weighted_mean,6,synthetic
2023-04-24,MDA,6.581,1.981,11.681,41.64,69.21,3.833,country_area_weighted_mean,6,synthetic
2023-04-24,RUS,4.693,0.093,9.793,25.746,65.1,3.515,country_area_weighted_mean,6,synthetic
2023-04-24,TUR,11.155,6.555,16.255,21.203,61.33,3.424,country_area_weighted_mean,6,synthetic
2023-04-24,GEO,12.147,7.547,17.247,40.391,64.77,3.808,country_area_weighted_mean,6,synthetic
2023-04-24,ISR,15.506,10.906,20.606,26.416,59.61,3.528,country_area_weighted_mean,6,synthetic
2023-04-24,EGY,17.575,12.975,22.675,20.546,57.94,3.411,country_area_weighted_mean,6,synthetic
2023-04-24,TUN,12.447,7.847,17.547,38.251,67.32,3.765,country_area_weighted_mean,6,synthetic
2023-04-24,MAR,16.793,12.193,21.893,36.049,59.22,3.721,country_area_weighted_mean,6,synthetic
2023-05-01,FRA,10.6,6.0,15.7,40.938,69.45,3.819,country_area_weighted_mean,6,synthetic
2023-05-01,DEU,7.349,2.749,12.449,37.987,63.54,3.76,country_area_weighted_mean,6,synthetic
2023-05-01,NLD,6.456,1.856,11.556,28.745,67.97,3.575,country_area_weighted_mean,6,synthetic
2023-05-01,BEL,8.884,4.284,13.984,18.698,63.0,3.374,country_area_weighted_mean,6,synthetic
2023-05-01,ITA,10.152,5.552,15.252,47.37,67.08,3.947,country_area_weighted_mean,6,synthetic
2023-05-01,ESP,14.45,9.85,19.55,35.611,64.34,3.712,country_area_weighted_mean,6,synthetic
2023-05-01,POL,9.07,4.47,14.17,52.878,67.89,4.058,country_area_weighted_mean,6,synthetic
2023-05-01,HUN,9.536,4.936,14.636,36.233,76.23,3.725,country_area_weighted_mean,6,synthetic
2023-05-01,ROU,8.813,4.213,13.913,31.869,61.52,3.637,country_area_weighted_mean,6,synthetic
2023-05-01,BGR,10.86,6.26,15.96,47.234,71.09,3.945,country_area_weighted_mean,6,synthetic
2023-05-01,SRB,10.7,6.1,15.8,33.678,65.35,3.674,country_area_weighted_mean,6,synthetic
2023-05-01,UKR,9.412,4.812,14.512,25.369,67.62,3.507,country_area_weighted_mean,6,synthetic
2023-05-01,MDA,9.047,4.447,14.147,48.882,68.49,3.978,country_area_weighted_mean,6,synthetic
2023-05-01,RUS,7.018,2.418,12.118,19.631,61.15,3.393,country_area_weighted_mean,6,synthetic
2023-05-01,TUR,10.726,6.126,15.826,31.7,61.72,3.634,country_area_weighted_mean,6,synthetic
2023-05-01,GEO,13.468,8.868,18.568,63.847,76.13,4.277,country_area_weighted_mean,6,synthetic
2023-05-01,ISR,16.49,11.89,21.59,29.459,56.6,3.589,country_area_weighted_mean,6,synthetic
2023-05-01,EGY,19.86,15.26,24.96,21.664,55.85,3.433,country_area_weighted_mean,6,synthetic
2023-05-01,TUN,12.083,7.483,17.183,25.423,65.92,3.508,country_area_weighted_mean,6,synthetic
2023-05-01,MAR,17.639,13.039,22.739,29.342,56.81,3.587,country_area_weighted_mean,6,synthetic
2023-05-08,FRA,11.384,6.784,16.484,31.935,62.14,3.639,country_area_weighted_mean,6,synthetic
2023-05-08,DEU,10.584,5.984,15.684,30.197,61.33,3.604,country_area_weighted_mean,6,synthetic
2023-05-08,NLD,9.434,4.834,14.534,47.533,69.48,3.951,country_area_weighted_mean,6,synthetic
2023-05-08,BEL,11.752,7.152,16.852,26.95,66.67,3.539,country_area_weighted_mean,6,synthetic
2023-05-08,ITA,13.902,9.302,19.002,26.987,60.64,3.54,country_area_weighted_mean,6,synthetic
2023-05-08,ESP,13.783,9.183,18.883,30.25,60.88,3.605,country_area_weighted_mean,6,synthetic
2023-05-08,POL,9.957,5.357,15.057,47.882,66.22,3.958,country_area_weighted_mean,6,synthetic
2023-05-08,HUN,12.155,7.555,17.255,52.488,75.56,4.05,country_area_weighted_mean,6,synthetic
2023-05-08,ROU,10.92,6.32,16.02,27.821,57.08,3.556,country_area_weighted_mean,6,synthetic
2023-05-08,BGR,13.418,8.818,18.518,38.278,64.2,3.766,country_area_weighted_mean,6,synthetic
2023-05-08,SRB,14.035,9.435,19.135,47.845,65.85,3.957,country_area_weighted_mean,6,synthetic
2023-05-08,UKR,11.293,6.693,16.393,23.243,64.28,3.465,country_area_weighted_mean,6,synthetic
2023-05-08,MDA,9.4,4.8,14.5,35.379,61.99,3.708,country_area_weighted_mean,6,synthetic
2023-05-08,RUS,8.12,3.52,13.22,39.017,67.31,3.78,country_area_weighted_mean,6,synthetic
2023-05-08,TUR,14.633,10.033,19.733,23.771,57.73,3.475,country_area_weighted_mean,6,synthetic
2023-05-08,GEO,13.966,9.366,19.066,60.093,75.86,4.202,country_area_weighted_mean,6,synthetic
2023-05-08,ISR,18.67,14.07,23.77,23.031,52.84,3.461,country_area_weighted_mean,6,synthetic
2023-05-08,EGY,19.752,15.152,24.852,25.513,60.2,3.51,country_area_weighted_mean,6,synthetic
2023-05-08,TUN,15.329,10.729,20.429,25.854,67.86,3.517,country_area_weighted_mean,6,synthetic
2023-05-08,MAR,19.674,15.074,24.774,31.531,61.89,3.631,country_area_weighted_mean,6,synthetic
2023-05-15,FRA,13.352,8.752,18.452,37.797,63.31,3.756,country_area_weighted_mean,6,synthetic
2023-05-15,DEU,12.17,7.57,17.27,39.43,64.79,3.789,country_area_weighted_mean,6,synthetic
2023-05-15,NLD,12.503,7.903,17.603,34.448,62.15,3.689,country_area_weighted_mean,6,synthetic
2023-05-15,BEL,17.018,12.418,22.118,23.703,59.95,3.474,country_area_weighted_mean,6,synthetic
2023-05-15,ITA,15.567,10.967,20.667,29.877,60.98,3.598,country_area_weighted_mean,6,synthetic
2023-05-15,ESP,15.263,10.663,20.363,29.067,60.74,3.581,country_area_weighted_mean,6,synthetic
2023-05-15,POL,11.971,7.371,17.071,27.074,58.69,3.541,country_area_weighted_mean,6,synthetic
2023-05-15,HUN,16.857,12.257,21.957,37.814,63.73,3.756,country_area_weighted_mean,6,synthetic
2023-05-15,ROU,12.908,8.308,18.008,31.054,61.02,3.621,country_area_weighted_mean,6,synthetic
2023-05-15,BGR,15.666,11.066,20.766,36.622,59.24,3.732,country_area_weighted_mean,6,synthetic
2023-05-15,SRB,15.736,11.136,20.836,75.348,73.82,4.507,country_area_weighted_mean,6,synthetic
2023-05-15,UKR,13.262,8.662,18.362,17.078,61.02,3.342,country_area_weighted_mean,6,synthetic
2023-05-15,MDA,13.324,8.724,18.424,31.524,62.43,3.63,country_area_weighted_mean,6,synthetic
2023-05-15,RUS,10.397,5.797,15.497,37.898,65.24,3.758,country_area_weighted_mean,6,synthetic
2023-05-15,TUR,16.948,12.348,22.048,31.165,57.0,3.623,country_area_weighted_mean,6,synthetic
2023-05-15,GEO,15.991,11.391,21.091,25.558,62.9,3.511,country_area_weighted_mean,6,synthetic
2023-05-15,ISR,19.632,15.032,24.732,21.485,57.87,3.43,country_area_weighted_mean,6,synthetic
2023-05-15,EGY,18.751,14.151,23.851,27.262,62.07,3.545,country_area_weighted_mean,6,synthetic
2023-05-15,TUN,15.974,11.374,21.074,16.818,63.8,3.336,country_area_weighted_mean,6,synthetic
2023-05-15,MAR,19.458,14.858,24.558,20.135,60.73,3.403,country_area_weighted_mean,6,synthetic
2023-05-22,FRA,15.147,10.547,20.247,36.272,59.86,3.725,country_area_weighted_mean,6,synthetic
2023-05-22,DEU,13.546,8.946,18.646,22.025,66.2,3.44,country_area_weighted_mean,6,synthetic
2023-05-22,NLD,11.989,7.389,17.089,23.28,61.65,3.466,country_area_weighted_mean,6,synthetic
2023-05-22,BEL,18.946,14.346,24.046,16.199,57.77,3.324,country_area_weighted_mean,6,synthetic
2023-05-22,ITA,17.824,13.224,22.924,28.72,56.41,3.574,country_area_weighted_mean,6,synthetic
2023-05-22,ESP,15.689,11.089,20.789,39.045,64.36,3.781,country_area_weighted_mean,6,synthetic
2023-05-22,POL,13.844,9.244,18.944,24.17,57.63,3.483,country_area_weighted_mean,6,synthetic
2023-05-22,HUN,16.081,11.481,21.181,23.054,60.03,3.461,country_area_weighted_mean,6,synthetic
2023-05-22,ROU,16.703,12.103,21.803,20.913,58.91,3.418,country_area_weighted_mean,6,synthetic
2023-05-22,BGR,17.27,12.67,22.37,31.318,55.77,3.626,country_area_weighted_mean,6,synthetic
2023-05-22,SRB,19.038,14.438,24.138,72.313,71.76,4.446,country_area_weighted_mean,6,synthetic
2023-05-22,UKR,15.134,10.534,20.234,14.505,59.97,3.29,country_area_weighted_mean,6,synthetic
2023-05-22,MDA,15.75,11.15,20.85,18.235,62.77,3.365,country_area_weighted_mean,6,synthetic
2023-05-22,RUS,12.294,7.694,17.394,28.917,66.46,3.578,country_area_weighted_mean,6,synthetic
2023-05-22,TUR,18.425,13.825,23.525,20.974,60.37,3.419,country_area_weighted_mean,6,synthetic
2023-05-22,GEO,15.643,11.043,20.743,43.092,67.24,3.862,country_area_weighted_mean,6,synthetic
2023-05-22,ISR,20.973,16.373,26.073,17.526,54.66,3.351,country_area_weighted_mean,6,synthetic
2023-05-22,EGY,19.234,14.634,24.334,32.518,62.15,3.65,country_area_weighted_mean,6,synthetic
2023-05-22,TUN,19.292,14.692,24.392,20.152,61.01,3.403,country_area_weighted_mean,6,synthetic
2023-05-22,MAR,21.222,16.622,26.322,16.498,54.45,3.33,country_area_weighted_mean,6,synthetic
2023-05-29,FRA,16.829,12.229,21.929,28.686,54.24,3.574,country_area_weighted_mean,6,synthetic
2023-05-29,DEU,13.248,8.648,18.348,21.832,59.13,3.437,country_area_weighted_mean,6,synthetic
2023-05-29,NLD,15.022,10.422,20.122,23.96,59.72,3.479,country_area_weighted_mean,6,synthetic
2023-05-29,BEL,18.819,14.219,23.919,17.306,57.9,3.346,country_area_weighted_mean,6,synthetic
2023-05-29,ITA,19.007,14.407,24.107,23.327,54.08,3.467,country_area_weighted_mean,6,synthetic
2023-05-29,ESP,16.989,12.389,22.089,31.285,59.5,3.626,country_area_weighted_mean,6,synthetic
2023-05-29,POL,16.958,12.358,22.058,17.375,54.03,3.348,country_area_weighted_mean,6,synthetic
2023-05-29,HUN,17.893,13.293,22.993,19.446,63.76,3.389,country_area_weighted_mean,6,synthetic
2023-05-29,ROU,20.163,15.563,25.263,35.642,57.78,3.713,country_area_weighted_mean,6,synthetic
2023-05-29,BGR,20.624,16.024,25.724,42.425,57.53,3.848,country_area_weighted_mean,6,synthetic
2023-05-29,SRB,19.654,15.054,24.754,56.253,65.06,4.125,country_area_weighted_mean,6,synthetic
2023-05-29,UKR,15.872,11.272,20.972,28.521,60.36,3.57,country_area_weighted_mean,6,synthetic
2023-05-29,MDA,16.329,11.729,21.429,23.208,59.65,3.464,country_area_weighted_mean,6,synthetic
2023-05-29,RUS,15.052,10.452,20.152,33.665,63.29,3.673,country_area_weighted_mean,6,synthetic
2023-05-29,TUR,21.369,16.769,26.469,19.204,61.56,3.384,country_area_weighted_mean,6,synthetic
2023-05-29,GEO,17.168,12.568,22.268,22.276,60.96,3.446,country_area_weighted_mean,6,synthetic
2023-05-29,ISR,21.742,17.142,26.842,21.368,61.76,3.427,country_area_weighted_mean,6,synthetic
2023-05-29,EGY,18.464,13.864,23.564,22.871,59.53,3.457,country_area_weighted_mean,6,synthetic
2023-05-29,TUN,21.883,17.283,26.983,22.64,60.53,3.453,country_area_weighted_mean,6,synthetic
2023-05-29,MAR,22.724,18.124,27.824,13.995,53.97,3.28,country_area_weighted_mean,6,synthetic
2023-06-05,FRA,20.161,15.561,25.261,27.018,55.3,3.54,country_area_weighted_mean,6,synthetic
2023-06-05,DEU,15.54,10.94,20.64,14.736,56.41,3.295,country_area_weighted_mean,6,synthetic
2023-06-05,NLD,16.897,12.297,21.997,24.687,59.45,3.494,country_area_weighted_mean,6,synthetic
2023-06-05,BEL,19.783,15.183,24.883,32.65,61.96,3.653,country_area_weighted_mean,6,synthetic
2023-06-05,ITA,22.334,17.734,27.434,20.079,49.77,3.402,country_area_weighted_mean,6,synthetic
2023-06-05,ESP,20.745,16.145,25.845,33.457,57.94,3.669,country_area_weighted_mean,6,synthetic
2023-06-05,POL,17.569,12.969,22.669,13.229,54.42,3.265,country_area_weighted_mean,6,synthetic
2023-06-05,HUN,18.877,14.277,23.977,22.867,58.17,3.457,country_area_weighted_mean,6,synthetic
2023-06-05,ROU,22.693,18.093,27.793,37.089,59.6,3.742,country_area_weighted_mean,6,synthetic
2023-06-05,BGR,21.725,17.125,26.825,31.083,53.9,3.622,country_area_weighted_mean,6,synthetic
2023-06-05,SRB,19.861,15.261,24.961,36.16,60.42,3.723,country_area_weighted_mean,6,synthetic
2023-06-05,UKR,18.086,13.486,23.186,26.537,60.08,3.531,country_area_weighted_mean,6,synthetic
2023-06-05,MDA,18.68,14.08,23.78,27.525,62.05,3.55,country_area_weighted_mean,6,synthetic
2023-06-05,RUS,17.934,13.334,23.034,34.217,59.72,3.684,country_area_weighted_mean,6,synthetic
2023-06-05,TUR,21.345,16.745,26.445,17.315,60.23,3.346,country_area_weighted_mean,6,synthetic
2023-06-05,GEO,18.124,13.524,23.224,16.67,57.46,3.333,country_area_weighted_mean,6,synthetic
2023-06-05,ISR,21.501,16.901,26.601,20.544,59.42,3.411,country_area_weighted_mean,6,synthetic
2023-06-05,EGY,20.156,15.556,25.256,15.011,57.66,3.3,country_area_weighted_mean,6,synthetic
2023-06-05,TUN,24.061,19.461,29.161,15.427,55.12,3.309,country_area_weighted_mean,6,synthetic
2023-06-05,MAR,25.229,20.629,30.329,19.956,57.47,3.399,country_area_weighted_mean,6,synthetic
2023-06-12,FRA,22.146,17.546,27.246,27.506,53.11,3.55,country_area_weighted_mean,6,synthetic
2023-06-12,DEU,18.953,14.353,24.053,20.579,59.55,3.412,country_area_weighted_mean,6,synthetic
2023-06-12,NLD,19.651,15.051,24.751,26.292,60.63,3.526,country_area_weighted_mean,6,synthetic
2023-06-12,BEL,20.534,15.934,25.634,26.479,60.47,3.53,country_area_weighted_mean,6,synthetic
2023-06-12,ITA,22.08,17.48,27.18,29.58,56.97,3.592,country_area_weighted_mean,6,synthetic
2023-06-12,ESP,21.784,17.184,26.884,35.42,58.58,3.708,country_area_weighted_mean,6,synthetic
2023-06-12,POL,19.396,14.796,24.496,17.149,56.71,3.343,country_area_weighted_mean,6,synthetic
2023-06-12,HUN,19.626,15.026,24.726,21.81,56.14,3.436,country_area_weighted_mean,6,synthetic
2023-06-12,ROU,23.561,18.961,28.661,22.671,55.64,3.453,country_area_weighted_mean,6,synthetic
2023-06-12,BGR,23.388,18.788,28.488,41.798,56.96,3.836,country_area_weighted_mean,6,synthetic
2023-06-12,SRB,20.767,16.167,25.867,28.841,57.93,3.577,country_area_weighted_mean,6,synthetic
2023-06-12,UKR,19.984,15.384,25.084,14.989,54.49,3.3,country_area_weighted_mean,6,synthetic
2023-06-12,MDA,19.449,14.849,24.549,26.423,60.69,3.528,country_area_weighted_mean,6,synthetic
2023-06-12,RUS,16.607,12.007,21.707,22.307,57.8,3.446,country_area_weighted_mean,6,synthetic
2023-06-12,TUR,22.241,17.641,27.341,25.898,58.37,3.518,country_area_weighted_mean,6,synthetic
2023-06-12,GEO,20.668,16.068,25.768,25.653,58.05,3.513,country_area_weighted_mean,6,synthetic
2023-06-12,ISR,22.829,18.229,27.929,20.946,59.36,3.419,country_area_weighted_mean,6,synthetic
2023-06-12,EGY,21.14,16.54,26.24,24.913,58.49,3.498,country_area_weighted_mean,6,synthetic
2023-06-12,TUN,22.872,18.272,27.972,10.077,54.83,3.202,country_area_weighted_mean,6,synthetic
2023-06-12,MAR,24.661,20.061,29.761,24.736,58.96,3.495,country_area_weighted_mean,6,synthetic
2023-06-19,FRA,22.545,17.945,27.645,31.099,51.14,3.622,country_area_weighted_mean,6,synthetic
2023-06-19,DEU,20.993,16.393,26.093,20.189,61.85,3.404,country_area_weighted_mean,6,synthetic
2023-06-19,NLD,19.211,14.611,24.311,27.0,63.55,3.54,country_area_weighted_mean,6,synthetic
2023-06-19,BEL,21.698,17.098,26.798,17.718,56.02,3.354,country_area_weighted_mean,6,synthetic
2023-06-19,ITA,23.075,18.475,28.175,21.656,53.3,3.433,country_area_weighted_mean,6,synthetic
2023-06-19,ESP,23.044,18.444,28.144,27.544,60.83,3.551,country_area_weighted_mean,6,synthetic
2023-06-19,POL,19.005,14.405,24.105,16.303,55.98,3.326,country_area_weighted_mean,6,synthetic
2023-06-19,HUN,21.571,16.971,26.671,18.315,56.22,3.366,country_area_weighted_mean,6,synthetic
2023-06-19,ROU,24.145,19.545,29.245,17.048,53.06,3.341,country_area_weighted_mean,6,synthetic
2023-06-19,BGR,25.844,21.244,30.944,21.897,56.16,3.438,country_area_weighted_mean,6,synthetic
2023-06-19,SRB,20.27,15.67,25.37,18.51,57.48,3.37,country_area_weighted_mean,6,synthetic
2023-06-19,UKR,21.617,17.017,26.717,26.441,62.54,3.529,country_area_weighted_mean,6,synthetic
2023-06-19,MDA,21.995,17.395,27.095,30.209,61.52,3.604,country_area_weighted_mean,6,synthetic
2023-06-19,RUS,17.949,13.349,23.049,22.825,56.7,3.457,country_area_weighted_mean,6,synthetic
2023-06-19,TUR,22.881,18.281,27.981,19.134,54.97,3.383,country_area_weighted_mean,6,synthetic
2023-06-19,GEO,22.502,17.902,27.602,17.159,59.35,3.343,country_area_weighted_mean,6,synthetic
2023-06-19,ISR,23.651,19.051,28.751,21.029,54.59,3.421,country_area_weighted_mean,6,synthetic
2023-06-19,EGY,22.049,17.449,27.149,27.861,56.84,3.557,country_area_weighted_mean,6,synthetic
2023-06-19,TUN,22.65,18.05,27.75,16.915,55.35,3.338,country_area_weighted_mean,6,synthetic
2023-06-19,MAR,27.271,22.671,32.371,26.628,54.81,3.533,country_area_weighted_mean,6,synthetic
2023-06-26,FRA,23.849,19.249,28.949,31.037,57.58,3.621,country_area_weighted_mean,6,synthetic
2023-06-26,DEU,22.755,18.155,27.855,25.157,54.75,3.503,country_area_weighted_mean,6,synthetic
2023-06-26,NLD,20.407,15.807,25.507,19.828,55.15,3.397,country_area_weighted_mean,6,synthetic
2023-06-26,BEL,22.932,18.332,28.032,15.366,54.12,3.307,country_area_weighted_mean,6,synthetic
2023-06-26,ITA,20.268,15.668,25.368,15.129,53.26,3.303,country_area_weighted_mean,6,synthetic
2023-06-26,ESP,25.368,20.768,30.468,19.216,55.78,3.384,country_area_weighted_mean,6,synthetic
2023-06-26,POL,19.72,15.12,24.82,17.51,55.49,3.35,country_area_weighted_mean,6,synthetic
2023-06-26,HUN,21.527,16.927,26.627,18.221,58.0,3.364,country_area_weighted_mean,6,synthetic
2023-06-26,ROU,22.457,17.857,27.557,29.306,57.55,3.586,country_area_weighted_mean,6,synthetic
2023-06-26,BGR,27.763,23.163,32.863,18.172,52.32,3.363,country_area_weighted_mean,6,synthetic
2023-06-26,SRB,22.235,17.635,27.335,22.378,54.46,3.448,country_area_weighted_mean,6,synthetic
2023-06-26,UKR,21.206,16.606,26.306,20.101,59.91,3.402,country_area_weighted_mean,6,synthetic
2023-06-26,MDA,20.435,15.835,25.535,38.96,65.5,3.779,country_area_weighted_mean,6,synthetic
2023-06-26,RUS,20.45,15.85,25.55,15.499,60.07,3.31,country_area_weighted_mean,6,synthetic
2023-06-26,TUR,22.933,18.333,28.033,23.53,55.48,3.471,country_area_weighted_mean,6,synthetic
2023-06-26,GEO,25.637,21.037,30.737,14.479,49.98,3.29,country_area_weighted_mean,6,synthetic
2023-06-26,ISR,25.808,21.208,30.908,14.307,50.95,3.286,country_area_weighted_mean,6,synthetic
2023-06-26,EGY,24.826,20.226,29.926,19.944,53.58,3.399,country_area_weighted_mean,6,synthetic
2023-06-26,TUN,25.336,20.736,30.436,13.224,53.03,3.264,country_area_weighted_mean,6,synthetic
2023-06-26,MAR,27.699,23.099,32.799,14.623,51.8,3.292,country_area_weighted_mean,6,synthetic
2023-07-03,FRA,24.487,19.887,29.587,27.747,61.82,3.555,country_area_weighted_mean,6,synthetic
2023-07-03,DEU,24.277,19.677,29.377,19.227,53.78,3.385,country_area_weighted_mean,6,synthetic
2023-07-03,NLD,20.954,16.354,26.054,27.267,59.59,3.545,country_area_weighted_mean,6,synthetic
2023-07-03,BEL,24.892,20.292,29.992,7.687,51.92,3.154,country_area_weighted_mean,6,synthetic
2023-07-03,ITA,21.721,17.121,26.821,25.144,55.7,3.503,country_area_weighted_mean,6,synthetic
2023-07-03,ESP,27.106,22.506,32.206,15.884,52.87,3.318,country_area_weighted_mean,6,synthetic
2023-07-03,POL,22.729,18.129,27.829,14.021,51.01,3.28,country_area_weighted_mean,6,synthetic
2023-07-03,HUN,22.752,18.152,27.852,25.01,59.29,3.5,country_area_weighted_mean,6,synthetic
2023-07-03,ROU,25.314,20.714,30.414,42.605,57.18,3.852,country_area_weighted_mean,6,synthetic
2023-07-03,BGR,27.613,23.013,32.713,20.508,58.85,3.41,country_area_weighted_mean,6,synthetic
2023-07-03,SRB,23.753,19.153,28.853,21.289,53.18,3.426,country_area_weighted_mean,6,synthetic
2023-07-03,UKR,23.219,18.619,28.319,25.412,61.8,3.508,country_area_weighted_mean,6,synthetic
2023-07-03,MDA,21.995,17.395,27.095,23.758,59.21,3.475,country_area_weighted_mean,6,synthetic
2023-07-03,RUS,23.076,18.476,28.176,24.388,58.41,3.488,country_area_weighted_mean,6,synthetic
2023-07-03,TUR,24.698,20.098,29.798,22.204,54.67,3.444,country_area_weighted_mean,6,synthetic
2023-07-03,GEO,27.373,22.773,32.473,12.763,52.09,3.255,country_area_weighted_mean,6,synthetic
2023-07-03,ISR,26.21,21.61,31.31,15.631,53.05,3.313,country_area_weighted_mean,6,synthetic
2023-07-03,EGY,25.05,20.45,30.15,20.681,58.47,3.414,country_area_weighted_mean,6,synthetic
2023-07-03,TUN,25.934,21.334,31.034,10.299,54.34,3.206,country_area_weighted_mean,6,synthetic
2023-07-03,MAR,27.111,22.511,32.211,15.369,55.37,3.307,country_area_weighted_mean,6,synthetic
2023-07-10,FRA,25.387,20.787,30.487,53.487,64.15,4.07,country_area_weighted_mean,6,synthetic
2023-07-10,DEU,26.017,21.417,31.117,19.045,52.34,3.381,country_area_weighted_mean,6,synthetic
2023-07-10,NLD,21.225,16.625,26.325,22.038,59.77,3.441,country_area_weighted_mean,6,synthetic
2023-07-10,BEL,23.383,18.783,28.483,8.943,52.15,3.179,country_area_weighted_mean,6,synthetic
2023-07-10,ITA,23.237,18.637,28.337,14.781,54.02,3.296,country_area_weighted_mean,6,synthetic
2023-07-10,ESP,27.046,22.446,32.146,14.927,48.63,3.299,country_area_weighted_mean,6,synthetic
2023-07-10,POL,22.645,18.045,27.745,16.494,56.07,3.33,country_area_weighted_mean,6,synthetic
2023-07-10,HUN,22.242,17.642,27.342,24.667,58.84,3.493,country_area_weighted_mean,6,synthetic
2023-07-10,ROU,25.215,20.615,30.315,29.17,52.15,3.583,country_area_weighted_mean,6,synthetic
2023-07-10,BGR,28.375,23.775,33.475,24.162,57.65,3.483,country_area_weighted_mean,6,synthetic
2023-07-10,SRB,22.929,18.329,28.029,18.162,54.21,3.363,country_area_weighted_mean,6,synthetic
2023-07-10,UKR,23.768,19.168,28.868,23.678,57.94,3.474,country_area_weighted_mean,6,synthetic
2023-07-10,MDA,24.615,20.015,29.715,14.508,53.25,3.29,country_area_weighted_mean,6,synthetic
2023-07-10,RUS,24.106,19.506,29.206,25.273,61.2,3.505,country_area_weighted_mean,6,synthetic
2023-07-10,TUR,23.936,19.336,29.036,24.11,57.34,3.482,country_area_weighted_mean,6,synthetic
2023-07-10,GEO,28.056,23.456,33.156,16.671,58.84,3.333,country_area_weighted_mean,6,synthetic
2023-07-10,ISR,27.808,23.208,32.908,23.29,50.96,3.466,country_area_weighted_mean,6,synthetic
2023-07-10,EGY,27.341,22.741,32.441,22.946,55.7,3.459,country_area_weighted_mean,6,synthetic
2023-07-10,TUN,25.848,21.248,30.948,11.638,55.18,3.233,country_area_weighted_mean,6,synthetic
2023-07-10,MAR,27.718,23.118,32.818,14.743,50.21,3.295,country_area_weighted_mean,6,synthetic
2023-07-17,FRA,25.113,20.513,30.213,27.865,53.92,3.557,country_area_weighted_mean,6,synthetic
2023-07-17,DEU,24.494,19.894,29.594,23.434,51.52,3.469,country_area_weighted_mean,6,synthetic
2023-07-17,NLD,20.962,16.362,26.062,23.569,61.03,3.471,country_area_weighted_mean,6,synthetic
2023-07-17,BEL,24.351,19.751,29.451,13.387,48.54,3.268,country_area_weighted_mean,6,synthetic
2023-07-17,ITA,21.58,16.98,26.68,16.942,56.66,3.339,country_area_weighted_mean,6,synthetic
2023-07-17,ESP,28.007,23.407,33.107,12.944,48.3,3.259,country_area_weighted_mean,6,synthetic
2023-07-17,POL,23.643,19.043,28.743,14.875,59.08,3.297,country_area_weighted_mean,6,synthetic
2023-07-17,HUN,23.101,18.501,28.201,12.583,58.58,3.252,country_area_weighted_mean,6,synthetic
2023-07-17,ROU,25.064,20.464,30.164,19.206,49.05,3.384,country_area_weighted_mean,6,synthetic
2023-07-17,BGR,29.975,25.375,35.075,24.008,57.35,3.48,country_area_weighted_mean,6,synthetic
2023-07-17,SRB,24.285,19.685,29.385,23.898,58.43,3.478,country_area_weighted_mean,6,synthetic
2023-07-17,UKR,26.449,21.849,31.549,31.65,54.34,3.633,country_area_weighted_mean,6,synthetic
2023-07-17,MDA,26.6,22.0,31.7,14.759,50.93,3.295,country_area_weighted_mean,6,synthetic
2023-07-17,RUS,24.605,20.005,29.705,20.006,59.59,3.4,country_area_weighted_mean,6,synthetic
2023-07-17,TUR,25.687,21.087,30.787,24.573,58.36,3.491,country_area_weighted_mean,6,synthetic
2023-07-17,GEO,26.135,21.535,31.235,28.337,57.84,3.567,country_area_weighted_mean,6,synthetic
2023-07-17,ISR,26.991,22.391,32.091,13.351,52.43,3.267,country_area_weighted_mean,6,synthetic
2023-07-17,EGY,28.011,23.411,33.111,13.816,49.41,3.276,country_area_weighted_mean,6,synthetic
2023-07-17,TUN,25.182,20.582,30.282,17.068,58.14,3.341,country_area_weighted_mean,6,synthetic
2023-07-17,MAR,27.797,23.197,32.897,11.791,50.4,3.236,country_area_weighted_mean,6,synthetic
2023-07-24,FRA,25.348,20.748,30.448,18.468,52.29,3.369,country_area_weighted_mean,6,synthetic
2023-07-24,DEU,24.211,19.611,29.311,20.637,52.89,3.413,country_area_weighted_mean,6,synthetic
2023-07-24,NLD,22.836,18.236,27.936,23.652,58.6,3.473,country_area_weighted_mean,6,synthetic
2023-07-24,BEL,25.295,20.695,30.395,10.139,50.07,3.203,country_area_weighted_mean,6,synthetic
2023-07-24,ITA,22.374,17.774,27.474,13.524,54.86,3.27,country_area_weighted_mean,6,synthetic
2023-07-24,ESP,27.178,22.578,32.278,13.197,53.3,3.264,country_area_weighted_mean,6,synthetic
2023-07-24,POL,24.989,20.389,30.089,10.603,54.86,3.212,country_area_weighted_mean,6,synthetic
2023-07-24,HUN,26.08,21.48,31.18,17.961,54.05,3.359,country_area_weighted_mean,6,synthetic
2023-07-24,ROU,23.52,18.92,28.62,21.648,52.24,3.433,country_area_weighted_mean,6,synthetic
2023-07-24,BGR,30.308,25.708,35.408,14.579,47.5,3.292,country_area_weighted_mean,6,synthetic
2023-07-24,SRB,23.743,19.143,28.843,17.795,56.85,3.356,country_area_weighted_mean,6,synthetic
2023-07-24,UKR,27.323,22.723,32.423,25.288,51.01,3.506,country_area_weighted_mean,6,synthetic
2023-07-24,MDA,25.679,21.079,30.779,22.628,56.49,3.453,country_area_weighted_mean,6,synthetic
2023-07-24,RUS,25.004,20.404,30.104,10.943,60.12,3.219,country_area_weighted_mean,6,synthetic
2023-07-24,TUR,23.576,18.976,28.676,18.869,55.96,3.377,country_area_weighted_mean,6,synthetic
2023-07-24,GEO,26.196,21.596,31.296,13.265,51.67,3.265,country_area_weighted_mean,6,synthetic
2023-07-24,ISR,26.862,22.262,31.962,9.005,48.56,3.18,country_area_weighted_mean,6,synthetic
2023-07-24,EGY,30.172,25.572,35.272,12.789,47.25,3.256,country_area_weighted_mean,6,synthetic
2023-07-24,TUN,25.338,20.738,30.438,12.86,52.7,3.257,country_area_weighted_mean,6,synthetic
2023-07-24,MAR,28.416,23.816,33.516,17.982,49.06,3.36,country_area_weighted_mean,6,synthetic
2023-07-31,FRA,23.884,19.284,28.984,30.504,62.55,3.61,country_area_weighted_mean,6,synthetic
2023-07-31,DEU,24.233,19.633,29.333,18.762,53.37,3.375,country_area_weighted_mean,6,synthetic
2023-07-31,NLD,24.349,19.749,29.449,9.503,56.1,3.19,country_area_weighted_mean,6,synthetic
2023-07-31,BEL,23.048,18.448,28.148,18.287,49.58,3.366,country_area_weighted_mean,6,synthetic
2023-07-31,ITA,21.851,17.251,26.951,18.791,52.83,3.376,country_area_weighted_mean,6,synthetic
2023-07-31,ESP,27.188,22.588,32.288,17.232,59.23,3.345,country_area_weighted_mean,6,synthetic
2023-07-31,POL,24.911,20.311,30.011,13.356,55.21,3.267,country_area_weighted_mean,6,synthetic
2023-07-31,HUN,25.295,20.695,30.395,24.4,50.92,3.488,country_area_weighted_mean,6,synthetic
2023-07-31,ROU,24.964,20.364,30.064,14.37,53.03,3.287,country_area_weighted_mean,6,synthetic
2023-07-31,BGR,29.781,25.181,34.881,16.894,47.78,3.338,country_area_weighted_mean,6,synthetic
2023-07-31,SRB,23.425,18.825,28.525,27.028,56.46,3.541,country_area_weighted_mean,6,synthetic
2023-07-31,UKR,24.805,20.205,29.905,18.134,53.34,3.363,country_area_weighted_mean,6,synthetic
2023-07-31,MDA,23.492,18.892,28.592,12.492,54.66,3.25,country_area_weighted_mean,6,synthetic
2023-07-31,RUS,25.413,20.813,30.513,15.404,58.22,3.308,country_area_weighted_mean,6,synthetic
2023-07-31,TUR,23.061,18.461,28.161,15.675,49.71,3.313,country_area_weighted_mean,6,synthetic
2023-07-31,GEO,25.643,21.043,30.743,9.198,50.07,3.184,country_area_weighted_mean,6,synthetic
2023-07-31,ISR,28.586,23.986,33.686,13.088,50.74,3.262,country_area_weighted_mean,6,synthetic
2023-07-31,EGY,28.614,24.014,33.714,12.249,51.69,3.245,country_area_weighted_mean,6,synthetic
2023-07-31,TUN,27.651,23.051,32.751,18.434,50.57,3.369,country_area_weighted_mean,6,synthetic
2023-07-31,MAR,28.466,23.866,33.566,9.038,50.88,3.181,country_area_weighted_mean,6,synthetic
2023-08-07,FRA,22.575,17.975,27.675,25.049,58.69,3.501,country_area_weighted_mean,6,synthetic
2023-08-07,DEU,23.452,18.852,28.552,17.482,56.68,3.35,country_area_weighted_mean,6,synthetic
2023-08-07,NLD,25.136,20.536,30.236,7.519,51.84,3.15,country_area_weighted_mean,6,synthetic
2023-08-07,BEL,23.166,18.566,28.266,14.539,55.15,3.291,country_area_weighted_mean,6,synthetic
2023-08-07,ITA,23.341,18.741,28.441,29.942,53.08,3.599,country_area_weighted_mean,6,synthetic
2023-08-07,ESP,26.377,21.777,31.477,22.289,59.33,3.446,country_area_weighted_mean,6,synthetic
2023-08-07,POL,26.218,21.618,31.318,15.964,55.59,3.319,country_area_weighted_mean,6,synthetic
2023-08-07,HUN,25.101,20.501,30.201,24.289,53.46,3.486,country_area_weighted_mean,6,synthetic
2023-08-07,ROU,24.696,20.096,29.796,13.119,54.96,3.262,country_area_weighted_mean,6,synthetic
2023-08-07,BGR,27.66,23.06,32.76,30.359,54.16,3.607,country_area_weighted_mean,6,synthetic
2023-08-07,SRB,20.733,16.133,25.833,34.225,60.3,3.685,country_area_weighted_mean,6,synthetic
2023-08-07,UKR,25.249,20.649,30.349,12.322,53.04,3.246,country_area_weighted_mean,6,synthetic
2023-08-07,MDA,23.288,18.688,28.388,15.726,58.85,3.315,country_area_weighted_mean,6,synthetic
2023-08-07,RUS,25.553,20.953,30.653,10.683,56.91,3.214,country_area_weighted_mean,6,synthetic
2023-08-07,TUR,24.0,19.4,29.1,10.741,49.57,3.215,country_area_weighted_mean,6,synthetic
2023-08-07,GEO,25.493,20.893,30.593,10.081,49.56,3.202,country_area_weighted_mean,6,synthetic
2023-08-07,ISR,26.17,21.57,31.27,12.634,49.64,3.253,country_area_weighted_mean,6,synthetic
2023-08-07,EGY,28.443,23.843,33.543,5.903,52.43,3.118,country_area_weighted_mean,6,synthetic
2023-08-07,TUN,26.57,21.97,31.67,19.203,51.78,3.384,country_area_weighted_mean,6,synthetic
2023-08-07,MAR,27.279,22.679,32.379,17.492,56.29,3.35,country_area_weighted_mean,6,synthetic
2023-08-14,FRA,21.593,16.993,26.693,15.182,57.11,3.304,country_area_weighted_mean,6,synthetic
2023-08-14,DEU,22.531,17.931,27.631,14.201,50.46,3.284,country_area_weighted_mean,6,synthetic
2023-08-14,NLD,24.192,19.592,29.292,12.707,53.3,3.254,country_area_weighted_mean,6,synthetic
2023-08-14,BEL,21.631,17.031,26.731,14.354,52.21,3.287,country_area_weighted_mean,6,synthetic
2023-08-14,ITA,24.386,19.786,29.486,13.91,57.5,3.278,country_area_weighted_mean,6,synthetic
2023-08-14,ESP,24.578,19.978,29.678,11.231,56.57,3.225,country_area_weighted_mean,6,synthetic
2023-08-14,POL,23.727,19.127,28.827,20.762,58.19,3.415,country_area_weighted_mean,6,synthetic
2023-08-14,HUN,23.405,18.805,28.505,18.555,54.24,3.371,country_area_weighted_mean,6,synthetic
2023-08-14,ROU,25.941,21.341,31.041,21.562,52.93,3.431,country_area_weighted_mean,6,synthetic
2023-08-14,BGR,27.541,22.941,32.641,36.341,55.38,3.727,country_area_weighted_mean,6,synthetic
2023-08-14,SRB,21.83,17.23,26.93,19.017,55.82,3.38,country_area_weighted_mean,6,synthetic
2023-08-14,UKR,25.655,21.055,30.755,17.604,51.58,3.352,country_area_weighted_mean,6,synthetic
2023-08-14,MDA,25.592,20.992,30.692,8.079,55.99,3.162,country_area_weighted_mean,6,synthetic
2023-08-14,RUS,26.018,21.418,31.118,18.935,57.1,3.379,country_area_weighted_mean,6,synthetic
2023-08-14,TUR,23.987,19.387,29.087,16.478,54.18,3.33,country_area_weighted_mean,6,synthetic
2023-08-14,GEO,24.831,20.231,29.931,19.671,54.46,3.393,country_area_weighted_mean,6,synthetic
2023-08-14,ISR,27.368,22.768,32.468,10.163,49.65,3.203,country_area_weighted_mean,6,synthetic
2023-08-14,EGY,28.334,23.734,33.434,5.451,50.13,3.109,country_area_weighted_mean,6,synthetic
2023-08-14,TUN,26.831,22.231,31.931,17.857,50.36,3.357,country_area_weighted_mean,6,synthetic
2023-08-14,MAR,24.502,19.902,29.602,16.072,53.5,3.321,country_area_weighted_mean,6,synthetic
2023-08-21,FRA,21.404,16.804,26.504,19.798,57.13,3.396,country_area_weighted_mean,6,synthetic
2023-08-21,DEU,21.274,16.674,26.374,18.216,55.0,3.364,country_area_weighted_mean,6,synthetic
2023-08-21,NLD,25.771,21.171,30.871,14.114,48.81,3.282,country_area_weighted_mean,6,synthetic
2023-08-21,BEL,21.501,16.901,26.601,17.174,53.14,3.343,country_area_weighted_mean,6,synthetic
2023-08-21,ITA,25.089,20.489,30.189,11.867,56.02,3.237,country_area_weighted_mean,6,synthetic
2023-08-21,ESP,23.87,19.27,28.97,14.786,53.81,3.296,country_area_weighted_mean,6,synthetic
2023-08-21,POL,25.377,20.777,30.477,31.831,65.5,3.637,country_area_weighted_mean,6,synthetic
2023-08-21,HUN,22.121,17.521,27.221,21.495,58.05,3.43,country_area_weighted_mean,6,synthetic
2023-08-21,ROU,22.126,17.526,27.226,20.867,59.41,3.417,country_area_weighted_mean,6,synthetic
2023-08-21,BGR,24.709,20.109,29.809,18.097,50.04,3.362,country_area_weighted_mean,6,synthetic
2023-08-21,SRB,22.494,17.894,27.594,16.402,56.44,3.328,country_area_weighted_mean,6,synthetic
2023-08-21,UKR,22.958,18.358,28.058,24.348,57.88,3.487,country_area_weighted_mean,6,synthetic
2023-08-21,MDA,24.65,20.05,29.75,12.637,54.07,3.253,country_area_weighted_mean,6,synthetic
2023-08-21,RUS,23.807,19.207,28.907,14.198,57.33,3.284,country_area_weighted_mean,6,synthetic
2023-08-21,TUR,23.297,18.697,28.397,20.316,52.94,3.406,country_area_weighted_mean,6,synthetic
2023-08-21,GEO,22.459,17.859,27.559,13.631,54.02,3.273,country_area_weighted_mean,6,synthetic
2023-08-21,ISR,26.411,21.811,31.511,17.751,50.42,3.355,country_area_weighted_mean,6,synthetic
2023-08-21,EGY,27.471,22.871,32.571,10.405,46.94,3.208,country_area_weighted_mean,6,synthetic
2023-08-21,TUN,27.995,23.395,33.095,11.585,47.2,3.232,country_area_weighted_mean,6,synthetic
2023-08-21,MAR,25.141,20.541,30.241,20.984,54.59,3.42,country_area_weighted_mean,6,synthetic
2023-08-28,FRA,20.736,16.136,25.836,12.608,53.64,3.252,country_area_weighted_mean,6,synthetic
2023-08-28,DEU,20.224,15.624,25.324,20.231,55.97,3.405,country_area_weighted_mean,6,synthetic
2023-08-28,NLD,25.537,20.937,30.637,8.631,52.31,3.173,country_area_weighted_mean,6,synthetic
2023-08-28,BEL,22.22,17.62,27.32,14.527,48.38,3.291,country_area_weighted_mean,6,synthetic
2023-08-28,ITA,24.196,19.596,29.296,11.136,57.94,3.223,country_area_weighted_mean,6,synthetic
2023-08-28,ESP,23.284,18.684,28.384,10.641,51.09,3.213,country_area_weighted_mean,6,synthetic
2023-08-28,POL,23.728,19.128,28.828,16.261,54.78,3.325,country_area_weighted_mean,6,synthetic
2023-08-28,HUN,21.849,17.249,26.949,10.467,50.05,3.209,country_area_weighted_mean,6,synthetic
2023-08-28,ROU,21.717,17.117,26.817,20.201,57.58,3.404,country_area_weighted_mean,6,synthetic
2023-08-28,BGR,24.258,19.658,29.358,17.316,49.71,3.346,country_area_weighted_mean,6,synthetic
2023-08-28,SRB,22.269,17.669,27.369,16.3,58.93,3.326,country_area_weighted_mean,6,synthetic
2023-08-28,UKR,20.677,16.077,25.777,28.837,63.79,3.577,country_area_weighted_mean,6,synthetic
2023-08-28,MDA,24.798,20.198,29.898,27.531,56.77,3.551,country_area_weighted_mean,6,synthetic
2023-08-28,RUS,22.072,17.472,27.172,11.51,55.5,3.23,country_area_weighted_mean,6,synthetic
2023-08-28,TUR,22.686,18.086,27.786,11.981,50.16,3.24,country_area_weighted_mean,6,synthetic
2023-08-28,GEO,23.47,18.87,28.57,9.571,56.63,3.191,country_area_weighted_mean,6,synthetic
2023-08-28,ISR,23.645,19.045,28.745,13.044,49.7,3.261,country_area_weighted_mean,6,synthetic
2023-08-28,EGY,26.955,22.355,32.055,11.209,49.05,3.224,country_area_weighted_mean,6,synthetic
2023-08-28,TUN,25.487,20.887,30.587,10.585,52.81,3.212,country_area_weighted_mean,6,synthetic
2023-08-28,MAR,24.484,19.884,29.584,16.721,58.15,3.334,country_area_weighted_mean,6,synthetic
2023-09-04,FRA,18.822,14.222,23.922,13.916,56.6,3.278,country_area_weighted_mean,6,synthetic
2023-09-04,DEU,19.883,15.283,24.983,11.339,54.82,3.227,country_area_weighted_mean,6,synthetic
2023-09-04,NLD,24.652,20.052,29.752,8.782,52.53,3.176,country_area_weighted_mean,6,synthetic
2023-09-04,BEL,21.221,16.621,26.321,9.236,54.43,3.185,country_area_weighted_mean,6,synthetic
2023-09-04,ITA,22.98,18.38,28.08,11.385,54.7,3.228,country_area_weighted_mean,6,synthetic
2023-09-04,ESP,22.835,18.235,27.935,10.22,53.8,3.204,country_area_weighted_mean,6,synthetic
2023-09-04,POL,17.818,13.218,22.918,15.783,56.03,3.316,country_area_weighted_mean,6,synthetic
2023-09-04,HUN,22.1,17.5,27.2,21.822,51.73,3.436,country_area_weighted_mean,6,synthetic
2023-09-04,ROU,20.599,15.999,25.699,20.999,60.8,3.42,country_area_weighted_mean,6,synthetic
2023-09-04,BGR,23.653,19.053,28.753,20.942,51.28,3.419,country_area_weighted_mean,6,synthetic
2023-09-04,SRB,22.54,17.94,27.64,13.215,61.91,3.264,country_area_weighted_mean,6,synthetic
2023-09-04,UKR,18.991,14.391,24.091,21.364,54.31,3.427,country_area_weighted_mean,6,synthetic
2023-09-04,MDA,22.144,17.544,27.244,17.204,54.87,3.344,country_area_weighted_mean,6,synthetic
2023-09-04,RUS,21.443,16.843,26.543,15.681,58.86,3.314,country_area_weighted_mean,6,synthetic
2023-09-04,TUR,22.029,17.429,27.129,13.811,54.34,3.276,country_area_weighted_mean,6,synthetic
2023-09-04,GEO,19.043,14.443,24.143,15.965,56.92,3.319,country_area_weighted_mean,6,synthetic
2023-09-04,ISR,22.975,18.375,28.075,16.582,45.4,3.332,country_area_weighted_mean,6,synthetic
2023-09-04,EGY,24.711,20.111,29.811,21.022,54.35,3.42,country_area_weighted_mean,6,synthetic
2023-09-04,TUN,26.102,21.502,31.202,19.603,60.22,3.392,country_area_weighted_mean,6,synthetic
2023-09-04,MAR,23.579,18.979,28.679,13.188,56.41,3.264,country_area_weighted_mean,6,synthetic
2023-09-11,FRA,17.813,13.213,22.913,14.335,58.52,3.287,country_area_weighted_mean,6,synthetic
2023-09-11,DEU,17.485,12.885,22.585,11.081,59.61,3.222,country_area_weighted_mean,6,synthetic
2023-09-11,NLD,22.335,17.735,27.435,13.252,52.13,3.265,country_area_weighted_mean,6,synthetic
2023-09-11,BEL,20.194,15.594,25.294,15.637,56.86,3.313,country_area_weighted_mean,6,synthetic
2023-09-11,ITA,22.831,18.231,27.931,9.543,50.17,3.191,country_area_weighted_mean,6,synthetic
2023-09-11,ESP,24.742,20.142,29.842,14.562,54.29,3.291,country_area_weighted_mean,6,synthetic
2023-09-11,POL,15.808,11.208,20.908,19.348,60.69,3.387,country_area_weighted_mean,6,synthetic
2023-09-11,HUN,21.029,16.429,26.129,14.281,55.03,3.286,country_area_weighted_mean,6,synthetic
2023-09-11,ROU,20.436,15.836,25.536,31.493,65.25,3.63,country_area_weighted_mean,6,synthetic
2023-09-11,BGR,23.62,19.02,28.72,21.456,51.97,3.429,country_area_weighted_mean,6,synthetic
2023-09-11,SRB,21.546,16.946,26.646,21.849,59.24,3.437,country_area_weighted_mean,6,synthetic
2023-09-11,UKR,18.833,14.233,23.933,22.072,55.36,3.441,country_area_weighted_mean,6,synthetic
2023-09-11,MDA,20.887,16.287,25.987,12.794,53.95,3.256,country_area_weighted_mean,6,synthetic
2023-09-11,RUS,22.841,18.241,27.941,16.016,55.37,3.32,country_area_weighted_mean,6,synthetic
2023-09-11,TUR,20.687,16.087,25.787,16.105,55.38,3.322,country_area_weighted_mean,6,synthetic
2023-09-11,GEO,17.076,12.476,22.176,17.098,57.67,3.342,country_area_weighted_mean,6,synthetic
2023-09-11,ISR,22.671,18.071,27.771,18.738,53.57,3.375,country_area_weighted_mean,6,synthetic
2023-09-11,EGY,22.663,18.063,27.763,16.107,52.3,3.322,country_area_weighted_mean,6,synthetic
2023-09-11,TUN,24.137,19.537,29.237,20.987,61.21,3.42,country_area_weighted_mean,6,synthetic
2023-09-11,MAR,22.95,18.35,28.05,10.427,57.3,3.209,country_area_weighted_mean,6,synthetic
2023-09-18,FRA,18.105,13.505,23.205,12.337,55.73,3.247,country_area_weighted_mean,6,synthetic
2023-09-18,DEU,16.756,12.156,21.856,20.306,56.7,3.406,country_area_weighted_mean,6,synthetic
2023-09-18,NLD,20.324,15.724,25.424,10.471,54.98,3.209,country_area_weighted_mean,6,synthetic
2023-09-18,BEL,20.171,15.571,25.271,16.45,59.61,3.329,country_area_weighted_mean,6,synthetic
2023-09-18,ITA,21.716,17.116,26.816,12.21,54.18,3.244,country_area_weighted_mean,6,synthetic
2023-09-18,ESP,22.303,17.703,27.403,20.545,55.59,3.411,country_area_weighted_mean,6,synthetic
2023-09-18,POL,15.979,11.379,21.079,17.025,58.98,3.341,country_area_weighted_mean,6,synthetic
2023-09-18,HUN,21.052,16.452,26.152,18.495,50.71,3.37,country_area_weighted_mean,6,synthetic
2023-09-18,ROU,18.127,13.527,23.227,21.531,65.65,3.431,country_area_weighted_mean,6,synthetic
2023-09-18,BGR,20.439,15.839,25.539,32.149,57.99,3.643,country_area_weighted_mean,6,synthetic
2023-09-18,SRB,20.389,15.789,25.489,16.807,56.14,3.336,country_area_weighted_mean,6,synthetic
2023-09-18,UKR,17.328,12.728,22.428,22.777,58.15,3.456,country_area_weighted_mean,6,synthetic
2023-09-18,MDA,20.489,15.889,25.589,29.929,61.32,3.599,country_area_weighted_mean,6,synthetic
2023-09-18,RUS,20.705,16.105,25.805,10.081,57.73,3.202,country_area_weighted_mean,6,synthetic
2023-09-18,TUR,20.331,15.731,25.431,23.739,56.29,3.475,country_area_weighted_mean,6,synthetic
2023-09-18,GEO,15.53,10.93,20.63,13.818,53.29,3.276,country_area_weighted_mean,6,synthetic
2023-09-18,ISR,21.198,16.598,26.298,15.728,55.36,3.315,country_area_weighted_mean,6,synthetic
2023-09-18,EGY,22.948,18.348,28.048,22.58,53.86,3.452,country_area_weighted_mean,6,synthetic
2023-09-18,TUN,22.273,17.673,27.373,13.316,54.15,3.266,country_area_weighted_mean,6,synthetic
2023-09-18,MAR,22.371,17.771,27.471,13.987,55.58,3.28,country_area_weighted_mean,6,synthetic
2023-09-25,FRA,17.673,13.073,22.773,15.317,56.77,3.306,country_area_weighted_mean,6,synthetic
2023-09-25,DEU,17.576,12.976,22.676,18.244,56.98,3.365,country_area_weighted_mean,6,synthetic
2023-09-25,NLD,19.253,14.653,24.353,18.481,59.96,3.37,country_area_weighted_mean,6,synthetic
2023-09-25,BEL,18.631,14.031,23.731,13.937,56.94,3.279,country_area_weighted_mean,6,synthetic
2023-09-25,ITA,21.678,17.078,26.778,14.387,49.78,3.288,country_area_weighted_mean,6,synthetic
2023-09-25,ESP,19.197,14.597,24.297,14.289,54.49,3.286,country_area_weighted_mean,6,synthetic
2023-09-25,POL,16.384,11.784,21.484,26.268,61.81,3.525,country_area_weighted_mean,6,synthetic
2023-09-25,HUN,17.805,13.205,22.905,32.549,61.75,3.651,country_area_weighted_mean,6,synthetic
2023-09-25,ROU,15.004,10.404,20.104,13.423,59.47,3.268,country_area_weighted_mean,6,synthetic
2023-09-25,BGR,18.509,13.909,23.609,27.359,61.33,3.547,country_area_weighted_mean,6,synthetic
2023-09-25,SRB,16.422,11.822,21.522,13.609,56.48,3.272,country_area_weighted_mean,6,synthetic
2023-09-25,UKR,17.082,12.482,22.182,22.632,61.94,3.453,country_area_weighted_mean,6,synthetic
2023-09-25,MDA,18.101,13.501,23.201,29.206,65.02,3.584,country_area_weighted_mean,6,synthetic
2023-09-25,RUS,17.979,13.379,23.079,13.798,61.78,3.276,country_area_weighted_mean,6,synthetic
2023-09-25,TUR,21.862,17.262,26.962,14.558,52.48,3.291,country_area_weighted_mean,6,synthetic
2023-09-25,GEO,16.567,11.967,21.667,14.279,55.68,3.286,country_area_weighted_mean,6,synthetic
2023-09-25,ISR,20.463,15.863,25.563,16.794,60.53,3.336,country_area_weighted_mean,6,synthetic
2023-09-25,EGY,21.65,17.05,26.75,20.033,52.41,3.401,country_area_weighted_mean,6,synthetic
2023-09-25,TUN,20.334,15.734,25.434,18.244,61.94,3.365,country_area_weighted_mean,6,synthetic
2023-09-25,MAR,21.951,17.351,27.051,17.674,59.26,3.353,country_area_weighted_mean,6,synthetic
2023-10-02,FRA,15.004,10.404,20.104,16.681,57.04,3.334,country_area_weighted_mean,6,synthetic
2023-10-02,DEU,14.513,9.913,19.613,12.875,56.79,3.257,country_area_weighted_mean,6,synthetic
2023-10-02,NLD,19.274,14.674,24.374,16.684,60.56,3.334,country_area_weighted_mean,6,synthetic
2023-10-02,BEL,15.908,11.308,21.008,19.108,56.34,3.382,country_area_weighted_mean,6,synthetic
2023-10-02,ITA,18.251,13.651,23.351,13.568,58.25,3.271,country_area_weighted_mean,6,synthetic
2023-10-02,ESP,19.582,14.982,24.682,17.475,58.48,3.349,country_area_weighted_mean,6,synthetic
2023-10-02,POL,13.354,8.754,18.454,29.0,63.85,3.58,country_area_weighted_mean,6,synthetic
2023-10-02,HUN,15.989,11.389,21.089,27.938,66.78,3.559,country_area_weighted_mean,6,synthetic
2023-10-02,ROU,10.989,6.389,16.089,15.515,63.06,3.31,country_area_weighted_mean,6,synthetic
2023-10-02,BGR,18.129,13.529,23.229,26.273,65.82,3.525,country_area_weighted_mean,6,synthetic
2023-10-02,SRB,14.294,9.694,19.394,11.612,54.81,3.232,country_area_weighted_mean,6,synthetic
2023-10-02,UKR,16.755,12.155,21.855,22.394,58.99,3.448,country_area_weighted_mean,6,synthetic
2023-10-02,MDA,15.757,11.157,20.857,23.263,61.86,3.465,country_area_weighted_mean,6,synthetic
2023-10-02,RUS,15.548,10.948,20.648,12.971,60.21,3.259,country_area_weighted_mean,6,synthetic
2023-10-02,TUR,19.293,14.693,24.393,13.738,50.37,3.275,country_area_weighted_mean,6,synthetic
2023-10-02,GEO,15.971,11.371,21.071,28.306,56.07,3.566,country_area_weighted_mean,6,synthetic
2023-10-02,ISR,18.03,13.43,23.13,17.355,56.74,3.347,country_area_weighted_mean,6,synthetic
2023-10-02,EGY,19.385,14.785,24.485,12.815,56.57,3.256,country_area_weighted_mean,6,synthetic
2023-10-02,TUN,18.546,13.946,23.646,29.134,62.43,3.583,country_area_weighted_mean,6,synthetic
2023-10-02,MAR,18.249,13.649,23.349,21.332,58.88,3.427,country_area_weighted_mean,6,synthetic
2023-10-09,FRA,14.383,9.783,19.483,13.657,56.43,3.273,country_area_weighted_mean,6,synthetic
2023-10-09,DEU,11.645,7.045,16.745,19.071,57.42,3.381,country_area_weighted_mean,6,synthetic
2023-10-09,NLD,15.821,11.221,20.921,17.993,61.48,3.36,country_area_weighted_mean,6,synthetic
2023-10-09,BEL,12.369,7.769,17.469,14.931,61.6,3.299,country_area_weighted_mean,6,synthetic
2023-10-09,ITA,16.431,11.831,21.531,15.852,56.51,3.317,country_area_weighted_mean,6,synthetic
2023-10-09,ESP,17.346,12.746,22.446,22.476,55.21,3.45,country_area_weighted_mean,6,synthetic
2023-10-09,POL,12.283,7.683,17.383,30.802,63.72,3.616,country_area_weighted_mean,6,synthetic
2023-10-09,HUN,13.258,8.658,18.358,17.03,62.55,3.341,country_area_weighted_mean,6,synthetic
2023-10-09,ROU,10.661,6.061,15.761,21.794,63.03,3.436,country_area_weighted_mean,6,synthetic
2023-10-09,BGR,16.681,12.081,21.781,24.194,59.27,3.484,country_area_weighted_mean,6,synthetic
2023-10-09,SRB,14.753,10.153,19.853,14.443,61.91,3.289,country_area_weighted_mean,6,synthetic
2023-10-09,UKR,14.427,9.827,19.527,20.059,62.39,3.401,country_area_weighted_mean,6,synthetic
2023-10-09,MDA,12.836,8.236,17.936,22.992,62.98,3.46,country_area_weighted_mean,6,synthetic
2023-10-09,RUS,12.9,8.3,18.0,11.952,61.62,3.239,country_area_weighted_mean,6,synthetic
2023-10-09,TUR,15.471,10.871,20.571,11.516,53.82,3.23,country_area_weighted_mean,6,synthetic
2023-10-09,GEO,16.81,12.21,21.91,26.913,55.88,3.538,country_area_weighted_mean,6,synthetic
2023-10-09,ISR,16.767,12.167,21.867,19.459,57.24,3.389,country_area_weighted_mean,6,synthetic
2023-10-09,EGY,21.244,16.644,26.344,14.296,54.44,3.286,country_area_weighted_mean,6,synthetic
2023-10-09,TUN,16.782,12.182,21.882,15.242,60.78,3.305,country_area_weighted_mean,6,synthetic
2023-10-09,MAR,15.505,10.905,20.605,13.449,57.29,3.269,country_area_weighted_mean,6,synthetic
2023-10-16,FRA,12.737,8.137,17.837,22.293,65.35,3.446,country_area_weighted_mean,6,synthetic
2023-10-16,DEU,8.089,3.489,13.189,25.829,63.79,3.517,country_area_weighted_mean,6,synthetic
2023-10-16,NLD,12.704,8.104,17.804,24.124,65.86,3.482,country_area_weighted_mean,6,synthetic
2023-10-16,BEL,11.778,7.178,16.878,14.948,60.71,3.299,country_area_weighted_mean,6,synthetic
2023-10-16,ITA,14.249,9.649,19.349,16.381,60.96,3.328,country_area_weighted_mean,6,synthetic
2023-10-16,ESP,15.293,10.693,20.393,15.773,54.28,3.315,country_area_weighted_mean,6,synthetic
2023-10-16,POL,8.397,3.797,13.497,26.617,67.62,3.532,country_area_weighted_mean,6,synthetic
2023-10-16,HUN,10.957,6.357,16.057,19.961,63.18,3.399,country_area_weighted_mean,6,synthetic
2023-10-16,ROU,12.792,8.192,17.892,19.748,59.63,3.395,country_area_weighted_mean,6,synthetic
2023-10-16,BGR,14.151,9.551,19.251,13.118,59.66,3.262,country_area_weighted_mean,6,synthetic
2023-10-16,SRB,14.271,9.671,19.371,19.752,61.7,3.395,country_area_weighted_mean,6,synthetic
2023-10-16,UKR,13.576,8.976,18.676,31.581,68.34,3.632,country_area_weighted_mean,6,synthetic
2023-10-16,MDA,9.182,4.582,14.282,22.095,66.3,3.442,country_area_weighted_mean,6,synthetic
2023-10-16,RUS,12.052,7.452,17.152,17.925,59.98,3.359,country_area_weighted_mean,6,synthetic
2023-10-16,TUR,16.773,12.173,21.873,13.459,59.07,3.269,country_area_weighted_mean,6,synthetic
2023-10-16,GEO,14.556,9.956,19.656,17.0,55.12,3.34,country_area_weighted_mean,6,synthetic
2023-10-16,ISR,15.666,11.066,20.766,13.788,58.23,3.276,country_area_weighted_mean,6,synthetic
2023-10-16,EGY,20.142,15.542,25.242,9.957,51.7,3.199,country_area_weighted_mean,6,synthetic
2023-10-16,TUN,16.765,12.165,21.865,12.5,58.4,3.25,country_area_weighted_mean,6,synthetic
2023-10-16,MAR,14.4,9.8,19.5,11.37,62.22,3.227,country_area_weighted_mean,6,synthetic
2023-10-23,FRA,9.881,5.281,14.981,15.248,63.32,3.305,country_area_weighted_mean,6,synthetic
2023-10-23,DEU,7.42,2.82,12.52,21.875,61.46,3.438,country_area_weighted_mean,6,synthetic
2023-10-23,NLD,11.002,6.402,16.102,36.563,71.14,3.731,country_area_weighted_mean,6,synthetic
2023-10-23,BEL,10.791,6.191,15.891,19.24,60.75,3.385,country_area_weighted_mean,6,synthetic
2023-10-23,ITA,12.153,7.553,17.253,15.608,61.35,3.312,country_area_weighted_mean,6,synthetic
2023-10-23,ESP,11.583,6.983,16.683,12.332,58.94,3.247,country_area_weighted_mean,6,synthetic
2023-10-23,POL,7.406,2.806,12.506,30.362,66.83,3.607,country_area_weighted_mean,6,synthetic
2023-10-23,HUN,10.553,5.953,15.653,22.534,62.66,3.451,country_area_weighted_mean,6,synthetic
2023-10-23,ROU,11.073,6.473,16.173,17.921,62.06,3.358,country_area_weighted_mean,6,synthetic
2023-10-23,BGR,12.758,8.158,17.858,17.992,55.03,3.36,country_area_weighted_mean,6,synthetic
2023-10-23,SRB,13.162,8.562,18.262,29.012,61.11,3.58,country_area_weighted_mean,6,synthetic
2023-10-23,UKR,11.968,7.368,17.068,32.512,67.58,3.65,country_area_weighted_mean,6,synthetic
2023-10-23,MDA,9.295,4.695,14.395,22.132,63.64,3.443,country_area_weighted_mean,6,synthetic
2023-10-23,RUS,9.859,5.259,14.959,18.702,62.22,3.374,country_area_weighted_mean,6,synthetic
2023-10-23,TUR,12.866,8.266,17.966,17.403,54.3,3.348,country_area_weighted_mean,6,synthetic
2023-10-23,GEO,11.466,6.866,16.566,23.231,60.26,3.465,country_area_weighted_mean,6,synthetic
2023-10-23,ISR,12.842,8.242,17.942,21.761,58.94,3.435,country_area_weighted_mean,6,synthetic
2023-10-23,EGY,17.713,13.113,22.813,8.062,50.0,3.161,country_area_weighted_mean,6,synthetic
2023-10-23,TUN,12.982,8.382,18.082,14.254,60.47,3.285,country_area_weighted_mean,6,synthetic
2023-10-23,MAR,14.342,9.742,19.442,10.681,58.8,3.214,country_area_weighted_mean,6,synthetic
2023-10-30,FRA,8.146,3.546,13.246,16.633,59.18,3.333,country_area_weighted_mean,6,synthetic
2023-10-30,DEU,6.723,2.123,11.823,25.726,63.87,3.515,country_area_weighted_mean,6,synthetic
2023-10-30,NLD,6.566,1.966,11.666,21.682,67.42,3.434,country_area_weighted_mean,6,synthetic
2023-10-30,BEL,8.941,4.341,14.041,21.571,63.99,3.431,country_area_weighted_mean,6,synthetic
2023-10-30,ITA,8.31,3.71,13.41,18.288,63.24,3.366,country_area_weighted_mean,6,synthetic
2023-10-30,ESP,8.797,4.197,13.897,14.787,65.01,3.296,country_area_weighted_mean,6,synthetic
2023-10-30,POL,4.418,-0.182,9.518,38.42,68.94,3.768,country_area_weighted_mean,6,synthetic
2023-10-30,HUN,9.077,4.477,14.177,21.949,60.06,3.439,country_area_weighted_mean,6,synthetic
2023-10-30,ROU,8.866,4.266,13.966,24.366,62.29,3.487,country_area_weighted_mean,6,synthetic
2023-10-30,BGR,9.84,5.24,14.94,28.676,62.87,3.574,country_area_weighted_mean,6,synthetic
2023-10-30,SRB,11.158,6.558,16.258,24.237,64.65,3.485,country_area_weighted_mean,6,synthetic
2023-10-30,UKR,10.562,5.962,15.662,29.667,68.14,3.593,country_area_weighted_mean,6,synthetic
2023-10-30,MDA,7.086,2.486,12.186,24.007,63.92,3.48,country_area_weighted_mean,6,synthetic
2023-10-30,RUS,4.951,0.351,10.051,20.312,62.8,3.406,country_area_weighted_mean,6,synthetic
2023-10-30,TUR,10.825,6.225,15.925,16.948,56.36,3.339,country_area_weighted_mean,6,synthetic
2023-10-30,GEO,11.41,6.81,16.51,24.064,61.53,3.481,country_area_weighted_mean,6,synthetic
2023-10-30,ISR,14.411,9.811,19.511,16.917,60.23,3.338,country_area_weighted_mean,6,synthetic
2023-10-30,EGY,16.209,11.609,21.309,8.209,54.93,3.164,country_area_weighted_mean,6,synthetic
2023-10-30,TUN,13.889,9.289,18.989,20.759,59.6,3.415,country_area_weighted_mean,6,synthetic
2023-10-30,MAR,12.418,7.818,17.518,12.255,56.44,3.245,country_area_weighted_mean,6,synthetic
2023-11-06,FRA,6.697,2.097,11.797,35.446,65.73,3.709,country_area_weighted_mean,6,synthetic
2023-11-06,DEU,5.391,0.791,10.491,33.47,68.32,3.669,country_area_weighted_mean,6,synthetic
2023-11-06,NLD,3.304,-1.296,8.404,16.977,68.93,3.34,country_area_weighted_mean,6,synthetic
2023-11-06,BEL,5.81,1.21,10.91,18.297,64.15,3.366,country_area_weighted_mean,6,synthetic
2023-11-06,ITA,5.609,1.009,10.709,18.513,64.28,3.37,country_area_weighted_mean,6,synthetic
2023-11-06,ESP,7.15,2.55,12.25,27.93,66.63,3.559,country_area_weighted_mean,6,synthetic
2023-11-06,POL,2.893,-1.707,7.993,25.383,70.9,3.508,country_area_weighted_mean,6,synthetic
2023-11-06,HUN,6.89,2.29,11.99,17.111,60.07,3.342,country_area_weighted_mean,6,synthetic
2023-11-06,ROU,4.766,0.166,9.866,26.828,67.41,3.537,country_area_weighted_mean,6,synthetic
2023-11-06,BGR,9.217,4.617,14.317,35.571,63.05,3.711,country_area_weighted_mean,6,synthetic
2023-11-06,SRB,9.924,5.324,15.024,35.382,68.57,3.708,country_area_weighted_mean,6,synthetic
2023-11-06,UKR,6.702,2.102,11.802,19.232,66.38,3.385,country_area_weighted_mean,6,synthetic
2023-11-06,MDA,4.18,-0.42,9.28,27.537,69.8,3.551,country_area_weighted_mean,6,synthetic
2023-11-06,RUS,3.268,-1.332,8.368,26.561,67.06,3.531,country_area_weighted_mean,6,synthetic
2023-11-06,TUR,7.029,2.429,12.129,16.558,58.8,3.331,country_area_weighted_mean,6,synthetic
2023-11-06,GEO,7.74,3.14,12.84,23.205,64.44,3.464,country_area_weighted_mean,6,synthetic
2023-11-06,ISR,12.499,7.899,17.599,23.654,62.74,3.473,country_area_weighted_mean,6,synthetic
2023-11-06,EGY,17.34,12.74,22.44,14.568,59.22,3.291,country_area_weighted_mean,6,synthetic
2023-11-06,TUN,13.344,8.744,18.444,17.654,58.94,3.353,country_area_weighted_mean,6,synthetic
2023-11-06,MAR,11.399,6.799,16.499,29.122,60.24,3.582,country_area_weighted_mean,6,synthetic
2023-11-13,FRA,6.457,1.857,11.557,28.304,59.56,3.566,country_area_weighted_mean,6,synthetic
2023-11-13,DEU,5.32,0.72,10.42,38.829,68.87,3.777,country_area_weighted_mean,6,synthetic
2023-11-13,NLD,-0.116,-4.716,4.984,29.716,72.93,3.594,country_area_weighted_mean,6,synthetic
2023-11-13,BEL,3.416,-1.184,8.516,18.223,65.7,3.364,country_area_weighted_mean,6,synthetic
2023-11-13,ITA,5.222,0.622,10.322,32.396,67.95,3.648,country_area_weighted_mean,6,synthetic
2023-11-13,ESP,7.078,2.478,12.178,33.332,63.8,3.667,country_area_weighted_mean,6,synthetic
2023-11-13,POL,2.073,-2.527,7.173,20.898,66.86,3.418,country_area_weighted_mean,6,synthetic
2023-11-13,HUN,4.64,0.04,9.74,29.881,64.42,3.598,country_area_weighted_mean,6,synthetic
2023-11-13,ROU,6.196,1.596,11.296,19.355,62.7,3.387,country_area_weighted_mean,6,synthetic
2023-11-13,BGR,8.454,3.854,13.554,25.767,62.78,3.515,country_area_weighted_mean,6,synthetic
2023-11-13,SRB,5.81,1.21,10.91,32.841,67.58,3.657,country_area_weighted_mean,6,synthetic
2023-11-13,UKR,6.41,1.81,11.51,36.269,71.63,3.725,country_area_weighted_mean,6,synthetic
2023-11-13,MDA,2.349,-2.251,7.449,27.765,71.65,3.555,country_area_weighted_mean,6,synthetic
2023-11-13,RUS,-0.139,-4.739,4.961,48.822,76.17,3.976,country_area_weighted_mean,6,synthetic
2023-11-13,TUR,5.373,0.773,10.473,17.554,59.26,3.351,country_area_weighted_mean,6,synthetic
2023-11-13,GEO,9.515,4.915,14.615,29.261,65.15,3.585,country_area_weighted_mean,6,synthetic
2023-11-13,ISR,12.43,7.83,17.53,22.135,57.36,3.443,country_area_weighted_mean,6,synthetic
2023-11-13,EGY,14.903,10.303,20.003,13.743,54.99,3.275,country_area_weighted_mean,6,synthetic
2023-11-13,TUN,11.917,7.317,17.017,24.8,60.41,3.496,country_area_weighted_mean,6,synthetic
2023-11-13,MAR,7.861,3.261,12.961,35.152,66.44,3.703,country_area_weighted_mean,6,synthetic
2023-11-20,FRA,2.435,-2.165,7.535,32.852,66.71,3.657,country_area_weighted_mean,6,synthetic
2023-11-20,DEU,2.275,-2.325,7.375,47.313,70.08,3.946,country_area_weighted_mean,6,synthetic
2023-11-20,NLD,-1.097,-5.697,4.003,30.859,71.48,3.617,country_area_weighted_mean,6,synthetic
2023-11-20,BEL,-0.469,-5.069,4.631,20.299,62.44,3.406,country_area_weighted_mean,6,synthetic
2023-11-20,ITA,5.829,1.229,10.929,38.019,71.78,3.76,country_area_weighted_mean,6,synthetic
2023-11-20,ESP,7.221,2.621,12.321,27.842,60.4,3.557,country_area_weighted_mean,6,synthetic
2023-11-20,POL,0.22,-4.38,5.32,31.963,68.05,3.639,country_area_weighted_mean,6,synthetic
2023-11-20,HUN,1.988,-2.612,7.088,26.409,69.14,3.528,country_area_weighted_mean,6,synthetic
2023-11-20,ROU,3.881,-0.719,8.981,26.477,69.7,3.53,country_area_weighted_mean,6,synthetic
2023-11-20,BGR,5.819,1.219,10.919,20.03,62.48,3.401,country_area_weighted_mean,6,synthetic
2023-11-20,SRB,3.53,-1.07,8.63,29.444,62.65,3.589,country_area_weighted_mean,6,synthetic
2023-11-20,UKR,6.178,1.578,11.278,39.501,68.96,3.79,country_area_weighted_mean,6,synthetic
2023-11-20,MDA,-0.938,-5.538,4.162,42.463,71.97,3.849,country_area_weighted_mean,6,synthetic
2023-11-20,RUS,-4.26,-8.86,0.84,42.808,74.11,3.856,country_area_weighted_mean,6,synthetic
2023-11-20,TUR,4.558,-0.042,9.658,15.23,65.43,3.305,country_area_weighted_mean,6,synthetic
2023-11-20,GEO,9.119,4.519,14.219,23.203,62.84,3.464,country_area_weighted_mean,6,synthetic
2023-11-20,ISR,12.831,8.231,17.931,27.159,57.54,3.543,country_area_weighted_mean,6,synthetic
2023-11-20,EGY,10.329,5.729,15.429,25.306,57.34,3.506,country_area_weighted_mean,6,synthetic
2023-11-20,TUN,9.366,4.766,14.466,22.392,57.25,3.448,country_area_weighted_mean,6,synthetic
2023-11-20,MAR,9.591,4.991,14.691,47.602,71.04,3.952,country_area_weighted_mean,6,synthetic
2023-11-27,FRA,0.679,-3.921,5.779,29.594,69.43,3.592,country_area_weighted_mean,6,synthetic
2023-11-27,DEU,-1.227,-5.827,3.873,42.457,69.2,3.849,country_area_weighted_mean,6,synthetic
2023-11-27,NLD,-2.929,-7.529,2.171,36.519,71.57,3.73,country_area_weighted_mean,6,synthetic
2023-11-27,BEL,-2.56,-7.16,2.54,32.735,66.44,3.655,country_area_weighted_mean,6,synthetic
2023-11-27,ITA,2.194,-2.406,7.294,29.009,72.58,3.58,country_area_weighted_mean,6,synthetic
2023-11-27,ESP,5.578,0.978,10.678,30.375,65.79,3.608,country_area_weighted_mean,6,synthetic
2023-11-27,POL,-1.274,-5.874,3.826,34.205,73.03,3.684,country_area_weighted_mean,6,synthetic
2023-11-27,HUN,0.415,-4.185,5.515,24.235,64.25,3.485,country_area_weighted_mean,6,synthetic
2023-11-27,ROU,0.539,-4.061,5.639,48.352,76.4,3.967,country_area_weighted_mean,6,synthetic
2023-11-27,BGR,2.401,-2.199,7.501,35.279,66.99,3.706,country_area_weighted_mean,6,synthetic
2023-11-27,SRB,2.192,-2.408,7.292,36.832,69.6,3.737,country_area_weighted_mean,6,synthetic
2023-11-27,UKR,1.502,-3.098,6.602,41.554,70.94,3.831,country_area_weighted_mean,6,synthetic
2023-11-27,MDA,0.339,-4.261,5.439,50.054,72.81,4.001,country_area_weighted_mean,6,synthetic
2023-11-27,RUS,-4.982,-9.582,0.118,48.807,77.0,3.976,country_area_weighted_mean,6,synthetic
2023-11-27,TUR,4.457,-0.143,9.557,33.283,72.02,3.666,country_area_weighted_mean,6,synthetic
2023-11-27,GEO,7.308,2.708,12.408,45.212,69.29,3.904,country_area_weighted_mean,6,synthetic
2023-11-27,ISR,11.228,6.628,16.328,28.728,57.07,3.575,country_area_weighted_mean,6,synthetic
2023-11-27,EGY,11.036,6.436,16.136,18.793,58.61,3.376,country_area_weighted_mean,6,synthetic
2023-11-27,TUN,8.948,4.348,14.048,12.057,54.23,3.241,country_area_weighted_mean,6,synthetic
2023-11-27,MAR,8.71,4.11,13.81,29.92,71.59,3.598,country_area_weighted_mean,6,synthetic
2023-12-04,FRA,-1.15,-5.75,3.95,42.964,70.73,3.859,country_area_weighted_mean,6,synthetic
2023-12-04,DEU,-1.85,-6.45,3.25,26.289,64.1,3.526,country_area_weighted_mean,6,synthetic
2023-12-04,NLD,-4.212,-8.812,0.888,47.188,73.52,3.944,country_area_weighted_mean,6,synthetic
2023-12-04,BEL,-1.992,-6.592,3.108,31.152,64.8,3.623,country_area_weighted_mean,6,synthetic
2023-12-04,ITA,0.764,-3.836,5.864,19.123,69.22,3.382,country_area_weighted_mean,6,synthetic
2023-12-04,ESP,3.429,-1.171,8.529,32.26,68.02,3.645,country_area_weighted_mean,6,synthetic
2023-12-04,POL,-4.025,-8.625,1.075,36.684,74.05,3.734,country_area_weighted_mean,6,synthetic
2023-12-04,HUN,-1.65,-6.25,3.45,37.179,67.47,3.744,country_area_weighted_mean,6,synthetic
2023-12-04,ROU,-2.312,-6.912,2.788,44.701,79.67,3.894,country_area_weighted_mean,6,synthetic
2023-12-04,BGR,1.951,-2.649,7.051,33.737,65.29,3.675,country_area_weighted_mean,6,synthetic
2023-12-04,SRB,1.267,-3.333,6.367,44.93,73.02,3.899,country_area_weighted_mean,6,synthetic
2023-12-04,UKR,-0.267,-4.867,4.833,28.903,68.83,3.578,country_area_weighted_mean,6,synthetic
2023-12-04,MDA,0.109,-4.491,5.209,27.592,65.79,3.552,country_area_weighted_mean,6,synthetic
2023-12-04,RUS,-7.052,-11.652,-1.952,39.683,75.27,3.794,country_area_weighted_mean,6,synthetic
2023-12-04,TUR,2.362,-2.238,7.462,32.668,68.75,3.653,country_area_weighted_mean,6,synthetic
2023-12-04,GEO,6.88,2.28,11.98,44.841,71.29,3.897,country_area_weighted_mean,6,synthetic
2023-12-04,ISR,10.578,5.978,15.678,25.414,59.45,3.508,country_area_weighted_mean,6,synthetic
2023-12-04,EGY,11.336,6.736,16.436,26.356,61.41,3.527,country_area_weighted_mean,6,synthetic
2023-12-04,TUN,8.371,3.771,13.471,16.41,61.96,3.328,country_area_weighted_mean,6,synthetic
2023-12-04,MAR,8.325,3.725,13.425,20.016,67.9,3.4,country_area_weighted_mean,6,synthetic
2023-12-11,FRA,-0.143,-4.743,4.957,32.25,67.52,3.645,country_area_weighted_mean,6,synthetic
2023-12-11,DEU,-2.11,-6.71,2.99,50.967,76.94,4.019,country_area_weighted_mean,6,synthetic
2023-12-11,NLD,-6.955,-11.555,-1.855,56.713,82.98,4.134,country_area_weighted_mean,6,synthetic
2023-12-11,BEL,-2.945,-7.545,2.155,30.967,66.37,3.619,country_area_weighted_mean,6,synthetic
2023-12-11,ITA,-0.256,-4.856,4.844,35.092,70.57,3.702,country_area_weighted_mean,6,synthetic
2023-12-11,ESP,0.659,-3.941,5.759,30.107,67.02,3.602,country_area_weighted_mean,6,synthetic
2023-12-11,POL,-3.57,-8.17,1.53,27.682,68.17,3.554,country_area_weighted_mean,6,synthetic
2023-12-11,HUN,-2.422,-7.022,2.678,40.53,71.51,3.811,country_area_weighted_mean,6,synthetic
2023-12-11,ROU,-3.089,-7.689,2.011,34.519,78.32,3.69,country_area_weighted_mean,6,synthetic
2023-12-11,BGR,0.694,-3.906,5.794,42.658,76.77,3.853,country_area_weighted_mean,6,synthetic
2023-12-11,SRB,0.133,-4.467,5.233,24.132,69.2,3.483,country_area_weighted_mean,6,synthetic
2023-12-11,UKR,-5.727,-10.327,-0.627,36.109,71.84,3.722,country_area_weighted_mean,6,synthetic
2023-12-11,MDA,-1.897,-6.497,3.203,25.342,66.95,3.507,country_area_weighted_mean,6,synthetic
2023-12-11,RUS,-9.67,-14.27,-4.57,37.749,79.42,3.755,country_area_weighted_mean,6,synthetic
2023-12-11,TUR,3.406,-1.194,8.506,52.897,73.4,4.058,country_area_weighted_mean,6,synthetic
2023-12-11,GEO,4.122,-0.478,9.222,44.344,73.8,3.887,country_area_weighted_mean,6,synthetic
2023-12-11,ISR,7.011,2.411,12.111,26.57,65.9,3.531,country_area_weighted_mean,6,synthetic
2023-12-11,EGY,12.124,7.524,17.224,26.329,63.9,3.527,country_area_weighted_mean,6,synthetic
2023-12-11,TUN,7.049,2.449,12.149,22.575,64.85,3.452,country_area_weighted_mean,6,synthetic
2023-12-11,MAR,6.432,1.832,11.532,22.23,66.01,3.445,country_area_weighted_mean,6,synthetic
2023-12-18,FRA,-1.275,-5.875,3.825,48.379,71.04,3.968,country_area_weighted_mean,6,synthetic
2023-12-18,DEU,-3.444,-8.044,1.656,36.533,69.89,3.731,country_area_weighted_mean,6,synthetic
2023-12-18,NLD,-8.635,-13.235,-3.535,60.468,84.13,4.209,country_area_weighted_mean,6,synthetic
2023-12-18,BEL,-5.656,-10.256,-0.556,28.142,70.6,3.563,country_area_weighted_mean,6,synthetic
2023-12-18,ITA,-1.801,-6.401,3.299,41.005,70.16,3.82,country_area_weighted_mean,6,synthetic
2023-12-18,ESP,-2.908,-7.508,2.192,37.262,73.56,3.745,country_area_weighted_mean,6,synthetic
2023-12-18,POL,-5.411,-10.011,-0.311,36.505,74.07,3.73,country_area_weighted_mean,6,synthetic
2023-12-18,HUN,-4.043,-8.643,1.057,51.393,71.93,4.028,country_area_weighted_mean,6,synthetic
2023-12-18,ROU,-3.349,-7.949,1.751,51.697,78.29,4.034,country_area_weighted_mean,6,synthetic
2023-12-18,BGR,0.328,-4.272,5.428,54.244,79.64,4.085,country_area_weighted_mean,6,synthetic
2023-12-18,SRB,-2.456,-7.056,2.644,32.384,71.19,3.648,country_area_weighted_mean,6,synthetic
2023-12-18,UKR,-6.321,-10.921,-1.221,32.552,73.01,3.651,country_area_weighted_mean,6,synthetic
2023-12-18,MDA,-2.86,-7.46,2.24,47.918,72.94,3.958,country_area_weighted_mean,6,synthetic
2023-12-18,RUS,-9.63,-14.23,-4.53,40.761,75.17,3.815,country_area_weighted_mean,6,synthetic
2023-12-18,TUR,2.349,-2.251,7.449,44.207,75.3,3.884,country_area_weighted_mean,6,synthetic
2023-12-18,GEO,1.547,-3.053,6.647,39.215,72.96,3.784,country_area_weighted_mean,6,synthetic
2023-12-18,ISR,7.2,2.6,12.3,26.715,65.26,3.534,country_area_weighted_mean,6,synthetic
2023-12-18,EGY,12.114,7.514,17.214,22.757,59.63,3.455,country_area_weighted_mean,6,synthetic
2023-12-18,TUN,5.263,0.663,10.363,16.943,60.17,3.339,country_area_weighted_mean,6,synthetic
2023-12-18,MAR,5.286,0.686,10.386,32.359,65.38,3.647,country_area_weighted_mean,6,synthetic
2023-12-25,FRA,-5.125,-9.725,-0.025,41.156,76.56,3.823,country_area_weighted_mean,6,synthetic
2023-12-25,DEU,-5.595,-10.195,-0.495,26.439,74.35,3.529,country_area_weighted_mean,6,synthetic
2023-12-25,NLD,-8.844,-13.444,-3.744,48.815,79.8,3.976,country_area_weighted_mean,6,synthetic
2023-12-25,BEL,-6.896,-11.496,-1.796,42.678,72.97,3.854,country_area_weighted_mean,6,synthetic
2023-12-25,ITA,-4.539,-9.139,0.561,38.007,75.9,3.76,country_area_weighted_mean,6,synthetic
2023-12-25,ESP,-1.364,-5.964,3.736,33.779,71.45,3.676,country_area_weighted_mean,6,synthetic
2023-12-25,POL,-6.333,-10.933,-1.233,30.162,71.47,3.603,country_area_weighted_mean,6,synthetic
2023-12-25,HUN,-5.182,-9.782,-0.082,62.806,75.77,4.256,country_area_weighted_mean,6,synthetic
2023-12-25,ROU,-4.422,-9.022,0.678,71.353,83.6,4.427,country_area_weighted_mean,6,synthetic
2023-12-25,BGR,-0.085,-4.685,5.015,48.76,78.52,3.975,country_area_weighted_mean,6,synthetic
2023-12-25,SRB,-4.091,-8.691,1.009,39.078,68.83,3.782,country_area_weighted_mean,6,synthetic
2023-12-25,UKR,-5.888,-10.488,-0.788,32.256,74.19,3.645,country_area_weighted_mean,6,synthetic
2023-12-25,MDA,-2.941,-7.541,2.159,42.576,71.78,3.852,country_area_weighted_mean,6,synthetic
2023-12-25,RUS,-9.631,-14.231,-4.531,32.586,74.45,3.652,country_area_weighted_mean,6,synthetic
2023-12-25,TUR,1.148,-3.452,6.248,59.814,75.4,4.196,country_area_weighted_mean,6,synthetic
2023-12-25,GEO,1.358,-3.242,6.458,58.67,77.02,4.173,country_area_weighted_mean,6,synthetic
2023-12-25,ISR,5.632,1.032,10.732,35.076,67.19,3.702,country_area_weighted_mean,6,synthetic
2023-12-25,EGY,11.0,6.4,16.1,23.924,61.05,3.478,country_area_weighted_mean,6,synthetic
2023-12-25,TUN,3.723,-0.877,8.823,23.902,64.62,3.478,country_area_weighted_mean,6,synthetic
2023-12-25,MAR,5.102,0.502,10.202,43.521,68.03,3.87,country_area_weighted_mean,6,synthetic
2024-01-01,FRA,-3.282,-7.882,1.818,38.727,74.55,3.775,country_area_weighted_mean,6,synthetic
2024-01-01,DEU,-5.208,-9.808,-0.108,29.855,69.73,3.597,country_area_weighted_mean,6,synthetic
2024-01-01,NLD,-10.313,-14.913,-5.213,59.483,79.94,4.19,country_area_weighted_mean,6,synthetic
2024-01-01,BEL,-8.567,-13.167,-3.467,46.551,79.3,3.931,country_area_weighted_mean,6,synthetic
2024-01-01,ITA,-5.61,-10.21,-0.51,52.481,82.06,4.05,country_area_weighted_mean,6,synthetic
2024-01-01,ESP,-1.743,-6.343,3.357,51.319,76.45,4.026,country_area_weighted_mean,6,synthetic
2024-01-01,POL,-5.394,-9.994,-0.294,34.909,72.32,3.698,country_area_weighted_mean,6,synthetic
2024-01-01,HUN,-5.431,-10.031,-0.331,45.628,73.76,3.913,country_area_weighted_mean,6,synthetic
2024-01-01,ROU,-4.863,-9.463,0.237,55.794,77.33,4.116,country_area_weighted_mean,6,synthetic
2024-01-01,BGR,-2.191,-6.791,2.909,45.031,75.51,3.901,country_area_weighted_mean,6,synthetic
2024-01-01,SRB,-6.585,-11.185,-1.485,34.506,69.98,3.69,country_area_weighted_mean,6,synthetic
2024-01-01,UKR,-6.485,-11.085,-1.385,37.844,75.41,3.757,country_area_weighted_mean,6,synthetic
2024-01-01,MDA,-4.772,-9.372,0.328,36.187,74.27,3.724,country_area_weighted_mean,6,synthetic
2024-01-01,RUS,-13.012,-17.612,-7.912,45.322,81.3,3.906,country_area_weighted_mean,6,synthetic
2024-01-01,TUR,1.959,-2.641,7.059,38.133,69.21,3.763,country_area_weighted_mean,6,synthetic
2024-01-01,GEO,-1.636,-6.236,3.464,35.962,73.78,3.719,country_area_weighted_mean,6,synthetic
2024-01-01,ISR,5.811,1.211,10.911,48.251,76.61,3.965,country_area_weighted_mean,6,synthetic
2024-01-01,EGY,10.504,5.904,15.604,18.812,57.63,3.376,country_area_weighted_mean,6,synthetic
2024-01-01,TUN,3.073,-1.527,8.173,50.2,70.84,4.004,country_area_weighted_mean,6,synthetic
2024-01-01,MAR,3.985,-0.615,9.085,37.159,66.91,3.743,country_area_weighted_mean,6,synthetic
2024-01-08,FRA,-4.831,-9.431,0.269,36.076,73.21,3.722,country_area_weighted_mean,6,synthetic
2024-01-08,DEU,-8.532,-13.132,-3.432,28.634,73.28,3.573,country_area_weighted_mean,6,synthetic
2024-01-08,NLD,-12.142,-16.742,-7.042,28.366,72.19,3.567,country_area_weighted_mean,6,synthetic
2024-01-08,BEL,-10.587,-15.187,-5.487,67.996,85.17,4.36,country_area_weighted_mean,6,synthetic
2024-01-08,ITA,-5.485,-10.085,-0.385,47.97,78.51,3.959,country_area_weighted_mean,6,synthetic
2024-01-08,ESP,-2.204,-6.804,2.896,42.284,74.73,3.846,country_area_weighted_mean,6,synthetic
2024-01-08,POL,-7.928,-12.528,-2.828,51.295,73.26,4.026,country_area_weighted_mean,6,synthetic
2024-01-08,HUN,-6.344,-10.944,-1.244,22.392,70.54,3.448,country_area_weighted_mean,6,synthetic
2024-01-08,ROU,-5.273,-9.873,-0.173,41.426,76.88,3.829,country_area_weighted_mean,6,synthetic
2024-01-08,BGR,-3.246,-7.846,1.854,52.706,79.09,4.054,country_area_weighted_mean,6,synthetic
2024-01-08,SRB,-6.351,-10.951,-1.251,23.929,69.02,3.479,country_area_weighted_mean,6,synthetic
2024-01-08,UKR,-8.584,-13.184,-3.484,27.15,71.54,3.543,country_area_weighted_mean,6,synthetic
2024-01-08,MDA,-5.725,-10.325,-0.625,30.535,73.01,3.611,country_area_weighted_mean,6,synthetic
2024-01-08,RUS,-13.735,-18.335,-8.635,37.312,81.12,3.746,country_area_weighted_mean,6,synthetic
2024-01-08,TUR,0.069,-4.531,5.169,25.014,67.96,3.5,country_area_weighted_mean,6,synthetic
2024-01-08,GEO,-4.534,-9.134,0.566,43.177,71.16,3.864,country_area_weighted_mean,6,synthetic
2024-01-08,ISR,4.686,0.086,9.786,27.577,66.71,3.552,country_area_weighted_mean,6,synthetic
2024-01-08,EGY,12.533,7.933,17.633,24.281,60.35,3.486,country_area_weighted_mean,6,synthetic
2024-01-08,TUN,1.863,-2.737,6.963,28.067,65.33,3.561,country_area_weighted_mean,6,synthetic
2024-01-08,MAR,4.985,0.385,10.085,49.056,69.34,3.981,country_area_weighted_mean,6,synthetic
2024-01-15,FRA,-3.689,-8.289,1.411,39.796,76.94,3.796,country_area_weighted_mean,6,synthetic
2024-01-15,DEU,-9.906,-14.506,-4.806,46.611,77.17,3.932,country_area_weighted_mean,6,synthetic
2024-01-15,NLD,-13.065,-17.665,-7.965,34.331,76.08,3.687,country_area_weighted_mean,6,synthetic
2024-01-15,BEL,-11.804,-16.404,-6.704,59.563,82.37,4.191,country_area_weighted_mean,6,synthetic
2024-01-15,ITA,-4.406,-9.006,0.694,34.62,71.2,3.692,country_area_weighted_mean,6,synthetic
2024-01-15,ESP,-3.082,-7.682,2.018,51.987,77.5,4.04,country_area_weighted_mean,6,synthetic
2024-01-15,POL,-9.401,-14.001,-4.301,42.209,73.18,3.844,country_area_weighted_mean,6,synthetic
2024-01-15,HUN,-7.109,-11.709,-2.009,27.351,72.89,3.547,country_area_weighted_mean,6,synthetic
2024-01-15,ROU,-6.342,-10.942,-1.242,34.894,78.36,3.698,country_area_weighted_mean,6,synthetic
2024-01-15,BGR,-5.998,-10.598,-0.898,58.102,79.29,4.162,country_area_weighted_mean,6,synthetic
2024-01-15,SRB,-5.246,-9.846,-0.146,31.276,70.33,3.626,country_area_weighted_mean,6,synthetic
2024-01-15,UKR,-6.169,-10.769,-1.069,48.579,76.01,3.972,country_area_weighted_mean,6,synthetic
2024-01-15,MDA,-7.258,-11.858,-2.158,23.438,74.57,3.469,country_area_weighted_mean,6,synthetic
2024-01-15,RUS,-14.424,-19.024,-9.324,53.898,79.6,4.078,country_area_weighted_mean,6,synthetic
2024-01-15,TUR,-2.055,-6.655,3.045,21.39,71.38,3.428,country_area_weighted_mean,6,synthetic
2024-01-15,GEO,-4.384,-8.984,0.716,35.895,72.04,3.718,country_area_weighted_mean,6,synthetic
2024-01-15,ISR,4.921,0.321,10.021,34.08,65.04,3.682,country_area_weighted_mean,6,synthetic
2024-01-15,EGY,12.388,7.788,17.488,31.231,61.49,3.625,country_area_weighted_mean,6,synthetic
2024-01-15,TUN,1.226,-3.374,6.326,27.108,65.62,3.542,country_area_weighted_mean,6,synthetic
2024-01-15,MAR,3.983,-0.617,9.083,44.533,72.99,3.891,country_area_weighted_mean,6,synthetic
2024-01-22,FRA,-4.613,-9.213,0.487,56.735,79.93,4.135,country_area_weighted_mean,6,synthetic
2024-01-22,DEU,-11.388,-15.988,-6.288,26.247,74.45,3.525,country_area_weighted_mean,6,synthetic
2024-01-22,NLD,-12.448,-17.048,-7.348,49.302,81.5,3.986,country_area_weighted_mean,6,synthetic
2024-01-22,BEL,-12.072,-16.672,-6.972,28.53,71.36,3.571,country_area_weighted_mean,6,synthetic
2024-01-22,ITA,-4.653,-9.253,0.447,26.721,70.52,3.534,country_area_weighted_mean,6,synthetic
2024-01-22,ESP,-3.919,-8.519,1.181,38.053,76.03,3.761,country_area_weighted_mean,6,synthetic
2024-01-22,POL,-9.818,-14.418,-4.718,94.05,84.18,4.881,country_area_weighted_mean,6,synthetic
2024-01-22,HUN,-6.56,-11.16,-1.46,28.414,70.22,3.568,country_area_weighted_mean,6,synthetic
2024-01-22,ROU,-6.952,-11.552,-1.852,40.404,78.82,3.808,country_area_weighted_mean,6,synthetic
2024-01-22,BGR,-4.136,-8.736,0.964,53.182,72.52,4.064,country_area_weighted_mean,6,synthetic
2024-01-22,SRB,-4.388,-8.988,0.712,33.165,71.58,3.663,country_area_weighted_mean,6,synthetic
2024-01-22,UKR,-6.78,-11.38,-1.68,65.971,82.64,4.319,country_area_weighted_mean,6,synthetic
2024-01-22,MDA,-5.59,-10.19,-0.49,35.671,78.94,3.713,country_area_weighted_mean,6,synthetic
2024-01-22,RUS,-13.679,-18.279,-8.579,48.976,79.53,3.98,country_area_weighted_mean,6,synthetic
2024-01-22,TUR,-2.738,-7.338,2.362,54.421,78.81,4.088,country_area_weighted_mean,6,synthetic
2024-01-22,GEO,-1.587,-6.187,3.513,43.484,70.85,3.87,country_area_weighted_mean,6,synthetic
2024-01-22,ISR,3.525,-1.075,8.625,48.797,72.5,3.976,country_area_weighted_mean,6,synthetic
2024-01-22,EGY,11.083,6.483,16.183,40.647,65.2,3.813,country_area_weighted_mean,6,synthetic
2024-01-22,TUN,2.086,-2.514,7.186,37.996,65.09,3.76,country_area_weighted_mean,6,synthetic
2024-01-22,MAR,3.81,-0.79,8.91,28.434,67.53,3.569,country_area_weighted_mean,6,synthetic
2024-01-29,FRA,-5.735,-10.335,-0.635,39.634,74.94,3.793,country_area_weighted_mean,6,synthetic
2024-01-29,DEU,-10.455,-15.055,-5.355,26.728,71.29,3.535,country_area_weighted_mean,6,synthetic
2024-01-29,NLD,-12.131,-16.731,-7.031,55.817,82.62,4.116,country_area_weighted_mean,6,synthetic
2024-01-29,BEL,-9.345,-13.945,-4.245,50.468,77.83,4.009,country_area_weighted_mean,6,synthetic
2024-01-29,ITA,-5.003,-9.603,0.097,24.169,68.46,3.483,country_area_weighted_mean,6,synthetic
2024-01-29,ESP,-3.597,-8.197,1.503,33.482,73.54,3.67,country_area_weighted_mean,6,synthetic
2024-01-29,POL,-11.486,-16.086,-6.386,82.512,85.46,4.65,country_area_weighted_mean,6,synthetic
2024-01-29,HUN,-7.034,-11.634,-1.934,23.112,69.96,3.462,country_area_weighted_mean,6,synthetic
2024-01-29,ROU,-6.469,-11.069,-1.369,30.523,72.73,3.61,country_area_weighted_mean,6,synthetic
2024-01-29,BGR,-1.083,-5.683,4.017,53.701,69.56,4.074,country_area_weighted_mean,6,synthetic
2024-01-29,SRB,-2.572,-7.172,2.528,48.569,73.39,3.971,country_area_weighted_mean,6,synthetic
2024-01-29,UKR,-8.575,-13.175,-3.475,100.263,93.41,5.005,country_area_weighted_mean,6,synthetic
2024-01-29,MDA,-4.479,-9.079,0.621,53.418,80.41,4.068,country_area_weighted_mean,6,synthetic
2024-01-29,RUS,-13.373,-17.973,-8.273,32.659,72.47,3.653,country_area_weighted_mean,6,synthetic
2024-01-29,TUR,-2.08,-6.68,3.02,66.233,77.95,4.325,country_area_weighted_mean,6,synthetic
2024-01-29,GEO,-2.832,-7.432,2.268,38.778,72.34,3.776,country_area_weighted_mean,6,synthetic
2024-01-29,ISR,4.005,-0.595,9.105,35.723,67.77,3.714,country_area_weighted_mean,6,synthetic
2024-01-29,EGY,9.825,5.225,14.925,28.86,63.05,3.577,country_area_weighted_mean,6,synthetic
2024-01-29,TUN,2.033,-2.567,7.133,56.919,72.62,4.138,country_area_weighted_mean,6,synthetic
2024-01-29,MAR,3.718,-0.882,8.818,32.284,69.08,3.646,country_area_weighted_mean,6,synthetic
2024-02-05,FRA,-6.081,-10.681,-0.981,64.852,82.87,4.297,country_area_weighted_mean,6,synthetic
2024-02-05,DEU,-10.759,-15.359,-5.659,35.1,72.59,3.702,country_area_weighted_mean,6,synthetic
2024-02-05,NLD,-9.879,-14.479,-4.779,46.292,78.29,3.926,country_area_weighted_mean,6,synthetic
2024-02-05,BEL,-10.921,-15.521,-5.821,43.34,73.4,3.867,country_area_weighted_mean,6,synthetic
2024-02-05,ITA,-4.385,-8.985,0.715,60.706,76.2,4.214,country_area_weighted_mean,6,synthetic
2024-02-05,ESP,-3.333,-7.933,1.767,53.022,76.81,4.06,country_area_weighted_mean,6,synthetic
2024-02-05,POL,-10.528,-15.128,-5.428,68.523,82.13,4.37,country_area_weighted_mean,6,synthetic
2024-02-05,HUN,-7.896,-12.496,-2.796,33.541,76.11,3.671,country_area_weighted_mean,6,synthetic
2024-02-05,ROU,-9.867,-14.467,-4.767,57.279,81.27,4.146,country_area_weighted_mean,6,synthetic
2024-02-05,BGR,-2.309,-6.909,2.791,77.546,76.47,4.551,country_area_weighted_mean,6,synthetic
2024-02-05,SRB,-2.649,-7.249,2.451,34.783,70.94,3.696,country_area_weighted_mean,6,synthetic
2024-02-05,UKR,-7.861,-12.461,-2.761,51.027,79.7,4.021,country_area_weighted_mean,6,synthetic
2024-02-05,MDA,-4.827,-9.427,0.273,31.296,75.3,3.626,country_area_weighted_mean,6,synthetic
2024-02-05,RUS,-14.563,-19.163,-9.463,42.032,79.07,3.841,country_area_weighted_mean,6,synthetic
2024-02-05,TUR,-2.821,-7.421,2.279,42.99,74.17,3.86,country_area_weighted_mean,6,synthetic
2024-02-05,GEO,-5.164,-9.764,-0.064,44.112,73.87,3.882,country_area_weighted_mean,6,synthetic
2024-02-05,ISR,4.294,-0.306,9.394,32.979,69.62,3.66,country_area_weighted_mean,6,synthetic
2024-02-05,EGY,10.647,6.047,15.747,32.231,65.58,3.645,country_area_weighted_mean,6,synthetic
2024-02-05,TUN,0.883,-3.717,5.983,41.112,72.01,3.822,country_area_weighted_mean,6,synthetic
2024-02-05,MAR,3.626,-0.974,8.726,26.532,68.05,3.531,country_area_weighted_mean,6,synthetic
2024-02-12,FRA,-5.098,-9.698,0.002,34.218,71.53,3.684,country_area_weighted_mean,6,synthetic
2024-02-12,DEU,-11.255,-15.855,-6.155,42.595,73.62,3.852,country_area_weighted_mean,6,synthetic
2024-02-12,NLD,-8.855,-13.455,-3.755,64.449,82.03,4.289,country_area_weighted_mean,6,synthetic
2024-02-12,BEL,-9.778,-14.378,-4.678,49.087,76.75,3.982,country_area_weighted_mean,6,synthetic
2024-02-12,ITA,-3.343,-7.943,1.757,60.748,75.64,4.215,country_area_weighted_mean,6,synthetic
2024-02-12,ESP,-2.213,-6.813,2.887,46.923,76.65,3.938,country_area_weighted_mean,6,synthetic
2024-02-12,POL,-10.322,-14.922,-5.222,56.26,80.06,4.125,country_area_weighted_mean,6,synthetic
2024-02-12,HUN,-7.317,-11.917,-2.217,25.324,73.24,3.506,country_area_weighted_mean,6,synthetic
2024-02-12,ROU,-7.071,-11.671,-1.971,66.525,82.48,4.331,country_area_weighted_mean,6,synthetic
2024-02-12,BGR,0.29,-4.31,5.39,36.542,66.98,3.731,country_area_weighted_mean,6,synthetic
2024-02-12,SRB,-2.615,-7.215,2.485,54.486,76.36,4.09,country_area_weighted_mean,6,synthetic
2024-02-12,UKR,-7.599,-12.199,-2.499,44.228,78.02,3.885,country_area_weighted_mean,6,synthetic
2024-02-12,MDA,-6.062,-10.662,-0.962,26.445,72.75,3.529,country_area_weighted_mean,6,synthetic
2024-02-12,RUS,-13.404,-18.004,-8.304,39.283,75.46,3.786,country_area_weighted_mean,6,synthetic
2024-02-12,TUR,-0.459,-5.059,4.641,32.548,70.95,3.651,country_area_weighted_mean,6,synthetic
2024-02-12,GEO,-3.586,-8.186,1.514,38.787,70.94,3.776,country_area_weighted_mean,6,synthetic
2024-02-12,ISR,4.786,0.186,9.886,29.039,67.02,3.581,country_area_weighted_mean,6,synthetic
2024-02-12,EGY,10.413,5.813,15.513,30.685,65.71,3.614,country_area_weighted_mean,6,synthetic
2024-02-12,TUN,0.633,-3.967,5.733,28.167,68.71,3.563,country_area_weighted_mean,6,synthetic
2024-02-12,MAR,5.199,0.599,10.299,16.298,63.39,3.326,country_area_weighted_mean,6,synthetic
2024-02-19,FRA,-4.826,-9.426,0.274,25.928,72.7,3.519,country_area_weighted_mean,6,synthetic
2024-02-19,DEU,-11.711,-16.311,-6.611,53.306,76.62,4.066,country_area_weighted_mean,6,synthetic
2024-02-19,NLD,-12.104,-16.704,-7.004,78.692,88.47,4.574,country_area_weighted_mean,6,synthetic
2024-02-19,BEL,-8.654,-13.254,-3.554,29.657,70.0,3.593,country_area_weighted_mean,6,synthetic
2024-02-19,ITA,0.973,-3.627,6.073,54.531,74.87,4.091,country_area_weighted_mean,6,synthetic
2024-02-19,ESP,1.435,-3.165,6.535,28.625,69.25,3.573,country_area_weighted_mean,6,synthetic
2024-02-19,POL,-8.123,-12.723,-3.023,45.668,73.0,3.913,country_area_weighted_mean,6,synthetic
2024-02-19,HUN,-7.351,-11.951,-2.251,33.509,74.33,3.67,country_area_weighted_mean,6,synthetic
2024-02-19,ROU,-6.793,-11.393,-1.693,77.144,85.56,4.543,country_area_weighted_mean,6,synthetic
2024-02-19,BGR,1.027,-3.573,6.127,35.733,66.21,3.715,country_area_weighted_mean,6,synthetic
2024-02-19,SRB,-2.131,-6.731,2.969,50.838,75.02,4.017,country_area_weighted_mean,6,synthetic
2024-02-19,UKR,-8.154,-12.754,-3.054,40.634,79.37,3.813,country_area_weighted_mean,6,synthetic
2024-02-19,MDA,-6.951,-11.551,-1.851,38.705,75.93,3.774,country_area_weighted_mean,6,synthetic
2024-02-19,RUS,-13.665,-18.265,-8.565,36.602,80.08,3.732,country_area_weighted_mean,6,synthetic
2024-02-19,TUR,-1.776,-6.376,3.324,46.24,74.08,3.925,country_area_weighted_mean,6,synthetic
2024-02-19,GEO,-2.932,-7.532,2.168,38.894,72.99,3.778,country_area_weighted_mean,6,synthetic
2024-02-19,ISR,5.205,0.605,10.305,29.339,71.93,3.587,country_area_weighted_mean,6,synthetic
2024-02-19,EGY,9.988,5.388,15.088,33.907,66.77,3.678,country_area_weighted_mean,6,synthetic
2024-02-19,TUN,0.379,-4.221,5.479,24.583,63.68,3.492,country_area_weighted_mean,6,synthetic
2024-02-19,MAR,4.03,-0.57,9.13,28.656,72.17,3.573,country_area_weighted_mean,6,synthetic
2024-02-26,FRA,-3.109,-7.709,1.991,37.889,73.49,3.758,country_area_weighted_mean,6,synthetic
2024-02-26,DEU,-11.87,-16.47,-6.77,34.453,74.91,3.689,country_area_weighted_mean,6,synthetic
2024-02-26,NLD,-10.056,-14.656,-4.956,60.456,80.94,4.209,country_area_weighted_mean,6,synthetic
2024-02-26,BEL,-7.233,-11.833,-2.133,43.515,77.04,3.87,country_area_weighted_mean,6,synthetic
2024-02-26,ITA,1.244,-3.356,6.344,47.267,71.83,3.945,country_area_weighted_mean,6,synthetic
2024-02-26,ESP,0.553,-4.047,5.653,31.947,68.85,3.639,country_area_weighted_mean,6,synthetic
2024-02-26,POL,-7.803,-12.403,-2.703,71.792,81.23,4.436,country_area_weighted_mean,6,synthetic
2024-02-26,HUN,-5.468,-10.068,-0.368,48.186,81.07,3.964,country_area_weighted_mean,6,synthetic
2024-02-26,ROU,-5.906,-10.506,-0.806,49.35,76.74,3.987,country_area_weighted_mean,6,synthetic
2024-02-26,BGR,-0.312,-4.912,4.788,43.853,67.87,3.877,country_area_weighted_mean,6,synthetic
2024-02-26,SRB,-2.033,-6.633,3.067,29.16,74.09,3.583,country_area_weighted_mean,6,synthetic
2024-02-26,UKR,-5.721,-10.321,-0.621,63.003,86.81,4.26,country_area_weighted_mean,6,synthetic
2024-02-26,MDA,-5.49,-10.09,-0.39,65.987,81.56,4.32,country_area_weighted_mean,6,synthetic
2024-02-26,RUS,-9.991,-14.591,-4.891,40.027,78.01,3.801,country_area_weighted_mean,6,synthetic
2024-02-26,TUR,0.958,-3.642,6.058,38.957,74.93,3.779,country_area_weighted_mean,6,synthetic
2024-02-26,GEO,-2.521,-7.121,2.579,29.37,68.5,3.587,country_area_weighted_mean,6,synthetic
2024-02-26,ISR,7.247,2.647,12.347,27.622,68.54,3.552,country_area_weighted_mean,6,synthetic
2024-02-26,EGY,9.141,4.541,14.241,62.669,71.72,4.253,country_area_weighted_mean,6,synthetic
2024-02-26,TUN,0.97,-3.63,6.07,22.02,68.93,3.44,country_area_weighted_mean,6,synthetic
2024-02-26,MAR,5.412,0.812,10.512,27.709,71.15,3.554,country_area_weighted_mean,6,synthetic
2024-03-04,FRA,-2.731,-7.331,2.369,22.555,64.81,3.451,country_area_weighted_mean,6,synthetic
2024-03-04,DEU,-11.02,-15.62,-5.92,21.304,70.35,3.426,country_area_weighted_mean,6,synthetic
2024-03-04,NLD,-8.802,-13.402,-3.702,44.381,78.14,3.888,country_area_weighted_mean,6,synthetic
2024-03-04,BEL,-7.369,-11.969,-2.269,61.321,80.79,4.226,country_area_weighted_mean,6,synthetic
2024-03-04,ITA,-0.322,-4.922,4.778,52.32,71.98,4.046,country_area_weighted_mean,6,synthetic
2024-03-04,ESP,0.571,-4.029,5.671,32.52,73.75,3.65,country_area_weighted_mean,6,synthetic
2024-03-04,POL,-8.789,-13.389,-3.689,58.126,78.86,4.163,country_area_weighted_mean,6,synthetic
2024-03-04,HUN,-4.811,-9.411,0.289,23.737,71.44,3.475,country_area_weighted_mean,6,synthetic
2024-03-04,ROU,-4.349,-8.949,0.751,39.373,72.99,3.787,country_area_weighted_mean,6,synthetic
2024-03-04,BGR,-0.763,-5.363,4.337,42.562,71.59,3.851,country_area_weighted_mean,6,synthetic
2024-03-04,SRB,-0.923,-5.523,4.177,45.648,74.7,3.913,country_area_weighted_mean,6,synthetic
2024-03-04,UKR,-5.744,-10.344,-0.644,51.688,78.74,4.034,country_area_weighted_mean,6,synthetic
2024-03-04,MDA,-2.584,-7.184,2.516,53.551,74.65,4.071,country_area_weighted_mean,6,synthetic
2024-03-04,RUS,-6.675,-11.275,-1.575,42.318,75.44,3.846,country_area_weighted_mean,6,synthetic
2024-03-04,TUR,0.522,-4.078,5.622,46.436,77.03,3.929,country_area_weighted_mean,6,synthetic
2024-03-04,GEO,-0.917,-5.517,4.183,39.464,69.55,3.789,country_area_weighted_mean,6,synthetic
2024-03-04,ISR,8.559,3.959,13.659,35.312,68.57,3.706,country_area_weighted_mean,6,synthetic
2024-03-04,EGY,10.8,6.2,15.9,22.627,62.54,3.453,country_area_weighted_mean,6,synthetic
2024-03-04,TUN,1.979,-2.621,7.079,28.678,66.15,3.574,country_area_weighted_mean,6,synthetic
2024-03-04,MAR,7.617,3.017,12.717,39.091,75.72,3.782,country_area_weighted_mean,6,synthetic
2024-03-11,FRA,-0.899,-5.499,4.201,40.428,68.04,3.809,country_area_weighted_mean,6,synthetic
2024-03-11,DEU,-9.352,-13.952,-4.252,15.545,68.84,3.311,country_area_weighted_mean,6,synthetic
2024-03-11,NLD,-7.203,-11.803,-2.103,46.716,76.86,3.934,country_area_weighted_mean,6,synthetic
2024-03-11,BEL,-5.264,-9.864,-0.164,35.954,71.13,3.719,country_area_weighted_mean,6,synthetic
2024-03-11,ITA,1.473,-3.127,6.573,39.11,68.72,3.782,country_area_weighted_mean,6,synthetic
2024-03-11,ESP,2.578,-2.022,7.678,32.522,71.55,3.65,country_area_weighted_mean,6,synthetic
2024-03-11,POL,-5.432,-10.032,-0.332,31.137,67.06,3.623,country_area_weighted_mean,6,synthetic
2024-03-11,HUN,-5.525,-10.125,-0.425,45.849,75.02,3.917,country_area_weighted_mean,6,synthetic
2024-03-11,ROU,-3.096,-7.696,2.004,37.325,72.56,3.746,country_area_weighted_mean,6,synthetic
2024-03-11,BGR,1.741,-2.859,6.841,49.174,68.2,3.983,country_area_weighted_mean,6,synthetic
2024-03-11,SRB,0.52,-4.08,5.62,29.485,67.82,3.59,country_area_weighted_mean,6,synthetic
2024-03-11,UKR,-5.295,-9.895,-0.195,62.933,78.2,4.259,country_area_weighted_mean,6,synthetic
2024-03-11,MDA,-2.061,-6.661,3.039,46.095,66.83,3.922,country_area_weighted_mean,6,synthetic
2024-03-11,RUS,-6.245,-10.845,-1.145,29.255,69.1,3.585,country_area_weighted_mean,6,synthetic
2024-03-11,TUR,2.059,-2.541,7.159,27.74,67.33,3.555,country_area_weighted_mean,6,synthetic
2024-03-11,GEO,-0.632,-5.232,4.468,33.682,70.11,3.674,country_area_weighted_mean,6,synthetic
2024-03-11,ISR,8.784,4.184,13.884,55.674,68.86,4.113,country_area_weighted_mean,6,synthetic
2024-03-11,EGY,12.198,7.598,17.298,17.527,63.25,3.351,country_area_weighted_mean,6,synthetic
2024-03-11,TUN,3.124,-1.476,8.224,35.814,65.93,3.716,country_area_weighted_mean,6,synthetic
2024-03-11,MAR,11.433,6.833,16.533,50.051,67.58,4.001,country_area_weighted_mean,6,synthetic
2024-03-18,FRA,-0.237,-4.837,4.863,58.901,78.28,4.178,country_area_weighted_mean,6,synthetic
2024-03-18,DEU,-7.791,-12.391,-2.691,23.962,74.3,3.479,country_area_weighted_mean,6,synthetic
2024-03-18,NLD,-3.797,-8.397,1.303,36.171,74.39,3.723,country_area_weighted_mean,6,synthetic
2024-03-18,BEL,-1.138,-5.738,3.962,23.374,65.6,3.467,country_area_weighted_mean,6,synthetic
2024-03-18,ITA,0.549,-4.051,5.649,51.873,74.55,4.037,country_area_weighted_mean,6,synthetic
2024-03-18,ESP,5.575,0.975,10.675,27.756,67.28,3.555,country_area_weighted_mean,6,synthetic
2024-03-18,POL,-2.554,-7.154,2.546,28.714,65.89,3.574,country_area_weighted_mean,6,synthetic
2024-03-18,HUN,-4.24,-8.84,0.86,39.94,75.3,3.799,country_area_weighted_mean,6,synthetic
2024-03-18,ROU,-1.444,-6.044,3.656,37.381,68.71,3.748,country_area_weighted_mean,6,synthetic
2024-03-18,BGR,2.2,-2.4,7.3,36.649,62.51,3.733,country_area_weighted_mean,6,synthetic
2024-03-18,SRB,0.482,-4.118,5.582,34.031,67.95,3.681,country_area_weighted_mean,6,synthetic
2024-03-18,UKR,-3.867,-8.467,1.233,51.107,70.04,4.022,country_area_weighted_mean,6,synthetic
2024-03-18,MDA,-0.965,-5.565,4.135,36.288,64.27,3.726,country_area_weighted_mean,6,synthetic
2024-03-18,RUS,-6.121,-10.721,-1.021,60.592,83.39,4.212,country_area_weighted_mean,6,synthetic
2024-03-18,TUR,4.996,0.396,10.096,33.178,66.52,3.664,country_area_weighted_mean,6,synthetic
2024-03-18,GEO,2.108,-2.492,7.208,52.178,73.38,4.044,country_area_weighted_mean,6,synthetic
2024-03-18,ISR,8.729,4.129,13.829,29.824,62.01,3.596,country_area_weighted_mean,6,synthetic
2024-03-18,EGY,13.404,8.804,18.504,32.11,68.89,3.642,country_area_weighted_mean,6,synthetic
2024-03-18,TUN,5.418,0.818,10.518,35.882,65.58,3.718,country_area_weighted_mean,6,synthetic
2024-03-18,MAR,12.683,8.083,17.783,42.432,61.26,3.849,country_area_weighted_mean,6,synthetic
2024-03-25,FRA,1.749,-2.851,6.849,40.037,71.34,3.801,country_area_weighted_mean,6,synthetic
2024-03-25,DEU,-4.751,-9.351,0.349,33.715,72.91,3.674,country_area_weighted_mean,6,synthetic
2024-03-25,NLD,-1.419,-6.019,3.681,26.353,68.69,3.527,country_area_weighted_mean,6,synthetic
2024-03-25,BEL,0.569,-4.031,5.669,34.841,65.29,3.697,country_area_weighted_mean,6,synthetic
2024-03-25,ITA,0.807,-3.793,5.907,71.119,79.93,4.422,country_area_weighted_mean,6,synthetic
2024-03-25,ESP,7.908,3.308,13.008,27.876,63.69,3.558,country_area_weighted_mean,6,synthetic
2024-03-25,POL,-1.714,-6.314,3.386,43.232,70.21,3.865,country_area_weighted_mean,6,synthetic
2024-03-25,HUN,-2.108,-6.708,2.992,56.936,75.43,4.139,country_area_weighted_mean,6,synthetic
2024-03-25,ROU,-0.569,-5.169,4.531,21.631,68.0,3.433,country_area_weighted_mean,6,synthetic
2024-03-25,BGR,4.272,-0.328,9.372,39.938,60.55,3.799,country_area_weighted_mean,6,synthetic
2024-03-25,SRB,1.464,-3.136,6.564,54.19,70.59,4.084,country_area_weighted_mean,6,synthetic
2024-03-25,UKR,-3.145,-7.745,1.955,49.752,70.29,3.995,country_area_weighted_mean,6,synthetic
2024-03-25,MDA,1.38,-3.22,6.48,24.637,62.79,3.493,country_area_weighted_mean,6,synthetic
2024-03-25,RUS,-4.853,-9.453,0.247,114.929,92.11,5.299,country_area_weighted_mean,6,synthetic
2024-03-25,TUR,6.146,1.546,11.246,57.087,68.35,4.142,country_area_weighted_mean,6,synthetic
2024-03-25,GEO,4.872,0.272,9.972,34.808,68.05,3.696,country_area_weighted_mean,6,synthetic
2024-03-25,ISR,8.814,4.214,13.914,50.097,64.48,4.002,country_area_weighted_mean,6,synthetic
2024-03-25,EGY,15.972,11.372,21.072,27.844,62.1,3.557,country_area_weighted_mean,6,synthetic
2024-03-25,TUN,6.726,2.126,11.826,34.566,66.5,3.691,country_area_weighted_mean,6,synthetic
2024-03-25,MAR,11.384,6.784,16.484,33.924,61.48,3.678,country_area_weighted_mean,6,synthetic
2024-04-01,FRA,3.181,-1.419,8.281,39.783,68.48,3.796,country_area_weighted_mean,6,synthetic
2024-04-01,DEU,-1.442,-6.042,3.658,45.89,74.64,3.918,country_area_weighted_mean,6,synthetic
2024-04-01,NLD,0.694,-3.906,5.794,37.104,71.52,3.742,country_area_weighted_mean,6,synthetic
2024-04-01,BEL,2.956,-1.644,8.056,27.957,66.25,3.559,country_area_weighted_mean,6,synthetic
2024-04-01,ITA,1.81,-2.79,6.91,82.172,79.8,4.643,country_area_weighted_mean,6,synthetic
2024-04-01,ESP,9.167,4.567,14.267,21.11,62.29,3.422,country_area_weighted_mean,6,synthetic
2024-04-01,POL,-0.036,-4.636,5.064,36.899,74.26,3.738,country_area_weighted_mean,6,synthetic
2024-04-01,HUN,0.973,-3.627,6.073,41.839,65.98,3.837,country_area_weighted_mean,6,synthetic
2024-04-01,ROU,2.752,-1.848,7.852,24.34,64.28,3.487,country_area_weighted_mean,6,synthetic
2024-04-01,BGR,5.198,0.598,10.298,32.842,61.58,3.657,country_area_weighted_mean,6,synthetic
2024-04-01,SRB,2.653,-1.947,7.753,65.474,70.96,4.309,country_area_weighted_mean,6,synthetic
2024-04-01,UKR,0.679,-3.921,5.779,28.219,63.03,3.564,country_area_weighted_mean,6,synthetic
2024-04-01,MDA,3.245,-1.355,8.345,46.404,69.62,3.928,country_area_weighted_mean,6,synthetic
2024-04-01,RUS,-3.848,-8.448,1.252,38.873,73.48,3.777,country_area_weighted_mean,6,synthetic
2024-04-01,TUR,7.627,3.027,12.727,38.673,66.22,3.773,country_area_weighted_mean,6,synthetic
2024-04-01,GEO,6.999,2.399,12.099,31.677,62.83,3.634,country_area_weighted_mean,6,synthetic
2024-04-01,ISR,9.832,5.232,14.932,38.471,65.15,3.769,country_area_weighted_mean,6,synthetic
2024-04-01,EGY,18.27,13.67,23.37,27.064,59.19,3.541,country_area_weighted_mean,6,synthetic
2024-04-01,TUN,8.153,3.553,13.253,25.12,63.32,3.502,country_area_weighted_mean,6,synthetic
2024-04-01,MAR,10.722,6.122,15.822,34.344,63.67,3.687,country_area_weighted_mean,6,synthetic
2024-04-08,FRA,5.956,1.356,11.056,62.982,75.64,4.26,country_area_weighted_mean,6,synthetic
2024-04-08,DEU,1.063,-3.537,6.163,26.428,67.99,3.529,country_area_weighted_mean,6,synthetic
2024-04-08,NLD,2.022,-2.578,7.122,26.169,69.38,3.523,country_area_weighted_mean,6,synthetic
2024-04-08,BEL,3.987,-0.613,9.087,38.315,69.94,3.766,country_area_weighted_mean,6,synthetic
2024-04-08,ITA,5.789,1.189,10.889,59.918,71.95,4.198,country_area_weighted_mean,6,synthetic
2024-04-08,ESP,7.797,3.197,12.897,34.86,67.9,3.697,country_area_weighted_mean,6,synthetic
2024-04-08,POL,2.742,-1.858,7.842,27.288,68.76,3.546,country_area_weighted_mean,6,synthetic
2024-04-08,HUN,5.419,0.819,10.519,52.246,69.13,4.045,country_area_weighted_mean,6,synthetic
2024-04-08,ROU,4.61,0.01,9.71,43.451,68.47,3.869,country_area_weighted_mean,6,synthetic
2024-04-08,BGR,5.161,0.561,10.261,53.116,67.76,4.062,country_area_weighted_mean,6,synthetic
2024-04-08,SRB,4.119,-0.481,9.219,61.093,70.36,4.222,country_area_weighted_mean,6,synthetic
2024-04-08,UKR,3.557,-1.043,8.657,34.465,66.1,3.689,country_area_weighted_mean,6,synthetic
2024-04-08,MDA,5.484,0.884,10.584,61.571,76.67,4.231,country_area_weighted_mean,6,synthetic
2024-04-08,RUS,-0.763,-5.363,4.337,32.083,69.56,3.642,country_area_weighted_mean,6,synthetic
2024-04-08,TUR,9.505,4.905,14.605,36.541,66.81,3.731,country_area_weighted_mean,6,synthetic
2024-04-08,GEO,8.93,4.33,14.03,30.806,69.25,3.616,country_area_weighted_mean,6,synthetic
2024-04-08,ISR,10.032,5.432,15.132,49.432,69.56,3.989,country_area_weighted_mean,6,synthetic
2024-04-08,EGY,17.65,13.05,22.75,43.527,64.71,3.871,country_area_weighted_mean,6,synthetic
2024-04-08,TUN,11.988,7.388,17.088,21.369,60.09,3.427,country_area_weighted_mean,6,synthetic
2024-04-08,MAR,11.79,7.19,16.89,47.939,64.35,3.959,country_area_weighted_mean,6,synthetic
2024-04-15,FRA,6.291,1.691,11.391,41.813,69.61,3.836,country_area_weighted_mean,6,synthetic
2024-04-15,DEU,2.467,-2.133,7.567,37.229,71.12,3.745,country_area_weighted_mean,6,synthetic
2024-04-15,NLD,1.892,-2.708,6.992,32.027,74.34,3.641,country_area_weighted_mean,6,synthetic
2024-04-15,BEL,5.837,1.237,10.937,37.948,70.49,3.759,country_area_weighted_mean,6,synthetic
2024-04-15,ITA,6.29,1.69,11.39,54.088,74.3,4.082,country_area_weighted_mean,6,synthetic
2024-04-15,ESP,9.423,4.823,14.523,48.99,70.7,3.98,country_area_weighted_mean,6,synthetic
2024-04-15,POL,4.785,0.185,9.885,26.812,67.6,3.536,country_area_weighted_mean,6,synthetic
2024-04-15,HUN,7.945,3.345,13.045,50.851,71.06,4.017,country_area_weighted_mean,6,synthetic
2024-04-15,ROU,5.677,1.077,10.777,50.939,74.59,4.019,country_area_weighted_mean,6,synthetic
2024-04-15,BGR,7.655,3.055,12.755,49.695,70.73,3.994,country_area_weighted_mean,6,synthetic
2024-04-15,SRB,7.488,2.888,12.588,37.601,70.3,3.752,country_area_weighted_mean,6,synthetic
2024-04-15,UKR,4.61,0.01,9.71,54.171,70.99,4.083,country_area_weighted_mean,6,synthetic
2024-04-15,MDA,7.329,2.729,12.429,34.932,71.81,3.699,country_area_weighted_mean,6,synthetic
2024-04-15,RUS,0.706,-3.894,5.806,34.745,66.59,3.695,country_area_weighted_mean,6,synthetic
2024-04-15,TUR,11.201,6.601,16.301,24.497,60.95,3.49,country_area_weighted_mean,6,synthetic
2024-04-15,GEO,10.377,5.777,15.477,32.115,66.3,3.642,country_area_weighted_mean,6,synthetic
2024-04-15,ISR,11.347,6.747,16.447,48.461,65.79,3.969,country_area_weighted_mean,6,synthetic
2024-04-15,EGY,16.38,11.78,21.48,41.695,64.6,3.834,country_area_weighted_mean,6,synthetic
2024-04-15,TUN,13.675,9.075,18.775,35.991,65.68,3.72,country_area_weighted_mean,6,synthetic
2024-04-15,MAR,11.354,6.754,16.454,52.086,66.55,4.042,country_area_weighted_mean,6,synthetic
2024-04-22,FRA,8.471,3.871,13.571,48.253,68.15,3.965,country_area_weighted_mean,6,synthetic
2024-04-22,DEU,5.675,1.075,10.775,42.211,67.61,3.844,country_area_weighted_mean,6,synthetic
2024-04-22,NLD,4.832,0.232,9.932,26.015,67.4,3.52,country_area_weighted_mean,6,synthetic
2024-04-22,BEL,8.686,4.086,13.786,48.557,71.19,3.971,country_area_weighted_mean,6,synthetic
2024-04-22,ITA,9.116,4.516,14.216,34.618,70.72,3.692,country_area_weighted_mean,6,synthetic
2024-04-22,ESP,11.509,6.909,16.609,32.514,66.01,3.65,country_area_weighted_mean,6,synthetic
2024-04-22,POL,7.169,2.569,12.269,25.598,67.44,3.512,country_area_weighted_mean,6,synthetic
2024-04-22,HUN,9.121,4.521,14.221,49.128,66.31,3.983,country_area_weighted_mean,6,synthetic
2024-04-22,ROU,8.448,3.848,13.548,42.113,72.27,3.842,country_area_weighted_mean,6,synthetic
2024-04-22,BGR,8.194,3.594,13.294,37.464,69.95,3.749,country_area_weighted_mean,6,synthetic
2024-04-22,SRB,9.724,5.124,14.824,46.806,64.39,3.936,country_area_weighted_mean,6,synthetic
2024-04-22,UKR,8.257,3.657,13.357,47.182,67.71,3.944,country_area_weighted_mean,6,synthetic
2024-04-22,MDA,9.11,4.51,14.21,38.105,67.24,3.762,country_area_weighted_mean,6,synthetic
2024-04-22,RUS,4.095,-0.505,9.195,32.789,71.49,3.656,country_area_weighted_mean,6,synthetic
2024-04-22,TUR,12.127,7.527,17.227,19.101,57.8,3.382,country_area_weighted_mean,6,synthetic
2024-04-22,GEO,10.007,5.407,15.107,37.419,66.85,3.748,country_area_weighted_mean,6,synthetic
2024-04-22,ISR,14.353,9.753,19.453,62.391,70.4,4.248,country_area_weighted_mean,6,synthetic
2024-04-22,EGY,16.92,12.32,22.02,36.233,62.06,3.725,country_area_weighted_mean,6,synthetic
2024-04-22,TUN,13.484,8.884,18.584,27.479,62.14,3.55,country_area_weighted_mean,6,synthetic
2024-04-22,MAR,13.511,8.911,18.611,35.209,63.42,3.704,country_area_weighted_mean,6,synthetic
2024-04-29,FRA,10.008,5.408,15.108,56.772,67.01,4.135,country_area_weighted_mean,6,synthetic
2024-04-29,DEU,8.335,3.735,13.435,31.123,64.96,3.622,country_area_weighted_mean,6,synthetic
2024-04-29,NLD,5.171,0.571,10.271,29.847,64.18,3.597,country_area_weighted_mean,6,synthetic
2024-04-29,BEL,9.612,5.012,14.712,50.816,73.34,4.016,country_area_weighted_mean,6,synthetic
2024-04-29,ITA,11.73,7.13,16.83,36.366,68.27,3.727,country_area_weighted_mean,6,synthetic
2024-04-29,ESP,12.4,7.8,17.5,26.442,64.78,3.529,country_area_weighted_mean,6,synthetic
2024-04-29,POL,8.913,4.313,14.013,32.216,67.76,3.644,country_area_weighted_mean,6,synthetic
2024-04-29,HUN,11.717,7.117,16.817,29.454,59.21,3.589,country_area_weighted_mean,6,synthetic
2024-04-29,ROU,8.103,3.503,13.203,16.623,64.05,3.332,country_area_weighted_mean,6,synthetic
2024-04-29,BGR,10.369,5.769,15.469,26.561,66.64,3.531,country_area_weighted_mean,6,synthetic
2024-04-29,SRB,10.781,6.181,15.881,40.1,64.46,3.802,country_area_weighted_mean,6,synthetic
2024-04-29,UKR,10.128,5.528,15.228,27.887,65.86,3.558,country_area_weighted_mean,6,synthetic
2024-04-29,MDA,11.614,7.014,16.714,34.138,63.43,3.683,country_area_weighted_mean,6,synthetic
2024-04-29,RUS,6.822,2.222,11.922,21.174,64.87,3.423,country_area_weighted_mean,6,synthetic
2024-04-29,TUR,14.01,9.41,19.11,54.058,68.89,4.081,country_area_weighted_mean,6,synthetic
2024-04-29,GEO,12.14,7.54,17.24,30.536,64.2,3.611,country_area_weighted_mean,6,synthetic
2024-04-29,ISR,15.742,11.142,20.842,35.967,62.35,3.719,country_area_weighted_mean,6,synthetic
2024-04-29,EGY,17.934,13.334,23.034,17.009,57.79,3.34,country_area_weighted_mean,6,synthetic
2024-04-29,TUN,13.476,8.876,18.576,33.366,59.21,3.667,country_area_weighted_mean,6,synthetic
2024-04-29,MAR,15.131,10.531,20.231,33.029,66.17,3.661,country_area_weighted_mean,6,synthetic
2024-05-06,FRA,12.459,7.859,17.559,37.978,64.16,3.76,country_area_weighted_mean,6,synthetic
2024-05-06,DEU,11.133,6.533,16.233,37.662,60.63,3.753,country_area_weighted_mean,6,synthetic
2024-05-06,NLD,6.237,1.637,11.337,37.655,62.38,3.753,country_area_weighted_mean,6,synthetic
2024-05-06,BEL,11.683,7.083,16.783,43.915,66.56,3.878,country_area_weighted_mean,6,synthetic
2024-05-06,ITA,11.609,7.009,16.709,24.531,62.32,3.491,country_area_weighted_mean,6,synthetic
2024-05-06,ESP,13.874,9.274,18.974,32.457,64.39,3.649,country_area_weighted_mean,6,synthetic
2024-05-06,POL,12.302,7.702,17.402,49.832,67.2,3.997,country_area_weighted_mean,6,synthetic
2024-05-06,HUN,11.738,7.138,16.838,26.112,63.11,3.522,country_area_weighted_mean,6,synthetic
2024-05-06,ROU,8.712,4.112,13.812,43.685,62.57,3.874,country_area_weighted_mean,6,synthetic
2024-05-06,BGR,12.466,7.866,17.566,22.265,63.77,3.445,country_area_weighted_mean,6,synthetic
2024-05-06,SRB,13.213,8.613,18.313,61.726,65.77,4.235,country_area_weighted_mean,6,synthetic
2024-05-06,UKR,12.574,7.974,17.674,35.765,67.1,3.715,country_area_weighted_mean,6,synthetic
2024-05-06,MDA,13.079,8.479,18.179,30.376,62.76,3.608,country_area_weighted_mean,6,synthetic
2024-05-06,RUS,10.221,5.621,15.321,38.701,63.64,3.774,country_area_weighted_mean,6,synthetic
2024-05-06,TUR,15.502,10.902,20.602,34.976,62.64,3.7,country_area_weighted_mean,6,synthetic
2024-05-06,GEO,15.531,10.931,20.631,34.293,60.13,3.686,country_area_weighted_mean,6,synthetic
2024-05-06,ISR,16.297,11.697,21.397,30.784,58.04,3.616,country_area_weighted_mean,6,synthetic
2024-05-06,EGY,19.4,14.8,24.5,17.702,62.7,3.354,country_area_weighted_mean,6,synthetic
2024-05-06,TUN,15.159,10.559,20.259,29.145,58.31,3.583,country_area_weighted_mean,6,synthetic
2024-05-06,MAR,17.83,13.23,22.93,30.849,60.57,3.617,country_area_weighted_mean,6,synthetic
2024-05-13,FRA,14.519,9.919,19.619,54.592,67.06,4.092,country_area_weighted_mean,6,synthetic
2024-05-13,DEU,13.534,8.934,18.634,48.979,64.46,3.98,country_area_weighted_mean,6,synthetic
2024-05-13,NLD,9.46,4.86,14.56,38.513,62.35,3.77,country_area_weighted_mean,6,synthetic
2024-05-13,BEL,13.582,8.982,18.682,39.49,64.73,3.79,country_area_weighted_mean,6,synthetic
2024-05-13,ITA,13.69,9.09,18.79,21.558,56.75,3.431,country_area_weighted_mean,6,synthetic
2024-05-13,ESP,17.313,12.713,22.413,15.76,60.1,3.315,country_area_weighted_mean,6,synthetic
2024-05-13,POL,13.601,9.001,18.701,29.792,67.32,3.596,country_area_weighted_mean,6,synthetic
2024-05-13,HUN,12.19,7.59,17.29,18.672,61.68,3.373,country_area_weighted_mean,6,synthetic
2024-05-13,ROU,11.191,6.591,16.291,57.516,73.62,4.15,country_area_weighted_mean,6,synthetic
2024-05-13,BGR,13.339,8.739,18.439,20.513,57.1,3.41,country_area_weighted_mean,6,synthetic
2024-05-13,SRB,13.454,8.854,18.554,54.589,70.93,4.092,country_area_weighted_mean,6,synthetic
2024-05-13,UKR,13.906,9.306,19.006,30.26,65.02,3.605,country_area_weighted_mean,6,synthetic
2024-05-13,MDA,16.797,12.197,21.897,29.245,57.12,3.585,country_area_weighted_mean,6,synthetic
2024-05-13,RUS,11.328,6.728,16.428,30.8,68.22,3.616,country_area_weighted_mean,6,synthetic
2024-05-13,TUR,17.412,12.812,22.512,43.016,64.8,3.86,country_area_weighted_mean,6,synthetic
2024-05-13,GEO,16.144,11.544,21.244,38.914,67.8,3.778,country_area_weighted_mean,6,synthetic
2024-05-13,ISR,17.953,13.353,23.053,26.229,57.95,3.525,country_area_weighted_mean,6,synthetic
2024-05-13,EGY,20.618,16.018,25.718,21.689,62.06,3.434,country_area_weighted_mean,6,synthetic
2024-05-13,TUN,16.363,11.763,21.463,27.919,57.2,3.558,country_area_weighted_mean,6,synthetic
2024-05-13,MAR,18.177,13.577,23.277,29.989,62.76,3.6,country_area_weighted_mean,6,synthetic
2024-05-20,FRA,17.032,12.432,22.132,50.545,68.29,4.011,country_area_weighted_mean,6,synthetic
2024-05-20,DEU,16.631,12.031,21.731,42.636,63.24,3.853,country_area_weighted_mean,6,synthetic
2024-05-20,NLD,11.051,6.451,16.151,33.152,61.25,3.663,country_area_weighted_mean,6,synthetic
2024-05-20,BEL,12.853,8.253,17.953,25.457,65.31,3.509,country_area_weighted_mean,6,synthetic
2024-05-20,ITA,15.96,11.36,21.06,20.676,61.33,3.414,country_area_weighted_mean,6,synthetic
2024-05-20,ESP,19.515,14.915,24.615,35.898,66.23,3.718,country_area_weighted_mean,6,synthetic
2024-05-20,POL,16.137,11.537,21.237,24.643,61.81,3.493,country_area_weighted_mean,6,synthetic
2024-05-20,HUN,12.602,8.002,17.702,13.884,60.06,3.278,country_area_weighted_mean,6,synthetic
2024-05-20,ROU,12.925,8.325,18.025,43.145,68.15,3.863,country_area_weighted_mean,6,synthetic
2024-05-20,BGR,15.05,10.45,20.15,29.112,58.56,3.582,country_area_weighted_mean,6,synthetic
2024-05-20,SRB,15.566,10.966,20.666,32.227,55.59,3.645,country_area_weighted_mean,6,synthetic
2024-05-20,UKR,14.568,9.968,19.668,24.855,65.07,3.497,country_area_weighted_mean,6,synthetic
2024-05-20,MDA,19.824,15.224,24.924,29.667,57.86,3.593,country_area_weighted_mean,6,synthetic
2024-05-20,RUS,12.177,7.577,17.277,33.695,66.11,3.674,country_area_weighted_mean,6,synthetic
2024-05-20,TUR,19.208,14.608,24.308,30.777,62.67,3.616,country_area_weighted_mean,6,synthetic
2024-05-20,GEO,16.578,11.978,21.678,34.228,62.72,3.685,country_area_weighted_mean,6,synthetic
2024-05-20,ISR,19.097,14.497,24.197,36.495,65.47,3.73,country_area_weighted_mean,6,synthetic
2024-05-20,EGY,22.364,17.764,27.464,22.835,60.41,3.457,country_area_weighted_mean,6,synthetic
2024-05-20,TUN,16.883,12.283,21.983,23.7,58.42,3.474,country_area_weighted_mean,6,synthetic
2024-05-20,MAR,22.003,17.403,27.103,29.51,58.47,3.59,country_area_weighted_mean,6,synthetic
2024-05-27,FRA,18.355,13.755,23.455,32.761,63.56,3.655,country_area_weighted_mean,6,synthetic
2024-05-27,DEU,16.114,11.514,21.214,25.463,60.9,3.509,country_area_weighted_mean,6,synthetic
2024-05-27,NLD,12.409,7.809,17.509,17.047,63.52,3.341,country_area_weighted_mean,6,synthetic
2024-05-27,BEL,13.882,9.282,18.982,16.868,60.4,3.337,country_area_weighted_mean,6,synthetic
2024-05-27,ITA,19.144,14.544,24.244,30.913,55.83,3.618,country_area_weighted_mean,6,synthetic
2024-05-27,ESP,20.188,15.588,25.288,36.275,65.51,3.725,country_area_weighted_mean,6,synthetic
2024-05-27,POL,17.246,12.646,22.346,22.414,62.96,3.448,country_area_weighted_mean,6,synthetic
2024-05-27,HUN,15.854,11.254,20.954,16.975,60.44,3.339,country_area_weighted_mean,6,synthetic
2024-05-27,ROU,14.526,9.926,19.626,29.549,64.15,3.591,country_area_weighted_mean,6,synthetic
2024-05-27,BGR,17.779,13.179,22.879,20.031,54.11,3.401,country_area_weighted_mean,6,synthetic
2024-05-27,SRB,18.625,14.025,23.725,27.428,60.35,3.549,country_area_weighted_mean,6,synthetic
2024-05-27,UKR,16.82,12.22,21.92,20.715,58.69,3.414,country_area_weighted_mean,6,synthetic
2024-05-27,MDA,20.785,16.185,25.885,30.487,55.08,3.61,country_area_weighted_mean,6,synthetic
2024-05-27,RUS,13.359,8.759,18.459,40.684,66.8,3.814,country_area_weighted_mean,6,synthetic
2024-05-27,TUR,18.884,14.284,23.984,19.213,58.11,3.384,country_area_weighted_mean,6,synthetic
2024-05-27,GEO,19.612,15.012,24.712,23.46,60.14,3.469,country_area_weighted_mean,6,synthetic
2024-05-27,ISR,23.181,18.581,28.281,27.433,54.75,3.549,country_area_weighted_mean,6,synthetic
2024-05-27,EGY,20.497,15.897,25.597,27.949,62.81,3.559,country_area_weighted_mean,6,synthetic
2024-05-27,TUN,18.451,13.851,23.551,16.812,58.72,3.336,country_area_weighted_mean,6,synthetic
2024-05-27,MAR,21.496,16.896,26.596,21.708,54.33,3.434,country_area_weighted_mean,6,synthetic
2024-06-03,FRA,18.584,13.984,23.684,29.99,58.94,3.6,country_area_weighted_mean,6,synthetic
2024-06-03,DEU,17.233,12.633,22.333,46.992,62.79,3.94,country_area_weighted_mean,6,synthetic
2024-06-03,NLD,16.766,12.166,21.866,25.937,63.8,3.519,country_area_weighted_mean,6,synthetic
2024-06-03,BEL,17.387,12.787,22.487,31.208,60.92,3.624,country_area_weighted_mean,6,synthetic
2024-06-03,ITA,21.664,17.064,26.764,39.536,59.25,3.791,country_area_weighted_mean,6,synthetic
2024-06-03,ESP,21.676,17.076,26.776,29.613,60.26,3.592,country_area_weighted_mean,6,synthetic
2024-06-03,POL,17.665,13.065,22.765,21.518,55.19,3.43,country_area_weighted_mean,6,synthetic
2024-06-03,HUN,18.962,14.362,24.062,19.727,55.98,3.395,country_area_weighted_mean,6,synthetic
2024-06-03,ROU,16.679,12.079,21.779,19.97,57.98,3.399,country_area_weighted_mean,6,synthetic
2024-06-03,BGR,20.418,15.818,25.518,26.165,54.71,3.523,country_area_weighted_mean,6,synthetic
2024-06-03,SRB,19.628,15.028,24.728,24.893,61.09,3.498,country_area_weighted_mean,6,synthetic
2024-06-03,UKR,19.685,15.085,24.785,35.1,60.04,3.702,country_area_weighted_mean,6,synthetic
2024-06-03,MDA,21.717,17.117,26.817,47.327,59.04,3.947,country_area_weighted_mean,6,synthetic
2024-06-03,RUS,15.415,10.815,20.515,26.12,61.46,3.522,country_area_weighted_mean,6,synthetic
2024-06-03,TUR,21.55,16.95,26.65,11.302,51.12,3.226,country_area_weighted_mean,6,synthetic
2024-06-03,GEO,19.375,14.775,24.475,35.466,61.62,3.709,country_area_weighted_mean,6,synthetic
2024-06-03,ISR,24.203,19.603,29.303,34.384,60.45,3.688,country_area_weighted_mean,6,synthetic
2024-06-03,EGY,22.597,17.997,27.697,32.457,61.08,3.649,country_area_weighted_mean,6,synthetic
2024-06-03,TUN,20.942,16.342,26.042,24.571,56.35,3.491,country_area_weighted_mean,6,synthetic
2024-06-03,MAR,22.618,18.018,27.718,12.915,51.47,3.258,country_area_weighted_mean,6,synthetic
2024-06-10,FRA,20.047,15.447,25.147,31.526,56.83,3.631,country_area_weighted_mean,6,synthetic
2024-06-10,DEU,18.173,13.573,23.273,23.977,59.2,3.48,country_area_weighted_mean,6,synthetic
2024-06-10,NLD,22.593,17.993,27.693,36.528,55.93,3.731,country_area_weighted_mean,6,synthetic
2024-06-10,BEL,19.968,15.368,25.068,22.67,57.93,3.453,country_area_weighted_mean,6,synthetic
2024-06-10,ITA,22.904,18.304,28.004,36.915,59.99,3.738,country_area_weighted_mean,6,synthetic
2024-06-10,ESP,21.92,17.32,27.02,15.116,58.2,3.302,country_area_weighted_mean,6,synthetic
2024-06-10,POL,19.062,14.462,24.162,16.984,46.8,3.34,country_area_weighted_mean,6,synthetic
2024-06-10,HUN,21.483,16.883,26.583,18.469,56.12,3.369,country_area_weighted_mean,6,synthetic
2024-06-10,ROU,20.761,16.161,25.861,25.332,59.0,3.507,country_area_weighted_mean,6,synthetic
2024-06-10,BGR,21.595,16.995,26.695,20.573,48.93,3.411,country_area_weighted_mean,6,synthetic
2024-06-10,SRB,20.452,15.852,25.552,22.343,63.87,3.447,country_area_weighted_mean,6,synthetic
2024-06-10,UKR,17.524,12.924,22.624,43.8,65.15,3.876,country_area_weighted_mean,6,synthetic
2024-06-10,MDA,21.227,16.627,26.327,40.213,61.96,3.804,country_area_weighted_mean,6,synthetic
2024-06-10,RUS,18.001,13.401,23.101,27.428,63.59,3.549,country_area_weighted_mean,6,synthetic
2024-06-10,TUR,23.951,19.351,29.051,30.069,56.4,3.601,country_area_weighted_mean,6,synthetic
2024-06-10,GEO,21.109,16.509,26.209,18.506,57.76,3.37,country_area_weighted_mean,6,synthetic
2024-06-10,ISR,25.006,20.406,30.106,29.09,58.75,3.582,country_area_weighted_mean,6,synthetic
2024-06-10,EGY,26.96,22.36,32.06,28.012,59.0,3.56,country_area_weighted_mean,6,synthetic
2024-06-10,TUN,23.453,18.853,28.553,33.635,61.66,3.673,country_area_weighted_mean,6,synthetic
2024-06-10,MAR,22.339,17.739,27.439,15.778,54.5,3.316,country_area_weighted_mean,6,synthetic
2024-06-17,FRA,22.62,18.02,27.72,18.902,57.46,3.378,country_area_weighted_mean,6,synthetic
2024-06-17,DEU,20.878,16.278,25.978,27.506,58.19,3.55,country_area_weighted_mean,6,synthetic
2024-06-17,NLD,22.756,18.156,27.856,35.915,51.91,3.718,country_area_weighted_mean,6,synthetic
2024-06-17,BEL,21.654,17.054,26.754,23.06,58.54,3.461,country_area_weighted_mean,6,synthetic
2024-06-17,ITA,24.085,19.485,29.185,32.049,57.39,3.641,country_area_weighted_mean,6,synthetic
2024-06-17,ESP,21.076,16.476,26.176,11.56,58.31,3.231,country_area_weighted_mean,6,synthetic
2024-06-17,POL,20.622,16.022,25.722,15.21,52.61,3.304,country_area_weighted_mean,6,synthetic
2024-06-17,HUN,25.11,20.51,30.21,27.952,60.58,3.559,country_area_weighted_mean,6,synthetic
2024-06-17,ROU,22.694,18.094,27.794,30.051,59.63,3.601,country_area_weighted_mean,6,synthetic
2024-06-17,BGR,22.277,17.677,27.377,20.489,49.19,3.41,country_area_weighted_mean,6,synthetic
2024-06-17,SRB,21.462,16.862,26.562,31.076,63.31,3.622,country_area_weighted_mean,6,synthetic
2024-06-17,UKR,19.659,15.059,24.759,36.948,61.91,3.739,country_area_weighted_mean,6,synthetic
2024-06-17,MDA,22.138,17.538,27.238,37.059,60.82,3.741,country_area_weighted_mean,6,synthetic
2024-06-17,RUS,19.09,14.49,24.19,40.758,61.08,3.815,country_area_weighted_mean,6,synthetic
2024-06-17,TUR,24.669,20.069,29.769,30.185,59.41,3.604,country_area_weighted_mean,6,synthetic
2024-06-17,GEO,23.207,18.607,28.307,21.244,58.85,3.425,country_area_weighted_mean,6,synthetic
2024-06-17,ISR,26.939,22.339,32.039,18.427,51.96,3.369,country_area_weighted_mean,6,synthetic
2024-06-17,EGY,26.096,21.496,31.196,26.832,60.18,3.537,country_area_weighted_mean,6,synthetic
2024-06-17,TUN,25.632,21.032,30.732,20.122,58.68,3.402,country_area_weighted_mean,6,synthetic
2024-06-17,MAR,23.715,19.115,28.815,17.54,51.26,3.351,country_area_weighted_mean,6,synthetic
2024-06-24,FRA,20.666,16.066,25.766,23.225,57.68,3.464,country_area_weighted_mean,6,synthetic
2024-06-24,DEU,23.855,19.255,28.955,33.246,53.15,3.665,country_area_weighted_mean,6,synthetic
2024-06-24,NLD,24.301,19.701,29.401,22.808,52.63,3.456,country_area_weighted_mean,6,synthetic
2024-06-24,BEL,23.449,18.849,28.549,37.936,63.15,3.759,country_area_weighted_mean,6,synthetic
2024-06-24,ITA,25.26,20.66,30.36,21.138,57.2,3.423,country_area_weighted_mean,6,synthetic
2024-06-24,ESP,23.97,19.37,29.07,12.843,58.53,3.257,country_area_weighted_mean,6,synthetic
2024-06-24,POL,20.658,16.058,25.758,12.083,59.29,3.242,country_area_weighted_mean,6,synthetic
2024-06-24,HUN,25.39,20.79,30.49,16.492,53.99,3.33,country_area_weighted_mean,6,synthetic
2024-06-24,ROU,26.083,21.483,31.183,22.401,56.86,3.448,country_area_weighted_mean,6,synthetic
2024-06-24,BGR,22.007,17.407,27.107,21.595,55.38,3.432,country_area_weighted_mean,6,synthetic
2024-06-24,SRB,21.249,16.649,26.349,19.58,59.03,3.392,country_area_weighted_mean,6,synthetic
2024-06-24,UKR,20.671,16.071,25.771,20.803,56.61,3.416,country_area_weighted_mean,6,synthetic
2024-06-24,MDA,23.767,19.167,28.867,25.398,57.18,3.508,country_area_weighted_mean,6,synthetic
2024-06-24,RUS,23.411,18.811,28.511,33.92,60.03,3.678,country_area_weighted_mean,6,synthetic
2024-06-24,TUR,24.09,19.49,29.19,21.173,58.39,3.423,country_area_weighted_mean,6,synthetic
2024-06-24,GEO,24.759,20.159,29.859,21.786,61.16,3.436,country_area_weighted_mean,6,synthetic
2024-06-24,ISR,28.214,23.614,33.314,30.864,59.02,3.617,country_area_weighted_mean,6,synthetic
2024-06-24,EGY,26.077,21.477,31.177,28.653,59.8,3.573,country_area_weighted_mean,6,synthetic
2024-06-24,TUN,26.641,22.041,31.741,20.851,61.12,3.417,country_area_weighted_mean,6,synthetic
2024-06-24,MAR,23.01,18.41,28.11,20.82,56.15,3.416,country_area_weighted_mean,6,synthetic
2024-07-01,FRA,22.136,17.536,27.236,29.073,58.25,3.581,country_area_weighted_mean,6,synthetic
2024-07-01,DEU,23.668,19.068,28.768,23.875,51.97,3.477,country_area_weighted_mean,6,synthetic
2024-07-01,NLD,24.449,19.849,29.549,11.642,51.75,3.233,country_area_weighted_mean,6,synthetic
2024-07-01,BEL,22.972,18.372,28.072,31.013,59.63,3.62,country_area_weighted_mean,6,synthetic
2024-07-01,ITA,24.327,19.727,29.427,19.594,55.73,3.392,country_area_weighted_mean,6,synthetic
2024-07-01,ESP,25.422,20.822,30.522,23.117,56.65,3.462,country_area_weighted_mean,6,synthetic
2024-07-01,POL,22.67,18.07,27.77,10.82,62.68,3.216,country_area_weighted_mean,6,synthetic
2024-07-01,HUN,26.963,22.363,32.063,17.735,60.37,3.355,country_area_weighted_mean,6,synthetic
2024-07-01,ROU,22.862,18.262,27.962,21.506,53.17,3.43,country_area_weighted_mean,6,synthetic
2024-07-01,BGR,24.079,19.479,29.179,11.161,51.65,3.223,country_area_weighted_mean,6,synthetic
2024-07-01,SRB,22.84,18.24,27.94,14.727,57.69,3.295,country_area_weighted_mean,6,synthetic
2024-07-01,UKR,23.01,18.41,28.11,19.594,53.02,3.392,country_area_weighted_mean,6,synthetic
2024-07-01,MDA,24.715,20.115,29.815,19.167,56.67,3.383,country_area_weighted_mean,6,synthetic
2024-07-01,RUS,24.0,19.4,29.1,62.049,66.71,4.241,country_area_weighted_mean,6,synthetic
2024-07-01,TUR,24.836,20.236,29.936,20.582,55.06,3.412,country_area_weighted_mean,6,synthetic
2024-07-01,GEO,24.855,20.255,29.955,25.537,53.78,3.511,country_area_weighted_mean,6,synthetic
2024-07-01,ISR,29.573,24.973,34.673,25.806,59.32,3.516,country_area_weighted_mean,6,synthetic
2024-07-01,EGY,28.395,23.795,33.495,19.584,54.01,3.392,country_area_weighted_mean,6,synthetic
2024-07-01,TUN,24.503,19.903,29.603,19.588,56.82,3.392,country_area_weighted_mean,6,synthetic
2024-07-01,MAR,25.349,20.749,30.449,16.447,50.59,3.329,country_area_weighted_mean,6,synthetic
2024-07-08,FRA,21.384,16.784,26.484,25.485,58.23,3.51,country_area_weighted_mean,6,synthetic
2024-07-08,DEU,27.266,22.666,32.366,17.034,50.59,3.341,country_area_weighted_mean,6,synthetic
2024-07-08,NLD,23.717,19.117,28.817,9.724,53.64,3.194,country_area_weighted_mean,6,synthetic
2024-07-08,BEL,22.362,17.762,27.462,23.718,55.5,3.474,country_area_weighted_mean,6,synthetic
2024-07-08,ITA,25.017,20.417,30.117,20.329,55.65,3.407,country_area_weighted_mean,6,synthetic
2024-07-08,ESP,23.211,18.611,28.311,20.511,55.33,3.41,country_area_weighted_mean,6,synthetic
2024-07-08,POL,22.936,18.336,28.036,15.789,58.37,3.316,country_area_weighted_mean,6,synthetic
2024-07-08,HUN,27.044,22.444,32.144,23.295,61.28,3.466,country_area_weighted_mean,6,synthetic
2024-07-08,ROU,23.104,18.504,28.204,27.155,57.93,3.543,country_area_weighted_mean,6,synthetic
2024-07-08,BGR,25.876,21.276,30.976,24.0,56.21,3.48,country_area_weighted_mean,6,synthetic
2024-07-08,SRB,23.983,19.383,29.083,31.891,55.76,3.638,country_area_weighted_mean,6,synthetic
2024-07-08,UKR,21.726,17.126,26.826,11.885,52.47,3.238,country_area_weighted_mean,6,synthetic
2024-07-08,MDA,23.875,19.275,28.975,17.952,56.1,3.359,country_area_weighted_mean,6,synthetic
2024-07-08,RUS,23.738,19.138,28.838,24.029,55.66,3.481,country_area_weighted_mean,6,synthetic
2024-07-08,TUR,25.265,20.665,30.365,13.68,53.98,3.274,country_area_weighted_mean,6,synthetic
2024-07-08,GEO,26.598,21.998,31.698,16.835,53.4,3.337,country_area_weighted_mean,6,synthetic
2024-07-08,ISR,27.76,23.16,32.86,24.271,57.55,3.485,country_area_weighted_mean,6,synthetic
2024-07-08,EGY,28.739,24.139,33.839,19.16,57.98,3.383,country_area_weighted_mean,6,synthetic
2024-07-08,TUN,27.631,23.031,32.731,22.952,54.62,3.459,country_area_weighted_mean,6,synthetic
2024-07-08,MAR,25.9,21.3,31.0,23.317,52.4,3.466,country_area_weighted_mean,6,synthetic
2024-07-15,FRA,22.861,18.261,27.961,10.215,55.33,3.204,country_area_weighted_mean,6,synthetic
2024-07-15,DEU,26.789,22.189,31.889,13.103,54.37,3.262,country_area_weighted_mean,6,synthetic
2024-07-15,NLD,23.002,18.402,28.102,16.472,58.63,3.329,country_area_weighted_mean,6,synthetic
2024-07-15,BEL,23.65,19.05,28.75,18.027,53.51,3.361,country_area_weighted_mean,6,synthetic
2024-07-15,ITA,25.249,20.649,30.349,26.015,55.57,3.52,country_area_weighted_mean,6,synthetic
2024-07-15,ESP,22.863,18.263,27.963,10.118,51.67,3.202,country_area_weighted_mean,6,synthetic
2024-07-15,POL,23.453,18.853,28.553,18.272,58.66,3.365,country_area_weighted_mean,6,synthetic
2024-07-15,HUN,27.456,22.856,32.556,25.228,58.5,3.505,country_area_weighted_mean,6,synthetic
2024-07-15,ROU,24.111,19.511,29.211,20.278,57.21,3.406,country_area_weighted_mean,6,synthetic
2024-07-15,BGR,27.067,22.467,32.167,40.918,61.47,3.818,country_area_weighted_mean,6,synthetic
2024-07-15,SRB,24.257,19.657,29.357,18.161,55.97,3.363,country_area_weighted_mean,6,synthetic
2024-07-15,UKR,22.228,17.628,27.328,16.907,50.29,3.338,country_area_weighted_mean,6,synthetic
2024-07-15,MDA,23.969,19.369,29.069,14.369,55.73,3.287,country_area_weighted_mean,6,synthetic
2024-07-15,RUS,23.277,18.677,28.377,13.43,51.98,3.269,country_area_weighted_mean,6,synthetic
2024-07-15,TUR,25.178,20.578,30.278,15.633,52.67,3.313,country_area_weighted_mean,6,synthetic
2024-07-15,GEO,27.865,23.265,32.965,16.864,52.39,3.337,country_area_weighted_mean,6,synthetic
2024-07-15,ISR,28.227,23.627,33.327,20.437,57.32,3.409,country_area_weighted_mean,6,synthetic
2024-07-15,EGY,28.694,24.094,33.794,27.068,58.62,3.541,country_area_weighted_mean,6,synthetic
2024-07-15,TUN,26.223,21.623,31.323,32.808,60.92,3.656,country_area_weighted_mean,6,synthetic
2024-07-15,MAR,25.899,21.299,30.999,10.905,49.93,3.218,country_area_weighted_mean,6,synthetic
2024-07-22,FRA,23.208,18.608,28.308,9.299,51.65,3.186,country_area_weighted_mean,6,synthetic
2024-07-22,DEU,26.681,22.081,31.781,14.562,54.87,3.291,country_area_weighted_mean,6,synthetic
2024-07-22,NLD,23.275,18.675,28.375,14.716,53.24,3.294,country_area_weighted_mean,6,synthetic
2024-07-22,BEL,24.091,19.491,29.191,18.016,55.45,3.36,country_area_weighted_mean,6,synthetic
2024-07-22,ITA,26.805,22.205,31.905,24.277,58.02,3.486,country_area_weighted_mean,6,synthetic
2024-07-22,ESP,22.233,17.633,27.333,20.582,53.44,3.412,country_area_weighted_mean,6,synthetic
2024-07-22,POL,22.926,18.326,28.026,14.483,55.96,3.29,country_area_weighted_mean,6,synthetic
2024-07-22,HUN,25.337,20.737,30.437,19.441,58.79,3.389,country_area_weighted_mean,6,synthetic
2024-07-22,ROU,26.58,21.98,31.68,18.279,52.7,3.366,country_area_weighted_mean,6,synthetic
2024-07-22,BGR,27.075,22.475,32.175,20.555,53.58,3.411,country_area_weighted_mean,6,synthetic
2024-07-22,SRB,23.005,18.405,28.105,17.164,51.87,3.343,country_area_weighted_mean,6,synthetic
2024-07-22,UKR,24.467,19.867,29.567,20.779,55.95,3.416,country_area_weighted_mean,6,synthetic
2024-07-22,MDA,25.19,20.59,30.29,17.412,53.01,3.348,country_area_weighted_mean,6,synthetic
2024-07-22,RUS,25.314,20.714,30.414,14.27,50.96,3.285,country_area_weighted_mean,6,synthetic
2024-07-22,TUR,24.813,20.213,29.913,22.554,50.98,3.451,country_area_weighted_mean,6,synthetic
2024-07-22,GEO,28.327,23.727,33.427,12.383,50.43,3.248,country_area_weighted_mean,6,synthetic
2024-07-22,ISR,27.345,22.745,32.445,16.662,56.06,3.333,country_area_weighted_mean,6,synthetic
2024-07-22,EGY,28.752,24.152,33.852,13.263,54.3,3.265,country_area_weighted_mean,6,synthetic
2024-07-22,TUN,25.718,21.118,30.818,19.52,56.28,3.39,country_area_weighted_mean,6,synthetic
2024-07-22,MAR,27.028,22.428,32.128,10.957,48.58,3.219,country_area_weighted_mean,6,synthetic
2024-07-29,FRA,22.558,17.958,27.658,14.625,54.56,3.293,country_area_weighted_mean,6,synthetic
2024-07-29,DEU,24.827,20.227,29.927,15.646,56.29,3.313,country_area_weighted_mean,6,synthetic
2024-07-29,NLD,24.532,19.932,29.632,23.986,53.09,3.48,country_area_weighted_mean,6,synthetic
2024-07-29,BEL,24.431,19.831,29.531,17.043,57.22,3.341,country_area_weighted_mean,6,synthetic
2024-07-29,ITA,26.141,21.541,31.241,19.101,58.8,3.382,country_area_weighted_mean,6,synthetic
2024-07-29,ESP,23.203,18.603,28.303,20.03,53.17,3.401,country_area_weighted_mean,6,synthetic
2024-07-29,POL,23.242,18.642,28.342,16.562,60.77,3.331,country_area_weighted_mean,6,synthetic
2024-07-29,HUN,24.524,19.924,29.624,19.999,57.27,3.4,country_area_weighted_mean,6,synthetic
2024-07-29,ROU,26.586,21.986,31.686,23.175,53.31,3.464,country_area_weighted_mean,6,synthetic
2024-07-29,BGR,25.338,20.738,30.438,16.262,53.34,3.325,country_area_weighted_mean,6,synthetic
2024-07-29,SRB,23.553,18.953,28.653,28.339,49.88,3.567,country_area_weighted_mean,6,synthetic
2024-07-29,UKR,24.981,20.381,30.081,13.402,54.63,3.268,country_area_weighted_mean,6,synthetic
2024-07-29,MDA,26.16,21.56,31.26,15.326,54.3,3.307,country_area_weighted_mean,6,synthetic
2024-07-29,RUS,25.698,21.098,30.798,12.668,52.05,3.253,country_area_weighted_mean,6,synthetic
2024-07-29,TUR,24.178,19.578,29.278,24.494,56.7,3.49,country_area_weighted_mean,6,synthetic
2024-07-29,GEO,26.698,22.098,31.798,13.888,52.03,3.278,country_area_weighted_mean,6,synthetic
2024-07-29,ISR,27.356,22.756,32.456,10.691,50.89,3.214,country_area_weighted_mean,6,synthetic
2024-07-29,EGY,28.506,23.906,33.606,11.421,57.04,3.228,country_area_weighted_mean,6,synthetic
2024-07-29,TUN,26.22,21.62,31.32,15.125,49.83,3.303,country_area_weighted_mean,6,synthetic
2024-07-29,MAR,26.653,22.053,31.753,10.662,46.05,3.213,country_area_weighted_mean,6,synthetic
2024-08-05,FRA,25.125,20.525,30.225,16.654,52.94,3.333,country_area_weighted_mean,6,synthetic
2024-08-05,DEU,23.572,18.972,28.672,16.953,57.41,3.339,country_area_weighted_mean,6,synthetic
2024-08-05,NLD,25.051,20.451,30.151,13.847,52.73,3.277,country_area_weighted_mean,6,synthetic
2024-08-05,BEL,25.764,21.164,30.864,15.133,50.6,3.303,country_area_weighted_mean,6,synthetic
2024-08-05,ITA,26.709,22.109,31.809,22.841,55.07,3.457,country_area_weighted_mean,6,synthetic
2024-08-05,ESP,23.869,19.269,28.969,28.969,57.68,3.579,country_area_weighted_mean,6,synthetic
2024-08-05,POL,24.192,19.592,29.292,17.159,60.05,3.343,country_area_weighted_mean,6,synthetic
2024-08-05,HUN,22.983,18.383,28.083,11.349,51.14,3.227,country_area_weighted_mean,6,synthetic
2024-08-05,ROU,25.794,21.194,30.894,22.762,55.76,3.455,country_area_weighted_mean,6,synthetic
2024-08-05,BGR,26.372,21.772,31.472,10.29,56.13,3.206,country_area_weighted_mean,6,synthetic
2024-08-05,SRB,24.938,20.338,30.038,28.221,49.86,3.564,country_area_weighted_mean,6,synthetic
2024-08-05,UKR,24.103,19.503,29.203,11.124,55.26,3.222,country_area_weighted_mean,6,synthetic
2024-08-05,MDA,26.067,21.467,31.167,18.126,50.72,3.363,country_area_weighted_mean,6,synthetic
2024-08-05,RUS,24.622,20.022,29.722,12.328,46.76,3.247,country_area_weighted_mean,6,synthetic
2024-08-05,TUR,24.831,20.231,29.931,19.524,58.44,3.39,country_area_weighted_mean,6,synthetic
2024-08-05,GEO,25.193,20.593,30.293,14.057,55.84,3.281,country_area_weighted_mean,6,synthetic
2024-08-05,ISR,27.806,23.206,32.906,17.744,52.03,3.355,country_area_weighted_mean,6,synthetic
2024-08-05,EGY,27.515,22.915,32.615,12.823,57.85,3.256,country_area_weighted_mean,6,synthetic
2024-08-05,TUN,25.174,20.574,30.274,23.167,51.07,3.463,country_area_weighted_mean,6,synthetic
2024-08-05,MAR,27.596,22.996,32.696,12.653,50.54,3.253,country_area_weighted_mean,6,synthetic
2024-08-12,FRA,24.943,20.343,30.043,10.313,51.25,3.206,country_area_weighted_mean,6,synthetic
2024-08-12,DEU,23.131,18.531,28.231,17.016,54.92,3.34,country_area_weighted_mean,6,synthetic
2024-08-12,NLD,26.386,21.786,31.486,13.183,52.06,3.264,country_area_weighted_mean,6,synthetic
2024-08-12,BEL,25.107,20.507,30.207,11.571,50.18,3.231,country_area_weighted_mean,6,synthetic
2024-08-12,ITA,26.833,22.233,31.933,14.833,50.67,3.297,country_area_weighted_mean,6,synthetic
2024-08-12,ESP,23.152,18.552,28.252,17.655,56.28,3.353,country_area_weighted_mean,6,synthetic
2024-08-12,POL,24.123,19.523,29.223,13.307,56.09,3.266,country_area_weighted_mean,6,synthetic
2024-08-12,HUN,22.823,18.223,27.923,17.445,53.7,3.349,country_area_weighted_mean,6,synthetic
2024-08-12,ROU,23.252,18.652,28.352,22.588,58.75,3.452,country_area_weighted_mean,6,synthetic
2024-08-12,BGR,25.206,20.606,30.306,14.296,58.81,3.286,country_area_weighted_mean,6,synthetic
2024-08-12,SRB,24.019,19.419,29.119,45.464,57.2,3.909,country_area_weighted_mean,6,synthetic
2024-08-12,UKR,25.209,20.609,30.309,10.481,50.1,3.21,country_area_weighted_mean,6,synthetic
2024-08-12,MDA,26.587,21.987,31.687,17.618,46.69,3.352,country_area_weighted_mean,6,synthetic
2024-08-12,RUS,24.72,20.12,29.82,10.947,50.56,3.219,country_area_weighted_mean,6,synthetic
2024-08-12,TUR,25.609,21.009,30.709,38.122,59.17,3.762,country_area_weighted_mean,6,synthetic
2024-08-12,GEO,27.959,23.359,33.059,14.455,52.59,3.289,country_area_weighted_mean,6,synthetic
2024-08-12,ISR,27.699,23.099,32.799,17.44,49.2,3.349,country_area_weighted_mean,6,synthetic
2024-08-12,EGY,26.969,22.369,32.069,12.362,55.04,3.247,country_area_weighted_mean,6,synthetic
2024-08-12,TUN,25.051,20.451,30.151,20.393,46.29,3.408,country_area_weighted_mean,6,synthetic
2024-08-12,MAR,28.79,24.19,33.89,14.554,49.57,3.291,country_area_weighted_mean,6,synthetic
2024-08-19,FRA,24.778,20.178,29.878,11.222,50.91,3.224,country_area_weighted_mean,6,synthetic
2024-08-19,DEU,24.334,19.734,29.434,25.922,59.76,3.518,country_area_weighted_mean,6,synthetic
2024-08-19,NLD,25.166,20.566,30.266,14.994,49.36,3.3,country_area_weighted_mean,6,synthetic
2024-08-19,BEL,24.491,19.891,29.591,10.747,53.07,3.215,country_area_weighted_mean,6,synthetic
2024-08-19,ITA,26.777,22.177,31.877,15.121,54.5,3.302,country_area_weighted_mean,6,synthetic
2024-08-19,ESP,24.359,19.759,29.459,10.769,52.17,3.215,country_area_weighted_mean,6,synthetic
2024-08-19,POL,21.477,16.877,26.577,14.003,53.63,3.28,country_area_weighted_mean,6,synthetic
2024-08-19,HUN,22.487,17.887,27.587,21.174,51.27,3.423,country_area_weighted_mean,6,synthetic
2024-08-19,ROU,22.648,18.048,27.748,15.197,58.85,3.304,country_area_weighted_mean,6,synthetic
2024-08-19,BGR,24.012,19.412,29.112,20.047,55.42,3.401,country_area_weighted_mean,6,synthetic
2024-08-19,SRB,23.297,18.697,28.397,40.263,57.93,3.805,country_area_weighted_mean,6,synthetic
2024-08-19,UKR,23.857,19.257,28.957,17.78,57.14,3.356,country_area_weighted_mean,6,synthetic
2024-08-19,MDA,28.18,23.58,33.28,20.714,49.1,3.414,country_area_weighted_mean,6,synthetic
2024-08-19,RUS,22.785,18.185,27.885,12.58,48.4,3.252,country_area_weighted_mean,6,synthetic
2024-08-19,TUR,24.363,19.763,29.463,23.912,58.63,3.478,country_area_weighted_mean,6,synthetic
2024-08-19,GEO,27.012,22.412,32.112,13.631,59.01,3.273,country_area_weighted_mean,6,synthetic
2024-08-19,ISR,28.265,23.665,33.365,18.847,49.16,3.377,country_area_weighted_mean,6,synthetic
2024-08-19,EGY,27.79,23.19,32.89,15.479,55.14,3.31,country_area_weighted_mean,6,synthetic
2024-08-19,TUN,26.659,22.059,31.759,13.153,42.85,3.263,country_area_weighted_mean,6,synthetic
2024-08-19,MAR,28.98,24.38,34.08,14.559,55.6,3.291,country_area_weighted_mean,6,synthetic
2024-08-26,FRA,26.545,21.945,31.645,12.71,49.46,3.254,country_area_weighted_mean,6,synthetic
2024-08-26,DEU,23.363,18.763,28.463,18.281,58.09,3.366,country_area_weighted_mean,6,synthetic
2024-08-26,NLD,23.928,19.328,29.028,14.716,53.52,3.294,country_area_weighted_mean,6,synthetic
2024-08-26,BEL,22.916,18.316,28.016,13.415,56.38,3.268,country_area_weighted_mean,6,synthetic
2024-08-26,ITA,24.897,20.297,29.997,18.395,56.2,3.368,country_area_weighted_mean,6,synthetic
2024-08-26,ESP,26.167,21.567,31.267,19.952,54.89,3.399,country_area_weighted_mean,6,synthetic
2024-08-26,POL,20.203,15.603,25.303,22.342,59.82,3.447,country_area_weighted_mean,6,synthetic
2024-08-26,HUN,21.83,17.23,26.93,18.981,53.35,3.38,country_area_weighted_mean,6,synthetic
2024-08-26,ROU,22.925,18.325,28.025,10.509,59.91,3.21,country_area_weighted_mean,6,synthetic
2024-08-26,BGR,22.903,18.303,28.003,19.312,51.64,3.386,country_area_weighted_mean,6,synthetic
2024-08-26,SRB,21.661,17.061,26.761,32.179,56.07,3.644,country_area_weighted_mean,6,synthetic
2024-08-26,UKR,23.181,18.581,28.281,11.503,55.85,3.23,country_area_weighted_mean,6,synthetic
2024-08-26,MDA,24.025,19.425,29.125,20.265,49.51,3.405,country_area_weighted_mean,6,synthetic
2024-08-26,RUS,25.405,20.805,30.505,15.112,51.25,3.302,country_area_weighted_mean,6,synthetic
2024-08-26,TUR,24.638,20.038,29.738,11.767,54.31,3.235,country_area_weighted_mean,6,synthetic
2024-08-26,GEO,23.631,19.031,28.731,10.473,55.4,3.209,country_area_weighted_mean,6,synthetic
2024-08-26,ISR,24.634,20.034,29.734,17.304,47.78,3.346,country_area_weighted_mean,6,synthetic
2024-08-26,EGY,28.877,24.277,33.977,12.069,53.07,3.241,country_area_weighted_mean,6,synthetic
2024-08-26,TUN,26.125,21.525,31.225,17.821,47.65,3.356,country_area_weighted_mean,6,synthetic
2024-08-26,MAR,28.232,23.632,33.332,11.771,56.2,3.235,country_area_weighted_mean,6,synthetic
2024-09-02,FRA,23.526,18.926,28.626,20.613,54.01,3.412,country_area_weighted_mean,6,synthetic
2024-09-02,DEU,20.155,15.555,25.255,11.51,60.94,3.23,country_area_weighted_mean,6,synthetic
2024-09-02,NLD,21.414,16.814,26.514,16.336,53.5,3.327,country_area_weighted_mean,6,synthetic
2024-09-02,BEL,22.083,17.483,27.183,5.37,53.17,3.107,country_area_weighted_mean,6,synthetic
2024-09-02,ITA,24.346,19.746,29.446,22.11,55.52,3.442,country_area_weighted_mean,6,synthetic
2024-09-02,ESP,25.704,21.104,30.804,10.897,50.16,3.218,country_area_weighted_mean,6,synthetic
2024-09-02,POL,19.151,14.551,24.251,20.083,55.89,3.402,country_area_weighted_mean,6,synthetic
2024-09-02,HUN,22.155,17.555,27.255,23.407,54.22,3.468,country_area_weighted_mean,6,synthetic
2024-09-02,ROU,21.003,16.403,26.103,10.956,56.56,3.219,country_area_weighted_mean,6,synthetic
2024-09-02,BGR,22.062,17.462,27.162,25.704,56.2,3.514,country_area_weighted_mean,6,synthetic
2024-09-02,SRB,22.349,17.749,27.449,31.23,57.03,3.625,country_area_weighted_mean,6,synthetic
2024-09-02,UKR,20.433,15.833,25.533,13.935,58.21,3.279,country_area_weighted_mean,6,synthetic
2024-09-02,MDA,23.614,19.014,28.714,22.724,54.97,3.454,country_area_weighted_mean,6,synthetic
2024-09-02,RUS,24.104,19.504,29.204,9.93,52.75,3.199,country_area_weighted_mean,6,synthetic
2024-09-02,TUR,22.486,17.886,27.586,10.912,51.87,3.218,country_area_weighted_mean,6,synthetic
2024-09-02,GEO,21.328,16.728,26.428,14.458,59.85,3.289,country_area_weighted_mean,6,synthetic
2024-09-02,ISR,24.666,20.066,29.766,9.312,46.61,3.186,country_area_weighted_mean,6,synthetic
2024-09-02,EGY,27.481,22.881,32.581,3.871,47.89,3.077,country_area_weighted_mean,6,synthetic
2024-09-02,TUN,23.996,19.396,29.096,18.509,50.51,3.37,country_area_weighted_mean,6,synthetic
2024-09-02,MAR,26.647,22.047,31.747,18.38,52.0,3.368,country_area_weighted_mean,6,synthetic
2024-09-09,FRA,22.282,17.682,27.382,16.597,55.78,3.332,country_area_weighted_mean,6,synthetic
2024-09-09,DEU,18.812,14.212,23.912,15.153,63.38,3.303,country_area_weighted_mean,6,synthetic
2024-09-09,NLD,20.199,15.599,25.299,14.265,54.7,3.285,country_area_weighted_mean,6,synthetic
2024-09-09,BEL,21.264,16.664,26.364,14.182,54.17,3.284,country_area_weighted_mean,6,synthetic
2024-09-09,ITA,23.315,18.715,28.415,16.387,51.62,3.328,country_area_weighted_mean,6,synthetic
2024-09-09,ESP,23.718,19.118,28.818,10.312,52.36,3.206,country_area_weighted_mean,6,synthetic
2024-09-09,POL,19.428,14.828,24.528,17.573,49.34,3.351,country_area_weighted_mean,6,synthetic
2024-09-09,HUN,20.982,16.382,26.082,14.228,49.37,3.285,country_area_weighted_mean,6,synthetic
2024-09-09,ROU,19.649,15.049,24.749,17.447,62.79,3.349,country_area_weighted_mean,6,synthetic
2024-09-09,BGR,21.043,16.443,26.143,26.969,60.24,3.539,country_area_weighted_mean,6,synthetic
2024-09-09,SRB,20.743,16.143,25.843,18.666,59.31,3.373,country_area_weighted_mean,6,synthetic
2024-09-09,UKR,18.87,14.27,23.97,20.579,53.38,3.412,country_area_weighted_mean,6,synthetic
2024-09-09,MDA,21.395,16.795,26.495,11.772,52.31,3.235,country_area_weighted_mean,6,synthetic
2024-09-09,RUS,23.863,19.263,28.963,8.997,54.52,3.18,country_area_weighted_mean,6,synthetic
2024-09-09,TUR,23.849,19.249,28.949,14.015,52.46,3.28,country_area_weighted_mean,6,synthetic
2024-09-09,GEO,20.919,16.319,26.019,10.465,54.15,3.209,country_area_weighted_mean,6,synthetic
2024-09-09,ISR,23.327,18.727,28.427,8.94,52.14,3.179,country_area_weighted_mean,6,synthetic
2024-09-09,EGY,27.213,22.613,32.313,10.478,57.53,3.21,country_area_weighted_mean,6,synthetic
2024-09-09,TUN,25.248,20.648,30.348,27.04,55.29,3.541,country_area_weighted_mean,6,synthetic
2024-09-09,MAR,25.371,20.771,30.471,10.486,53.87,3.21,country_area_weighted_mean,6,synthetic
2024-09-16,FRA,21.832,17.232,26.932,23.599,54.0,3.472,country_area_weighted_mean,6,synthetic
2024-09-16,DEU,18.202,13.602,23.302,15.801,63.27,3.316,country_area_weighted_mean,6,synthetic
2024-09-16,NLD,18.212,13.612,23.312,12.249,51.85,3.245,country_area_weighted_mean,6,synthetic
2024-09-16,BEL,19.544,14.944,24.644,9.936,59.17,3.199,country_area_weighted_mean,6,synthetic
2024-09-16,ITA,23.659,19.059,28.759,15.224,53.35,3.304,country_area_weighted_mean,6,synthetic
2024-09-16,ESP,21.883,17.283,26.983,10.211,56.13,3.204,country_area_weighted_mean,6,synthetic
2024-09-16,POL,19.942,15.342,25.042,14.196,49.32,3.284,country_area_weighted_mean,6,synthetic
2024-09-16,HUN,19.633,15.033,24.733,16.887,52.59,3.338,country_area_weighted_mean,6,synthetic
2024-09-16,ROU,19.841,15.241,24.941,14.163,56.16,3.283,country_area_weighted_mean,6,synthetic
2024-09-16,BGR,18.062,13.462,23.162,19.649,56.43,3.393,country_area_weighted_mean,6,synthetic
2024-09-16,SRB,20.608,16.008,25.708,13.683,56.13,3.274,country_area_weighted_mean,6,synthetic
2024-09-16,UKR,19.755,15.155,24.855,20.099,53.75,3.402,country_area_weighted_mean,6,synthetic
2024-09-16,MDA,18.461,13.861,23.561,14.346,55.9,3.287,country_area_weighted_mean,6,synthetic
2024-09-16,RUS,20.876,16.276,25.976,9.781,57.41,3.196,country_area_weighted_mean,6,synthetic
2024-09-16,TUR,20.915,16.315,26.015,10.622,57.05,3.212,country_area_weighted_mean,6,synthetic
2024-09-16,GEO,19.043,14.443,24.143,14.685,55.26,3.294,country_area_weighted_mean,6,synthetic
2024-09-16,ISR,23.09,18.49,28.19,9.29,52.1,3.186,country_area_weighted_mean,6,synthetic
2024-09-16,EGY,26.429,21.829,31.529,18.741,58.4,3.375,country_area_weighted_mean,6,synthetic
2024-09-16,TUN,24.407,19.807,29.507,15.949,53.78,3.319,country_area_weighted_mean,6,synthetic
2024-09-16,MAR,23.371,18.771,28.471,10.352,50.03,3.207,country_area_weighted_mean,6,synthetic
2024-09-23,FRA,21.256,16.656,26.356,19.618,55.55,3.392,country_area_weighted_mean,6,synthetic
2024-09-23,DEU,16.898,12.298,21.998,21.659,66.75,3.433,country_area_weighted_mean,6,synthetic
2024-09-23,NLD,16.281,11.681,21.381,19.462,58.95,3.389,country_area_weighted_mean,6,synthetic
2024-09-23,BEL,17.841,13.241,22.941,12.014,51.82,3.24,country_area_weighted_mean,6,synthetic
2024-09-23,ITA,21.447,16.847,26.547,16.181,55.54,3.324,country_area_weighted_mean,6,synthetic
2024-09-23,ESP,21.465,16.865,26.565,9.157,58.42,3.183,country_area_weighted_mean,6,synthetic
2024-09-23,POL,17.457,12.857,22.557,11.473,54.9,3.229,country_area_weighted_mean,6,synthetic
2024-09-23,HUN,19.422,14.822,24.522,17.006,53.91,3.34,country_area_weighted_mean,6,synthetic
2024-09-23,ROU,16.838,12.238,21.938,14.919,52.76,3.298,country_area_weighted_mean,6,synthetic
2024-09-23,BGR,17.079,12.479,22.179,16.152,54.81,3.323,country_area_weighted_mean,6,synthetic
2024-09-23,SRB,21.608,17.008,26.708,11.115,56.29,3.222,country_area_weighted_mean,6,synthetic
2024-09-23,UKR,18.123,13.523,23.223,18.958,55.05,3.379,country_area_weighted_mean,6,synthetic
2024-09-23,MDA,17.509,12.909,22.609,15.78,57.55,3.316,country_area_weighted_mean,6,synthetic
2024-09-23,RUS,16.646,12.046,21.746,18.143,57.14,3.363,country_area_weighted_mean,6,synthetic
2024-09-23,TUR,21.164,16.564,26.264,16.463,57.8,3.329,country_area_weighted_mean,6,synthetic
2024-09-23,GEO,18.288,13.688,23.388,16.851,55.76,3.337,country_area_weighted_mean,6,synthetic
2024-09-23,ISR,20.213,15.613,25.313,12.004,57.04,3.24,country_area_weighted_mean,6,synthetic
2024-09-23,EGY,23.486,18.886,28.586,16.643,60.06,3.333,country_area_weighted_mean,6,synthetic
2024-09-23,TUN,25.374,20.774,30.474,21.754,58.26,3.435,country_area_weighted_mean,6,synthetic
2024-09-23,MAR,21.824,17.224,26.924,9.42,51.36,3.188,country_area_weighted_mean,6,synthetic
2024-09-30,FRA,18.05,13.45,23.15,14.62,54.31,3.292,country_area_weighted_mean,6,synthetic
2024-09-30,DEU,14.461,9.861,19.561,40.83,66.82,3.817,country_area_weighted_mean,6,synthetic
2024-09-30,NLD,14.428,9.828,19.528,18.125,59.24,3.363,country_area_weighted_mean,6,synthetic
2024-09-30,BEL,13.327,8.727,18.427,22.658,54.5,3.453,country_area_weighted_mean,6,synthetic
2024-09-30,ITA,17.188,12.588,22.288,9.864,50.03,3.197,country_area_weighted_mean,6,synthetic
2024-09-30,ESP,19.461,14.861,24.561,11.108,54.63,3.222,country_area_weighted_mean,6,synthetic
2024-09-30,POL,14.676,10.076,19.776,14.55,58.85,3.291,country_area_weighted_mean,6,synthetic
2024-09-30,HUN,17.803,13.203,22.903,15.7,54.76,3.314,country_area_weighted_mean,6,synthetic
2024-09-30,ROU,15.546,10.946,20.646,11.033,54.3,3.221,country_area_weighted_mean,6,synthetic
2024-09-30,BGR,16.515,11.915,21.615,24.307,58.03,3.486,country_area_weighted_mean,6,synthetic
2024-09-30,SRB,19.669,15.069,24.769,17.518,55.56,3.35,country_area_weighted_mean,6,synthetic
2024-09-30,UKR,15.454,10.854,20.554,17.266,60.23,3.345,country_area_weighted_mean,6,synthetic
2024-09-30,MDA,15.462,10.862,20.562,22.537,60.01,3.451,country_area_weighted_mean,6,synthetic
2024-09-30,RUS,13.735,9.135,18.835,20.594,60.39,3.412,country_area_weighted_mean,6,synthetic
2024-09-30,TUR,18.713,14.113,23.813,14.209,58.53,3.284,country_area_weighted_mean,6,synthetic
2024-09-30,GEO,16.315,11.715,21.415,12.984,56.19,3.26,country_area_weighted_mean,6,synthetic
2024-09-30,ISR,18.758,14.158,23.858,11.109,51.57,3.222,country_area_weighted_mean,6,synthetic
2024-09-30,EGY,22.932,18.332,28.032,17.79,58.74,3.356,country_area_weighted_mean,6,synthetic
2024-09-30,TUN,23.668,19.068,28.768,25.252,59.33,3.505,country_area_weighted_mean,6,synthetic
2024-09-30,MAR,19.172,14.572,24.272,9.642,52.5,3.193,country_area_weighted_mean,6,synthetic
2024-10-07,FRA,17.297,12.697,22.397,13.518,56.24,3.27,country_area_weighted_mean,6,synthetic
2024-10-07,DEU,12.737,8.137,17.837,21.4,58.64,3.428,country_area_weighted_mean,6,synthetic
2024-10-07,NLD,12.391,7.791,17.491,11.055,59.3,3.221,country_area_weighted_mean,6,synthetic
2024-10-07,BEL,11.951,7.351,17.051,28.679,62.93,3.574,country_area_weighted_mean,6,synthetic
2024-10-07,ITA,16.422,11.822,21.522,21.505,57.04,3.43,country_area_weighted_mean,6,synthetic
2024-10-07,ESP,16.181,11.581,21.281,14.347,56.82,3.287,country_area_weighted_mean,6,synthetic
2024-10-07,POL,11.86,7.26,16.96,17.455,61.2,3.349,country_area_weighted_mean,6,synthetic
2024-10-07,HUN,15.357,10.757,20.457,17.787,58.66,3.356,country_area_weighted_mean,6,synthetic
2024-10-07,ROU,11.964,7.364,17.064,20.082,58.57,3.402,country_area_weighted_mean,6,synthetic
2024-10-07,BGR,13.794,9.194,18.894,24.627,59.63,3.493,country_area_weighted_mean,6,synthetic
2024-10-07,SRB,16.986,12.386,22.086,21.728,58.58,3.435,country_area_weighted_mean,6,synthetic
2024-10-07,UKR,14.597,9.997,19.697,20.344,58.24,3.407,country_area_weighted_mean,6,synthetic
2024-10-07,MDA,12.182,7.582,17.282,22.733,62.8,3.455,country_area_weighted_mean,6,synthetic
2024-10-07,RUS,12.173,7.573,17.273,30.265,59.71,3.605,country_area_weighted_mean,6,synthetic
2024-10-07,TUR,17.092,12.492,22.192,26.017,63.03,3.52,country_area_weighted_mean,6,synthetic
2024-10-07,GEO,14.626,10.026,19.726,11.587,59.94,3.232,country_area_weighted_mean,6,synthetic
2024-10-07,ISR,16.206,11.606,21.306,11.216,47.89,3.224,country_area_weighted_mean,6,synthetic
2024-10-07,EGY,20.663,16.063,25.763,17.567,59.0,3.351,country_area_weighted_mean,6,synthetic
2024-10-07,TUN,22.649,18.049,27.749,20.342,60.88,3.407,country_area_weighted_mean,6,synthetic
2024-10-07,MAR,17.982,13.382,23.082,13.86,53.08,3.277,country_area_weighted_mean,6,synthetic
2024-10-14,FRA,17.08,12.48,22.18,15.704,60.11,3.314,country_area_weighted_mean,6,synthetic
2024-10-14,DEU,11.226,6.626,16.326,35.817,62.7,3.716,country_area_weighted_mean,6,synthetic
2024-10-14,NLD,11.386,6.786,16.486,15.779,62.39,3.316,country_area_weighted_mean,6,synthetic
2024-10-14,BEL,10.487,5.887,15.587,10.334,55.76,3.207,country_area_weighted_mean,6,synthetic
2024-10-14,ITA,16.211,11.611,21.311,17.981,60.52,3.36,country_area_weighted_mean,6,synthetic
2024-10-14,ESP,16.135,11.535,21.235,16.116,62.06,3.322,country_area_weighted_mean,6,synthetic
2024-10-14,POL,11.322,6.722,16.422,18.94,61.55,3.379,country_area_weighted_mean,6,synthetic
2024-10-14,HUN,13.391,8.791,18.491,23.749,67.3,3.475,country_area_weighted_mean,6,synthetic
2024-10-14,ROU,11.95,7.35,17.05,26.367,61.43,3.527,country_area_weighted_mean,6,synthetic
2024-10-14,BGR,11.148,6.548,16.248,29.325,64.7,3.587,country_area_weighted_mean,6,synthetic
2024-10-14,SRB,14.414,9.814,19.514,22.296,59.39,3.446,country_area_weighted_mean,6,synthetic
2024-10-14,UKR,11.968,7.368,17.068,27.251,59.56,3.545,country_area_weighted_mean,6,synthetic
2024-10-14,MDA,9.361,4.761,14.461,38.317,64.28,3.766,country_area_weighted_mean,6,synthetic
2024-10-14,RUS,7.436,2.836,12.536,16.495,59.8,3.33,country_area_weighted_mean,6,synthetic
2024-10-14,TUR,17.076,12.476,22.176,14.34,57.35,3.287,country_area_weighted_mean,6,synthetic
2024-10-14,GEO,13.305,8.705,18.405,11.972,56.72,3.239,country_area_weighted_mean,6,synthetic
2024-10-14,ISR,16.602,12.002,21.702,14.414,52.53,3.288,country_area_weighted_mean,6,synthetic
2024-10-14,EGY,17.012,12.412,22.112,16.467,59.48,3.329,country_area_weighted_mean,6,synthetic
2024-10-14,TUN,18.426,13.826,23.526,27.979,63.33,3.56,country_area_weighted_mean,6,synthetic
2024-10-14,MAR,17.193,12.593,22.293,17.402,55.77,3.348,country_area_weighted_mean,6,synthetic
2024-10-21,FRA,14.336,9.736,19.436,25.322,60.57,3.506,country_area_weighted_mean,6,synthetic
2024-10-21,DEU,10.483,5.883,15.583,30.048,59.39,3.601,country_area_weighted_mean,6,synthetic
2024-10-21,NLD,8.452,3.852,13.552,18.708,64.26,3.374,country_area_weighted_mean,6,synthetic
2024-10-21,BEL,7.417,2.817,12.517,25.426,69.1,3.509,country_area_weighted_mean,6,synthetic
2024-10-21,ITA,10.885,6.285,15.985,14.3,60.72,3.286,country_area_weighted_mean,6,synthetic
2024-10-21,ESP,14.798,10.198,19.898,12.307,59.1,3.246,country_area_weighted_mean,6,synthetic
2024-10-21,POL,7.692,3.092,12.792,23.753,64.75,3.475,country_area_weighted_mean,6,synthetic
2024-10-21,HUN,12.34,7.74,17.44,18.696,64.48,3.374,country_area_weighted_mean,6,synthetic
2024-10-21,ROU,10.856,6.256,15.956,28.484,68.15,3.57,country_area_weighted_mean,6,synthetic
2024-10-21,BGR,10.286,5.686,15.386,29.798,62.99,3.596,country_area_weighted_mean,6,synthetic
2024-10-21,SRB,10.737,6.137,15.837,25.902,65.86,3.518,country_area_weighted_mean,6,synthetic
2024-10-21,UKR,8.68,4.08,13.78,44.578,67.97,3.892,country_area_weighted_mean,6,synthetic
2024-10-21,MDA,9.97,5.37,15.07,30.567,65.65,3.611,country_area_weighted_mean,6,synthetic
2024-10-21,RUS,5.995,1.395,11.095,26.507,63.03,3.53,country_area_weighted_mean,6,synthetic
2024-10-21,TUR,15.483,10.883,20.583,14.827,56.16,3.297,country_area_weighted_mean,6,synthetic
2024-10-21,GEO,13.018,8.418,18.118,20.494,61.29,3.41,country_area_weighted_mean,6,synthetic
2024-10-21,ISR,16.25,11.65,21.35,21.695,56.16,3.434,country_area_weighted_mean,6,synthetic
2024-10-21,EGY,14.97,10.37,20.07,14.175,62.59,3.284,country_area_weighted_mean,6,synthetic
2024-10-21,TUN,16.4,11.8,21.5,18.299,60.12,3.366,country_area_weighted_mean,6,synthetic
2024-10-21,MAR,17.818,13.218,22.918,22.288,54.77,3.446,country_area_weighted_mean,6,synthetic
2024-10-28,FRA,11.214,6.614,16.314,29.803,71.97,3.596,country_area_weighted_mean,6,synthetic
2024-10-28,DEU,7.631,3.031,12.731,31.91,63.08,3.638,country_area_weighted_mean,6,synthetic
2024-10-28,NLD,6.437,1.837,11.537,17.736,62.39,3.355,country_area_weighted_mean,6,synthetic
2024-10-28,BEL,6.146,1.546,11.246,30.071,67.7,3.601,country_area_weighted_mean,6,synthetic
2024-10-28,ITA,10.876,6.276,15.976,14.591,64.49,3.292,country_area_weighted_mean,6,synthetic
2024-10-28,ESP,12.825,8.225,17.925,18.68,58.64,3.374,country_area_weighted_mean,6,synthetic
2024-10-28,POL,4.767,0.167,9.867,24.027,64.8,3.481,country_area_weighted_mean,6,synthetic
2024-10-28,HUN,9.12,4.52,14.22,14.171,63.52,3.283,country_area_weighted_mean,6,synthetic
2024-10-28,ROU,7.568,2.968,12.668,18.841,65.16,3.377,country_area_weighted_mean,6,synthetic
2024-10-28,BGR,9.407,4.807,14.507,16.118,62.78,3.322,country_area_weighted_mean,6,synthetic
2024-10-28,SRB,12.005,7.405,17.105,29.027,58.59,3.581,country_area_weighted_mean,6,synthetic
2024-10-28,UKR,7.151,2.551,12.251,34.06,59.2,3.681,country_area_weighted_mean,6,synthetic
2024-10-28,MDA,7.855,3.255,12.955,21.334,62.99,3.427,country_area_weighted_mean,6,synthetic
2024-10-28,RUS,3.938,-0.662,9.038,31.887,66.89,3.638,country_area_weighted_mean,6,synthetic
2024-10-28,TUR,12.104,7.504,17.204,17.222,56.8,3.344,country_area_weighted_mean,6,synthetic
2024-10-28,GEO,12.366,7.766,17.466,15.093,60.96,3.302,country_area_weighted_mean,6,synthetic
2024-10-28,ISR,13.792,9.192,18.892,20.041,55.97,3.401,country_area_weighted_mean,6,synthetic
2024-10-28,EGY,15.693,11.093,20.793,26.261,66.56,3.525,country_area_weighted_mean,6,synthetic
2024-10-28,TUN,16.287,11.687,21.387,20.389,62.94,3.408,country_area_weighted_mean,6,synthetic
2024-10-28,MAR,16.221,11.621,21.321,24.11,56.46,3.482,country_area_weighted_mean,6,synthetic
2024-11-04,FRA,9.043,4.443,14.143,28.928,69.06,3.579,country_area_weighted_mean,6,synthetic
2024-11-04,DEU,6.592,1.992,11.692,31.616,63.26,3.632,country_area_weighted_mean,6,synthetic
2024-11-04,NLD,3.342,-1.258,8.442,20.883,67.39,3.418,country_area_weighted_mean,6,synthetic
2024-11-04,BEL,4.72,0.12,9.82,29.968,67.63,3.599,country_area_weighted_mean,6,synthetic
2024-11-04,ITA,8.579,3.979,13.679,11.761,66.1,3.235,country_area_weighted_mean,6,synthetic
2024-11-04,ESP,11.893,7.293,16.993,22.842,64.47,3.457,country_area_weighted_mean,6,synthetic
2024-11-04,POL,3.3,-1.3,8.4,21.787,68.81,3.436,country_area_weighted_mean,6,synthetic
2024-11-04,HUN,7.169,2.569,12.269,17.273,68.09,3.345,country_area_weighted_mean,6,synthetic
2024-11-04,ROU,7.677,3.077,12.777,19.589,64.37,3.392,country_area_weighted_mean,6,synthetic
2024-11-04,BGR,8.774,4.174,13.874,34.69,67.68,3.694,country_area_weighted_mean,6,synthetic
2024-11-04,SRB,9.635,5.035,14.735,25.823,59.49,3.516,country_area_weighted_mean,6,synthetic
2024-11-04,UKR,6.374,1.774,11.474,28.393,61.14,3.568,country_area_weighted_mean,6,synthetic
2024-11-04,MDA,6.284,1.684,11.384,18.521,67.19,3.37,country_area_weighted_mean,6,synthetic
2024-11-04,RUS,0.99,-3.61,6.09,26.533,68.53,3.531,country_area_weighted_mean,6,synthetic
2024-11-04,TUR,10.159,5.559,15.259,27.966,65.07,3.559,country_area_weighted_mean,6,synthetic
2024-11-04,GEO,10.861,6.261,15.961,22.694,62.33,3.454,country_area_weighted_mean,6,synthetic
2024-11-04,ISR,12.589,7.989,17.689,32.483,59.5,3.65,country_area_weighted_mean,6,synthetic
2024-11-04,EGY,17.035,12.435,22.135,13.631,58.2,3.273,country_area_weighted_mean,6,synthetic
2024-11-04,TUN,15.69,11.09,20.79,19.829,61.45,3.397,country_area_weighted_mean,6,synthetic
2024-11-04,MAR,14.455,9.855,19.555,25.05,58.56,3.501,country_area_weighted_mean,6,synthetic
2024-11-11,FRA,6.799,2.199,11.899,26.234,65.86,3.525,country_area_weighted_mean,6,synthetic
2024-11-11,DEU,4.062,-0.538,9.162,50.642,68.25,4.013,country_area_weighted_mean,6,synthetic
2024-11-11,NLD,0.741,-3.859,5.841,30.214,69.22,3.604,country_area_weighted_mean,6,synthetic
2024-11-11,BEL,3.687,-0.913,8.787,30.428,70.16,3.609,country_area_weighted_mean,6,synthetic
2024-11-11,ITA,8.314,3.714,13.414,23.253,67.17,3.465,country_area_weighted_mean,6,synthetic
2024-11-11,ESP,8.177,3.577,13.277,22.964,64.0,3.459,country_area_weighted_mean,6,synthetic
2024-11-11,POL,3.26,-1.34,8.36,18.479,65.97,3.37,country_area_weighted_mean,6,synthetic
2024-11-11,HUN,5.028,0.428,10.128,35.259,71.86,3.705,country_area_weighted_mean,6,synthetic
2024-11-11,ROU,7.581,2.981,12.681,24.858,60.45,3.497,country_area_weighted_mean,6,synthetic
2024-11-11,BGR,5.894,1.294,10.994,32.35,67.85,3.647,country_area_weighted_mean,6,synthetic
2024-11-11,SRB,8.089,3.489,13.189,40.135,70.06,3.803,country_area_weighted_mean,6,synthetic
2024-11-11,UKR,6.172,1.572,11.272,26.374,62.05,3.527,country_area_weighted_mean,6,synthetic
2024-11-11,MDA,5.958,1.358,11.058,16.227,64.24,3.325,country_area_weighted_mean,6,synthetic
2024-11-11,RUS,-0.76,-5.36,4.34,32.723,69.05,3.654,country_area_weighted_mean,6,synthetic
2024-11-11,TUR,10.589,5.989,15.689,24.968,67.38,3.499,country_area_weighted_mean,6,synthetic
2024-11-11,GEO,8.402,3.802,13.502,14.962,56.0,3.299,country_area_weighted_mean,6,synthetic
2024-11-11,ISR,11.923,7.323,17.023,43.158,67.48,3.863,country_area_weighted_mean,6,synthetic
2024-11-11,EGY,14.849,10.249,19.949,19.687,65.16,3.394,country_area_weighted_mean,6,synthetic
2024-11-11,TUN,11.444,6.844,16.544,19.418,59.95,3.388,country_area_weighted_mean,6,synthetic
2024-11-11,MAR,13.445,8.845,18.545,17.171,58.51,3.343,country_area_weighted_mean,6,synthetic
2024-11-18,FRA,2.815,-1.785,7.915,22.748,70.6,3.455,country_area_weighted_mean,6,synthetic
2024-11-18,DEU,2.218,-2.382,7.318,33.493,69.7,3.67,country_area_weighted_mean,6,synthetic
2024-11-18,NLD,-0.709,-5.309,4.391,28.11,68.54,3.562,country_area_weighted_mean,6,synthetic
2024-11-18,BEL,1.864,-2.736,6.964,38.303,70.86,3.766,country_area_weighted_mean,6,synthetic
2024-11-18,ITA,5.94,1.34,11.04,14.21,60.9,3.284,country_area_weighted_mean,6,synthetic
2024-11-18,ESP,6.529,1.929,11.629,21.607,66.25,3.432,country_area_weighted_mean,6,synthetic
2024-11-18,POL,-0.123,-4.723,4.977,16.613,65.47,3.332,country_area_weighted_mean,6,synthetic
2024-11-18,HUN,0.299,-4.301,5.399,36.492,73.07,3.73,country_area_weighted_mean,6,synthetic
2024-11-18,ROU,5.635,1.035,10.735,35.76,64.74,3.715,country_area_weighted_mean,6,synthetic
2024-11-18,BGR,4.762,0.162,9.862,31.133,69.27,3.623,country_area_weighted_mean,6,synthetic
2024-11-18,SRB,6.553,1.953,11.653,44.451,68.82,3.889,country_area_weighted_mean,6,synthetic
2024-11-18,UKR,0.287,-4.313,5.387,20.6,66.67,3.412,country_area_weighted_mean,6,synthetic
2024-11-18,MDA,4.143,-0.457,9.243,35.759,68.71,3.715,country_area_weighted_mean,6,synthetic
2024-11-18,RUS,-2.722,-7.322,2.378,37.393,72.63,3.748,country_area_weighted_mean,6,synthetic
2024-11-18,TUR,7.206,2.606,12.306,20.558,66.07,3.411,country_area_weighted_mean,6,synthetic
2024-11-18,GEO,8.272,3.672,13.372,14.66,58.64,3.293,country_area_weighted_mean,6,synthetic
2024-11-18,ISR,10.095,5.495,15.195,21.401,66.71,3.428,country_area_weighted_mean,6,synthetic
2024-11-18,EGY,13.017,8.417,18.117,36.293,67.65,3.726,country_area_weighted_mean,6,synthetic
2024-11-18,TUN,10.576,5.976,15.676,20.001,61.31,3.4,country_area_weighted_mean,6,synthetic
2024-11-18,MAR,10.077,5.477,15.177,33.669,67.29,3.673,country_area_weighted_mean,6,synthetic
2024-11-25,FRA,0.045,-4.555,5.145,26.175,66.44,3.523,country_area_weighted_mean,6,synthetic
2024-11-25,DEU,-0.01,-4.61,5.09,25.703,73.62,3.514,country_area_weighted_mean,6,synthetic
2024-11-25,NLD,-2.196,-6.796,2.904,56.261,80.62,4.125,country_area_weighted_mean,6,synthetic
2024-11-25,BEL,2.052,-2.548,7.152,25.093,66.92,3.502,country_area_weighted_mean,6,synthetic
2024-11-25,ITA,5.47,0.87,10.57,28.779,66.18,3.576,country_area_weighted_mean,6,synthetic
2024-11-25,ESP,5.113,0.513,10.213,39.562,71.15,3.791,country_area_weighted_mean,6,synthetic
2024-11-25,POL,0.068,-4.532,5.168,21.344,68.09,3.427,country_area_weighted_mean,6,synthetic
2024-11-25,HUN,-2.859,-7.459,2.241,24.426,68.51,3.489,country_area_weighted_mean,6,synthetic
2024-11-25,ROU,3.758,-0.842,8.858,24.99,69.63,3.5,country_area_weighted_mean,6,synthetic
2024-11-25,BGR,2.21,-2.39,7.31,37.45,69.19,3.749,country_area_weighted_mean,6,synthetic
2024-11-25,SRB,3.333,-1.267,8.433,29.855,69.95,3.597,country_area_weighted_mean,6,synthetic
2024-11-25,UKR,-1.795,-6.395,3.305,24.552,68.0,3.491,country_area_weighted_mean,6,synthetic
2024-11-25,MDA,2.673,-1.927,7.773,49.936,74.23,3.999,country_area_weighted_mean,6,synthetic
2024-11-25,RUS,-6.64,-11.24,-1.54,47.717,77.26,3.954,country_area_weighted_mean,6,synthetic
2024-11-25,TUR,4.729,0.129,9.829,27.488,64.59,3.55,country_area_weighted_mean,6,synthetic
2024-11-25,GEO,6.308,1.708,11.408,23.594,59.42,3.472,country_area_weighted_mean,6,synthetic
2024-11-25,ISR,9.132,4.532,14.232,20.324,64.76,3.406,country_area_weighted_mean,6,synthetic
2024-11-25,EGY,12.058,7.458,17.158,21.21,67.45,3.424,country_area_weighted_mean,6,synthetic
2024-11-25,TUN,8.299,3.699,13.399,21.552,64.17,3.431,country_area_weighted_mean,6,synthetic
2024-11-25,MAR,8.278,3.678,13.378,34.012,68.37,3.68,country_area_weighted_mean,6,synthetic
2024-12-02,FRA,-0.554,-5.154,4.546,27.418,64.38,3.548,country_area_weighted_mean,6,synthetic
2024-12-02,DEU,-1.261,-5.861,3.839,26.309,68.37,3.526,country_area_weighted_mean,6,synthetic
2024-12-02,NLD,-5.332,-9.932,-0.232,47.951,75.74,3.959,country_area_weighted_mean,6,synthetic
2024-12-02,BEL,-2.265,-6.865,2.835,25.633,71.62,3.513,country_area_weighted_mean,6,synthetic
2024-12-02,ITA,3.973,-0.627,9.073,27.658,63.97,3.553,country_area_weighted_mean,6,synthetic
2024-12-02,ESP,6.212,1.612,11.312,22.029,66.22,3.441,country_area_weighted_mean,6,synthetic
2024-12-02,POL,-0.819,-5.419,4.281,23.344,70.65,3.467,country_area_weighted_mean,6,synthetic
2024-12-02,HUN,-3.184,-7.784,1.916,31.302,68.92,3.626,country_area_weighted_mean,6,synthetic
2024-12-02,ROU,1.5,-3.1,6.6,28.091,70.52,3.562,country_area_weighted_mean,6,synthetic
2024-12-02,BGR,2.599,-2.001,7.699,20.238,63.19,3.405,country_area_weighted_mean,6,synthetic
2024-12-02,SRB,2.353,-2.247,7.453,56.287,74.28,4.126,country_area_weighted_mean,6,synthetic
2024-12-02,UKR,-3.526,-8.126,1.574,27.37,70.82,3.547,country_area_weighted_mean,6,synthetic
2024-12-02,MDA,2.378,-2.222,7.478,47.459,71.51,3.949,country_area_weighted_mean,6,synthetic
2024-12-02,RUS,-8.541,-13.141,-3.441,41.708,75.49,3.834,country_area_weighted_mean,6,synthetic
2024-12-02,TUR,3.574,-1.026,8.674,24.036,62.44,3.481,country_area_weighted_mean,6,synthetic
2024-12-02,GEO,4.06,-0.54,9.16,19.109,60.47,3.382,country_area_weighted_mean,6,synthetic
2024-12-02,ISR,5.151,0.551,10.251,23.591,65.8,3.472,country_area_weighted_mean,6,synthetic
2024-12-02,EGY,10.274,5.674,15.374,56.268,74.95,4.125,country_area_weighted_mean,6,synthetic
2024-12-02,TUN,5.559,0.959,10.659,25.833,61.25,3.517,country_area_weighted_mean,6,synthetic
2024-12-02,MAR,10.419,5.819,15.519,29.131,64.95,3.583,country_area_weighted_mean,6,synthetic
2024-12-09,FRA,-2.147,-6.747,2.953,26.335,69.87,3.527,country_area_weighted_mean,6,synthetic
2024-12-09,DEU,-1.816,-6.416,3.284,21.987,67.85,3.44,country_area_weighted_mean,6,synthetic
2024-12-09,NLD,-5.789,-10.389,-0.689,38.615,74.77,3.772,country_area_weighted_mean,6,synthetic
2024-12-09,BEL,-2.532,-7.132,2.568,45.361,73.7,3.907,country_area_weighted_mean,6,synthetic
2024-12-09,ITA,0.408,-4.192,5.508,33.082,71.8,3.662,country_area_weighted_mean,6,synthetic
2024-12-09,ESP,4.056,-0.544,9.156,23.458,69.51,3.469,country_area_weighted_mean,6,synthetic
2024-12-09,POL,-1.503,-6.103,3.597,22.596,74.92,3.452,country_area_weighted_mean,6,synthetic
2024-12-09,HUN,-2.321,-6.921,2.779,36.122,73.25,3.722,country_area_weighted_mean,6,synthetic
2024-12-09,ROU,-1.508,-6.108,3.592,27.215,65.35,3.544,country_area_weighted_mean,6,synthetic
2024-12-09,BGR,1.529,-3.071,6.629,18.681,66.77,3.374,country_area_weighted_mean,6,synthetic
2024-12-09,SRB,0.02,-4.58,5.12,37.147,68.23,3.743,country_area_weighted_mean,6,synthetic
2024-12-09,UKR,-4.497,-9.097,0.603,22.983,70.89,3.46,country_area_weighted_mean,6,synthetic
2024-12-09,MDA,0.077,-4.523,5.177,63.097,74.2,4.262,country_area_weighted_mean,6,synthetic
2024-12-09,RUS,-7.22,-11.82,-2.12,36.924,76.39,3.738,country_area_weighted_mean,6,synthetic
2024-12-09,TUR,3.254,-1.346,8.354,30.672,68.29,3.613,country_area_weighted_mean,6,synthetic
2024-12-09,GEO,1.68,-2.92,6.78,30.972,68.29,3.619,country_area_weighted_mean,6,synthetic
2024-12-09,ISR,4.722,0.122,9.822,28.426,64.8,3.569,country_area_weighted_mean,6,synthetic
2024-12-09,EGY,9.917,5.317,15.017,58.099,74.71,4.162,country_area_weighted_mean,6,synthetic
2024-12-09,TUN,4.426,-0.174,9.526,35.031,67.76,3.701,country_area_weighted_mean,6,synthetic
2024-12-09,MAR,9.694,5.094,14.794,34.126,66.56,3.683,country_area_weighted_mean,6,synthetic
2024-12-16,FRA,-4.018,-8.618,1.082,44.735,77.93,3.895,country_area_weighted_mean,6,synthetic
2024-12-16,DEU,-5.728,-10.328,-0.628,20.35,66.95,3.407,country_area_weighted_mean,6,synthetic
2024-12-16,NLD,-7.465,-12.065,-2.365,38.377,70.61,3.768,country_area_weighted_mean,6,synthetic
2024-12-16,BEL,-3.725,-8.325,1.375,30.341,71.42,3.607,country_area_weighted_mean,6,synthetic
2024-12-16,ITA,0.254,-4.346,5.354,20.491,69.35,3.41,country_area_weighted_mean,6,synthetic
2024-12-16,ESP,3.185,-1.415,8.285,25.145,71.46,3.503,country_area_weighted_mean,6,synthetic
2024-12-16,POL,-2.604,-7.204,2.496,39.898,74.98,3.798,country_area_weighted_mean,6,synthetic
2024-12-16,HUN,-3.698,-8.298,1.402,31.393,76.34,3.628,country_area_weighted_mean,6,synthetic
2024-12-16,ROU,0.076,-4.524,5.176,33.139,66.56,3.663,country_area_weighted_mean,6,synthetic
2024-12-16,BGR,1.019,-3.581,6.119,36.932,72.86,3.739,country_area_weighted_mean,6,synthetic
2024-12-16,SRB,-1.037,-5.637,4.063,34.082,72.54,3.682,country_area_weighted_mean,6,synthetic
2024-12-16,UKR,-5.115,-9.715,-0.015,36.0,78.99,3.72,country_area_weighted_mean,6,synthetic
2024-12-16,MDA,-1.976,-6.576,3.124,57.207,72.2,4.144,country_area_weighted_mean,6,synthetic
2024-12-16,RUS,-7.9,-12.5,-2.8,41.188,76.3,3.824,country_area_weighted_mean,6,synthetic
2024-12-16,TUR,1.041,-3.559,6.141,31.986,69.48,3.64,country_area_weighted_mean,6,synthetic
2024-12-16,GEO,1.302,-3.298,6.402,20.819,67.95,3.416,country_area_weighted_mean,6,synthetic
2024-12-16,ISR,3.87,-0.73,8.97,26.375,63.31,3.527,country_area_weighted_mean,6,synthetic
2024-12-16,EGY,10.186,5.586,15.286,38.256,69.67,3.765,country_area_weighted_mean,6,synthetic
2024-12-16,TUN,2.998,-1.602,8.098,59.351,69.92,4.187,country_area_weighted_mean,6,synthetic
2024-12-16,MAR,8.059,3.459,13.159,30.112,67.53,3.602,country_area_weighted_mean,6,synthetic
2024-12-23,FRA,-5.275,-9.875,-0.175,59.896,81.12,4.198,country_area_weighted_mean,6,synthetic
2024-12-23,DEU,-5.478,-10.078,-0.378,22.211,74.06,3.444,country_area_weighted_mean,6,synthetic
2024-12-23,NLD,-6.772,-11.372,-1.672,19.875,68.28,3.398,country_area_weighted_mean,6,synthetic
2024-12-23,BEL,-6.359,-10.959,-1.259,25.437,73.52,3.509,country_area_weighted_mean,6,synthetic
2024-12-23,ITA,-2.621,-7.221,2.479,24.66,71.48,3.493,country_area_weighted_mean,6,synthetic
2024-12-23,ESP,2.786,-1.814,7.886,32.211,67.84,3.644,country_area_weighted_mean,6,synthetic
2024-12-23,POL,-5.414,-10.014,-0.314,58.577,81.04,4.172,country_area_weighted_mean,6,synthetic
2024-12-23,HUN,-4.184,-8.784,0.916,33.771,76.84,3.675,country_area_weighted_mean,6,synthetic
2024-12-23,ROU,-1.949,-6.549,3.151,47.267,76.86,3.945,country_area_weighted_mean,6,synthetic
2024-12-23,BGR,-0.177,-4.777,4.923,34.137,70.43,3.683,country_area_weighted_mean,6,synthetic
2024-12-23,SRB,-2.743,-7.343,2.357,52.497,75.69,4.05,country_area_weighted_mean,6,synthetic
2024-12-23,UKR,-4.947,-9.547,0.153,30.202,77.15,3.604,country_area_weighted_mean,6,synthetic
2024-12-23,MDA,-1.096,-5.696,4.004,71.055,74.3,4.421,country_area_weighted_mean,6,synthetic
2024-12-23,RUS,-7.44,-12.04,-2.34,30.253,67.38,3.605,country_area_weighted_mean,6,synthetic
2024-12-23,TUR,0.489,-4.111,5.589,30.269,71.4,3.605,country_area_weighted_mean,6,synthetic
2024-12-23,GEO,0.395,-4.205,5.495,28.316,67.95,3.566,country_area_weighted_mean,6,synthetic
2024-12-23,ISR,4.087,-0.513,9.187,35.619,68.04,3.712,country_area_weighted_mean,6,synthetic
2024-12-23,EGY,11.269,6.669,16.369,39.197,69.59,3.784,country_area_weighted_mean,6,synthetic
2024-12-23,TUN,1.78,-2.82,6.88,64.243,73.91,4.285,country_area_weighted_mean,6,synthetic
2024-12-23,MAR,7.148,2.548,12.248,41.272,73.19,3.825,country_area_weighted_mean,6,synthetic
2024-12-30,FRA,-5.713,-10.313,-0.613,64.953,79.14,4.299,country_area_weighted_mean,6,synthetic
2024-12-30,DEU,-7.458,-12.058,-2.358,35.985,80.96,3.72,country_area_weighted_mean,6,synthetic
2024-12-30,NLD,-8.928,-13.528,-3.828,24.276,73.25,3.486,country_area_weighted_mean,6,synthetic
2024-12-30,BEL,-7.707,-12.307,-2.607,37.225,78.48,3.744,country_area_weighted_mean,6,synthetic
2024-12-30,ITA,-3.519,-8.119,1.581,33.448,71.7,3.669,country_area_weighted_mean,6,synthetic
2024-12-30,ESP,0.842,-3.758,5.942,44.999,69.69,3.9,country_area_weighted_mean,6,synthetic
2024-12-30,POL,-7.666,-12.266,-2.566,39.291,75.97,3.786,country_area_weighted_mean,6,synthetic
2024-12-30,HUN,-5.13,-9.73,-0.03,26.571,73.96,3.531,country_area_weighted_mean,6,synthetic
2024-12-30,ROU,-4.534,-9.134,0.566,23.196,71.93,3.464,country_area_weighted_mean,6,synthetic
2024-12-30,BGR,-2.33,-6.93,2.77,23.452,65.33,3.469,country_area_weighted_mean,6,synthetic
2024-12-30,SRB,-2.275,-6.875,2.825,50.993,74.13,4.02,country_area_weighted_mean,6,synthetic
2024-12-30,UKR,-4.603,-9.203,0.497,57.786,80.35,4.156,country_area_weighted_mean,6,synthetic
2024-12-30,MDA,-5.141,-9.741,-0.041,36.643,69.5,3.733,country_area_weighted_mean,6,synthetic
2024-12-30,RUS,-8.609,-13.209,-3.509,26.888,72.92,3.538,country_area_weighted_mean,6,synthetic
2024-12-30,TUR,0.988,-3.612,6.088,44.04,74.45,3.881,country_area_weighted_mean,6,synthetic
2024-12-30,GEO,-0.916,-5.516,4.184,35.966,73.7,3.719,country_area_weighted_mean,6,synthetic
2024-12-30,ISR,2.066,-2.534,7.166,38.419,71.5,3.768,country_area_weighted_mean,6,synthetic
2024-12-30,EGY,10.544,5.944,15.644,35.037,70.0,3.701,country_area_weighted_mean,6,synthetic
2024-12-30,TUN,2.564,-2.036,7.664,31.566,67.89,3.631,country_area_weighted_mean,6,synthetic
2024-12-30,MAR,6.661,2.061,11.761,35.123,75.62,3.702,country_area_weighted_mean,6,synthetic
2025-01-06,FRA,-7.449,-12.049,-2.349,45.59,74.11,3.912,country_area_weighted_mean,6,synthetic
2025-01-06,DEU,-8.606,-13.206,-3.506,42.326,77.05,3.847,country_area_weighted_mean,6,synthetic
2025-01-06,NLD,-10.409,-15.009,-5.309,27.367,77.53,3.547,country_area_weighted_mean,6,synthetic
2025-01-06,BEL,-9.309,-13.909,-4.209,49.044,82.44,3.981,country_area_weighted_mean,6,synthetic
2025-01-06,ITA,-4.484,-9.084,0.616,75.505,84.57,4.51,country_area_weighted_mean,6,synthetic
2025-01-06,ESP,-0.541,-5.141,4.559,42.002,70.7,3.84,country_area_weighted_mean,6,synthetic
2025-01-06,POL,-8.827,-13.427,-3.727,42.269,74.29,3.845,country_area_weighted_mean,6,synthetic
2025-01-06,HUN,-7.327,-11.927,-2.227,22.534,68.23,3.451,country_area_weighted_mean,6,synthetic
2025-01-06,ROU,-4.316,-8.916,0.784,25.376,68.72,3.508,country_area_weighted_mean,6,synthetic
2025-01-06,BGR,-1.134,-5.734,3.966,34.295,67.1,3.686,country_area_weighted_mean,6,synthetic
2025-01-06,SRB,-4.638,-9.238,0.462,30.882,68.04,3.618,country_area_weighted_mean,6,synthetic
2025-01-06,UKR,-4.595,-9.195,0.505,61.69,79.28,4.234,country_area_weighted_mean,6,synthetic
2025-01-06,MDA,-3.887,-8.487,1.213,42.026,73.74,3.841,country_area_weighted_mean,6,synthetic
2025-01-06,RUS,-8.908,-13.508,-3.808,36.903,75.22,3.738,country_area_weighted_mean,6,synthetic
2025-01-06,TUR,-1.118,-5.718,3.982,66.499,76.0,4.33,country_area_weighted_mean,6,synthetic
2025-01-06,GEO,0.222,-4.378,5.322,40.302,74.64,3.806,country_area_weighted_mean,6,synthetic
2025-01-06,ISR,2.105,-2.495,7.205,38.761,70.28,3.775,country_area_weighted_mean,6,synthetic
2025-01-06,EGY,8.094,3.494,13.194,24.252,66.98,3.485,country_area_weighted_mean,6,synthetic
2025-01-06,TUN,2.649,-1.951,7.749,42.209,69.48,3.844,country_area_weighted_mean,6,synthetic
2025-01-06,MAR,4.615,0.015,9.715,46.586,77.11,3.932,country_area_weighted_mean,6,synthetic
2025-01-13,FRA,-6.139,-10.739,-1.039,34.304,73.88,3.686,country_area_weighted_mean,6,synthetic
2025-01-13,DEU,-8.756,-13.356,-3.656,54.562,81.55,4.091,country_area_weighted_mean,6,synthetic
2025-01-13,NLD,-10.874,-15.474,-5.774,33.348,75.44,3.667,country_area_weighted_mean,6,synthetic
2025-01-13,BEL,-9.148,-13.748,-4.048,51.017,78.34,4.02,country_area_weighted_mean,6,synthetic
2025-01-13,ITA,-4.35,-8.95,0.75,41.101,80.84,3.822,country_area_weighted_mean,6,synthetic
2025-01-13,ESP,-1.448,-6.048,3.652,31.856,68.54,3.637,country_area_weighted_mean,6,synthetic
2025-01-13,POL,-10.671,-15.271,-5.571,32.79,75.97,3.656,country_area_weighted_mean,6,synthetic
2025-01-13,HUN,-7.815,-12.415,-2.715,25.425,72.21,3.508,country_area_weighted_mean,6,synthetic
2025-01-13,ROU,-6.578,-11.178,-1.478,27.911,70.93,3.558,country_area_weighted_mean,6,synthetic
2025-01-13,BGR,0.435,-4.165,5.535,23.374,68.58,3.467,country_area_weighted_mean,6,synthetic
2025-01-13,SRB,-3.767,-8.367,1.333,28.569,62.84,3.571,country_area_weighted_mean,6,synthetic
2025-01-13,UKR,-6.275,-10.875,-1.175,43.395,75.33,3.868,country_area_weighted_mean,6,synthetic
2025-01-13,MDA,-4.91,-9.51,0.19,46.216,76.97,3.924,country_area_weighted_mean,6,synthetic
2025-01-13,RUS,-10.623,-15.223,-5.523,53.98,80.63,4.08,country_area_weighted_mean,6,synthetic
2025-01-13,TUR,-1.046,-5.646,4.054,52.836,73.47,4.057,country_area_weighted_mean,6,synthetic
2025-01-13,GEO,-1.393,-5.993,3.707,36.072,70.8,3.721,country_area_weighted_mean,6,synthetic
2025-01-13,ISR,2.073,-2.527,7.173,23.576,67.76,3.472,country_area_weighted_mean,6,synthetic
2025-01-13,EGY,7.739,3.139,12.839,47.992,71.96,3.96,country_area_weighted_mean,6,synthetic
2025-01-13,TUN,1.388,-3.212,6.488,30.836,64.91,3.617,country_area_weighted_mean,6,synthetic
2025-01-13,MAR,3.182,-1.418,8.282,24.051,62.49,3.481,country_area_weighted_mean,6,synthetic
2025-01-20,FRA,-5.333,-9.933,-0.233,45.378,74.41,3.908,country_area_weighted_mean,6,synthetic
2025-01-20,DEU,-8.632,-13.232,-3.532,90.471,88.84,4.809,country_area_weighted_mean,6,synthetic
2025-01-20,NLD,-9.45,-14.05,-4.35,37.818,73.0,3.756,country_area_weighted_mean,6,synthetic
2025-01-20,BEL,-10.411,-15.011,-5.311,51.792,78.88,4.036,country_area_weighted_mean,6,synthetic
2025-01-20,ITA,-3.26,-7.86,1.84,29.973,77.15,3.599,country_area_weighted_mean,6,synthetic
2025-01-20,ESP,-1.943,-6.543,3.157,28.847,70.9,3.577,country_area_weighted_mean,6,synthetic
2025-01-20,POL,-11.479,-16.079,-6.379,40.959,79.48,3.819,country_area_weighted_mean,6,synthetic
2025-01-20,HUN,-7.26,-11.86,-2.16,32.674,73.22,3.653,country_area_weighted_mean,6,synthetic
2025-01-20,ROU,-6.612,-11.212,-1.512,44.241,74.81,3.885,country_area_weighted_mean,6,synthetic
2025-01-20,BGR,-1.167,-5.767,3.933,34.087,70.64,3.682,country_area_weighted_mean,6,synthetic
2025-01-20,SRB,-3.94,-8.54,1.16,41.206,69.29,3.824,country_area_weighted_mean,6,synthetic
2025-01-20,UKR,-7.728,-12.328,-2.628,31.687,73.08,3.634,country_area_weighted_mean,6,synthetic
2025-01-20,MDA,-4.245,-8.845,0.855,50.737,78.23,4.015,country_area_weighted_mean,6,synthetic
2025-01-20,RUS,-9.481,-14.081,-4.381,79.758,89.39,4.595,country_area_weighted_mean,6,synthetic
2025-01-20,TUR,-2.069,-6.669,3.031,50.822,75.65,4.016,country_area_weighted_mean,6,synthetic
2025-01-20,GEO,-0.121,-4.721,4.979,41.217,69.18,3.824,country_area_weighted_mean,6,synthetic
2025-01-20,ISR,1.345,-3.255,6.445,16.943,65.31,3.339,country_area_weighted_mean,6,synthetic
2025-01-20,EGY,7.341,2.741,12.441,37.915,67.35,3.758,country_area_weighted_mean,6,synthetic
2025-01-20,TUN,2.034,-2.566,7.134,21.37,66.34,3.427,country_area_weighted_mean,6,synthetic
2025-01-20,MAR,4.187,-0.413,9.287,54.984,71.21,4.1,country_area_weighted_mean,6,synthetic
2025-01-27,FRA,-5.042,-9.642,0.058,31.061,70.05,3.621,country_area_weighted_mean,6,synthetic
2025-01-27,DEU,-7.601,-12.201,-2.501,39.319,75.48,3.786,country_area_weighted_mean,6,synthetic
2025-01-27,NLD,-8.278,-12.878,-3.178,73.58,81.2,4.472,country_area_weighted_mean,6,synthetic
2025-01-27,BEL,-10.682,-15.282,-5.582,46.276,75.23,3.926,country_area_weighted_mean,6,synthetic
2025-01-27,ITA,-3.072,-7.672,2.028,34.2,73.54,3.684,country_area_weighted_mean,6,synthetic
2025-01-27,ESP,-2.971,-7.571,2.129,21.53,71.59,3.431,country_area_weighted_mean,6,synthetic
2025-01-27,POL,-9.618,-14.218,-4.518,66.806,88.28,4.336,country_area_weighted_mean,6,synthetic
2025-01-27,HUN,-5.878,-10.478,-0.778,50.327,82.53,4.007,country_area_weighted_mean,6,synthetic
2025-01-27,ROU,-6.59,-11.19,-1.49,32.07,74.37,3.641,country_area_weighted_mean,6,synthetic
2025-01-27,BGR,-3.728,-8.328,1.372,50.613,76.77,4.012,country_area_weighted_mean,6,synthetic
2025-01-27,SRB,-3.514,-8.114,1.586,46.794,72.2,3.936,country_area_weighted_mean,6,synthetic
2025-01-27,UKR,-7.927,-12.527,-2.827,48.246,74.25,3.965,country_area_weighted_mean,6,synthetic
2025-01-27,MDA,-4.03,-8.63,1.07,54.612,80.61,4.092,country_area_weighted_mean,6,synthetic
2025-01-27,RUS,-9.959,-14.559,-4.859,82.553,86.57,4.651,country_area_weighted_mean,6,synthetic
2025-01-27,TUR,-1.121,-5.721,3.979,52.63,78.87,4.053,country_area_weighted_mean,6,synthetic
2025-01-27,GEO,-0.965,-5.565,4.135,49.153,74.25,3.983,country_area_weighted_mean,6,synthetic
2025-01-27,ISR,-0.15,-4.75,4.95,24.259,70.14,3.485,country_area_weighted_mean,6,synthetic
2025-01-27,EGY,8.694,4.094,13.794,43.208,68.48,3.864,country_area_weighted_mean,6,synthetic
2025-01-27,TUN,1.808,-2.792,6.908,22.262,66.48,3.445,country_area_weighted_mean,6,synthetic
2025-01-27,MAR,3.929,-0.671,9.029,60.254,74.7,4.205,country_area_weighted_mean,6,synthetic
2025-02-03,FRA,-5.793,-10.393,-0.693,57.929,79.23,4.159,country_area_weighted_mean,6,synthetic
2025-02-03,DEU,-7.112,-11.712,-2.012,34.93,77.54,3.699,country_area_weighted_mean,6,synthetic
2025-02-03,NLD,-10.049,-14.649,-4.949,48.191,74.4,3.964,country_area_weighted_mean,6,synthetic
2025-02-03,BEL,-10.384,-14.984,-5.284,47.928,78.08,3.959,country_area_weighted_mean,6,synthetic
2025-02-03,ITA,-2.649,-7.249,2.451,40.508,77.57,3.81,country_area_weighted_mean,6,synthetic
2025-02-03,ESP,-3.051,-7.651,2.049,25.955,68.3,3.519,country_area_weighted_mean,6,synthetic
2025-02-03,POL,-11.479,-16.079,-6.379,63.509,84.12,4.27,country_area_weighted_mean,6,synthetic
2025-02-03,HUN,-4.874,-9.474,0.226,62.749,75.38,4.255,country_area_weighted_mean,6,synthetic
2025-02-03,ROU,-4.912,-9.512,0.188,46.321,70.27,3.926,country_area_weighted_mean,6,synthetic
2025-02-03,BGR,-3.878,-8.478,1.222,41.26,72.88,3.825,country_area_weighted_mean,6,synthetic
2025-02-03,SRB,-3.035,-7.635,2.065,41.009,67.26,3.82,country_area_weighted_mean,6,synthetic
2025-02-03,UKR,-7.73,-12.33,-2.63,46.5,70.66,3.93,country_area_weighted_mean,6,synthetic
2025-02-03,MDA,-3.99,-8.59,1.11,75.62,82.01,4.512,country_area_weighted_mean,6,synthetic
2025-02-03,RUS,-10.743,-15.343,-5.643,35.628,72.05,3.713,country_area_weighted_mean,6,synthetic
2025-02-03,TUR,-1.292,-5.892,3.808,56.721,77.15,4.134,country_area_weighted_mean,6,synthetic
2025-02-03,GEO,-4.056,-8.656,1.044,83.235,84.71,4.665,country_area_weighted_mean,6,synthetic
2025-02-03,ISR,2.516,-2.084,7.616,26.251,68.38,3.525,country_area_weighted_mean,6,synthetic
2025-02-03,EGY,8.172,3.572,13.272,35.647,69.66,3.713,country_area_weighted_mean,6,synthetic
2025-02-03,TUN,1.952,-2.648,7.052,31.839,68.46,3.637,country_area_weighted_mean,6,synthetic
2025-02-03,MAR,2.96,-1.64,8.06,36.005,71.74,3.72,country_area_weighted_mean,6,synthetic
2025-02-10,FRA,-4.742,-9.342,0.358,31.972,71.31,3.639,country_area_weighted_mean,6,synthetic
2025-02-10,DEU,-6.234,-10.834,-1.134,30.536,75.28,3.611,country_area_weighted_mean,6,synthetic
2025-02-10,NLD,-8.788,-13.388,-3.688,33.172,76.6,3.663,country_area_weighted_mean,6,synthetic
2025-02-10,BEL,-9.569,-14.169,-4.469,33.396,73.55,3.668,country_area_weighted_mean,6,synthetic
2025-02-10,ITA,-3.512,-8.112,1.588,28.544,74.81,3.571,country_area_weighted_mean,6,synthetic
2025-02-10,ESP,-0.857,-5.457,4.243,24.844,69.59,3.497,country_area_weighted_mean,6,synthetic
2025-02-10,POL,-10.962,-15.562,-5.862,55.671,81.14,4.113,country_area_weighted_mean,6,synthetic
2025-02-10,HUN,-5.517,-10.117,-0.417,38.057,68.31,3.761,country_area_weighted_mean,6,synthetic
2025-02-10,ROU,-5.094,-9.694,0.006,56.174,72.65,4.123,country_area_weighted_mean,6,synthetic
2025-02-10,BGR,-2.555,-7.155,2.545,43.463,77.55,3.869,country_area_weighted_mean,6,synthetic
2025-02-10,SRB,-3.894,-8.494,1.206,43.645,71.12,3.873,country_area_weighted_mean,6,synthetic
2025-02-10,UKR,-6.574,-11.174,-1.474,37.76,71.44,3.755,country_area_weighted_mean,6,synthetic
2025-02-10,MDA,-5.046,-9.646,0.054,61.583,79.74,4.232,country_area_weighted_mean,6,synthetic
2025-02-10,RUS,-10.38,-14.98,-5.28,43.782,76.34,3.876,country_area_weighted_mean,6,synthetic
2025-02-10,TUR,-1.516,-6.116,3.584,68.833,76.73,4.377,country_area_weighted_mean,6,synthetic
2025-02-10,GEO,-2.785,-7.385,2.315,52.856,72.02,4.057,country_area_weighted_mean,6,synthetic
2025-02-10,ISR,4.231,-0.369,9.331,34.624,64.52,3.692,country_area_weighted_mean,6,synthetic
2025-02-10,EGY,8.874,4.274,13.974,37.196,66.65,3.744,country_area_weighted_mean,6,synthetic
2025-02-10,TUN,2.704,-1.896,7.804,73.932,77.07,4.479,country_area_weighted_mean,6,synthetic
2025-02-10,MAR,4.826,0.226,9.926,32.502,70.12,3.65,country_area_weighted_mean,6,synthetic
2025-02-17,FRA,-4.844,-9.444,0.256,42.673,78.09,3.853,country_area_weighted_mean,6,synthetic
2025-02-17,DEU,-5.384,-9.984,-0.284,37.087,74.94,3.742,country_area_weighted_mean,6,synthetic
2025-02-17,NLD,-9.213,-13.813,-4.113,36.949,73.09,3.739,country_area_weighted_mean,6,synthetic
2025-02-17,BEL,-6.424,-11.024,-1.324,39.115,73.66,3.782,country_area_weighted_mean,6,synthetic
2025-02-17,ITA,-2.721,-7.321,2.379,29.2,76.92,3.584,country_area_weighted_mean,6,synthetic
2025-02-17,ESP,0.525,-4.075,5.625,26.934,68.4,3.539,country_area_weighted_mean,6,synthetic
2025-02-17,POL,-10.223,-14.823,-5.123,53.788,82.68,4.076,country_area_weighted_mean,6,synthetic
2025-02-17,HUN,-5.441,-10.041,-0.341,48.029,75.12,3.961,country_area_weighted_mean,6,synthetic
2025-02-17,ROU,-5.075,-9.675,0.025,43.555,70.64,3.871,country_area_weighted_mean,6,synthetic
2025-02-17,BGR,-2.384,-6.984,2.716,31.617,74.19,3.632,country_area_weighted_mean,6,synthetic
2025-02-17,SRB,-3.319,-7.919,1.781,31.614,75.3,3.632,country_area_weighted_mean,6,synthetic
2025-02-17,UKR,-5.612,-10.212,-0.512,27.601,69.56,3.552,country_area_weighted_mean,6,synthetic
2025-02-17,MDA,-4.036,-8.636,1.064,51.228,74.35,4.025,country_area_weighted_mean,6,synthetic
2025-02-17,RUS,-9.788,-14.388,-4.688,60.072,79.89,4.201,country_area_weighted_mean,6,synthetic
2025-02-17,TUR,-0.105,-4.705,4.995,64.52,83.23,4.29,country_area_weighted_mean,6,synthetic
2025-02-17,GEO,-1.59,-6.19,3.51,49.985,79.45,4.0,country_area_weighted_mean,6,synthetic
2025-02-17,ISR,3.698,-0.902,8.798,35.113,64.52,3.702,country_area_weighted_mean,6,synthetic
2025-02-17,EGY,9.657,5.057,14.757,35.063,67.13,3.701,country_area_weighted_mean,6,synthetic
2025-02-17,TUN,2.602,-1.998,7.702,51.88,76.67,4.038,country_area_weighted_mean,6,synthetic
2025-02-17,MAR,5.241,0.641,10.341,24.763,65.37,3.495,country_area_weighted_mean,6,synthetic
2025-02-24,FRA,-2.873,-7.473,2.227,44.9,74.07,3.898,country_area_weighted_mean,6,synthetic
2025-02-24,DEU,-6.349,-10.949,-1.249,45.828,77.77,3.917,country_area_weighted_mean,6,synthetic
2025-02-24,NLD,-7.749,-12.349,-2.649,40.384,78.05,3.808,country_area_weighted_mean,6,synthetic
2025-02-24,BEL,-4.244,-8.844,0.856,40.588,71.34,3.812,country_area_weighted_mean,6,synthetic
2025-02-24,ITA,-0.768,-5.368,4.332,37.051,70.33,3.741,country_area_weighted_mean,6,synthetic
2025-02-24,ESP,-0.374,-4.974,4.726,59.818,74.05,4.196,country_area_weighted_mean,6,synthetic
2025-02-24,POL,-11.733,-16.333,-6.633,26.661,74.61,3.533,country_area_weighted_mean,6,synthetic
2025-02-24,HUN,-3.61,-8.21,1.49,45.69,72.61,3.914,country_area_weighted_mean,6,synthetic
2025-02-24,ROU,-5.872,-10.472,-0.772,42.163,70.49,3.843,country_area_weighted_mean,6,synthetic
2025-02-24,BGR,-1.329,-5.929,3.771,31.49,73.11,3.63,country_area_weighted_mean,6,synthetic
2025-02-24,SRB,-2.134,-6.734,2.966,58.105,83.51,4.162,country_area_weighted_mean,6,synthetic
2025-02-24,UKR,-5.405,-10.005,-0.305,29.734,70.92,3.595,country_area_weighted_mean,6,synthetic
2025-02-24,MDA,-3.754,-8.354,1.346,45.274,68.01,3.905,country_area_weighted_mean,6,synthetic
2025-02-24,RUS,-9.129,-13.729,-4.029,40.48,73.85,3.81,country_area_weighted_mean,6,synthetic
2025-02-24,TUR,0.796,-3.804,5.896,68.145,81.02,4.363,country_area_weighted_mean,6,synthetic
2025-02-24,GEO,-0.876,-5.476,4.224,46.993,78.36,3.94,country_area_weighted_mean,6,synthetic
2025-02-24,ISR,4.582,-0.018,9.682,22.594,63.57,3.452,country_area_weighted_mean,6,synthetic
2025-02-24,EGY,9.988,5.388,15.088,22.435,67.78,3.449,country_area_weighted_mean,6,synthetic
2025-02-24,TUN,4.099,-0.501,9.199,25.763,64.08,3.515,country_area_weighted_mean,6,synthetic
2025-02-24,MAR,5.057,0.457,10.157,20.398,62.22,3.408,country_area_weighted_mean,6,synthetic
2025-03-03,FRA,-1.44,-6.04,3.66,41.474,71.91,3.829,country_area_weighted_mean,6,synthetic
2025-03-03,DEU,-4.371,-8.971,0.729,71.44,80.12,4.429,country_area_weighted_mean,6,synthetic
2025-03-03,NLD,-7.018,-11.618,-1.918,33.682,71.75,3.674,country_area_weighted_mean,6,synthetic
2025-03-03,BEL,-3.846,-8.446,1.254,30.783,73.57,3.616,country_area_weighted_mean,6,synthetic
2025-03-03,ITA,0.234,-4.366,5.334,52.364,71.94,4.047,country_area_weighted_mean,6,synthetic
2025-03-03,ESP,2.653,-1.947,7.753,52.511,79.03,4.05,country_area_weighted_mean,6,synthetic
2025-03-03,POL,-11.073,-15.673,-5.973,45.755,78.59,3.915,country_area_weighted_mean,6,synthetic
2025-03-03,HUN,-1.4,-6.0,3.7,44.609,74.32,3.892,country_area_weighted_mean,6,synthetic
2025-03-03,ROU,-4.604,-9.204,0.496,42.421,68.75,3.848,country_area_weighted_mean,6,synthetic
2025-03-03,BGR,-0.666,-5.266,4.434,53.484,73.16,4.07,country_area_weighted_mean,6,synthetic
2025-03-03,SRB,-2.714,-7.314,2.386,42.464,77.37,3.849,country_area_weighted_mean,6,synthetic
2025-03-03,UKR,-6.91,-11.51,-1.81,33.777,73.41,3.676,country_area_weighted_mean,6,synthetic
2025-03-03,MDA,-1.95,-6.55,3.15,43.411,71.15,3.868,country_area_weighted_mean,6,synthetic
2025-03-03,RUS,-8.732,-13.332,-3.632,50.315,77.96,4.006,country_area_weighted_mean,6,synthetic
2025-03-03,TUR,1.91,-2.69,7.01,60.214,75.38,4.204,country_area_weighted_mean,6,synthetic
2025-03-03,GEO,0.114,-4.486,5.214,32.192,71.79,3.644,country_area_weighted_mean,6,synthetic
2025-03-03,ISR,5.851,1.251,10.951,25.042,66.47,3.501,country_area_weighted_mean,6,synthetic
2025-03-03,EGY,10.678,6.078,15.778,41.619,73.74,3.832,country_area_weighted_mean,6,synthetic
2025-03-03,TUN,4.339,-0.261,9.439,28.447,69.51,3.569,country_area_weighted_mean,6,synthetic
2025-03-03,MAR,6.494,1.894,11.594,37.866,67.35,3.757,country_area_weighted_mean,6,synthetic
2025-03-10,FRA,-0.579,-5.179,4.521,45.684,75.28,3.914,country_area_weighted_mean,6,synthetic
2025-03-10,DEU,-3.995,-8.595,1.105,50.33,74.15,4.007,country_area_weighted_mean,6,synthetic
2025-03-10,NLD,-4.946,-9.546,0.154,29.029,70.92,3.581,country_area_weighted_mean,6,synthetic
2025-03-10,BEL,-1.649,-6.249,3.451,40.843,70.99,3.817,country_area_weighted_mean,6,synthetic
2025-03-10,ITA,2.073,-2.527,7.173,44.133,70.09,3.883,country_area_weighted_mean,6,synthetic
2025-03-10,ESP,2.957,-1.643,8.057,42.761,70.94,3.855,country_area_weighted_mean,6,synthetic
2025-03-10,POL,-8.121,-12.721,-3.021,65.634,79.79,4.313,country_area_weighted_mean,6,synthetic
2025-03-10,HUN,-0.759,-5.359,4.341,55.918,72.91,4.118,country_area_weighted_mean,6,synthetic
2025-03-10,ROU,-3.583,-8.183,1.517,35.795,70.17,3.716,country_area_weighted_mean,6,synthetic
2025-03-10,BGR,0.898,-3.702,5.998,61.983,75.69,4.24,country_area_weighted_mean,6,synthetic
2025-03-10,SRB,-1.63,-6.23,3.47,31.062,72.38,3.621,country_area_weighted_mean,6,synthetic
2025-03-10,UKR,-4.63,-9.23,0.47,42.567,74.04,3.851,country_area_weighted_mean,6,synthetic
2025-03-10,MDA,0.431,-4.169,5.531,56.75,74.89,4.135,country_area_weighted_mean,6,synthetic
2025-03-10,RUS,-7.476,-12.076,-2.376,49.501,80.14,3.99,country_area_weighted_mean,6,synthetic
2025-03-10,TUR,3.352,-1.248,8.452,46.392,73.01,3.928,country_area_weighted_mean,6,synthetic
2025-03-10,GEO,2.474,-2.126,7.574,46.994,74.38,3.94,country_area_weighted_mean,6,synthetic
2025-03-10,ISR,8.42,3.82,13.52,19.972,64.51,3.399,country_area_weighted_mean,6,synthetic
2025-03-10,EGY,10.435,5.835,15.535,30.449,66.59,3.609,country_area_weighted_mean,6,synthetic
2025-03-10,TUN,6.725,2.125,11.825,19.264,63.65,3.385,country_area_weighted_mean,6,synthetic
2025-03-10,MAR,6.802,2.202,11.902,28.648,65.04,3.573,country_area_weighted_mean,6,synthetic
2025-03-17,FRA,-0.113,-4.713,4.987,48.631,76.83,3.973,country_area_weighted_mean,6,synthetic
2025-03-17,DEU,-3.078,-7.678,2.022,55.245,72.86,4.105,country_area_weighted_mean,6,synthetic
2025-03-17,NLD,-4.238,-8.838,0.862,18.459,69.8,3.369,country_area_weighted_mean,6,synthetic
2025-03-17,BEL,0.014,-4.586,5.114,45.031,74.92,3.901,country_area_weighted_mean,6,synthetic
2025-03-17,ITA,3.404,-1.196,8.504,38.523,64.75,3.77,country_area_weighted_mean,6,synthetic
2025-03-17,ESP,4.319,-0.281,9.419,26.597,67.95,3.532,country_area_weighted_mean,6,synthetic
2025-03-17,POL,-7.746,-12.346,-2.646,69.099,85.63,4.382,country_area_weighted_mean,6,synthetic
2025-03-17,HUN,-0.195,-4.795,4.905,40.209,75.49,3.804,country_area_weighted_mean,6,synthetic
2025-03-17,ROU,-1.224,-5.824,3.876,28.72,70.69,3.574,country_area_weighted_mean,6,synthetic
2025-03-17,BGR,1.987,-2.613,7.087,37.334,71.66,3.747,country_area_weighted_mean,6,synthetic
2025-03-17,SRB,-0.327,-4.927,4.773,39.448,74.83,3.789,country_area_weighted_mean,6,synthetic
2025-03-17,UKR,-4.982,-9.582,0.118,24.152,72.15,3.483,country_area_weighted_mean,6,synthetic
2025-03-17,MDA,-0.068,-4.668,5.032,46.851,74.43,3.937,country_area_weighted_mean,6,synthetic
2025-03-17,RUS,-6.585,-11.185,-1.485,22.73,74.67,3.455,country_area_weighted_mean,6,synthetic
2025-03-17,TUR,3.186,-1.414,8.286,31.174,64.13,3.623,country_area_weighted_mean,6,synthetic
2025-03-17,GEO,2.229,-2.371,7.329,26.429,70.07,3.529,country_area_weighted_mean,6,synthetic
2025-03-17,ISR,7.864,3.264,12.964,39.553,69.57,3.791,country_area_weighted_mean,6,synthetic
2025-03-17,EGY,9.862,5.262,14.962,44.4,68.13,3.888,country_area_weighted_mean,6,synthetic
2025-03-17,TUN,6.309,1.709,11.409,19.812,63.89,3.396,country_area_weighted_mean,6,synthetic
2025-03-17,MAR,9.586,4.986,14.686,22.877,58.97,3.458,country_area_weighted_mean,6,synthetic
2025-03-24,FRA,1.089,-3.511,6.189,65.932,76.43,4.319,country_area_weighted_mean,6,synthetic
2025-03-24,DEU,-2.084,-6.684,3.016,35.565,69.95,3.711,country_area_weighted_mean,6,synthetic
2025-03-24,NLD,-1.851,-6.451,3.249,33.44,72.56,3.669,country_area_weighted_mean,6,synthetic
2025-03-24,BEL,0.162,-4.438,5.262,44.575,68.85,3.892,country_area_weighted_mean,6,synthetic
2025-03-24,ITA,1.781,-2.819,6.881,36.178,65.66,3.724,country_area_weighted_mean,6,synthetic
2025-03-24,ESP,6.379,1.779,11.479,23.959,63.9,3.479,country_area_weighted_mean,6,synthetic
2025-03-24,POL,-3.998,-8.598,1.102,53.139,81.39,4.063,country_area_weighted_mean,6,synthetic
2025-03-24,HUN,1.606,-2.994,6.706,61.816,78.99,4.236,country_area_weighted_mean,6,synthetic
2025-03-24,ROU,-0.366,-4.966,4.734,45.455,72.13,3.909,country_area_weighted_mean,6,synthetic
2025-03-24,BGR,2.638,-1.962,7.738,48.38,73.32,3.968,country_area_weighted_mean,6,synthetic
2025-03-24,SRB,1.635,-2.965,6.735,44.675,74.82,3.894,country_area_weighted_mean,6,synthetic
2025-03-24,UKR,-3.302,-7.902,1.798,43.386,71.78,3.868,country_area_weighted_mean,6,synthetic
2025-03-24,MDA,2.222,-2.378,7.322,51.364,71.71,4.027,country_area_weighted_mean,6,synthetic
2025-03-24,RUS,-3.338,-7.938,1.762,45.033,72.29,3.901,country_area_weighted_mean,6,synthetic
2025-03-24,TUR,3.402,-1.198,8.502,43.808,67.68,3.876,country_area_weighted_mean,6,synthetic
2025-03-24,GEO,4.111,-0.489,9.211,26.236,64.93,3.525,country_area_weighted_mean,6,synthetic
2025-03-24,ISR,9.014,4.414,14.114,44.05,69.09,3.881,country_area_weighted_mean,6,synthetic
2025-03-24,EGY,11.187,6.587,16.287,37.551,65.05,3.751,country_area_weighted_mean,6,synthetic
2025-03-24,TUN,7.65,3.05,12.75,16.675,63.84,3.334,country_area_weighted_mean,6,synthetic
2025-03-24,MAR,10.824,6.224,15.924,67.311,73.69,4.346,country_area_weighted_mean,6,synthetic
2025-03-31,FRA,0.864,-3.736,5.964,65.011,80.29,4.3,country_area_weighted_mean,6,synthetic
2025-03-31,DEU,-0.935,-5.535,4.165,26.308,64.41,3.526,country_area_weighted_mean,6,synthetic
2025-03-31,NLD,0.128,-4.472,5.228,49.887,78.46,3.998,country_area_weighted_mean,6,synthetic
2025-03-31,BEL,-0.038,-4.638,5.062,18.987,66.13,3.38,country_area_weighted_mean,6,synthetic
2025-03-31,ITA,3.172,-1.428,8.272,41.662,72.52,3.833,country_area_weighted_mean,6,synthetic
2025-03-31,ESP,6.734,2.134,11.834,18.892,60.68,3.378,country_area_weighted_mean,6,synthetic
2025-03-31,POL,-2.776,-7.376,2.324,52.692,78.6,4.054,country_area_weighted_mean,6,synthetic
2025-03-31,HUN,2.514,-2.086,7.614,51.852,75.01,4.037,country_area_weighted_mean,6,synthetic
2025-03-31,ROU,2.243,-2.357,7.343,38.265,71.29,3.765,country_area_weighted_mean,6,synthetic
2025-03-31,BGR,3.959,-0.641,9.059,61.691,75.29,4.234,country_area_weighted_mean,6,synthetic
2025-03-31,SRB,2.52,-2.08,7.62,34.088,68.73,3.682,country_area_weighted_mean,6,synthetic
2025-03-31,UKR,-4.348,-8.948,0.752,28.335,71.98,3.567,country_area_weighted_mean,6,synthetic
2025-03-31,MDA,2.694,-1.906,7.794,57.198,76.67,4.144,country_area_weighted_mean,6,synthetic
2025-03-31,RUS,-3.733,-8.333,1.367,42.793,72.26,3.856,country_area_weighted_mean,6,synthetic
2025-03-31,TUR,5.919,1.319,11.019,38.211,65.74,3.764,country_area_weighted_mean,6,synthetic
2025-03-31,GEO,5.096,0.496,10.196,43.658,67.73,3.873,country_area_weighted_mean,6,synthetic
2025-03-31,ISR,9.852,5.252,14.952,29.063,63.74,3.581,country_area_weighted_mean,6,synthetic
2025-03-31,EGY,12.603,8.003,17.703,46.596,69.87,3.932,country_area_weighted_mean,6,synthetic
2025-03-31,TUN,10.119,5.519,15.219,28.475,64.1,3.569,country_area_weighted_mean,6,synthetic
2025-03-31,MAR,8.697,4.097,13.797,50.783,68.82,4.016,country_area_weighted_mean,6,synthetic
2025-04-07,FRA,3.906,-0.694,9.006,90.275,81.51,4.805,country_area_weighted_mean,6,synthetic
2025-04-07,DEU,0.288,-4.312,5.388,58.21,71.32,4.164,country_area_weighted_mean,6,synthetic
2025-04-07,NLD,2.51,-2.09,7.61,37.493,68.47,3.75,country_area_weighted_mean,6,synthetic
2025-04-07,BEL,0.936,-3.664,6.036,39.614,73.96,3.792,country_area_weighted_mean,6,synthetic
2025-04-07,ITA,4.735,0.135,9.835,32.031,69.22,3.641,country_area_weighted_mean,6,synthetic
2025-04-07,ESP,6.582,1.982,11.682,24.145,61.54,3.483,country_area_weighted_mean,6,synthetic
2025-04-07,POL,-0.128,-4.728,4.972,54.738,77.93,4.095,country_area_weighted_mean,6,synthetic
2025-04-07,HUN,4.34,-0.26,9.44,41.711,71.73,3.834,country_area_weighted_mean,6,synthetic
2025-04-07,ROU,4.099,-0.501,9.199,43.232,67.8,3.865,country_area_weighted_mean,6,synthetic
2025-04-07,BGR,5.073,0.473,10.173,37.605,68.88,3.752,country_area_weighted_mean,6,synthetic
2025-04-07,SRB,2.648,-1.952,7.748,32.151,64.86,3.643,country_area_weighted_mean,6,synthetic
2025-04-07,UKR,-1.556,-6.156,3.544,35.22,69.88,3.704,country_area_weighted_mean,6,synthetic
2025-04-07,MDA,4.645,0.045,9.745,53.484,67.98,4.07,country_area_weighted_mean,6,synthetic
2025-04-07,RUS,-0.615,-5.215,4.485,32.005,66.59,3.64,country_area_weighted_mean,6,synthetic
2025-04-07,TUR,9.524,4.924,14.624,26.026,62.81,3.521,country_area_weighted_mean,6,synthetic
2025-04-07,GEO,7.426,2.826,12.526,54.334,66.39,4.087,country_area_weighted_mean,6,synthetic
2025-04-07,ISR,9.342,4.742,14.442,40.193,65.14,3.804,country_area_weighted_mean,6,synthetic
2025-04-07,EGY,16.027,11.427,21.127,25.77,62.0,3.515,country_area_weighted_mean,6,synthetic
2025-04-07,TUN,11.595,6.995,16.695,46.455,68.99,3.929,country_area_weighted_mean,6,synthetic
2025-04-07,MAR,8.042,3.442,13.142,54.336,71.79,4.087,country_area_weighted_mean,6,synthetic
2025-04-14,FRA,4.341,-0.259,9.441,55.274,69.48,4.105,country_area_weighted_mean,6,synthetic
2025-04-14,DEU,2.501,-2.099,7.601,96.09,83.4,4.922,country_area_weighted_mean,6,synthetic
2025-04-14,NLD,4.854,0.254,9.954,46.96,70.72,3.939,country_area_weighted_mean,6,synthetic
2025-04-14,BEL,4.778,0.178,9.878,94.695,83.16,4.894,country_area_weighted_mean,6,synthetic
2025-04-14,ITA,7.128,2.528,12.228,32.714,63.53,3.654,country_area_weighted_mean,6,synthetic
2025-04-14,ESP,7.152,2.552,12.252,29.908,65.51,3.598,country_area_weighted_mean,6,synthetic
2025-04-14,POL,3.291,-1.309,8.391,40.736,70.36,3.815,country_area_weighted_mean,6,synthetic
2025-04-14,HUN,6.466,1.866,11.566,68.65,76.95,4.373,country_area_weighted_mean,6,synthetic
2025-04-14,ROU,7.83,3.23,12.93,51.997,66.23,4.04,country_area_weighted_mean,6,synthetic
2025-04-14,BGR,6.314,1.714,11.414,40.243,68.66,3.805,country_area_weighted_mean,6,synthetic
2025-04-14,SRB,4.436,-0.164,9.536,25.41,64.33,3.508,country_area_weighted_mean,6,synthetic
2025-04-14,UKR,1.01,-3.59,6.11,27.163,71.35,3.543,country_area_weighted_mean,6,synthetic
2025-04-14,MDA,5.162,0.562,10.262,40.719,66.55,3.814,country_area_weighted_mean,6,synthetic
2025-04-14,RUS,2.256,-2.344,7.356,30.195,64.81,3.604,country_area_weighted_mean,6,synthetic
2025-04-14,TUR,12.164,7.564,17.264,23.683,57.73,3.474,country_area_weighted_mean,6,synthetic
2025-04-14,GEO,7.37,2.77,12.47,34.332,65.16,3.687,country_area_weighted_mean,6,synthetic
2025-04-14,ISR,12.237,7.637,17.337,42.574,61.87,3.851,country_area_weighted_mean,6,synthetic
2025-04-14,EGY,17.212,12.612,22.312,24.793,59.78,3.496,country_area_weighted_mean,6,synthetic
2025-04-14,TUN,11.684,7.084,16.784,37.894,66.81,3.758,country_area_weighted_mean,6,synthetic
2025-04-14,MAR,8.829,4.229,13.929,35.364,66.6,3.707,country_area_weighted_mean,6,synthetic
2025-04-21,FRA,6.546,1.946,11.646,32.365,66.64,3.647,country_area_weighted_mean,6,synthetic
2025-04-21,DEU,5.128,0.528,10.228,58.427,73.1,4.169,country_area_weighted_mean,6,synthetic
2025-04-21,NLD,6.9,2.3,12.0,38.26,68.72,3.765,country_area_weighted_mean,6,synthetic
2025-04-21,BEL,6.493,1.893,11.593,49.62,70.17,3.992,country_area_weighted_mean,6,synthetic
2025-04-21,ITA,8.62,4.02,13.72,33.14,65.83,3.663,country_area_weighted_mean,6,synthetic
2025-04-21,ESP,8.094,3.494,13.194,28.754,65.13,3.575,country_area_weighted_mean,6,synthetic
2025-04-21,POL,5.279,0.679,10.379,43.093,68.12,3.862,country_area_weighted_mean,6,synthetic
2025-04-21,HUN,8.791,4.191,13.891,66.081,74.13,4.322,country_area_weighted_mean,6,synthetic
2025-04-21,ROU,8.226,3.626,13.326,41.323,66.99,3.826,country_area_weighted_mean,6,synthetic
2025-04-21,BGR,7.797,3.197,12.897,28.686,68.06,3.574,country_area_weighted_mean,6,synthetic
2025-04-21,SRB,5.26,0.66,10.36,33.722,64.93,3.674,country_area_weighted_mean,6,synthetic
2025-04-21,UKR,3.622,-0.978,8.722,53.915,74.2,4.078,country_area_weighted_mean,6,synthetic
2025-04-21,MDA,6.764,2.164,11.864,24.492,65.66,3.49,country_area_weighted_mean,6,synthetic
2025-04-21,RUS,3.729,-0.871,8.829,34.188,68.5,3.684,country_area_weighted_mean,6,synthetic
2025-04-21,TUR,12.491,7.891,17.591,31.543,64.05,3.631,country_area_weighted_mean,6,synthetic
2025-04-21,GEO,8.378,3.778,13.478,39.595,64.09,3.792,country_area_weighted_mean,6,synthetic
2025-04-21,ISR,14.586,9.986,19.686,42.372,59.41,3.847,country_area_weighted_mean,6,synthetic
2025-04-21,EGY,18.598,13.998,23.698,25.302,61.61,3.506,country_area_weighted_mean,6,synthetic
2025-04-21,TUN,14.088,9.488,19.188,40.822,66.9,3.816,country_area_weighted_mean,6,synthetic
2025-04-21,MAR,10.457,5.857,15.557,20.043,62.6,3.401,country_area_weighted_mean,6,synthetic
2025-04-28,FRA,8.485,3.885,13.585,31.413,64.34,3.628,country_area_weighted_mean,6,synthetic
2025-04-28,DEU,6.496,1.896,11.596,28.623,67.35,3.572,country_area_weighted_mean,6,synthetic
2025-04-28,NLD,7.955,3.355,13.055,33.293,68.94,3.666,country_area_weighted_mean,6,synthetic
2025-04-28,BEL,7.637,3.037,12.737,35.357,66.12,3.707,country_area_weighted_mean,6,synthetic
2025-04-28,ITA,8.941,4.341,14.041,49.022,66.92,3.98,country_area_weighted_mean,6,synthetic
2025-04-28,ESP,9.106,4.506,14.206,32.77,66.19,3.655,country_area_weighted_mean,6,synthetic
2025-04-28,POL,6.795,2.195,11.895,24.209,61.58,3.484,country_area_weighted_mean,6,synthetic
2025-04-28,HUN,10.648,6.048,15.748,27.903,63.56,3.558,country_area_weighted_mean,6,synthetic
2025-04-28,ROU,10.2,5.6,15.3,46.005,65.11,3.92,country_area_weighted_mean,6,synthetic
2025-04-28,BGR,9.619,5.019,14.719,26.333,65.4,3.527,country_area_weighted_mean,6,synthetic
2025-04-28,SRB,8.908,4.308,14.008,19.666,59.63,3.393,country_area_weighted_mean,6,synthetic
2025-04-28,UKR,7.677,3.077,12.777,51.436,72.34,4.029,country_area_weighted_mean,6,synthetic
2025-04-28,MDA,8.745,4.145,13.845,36.195,65.38,3.724,country_area_weighted_mean,6,synthetic
2025-04-28,RUS,4.716,0.116,9.816,78.475,78.28,4.569,country_area_weighted_mean,6,synthetic
2025-04-28,TUR,13.791,9.191,18.891,29.442,60.49,3.589,country_area_weighted_mean,6,synthetic
2025-04-28,GEO,11.099,6.499,16.199,32.456,63.32,3.649,country_area_weighted_mean,6,synthetic
2025-04-28,ISR,14.988,10.388,20.088,26.506,54.89,3.53,country_area_weighted_mean,6,synthetic
2025-04-28,EGY,19.6,15.0,24.7,30.911,61.9,3.618,country_area_weighted_mean,6,synthetic
2025-04-28,TUN,16.315,11.715,21.415,28.346,62.34,3.567,country_area_weighted_mean,6,synthetic
2025-04-28,MAR,13.243,8.643,18.343,32.008,64.23,3.64,country_area_weighted_mean,6,synthetic
2025-05-05,FRA,12.499,7.899,17.599,28.754,63.86,3.575,country_area_weighted_mean,6,synthetic
2025-05-05,DEU,8.903,4.303,14.003,26.988,69.63,3.54,country_area_weighted_mean,6,synthetic
2025-05-05,NLD,7.487,2.887,12.587,49.556,72.02,3.991,country_area_weighted_mean,6,synthetic
2025-05-05,BEL,10.176,5.576,15.276,27.24,68.21,3.545,country_area_weighted_mean,6,synthetic
2025-05-05,ITA,10.458,5.858,15.558,39.709,63.17,3.794,country_area_weighted_mean,6,synthetic
2025-05-05,ESP,12.564,7.964,17.664,38.784,64.33,3.776,country_area_weighted_mean,6,synthetic
2025-05-05,POL,8.809,4.209,13.909,36.571,66.1,3.731,country_area_weighted_mean,6,synthetic
2025-05-05,HUN,9.95,5.35,15.05,39.345,64.7,3.787,country_area_weighted_mean,6,synthetic
2025-05-05,ROU,11.445,6.845,16.545,42.545,61.25,3.851,country_area_weighted_mean,6,synthetic
2025-05-05,BGR,12.344,7.744,17.444,26.097,62.58,3.522,country_area_weighted_mean,6,synthetic
2025-05-05,SRB,10.189,5.589,15.289,20.918,58.31,3.418,country_area_weighted_mean,6,synthetic
2025-05-05,UKR,9.808,5.208,14.908,30.1,68.95,3.602,country_area_weighted_mean,6,synthetic
2025-05-05,MDA,10.48,5.88,15.58,27.879,65.63,3.558,country_area_weighted_mean,6,synthetic
2025-05-05,RUS,6.748,2.148,11.848,36.25,71.14,3.725,country_area_weighted_mean,6,synthetic
2025-05-05,TUR,16.258,11.658,21.358,34.595,61.56,3.692,country_area_weighted_mean,6,synthetic
2025-05-05,GEO,13.332,8.732,18.432,27.613,60.04,3.552,country_area_weighted_mean,6,synthetic
2025-05-05,ISR,15.996,11.396,21.096,30.542,58.52,3.611,country_area_weighted_mean,6,synthetic
2025-05-05,EGY,21.321,16.721,26.421,38.167,60.77,3.763,country_area_weighted_mean,6,synthetic
2025-05-05,TUN,17.759,13.159,22.859,29.614,64.48,3.592,country_area_weighted_mean,6,synthetic
2025-05-05,MAR,16.194,11.594,21.294,30.662,65.81,3.613,country_area_weighted_mean,6,synthetic
2025-05-12,FRA,13.926,9.326,19.026,27.738,61.64,3.555,country_area_weighted_mean,6,synthetic
2025-05-12,DEU,13.126,8.526,18.226,22.492,62.81,3.45,country_area_weighted_mean,6,synthetic
2025-05-12,NLD,7.706,3.106,12.806,33.056,69.19,3.661,country_area_weighted_mean,6,synthetic
2025-05-12,BEL,11.157,6.557,16.257,30.85,65.33,3.617,country_area_weighted_mean,6,synthetic
2025-05-12,ITA,14.933,10.333,20.033,39.981,56.87,3.8,country_area_weighted_mean,6,synthetic
2025-05-12,ESP,15.412,10.812,20.512,32.37,59.38,3.647,country_area_weighted_mean,6,synthetic
2025-05-12,POL,13.553,8.953,18.653,36.494,61.53,3.73,country_area_weighted_mean,6,synthetic
2025-05-12,HUN,10.996,6.396,16.096,45.62,68.61,3.912,country_area_weighted_mean,6,synthetic
2025-05-12,ROU,13.045,8.445,18.145,25.292,59.83,3.506,country_area_weighted_mean,6,synthetic
2025-05-12,BGR,13.146,8.546,18.246,19.617,60.43,3.392,country_area_weighted_mean,6,synthetic
2025-05-12,SRB,12.222,7.622,17.322,37.765,60.6,3.755,country_area_weighted_mean,6,synthetic
2025-05-12,UKR,11.155,6.555,16.255,22.328,63.78,3.447,country_area_weighted_mean,6,synthetic
2025-05-12,MDA,15.085,10.485,20.185,22.507,62.01,3.45,country_area_weighted_mean,6,synthetic
2025-05-12,RUS,8.049,3.449,13.149,23.159,70.8,3.463,country_area_weighted_mean,6,synthetic
2025-05-12,TUR,18.09,13.49,23.19,19.398,58.37,3.388,country_area_weighted_mean,6,synthetic
2025-05-12,GEO,16.555,11.955,21.655,42.364,63.17,3.847,country_area_weighted_mean,6,synthetic
2025-05-12,ISR,17.347,12.747,22.447,16.419,52.19,3.328,country_area_weighted_mean,6,synthetic
2025-05-12,EGY,23.81,19.21,28.91,30.174,55.85,3.603,country_area_weighted_mean,6,synthetic
2025-05-12,TUN,18.652,14.052,23.752,33.721,63.9,3.674,country_area_weighted_mean,6,synthetic
2025-05-12,MAR,17.046,12.446,22.146,17.079,61.62,3.342,country_area_weighted_mean,6,synthetic
2025-05-19,FRA,15.225,10.625,20.325,36.063,64.84,3.721,country_area_weighted_mean,6,synthetic
2025-05-19,DEU,13.855,9.255,18.955,28.649,63.33,3.573,country_area_weighted_mean,6,synthetic
2025-05-19,NLD,10.897,6.297,15.997,46.287,71.88,3.926,country_area_weighted_mean,6,synthetic
2025-05-19,BEL,13.677,9.077,18.777,56.929,71.25,4.139,country_area_weighted_mean,6,synthetic
2025-05-19,ITA,15.3,10.7,20.4,38.196,58.0,3.764,country_area_weighted_mean,6,synthetic
2025-05-19,ESP,18.847,14.247,23.947,42.307,62.88,3.846,country_area_weighted_mean,6,synthetic
2025-05-19,POL,14.039,9.439,19.139,45.516,68.34,3.91,country_area_weighted_mean,6,synthetic
2025-05-19,HUN,11.693,7.093,16.793,32.809,65.0,3.656,country_area_weighted_mean,6,synthetic
2025-05-19,ROU,14.811,10.211,19.911,19.024,58.49,3.38,country_area_weighted_mean,6,synthetic
2025-05-19,BGR,15.321,10.721,20.421,26.39,61.84,3.528,country_area_weighted_mean,6,synthetic
2025-05-19,SRB,15.048,10.448,20.148,56.957,69.29,4.139,country_area_weighted_mean,6,synthetic
2025-05-19,UKR,14.046,9.446,19.146,26.888,62.51,3.538,country_area_weighted_mean,6,synthetic
2025-05-19,MDA,16.365,11.765,21.465,13.997,59.06,3.28,country_area_weighted_mean,6,synthetic
2025-05-19,RUS,11.698,7.098,16.798,28.332,73.16,3.567,country_area_weighted_mean,6,synthetic
2025-05-19,TUR,17.816,13.216,22.916,19.426,56.18,3.389,country_area_weighted_mean,6,synthetic
2025-05-19,GEO,17.739,13.139,22.839,27.634,58.12,3.553,country_area_weighted_mean,6,synthetic
2025-05-19,ISR,19.253,14.653,24.353,18.65,54.74,3.373,country_area_weighted_mean,6,synthetic
2025-05-19,EGY,23.465,18.865,28.565,18.461,51.13,3.369,country_area_weighted_mean,6,synthetic
2025-05-19,TUN,19.295,14.695,24.395,28.017,61.32,3.56,country_area_weighted_mean,6,synthetic
2025-05-19,MAR,18.558,13.958,23.658,20.808,62.58,3.416,country_area_weighted_mean,6,synthetic
2025-05-26,FRA,15.06,10.46,20.16,24.853,56.66,3.497,country_area_weighted_mean,6,synthetic
2025-05-26,DEU,17.289,12.689,22.389,42.94,63.12,3.859,country_area_weighted_mean,6,synthetic
2025-05-26,NLD,13.392,8.792,18.492,26.884,63.45,3.538,country_area_weighted_mean,6,synthetic
2025-05-26,BEL,15.61,11.01,20.71,49.447,67.04,3.989,country_area_weighted_mean,6,synthetic
2025-05-26,ITA,19.129,14.529,24.229,28.039,57.1,3.561,country_area_weighted_mean,6,synthetic
2025-05-26,ESP,18.739,14.139,23.839,36.124,61.99,3.722,country_area_weighted_mean,6,synthetic
2025-05-26,POL,15.93,11.33,21.03,29.219,64.85,3.584,country_area_weighted_mean,6,synthetic
2025-05-26,HUN,14.621,10.021,19.721,28.061,63.33,3.561,country_area_weighted_mean,6,synthetic
2025-05-26,ROU,15.903,11.303,21.003,36.578,63.2,3.732,country_area_weighted_mean,6,synthetic
2025-05-26,BGR,19.727,15.127,24.827,20.732,60.85,3.415,country_area_weighted_mean,6,synthetic
2025-05-26,SRB,17.291,12.691,22.391,37.934,63.31,3.759,country_area_weighted_mean,6,synthetic
2025-05-26,UKR,17.035,12.435,22.135,17.427,61.35,3.349,country_area_weighted_mean,6,synthetic
2025-05-26,MDA,19.082,14.482,24.182,28.231,61.4,3.565,country_area_weighted_mean,6,synthetic
2025-05-26,RUS,12.598,7.998,17.698,25.537,65.86,3.511,country_area_weighted_mean,6,synthetic
2025-05-26,TUR,20.48,15.88,25.58,15.736,59.76,3.315,country_area_weighted_mean,6,synthetic
2025-05-26,GEO,18.127,13.527,23.227,27.343,60.34,3.547,country_area_weighted_mean,6,synthetic
2025-05-26,ISR,21.77,17.17,26.87,15.386,51.37,3.308,country_area_weighted_mean,6,synthetic
2025-05-26,EGY,24.054,19.454,29.154,17.803,55.43,3.356,country_area_weighted_mean,6,synthetic
2025-05-26,TUN,19.441,14.841,24.541,17.899,57.61,3.358,country_area_weighted_mean,6,synthetic
2025-05-26,MAR,20.852,16.252,25.952,20.481,60.24,3.41,country_area_weighted_mean,6,synthetic
2025-06-02,FRA,17.212,12.612,22.312,25.877,63.36,3.518,country_area_weighted_mean,6,synthetic
2025-06-02,DEU,18.304,13.704,23.404,29.463,58.45,3.589,country_area_weighted_mean,6,synthetic
2025-06-02,NLD,16.006,11.406,21.106,25.929,61.24,3.519,country_area_weighted_mean,6,synthetic
2025-06-02,BEL,16.447,11.847,21.547,22.675,54.38,3.453,country_area_weighted_mean,6,synthetic
2025-06-02,ITA,20.202,15.602,25.302,41.597,60.63,3.832,country_area_weighted_mean,6,synthetic
2025-06-02,ESP,19.031,14.431,24.131,20.706,60.76,3.414,country_area_weighted_mean,6,synthetic
2025-06-02,POL,16.723,12.123,21.823,32.481,60.86,3.65,country_area_weighted_mean,6,synthetic
2025-06-02,HUN,15.889,11.289,20.989,25.332,62.09,3.507,country_area_weighted_mean,6,synthetic
2025-06-02,ROU,17.722,13.122,22.822,38.117,62.11,3.762,country_area_weighted_mean,6,synthetic
2025-06-02,BGR,21.463,16.863,26.563,30.758,63.05,3.615,country_area_weighted_mean,6,synthetic
2025-06-02,SRB,18.455,13.855,23.555,19.954,59.44,3.399,country_area_weighted_mean,6,synthetic
2025-06-02,UKR,17.666,13.066,22.766,25.527,62.65,3.511,country_area_weighted_mean,6,synthetic
2025-06-02,MDA,20.237,15.637,25.337,21.164,60.79,3.423,country_area_weighted_mean,6,synthetic
2025-06-02,RUS,13.812,9.212,18.912,19.761,59.06,3.395,country_area_weighted_mean,6,synthetic
2025-06-02,TUR,21.454,16.854,26.554,17.959,60.89,3.359,country_area_weighted_mean,6,synthetic
2025-06-02,GEO,20.795,16.195,25.895,35.805,63.12,3.716,country_area_weighted_mean,6,synthetic
2025-06-02,ISR,22.57,17.97,27.67,18.676,52.45,3.374,country_area_weighted_mean,6,synthetic
2025-06-02,EGY,25.909,21.309,31.009,16.664,53.35,3.333,country_area_weighted_mean,6,synthetic
2025-06-02,TUN,21.636,17.036,26.736,30.299,59.11,3.606,country_area_weighted_mean,6,synthetic
2025-06-02,MAR,20.964,16.364,26.064,25.293,58.99,3.506,country_area_weighted_mean,6,synthetic
2025-06-09,FRA,20.724,16.124,25.824,27.847,55.83,3.557,country_area_weighted_mean,6,synthetic
2025-06-09,DEU,21.062,16.462,26.162,28.06,53.76,3.561,country_area_weighted_mean,6,synthetic
2025-06-09,NLD,18.015,13.415,23.115,17.276,53.13,3.346,country_area_weighted_mean,6,synthetic
2025-06-09,BEL,18.496,13.896,23.596,21.887,58.21,3.438,country_area_weighted_mean,6,synthetic
2025-06-09,ITA,21.015,16.415,26.115,38.7,61.37,3.774,country_area_weighted_mean,6,synthetic
2025-06-09,ESP,19.877,15.277,24.977,32.875,61.59,3.658,country_area_weighted_mean,6,synthetic
2025-06-09,POL,19.672,15.072,24.772,33.852,64.52,3.677,country_area_weighted_mean,6,synthetic
2025-06-09,HUN,17.995,13.395,23.095,32.945,58.5,3.659,country_area_weighted_mean,6,synthetic
2025-06-09,ROU,20.915,16.315,26.015,45.514,61.1,3.91,country_area_weighted_mean,6,synthetic
2025-06-09,BGR,20.321,15.721,25.421,35.957,63.75,3.719,country_area_weighted_mean,6,synthetic
2025-06-09,SRB,18.813,14.213,23.913,28.601,63.62,3.572,country_area_weighted_mean,6,synthetic
2025-06-09,UKR,20.366,15.766,25.466,17.407,59.81,3.348,country_area_weighted_mean,6,synthetic
2025-06-09,MDA,21.177,16.577,26.277,35.713,60.06,3.714,country_area_weighted_mean,6,synthetic
2025-06-09,RUS,15.082,10.482,20.182,22.947,57.49,3.459,country_area_weighted_mean,6,synthetic
2025-06-09,TUR,21.718,17.118,26.818,21.128,60.42,3.423,country_area_weighted_mean,6,synthetic
2025-06-09,GEO,20.973,16.373,26.073,34.25,59.82,3.685,country_area_weighted_mean,6,synthetic
2025-06-09,ISR,23.013,18.413,28.113,18.416,55.58,3.368,country_area_weighted_mean,6,synthetic
2025-06-09,EGY,26.13,21.53,31.23,19.486,51.63,3.39,country_area_weighted_mean,6,synthetic
2025-06-09,TUN,22.023,17.423,27.123,30.276,58.74,3.606,country_area_weighted_mean,6,synthetic
2025-06-09,MAR,21.358,16.758,26.458,26.631,59.51,3.533,country_area_weighted_mean,6,synthetic
2025-06-16,FRA,22.973,18.373,28.073,23.907,56.64,3.478,country_area_weighted_mean,6,synthetic
2025-06-16,DEU,22.21,17.61,27.31,31.868,52.99,3.637,country_area_weighted_mean,6,synthetic
2025-06-16,NLD,19.574,14.974,24.674,14.276,56.31,3.286,country_area_weighted_mean,6,synthetic
2025-06-16,BEL,19.901,15.301,25.001,15.134,57.55,3.303,country_area_weighted_mean,6,synthetic
2025-06-16,ITA,20.479,15.879,25.579,22.157,60.73,3.443,country_area_weighted_mean,6,synthetic
2025-06-16,ESP,22.47,17.87,27.57,43.714,65.2,3.874,country_area_weighted_mean,6,synthetic
2025-06-16,POL,22.687,18.087,27.787,58.114,66.26,4.162,country_area_weighted_mean,6,synthetic
2025-06-16,HUN,20.857,16.257,25.957,35.725,58.49,3.714,country_area_weighted_mean,6,synthetic
2025-06-16,ROU,20.356,15.756,25.456,22.61,55.19,3.452,country_area_weighted_mean,6,synthetic
2025-06-16,BGR,21.363,16.763,26.463,26.005,58.44,3.52,country_area_weighted_mean,6,synthetic
2025-06-16,SRB,18.864,14.264,23.964,24.984,61.68,3.5,country_area_weighted_mean,6,synthetic
2025-06-16,UKR,19.808,15.208,24.908,18.984,58.06,3.38,country_area_weighted_mean,6,synthetic
2025-06-16,MDA,20.199,15.599,25.299,23.646,59.11,3.473,country_area_weighted_mean,6,synthetic
2025-06-16,RUS,18.466,13.866,23.566,21.128,58.51,3.423,country_area_weighted_mean,6,synthetic
2025-06-16,TUR,22.935,18.335,28.035,20.338,53.49,3.407,country_area_weighted_mean,6,synthetic
2025-06-16,GEO,22.633,18.033,27.733,25.633,60.17,3.513,country_area_weighted_mean,6,synthetic
2025-06-16,ISR,24.995,20.395,30.095,16.107,54.91,3.322,country_area_weighted_mean,6,synthetic
2025-06-16,EGY,24.878,20.278,29.978,15.135,50.01,3.303,country_area_weighted_mean,6,synthetic
2025-06-16,TUN,22.577,17.977,27.677,29.11,61.49,3.582,country_area_weighted_mean,6,synthetic
2025-06-16,MAR,23.004,18.404,28.104,20.94,55.99,3.419,country_area_weighted_mean,6,synthetic
2025-06-23,FRA,21.718,17.118,26.818,22.442,53.69,3.449,country_area_weighted_mean,6,synthetic
2025-06-23,DEU,23.645,19.045,28.745,15.769,53.87,3.315,country_area_weighted_mean,6,synthetic
2025-06-23,NLD,17.752,13.152,22.852,17.625,57.27,3.353,country_area_weighted_mean,6,synthetic
2025-06-23,BEL,19.893,15.293,24.993,17.409,56.58,3.348,country_area_weighted_mean,6,synthetic
2025-06-23,ITA,21.691,17.091,26.791,22.593,57.91,3.452,country_area_weighted_mean,6,synthetic
2025-06-23,ESP,23.641,19.041,28.741,31.929,59.38,3.639,country_area_weighted_mean,6,synthetic
2025-06-23,POL,21.79,17.19,26.89,37.333,60.87,3.747,country_area_weighted_mean,6,synthetic
2025-06-23,HUN,21.774,17.174,26.874,33.263,55.37,3.665,country_area_weighted_mean,6,synthetic
2025-06-23,ROU,21.98,17.38,27.08,21.383,51.34,3.428,country_area_weighted_mean,6,synthetic
2025-06-23,BGR,21.926,17.326,27.026,34.274,58.0,3.685,country_area_weighted_mean,6,synthetic
2025-06-23,SRB,19.294,14.694,24.394,20.824,54.27,3.416,country_area_weighted_mean,6,synthetic
2025-06-23,UKR,22.0,17.4,27.1,11.729,53.25,3.235,country_area_weighted_mean,6,synthetic
2025-06-23,MDA,22.891,18.291,27.991,31.738,60.32,3.635,country_area_weighted_mean,6,synthetic
2025-06-23,RUS,20.585,15.985,25.685,29.788,62.2,3.596,country_area_weighted_mean,6,synthetic
2025-06-23,TUR,25.411,20.811,30.511,18.403,53.34,3.368,country_area_weighted_mean,6,synthetic
2025-06-23,GEO,22.867,18.267,27.967,22.774,60.8,3.455,country_area_weighted_mean,6,synthetic
2025-06-23,ISR,25.505,20.905,30.605,24.459,54.42,3.489,country_area_weighted_mean,6,synthetic
2025-06-23,EGY,22.983,18.383,28.083,10.09,48.16,3.202,country_area_weighted_mean,6,synthetic
2025-06-23,TUN,22.837,18.237,27.937,15.089,51.55,3.302,country_area_weighted_mean,6,synthetic
2025-06-23,MAR,22.678,18.078,27.778,18.625,52.22,3.372,country_area_weighted_mean,6,synthetic
2025-06-30,FRA,22.04,17.44,27.14,14.341,51.01,3.287,country_area_weighted_mean,6,synthetic
2025-06-30,DEU,24.668,20.068,29.768,17.673,54.93,3.353,country_area_weighted_mean,6,synthetic
2025-06-30,NLD,19.852,15.252,24.952,16.731,57.17,3.335,country_area_weighted_mean,6,synthetic
2025-06-30,BEL,21.704,17.104,26.804,13.481,55.78,3.27,country_area_weighted_mean,6,synthetic
2025-06-30,ITA,23.533,18.933,28.633,20.778,57.97,3.416,country_area_weighted_mean,6,synthetic
2025-06-30,ESP,23.975,19.375,29.075,17.74,55.19,3.355,country_area_weighted_mean,6,synthetic
2025-06-30,POL,21.162,16.562,26.262,24.615,55.84,3.492,country_area_weighted_mean,6,synthetic
2025-06-30,HUN,22.277,17.677,27.377,26.318,58.13,3.526,country_area_weighted_mean,6,synthetic
2025-06-30,ROU,22.38,17.78,27.48,14.16,51.04,3.283,country_area_weighted_mean,6,synthetic
2025-06-30,BGR,23.034,18.434,28.134,21.17,53.29,3.423,country_area_weighted_mean,6,synthetic
2025-06-30,SRB,20.365,15.765,25.465,29.724,56.18,3.594,country_area_weighted_mean,6,synthetic
2025-06-30,UKR,23.649,19.049,28.749,16.938,54.62,3.339,country_area_weighted_mean,6,synthetic
2025-06-30,MDA,22.773,18.173,27.873,29.478,58.98,3.59,country_area_weighted_mean,6,synthetic
2025-06-30,RUS,21.944,17.344,27.044,34.616,54.45,3.692,country_area_weighted_mean,6,synthetic
2025-06-30,TUR,26.912,22.312,32.012,14.973,55.26,3.299,country_area_weighted_mean,6,synthetic
2025-06-30,GEO,23.449,18.849,28.549,15.275,57.91,3.306,country_area_weighted_mean,6,synthetic
2025-06-30,ISR,27.19,22.59,32.29,16.143,53.95,3.323,country_area_weighted_mean,6,synthetic
2025-06-30,EGY,25.52,20.92,30.62,20.414,51.68,3.408,country_area_weighted_mean,6,synthetic
2025-06-30,TUN,25.579,20.979,30.679,15.422,53.1,3.308,country_area_weighted_mean,6,synthetic
2025-06-30,MAR,24.229,19.629,29.329,22.371,52.04,3.447,country_area_weighted_mean,6,synthetic
2025-07-07,FRA,25.577,20.977,30.677,14.156,51.2,3.283,country_area_weighted_mean,6,synthetic
2025-07-07,DEU,23.829,19.229,28.929,20.728,58.53,3.415,country_area_weighted_mean,6,synthetic
2025-07-07,NLD,22.676,18.076,27.776,13.661,55.39,3.273,country_area_weighted_mean,6,synthetic
2025-07-07,BEL,21.576,16.976,26.676,17.101,53.4,3.342,country_area_weighted_mean,6,synthetic
2025-07-07,ITA,24.867,20.267,29.967,15.133,60.29,3.303,country_area_weighted_mean,6,synthetic
2025-07-07,ESP,24.245,19.645,29.345,12.39,52.49,3.248,country_area_weighted_mean,6,synthetic
2025-07-07,POL,22.825,18.225,27.925,23.679,55.82,3.474,country_area_weighted_mean,6,synthetic
2025-07-07,HUN,24.151,19.551,29.251,16.701,56.04,3.334,country_area_weighted_mean,6,synthetic
2025-07-07,ROU,23.402,18.802,28.502,16.547,52.89,3.331,country_area_weighted_mean,6,synthetic
2025-07-07,BGR,23.534,18.934,28.634,16.376,52.51,3.328,country_area_weighted_mean,6,synthetic
2025-07-07,SRB,22.793,18.193,27.893,26.408,57.5,3.528,country_area_weighted_mean,6,synthetic
2025-07-07,UKR,24.236,19.636,29.336,17.653,55.44,3.353,country_area_weighted_mean,6,synthetic
2025-07-07,MDA,25.01,20.41,30.11,20.223,54.96,3.404,country_area_weighted_mean,6,synthetic
2025-07-07,RUS,23.176,18.576,28.276,30.593,50.92,3.612,country_area_weighted_mean,6,synthetic
2025-07-07,TUR,26.822,22.222,31.922,13.296,53.31,3.266,country_area_weighted_mean,6,synthetic
2025-07-07,GEO,23.625,19.025,28.725,30.622,60.03,3.612,country_area_weighted_mean,6,synthetic
2025-07-07,ISR,25.518,20.918,30.618,16.018,55.89,3.32,country_area_weighted_mean,6,synthetic
2025-07-07,EGY,26.275,21.675,31.375,22.04,53.81,3.441,country_area_weighted_mean,6,synthetic
2025-07-07,TUN,24.293,19.693,29.393,9.212,57.97,3.184,country_area_weighted_mean,6,synthetic
2025-07-07,MAR,26.001,21.401,31.101,15.703,53.66,3.314,country_area_weighted_mean,6,synthetic
2025-07-14,FRA,25.175,20.575,30.275,24.223,52.25,3.484,country_area_weighted_mean,6,synthetic
2025-07-14,DEU,24.271,19.671,29.371,13.852,54.44,3.277,country_area_weighted_mean,6,synthetic
2025-07-14,NLD,22.956,18.356,28.056,10.928,53.81,3.219,country_area_weighted_mean,6,synthetic
2025-07-14,BEL,23.599,18.999,28.699,18.542,55.31,3.371,country_area_weighted_mean,6,synthetic
2025-07-14,ITA,25.101,20.501,30.201,11.076,60.35,3.222,country_area_weighted_mean,6,synthetic
2025-07-14,ESP,24.211,19.611,29.311,8.95,53.28,3.179,country_area_weighted_mean,6,synthetic
2025-07-14,POL,23.343,18.743,28.443,17.705,50.16,3.354,country_area_weighted_mean,6,synthetic
2025-07-14,HUN,25.89,21.29,30.99,13.17,49.72,3.263,country_area_weighted_mean,6,synthetic
2025-07-14,ROU,23.253,18.653,28.353,13.069,49.55,3.261,country_area_weighted_mean,6,synthetic
2025-07-14,BGR,24.145,19.545,29.245,16.984,46.17,3.34,country_area_weighted_mean,6,synthetic
2025-07-14,SRB,23.594,18.994,28.694,15.164,56.83,3.303,country_area_weighted_mean,6,synthetic
2025-07-14,UKR,25.349,20.749,30.449,20.166,55.06,3.403,country_area_weighted_mean,6,synthetic
2025-07-14,MDA,23.122,18.522,28.222,14.416,58.44,3.288,country_area_weighted_mean,6,synthetic
2025-07-14,RUS,23.879,19.279,28.979,16.878,54.73,3.338,country_area_weighted_mean,6,synthetic
2025-07-14,TUR,27.847,23.247,32.947,14.593,52.8,3.292,country_area_weighted_mean,6,synthetic
2025-07-14,GEO,25.005,20.405,30.105,39.35,61.73,3.787,country_area_weighted_mean,6,synthetic
2025-07-14,ISR,25.941,21.341,31.041,12.937,54.71,3.259,country_area_weighted_mean,6,synthetic
2025-07-14,EGY,29.342,24.742,34.442,14.983,51.37,3.3,country_area_weighted_mean,6,synthetic
2025-07-14,TUN,26.669,22.069,31.769,8.51,52.73,3.17,country_area_weighted_mean,6,synthetic
2025-07-14,MAR,27.699,23.099,32.799,16.158,55.75,3.323,country_area_weighted_mean,6,synthetic
2025-07-21,FRA,27.167,22.567,32.267,26.246,51.62,3.525,country_area_weighted_mean,6,synthetic
2025-07-21,DEU,23.168,18.568,28.268,14.835,51.87,3.297,country_area_weighted_mean,6,synthetic
2025-07-21,NLD,23.905,19.305,29.005,19.086,56.37,3.382,country_area_weighted_mean,6,synthetic
2025-07-21,BEL,25.392,20.792,30.492,13.638,52.87,3.273,country_area_weighted_mean,6,synthetic
2025-07-21,ITA,25.55,20.95,30.65,8.791,53.34,3.176,country_area_weighted_mean,6,synthetic
2025-07-21,ESP,25.871,21.271,30.971,12.3,53.73,3.246,country_area_weighted_mean,6,synthetic
2025-07-21,POL,21.998,17.398,27.098,14.906,56.57,3.298,country_area_weighted_mean,6,synthetic
2025-07-21,HUN,24.508,19.908,29.608,14.028,51.16,3.281,country_area_weighted_mean,6,synthetic
2025-07-21,ROU,24.375,19.775,29.475,18.656,53.27,3.373,country_area_weighted_mean,6,synthetic
2025-07-21,BGR,26.147,21.547,31.247,17.284,50.5,3.346,country_area_weighted_mean,6,synthetic
2025-07-21,SRB,20.367,15.767,25.467,9.806,52.48,3.196,country_area_weighted_mean,6,synthetic
2025-07-21,UKR,25.591,20.991,30.691,18.106,51.53,3.362,country_area_weighted_mean,6,synthetic
2025-07-21,MDA,24.003,19.403,29.103,14.754,52.87,3.295,country_area_weighted_mean,6,synthetic
2025-07-21,RUS,23.303,18.703,28.403,14.503,53.95,3.29,country_area_weighted_mean,6,synthetic
2025-07-21,TUR,27.865,23.265,32.965,21.492,56.05,3.43,country_area_weighted_mean,6,synthetic
2025-07-21,GEO,25.957,21.357,31.057,26.414,57.39,3.528,country_area_weighted_mean,6,synthetic
2025-07-21,ISR,25.784,21.184,30.884,11.346,54.78,3.227,country_area_weighted_mean,6,synthetic
2025-07-21,EGY,28.254,23.654,33.354,17.358,55.31,3.347,country_area_weighted_mean,6,synthetic
2025-07-21,TUN,28.658,24.058,33.758,14.349,50.76,3.287,country_area_weighted_mean,6,synthetic
2025-07-21,MAR,26.977,22.377,32.077,11.829,57.38,3.237,country_area_weighted_mean,6,synthetic
2025-07-28,FRA,26.004,21.404,31.104,21.159,54.68,3.423,country_area_weighted_mean,6,synthetic
2025-07-28,DEU,22.62,18.02,27.72,14.164,58.8,3.283,country_area_weighted_mean,6,synthetic
2025-07-28,NLD,22.883,18.283,27.983,16.991,54.17,3.34,country_area_weighted_mean,6,synthetic
2025-07-28,BEL,24.235,19.635,29.335,16.545,57.46,3.331,country_area_weighted_mean,6,synthetic
2025-07-28,ITA,27.091,22.491,32.191,13.437,52.68,3.269,country_area_weighted_mean,6,synthetic
2025-07-28,ESP,27.25,22.65,32.35,14.541,57.03,3.291,country_area_weighted_mean,6,synthetic
2025-07-28,POL,23.528,18.928,28.628,15.292,54.26,3.306,country_area_weighted_mean,6,synthetic
2025-07-28,HUN,23.697,19.097,28.797,9.957,54.77,3.199,country_area_weighted_mean,6,synthetic
2025-07-28,ROU,25.442,20.842,30.542,11.047,50.48,3.221,country_area_weighted_mean,6,synthetic
2025-07-28,BGR,26.032,21.432,31.132,18.626,51.57,3.373,country_area_weighted_mean,6,synthetic
2025-07-28,SRB,22.263,17.663,27.363,18.595,52.59,3.372,country_area_weighted_mean,6,synthetic
2025-07-28,UKR,26.915,22.315,32.015,16.613,56.31,3.332,country_area_weighted_mean,6,synthetic
2025-07-28,MDA,23.572,18.972,28.672,15.581,53.51,3.312,country_area_weighted_mean,6,synthetic
2025-07-28,RUS,24.567,19.967,29.667,19.122,53.01,3.382,country_area_weighted_mean,6,synthetic
2025-07-28,TUR,26.908,22.308,32.008,22.161,57.07,3.443,country_area_weighted_mean,6,synthetic
2025-07-28,GEO,26.084,21.484,31.184,21.445,55.3,3.429,country_area_weighted_mean,6,synthetic
2025-07-28,ISR,26.525,21.925,31.625,10.457,55.67,3.209,country_area_weighted_mean,6,synthetic
2025-07-28,EGY,28.687,24.087,33.787,12.188,52.51,3.244,country_area_weighted_mean,6,synthetic
2025-07-28,TUN,29.621,25.021,34.721,15.334,49.32,3.307,country_area_weighted_mean,6,synthetic
2025-07-28,MAR,28.119,23.519,33.219,10.736,53.87,3.215,country_area_weighted_mean,6,synthetic
2025-08-04,FRA,24.638,20.038,29.738,29.392,56.82,3.588,country_area_weighted_mean,6,synthetic
2025-08-04,DEU,23.182,18.582,28.282,16.541,60.97,3.331,country_area_weighted_mean,6,synthetic
2025-08-04,NLD,24.152,19.552,29.252,17.48,50.53,3.35,country_area_weighted_mean,6,synthetic
2025-08-04,BEL,25.092,20.492,30.192,15.588,53.7,3.312,country_area_weighted_mean,6,synthetic
2025-08-04,ITA,27.496,22.896,32.596,11.911,47.6,3.238,country_area_weighted_mean,6,synthetic
2025-08-04,ESP,28.27,23.67,33.37,15.361,59.2,3.307,country_area_weighted_mean,6,synthetic
2025-08-04,POL,23.167,18.567,28.267,23.82,54.33,3.476,country_area_weighted_mean,6,synthetic
2025-08-04,HUN,25.364,20.764,30.464,18.118,56.77,3.362,country_area_weighted_mean,6,synthetic
2025-08-04,ROU,24.71,20.11,29.81,10.041,52.63,3.201,country_area_weighted_mean,6,synthetic
2025-08-04,BGR,26.257,21.657,31.357,15.832,52.38,3.317,country_area_weighted_mean,6,synthetic
2025-08-04,SRB,22.631,18.031,27.731,13.846,55.73,3.277,country_area_weighted_mean,6,synthetic
2025-08-04,UKR,27.072,22.472,32.172,9.952,56.48,3.199,country_area_weighted_mean,6,synthetic
2025-08-04,MDA,22.258,17.658,27.358,14.366,53.97,3.287,country_area_weighted_mean,6,synthetic
2025-08-04,RUS,24.555,19.955,29.655,12.344,49.17,3.247,country_area_weighted_mean,6,synthetic
2025-08-04,TUR,24.675,20.075,29.775,22.366,58.52,3.447,country_area_weighted_mean,6,synthetic
2025-08-04,GEO,28.136,23.536,33.236,27.818,56.44,3.556,country_area_weighted_mean,6,synthetic
2025-08-04,ISR,25.953,21.353,31.053,16.668,59.22,3.333,country_area_weighted_mean,6,synthetic
2025-08-04,EGY,27.885,23.285,32.985,7.736,52.44,3.155,country_area_weighted_mean,6,synthetic
2025-08-04,TUN,28.406,23.806,33.506,19.29,51.5,3.386,country_area_weighted_mean,6,synthetic
2025-08-04,MAR,27.886,23.286,32.986,8.908,52.12,3.178,country_area_weighted_mean,6,synthetic
2025-08-11,FRA,24.066,19.466,29.166,41.717,59.44,3.834,country_area_weighted_mean,6,synthetic
2025-08-11,DEU,23.432,18.832,28.532,20.238,61.48,3.405,country_area_weighted_mean,6,synthetic
2025-08-11,NLD,25.823,21.223,30.923,18.233,51.06,3.365,country_area_weighted_mean,6,synthetic
2025-08-11,BEL,23.777,19.177,28.877,23.294,57.41,3.466,country_area_weighted_mean,6,synthetic
2025-08-11,ITA,26.923,22.323,32.023,8.164,48.61,3.163,country_area_weighted_mean,6,synthetic
2025-08-11,ESP,28.405,23.805,33.505,17.885,52.57,3.358,country_area_weighted_mean,6,synthetic
2025-08-11,POL,23.536,18.936,28.636,19.605,51.92,3.392,country_area_weighted_mean,6,synthetic
2025-08-11,HUN,23.085,18.485,28.185,28.739,62.41,3.575,country_area_weighted_mean,6,synthetic
2025-08-11,ROU,24.178,19.578,29.278,12.23,52.83,3.245,country_area_weighted_mean,6,synthetic
2025-08-11,BGR,25.046,20.446,30.146,11.236,48.08,3.225,country_area_weighted_mean,6,synthetic
2025-08-11,SRB,22.842,18.242,27.942,14.916,53.41,3.298,country_area_weighted_mean,6,synthetic
2025-08-11,UKR,25.353,20.753,30.453,11.812,54.81,3.236,country_area_weighted_mean,6,synthetic
2025-08-11,MDA,25.05,20.45,30.15,15.401,54.38,3.308,country_area_weighted_mean,6,synthetic
2025-08-11,RUS,21.097,16.497,26.197,15.76,48.96,3.315,country_area_weighted_mean,6,synthetic
2025-08-11,TUR,23.458,18.858,28.558,11.019,57.56,3.22,country_area_weighted_mean,6,synthetic
2025-08-11,GEO,28.438,23.838,33.538,23.798,59.34,3.476,country_area_weighted_mean,6,synthetic
2025-08-11,ISR,27.862,23.262,32.962,16.608,54.5,3.332,country_area_weighted_mean,6,synthetic
2025-08-11,EGY,29.015,24.415,34.115,7.841,53.38,3.157,country_area_weighted_mean,6,synthetic
2025-08-11,TUN,28.193,23.593,33.293,17.173,50.54,3.343,country_area_weighted_mean,6,synthetic
2025-08-11,MAR,26.473,21.873,31.573,13.918,53.84,3.278,country_area_weighted_mean,6,synthetic
2025-08-18,FRA,22.4,17.8,27.5,18.549,53.7,3.371,country_area_weighted_mean,6,synthetic
2025-08-18,DEU,24.174,19.574,29.274,19.105,61.55,3.382,country_area_weighted_mean,6,synthetic
2025-08-18,NLD,24.923,20.323,30.023,19.052,53.16,3.381,country_area_weighted_mean,6,synthetic
2025-08-18,BEL,23.572,18.972,28.672,19.501,55.36,3.39,country_area_weighted_mean,6,synthetic
2025-08-18,ITA,27.121,22.521,32.221,9.729,49.19,3.195,country_area_weighted_mean,6,synthetic
2025-08-18,ESP,29.599,24.999,34.699,20.245,49.06,3.405,country_area_weighted_mean,6,synthetic
2025-08-18,POL,24.075,19.475,29.175,15.119,52.1,3.302,country_area_weighted_mean,6,synthetic
2025-08-18,HUN,24.577,19.977,29.677,28.904,59.14,3.578,country_area_weighted_mean,6,synthetic
2025-08-18,ROU,21.94,17.34,27.04,11.793,47.46,3.236,country_area_weighted_mean,6,synthetic
2025-08-18,BGR,24.953,20.353,30.053,19.903,51.66,3.398,country_area_weighted_mean,6,synthetic
2025-08-18,SRB,22.879,18.279,27.979,16.453,56.34,3.329,country_area_weighted_mean,6,synthetic
2025-08-18,UKR,23.54,18.94,28.64,22.418,55.93,3.448,country_area_weighted_mean,6,synthetic
2025-08-18,MDA,25.485,20.885,30.585,14.236,52.5,3.285,country_area_weighted_mean,6,synthetic
2025-08-18,RUS,19.717,15.117,24.817,14.997,48.8,3.3,country_area_weighted_mean,6,synthetic
2025-08-18,TUR,23.069,18.469,28.169,11.972,57.14,3.239,country_area_weighted_mean,6,synthetic
2025-08-18,GEO,25.644,21.044,30.744,15.74,53.46,3.315,country_area_weighted_mean,6,synthetic
2025-08-18,ISR,29.261,24.661,34.361,16.686,51.52,3.334,country_area_weighted_mean,6,synthetic
2025-08-18,EGY,27.008,22.408,32.108,5.586,51.48,3.112,country_area_weighted_mean,6,synthetic
2025-08-18,TUN,25.863,21.263,30.963,10.787,48.48,3.216,country_area_weighted_mean,6,synthetic
2025-08-18,MAR,24.835,20.235,29.935,13.692,56.97,3.274,country_area_weighted_mean,6,synthetic
2025-08-25,FRA,22.732,18.132,27.832,19.184,58.09,3.384,country_area_weighted_mean,6,synthetic
2025-08-25,DEU,21.768,17.168,26.868,21.255,60.67,3.425,country_area_weighted_mean,6,synthetic
2025-08-25,NLD,24.273,19.673,29.373,13.374,51.7,3.267,country_area_weighted_mean,6,synthetic
2025-08-25,BEL,21.435,16.835,26.535,12.764,58.04,3.255,country_area_weighted_mean,6,synthetic
2025-08-25,ITA,26.721,22.121,31.821,13.58,47.74,3.272,country_area_weighted_mean,6,synthetic
2025-08-25,ESP,29.722,25.122,34.822,21.057,51.14,3.421,country_area_weighted_mean,6,synthetic
2025-08-25,POL,21.139,16.539,26.239,19.207,55.2,3.384,country_area_weighted_mean,6,synthetic
2025-08-25,HUN,23.221,18.621,28.321,23.613,58.05,3.472,country_area_weighted_mean,6,synthetic
2025-08-25,ROU,19.052,14.452,24.152,10.483,52.69,3.21,country_area_weighted_mean,6,synthetic
2025-08-25,BGR,23.337,18.737,28.437,17.057,55.45,3.341,country_area_weighted_mean,6,synthetic
2025-08-25,SRB,24.666,20.066,29.766,19.003,55.41,3.38,country_area_weighted_mean,6,synthetic
2025-08-25,UKR,21.263,16.663,26.363,18.237,57.62,3.365,country_area_weighted_mean,6,synthetic
2025-08-25,MDA,24.903,20.303,30.003,14.169,51.48,3.283,country_area_weighted_mean,6,synthetic
2025-08-25,RUS,18.42,13.82,23.52,22.62,50.71,3.452,country_area_weighted_mean,6,synthetic
2025-08-25,TUR,24.275,19.675,29.375,13.776,51.54,3.276,country_area_weighted_mean,6,synthetic
2025-08-25,GEO,24.152,19.552,29.252,15.955,55.99,3.319,country_area_weighted_mean,6,synthetic
2025-08-25,ISR,27.53,22.93,32.63,13.386,49.26,3.268,country_area_weighted_mean,6,synthetic
2025-08-25,EGY,27.345,22.745,32.445,5.625,55.35,3.113,country_area_weighted_mean,6,synthetic
2025-08-25,TUN,24.493,19.893,29.593,24.492,52.87,3.49,country_area_weighted_mean,6,synthetic
2025-08-25,MAR,24.094,19.494,29.194,13.61,56.35,3.272,country_area_weighted_mean,6,synthetic
2025-09-01,FRA,21.527,16.927,26.627,27.169,57.34,3.543,country_area_weighted_mean,6,synthetic
2025-09-01,DEU,21.991,17.391,27.091,14.406,56.4,3.288,country_area_weighted_mean,6,synthetic
2025-09-01,NLD,22.21,17.61,27.31,13.56,53.27,3.271,country_area_weighted_mean,6,synthetic
2025-09-01,BEL,20.317,15.717,25.417,16.681,58.04,3.334,country_area_weighted_mean,6,synthetic
2025-09-01,ITA,25.384,20.784,30.484,17.625,53.26,3.353,country_area_weighted_mean,6,synthetic
2025-09-01,ESP,26.858,22.258,31.958,14.528,50.49,3.291,country_area_weighted_mean,6,synthetic
2025-09-01,POL,21.779,17.179,26.879,14.713,52.98,3.294,country_area_weighted_mean,6,synthetic
2025-09-01,HUN,21.515,16.915,26.615,14.636,54.89,3.293,country_area_weighted_mean,6,synthetic
2025-09-01,ROU,19.562,14.962,24.662,13.31,56.18,3.266,country_area_weighted_mean,6,synthetic
2025-09-01,BGR,22.079,17.479,27.179,16.021,57.42,3.32,country_area_weighted_mean,6,synthetic
2025-09-01,SRB,22.832,18.232,27.932,21.195,57.25,3.424,country_area_weighted_mean,6,synthetic
2025-09-01,UKR,20.689,16.089,25.789,13.07,57.55,3.261,country_area_weighted_mean,6,synthetic
2025-09-01,MDA,23.845,19.245,28.945,8.553,50.48,3.171,country_area_weighted_mean,6,synthetic
2025-09-01,RUS,16.782,12.182,21.882,17.215,53.94,3.344,country_area_weighted_mean,6,synthetic
2025-09-01,TUR,23.632,19.032,28.732,13.259,52.75,3.265,country_area_weighted_mean,6,synthetic
2025-09-01,GEO,22.819,18.219,27.919,20.919,56.34,3.418,country_area_weighted_mean,6,synthetic
2025-09-01,ISR,26.917,22.317,32.017,13.235,50.92,3.265,country_area_weighted_mean,6,synthetic
2025-09-01,EGY,26.026,21.426,31.126,13.216,55.44,3.264,country_area_weighted_mean,6,synthetic
2025-09-01,TUN,24.327,19.727,29.427,19.828,53.07,3.397,country_area_weighted_mean,6,synthetic
2025-09-01,MAR,25.327,20.727,30.427,14.444,56.12,3.289,country_area_weighted_mean,6,synthetic
2025-09-08,FRA,20.55,15.95,25.65,21.099,55.4,3.422,country_area_weighted_mean,6,synthetic
2025-09-08,DEU,19.954,15.354,25.054,9.286,52.63,3.186,country_area_weighted_mean,6,synthetic
2025-09-08,NLD,19.382,14.782,24.482,14.19,57.16,3.284,country_area_weighted_mean,6,synthetic
2025-09-08,BEL,17.377,12.777,22.477,17.41,63.78,3.348,country_area_weighted_mean,6,synthetic
2025-09-08,ITA,26.715,22.115,31.815,9.289,50.7,3.186,country_area_weighted_mean,6,synthetic
2025-09-08,ESP,24.76,20.16,29.86,12.828,49.94,3.257,country_area_weighted_mean,6,synthetic
2025-09-08,POL,22.984,18.384,28.084,17.592,53.37,3.352,country_area_weighted_mean,6,synthetic
2025-09-08,HUN,20.42,15.82,25.52,14.336,54.12,3.287,country_area_weighted_mean,6,synthetic
2025-09-08,ROU,19.346,14.746,24.446,10.629,55.35,3.213,country_area_weighted_mean,6,synthetic
2025-09-08,BGR,20.595,15.995,25.695,21.008,54.78,3.42,country_area_weighted_mean,6,synthetic
2025-09-08,SRB,23.658,19.058,28.758,26.391,58.31,3.528,country_area_weighted_mean,6,synthetic
2025-09-08,UKR,21.689,17.089,26.789,12.206,58.37,3.244,country_area_weighted_mean,6,synthetic
2025-09-08,MDA,22.328,17.728,27.428,8.268,60.65,3.165,country_area_weighted_mean,6,synthetic
2025-09-08,RUS,16.434,11.834,21.534,15.793,51.01,3.316,country_area_weighted_mean,6,synthetic
2025-09-08,TUR,23.251,18.651,28.351,13.025,49.61,3.26,country_area_weighted_mean,6,synthetic
2025-09-08,GEO,21.205,16.605,26.305,21.379,59.57,3.428,country_area_weighted_mean,6,synthetic
2025-09-08,ISR,24.258,19.658,29.358,18.345,52.75,3.367,country_area_weighted_mean,6,synthetic
2025-09-08,EGY,25.863,21.263,30.963,16.147,57.13,3.323,country_area_weighted_mean,6,synthetic
2025-09-08,TUN,24.645,20.045,29.745,13.816,56.21,3.276,country_area_weighted_mean,6,synthetic
2025-09-08,MAR,24.082,19.482,29.182,11.15,54.62,3.223,country_area_weighted_mean,6,synthetic
2025-09-15,FRA,17.975,13.375,23.075,23.583,56.59,3.472,country_area_weighted_mean,6,synthetic
2025-09-15,DEU,18.053,13.453,23.153,14.404,52.77,3.288,country_area_weighted_mean,6,synthetic
2025-09-15,NLD,18.165,13.565,23.265,14.012,52.45,3.28,country_area_weighted_mean,6,synthetic
2025-09-15,BEL,17.056,12.456,22.156,23.994,64.27,3.48,country_area_weighted_mean,6,synthetic
2025-09-15,ITA,25.711,21.111,30.811,9.18,55.05,3.184,country_area_weighted_mean,6,synthetic
2025-09-15,ESP,22.24,17.64,27.34,12.457,54.17,3.249,country_area_weighted_mean,6,synthetic
2025-09-15,POL,21.584,16.984,26.684,25.874,58.59,3.517,country_area_weighted_mean,6,synthetic
2025-09-15,HUN,18.458,13.858,23.558,17.579,63.09,3.352,country_area_weighted_mean,6,synthetic
2025-09-15,ROU,17.994,13.394,23.094,17.122,59.99,3.342,country_area_weighted_mean,6,synthetic
2025-09-15,BGR,21.286,16.686,26.386,19.608,54.78,3.392,country_area_weighted_mean,6,synthetic
2025-09-15,SRB,20.682,16.082,25.782,24.019,59.7,3.48,country_area_weighted_mean,6,synthetic
2025-09-15,UKR,19.113,14.513,24.213,15.449,57.13,3.309,country_area_weighted_mean,6,synthetic
2025-09-15,MDA,19.57,14.97,24.67,14.464,55.88,3.289,country_area_weighted_mean,6,synthetic
2025-09-15,RUS,15.198,10.598,20.298,20.288,54.34,3.406,country_area_weighted_mean,6,synthetic
2025-09-15,TUR,24.441,19.841,29.541,13.464,49.38,3.269,country_area_weighted_mean,6,synthetic
2025-09-15,GEO,20.041,15.441,25.141,13.958,62.32,3.279,country_area_weighted_mean,6,synthetic
2025-09-15,ISR,22.603,18.003,27.703,19.903,51.05,3.398,country_area_weighted_mean,6,synthetic
2025-09-15,EGY,24.835,20.235,29.935,8.531,52.87,3.171,country_area_weighted_mean,6,synthetic
2025-09-15,TUN,22.109,17.509,27.209,15.711,61.44,3.314,country_area_weighted_mean,6,synthetic
2025-09-15,MAR,22.669,18.069,27.769,16.758,56.49,3.335,country_area_weighted_mean,6,synthetic
2025-09-22,FRA,18.39,13.79,23.49,27.139,61.86,3.543,country_area_weighted_mean,6,synthetic
2025-09-22,DEU,16.239,11.639,21.339,11.657,51.77,3.233,country_area_weighted_mean,6,synthetic
2025-09-22,NLD,16.352,11.752,21.452,16.341,55.99,3.327,country_area_weighted_mean,6,synthetic
2025-09-22,BEL,15.905,11.305,21.005,26.494,65.78,3.53,country_area_weighted_mean,6,synthetic
2025-09-22,ITA,24.437,19.837,29.537,13.099,54.88,3.262,country_area_weighted_mean,6,synthetic
2025-09-22,ESP,20.236,15.636,25.336,13.694,55.89,3.274,country_area_weighted_mean,6,synthetic
2025-09-22,POL,16.676,12.076,21.776,20.707,61.52,3.414,country_area_weighted_mean,6,synthetic
2025-09-22,HUN,17.67,13.07,22.77,26.391,62.35,3.528,country_area_weighted_mean,6,synthetic
2025-09-22,ROU,15.076,10.476,20.176,19.724,64.43,3.394,country_area_weighted_mean,6,synthetic
2025-09-22,BGR,21.107,16.507,26.207,21.118,59.31,3.422,country_area_weighted_mean,6,synthetic
2025-09-22,SRB,18.555,13.955,23.655,17.762,55.09,3.355,country_area_weighted_mean,6,synthetic
2025-09-22,UKR,18.102,13.502,23.202,17.795,57.75,3.356,country_area_weighted_mean,6,synthetic
2025-09-22,MDA,17.5,12.9,22.6,18.17,54.74,3.363,country_area_weighted_mean,6,synthetic
2025-09-22,RUS,14.884,10.284,19.984,18.096,51.59,3.362,country_area_weighted_mean,6,synthetic
2025-09-22,TUR,21.605,17.005,26.705,9.128,47.15,3.183,country_area_weighted_mean,6,synthetic
2025-09-22,GEO,19.258,14.658,24.358,15.312,60.06,3.306,country_area_weighted_mean,6,synthetic
2025-09-22,ISR,22.231,17.631,27.331,15.747,49.21,3.315,country_area_weighted_mean,6,synthetic
2025-09-22,EGY,23.16,18.56,28.26,11.329,48.52,3.227,country_area_weighted_mean,6,synthetic
2025-09-22,TUN,19.764,15.164,24.864,17.986,54.48,3.36,country_area_weighted_mean,6,synthetic
2025-09-22,MAR,21.323,16.723,26.423,12.189,56.02,3.244,country_area_weighted_mean,6,synthetic
2025-09-29,FRA,15.98,11.38,21.08,15.67,59.42,3.313,country_area_weighted_mean,6,synthetic
2025-09-29,DEU,16.352,11.752,21.452,15.774,53.97,3.315,country_area_weighted_mean,6,synthetic
2025-09-29,NLD,13.841,9.241,18.941,17.047,61.26,3.341,country_area_weighted_mean,6,synthetic
2025-09-29,BEL,15.827,11.227,20.927,19.668,59.1,3.393,country_area_weighted_mean,6,synthetic
2025-09-29,ITA,20.954,16.354,26.054,16.206,58.17,3.324,country_area_weighted_mean,6,synthetic
2025-09-29,ESP,17.36,12.76,22.46,14.059,57.75,3.281,country_area_weighted_mean,6,synthetic
2025-09-29,POL,15.917,11.317,21.017,25.075,58.16,3.502,country_area_weighted_mean,6,synthetic
2025-09-29,HUN,16.724,12.124,21.824,13.414,64.08,3.268,country_area_weighted_mean,6,synthetic
2025-09-29,ROU,16.097,11.497,21.197,16.373,62.99,3.327,country_area_weighted_mean,6,synthetic
2025-09-29,BGR,18.343,13.743,23.443,14.698,60.39,3.294,country_area_weighted_mean,6,synthetic
2025-09-29,SRB,15.623,11.023,20.723,11.722,56.57,3.234,country_area_weighted_mean,6,synthetic
2025-09-29,UKR,16.165,11.565,21.265,18.644,62.43,3.373,country_area_weighted_mean,6,synthetic
2025-09-29,MDA,17.29,12.69,22.39,27.982,60.46,3.56,country_area_weighted_mean,6,synthetic
2025-09-29,RUS,14.327,9.727,19.427,13.506,53.58,3.27,country_area_weighted_mean,6,synthetic
2025-09-29,TUR,20.272,15.672,25.372,11.962,55.0,3.239,country_area_weighted_mean,6,synthetic
2025-09-29,GEO,17.461,12.861,22.561,12.792,58.15,3.256,country_area_weighted_mean,6,synthetic
2025-09-29,ISR,20.326,15.726,25.426,16.978,56.44,3.34,country_area_weighted_mean,6,synthetic
2025-09-29,EGY,22.967,18.367,28.067,10.209,51.72,3.204,country_area_weighted_mean,6,synthetic
2025-09-29,TUN,17.901,13.301,23.001,18.685,55.16,3.374,country_area_weighted_mean,6,synthetic
2025-09-29,MAR,19.294,14.694,24.394,10.345,57.0,3.207,country_area_weighted_mean,6,synthetic
2025-10-06,FRA,13.797,9.197,18.897,12.979,59.58,3.26,country_area_weighted_mean,6,synthetic
2025-10-06,DEU,12.934,8.334,18.034,20.511,59.48,3.41,country_area_weighted_mean,6,synthetic
2025-10-06,NLD,11.646,7.046,16.746,14.526,59.82,3.291,country_area_weighted_mean,6,synthetic
2025-10-06,BEL,13.905,9.305,19.005,14.403,59.56,3.288,country_area_weighted_mean,6,synthetic
2025-10-06,ITA,19.952,15.352,25.052,12.161,55.47,3.243,country_area_weighted_mean,6,synthetic
2025-10-06,ESP,14.761,10.161,19.861,20.806,58.67,3.416,country_area_weighted_mean,6,synthetic
2025-10-06,POL,13.719,9.119,18.819,33.933,61.61,3.679,country_area_weighted_mean,6,synthetic
2025-10-06,HUN,15.07,10.47,20.17,21.89,63.25,3.438,country_area_weighted_mean,6,synthetic
2025-10-06,ROU,14.421,9.821,19.521,9.192,59.1,3.184,country_area_weighted_mean,6,synthetic
2025-10-06,BGR,18.266,13.666,23.366,12.05,60.77,3.241,country_area_weighted_mean,6,synthetic
2025-10-06,SRB,15.039,10.439,20.139,31.447,60.78,3.629,country_area_weighted_mean,6,synthetic
2025-10-06,UKR,14.053,9.453,19.153,22.043,63.65,3.441,country_area_weighted_mean,6,synthetic
2025-10-06,MDA,15.452,10.852,20.552,25.837,60.94,3.517,country_area_weighted_mean,6,synthetic
2025-10-06,RUS,13.725,9.125,18.825,17.22,55.32,3.344,country_area_weighted_mean,6,synthetic
2025-10-06,TUR,19.487,14.887,24.587,9.615,56.34,3.192,country_area_weighted_mean,6,synthetic
2025-10-06,GEO,17.424,12.824,22.524,10.138,57.09,3.203,country_area_weighted_mean,6,synthetic
2025-10-06,ISR,20.348,15.748,25.448,10.684,57.89,3.214,country_area_weighted_mean,6,synthetic
2025-10-06,EGY,22.268,17.668,27.368,11.684,55.44,3.234,country_area_weighted_mean,6,synthetic
2025-10-06,TUN,16.23,11.63,21.33,30.116,65.32,3.602,country_area_weighted_mean,6,synthetic
2025-10-06,MAR,17.206,12.606,22.306,12.45,56.24,3.249,country_area_weighted_mean,6,synthetic
2025-10-13,FRA,9.439,4.839,14.539,26.596,60.96,3.532,country_area_weighted_mean,6,synthetic
2025-10-13,DEU,13.685,9.085,18.785,24.18,62.81,3.484,country_area_weighted_mean,6,synthetic
2025-10-13,NLD,9.154,4.554,14.254,16.182,63.31,3.324,country_area_weighted_mean,6,synthetic
2025-10-13,BEL,11.317,6.717,16.417,27.27,62.3,3.545,country_area_weighted_mean,6,synthetic
2025-10-13,ITA,16.449,11.849,21.549,23.39,64.4,3.468,country_area_weighted_mean,6,synthetic
2025-10-13,ESP,14.249,9.649,19.349,13.829,60.68,3.277,country_area_weighted_mean,6,synthetic
2025-10-13,POL,12.075,7.475,17.175,20.563,55.62,3.411,country_area_weighted_mean,6,synthetic
2025-10-13,HUN,11.106,6.506,16.206,27.649,64.27,3.553,country_area_weighted_mean,6,synthetic
2025-10-13,ROU,13.378,8.778,18.478,17.006,57.93,3.34,country_area_weighted_mean,6,synthetic
2025-10-13,BGR,14.311,9.711,19.411,25.823,66.85,3.516,country_area_weighted_mean,6,synthetic
2025-10-13,SRB,13.524,8.924,18.624,29.035,63.22,3.581,country_area_weighted_mean,6,synthetic
2025-10-13,UKR,12.583,7.983,17.683,14.229,64.45,3.285,country_area_weighted_mean,6,synthetic
2025-10-13,MDA,14.905,10.305,20.005,24.855,61.38,3.497,country_area_weighted_mean,6,synthetic
2025-10-13,RUS,11.366,6.766,16.466,24.591,60.06,3.492,country_area_weighted_mean,6,synthetic
2025-10-13,TUR,16.215,11.615,21.315,12.231,55.36,3.245,country_area_weighted_mean,6,synthetic
2025-10-13,GEO,15.12,10.52,20.22,15.513,62.11,3.31,country_area_weighted_mean,6,synthetic
2025-10-13,ISR,18.398,13.798,23.498,16.555,62.5,3.331,country_area_weighted_mean,6,synthetic
2025-10-13,EGY,19.701,15.101,24.801,16.255,55.94,3.325,country_area_weighted_mean,6,synthetic
2025-10-13,TUN,15.875,11.275,20.975,19.384,61.58,3.388,country_area_weighted_mean,6,synthetic
2025-10-13,MAR,18.591,13.991,23.691,18.359,57.15,3.367,country_area_weighted_mean,6,synthetic
2025-10-20,FRA,8.087,3.487,13.187,22.121,65.39,3.442,country_area_weighted_mean,6,synthetic
2025-10-20,DEU,9.159,4.559,14.259,32.958,64.26,3.659,country_area_weighted_mean,6,synthetic
2025-10-20,NLD,8.764,4.164,13.864,31.281,67.83,3.626,country_area_weighted_mean,6,synthetic
2025-10-20,BEL,9.459,4.859,14.559,19.955,56.22,3.399,country_area_weighted_mean,6,synthetic
2025-10-20,ITA,14.933,10.333,20.033,17.443,57.32,3.349,country_area_weighted_mean,6,synthetic
2025-10-20,ESP,15.064,10.464,20.164,14.814,64.09,3.296,country_area_weighted_mean,6,synthetic
2025-10-20,POL,9.564,4.964,14.664,17.091,59.04,3.342,country_area_weighted_mean,6,synthetic
2025-10-20,HUN,10.343,5.743,15.443,29.56,66.59,3.591,country_area_weighted_mean,6,synthetic
2025-10-20,ROU,14.276,9.676,19.376,12.739,58.87,3.255,country_area_weighted_mean,6,synthetic
2025-10-20,BGR,13.68,9.08,18.78,18.329,58.11,3.367,country_area_weighted_mean,6,synthetic
2025-10-20,SRB,13.207,8.607,18.307,20.843,62.1,3.417,country_area_weighted_mean,6,synthetic
2025-10-20,UKR,8.186,3.586,13.286,19.325,66.89,3.387,country_area_weighted_mean,6,synthetic
2025-10-20,MDA,13.06,8.46,18.16,21.102,61.94,3.422,country_area_weighted_mean,6,synthetic
2025-10-20,RUS,7.903,3.303,13.003,21.568,58.94,3.431,country_area_weighted_mean,6,synthetic
2025-10-20,TUR,15.351,10.751,20.451,14.928,55.87,3.299,country_area_weighted_mean,6,synthetic
2025-10-20,GEO,13.079,8.479,18.179,19.514,60.94,3.39,country_area_weighted_mean,6,synthetic
2025-10-20,ISR,16.56,11.96,21.66,19.756,59.01,3.395,country_area_weighted_mean,6,synthetic
2025-10-20,EGY,18.63,14.03,23.73,12.718,56.41,3.254,country_area_weighted_mean,6,synthetic
2025-10-20,TUN,15.115,10.515,20.215,32.567,64.02,3.651,country_area_weighted_mean,6,synthetic
2025-10-20,MAR,16.67,12.07,21.77,20.59,58.59,3.412,country_area_weighted_mean,6,synthetic
2025-10-27,FRA,8.494,3.894,13.594,31.012,67.31,3.62,country_area_weighted_mean,6,synthetic
2025-10-27,DEU,4.611,0.011,9.711,72.91,79.45,4.458,country_area_weighted_mean,6,synthetic
2025-10-27,NLD,5.95,1.35,11.05,23.904,64.85,3.478,country_area_weighted_mean,6,synthetic
2025-10-27,BEL,7.135,2.535,12.235,11.998,52.88,3.24,country_area_weighted_mean,6,synthetic
2025-10-27,ITA,12.301,7.701,17.401,20.751,58.56,3.415,country_area_weighted_mean,6,synthetic
2025-10-27,ESP,12.415,7.815,17.515,26.771,64.9,3.535,country_area_weighted_mean,6,synthetic
2025-10-27,POL,4.876,0.276,9.976,14.714,62.49,3.294,country_area_weighted_mean,6,synthetic
2025-10-27,HUN,8.703,4.103,13.803,31.508,65.27,3.63,country_area_weighted_mean,6,synthetic
2025-10-27,ROU,10.556,5.956,15.656,15.953,60.57,3.319,country_area_weighted_mean,6,synthetic
2025-10-27,BGR,12.053,7.453,17.153,26.414,59.07,3.528,country_area_weighted_mean,6,synthetic
2025-10-27,SRB,11.527,6.927,16.627,21.753,60.59,3.435,country_area_weighted_mean,6,synthetic
2025-10-27,UKR,6.409,1.809,11.509,24.809,64.18,3.496,country_area_weighted_mean,6,synthetic
2025-10-27,MDA,9.796,5.196,14.896,52.753,71.29,4.055,country_area_weighted_mean,6,synthetic
2025-10-27,RUS,6.744,2.144,11.844,17.548,59.73,3.351,country_area_weighted_mean,6,synthetic
2025-10-27,TUR,13.959,9.359,19.059,24.236,61.44,3.485,country_area_weighted_mean,6,synthetic
2025-10-27,GEO,11.023,6.423,16.123,19.458,62.67,3.389,country_area_weighted_mean,6,synthetic
2025-10-27,ISR,15.439,10.839,20.539,21.896,58.08,3.438,country_area_weighted_mean,6,synthetic
2025-10-27,EGY,16.462,11.862,21.562,24.889,63.3,3.498,country_area_weighted_mean,6,synthetic
2025-10-27,TUN,14.157,9.557,19.257,23.545,60.9,3.471,country_area_weighted_mean,6,synthetic
2025-10-27,MAR,16.682,12.082,21.782,24.379,62.56,3.488,country_area_weighted_mean,6,synthetic
2025-11-03,FRA,8.668,4.068,13.768,34.18,66.73,3.684,country_area_weighted_mean,6,synthetic
2025-11-03,DEU,5.358,0.758,10.458,47.817,72.04,3.956,country_area_weighted_mean,6,synthetic
2025-11-03,NLD,2.627,-1.973,7.727,27.331,63.76,3.547,country_area_weighted_mean,6,synthetic
2025-11-03,BEL,4.81,0.21,9.91,28.489,59.79,3.57,country_area_weighted_mean,6,synthetic
2025-11-03,ITA,11.046,6.446,16.146,20.177,59.03,3.404,country_area_weighted_mean,6,synthetic
2025-11-03,ESP,10.679,6.079,15.779,22.239,65.12,3.445,country_area_weighted_mean,6,synthetic
2025-11-03,POL,4.103,-0.497,9.203,33.621,70.04,3.672,country_area_weighted_mean,6,synthetic
2025-11-03,HUN,5.048,0.448,10.148,25.492,64.33,3.51,country_area_weighted_mean,6,synthetic
2025-11-03,ROU,6.531,1.931,11.631,29.952,66.76,3.599,country_area_weighted_mean,6,synthetic
2025-11-03,BGR,8.274,3.674,13.374,26.0,61.44,3.52,country_area_weighted_mean,6,synthetic
2025-11-03,SRB,11.032,6.432,16.132,25.812,63.11,3.516,country_area_weighted_mean,6,synthetic
2025-11-03,UKR,5.958,1.358,11.058,47.196,64.87,3.944,country_area_weighted_mean,6,synthetic
2025-11-03,MDA,7.978,3.378,13.078,36.826,68.76,3.737,country_area_weighted_mean,6,synthetic
2025-11-03,RUS,3.891,-0.709,8.991,20.386,66.52,3.408,country_area_weighted_mean,6,synthetic
2025-11-03,TUR,10.212,5.612,15.312,41.495,74.47,3.83,country_area_weighted_mean,6,synthetic
2025-11-03,GEO,9.387,4.787,14.487,22.058,65.92,3.441,country_area_weighted_mean,6,synthetic
2025-11-03,ISR,13.478,8.878,18.578,15.872,54.59,3.317,country_area_weighted_mean,6,synthetic
2025-11-03,EGY,17.067,12.467,22.167,18.657,57.72,3.373,country_area_weighted_mean,6,synthetic
2025-11-03,TUN,13.824,9.224,18.924,26.89,65.83,3.538,country_area_weighted_mean,6,synthetic
2025-11-03,MAR,15.85,11.25,20.95,17.915,58.5,3.358,country_area_weighted_mean,6,synthetic
2025-11-10,FRA,6.191,1.591,11.291,25.029,60.8,3.501,country_area_weighted_mean,6,synthetic
2025-11-10,DEU,2.181,-2.419,7.281,32.618,70.17,3.652,country_area_weighted_mean,6,synthetic
2025-11-10,NLD,-1.137,-5.737,3.963,33.438,66.45,3.669,country_area_weighted_mean,6,synthetic
2025-11-10,BEL,1.053,-3.547,6.153,31.176,60.5,3.624,country_area_weighted_mean,6,synthetic
2025-11-10,ITA,8.045,3.445,13.145,13.089,60.06,3.262,country_area_weighted_mean,6,synthetic
2025-11-10,ESP,9.469,4.869,14.569,25.724,63.52,3.514,country_area_weighted_mean,6,synthetic
2025-11-10,POL,1.119,-3.481,6.219,28.915,66.19,3.578,country_area_weighted_mean,6,synthetic
2025-11-10,HUN,4.314,-0.286,9.414,18.917,62.41,3.378,country_area_weighted_mean,6,synthetic
2025-11-10,ROU,5.093,0.493,10.193,38.607,68.72,3.772,country_area_weighted_mean,6,synthetic
2025-11-10,BGR,8.28,3.68,13.38,28.38,64.73,3.568,country_area_weighted_mean,6,synthetic
2025-11-10,SRB,8.625,4.025,13.725,19.32,62.26,3.386,country_area_weighted_mean,6,synthetic
2025-11-10,UKR,2.873,-1.727,7.973,41.721,69.31,3.834,country_area_weighted_mean,6,synthetic
2025-11-10,MDA,6.143,1.543,11.243,26.947,64.07,3.539,country_area_weighted_mean,6,synthetic
2025-11-10,RUS,0.51,-4.09,5.61,27.72,68.07,3.554,country_area_weighted_mean,6,synthetic
2025-11-10,TUR,9.45,4.85,14.55,33.311,73.04,3.666,country_area_weighted_mean,6,synthetic
2025-11-10,GEO,8.207,3.607,13.307,25.532,63.59,3.511,country_area_weighted_mean,6,synthetic
2025-11-10,ISR,14.246,9.646,19.346,18.0,59.73,3.36,country_area_weighted_mean,6,synthetic
2025-11-10,EGY,15.713,11.113,20.813,25.117,62.5,3.502,country_area_weighted_mean,6,synthetic
2025-11-10,TUN,12.302,7.702,17.402,32.414,66.89,3.648,country_area_weighted_mean,6,synthetic
2025-11-10,MAR,15.785,11.185,20.885,20.466,61.31,3.409,country_area_weighted_mean,6,synthetic
2025-11-17,FRA,4.273,-0.327,9.373,19.927,62.94,3.399,country_area_weighted_mean,6,synthetic
2025-11-17,DEU,1.866,-2.734,6.966,39.089,70.32,3.782,country_area_weighted_mean,6,synthetic
2025-11-17,NLD,-1.745,-6.345,3.355,24.687,68.74,3.494,country_area_weighted_mean,6,synthetic
2025-11-17,BEL,0.369,-4.231,5.469,50.017,70.94,4.0,country_area_weighted_mean,6,synthetic
2025-11-17,ITA,7.095,2.495,12.195,18.62,61.18,3.372,country_area_weighted_mean,6,synthetic
2025-11-17,ESP,8.512,3.912,13.612,25.077,60.53,3.502,country_area_weighted_mean,6,synthetic
2025-11-17,POL,-1.916,-6.516,3.184,37.713,71.2,3.754,country_area_weighted_mean,6,synthetic
2025-11-17,HUN,0.548,-4.052,5.648,20.226,67.81,3.405,country_area_weighted_mean,6,synthetic
2025-11-17,ROU,3.917,-0.683,9.017,36.739,70.04,3.735,country_area_weighted_mean,6,synthetic
2025-11-17,BGR,5.908,1.308,11.008,36.471,63.7,3.729,country_area_weighted_mean,6,synthetic
2025-11-17,SRB,6.667,2.067,11.767,27.925,62.29,3.558,country_area_weighted_mean,6,synthetic
2025-11-17,UKR,2.163,-2.437,7.263,26.995,72.53,3.54,country_area_weighted_mean,6,synthetic
2025-11-17,MDA,3.806,-0.794,8.906,26.872,61.82,3.537,country_area_weighted_mean,6,synthetic
2025-11-17,RUS,-0.772,-5.372,4.328,37.033,65.16,3.741,country_area_weighted_mean,6,synthetic
2025-11-17,TUR,9.813,5.213,14.913,43.554,73.84,3.871,country_area_weighted_mean,6,synthetic
2025-11-17,GEO,5.895,1.295,10.995,23.772,64.91,3.475,country_area_weighted_mean,6,synthetic
2025-11-17,ISR,16.462,11.862,21.562,12.329,57.83,3.247,country_area_weighted_mean,6,synthetic
2025-11-17,EGY,13.821,9.221,18.921,28.953,66.1,3.579,country_area_weighted_mean,6,synthetic
2025-11-17,TUN,8.52,3.92,13.62,32.876,71.13,3.658,country_area_weighted_mean,6,synthetic
2025-11-17,MAR,14.421,9.821,19.521,28.957,63.26,3.579,country_area_weighted_mean,6,synthetic
2025-11-24,FRA,2.174,-2.426,7.274,19.76,61.29,3.395,country_area_weighted_mean,6,synthetic
2025-11-24,DEU,-0.397,-4.997,4.703,39.565,66.04,3.791,country_area_weighted_mean,6,synthetic
2025-11-24,NLD,-2.533,-7.133,2.567,37.364,70.87,3.747,country_area_weighted_mean,6,synthetic
2025-11-24,BEL,-2.873,-7.473,2.227,48.613,75.44,3.972,country_area_weighted_mean,6,synthetic
2025-11-24,ITA,5.05,0.45,10.15,32.287,70.64,3.646,country_area_weighted_mean,6,synthetic
2025-11-24,ESP,5.041,0.441,10.141,27.02,60.49,3.54,country_area_weighted_mean,6,synthetic
2025-11-24,POL,-0.875,-5.475,4.225,42.782,74.42,3.856,country_area_weighted_mean,6,synthetic
2025-11-24,HUN,-0.208,-4.808,4.892,19.437,63.67,3.389,country_area_weighted_mean,6,synthetic
2025-11-24,ROU,3.536,-1.064,8.636,29.498,62.68,3.59,country_area_weighted_mean,6,synthetic
2025-11-24,BGR,6.396,1.796,11.496,25.463,64.11,3.509,country_area_weighted_mean,6,synthetic
2025-11-24,SRB,4.535,-0.065,9.635,26.762,64.02,3.535,country_area_weighted_mean,6,synthetic
2025-11-24,UKR,0.37,-4.23,5.47,37.379,72.61,3.748,country_area_weighted_mean,6,synthetic
2025-11-24,MDA,1.841,-2.759,6.941,28.3,66.52,3.566,country_area_weighted_mean,6,synthetic
2025-11-24,RUS,-4.262,-8.862,0.838,37.223,70.03,3.744,country_area_weighted_mean,6,synthetic
2025-11-24,TUR,5.737,1.137,10.837,38.193,73.13,3.764,country_area_weighted_mean,6,synthetic
2025-11-24,GEO,4.494,-0.106,9.594,26.772,64.3,3.535,country_area_weighted_mean,6,synthetic
2025-11-24,ISR,12.238,7.638,17.338,15.822,59.24,3.316,country_area_weighted_mean,6,synthetic
2025-11-24,EGY,13.843,9.243,18.943,19.89,58.2,3.398,country_area_weighted_mean,6,synthetic
2025-11-24,TUN,6.84,2.24,11.94,33.85,71.46,3.677,country_area_weighted_mean,6,synthetic
2025-11-24,MAR,9.901,5.301,15.001,15.072,62.21,3.301,country_area_weighted_mean,6,synthetic
2025-12-01,FRA,2.083,-2.517,7.183,24.927,68.28,3.499,country_area_weighted_mean,6,synthetic
2025-12-01,DEU,-2.117,-6.717,2.983,20.854,66.3,3.417,country_area_weighted_mean,6,synthetic
2025-12-01,NLD,-3.748,-8.348,1.352,34.843,69.18,3.697,country_area_weighted_mean,6,synthetic
2025-12-01,BEL,-3.737,-8.337,1.363,27.381,69.14,3.548,country_area_weighted_mean,6,synthetic
2025-12-01,ITA,4.748,0.148,9.848,41.59,68.9,3.832,country_area_weighted_mean,6,synthetic
2025-12-01,ESP,1.265,-3.335,6.365,28.851,62.93,3.577,country_area_weighted_mean,6,synthetic
2025-12-01,POL,-1.719,-6.319,3.381,37.142,76.5,3.743,country_area_weighted_mean,6,synthetic
2025-12-01,HUN,-1.132,-5.732,3.968,17.773,63.76,3.355,country_area_weighted_mean,6,synthetic
2025-12-01,ROU,3.425,-1.175,8.525,27.776,63.08,3.556,country_area_weighted_mean,6,synthetic
2025-12-01,BGR,4.306,-0.294,9.406,25.117,63.0,3.502,country_area_weighted_mean,6,synthetic
2025-12-01,SRB,2.648,-1.952,7.748,38.382,68.56,3.768,country_area_weighted_mean,6,synthetic
2025-12-01,UKR,-1.872,-6.472,3.228,24.753,74.19,3.495,country_area_weighted_mean,6,synthetic
2025-12-01,MDA,0.048,-4.552,5.148,21.364,60.17,3.427,country_area_weighted_mean,6,synthetic
2025-12-01,RUS,-4.864,-9.464,0.236,51.495,74.06,4.03,country_area_weighted_mean,6,synthetic
2025-12-01,TUR,2.621,-1.979,7.721,25.659,70.5,3.513,country_area_weighted_mean,6,synthetic
2025-12-01,GEO,3.973,-0.627,9.073,25.799,65.01,3.516,country_area_weighted_mean,6,synthetic
2025-12-01,ISR,11.216,6.616,16.316,41.43,65.44,3.829,country_area_weighted_mean,6,synthetic
2025-12-01,EGY,12.618,8.018,17.718,24.091,58.68,3.482,country_area_weighted_mean,6,synthetic
2025-12-01,TUN,4.327,-0.273,9.427,20.297,64.77,3.406,country_area_weighted_mean,6,synthetic
2025-12-01,MAR,10.878,6.278,15.978,27.771,65.38,3.555,country_area_weighted_mean,6,synthetic
2025-12-08,FRA,0.126,-4.474,5.226,42.215,74.42,3.844,country_area_weighted_mean,6,synthetic
2025-12-08,DEU,-1.768,-6.368,3.332,20.993,63.65,3.42,country_area_weighted_mean,6,synthetic
2025-12-08,NLD,-4.23,-8.83,0.87,48.716,75.17,3.974,country_area_weighted_mean,6,synthetic
2025-12-08,BEL,-4.922,-9.522,0.178,35.535,74.69,3.711,country_area_weighted_mean,6,synthetic
2025-12-08,ITA,4.133,-0.467,9.233,37.741,68.93,3.755,country_area_weighted_mean,6,synthetic
2025-12-08,ESP,1.711,-2.889,6.811,25.223,70.39,3.504,country_area_weighted_mean,6,synthetic
2025-12-08,POL,-4.618,-9.218,0.482,29.37,71.56,3.587,country_area_weighted_mean,6,synthetic
2025-12-08,HUN,-3.9,-8.5,1.2,26.813,65.43,3.536,country_area_weighted_mean,6,synthetic
2025-12-08,ROU,2.242,-2.358,7.342,48.221,70.29,3.964,country_area_weighted_mean,6,synthetic
2025-12-08,BGR,1.627,-2.973,6.727,24.319,66.19,3.486,country_area_weighted_mean,6,synthetic
2025-12-08,SRB,1.465,-3.135,6.565,34.662,71.07,3.693,country_area_weighted_mean,6,synthetic
2025-12-08,UKR,-1.72,-6.32,3.38,34.987,76.55,3.7,country_area_weighted_mean,6,synthetic
2025-12-08,MDA,-1.035,-5.635,4.065,13.195,62.15,3.264,country_area_weighted_mean,6,synthetic
2025-12-08,RUS,-6.54,-11.14,-1.44,46.617,75.33,3.932,country_area_weighted_mean,6,synthetic
2025-12-08,TUR,1.907,-2.693,7.007,29.821,68.95,3.596,country_area_weighted_mean,6,synthetic
2025-12-08,GEO,4.04,-0.56,9.14,34.294,70.5,3.686,country_area_weighted_mean,6,synthetic
2025-12-08,ISR,11.393,6.793,16.493,36.812,64.45,3.736,country_area_weighted_mean,6,synthetic
2025-12-08,EGY,10.882,6.282,15.982,25.167,63.24,3.503,country_area_weighted_mean,6,synthetic
2025-12-08,TUN,1.968,-2.632,7.068,33.741,67.43,3.675,country_area_weighted_mean,6,synthetic
2025-12-08,MAR,11.576,6.976,16.676,31.074,62.18,3.621,country_area_weighted_mean,6,synthetic
2025-12-15,FRA,-1.069,-5.669,4.031,39.794,72.26,3.796,country_area_weighted_mean,6,synthetic
2025-12-15,DEU,-2.893,-7.493,2.207,34.539,71.68,3.691,country_area_weighted_mean,6,synthetic
2025-12-15,NLD,-4.266,-8.866,0.834,20.226,66.09,3.405,country_area_weighted_mean,6,synthetic
2025-12-15,BEL,-6.874,-11.474,-1.774,37.141,73.62,3.743,country_area_weighted_mean,6,synthetic
2025-12-15,ITA,1.617,-2.983,6.717,22.227,66.87,3.445,country_area_weighted_mean,6,synthetic
2025-12-15,ESP,-0.814,-5.414,4.286,18.403,66.02,3.368,country_area_weighted_mean,6,synthetic
2025-12-15,POL,-5.979,-10.579,-0.879,29.522,70.27,3.59,country_area_weighted_mean,6,synthetic
2025-12-15,HUN,-5.185,-9.785,-0.085,44.115,71.87,3.882,country_area_weighted_mean,6,synthetic
2025-12-15,ROU,0.893,-3.707,5.993,36.306,62.65,3.726,country_area_weighted_mean,6,synthetic
2025-12-15,BGR,0.867,-3.733,5.967,31.884,70.59,3.638,country_area_weighted_mean,6,synthetic
2025-12-15,SRB,-0.776,-5.376,4.324,31.387,68.62,3.628,country_area_weighted_mean,6,synthetic
2025-12-15,UKR,-4.754,-9.354,0.346,65.106,81.96,4.302,country_area_weighted_mean,6,synthetic
2025-12-15,MDA,-2.383,-6.983,2.717,17.081,73.16,3.342,country_area_weighted_mean,6,synthetic
2025-12-15,RUS,-9.753,-14.353,-4.653,43.522,81.09,3.87,country_area_weighted_mean,6,synthetic
2025-12-15,TUR,2.9,-1.7,8.0,54.494,70.08,4.09,country_area_weighted_mean,6,synthetic
2025-12-15,GEO,1.143,-3.457,6.243,31.247,70.86,3.625,country_area_weighted_mean,6,synthetic
2025-12-15,ISR,8.235,3.635,13.335,32.786,62.3,3.656,country_area_weighted_mean,6,synthetic
2025-12-15,EGY,12.063,7.463,17.163,36.138,58.04,3.723,country_area_weighted_mean,6,synthetic
2025-12-15,TUN,1.438,-3.162,6.538,57.355,72.77,4.147,country_area_weighted_mean,6,synthetic
2025-12-15,MAR,10.938,6.338,16.038,29.734,63.83,3.595,country_area_weighted_mean,6,synthetic
2025-12-22,FRA,-3.483,-8.083,1.617,31.232,75.3,3.625,country_area_weighted_mean,6,synthetic
2025-12-22,DEU,-5.403,-10.003,-0.303,30.325,66.73,3.607,country_area_weighted_mean,6,synthetic
2025-12-22,NLD,-6.357,-10.957,-1.257,30.759,68.45,3.615,country_area_weighted_mean,6,synthetic
2025-12-22,BEL,-6.051,-10.651,-0.951,26.768,72.72,3.535,country_area_weighted_mean,6,synthetic
2025-12-22,ITA,1.94,-2.66,7.04,42.041,71.96,3.841,country_area_weighted_mean,6,synthetic
2025-12-22,ESP,-1.425,-6.025,3.675,22.464,65.71,3.449,country_area_weighted_mean,6,synthetic
2025-12-22,POL,-8.706,-13.306,-3.606,48.347,77.47,3.967,country_area_weighted_mean,6,synthetic
2025-12-22,HUN,-5.671,-10.271,-0.571,58.468,75.28,4.169,country_area_weighted_mean,6,synthetic
2025-12-22,ROU,-3.479,-8.079,1.621,30.788,67.09,3.616,country_area_weighted_mean,6,synthetic
2025-12-22,BGR,-2.429,-7.029,2.671,32.211,72.89,3.644,country_area_weighted_mean,6,synthetic
2025-12-22,SRB,-2.229,-6.829,2.871,38.179,72.03,3.764,country_area_weighted_mean,6,synthetic
2025-12-22,UKR,-6.319,-10.919,-1.219,62.746,81.2,4.255,country_area_weighted_mean,6,synthetic
2025-12-22,MDA,-3.377,-7.977,1.723,35.599,76.52,3.712,country_area_weighted_mean,6,synthetic
2025-12-22,RUS,-9.888,-14.488,-4.788,59.237,88.61,4.185,country_area_weighted_mean,6,synthetic
2025-12-22,TUR,3.907,-0.693,9.007,39.151,69.31,3.783,country_area_weighted_mean,6,synthetic
2025-12-22,GEO,-1.183,-5.783,3.917,32.375,69.12,3.647,country_area_weighted_mean,6,synthetic
2025-12-22,ISR,8.751,4.151,13.851,25.997,63.32,3.52,country_area_weighted_mean,6,synthetic
2025-12-22,EGY,10.912,6.312,16.012,37.433,60.54,3.749,country_area_weighted_mean,6,synthetic
2025-12-22,TUN,2.164,-2.436,7.264,35.655,72.44,3.713,country_area_weighted_mean,6,synthetic
2025-12-22,MAR,7.905,3.305,13.005,30.645,64.35,3.613,country_area_weighted_mean,6,synthetic
2025-12-29,FRA,-3.257,-7.857,1.843,22.584,72.58,3.452,country_area_weighted_mean,6,synthetic
2025-12-29,DEU,-7.599,-12.199,-2.499,21.569,66.79,3.431,country_area_weighted_mean,6,synthetic
2025-12-29,NLD,-8.306,-12.906,-3.206,36.179,81.16,3.724,country_area_weighted_mean,6,synthetic
2025-12-29,BEL,-8.453,-13.053,-3.353,34.741,74.58,3.695,country_area_weighted_mean,6,synthetic
2025-12-29,ITA,0.782,-3.818,5.882,38.477,72.78,3.77,country_area_weighted_mean,6,synthetic
2025-12-29,ESP,-1.336,-5.936,3.764,34.059,66.62,3.681,country_area_weighted_mean,6,synthetic
2025-12-29,POL,-8.233,-12.833,-3.133,50.681,76.84,4.014,country_area_weighted_mean,6,synthetic
2025-12-29,HUN,-4.634,-9.234,0.466,54.411,78.09,4.088,country_area_weighted_mean,6,synthetic
2025-12-29,ROU,-4.302,-8.902,0.798,26.789,69.12,3.536,country_area_weighted_mean,6,synthetic
2025-12-29,BGR,-1.443,-6.043,3.657,62.001,77.53,4.24,country_area_weighted_mean,6,synthetic
2025-12-29,SRB,-3.231,-7.831,1.869,41.329,69.26,3.827,country_area_weighted_mean,6,synthetic
2025-12-29,UKR,-6.765,-11.365,-1.665,40.782,74.76,3.816,country_area_weighted_mean,6,synthetic
2025-12-29,MDA,-2.99,-7.59,2.11,40.881,73.97,3.818,country_area_weighted_mean,6,synthetic
2025-12-29,RUS,-12.659,-17.259,-7.559,46.876,80.58,3.938,country_area_weighted_mean,6,synthetic
2025-12-29,TUR,3.551,-1.049,8.651,59.222,73.9,4.184,country_area_weighted_mean,6,synthetic
2025-12-29,GEO,-4.427,-9.027,0.673,30.53,71.83,3.611,country_area_weighted_mean,6,synthetic
2025-12-29,ISR,6.034,1.434,11.134,33.17,66.42,3.663,country_area_weighted_mean,6,synthetic
2025-12-29,EGY,9.107,4.507,14.207,39.658,63.43,3.793,country_area_weighted_mean,6,synthetic
2025-12-29,TUN,3.379,-1.221,8.479,34.079,73.12,3.682,country_area_weighted_mean,6,synthetic
2025-12-29,MAR,5.503,0.903,10.603,48.82,70.89,3.976,country_area_weighted_mean,6,synthetic
