post_id,archive_number,published_date,iso3,country,disease_code,subject,curator_comment_present,confidence,data_realism
PROMED-000001,2024000001.0001,2020-01-24,ITA,Italy,HPAI,"[SYNTHETIC] HPAI, animal - Italy",True,suspected,synthetic
PROMED-000002,2024000002.0002,2020-01-31,BGR,Bulgaria,HPAI,"[SYNTHETIC] HPAI, animal - Bulgaria",True,suspected,synthetic
PROMED-000003,2024000003.0003,2020-01-30,ISR,Israel,HPAI,"[SYNTHETIC] HPAI, animal - Israel",True,unverified,synthetic
PROMED-000004,2024000004.0004,2020-02-03,UKR,Ukraine,HPAI,"[SYNTHETIC] HPAI, animal - Ukraine",True,confirmed,synthetic
PROMED-000005,2024000005.0005,2020-02-05,ISR,Israel,HPAI,"[SYNTHETIC] HPAI, animal - Israel",False,unverified,synthetic
PROMED-000006,2024000006.0006,2020-02-14,BGR,Bulgaria,HPAI,"[SYNTHETIC] HPAI, animal - Bulgaria",True,confirmed,synthetic
PROMED-000007,2024000007.0007,2020-02-26,ISR,Israel,HPAI,"[SYNTHETIC] HPAI, animal - Israel",True,suspected,synthetic
PROMED-000008,2024000008.0008,2020-03-10,BEL,Belgium,HPAI,"[SYNTHETIC] HPAI, animal - Belgium",False,unverified,synthetic
PROMED-000009,2024000009.0009,2020-03-08,ITA,Italy,HPAI,"[SYNTHETIC] HPAI, animal - Italy",True,unverified,synthetic
PROMED-000010,2024000010.0010,2020-03-08,HUN,Hungary,HPAI,"[SYNTHETIC] HPAI, animal - Hungary",False,suspected,synthetic
PROMED-000011,2024000011.0011,2020-03-13,GEO,Georgia,HPAI,"[SYNTHETIC] HPAI, animal - Georgia",False,suspected,synthetic
PROMED-000012,2024000012.0012,2020-03-18,FRA,France,HPAI,"[SYNTHETIC] HPAI, animal - France",True,confirmed,synthetic
PROMED-000013,2024000013.0013,2020-03-12,HUN,Hungary,HPAI,"[SYNTHETIC] HPAI, animal - Hungary",True,unverified,synthetic
PROMED-000014,2024000014.0014,2020-03-16,MAR,Morocco,HPAI,"[SYNTHETIC] HPAI, animal - Morocco",False,suspected,synthetic
PROMED-000015,2024000015.0015,2020-03-24,SRB,Serbia,HPAI,"[SYNTHETIC] HPAI, animal - Serbia",False,suspected,synthetic
PROMED-000016,2024000016.0016,2020-03-26,TUN,Tunisia,HPAI,"[SYNTHETIC] HPAI, animal - Tunisia",False,unverified,synthetic
PROMED-000017,2024000017.0017,2020-04-01,POL,Poland,HPAI,"[SYNTHETIC] HPAI, animal - Poland",True,suspected,synthetic
PROMED-000018,2024000018.0018,2020-04-05,GEO,Georgia,HPAI,"[SYNTHETIC] HPAI, animal - Georgia",True,suspected,synthetic
PROMED-000019,2024000019.0019,2020-04-13,NLD,Netherlands,HPAI,"[SYNTHETIC] HPAI, animal - Netherlands",True,confirmed,synthetic
PROMED-000020,2024000020.0020,2020-04-17,BEL,Belgium,HPAI,"[SYNTHETIC] HPAI, animal - Belgium",True,suspected,synthetic
PROMED-000021,2024000021.0021,2020-04-16,FRA,France,HPAI,"[SYNTHETIC] HPAI, animal - France",True,confirmed,synthetic
PROMED-000022,2024000022.0022,2020-04-22,POL,Poland,HPAI,"[SYNTHETIC] HPAI, animal - Poland",False,confirmed,synthetic
PROMED-000023,2024000023.0023,2020-04-24,RUS,Russian Federation,HPAI,"[SYNTHETIC] HPAI, animal - Russian Federation",False,suspected,synthetic
PROMED-000024,2024000024.0024,2020-04-20,MAR,Morocco,HPAI,"[SYNTHETIC] HPAI, animal - Morocco",False,suspected,synthetic
PROMED-000025,2024000025.0025,2020-04-30,DEU,Germany,HPAI,"[SYNTHETIC] HPAI, animal - Germany",True,suspected,synthetic
PROMED-000026,2024000026.0026,2020-04-28,NLD,Netherlands,HPAI,"[SYNTHETIC] HPAI, animal - Netherlands",False,unverified,synthetic
PROMED-000027,2024000027.0027,2020-04-30,BEL,Belgium,HPAI,"[SYNTHETIC] HPAI, animal - Belgium",True,confirmed,synthetic
PROMED-000028,2024000028.0028,2020-04-26,ROU,Romania,HPAI,"[SYNTHETIC] HPAI, animal - Romania",True,suspected,synthetic
PROMED-000029,2024000029.0029,2020-04-24,UKR,Ukraine,HPAI,"[SYNTHETIC] HPAI, animal - Ukraine",True,suspected,synthetic
PROMED-000030,2024000030.0030,2020-04-26,RUS,Russian Federation,HPAI,"[SYNTHETIC] HPAI, animal - Russian Federation",False,confirmed,synthetic
PROMED-000031,2024000031.0031,2020-04-30,TUR,Türkiye,HPAI,"[SYNTHETIC] HPAI, animal - Türkiye",False,unverified,synthetic
PROMED-000032,2024000032.0032,2020-05-08,ESP,Spain,HPAI,"[SYNTHETIC] HPAI, animal - Spain",True,confirmed,synthetic
PROMED-000033,2024000033.0033,2020-05-08,ROU,Romania,HPAI,"[SYNTHETIC] HPAI, animal - Romania",False,suspected,synthetic
PROMED-000034,2024000034.0034,2020-04-30,MDA,Moldova,HPAI,"[SYNTHETIC] HPAI, animal - Moldova",True,unverified,synthetic
PROMED-000035,2024000035.0035,2020-05-13,DEU,Germany,HPAI,"[SYNTHETIC] HPAI, animal - Germany",False,confirmed,synthetic
PROMED-000036,2024000036.0036,2020-05-15,BEL,Belgium,HPAI,"[SYNTHETIC] HPAI, animal - Belgium",True,confirmed,synthetic
PROMED-000037,2024000037.0037,2020-05-14,ITA,Italy,HPAI,"[SYNTHETIC] HPAI, animal - Italy",False,confirmed,synthetic
PROMED-000038,2024000038.0038,2020-05-06,MDA,Moldova,HPAI,"[SYNTHETIC] HPAI, animal - Moldova",True,suspected,synthetic
PROMED-000039,2024000039.0039,2020-05-06,RUS,Russian Federation,HPAI,"[SYNTHETIC] HPAI, animal - Russian Federation",False,unverified,synthetic
PROMED-000040,2024000040.0040,2020-05-08,GEO,Georgia,HPAI,"[SYNTHETIC] HPAI, animal - Georgia",True,suspected,synthetic
PROMED-000041,2024000041.0041,2020-05-13,DEU,Germany,HPAI,"[SYNTHETIC] HPAI, animal - Germany",False,confirmed,synthetic
PROMED-000042,2024000042.0042,2020-05-17,NLD,Netherlands,HPAI,"[SYNTHETIC] HPAI, animal - Netherlands",True,unverified,synthetic
PROMED-000043,2024000043.0043,2020-05-21,ROU,Romania,HPAI,"[SYNTHETIC] HPAI, animal - Romania",True,unverified,synthetic
PROMED-000044,2024000044.0044,2020-05-14,UKR,Ukraine,HPAI,"[SYNTHETIC] HPAI, animal - Ukraine",False,suspected,synthetic
PROMED-000045,2024000045.0045,2020-05-28,FRA,France,HPAI,"[SYNTHETIC] HPAI, animal - France",True,confirmed,synthetic
PROMED-000046,2024000046.0046,2020-06-03,MDA,Moldova,HPAI,"[SYNTHETIC] HPAI, animal - Moldova",True,unverified,synthetic
PROMED-000047,2024000047.0047,2020-06-10,NLD,Netherlands,HPAI,"[SYNTHETIC] HPAI, animal - Netherlands",True,suspected,synthetic
PROMED-000048,2024000048.0048,2020-10-04,ROU,Romania,HPAI,"[SYNTHETIC] HPAI, animal - Romania",False,suspected,synthetic
PROMED-000049,2024000049.0049,2020-10-22,HUN,Hungary,HPAI,"[SYNTHETIC] HPAI, animal - Hungary",True,confirmed,synthetic
PROMED-000050,2024000050.0050,2020-10-27,POL,Poland,HPAI,"[SYNTHETIC] HPAI, animal - Poland",True,confirmed,synthetic
PROMED-000051,2024000051.0051,2020-11-13,POL,Poland,HPAI,"[SYNTHETIC] HPAI, animal - Poland",True,suspected,synthetic
PROMED-000052,2024000052.0052,2020-11-09,UKR,Ukraine,HPAI,"[SYNTHETIC] HPAI, animal - Ukraine",True,unverified,synthetic
PROMED-000053,2024000053.0053,2020-11-12,FRA,France,HPAI,"[SYNTHETIC] HPAI, animal - France",True,unverified,synthetic
PROMED-000054,2024000054.0054,2020-11-12,NLD,Netherlands,HPAI,"[SYNTHETIC] HPAI, animal - Netherlands",True,suspected,synthetic
PROMED-000055,2024000055.0055,2020-11-23,NLD,Netherlands,HPAI,"[SYNTHETIC] HPAI, animal - Netherlands",False,confirmed,synthetic
PROMED-000056,2024000056.0056,2020-11-23,BEL,Belgium,HPAI,"[SYNTHETIC] HPAI, animal - Belgium",True,suspected,synthetic
PROMED-000057,2024000057.0057,2020-11-30,NLD,Netherlands,HPAI,"[SYNTHETIC] HPAI, animal - Netherlands",True,unverified,synthetic
PROMED-000058,2024000058.0058,2020-12-02,HUN,Hungary,HPAI,"[SYNTHETIC] HPAI, animal - Hungary",True,suspected,synthetic
PROMED-000059,2024000059.0059,2020-12-02,FRA,France,HPAI,"[SYNTHETIC] HPAI, animal - France",False,confirmed,synthetic
PROMED-000060,2024000060.0060,2020-12-05,ESP,Spain,HPAI,"[SYNTHETIC] HPAI, animal - Spain",False,suspected,synthetic
PROMED-000061,2024000061.0061,2020-12-06,POL,Poland,HPAI,"[SYNTHETIC] HPAI, animal - Poland",False,confirmed,synthetic
PROMED-000062,2024000062.0062,2020-12-02,ROU,Romania,HPAI,"[SYNTHETIC] HPAI, animal - Romania",False,confirmed,synthetic
PROMED-000063,2024000063.0063,2020-12-11,UKR,Ukraine,HPAI,"[SYNTHETIC] HPAI, animal - Ukraine",True,unverified,synthetic
PROMED-000064,2024000064.0064,2020-12-09,MDA,Moldova,HPAI,"[SYNTHETIC] HPAI, animal - Moldova",True,confirmed,synthetic
PROMED-000065,2024000065.0065,2020-12-04,ISR,Israel,HPAI,"[SYNTHETIC] HPAI, animal - Israel",True,suspected,synthetic
PROMED-000066,2024000066.0066,2020-12-10,FRA,France,HPAI,"[SYNTHETIC] HPAI, animal - France",True,confirmed,synthetic
PROMED-000067,2024000067.0067,2020-12-16,DEU,Germany,HPAI,"[SYNTHETIC] HPAI, animal - Germany",False,confirmed,synthetic
PROMED-000068,2024000068.0068,2020-12-12,NLD,Netherlands,HPAI,"[SYNTHETIC] HPAI, animal - Netherlands",True,confirmed,synthetic
PROMED-000069,2024000069.0069,2020-12-16,BEL,Belgium,HPAI,"[SYNTHETIC] HPAI, animal - Belgium",False,unverified,synthetic
PROMED-000070,2024000070.0070,2020-12-14,ESP,Spain,HPAI,"[SYNTHETIC] HPAI, animal - Spain",True,unverified,synthetic
PROMED-000071,2024000071.0071,2020-12-09,POL,Poland,HPAI,"[SYNTHETIC] HPAI, animal - Poland",False,suspected,synthetic
PROMED-000072,2024000072.0072,2020-12-16,ROU,Romania,HPAI,"[SYNTHETIC] HPAI, animal - Romania",False,unverified,synthetic
PROMED-000073,2024000073.0073,2020-12-11,SRB,Serbia,HPAI,"[SYNTHETIC] HPAI, animal - Serbia",True,suspected,synthetic
PROMED-000074,2024000074.0074,2020-12-12,GEO,Georgia,HPAI,"[SYNTHETIC] HPAI, animal - Georgia",True,unverified,synthetic
PROMED-000075,2024000075.0075,2020-12-14,EGY,Egypt,HPAI,"[SYNTHETIC] HPAI, animal - Egypt",True,suspected,synthetic
PROMED-000076,2024000076.0076,2020-12-25,FRA,France,HPAI,"[SYNTHETIC] HPAI, animal - France",True,confirmed,synthetic
PROMED-000077,2024000077.0077,2020-12-25,DEU,Germany,HPAI,"[SYNTHETIC] HPAI, animal - Germany",True,confirmed,synthetic
PROMED-000078,2024000078.0078,2020-12-25,NLD,Netherlands,HPAI,"[SYNTHETIC] HPAI, animal - Netherlands",True,unverified,synthetic
PROMED-000079,2024000079.0079,2020-12-25,BEL,Belgium,HPAI,"[SYNTHETIC] HPAI, animal - Belgium",True,confirmed,synthetic
PROMED-000080,2024000080.0080,2020-12-20,ITA,Italy,HPAI,"[SYNTHETIC] HPAI, animal - Italy",False,unverified,synthetic
PROMED-000081,2024000081.0081,2020-12-16,ESP,Spain,HPAI,"[SYNTHETIC] HPAI, animal - Spain",True,unverified,synthetic
PROMED-000082,2024000082.0082,2020-12-21,SRB,Serbia,HPAI,"[SYNTHETIC] HPAI, animal - Serbia",False,confirmed,synthetic
PROMED-000083,2024000083.0083,2020-12-22,UKR,Ukraine,HPAI,"[SYNTHETIC] HPAI, animal - Ukraine",True,confirmed,synthetic
PROMED-000084,2024000084.0084,2020-12-27,FRA,France,HPAI,"[SYNTHETIC] HPAI, animal - France",True,unverified,synthetic
PROMED-000085,2024000085.0085,2020-12-23,BEL,Belgium,HPAI,"[SYNTHETIC] HPAI, animal - Belgium",True,suspected,synthetic
PROMED-000086,2024000086.0086,2020-12-30,ESP,Spain,HPAI,"[SYNTHETIC] HPAI, animal - Spain",True,confirmed,synthetic
PROMED-000087,2024000087.0087,2020-12-26,UKR,Ukraine,HPAI,"[SYNTHETIC] HPAI, animal - Ukraine",True,suspected,synthetic
PROMED-000088,2024000088.0088,2020-12-23,MAR,Morocco,HPAI,"[SYNTHETIC] HPAI, animal - Morocco",True,suspected,synthetic
PROMED-000089,2024000089.0089,2020-12-30,FRA,France,HPAI,"[SYNTHETIC] HPAI, animal - France",True,confirmed,synthetic
PROMED-000090,2024000090.0090,2020-12-31,BEL,Belgium,HPAI,"[SYNTHETIC] HPAI, animal - Belgium",True,suspected,synthetic
PROMED-000091,2024000091.0091,2021-01-02,ITA,Italy,HPAI,"[SYNTHETIC] HPAI, animal - Italy",True,confirmed,synthetic
PROMED-000092,2024000092.0092,2021-01-07,ESP,Spain,HPAI,"[SYNTHETIC] HPAI, animal - Spain",True,unverified,synthetic
PROMED-000093,2024000093.0093,2021-01-02,HUN,Hungary,HPAI,"[SYNTHETIC] HPAI, animal - Hungary",True,unverified,synthetic
PROMED-000094,2024000094.0094,2021-01-03,ROU,Romania,HPAI,"[SYNTHETIC] HPAI, animal - Romania",False,suspected,synthetic
PROMED-000095,2024000095.0095,2021-01-02,BGR,Bulgaria,HPAI,"[SYNTHETIC] HPAI, animal - Bulgaria",False,suspected,synthetic
PROMED-000096,2024000096.0096,2021-01-03,SRB,Serbia,HPAI,"[SYNTHETIC] HPAI, animal - Serbia",True,suspected,synthetic
PROMED-000097,2024000097.0097,2020-12-30,GEO,Georgia,HPAI,"[SYNTHETIC] HPAI, animal - Georgia",True,confirmed,synthetic
PROMED-000098,2024000098.0098,2021-01-05,MAR,Morocco,HPAI,"[SYNTHETIC] HPAI, animal - Morocco",True,confirmed,synthetic
PROMED-000099,2024000099.0099,2021-01-14,FRA,France,HPAI,"[SYNTHETIC] HPAI, animal - France",True,unverified,synthetic
PROMED-000100,2024000100.0100,2021-01-09,ITA,Italy,HPAI,"[SYNTHETIC] HPAI, animal - Italy",False,confirmed,synthetic
PROMED-000101,2024000101.0101,2021-01-15,ESP,Spain,HPAI,"[SYNTHETIC] HPAI, animal - Spain",True,suspected,synthetic
PROMED-000102,2024000102.0102,2021-01-07,SRB,Serbia,HPAI,"[SYNTHETIC] HPAI, animal - Serbia",True,suspected,synthetic
PROMED-000103,2024000103.0103,2021-01-13,MDA,Moldova,HPAI,"[SYNTHETIC] HPAI, animal - Moldova",False,suspected,synthetic
PROMED-000104,2024000104.0104,2021-01-13,TUR,Türkiye,HPAI,"[SYNTHETIC] HPAI, animal - Türkiye",True,suspected,synthetic
PROMED-000105,2024000105.0105,2021-01-13,TUN,Tunisia,HPAI,"[SYNTHETIC] HPAI, animal - Tunisia",True,unverified,synthetic
PROMED-000106,2024000106.0106,2021-01-19,FRA,France,HPAI,"[SYNTHETIC] HPAI, animal - France",True,confirmed,synthetic
PROMED-000107,2024000107.0107,2021-01-19,ESP,Spain,HPAI,"[SYNTHETIC] HPAI, animal - Spain",True,confirmed,synthetic
PROMED-000108,2024000108.0108,2021-01-18,SRB,Serbia,HPAI,"[SYNTHETIC] HPAI, animal - Serbia",False,unverified,synthetic
PROMED-000109,2024000109.0109,2021-01-21,GEO,Georgia,HPAI,"[SYNTHETIC] HPAI, animal - Georgia",True,unverified,synthetic
PROMED-000110,2024000110.0110,2021-01-17,ISR,Israel,HPAI,"[SYNTHETIC] HPAI, animal - Israel",False,suspected,synthetic
PROMED-000111,2024000111.0111,2021-01-15,EGY,Egypt,HPAI,"[SYNTHETIC] HPAI, animal - Egypt",False,suspected,synthetic
PROMED-000112,2024000112.0112,2021-01-22,TUN,Tunisia,HPAI,"[SYNTHETIC] HPAI, animal - Tunisia",False,unverified,synthetic
PROMED-000113,2024000113.0113,2021-01-26,GEO,Georgia,HPAI,"[SYNTHETIC] HPAI, animal - Georgia",False,confirmed,synthetic
PROMED-000114,2024000114.0114,2021-01-22,MAR,Morocco,HPAI,"[SYNTHETIC] HPAI, animal - Morocco",True,suspected,synthetic
PROMED-000115,2024000115.0115,2021-02-05,ESP,Spain,HPAI,"[SYNTHETIC] HPAI, animal - Spain",False,unverified,synthetic
PROMED-000116,2024000116.0116,2021-02-04,RUS,Russian Federation,HPAI,"[SYNTHETIC] HPAI, animal - Russian Federation",False,suspected,synthetic
PROMED-000117,2024000117.0117,2021-02-02,TUR,Türkiye,HPAI,"[SYNTHETIC] HPAI, animal - Türkiye",True,suspected,synthetic
PROMED-000118,2024000118.0118,2021-02-07,TUR,Türkiye,HPAI,"[SYNTHETIC] HPAI, animal - Türkiye",False,suspected,synthetic
PROMED-000119,2024000119.0119,2021-02-07,MAR,Morocco,HPAI,"[SYNTHETIC] HPAI, animal - Morocco",True,unverified,synthetic
PROMED-000120,2024000120.0120,2021-02-14,ESP,Spain,HPAI,"[SYNTHETIC] HPAI, animal - Spain",False,confirmed,synthetic
PROMED-000121,2024000121.0121,2021-02-16,TUN,Tunisia,HPAI,"[SYNTHETIC] HPAI, animal - Tunisia",True,suspected,synthetic
PROMED-000122,2024000122.0122,2021-02-23,RUS,Russian Federation,HPAI,"[SYNTHETIC] HPAI, animal - Russian Federation",True,unverified,synthetic
PROMED-000123,2024000123.0123,2021-03-03,GEO,Georgia,HPAI,"[SYNTHETIC] HPAI, animal - Georgia",False,unverified,synthetic
PROMED-000124,2024000124.0124,2021-04-16,FRA,France,HPAI,"[SYNTHETIC] HPAI, animal - France",True,suspected,synthetic
PROMED-000125,2024000125.0125,2021-04-14,TUR,Türkiye,HPAI,"[SYNTHETIC] HPAI, animal - Türkiye",False,confirmed,synthetic
PROMED-000126,2024000126.0126,2021-05-09,ROU,Romania,HPAI,"[SYNTHETIC] HPAI, animal - Romania",True,confirmed,synthetic
PROMED-000127,2024000127.0127,2021-06-02,ROU,Romania,HPAI,"[SYNTHETIC] HPAI, animal - Romania",True,suspected,synthetic
PROMED-000128,2024000128.0128,2021-10-11,BEL,Belgium,HPAI,"[SYNTHETIC] HPAI, animal - Belgium",True,confirmed,synthetic
PROMED-000129,2024000129.0129,2021-10-13,UKR,Ukraine,HPAI,"[SYNTHETIC] HPAI, animal - Ukraine",True,suspected,synthetic
PROMED-000130,2024000130.0130,2021-10-25,RUS,Russian Federation,HPAI,"[SYNTHETIC] HPAI, animal - Russian Federation",False,confirmed,synthetic
PROMED-000131,2024000131.0131,2021-11-05,FRA,France,HPAI,"[SYNTHETIC] HPAI, animal - France",True,suspected,synthetic
PROMED-000132,2024000132.0132,2021-10-30,UKR,Ukraine,HPAI,"[SYNTHETIC] HPAI, animal - Ukraine",True,confirmed,synthetic
PROMED-000133,2024000133.0133,2021-11-14,BEL,Belgium,HPAI,"[SYNTHETIC] HPAI, animal - Belgium",True,confirmed,synthetic
PROMED-000134,2024000134.0134,2021-11-14,POL,Poland,HPAI,"[SYNTHETIC] HPAI, animal - Poland",True,suspected,synthetic
PROMED-000135,2024000135.0135,2021-11-19,ROU,Romania,HPAI,"[SYNTHETIC] HPAI, animal - Romania",True,confirmed,synthetic
PROMED-000136,2024000136.0136,2021-11-18,UKR,Ukraine,HPAI,"[SYNTHETIC] HPAI, animal - Ukraine",False,suspected,synthetic
PROMED-000137,2024000137.0137,2021-11-12,RUS,Russian Federation,HPAI,"[SYNTHETIC] HPAI, animal - Russian Federation",True,confirmed,synthetic
PROMED-000138,2024000138.0138,2021-11-17,BEL,Belgium,HPAI,"[SYNTHETIC] HPAI, animal - Belgium",True,confirmed,synthetic
PROMED-000139,2024000139.0139,2021-11-19,HUN,Hungary,HPAI,"[SYNTHETIC] HPAI, animal - Hungary",False,confirmed,synthetic
PROMED-000140,2024000140.0140,2021-11-17,MDA,Moldova,HPAI,"[SYNTHETIC] HPAI, animal - Moldova",True,confirmed,synthetic
PROMED-000141,2024000141.0141,2021-11-17,RUS,Russian Federation,HPAI,"[SYNTHETIC] HPAI, animal - Russian Federation",True,suspected,synthetic
PROMED-000142,2024000142.0142,2021-11-19,TUR,Türkiye,HPAI,"[SYNTHETIC] HPAI, animal - Türkiye",False,confirmed,synthetic
PROMED-000143,2024000143.0143,2021-12-02,FRA,France,HPAI,"[SYNTHETIC] HPAI, animal - France",True,confirmed,synthetic
PROMED-000144,2024000144.0144,2021-11-26,NLD,Netherlands,HPAI,"[SYNTHETIC] HPAI, animal - Netherlands",True,suspected,synthetic
PROMED-000145,2024000145.0145,2021-11-27,ROU,Romania,HPAI,"[SYNTHETIC] HPAI, animal - Romania",False,confirmed,synthetic
PROMED-000146,2024000146.0146,2021-11-27,UKR,Ukraine,HPAI,"[SYNTHETIC] HPAI, animal - Ukraine",False,suspected,synthetic
PROMED-000147,2024000147.0147,2021-11-30,RUS,Russian Federation,HPAI,"[SYNTHETIC] HPAI, animal - Russian Federation",True,suspected,synthetic
PROMED-000148,2024000148.0148,2021-12-10,FRA,France,HPAI,"[SYNTHETIC] HPAI, animal - France",True,suspected,synthetic
PROMED-000149,2024000149.0149,2021-12-01,DEU,Germany,HPAI,"[SYNTHETIC] HPAI, animal - Germany",False,suspected,synthetic
PROMED-000150,2024000150.0150,2021-12-09,NLD,Netherlands,HPAI,"[SYNTHETIC] HPAI, animal - Netherlands",False,suspected,synthetic
PROMED-000151,2024000151.0151,2021-12-05,ESP,Spain,HPAI,"[SYNTHETIC] HPAI, animal - Spain",False,suspected,synthetic
PROMED-000152,2024000152.0152,2021-12-06,BGR,Bulgaria,HPAI,"[SYNTHETIC] HPAI, animal - Bulgaria",True,confirmed,synthetic
PROMED-000153,2024000153.0153,2021-12-01,RUS,Russian Federation,HPAI,"[SYNTHETIC] HPAI, animal - Russian Federation",True,suspected,synthetic
PROMED-000154,2024000154.0154,2021-12-15,NLD,Netherlands,HPAI,"[SYNTHETIC] HPAI, animal - Netherlands",False,suspected,synthetic
PROMED-000155,2024000155.0155,2021-12-17,BEL,Belgium,HPAI,"[SYNTHETIC] HPAI, animal - Belgium",True,confirmed,synthetic
PROMED-000156,2024000156.0156,2021-12-09,ITA,Italy,HPAI,"[SYNTHETIC] HPAI, animal - Italy",True,unverified,synthetic
PROMED-000157,2024000157.0157,2021-12-17,HUN,Hungary,HPAI,"[SYNTHETIC] HPAI, animal - Hungary",True,suspected,synthetic
PROMED-000158,2024000158.0158,2021-12-22,DEU,Germany,HPAI,"[SYNTHETIC] HPAI, animal - Germany",True,unverified,synthetic
PROMED-000159,2024000159.0159,2021-12-19,NLD,Netherlands,HPAI,"[SYNTHETIC] HPAI, animal - Netherlands",True,unverified,synthetic
PROMED-000160,2024000160.0160,2021-12-23,BEL,Belgium,HPAI,"[SYNTHETIC] HPAI, animal - Belgium",False,suspected,synthetic
PROMED-000161,2024000161.0161,2021-12-21,ITA,Italy,HPAI,"[SYNTHETIC] HPAI, animal - Italy",True,suspected,synthetic
PROMED-000162,2024000162.0162,2021-12-18,ESP,Spain,HPAI,"[SYNTHETIC] HPAI, animal - Spain",True,confirmed,synthetic
PROMED-000163,2024000163.0163,2021-12-20,ROU,Romania,HPAI,"[SYNTHETIC] HPAI, animal - Romania",False,confirmed,synthetic
PROMED-000164,2024000164.0164,2021-12-17,BGR,Bulgaria,HPAI,"[SYNTHETIC] HPAI, animal - Bulgaria",False,confirmed,synthetic
PROMED-000165,2024000165.0165,2021-12-24,SRB,Serbia,HPAI,"[SYNTHETIC] HPAI, animal - Serbia",True,confirmed,synthetic
PROMED-000166,2024000166.0166,2021-12-24,RUS,Russian Federation,HPAI,"[SYNTHETIC] HPAI, animal - Russian Federation",True,suspected,synthetic
PROMED-000167,2024000167.0167,2021-12-15,GEO,Georgia,HPAI,"[SYNTHETIC] HPAI, animal - Georgia",True,suspected,synthetic
PROMED-000168,2024000168.0168,2021-12-22,DEU,Germany,HPAI,"[SYNTHETIC] HPAI, animal - Germany",True,unverified,synthetic
PROMED-000169,2024000169.0169,2021-12-30,POL,Poland,HPAI,"[SYNTHETIC] HPAI, animal - Poland",False,unverified,synthetic
PROMED-000170,2024000170.0170,2021-12-27,ROU,Romania,HPAI,"[SYNTHETIC] HPAI, animal - Romania",False,unverified,synthetic
PROMED-000171,2024000171.0171,2021-12-27,BGR,Bulgaria,HPAI,"[SYNTHETIC] HPAI, animal - Bulgaria",True,confirmed,synthetic
PROMED-000172,2024000172.0172,2021-12-29,DEU,Germany,HPAI,"[SYNTHETIC] HPAI, animal - Germany",True,confirmed,synthetic
PROMED-000173,2024000173.0173,2022-01-07,ITA,Italy,HPAI,"[SYNTHETIC] HPAI, animal - Italy",True,suspected,synthetic
PROMED-000174,2024000174.0174,2022-01-05,ROU,Romania,HPAI,"[SYNTHETIC] HPAI, animal - Romania",True,confirmed,synthetic
PROMED-000175,2024000175.0175,2021-12-30,MDA,Moldova,HPAI,"[SYNTHETIC] HPAI, animal - Moldova",False,unverified,synthetic
PROMED-000176,2024000176.0176,2021-12-29,TUR,Türkiye,HPAI,"[SYNTHETIC] HPAI, animal - Türkiye",True,confirmed,synthetic
PROMED-000177,2024000177.0177,2022-01-14,ESP,Spain,HPAI,"[SYNTHETIC] HPAI, animal - Spain",True,confirmed,synthetic
PROMED-000178,2024000178.0178,2022-01-12,ROU,Romania,HPAI,"[SYNTHETIC] HPAI, animal - Romania",True,suspected,synthetic
PROMED-000179,2024000179.0179,2022-01-11,BGR,Bulgaria,HPAI,"[SYNTHETIC] HPAI, animal - Bulgaria",True,suspected,synthetic
PROMED-000180,2024000180.0180,2022-01-11,TUR,Türkiye,HPAI,"[SYNTHETIC] HPAI, animal - Türkiye",True,confirmed,synthetic
PROMED-000181,2024000181.0181,2022-01-12,GEO,Georgia,HPAI,"[SYNTHETIC] HPAI, animal - Georgia",False,confirmed,synthetic
PROMED-000182,2024000182.0182,2022-01-15,ITA,Italy,HPAI,"[SYNTHETIC] HPAI, animal - Italy",False,suspected,synthetic
PROMED-000183,2024000183.0183,2022-01-19,SRB,Serbia,HPAI,"[SYNTHETIC] HPAI, animal - Serbia",False,suspected,synthetic
PROMED-000184,2024000184.0184,2022-01-13,UKR,Ukraine,HPAI,"[SYNTHETIC] HPAI, animal - Ukraine",True,confirmed,synthetic
PROMED-000185,2024000185.0185,2022-01-18,GEO,Georgia,HPAI,"[SYNTHETIC] HPAI, animal - Georgia",False,confirmed,synthetic
PROMED-000186,2024000186.0186,2022-01-26,TUR,Türkiye,HPAI,"[SYNTHETIC] HPAI, animal - Türkiye",True,suspected,synthetic
PROMED-000187,2024000187.0187,2022-01-24,GEO,Georgia,HPAI,"[SYNTHETIC] HPAI, animal - Georgia",False,suspected,synthetic
PROMED-000188,2024000188.0188,2022-01-20,TUN,Tunisia,HPAI,"[SYNTHETIC] HPAI, animal - Tunisia",True,unverified,synthetic
PROMED-000189,2024000189.0189,2022-01-29,SRB,Serbia,HPAI,"[SYNTHETIC] HPAI, animal - Serbia",True,suspected,synthetic
PROMED-000190,2024000190.0190,2022-01-31,GEO,Georgia,HPAI,"[SYNTHETIC] HPAI, animal - Georgia",True,unverified,synthetic
PROMED-000191,2024000191.0191,2022-02-03,FRA,France,HPAI,"[SYNTHETIC] HPAI, animal - France",True,suspected,synthetic
PROMED-000192,2024000192.0192,2022-02-07,UKR,Ukraine,HPAI,"[SYNTHETIC] HPAI, animal - Ukraine",False,unverified,synthetic
PROMED-000193,2024000193.0193,2022-02-16,MDA,Moldova,HPAI,"[SYNTHETIC] HPAI, animal - Moldova",False,confirmed,synthetic
PROMED-000194,2024000194.0194,2022-02-13,TUN,Tunisia,HPAI,"[SYNTHETIC] HPAI, animal - Tunisia",False,suspected,synthetic
PROMED-000195,2024000195.0195,2022-02-22,NLD,Netherlands,HPAI,"[SYNTHETIC] HPAI, animal - Netherlands",True,suspected,synthetic
PROMED-000196,2024000196.0196,2022-02-19,TUR,Türkiye,HPAI,"[SYNTHETIC] HPAI, animal - Türkiye",True,confirmed,synthetic
PROMED-000197,2024000197.0197,2022-02-28,ESP,Spain,HPAI,"[SYNTHETIC] HPAI, animal - Spain",False,confirmed,synthetic
PROMED-000198,2024000198.0198,2022-02-26,ROU,Romania,HPAI,"[SYNTHETIC] HPAI, animal - Romania",False,confirmed,synthetic
PROMED-000199,2024000199.0199,2022-02-28,EGY,Egypt,HPAI,"[SYNTHETIC] HPAI, animal - Egypt",True,confirmed,synthetic
PROMED-000200,2024000200.0200,2022-03-17,ITA,Italy,HPAI,"[SYNTHETIC] HPAI, animal - Italy",False,confirmed,synthetic
PROMED-000201,2024000201.0201,2022-03-22,SRB,Serbia,HPAI,"[SYNTHETIC] HPAI, animal - Serbia",True,suspected,synthetic
PROMED-000202,2024000202.0202,2022-03-25,UKR,Ukraine,HPAI,"[SYNTHETIC] HPAI, animal - Ukraine",False,confirmed,synthetic
PROMED-000203,2024000203.0203,2022-03-30,TUR,Türkiye,HPAI,"[SYNTHETIC] HPAI, animal - Türkiye",False,confirmed,synthetic
PROMED-000204,2024000204.0204,2022-03-31,POL,Poland,HPAI,"[SYNTHETIC] HPAI, animal - Poland",False,suspected,synthetic
PROMED-000205,2024000205.0205,2022-04-09,HUN,Hungary,HPAI,"[SYNTHETIC] HPAI, animal - Hungary",True,suspected,synthetic
PROMED-000206,2024000206.0206,2022-04-15,BEL,Belgium,HPAI,"[SYNTHETIC] HPAI, animal - Belgium",False,suspected,synthetic
PROMED-000207,2024000207.0207,2022-04-17,HUN,Hungary,HPAI,"[SYNTHETIC] HPAI, animal - Hungary",True,confirmed,synthetic
PROMED-000208,2024000208.0208,2022-04-13,EGY,Egypt,HPAI,"[SYNTHETIC] HPAI, animal - Egypt",True,suspected,synthetic
PROMED-000209,2024000209.0209,2022-04-27,ROU,Romania,HPAI,"[SYNTHETIC] HPAI, animal - Romania",True,suspected,synthetic
PROMED-000210,2024000210.0210,2022-05-01,SRB,Serbia,HPAI,"[SYNTHETIC] HPAI, animal - Serbia",False,suspected,synthetic
PROMED-000211,2024000211.0211,2022-05-05,HUN,Hungary,HPAI,"[SYNTHETIC] HPAI, animal - Hungary",False,confirmed,synthetic
PROMED-000212,2024000212.0212,2022-11-13,MDA,Moldova,HPAI,"[SYNTHETIC] HPAI, animal - Moldova",True,suspected,synthetic
PROMED-000213,2024000213.0213,2022-11-17,UKR,Ukraine,HPAI,"[SYNTHETIC] HPAI, animal - Ukraine",False,confirmed,synthetic
PROMED-000214,2024000214.0214,2022-11-26,NLD,Netherlands,HPAI,"[SYNTHETIC] HPAI, animal - Netherlands",True,confirmed,synthetic
PROMED-000215,2024000215.0215,2022-11-29,POL,Poland,HPAI,"[SYNTHETIC] HPAI, animal - Poland",True,confirmed,synthetic
PROMED-000216,2024000216.0216,2022-11-27,UKR,Ukraine,HPAI,"[SYNTHETIC] HPAI, animal - Ukraine",True,confirmed,synthetic
PROMED-000217,2024000217.0217,2022-12-05,NLD,Netherlands,HPAI,"[SYNTHETIC] HPAI, animal - Netherlands",False,unverified,synthetic
PROMED-000218,2024000218.0218,2022-12-06,ROU,Romania,HPAI,"[SYNTHETIC] HPAI, animal - Romania",True,confirmed,synthetic
PROMED-000219,2024000219.0219,2022-12-09,SRB,Serbia,HPAI,"[SYNTHETIC] HPAI, animal - Serbia",False,confirmed,synthetic
PROMED-000220,2024000220.0220,2022-12-09,HUN,Hungary,HPAI,"[SYNTHETIC] HPAI, animal - Hungary",True,confirmed,synthetic
PROMED-000221,2024000221.0221,2022-12-08,ROU,Romania,HPAI,"[SYNTHETIC] HPAI, animal - Romania",False,confirmed,synthetic
PROMED-000222,2024000222.0222,2022-12-07,SRB,Serbia,HPAI,"[SYNTHETIC] HPAI, animal - Serbia",False,suspected,synthetic
PROMED-000223,2024000223.0223,2022-12-12,MDA,Moldova,HPAI,"[SYNTHETIC] HPAI, animal - Moldova",True,confirmed,synthetic
PROMED-000224,2024000224.0224,2022-12-16,TUR,Türkiye,HPAI,"[SYNTHETIC] HPAI, animal - Türkiye",False,confirmed,synthetic
PROMED-000225,2024000225.0225,2022-12-23,POL,Poland,HPAI,"[SYNTHETIC] HPAI, animal - Poland",True,suspected,synthetic
PROMED-000226,2024000226.0226,2022-12-20,SRB,Serbia,HPAI,"[SYNTHETIC] HPAI, animal - Serbia",True,suspected,synthetic
PROMED-000227,2024000227.0227,2022-12-22,ROU,Romania,HPAI,"[SYNTHETIC] HPAI, animal - Romania",True,suspected,synthetic
PROMED-000228,2024000228.0228,2022-12-26,TUN,Tunisia,HPAI,"[SYNTHETIC] HPAI, animal - Tunisia",True,suspected,synthetic
PROMED-000229,2024000229.0229,2023-01-05,EGY,Egypt,HPAI,"[SYNTHETIC] HPAI, animal - Egypt",False,confirmed,synthetic
PROMED-000230,2024000230.0230,2023-01-18,ISR,Israel,HPAI,"[SYNTHETIC] HPAI, animal - Israel",False,suspected,synthetic
PROMED-000231,2024000231.0231,2023-01-26,MDA,Moldova,HPAI,"[SYNTHETIC] HPAI, animal - Moldova",True,confirmed,synthetic
PROMED-000232,2024000232.0232,2023-01-27,GEO,Georgia,HPAI,"[SYNTHETIC] HPAI, animal - Georgia",True,suspected,synthetic
PROMED-000233,2024000233.0233,2023-01-28,GEO,Georgia,HPAI,"[SYNTHETIC] HPAI, animal - Georgia",False,confirmed,synthetic
PROMED-000234,2024000234.0234,2023-02-09,TUR,Türkiye,HPAI,"[SYNTHETIC] HPAI, animal - Türkiye",True,unverified,synthetic
PROMED-000235,2024000235.0235,2023-02-18,TUN,Tunisia,HPAI,"[SYNTHETIC] HPAI, animal - Tunisia",True,confirmed,synthetic
PROMED-000236,2024000236.0236,2023-02-22,ISR,Israel,HPAI,"[SYNTHETIC] HPAI, animal - Israel",True,confirmed,synthetic
PROMED-000237,2024000237.0237,2023-03-05,NLD,Netherlands,HPAI,"[SYNTHETIC] HPAI, animal - Netherlands",True,confirmed,synthetic
PROMED-000238,2024000238.0238,2023-03-09,UKR,Ukraine,HPAI,"[SYNTHETIC] HPAI, animal - Ukraine",False,confirmed,synthetic
PROMED-000239,2024000239.0239,2023-03-01,TUR,Türkiye,HPAI,"[SYNTHETIC] HPAI, animal - Türkiye",True,suspected,synthetic
PROMED-000240,2024000240.0240,2023-03-16,MDA,Moldova,HPAI,"[SYNTHETIC] HPAI, animal - Moldova",True,confirmed,synthetic
PROMED-000241,2024000241.0241,2023-03-23,ITA,Italy,HPAI,"[SYNTHETIC] HPAI, animal - Italy",True,confirmed,synthetic
PROMED-000242,2024000242.0242,2023-04-02,NLD,Netherlands,HPAI,"[SYNTHETIC] HPAI, animal - Netherlands",True,unverified,synthetic
PROMED-000243,2024000243.0243,2023-03-31,MAR,Morocco,HPAI,"[SYNTHETIC] HPAI, animal - Morocco",False,confirmed,synthetic
PROMED-000244,2024000244.0244,2023-04-07,DEU,Germany,HPAI,"[SYNTHETIC] HPAI, animal - Germany",False,suspected,synthetic
PROMED-000245,2024000245.0245,2023-04-13,NLD,Netherlands,HPAI,"[SYNTHETIC] HPAI, animal - Netherlands",True,unverified,synthetic
PROMED-000246,2024000246.0246,2023-04-12,ITA,Italy,HPAI,"[SYNTHETIC] HPAI, animal - Italy",False,suspected,synthetic
PROMED-000247,2024000247.0247,2023-04-14,NLD,Netherlands,HPAI,"[SYNTHETIC] HPAI, animal - Netherlands",True,suspected,synthetic
PROMED-000248,2024000248.0248,2023-05-02,DEU,Germany,HPAI,"[SYNTHETIC] HPAI, animal - Germany",True,confirmed,synthetic
PROMED-000249,2024000249.0249,2023-05-03,BEL,Belgium,HPAI,"[SYNTHETIC] HPAI, animal - Belgium",False,confirmed,synthetic
PROMED-000250,2024000250.0250,2023-04-30,RUS,Russian Federation,HPAI,"[SYNTHETIC] HPAI, animal - Russian Federation",False,unverified,synthetic
PROMED-000251,2024000251.0251,2023-05-06,BEL,Belgium,HPAI,"[SYNTHETIC] HPAI, animal - Belgium",True,unverified,synthetic
PROMED-000252,2024000252.0252,2023-05-04,POL,Poland,HPAI,"[SYNTHETIC] HPAI, animal - Poland",False,suspected,synthetic
PROMED-000253,2024000253.0253,2023-05-11,ROU,Romania,HPAI,"[SYNTHETIC] HPAI, animal - Romania",True,unverified,synthetic
PROMED-000254,2024000254.0254,2023-05-12,RUS,Russian Federation,HPAI,"[SYNTHETIC] HPAI, animal - Russian Federation",True,suspected,synthetic
PROMED-000255,2024000255.0255,2023-05-10,NLD,Netherlands,HPAI,"[SYNTHETIC] HPAI, animal - Netherlands",True,confirmed,synthetic
PROMED-000256,2024000256.0256,2023-05-15,MDA,Moldova,HPAI,"[SYNTHETIC] HPAI, animal - Moldova",True,suspected,synthetic
PROMED-000257,2024000257.0257,2023-05-29,NLD,Netherlands,HPAI,"[SYNTHETIC] HPAI, animal - Netherlands",False,confirmed,synthetic
PROMED-000258,2024000258.0258,2023-05-27,ESP,Spain,HPAI,"[SYNTHETIC] HPAI, animal - Spain",True,confirmed,synthetic
PROMED-000259,2024000259.0259,2023-06-02,POL,Poland,HPAI,"[SYNTHETIC] HPAI, animal - Poland",True,unverified,synthetic
PROMED-000260,2024000260.0260,2023-05-31,ROU,Romania,HPAI,"[SYNTHETIC] HPAI, animal - Romania",True,unverified,synthetic
PROMED-000261,2024000261.0261,2023-06-05,MDA,Moldova,HPAI,"[SYNTHETIC] HPAI, animal - Moldova",False,unverified,synthetic
PROMED-000262,2024000262.0262,2023-11-04,DEU,Germany,HPAI,"[SYNTHETIC] HPAI, animal - Germany",True,confirmed,synthetic
PROMED-000263,2024000263.0263,2023-11-17,ITA,Italy,HPAI,"[SYNTHETIC] HPAI, animal - Italy",True,unverified,synthetic
PROMED-000264,2024000264.0264,2023-11-21,FRA,France,HPAI,"[SYNTHETIC] HPAI, animal - France",False,unverified,synthetic
PROMED-000265,2024000265.0265,2023-11-18,NLD,Netherlands,HPAI,"[SYNTHETIC] HPAI, animal - Netherlands",True,confirmed,synthetic
PROMED-000266,2024000266.0266,2023-11-21,BEL,Belgium,HPAI,"[SYNTHETIC] HPAI, animal - Belgium",False,suspected,synthetic
PROMED-000267,2024000267.0267,2023-11-24,ESP,Spain,HPAI,"[SYNTHETIC] HPAI, animal - Spain",True,suspected,synthetic
PROMED-000268,2024000268.0268,2023-11-15,HUN,Hungary,HPAI,"[SYNTHETIC] HPAI, animal - Hungary",True,unverified,synthetic
PROMED-000269,2024000269.0269,2023-11-30,FRA,France,HPAI,"[SYNTHETIC] HPAI, animal - France",True,confirmed,synthetic
PROMED-000270,2024000270.0270,2023-11-23,DEU,Germany,HPAI,"[SYNTHETIC] HPAI, animal - Germany",False,unverified,synthetic
PROMED-000271,2024000271.0271,2023-11-30,NLD,Netherlands,HPAI,"[SYNTHETIC] HPAI, animal - Netherlands",True,unverified,synthetic
PROMED-000272,2024000272.0272,2023-11-25,ESP,Spain,HPAI,"[SYNTHETIC] HPAI, animal - Spain",False,suspected,synthetic
PROMED-000273,2024000273.0273,2023-12-06,FRA,France,HPAI,"[SYNTHETIC] HPAI, animal - France",True,suspected,synthetic
PROMED-000274,2024000274.0274,2023-11-29,NLD,Netherlands,HPAI,"[SYNTHETIC] HPAI, animal - Netherlands",True,unverified,synthetic
PROMED-000275,2024000275.0275,2023-12-02,ITA,Italy,HPAI,"[SYNTHETIC] HPAI, animal - Italy",False,confirmed,synthetic
PROMED-000276,2024000276.0276,2023-12-05,HUN,Hungary,HPAI,"[SYNTHETIC] HPAI, animal - Hungary",False,suspected,synthetic
PROMED-000277,2024000277.0277,2023-11-30,MDA,Moldova,HPAI,"[SYNTHETIC] HPAI, animal - Moldova",False,unverified,synthetic
PROMED-000278,2024000278.0278,2023-11-30,GEO,Georgia,HPAI,"[SYNTHETIC] HPAI, animal - Georgia",True,confirmed,synthetic
PROMED-000279,2024000279.0279,2023-12-11,FRA,France,HPAI,"[SYNTHETIC] HPAI, animal - France",True,suspected,synthetic
PROMED-000280,2024000280.0280,2023-12-13,DEU,Germany,HPAI,"[SYNTHETIC] HPAI, animal - Germany",True,suspected,synthetic
PROMED-000281,2024000281.0281,2023-12-09,BEL,Belgium,HPAI,"[SYNTHETIC] HPAI, animal - Belgium",True,confirmed,synthetic
PROMED-000282,2024000282.0282,2023-12-10,ITA,Italy,HPAI,"[SYNTHETIC] HPAI, animal - Italy",True,confirmed,synthetic
PROMED-000283,2024000283.0283,2023-12-10,ESP,Spain,HPAI,"[SYNTHETIC] HPAI, animal - Spain",True,unverified,synthetic
PROMED-000284,2024000284.0284,2023-12-09,POL,Poland,HPAI,"[SYNTHETIC] HPAI, animal - Poland",True,confirmed,synthetic
PROMED-000285,2024000285.0285,2023-12-09,HUN,Hungary,HPAI,"[SYNTHETIC] HPAI, animal - Hungary",True,confirmed,synthetic
PROMED-000286,2024000286.0286,2023-12-07,SRB,Serbia,HPAI,"[SYNTHETIC] HPAI, animal - Serbia",False,suspected,synthetic
PROMED-000287,2024000287.0287,2023-12-11,UKR,Ukraine,HPAI,"[SYNTHETIC] HPAI, animal - Ukraine",True,suspected,synthetic
PROMED-000288,2024000288.0288,2023-12-13,GEO,Georgia,HPAI,"[SYNTHETIC] HPAI, animal - Georgia",True,suspected,synthetic
PROMED-000289,2024000289.0289,2023-12-16,FRA,France,HPAI,"[SYNTHETIC] HPAI, animal - France",True,suspected,synthetic
PROMED-000290,2024000290.0290,2023-12-20,NLD,Netherlands,HPAI,"[SYNTHETIC] HPAI, animal - Netherlands",False,suspected,synthetic
PROMED-000291,2024000291.0291,2023-12-13,BEL,Belgium,HPAI,"[SYNTHETIC] HPAI, animal - Belgium",True,confirmed,synthetic
PROMED-000292,2024000292.0292,2023-12-21,ITA,Italy,HPAI,"[SYNTHETIC] HPAI, animal - Italy",True,confirmed,synthetic
PROMED-000293,2024000293.0293,2023-12-21,ESP,Spain,HPAI,"[SYNTHETIC] HPAI, animal - Spain",True,suspected,synthetic
PROMED-000294,2024000294.0294,2023-12-20,POL,Poland,HPAI,"[SYNTHETIC] HPAI, animal - Poland",False,suspected,synthetic
PROMED-000295,2024000295.0295,2023-12-20,HUN,Hungary,HPAI,"[SYNTHETIC] HPAI, animal - Hungary",True,confirmed,synthetic
PROMED-000296,2024000296.0296,2023-12-16,ROU,Romania,HPAI,"[SYNTHETIC] HPAI, animal - Romania",True,confirmed,synthetic
PROMED-000297,2024000297.0297,2023-12-18,GEO,Georgia,HPAI,"[SYNTHETIC] HPAI, animal - Georgia",True,confirmed,synthetic
PROMED-000298,2024000298.0298,2023-12-25,FRA,France,HPAI,"[SYNTHETIC] HPAI, animal - France",False,suspected,synthetic
PROMED-000299,2024000299.0299,2023-12-24,BEL,Belgium,HPAI,"[SYNTHETIC] HPAI, animal - Belgium",False,confirmed,synthetic
PROMED-000300,2024000300.0300,2023-12-22,ITA,Italy,HPAI,"[SYNTHETIC] HPAI, animal - Italy",False,suspected,synthetic
PROMED-000301,2024000301.0301,2023-12-23,ESP,Spain,HPAI,"[SYNTHETIC] HPAI, animal - Spain",False,confirmed,synthetic
PROMED-000302,2024000302.0302,2023-12-21,POL,Poland,HPAI,"[SYNTHETIC] HPAI, animal - Poland",True,confirmed,synthetic
PROMED-000303,2024000303.0303,2023-12-27,HUN,Hungary,HPAI,"[SYNTHETIC] HPAI, animal - Hungary",True,confirmed,synthetic
PROMED-000304,2024000304.0304,2023-12-24,ROU,Romania,HPAI,"[SYNTHETIC] HPAI, animal - Romania",False,suspected,synthetic
PROMED-000305,2024000305.0305,2023-12-25,BGR,Bulgaria,HPAI,"[SYNTHETIC] HPAI, animal - Bulgaria",False,confirmed,synthetic
PROMED-000306,2024000306.0306,2023-12-29,UKR,Ukraine,HPAI,"[SYNTHETIC] HPAI, animal - Ukraine",False,suspected,synthetic
PROMED-000307,2024000307.0307,2023-12-20,GEO,Georgia,HPAI,"[SYNTHETIC] HPAI, animal - Georgia",False,confirmed,synthetic
PROMED-000308,2024000308.0308,2023-12-31,FRA,France,HPAI,"[SYNTHETIC] HPAI, animal - France",True,confirmed,synthetic
PROMED-000309,2024000309.0309,2023-12-30,NLD,Netherlands,HPAI,"[SYNTHETIC] HPAI, animal - Netherlands",False,confirmed,synthetic
PROMED-000310,2024000310.0310,2023-12-30,BEL,Belgium,HPAI,"[SYNTHETIC] HPAI, animal - Belgium",True,suspected,synthetic
PROMED-000311,2024000311.0311,2023-12-31,ESP,Spain,HPAI,"[SYNTHETIC] HPAI, animal - Spain",True,confirmed,synthetic
PROMED-000312,2024000312.0312,2024-01-02,HUN,Hungary,HPAI,"[SYNTHETIC] HPAI, animal - Hungary",True,confirmed,synthetic
PROMED-000313,2024000313.0313,2024-01-02,BGR,Bulgaria,HPAI,"[SYNTHETIC] HPAI, animal - Bulgaria",False,suspected,synthetic
PROMED-000314,2024000314.0314,2023-12-27,UKR,Ukraine,HPAI,"[SYNTHETIC] HPAI, animal - Ukraine",True,suspected,synthetic
PROMED-000315,2024000315.0315,2024-01-01,MDA,Moldova,HPAI,"[SYNTHETIC] HPAI, animal - Moldova",True,suspected,synthetic
PROMED-000316,2024000316.0316,2024-01-05,TUN,Tunisia,HPAI,"[SYNTHETIC] HPAI, animal - Tunisia",True,confirmed,synthetic
PROMED-000317,2024000317.0317,2024-01-03,MAR,Morocco,HPAI,"[SYNTHETIC] HPAI, animal - Morocco",False,suspected,synthetic
PROMED-000318,2024000318.0318,2024-01-04,FRA,France,HPAI,"[SYNTHETIC] HPAI, animal - France",False,suspected,synthetic
PROMED-000319,2024000319.0319,2024-01-06,NLD,Netherlands,HPAI,"[SYNTHETIC] HPAI, animal - Netherlands",True,confirmed,synthetic
PROMED-000320,2024000320.0320,2024-01-04,ESP,Spain,HPAI,"[SYNTHETIC] HPAI, animal - Spain",False,unverified,synthetic
PROMED-000321,2024000321.0321,2024-01-10,UKR,Ukraine,HPAI,"[SYNTHETIC] HPAI, animal - Ukraine",False,unverified,synthetic
PROMED-000322,2024000322.0322,2024-01-10,MDA,Moldova,HPAI,"[SYNTHETIC] HPAI, animal - Moldova",False,unverified,synthetic
PROMED-000323,2024000323.0323,2024-01-10,GEO,Georgia,HPAI,"[SYNTHETIC] HPAI, animal - Georgia",True,confirmed,synthetic
PROMED-000324,2024000324.0324,2024-01-17,ESP,Spain,HPAI,"[SYNTHETIC] HPAI, animal - Spain",False,suspected,synthetic
PROMED-000325,2024000325.0325,2024-01-19,ROU,Romania,HPAI,"[SYNTHETIC] HPAI, animal - Romania",False,suspected,synthetic
PROMED-000326,2024000326.0326,2024-01-14,BGR,Bulgaria,HPAI,"[SYNTHETIC] HPAI, animal - Bulgaria",False,confirmed,synthetic
PROMED-000327,2024000327.0327,2024-01-11,SRB,Serbia,HPAI,"[SYNTHETIC] HPAI, animal - Serbia",True,suspected,synthetic
PROMED-000328,2024000328.0328,2024-01-12,UKR,Ukraine,HPAI,"[SYNTHETIC] HPAI, animal - Ukraine",False,unverified,synthetic
PROMED-000329,2024000329.0329,2024-01-15,MAR,Morocco,HPAI,"[SYNTHETIC] HPAI, animal - Morocco",False,suspected,synthetic
PROMED-000330,2024000330.0330,2024-01-26,FRA,France,HPAI,"[SYNTHETIC] HPAI, animal - France",False,suspected,synthetic
PROMED-000331,2024000331.0331,2024-01-23,ITA,Italy,HPAI,"[SYNTHETIC] HPAI, animal - Italy",True,suspected,synthetic
PROMED-000332,2024000332.0332,2024-01-18,BGR,Bulgaria,HPAI,"[SYNTHETIC] HPAI, animal - Bulgaria",True,suspected,synthetic
PROMED-000333,2024000333.0333,2024-01-18,TUR,Türkiye,HPAI,"[SYNTHETIC] HPAI, animal - Türkiye",False,confirmed,synthetic
PROMED-000334,2024000334.0334,2024-01-23,TUN,Tunisia,HPAI,"[SYNTHETIC] HPAI, animal - Tunisia",True,unverified,synthetic
PROMED-000335,2024000335.0335,2024-01-24,BGR,Bulgaria,HPAI,"[SYNTHETIC] HPAI, animal - Bulgaria",False,confirmed,synthetic
PROMED-000336,2024000336.0336,2024-01-28,SRB,Serbia,HPAI,"[SYNTHETIC] HPAI, animal - Serbia",True,unverified,synthetic
PROMED-000337,2024000337.0337,2024-02-01,TUR,Türkiye,HPAI,"[SYNTHETIC] HPAI, animal - Türkiye",True,confirmed,synthetic
PROMED-000338,2024000338.0338,2024-02-01,TUN,Tunisia,HPAI,"[SYNTHETIC] HPAI, animal - Tunisia",True,suspected,synthetic
PROMED-000339,2024000339.0339,2024-02-06,TUR,Türkiye,HPAI,"[SYNTHETIC] HPAI, animal - Türkiye",True,suspected,synthetic
PROMED-000340,2024000340.0340,2024-02-06,TUN,Tunisia,HPAI,"[SYNTHETIC] HPAI, animal - Tunisia",False,suspected,synthetic
PROMED-000341,2024000341.0341,2024-02-07,TUR,Türkiye,HPAI,"[SYNTHETIC] HPAI, animal - Türkiye",True,confirmed,synthetic
PROMED-000342,2024000342.0342,2024-02-15,BGR,Bulgaria,HPAI,"[SYNTHETIC] HPAI, animal - Bulgaria",True,confirmed,synthetic
PROMED-000343,2024000343.0343,2024-02-20,TUR,Türkiye,HPAI,"[SYNTHETIC] HPAI, animal - Türkiye",True,unverified,synthetic
PROMED-000344,2024000344.0344,2024-02-18,GEO,Georgia,HPAI,"[SYNTHETIC] HPAI, animal - Georgia",False,confirmed,synthetic
PROMED-000345,2024000345.0345,2024-02-26,TUR,Türkiye,HPAI,"[SYNTHETIC] HPAI, animal - Türkiye",False,confirmed,synthetic
PROMED-000346,2024000346.0346,2024-03-13,TUR,Türkiye,HPAI,"[SYNTHETIC] HPAI, animal - Türkiye",False,unverified,synthetic
PROMED-000347,2024000347.0347,2024-03-22,FRA,France,HPAI,"[SYNTHETIC] HPAI, animal - France",True,confirmed,synthetic
PROMED-000348,2024000348.0348,2024-03-24,ISR,Israel,HPAI,"[SYNTHETIC] HPAI, animal - Israel",True,suspected,synthetic
PROMED-000349,2024000349.0349,2024-05-10,ITA,Italy,HPAI,"[SYNTHETIC] HPAI, animal - Italy",False,confirmed,synthetic
PROMED-000350,2024000350.0350,2024-05-19,NLD,Netherlands,HPAI,"[SYNTHETIC] HPAI, animal - Netherlands",False,confirmed,synthetic
PROMED-000351,2024000351.0351,2024-05-26,FRA,France,HPAI,"[SYNTHETIC] HPAI, animal - France",True,confirmed,synthetic
PROMED-000352,2024000352.0352,2024-06-18,NLD,Netherlands,HPAI,"[SYNTHETIC] HPAI, animal - Netherlands",True,suspected,synthetic
PROMED-000353,2024000353.0353,2024-10-25,DEU,Germany,HPAI,"[SYNTHETIC] HPAI, animal - Germany",True,suspected,synthetic
PROMED-000354,2024000354.0354,2024-10-23,NLD,Netherlands,HPAI,"[SYNTHETIC] HPAI, animal - Netherlands",False,suspected,synthetic
PROMED-000355,2024000355.0355,2024-10-30,NLD,Netherlands,HPAI,"[SYNTHETIC] HPAI, animal - Netherlands",False,confirmed,synthetic
PROMED-000356,2024000356.0356,2024-11-15,NLD,Netherlands,HPAI,"[SYNTHETIC] HPAI, animal - Netherlands",True,confirmed,synthetic
PROMED-000357,2024000357.0357,2024-11-18,DEU,Germany,HPAI,"[SYNTHETIC] HPAI, animal - Germany",False,confirmed,synthetic
PROMED-000358,2024000358.0358,2024-11-19,BEL,Belgium,HPAI,"[SYNTHETIC] HPAI, animal - Belgium",True,suspected,synthetic
PROMED-000359,2024000359.0359,2024-11-24,FRA,France,HPAI,"[SYNTHETIC] HPAI, animal - France",True,confirmed,synthetic
PROMED-000360,2024000360.0360,2024-11-22,DEU,Germany,HPAI,"[SYNTHETIC] HPAI, animal - Germany",True,confirmed,synthetic
PROMED-000361,2024000361.0361,2024-11-26,NLD,Netherlands,HPAI,"[SYNTHETIC] HPAI, animal - Netherlands",True,confirmed,synthetic
PROMED-000362,2024000362.0362,2024-11-24,HUN,Hungary,HPAI,"[SYNTHETIC] HPAI, animal - Hungary",False,suspected,synthetic
PROMED-000363,2024000363.0363,2024-12-05,DEU,Germany,HPAI,"[SYNTHETIC] HPAI, animal - Germany",True,confirmed,synthetic
PROMED-000364,2024000364.0364,2024-12-01,NLD,Netherlands,HPAI,"[SYNTHETIC] HPAI, animal - Netherlands",False,suspected,synthetic
PROMED-000365,2024000365.0365,2024-11-27,BEL,Belgium,HPAI,"[SYNTHETIC] HPAI, animal - Belgium",False,confirmed,synthetic
PROMED-000366,2024000366.0366,2024-12-06,SRB,Serbia,HPAI,"[SYNTHETIC] HPAI, animal - Serbia",False,suspected,synthetic
PROMED-000367,2024000367.0367,2024-12-04,TUR,Türkiye,HPAI,"[SYNTHETIC] HPAI, animal - Türkiye",False,confirmed,synthetic
PROMED-000368,2024000368.0368,2024-12-01,TUN,Tunisia,HPAI,"[SYNTHETIC] HPAI, animal - Tunisia",False,suspected,synthetic
PROMED-000369,2024000369.0369,2024-12-06,DEU,Germany,HPAI,"[SYNTHETIC] HPAI, animal - Germany",True,suspected,synthetic
PROMED-000370,2024000370.0370,2024-12-05,POL,Poland,HPAI,"[SYNTHETIC] HPAI, animal - Poland",True,confirmed,synthetic
PROMED-000371,2024000371.0371,2024-12-12,SRB,Serbia,HPAI,"[SYNTHETIC] HPAI, animal - Serbia",True,suspected,synthetic
PROMED-000372,2024000372.0372,2024-12-12,MDA,Moldova,HPAI,"[SYNTHETIC] HPAI, animal - Moldova",True,suspected,synthetic
PROMED-000373,2024000373.0373,2024-12-18,NLD,Netherlands,HPAI,"[SYNTHETIC] HPAI, animal - Netherlands",True,suspected,synthetic
PROMED-000374,2024000374.0374,2024-12-13,BEL,Belgium,HPAI,"[SYNTHETIC] HPAI, animal - Belgium",False,unverified,synthetic
PROMED-000375,2024000375.0375,2024-12-16,ITA,Italy,HPAI,"[SYNTHETIC] HPAI, animal - Italy",False,unverified,synthetic
PROMED-000376,2024000376.0376,2024-12-20,BGR,Bulgaria,HPAI,"[SYNTHETIC] HPAI, animal - Bulgaria",False,confirmed,synthetic
PROMED-000377,2024000377.0377,2024-12-19,RUS,Russian Federation,HPAI,"[SYNTHETIC] HPAI, animal - Russian Federation",True,confirmed,synthetic
PROMED-000378,2024000378.0378,2024-12-26,FRA,France,HPAI,"[SYNTHETIC] HPAI, animal - France",False,confirmed,synthetic
PROMED-000379,2024000379.0379,2024-12-26,ITA,Italy,HPAI,"[SYNTHETIC] HPAI, animal - Italy",True,suspected,synthetic
PROMED-000380,2024000380.0380,2024-12-27,POL,Poland,HPAI,"[SYNTHETIC] HPAI, animal - Poland",True,unverified,synthetic
PROMED-000381,2024000381.0381,2024-12-19,TUR,Türkiye,HPAI,"[SYNTHETIC] HPAI, animal - Türkiye",True,confirmed,synthetic
PROMED-000382,2024000382.0382,2024-12-28,FRA,France,HPAI,"[SYNTHETIC] HPAI, animal - France",True,confirmed,synthetic
PROMED-000383,2024000383.0383,2025-01-03,ITA,Italy,HPAI,"[SYNTHETIC] HPAI, animal - Italy",False,unverified,synthetic
PROMED-000384,2024000384.0384,2024-12-25,ROU,Romania,HPAI,"[SYNTHETIC] HPAI, animal - Romania",True,confirmed,synthetic
PROMED-000385,2024000385.0385,2024-12-28,BGR,Bulgaria,HPAI,"[SYNTHETIC] HPAI, animal - Bulgaria",True,confirmed,synthetic
PROMED-000386,2024000386.0386,2024-12-27,SRB,Serbia,HPAI,"[SYNTHETIC] HPAI, animal - Serbia",False,suspected,synthetic
PROMED-000387,2024000387.0387,2024-12-29,MDA,Moldova,HPAI,"[SYNTHETIC] HPAI, animal - Moldova",True,suspected,synthetic
PROMED-000388,2024000388.0388,2025-01-04,FRA,France,HPAI,"[SYNTHETIC] HPAI, animal - France",True,confirmed,synthetic
PROMED-000389,2024000389.0389,2025-01-03,ROU,Romania,HPAI,"[SYNTHETIC] HPAI, animal - Romania",True,confirmed,synthetic
PROMED-000390,2024000390.0390,2025-01-06,GEO,Georgia,HPAI,"[SYNTHETIC] HPAI, animal - Georgia",False,suspected,synthetic
PROMED-000391,2024000391.0391,2025-01-16,FRA,France,HPAI,"[SYNTHETIC] HPAI, animal - France",False,suspected,synthetic
PROMED-000392,2024000392.0392,2025-01-11,DEU,Germany,HPAI,"[SYNTHETIC] HPAI, animal - Germany",False,suspected,synthetic
PROMED-000393,2024000393.0393,2025-01-17,BEL,Belgium,HPAI,"[SYNTHETIC] HPAI, animal - Belgium",True,confirmed,synthetic
PROMED-000394,2024000394.0394,2025-01-12,ESP,Spain,HPAI,"[SYNTHETIC] HPAI, animal - Spain",False,unverified,synthetic
PROMED-000395,2024000395.0395,2025-01-17,TUR,Türkiye,HPAI,"[SYNTHETIC] HPAI, animal - Türkiye",True,confirmed,synthetic
PROMED-000396,2024000396.0396,2025-01-10,TUN,Tunisia,HPAI,"[SYNTHETIC] HPAI, animal - Tunisia",True,confirmed,synthetic
PROMED-000397,2024000397.0397,2025-01-16,FRA,France,HPAI,"[SYNTHETIC] HPAI, animal - France",True,confirmed,synthetic
PROMED-000398,2024000398.0398,2025-01-17,BEL,Belgium,HPAI,"[SYNTHETIC] HPAI, animal - Belgium",False,unverified,synthetic
PROMED-000399,2024000399.0399,2025-01-21,BGR,Bulgaria,HPAI,"[SYNTHETIC] HPAI, animal - Bulgaria",False,unverified,synthetic
PROMED-000400,2024000400.0400,2025-01-23,FRA,France,HPAI,"[SYNTHETIC] HPAI, animal - France",True,unverified,synthetic
PROMED-000401,2024000401.0401,2025-01-26,ITA,Italy,HPAI,"[SYNTHETIC] HPAI, animal - Italy",False,confirmed,synthetic
PROMED-000402,2024000402.0402,2025-01-26,POL,Poland,HPAI,"[SYNTHETIC] HPAI, animal - Poland",True,confirmed,synthetic
PROMED-000403,2024000403.0403,2025-01-30,RUS,Russian Federation,HPAI,"[SYNTHETIC] HPAI, animal - Russian Federation",True,confirmed,synthetic
PROMED-000404,2024000404.0404,2025-01-28,GEO,Georgia,HPAI,"[SYNTHETIC] HPAI, animal - Georgia",True,suspected,synthetic
PROMED-000405,2024000405.0405,2025-01-26,ISR,Israel,HPAI,"[SYNTHETIC] HPAI, animal - Israel",True,confirmed,synthetic
PROMED-000406,2024000406.0406,2025-01-29,MAR,Morocco,HPAI,"[SYNTHETIC] HPAI, animal - Morocco",False,unverified,synthetic
PROMED-000407,2024000407.0407,2025-02-02,ITA,Italy,HPAI,"[SYNTHETIC] HPAI, animal - Italy",True,suspected,synthetic
PROMED-000408,2024000408.0408,2025-02-07,HUN,Hungary,HPAI,"[SYNTHETIC] HPAI, animal - Hungary",True,suspected,synthetic
PROMED-000409,2024000409.0409,2025-02-08,FRA,France,HPAI,"[SYNTHETIC] HPAI, animal - France",True,confirmed,synthetic
PROMED-000410,2024000410.0410,2025-02-05,ITA,Italy,HPAI,"[SYNTHETIC] HPAI, animal - Italy",False,confirmed,synthetic
PROMED-000411,2024000411.0411,2025-02-14,ESP,Spain,HPAI,"[SYNTHETIC] HPAI, animal - Spain",True,unverified,synthetic
PROMED-000412,2024000412.0412,2025-02-07,MAR,Morocco,HPAI,"[SYNTHETIC] HPAI, animal - Morocco",True,suspected,synthetic
PROMED-000413,2024000413.0413,2025-02-26,GEO,Georgia,HPAI,"[SYNTHETIC] HPAI, animal - Georgia",False,suspected,synthetic
PROMED-000414,2024000414.0414,2025-03-05,GEO,Georgia,HPAI,"[SYNTHETIC] HPAI, animal - Georgia",False,unverified,synthetic
PROMED-000415,2024000415.0415,2025-03-12,HUN,Hungary,HPAI,"[SYNTHETIC] HPAI, animal - Hungary",True,confirmed,synthetic
PROMED-000416,2024000416.0416,2025-03-14,BGR,Bulgaria,HPAI,"[SYNTHETIC] HPAI, animal - Bulgaria",True,confirmed,synthetic
PROMED-000417,2024000417.0417,2025-03-16,ITA,Italy,HPAI,"[SYNTHETIC] HPAI, animal - Italy",True,confirmed,synthetic
PROMED-000418,2024000418.0418,2025-03-21,SRB,Serbia,HPAI,"[SYNTHETIC] HPAI, animal - Serbia",True,confirmed,synthetic
PROMED-000419,2024000419.0419,2025-03-28,ITA,Italy,HPAI,"[SYNTHETIC] HPAI, animal - Italy",False,confirmed,synthetic
PROMED-000420,2024000420.0420,2025-03-19,TUR,Türkiye,HPAI,"[SYNTHETIC] HPAI, animal - Türkiye",False,confirmed,synthetic
PROMED-000421,2024000421.0421,2025-04-01,MDA,Moldova,HPAI,"[SYNTHETIC] HPAI, animal - Moldova",False,suspected,synthetic
PROMED-000422,2024000422.0422,2025-04-04,BGR,Bulgaria,HPAI,"[SYNTHETIC] HPAI, animal - Bulgaria",True,suspected,synthetic
PROMED-000423,2024000423.0423,2025-04-11,GEO,Georgia,HPAI,"[SYNTHETIC] HPAI, animal - Georgia",True,unverified,synthetic
PROMED-000424,2024000424.0424,2025-04-09,HUN,Hungary,HPAI,"[SYNTHETIC] HPAI, animal - Hungary",True,confirmed,synthetic
PROMED-000425,2024000425.0425,2025-04-15,SRB,Serbia,HPAI,"[SYNTHETIC] HPAI, animal - Serbia",True,confirmed,synthetic
PROMED-000426,2024000426.0426,2025-04-18,POL,Poland,HPAI,"[SYNTHETIC] HPAI, animal - Poland",False,unverified,synthetic
PROMED-000427,2024000427.0427,2025-04-19,GEO,Georgia,HPAI,"[SYNTHETIC] HPAI, animal - Georgia",True,suspected,synthetic
PROMED-000428,2024000428.0428,2025-04-28,DEU,Germany,HPAI,"[SYNTHETIC] HPAI, animal - Germany",True,confirmed,synthetic
PROMED-000429,2024000429.0429,2025-05-01,MDA,Moldova,HPAI,"[SYNTHETIC] HPAI, animal - Moldova",False,confirmed,synthetic
PROMED-000430,2024000430.0430,2025-05-06,RUS,Russian Federation,HPAI,"[SYNTHETIC] HPAI, animal - Russian Federation",True,suspected,synthetic
PROMED-000431,2024000431.0431,2025-06-12,ROU,Romania,HPAI,"[SYNTHETIC] HPAI, animal - Romania",True,confirmed,synthetic
PROMED-000432,2024000432.0432,2025-10-12,SRB,Serbia,HPAI,"[SYNTHETIC] HPAI, animal - Serbia",True,confirmed,synthetic
PROMED-000433,2024000433.0433,2025-10-31,DEU,Germany,HPAI,"[SYNTHETIC] HPAI, animal - Germany",True,confirmed,synthetic
PROMED-000434,2024000434.0434,2025-11-01,UKR,Ukraine,HPAI,"[SYNTHETIC] HPAI, animal - Ukraine",True,unverified,synthetic
PROMED-000435,2024000435.0435,2025-11-14,ROU,Romania,HPAI,"[SYNTHETIC] HPAI, animal - Romania",True,suspected,synthetic
PROMED-000436,2024000436.0436,2025-11-13,MDA,Moldova,HPAI,"[SYNTHETIC] HPAI, animal - Moldova",True,suspected,synthetic
PROMED-000437,2024000437.0437,2025-11-15,DEU,Germany,HPAI,"[SYNTHETIC] HPAI, animal - Germany",False,confirmed,synthetic
PROMED-000438,2024000438.0438,2025-11-13,NLD,Netherlands,HPAI,"[SYNTHETIC] HPAI, animal - Netherlands",True,confirmed,synthetic
PROMED-000439,2024000439.0439,2025-11-16,POL,Poland,HPAI,"[SYNTHETIC] HPAI, animal - Poland",True,confirmed,synthetic
PROMED-000440,2024000440.0440,2025-11-15,SRB,Serbia,HPAI,"[SYNTHETIC] HPAI, animal - Serbia",True,confirmed,synthetic
PROMED-000441,2024000441.0441,2025-11-12,UKR,Ukraine,HPAI,"[SYNTHETIC] HPAI, animal - Ukraine",False,unverified,synthetic
PROMED-000442,2024000442.0442,2025-11-23,DEU,Germany,HPAI,"[SYNTHETIC] HPAI, animal - Germany",False,confirmed,synthetic
PROMED-000443,2024000443.0443,2025-11-24,HUN,Hungary,HPAI,"[SYNTHETIC] HPAI, animal - Hungary",False,suspected,synthetic
PROMED-000444,2024000444.0444,2025-11-25,BGR,Bulgaria,HPAI,"[SYNTHETIC] HPAI, animal - Bulgaria",False,suspected,synthetic
PROMED-000445,2024000445.0445,2025-11-25,SRB,Serbia,HPAI,"[SYNTHETIC] HPAI, animal - Serbia",True,unverified,synthetic
PROMED-000446,2024000446.0446,2025-11-23,UKR,Ukraine,HPAI,"[SYNTHETIC] HPAI, animal - Ukraine",True,suspected,synthetic
PROMED-000447,2024000447.0447,2025-11-20,MDA,Moldova,HPAI,"[SYNTHETIC] HPAI, animal - Moldova",True,suspected,synthetic
PROMED-000448,2024000448.0448,2025-11-24,RUS,Russian Federation,HPAI,"[SYNTHETIC] HPAI, animal - Russian Federation",False,confirmed,synthetic
PROMED-000449,2024000449.0449,2025-12-03,DEU,Germany,HPAI,"[SYNTHETIC] HPAI, animal - Germany",True,confirmed,synthetic
PROMED-000450,2024000450.0450,2025-12-02,NLD,Netherlands,HPAI,"[SYNTHETIC] HPAI, animal - Netherlands",True,confirmed,synthetic
PROMED-000451,2024000451.0451,2025-12-01,BEL,Belgium,HPAI,"[SYNTHETIC] HPAI, animal - Belgium",True,confirmed,synthetic
PROMED-000452,2024000452.0452,2025-12-01,ITA,Italy,HPAI,"[SYNTHETIC] HPAI, animal - Italy",False,confirmed,synthetic
PROMED-000453,2024000453.0453,2025-11-30,POL,Poland,HPAI,"[SYNTHETIC] HPAI, animal - Poland",True,unverified,synthetic
PROMED-000454,2024000454.0454,2025-12-04,HUN,Hungary,HPAI,"[SYNTHETIC] HPAI, animal - Hungary",False,suspected,synthetic
PROMED-000455,2024000455.0455,2025-11-28,UKR,Ukraine,HPAI,"[SYNTHETIC] HPAI, animal - Ukraine",True,confirmed,synthetic
PROMED-000456,2024000456.0456,2025-12-02,TUR,Türkiye,HPAI,"[SYNTHETIC] HPAI, animal - Türkiye",False,confirmed,synthetic
PROMED-000457,2024000457.0457,2025-12-06,DEU,Germany,HPAI,"[SYNTHETIC] HPAI, animal - Germany",True,unverified,synthetic
PROMED-000458,2024000458.0458,2025-12-10,BEL,Belgium,HPAI,"[SYNTHETIC] HPAI, animal - Belgium",True,suspected,synthetic
PROMED-000459,2024000459.0459,2025-12-05,ITA,Italy,HPAI,"[SYNTHETIC] HPAI, animal - Italy",False,confirmed,synthetic
PROMED-000460,2024000460.0460,2025-12-05,ESP,Spain,HPAI,"[SYNTHETIC] HPAI, animal - Spain",True,unverified,synthetic
PROMED-000461,2024000461.0461,2025-12-03,POL,Poland,HPAI,"[SYNTHETIC] HPAI, animal - Poland",False,confirmed,synthetic
PROMED-000462,2024000462.0462,2025-12-04,ROU,Romania,HPAI,"[SYNTHETIC] HPAI, animal - Romania",True,suspected,synthetic
PROMED-000463,2024000463.0463,2025-12-07,UKR,Ukraine,HPAI,"[SYNTHETIC] HPAI, animal - Ukraine",True,unverified,synthetic
PROMED-000464,2024000464.0464,2025-12-07,MDA,Moldova,HPAI,"[SYNTHETIC] HPAI, animal - Moldova",True,suspected,synthetic
PROMED-000465,2024000465.0465,2025-12-11,FRA,France,HPAI,"[SYNTHETIC] HPAI, animal - France",False,confirmed,synthetic
PROMED-000466,2024000466.0466,2025-12-16,DEU,Germany,HPAI,"[SYNTHETIC] HPAI, animal - Germany",False,unverified,synthetic
PROMED-000467,2024000467.0467,2025-12-18,NLD,Netherlands,HPAI,"[SYNTHETIC] HPAI, animal - Netherlands",True,suspected,synthetic
PROMED-000468,2024000468.0468,2025-12-16,BEL,Belgium,HPAI,"[SYNTHETIC] HPAI, animal - Belgium",True,unverified,synthetic
PROMED-000469,2024000469.0469,2025-12-18,ESP,Spain,HPAI,"[SYNTHETIC] HPAI, animal - Spain",True,confirmed,synthetic
PROMED-000470,2024000470.0470,2025-12-19,POL,Poland,HPAI,"[SYNTHETIC] HPAI, animal - Poland",True,confirmed,synthetic
PROMED-000471,2024000471.0471,2025-12-14,HUN,Hungary,HPAI,"[SYNTHETIC] HPAI, animal - Hungary",False,confirmed,synthetic
PROMED-000472,2024000472.0472,2025-12-10,ROU,Romania,HPAI,"[SYNTHETIC] HPAI, animal - Romania",True,suspected,synthetic
PROMED-000473,2024000473.0473,2025-12-18,SRB,Serbia,HPAI,"[SYNTHETIC] HPAI, animal - Serbia",True,unverified,synthetic
PROMED-000474,2024000474.0474,2025-12-17,MDA,Moldova,HPAI,"[SYNTHETIC] HPAI, animal - Moldova",True,unverified,synthetic
PROMED-000475,2024000475.0475,2025-12-18,TUR,Türkiye,HPAI,"[SYNTHETIC] HPAI, animal - Türkiye",False,suspected,synthetic
PROMED-000476,2024000476.0476,2025-12-11,GEO,Georgia,HPAI,"[SYNTHETIC] HPAI, animal - Georgia",True,confirmed,synthetic
PROMED-000477,2024000477.0477,2025-12-26,FRA,France,HPAI,"[SYNTHETIC] HPAI, animal - France",False,suspected,synthetic
PROMED-000478,2024000478.0478,2025-12-17,BEL,Belgium,HPAI,"[SYNTHETIC] HPAI, animal - Belgium",False,confirmed,synthetic
PROMED-000479,2024000479.0479,2025-12-21,ITA,Italy,HPAI,"[SYNTHETIC] HPAI, animal - Italy",True,suspected,synthetic
PROMED-000480,2024000480.0480,2025-12-21,BGR,Bulgaria,HPAI,"[SYNTHETIC] HPAI, animal - Bulgaria",True,confirmed,synthetic
PROMED-000481,2024000481.0481,2025-12-21,UKR,Ukraine,HPAI,"[SYNTHETIC] HPAI, animal - Ukraine",False,suspected,synthetic
PROMED-000482,2024000482.0482,2025-12-21,RUS,Russian Federation,HPAI,"[SYNTHETIC] HPAI, animal - Russian Federation",True,suspected,synthetic
PROMED-000483,2024000483.0483,2025-12-20,TUR,Türkiye,HPAI,"[SYNTHETIC] HPAI, animal - Türkiye",True,confirmed,synthetic
PROMED-000484,2024000484.0484,2025-12-23,TUN,Tunisia,HPAI,"[SYNTHETIC] HPAI, animal - Tunisia",True,suspected,synthetic
PROMED-000485,2024000485.0485,2025-12-26,FRA,France,HPAI,"[SYNTHETIC] HPAI, animal - France",True,confirmed,synthetic
PROMED-000486,2024000486.0486,2025-12-27,BEL,Belgium,HPAI,"[SYNTHETIC] HPAI, animal - Belgium",True,confirmed,synthetic
PROMED-000487,2024000487.0487,2025-12-26,ITA,Italy,HPAI,"[SYNTHETIC] HPAI, animal - Italy",False,confirmed,synthetic
PROMED-000488,2024000488.0488,2025-12-25,HUN,Hungary,HPAI,"[SYNTHETIC] HPAI, animal - Hungary",True,confirmed,synthetic
PROMED-000489,2024000489.0489,2025-12-29,ROU,Romania,HPAI,"[SYNTHETIC] HPAI, animal - Romania",False,suspected,synthetic
PROMED-000490,2024000490.0490,2025-12-24,UKR,Ukraine,HPAI,"[SYNTHETIC] HPAI, animal - Ukraine",False,confirmed,synthetic
PROMED-000492,2024000492.0492,2025-12-27,TUN,Tunisia,HPAI,"[SYNTHETIC] HPAI, animal - Tunisia",False,unverified,synthetic
PROMED-000501,2024000501.0501,2020-04-15,POL,Poland,ASF,"[SYNTHETIC] ASF, animal - Poland",True,unverified,synthetic
PROMED-000502,2024000502.0502,2020-04-28,ROU,Romania,ASF,"[SYNTHETIC] ASF, animal - Romania",False,suspected,synthetic
PROMED-000503,2024000503.0503,2020-05-07,HUN,Hungary,ASF,"[SYNTHETIC] ASF, animal - Hungary",True,confirmed,synthetic
PROMED-000504,2024000504.0504,2020-05-07,ROU,Romania,ASF,"[SYNTHETIC] ASF, animal - Romania",False,suspected,synthetic
PROMED-000505,2024000505.0505,2020-05-24,BEL,Belgium,ASF,"[SYNTHETIC] ASF, animal - Belgium",True,unverified,synthetic
PROMED-000506,2024000506.0506,2020-06-04,DEU,Germany,ASF,"[SYNTHETIC] ASF, animal - Germany",True,unverified,synthetic
PROMED-000507,2024000507.0507,2020-05-30,NLD,Netherlands,ASF,"[SYNTHETIC] ASF, animal - Netherlands",False,suspected,synthetic
PROMED-000508,2024000508.0508,2020-06-05,BEL,Belgium,ASF,"[SYNTHETIC] ASF, animal - Belgium",False,suspected,synthetic
PROMED-000509,2024000509.0509,2020-05-29,ITA,Italy,ASF,"[SYNTHETIC] ASF, animal - Italy",False,unverified,synthetic
PROMED-000510,2024000510.0510,2020-05-27,ROU,Romania,ASF,"[SYNTHETIC] ASF, animal - Romania",True,confirmed,synthetic
PROMED-000511,2024000511.0511,2020-06-05,SRB,Serbia,ASF,"[SYNTHETIC] ASF, animal - Serbia",True,confirmed,synthetic
PROMED-000512,2024000512.0512,2020-06-08,DEU,Germany,ASF,"[SYNTHETIC] ASF, animal - Germany",False,confirmed,synthetic
PROMED-000513,2024000513.0513,2020-06-07,NLD,Netherlands,ASF,"[SYNTHETIC] ASF, animal - Netherlands",True,suspected,synthetic
PROMED-000514,2024000514.0514,2020-06-07,BEL,Belgium,ASF,"[SYNTHETIC] ASF, animal - Belgium",False,suspected,synthetic
PROMED-000515,2024000515.0515,2020-06-12,POL,Poland,ASF,"[SYNTHETIC] ASF, animal - Poland",True,unverified,synthetic
PROMED-000516,2024000516.0516,2020-06-03,SRB,Serbia,ASF,"[SYNTHETIC] ASF, animal - Serbia",True,unverified,synthetic
PROMED-000517,2024000517.0517,2020-06-11,DEU,Germany,ASF,"[SYNTHETIC] ASF, animal - Germany",False,suspected,synthetic
PROMED-000518,2024000518.0518,2020-06-13,ITA,Italy,ASF,"[SYNTHETIC] ASF, animal - Italy",False,suspected,synthetic
PROMED-000519,2024000519.0519,2020-06-18,ROU,Romania,ASF,"[SYNTHETIC] ASF, animal - Romania",True,suspected,synthetic
PROMED-000520,2024000520.0520,2020-06-10,BGR,Bulgaria,ASF,"[SYNTHETIC] ASF, animal - Bulgaria",True,suspected,synthetic
PROMED-000521,2024000521.0521,2020-06-18,SRB,Serbia,ASF,"[SYNTHETIC] ASF, animal - Serbia",True,confirmed,synthetic
PROMED-000522,2024000522.0522,2020-06-16,UKR,Ukraine,ASF,"[SYNTHETIC] ASF, animal - Ukraine",True,confirmed,synthetic
PROMED-000523,2024000523.0523,2020-06-10,MDA,Moldova,ASF,"[SYNTHETIC] ASF, animal - Moldova",True,confirmed,synthetic
PROMED-000524,2024000524.0524,2020-06-23,DEU,Germany,ASF,"[SYNTHETIC] ASF, animal - Germany",False,confirmed,synthetic
PROMED-000525,2024000525.0525,2020-06-18,NLD,Netherlands,ASF,"[SYNTHETIC] ASF, animal - Netherlands",True,confirmed,synthetic
PROMED-000526,2024000526.0526,2020-06-17,BEL,Belgium,ASF,"[SYNTHETIC] ASF, animal - Belgium",False,confirmed,synthetic
PROMED-000527,2024000527.0527,2020-06-18,ITA,Italy,ASF,"[SYNTHETIC] ASF, animal - Italy",False,confirmed,synthetic
PROMED-000528,2024000528.0528,2020-06-19,ESP,Spain,ASF,"[SYNTHETIC] ASF, animal - Spain",False,confirmed,synthetic
PROMED-000529,2024000529.0529,2020-06-21,POL,Poland,ASF,"[SYNTHETIC] ASF, animal - Poland",True,confirmed,synthetic
PROMED-000530,2024000530.0530,2020-06-24,HUN,Hungary,ASF,"[SYNTHETIC] ASF, animal - Hungary",False,unverified,synthetic
PROMED-000531,2024000531.0531,2020-06-19,ROU,Romania,ASF,"[SYNTHETIC] ASF, animal - Romania",False,confirmed,synthetic
PROMED-000532,2024000532.0532,2020-06-22,BGR,Bulgaria,ASF,"[SYNTHETIC] ASF, animal - Bulgaria",False,confirmed,synthetic
PROMED-000533,2024000533.0533,2020-06-19,SRB,Serbia,ASF,"[SYNTHETIC] ASF, animal - Serbia",False,confirmed,synthetic
PROMED-000534,2024000534.0534,2020-06-24,UKR,Ukraine,ASF,"[SYNTHETIC] ASF, animal - Ukraine",False,suspected,synthetic
PROMED-000535,2024000535.0535,2020-06-20,MDA,Moldova,ASF,"[SYNTHETIC] ASF, animal - Moldova",False,confirmed,synthetic
PROMED-000536,2024000536.0536,2020-06-25,RUS,Russian Federation,ASF,"[SYNTHETIC] ASF, animal - Russian Federation",True,suspected,synthetic
PROMED-000537,2024000537.0537,2020-06-27,FRA,France,ASF,"[SYNTHETIC] ASF, animal - France",False,confirmed,synthetic
PROMED-000538,2024000538.0538,2020-07-01,DEU,Germany,ASF,"[SYNTHETIC] ASF, animal - Germany",False,suspected,synthetic
PROMED-000539,2024000539.0539,2020-06-29,BEL,Belgium,ASF,"[SYNTHETIC] ASF, animal - Belgium",True,suspected,synthetic
PROMED-000540,2024000540.0540,2020-07-01,ITA,Italy,ASF,"[SYNTHETIC] ASF, animal - Italy",True,unverified,synthetic
PROMED-000541,2024000541.0541,2020-06-27,ESP,Spain,ASF,"[SYNTHETIC] ASF, animal - Spain",False,suspected,synthetic
PROMED-000542,2024000542.0542,2020-06-24,POL,Poland,ASF,"[SYNTHETIC] ASF, animal - Poland",False,suspected,synthetic
PROMED-000543,2024000543.0543,2020-07-03,HUN,Hungary,ASF,"[SYNTHETIC] ASF, animal - Hungary",True,confirmed,synthetic
PROMED-000544,2024000544.0544,2020-06-24,ROU,Romania,ASF,"[SYNTHETIC] ASF, animal - Romania",False,confirmed,synthetic
PROMED-000545,2024000545.0545,2020-06-26,BGR,Bulgaria,ASF,"[SYNTHETIC] ASF, animal - Bulgaria",True,confirmed,synthetic
PROMED-000546,2024000546.0546,2020-07-03,SRB,Serbia,ASF,"[SYNTHETIC] ASF, animal - Serbia",False,confirmed,synthetic
PROMED-000547,2024000547.0547,2020-06-27,UKR,Ukraine,ASF,"[SYNTHETIC] ASF, animal - Ukraine",False,confirmed,synthetic
PROMED-000548,2024000548.0548,2020-06-26,MDA,Moldova,ASF,"[SYNTHETIC] ASF, animal - Moldova",False,suspected,synthetic
PROMED-000549,2024000549.0549,2020-07-01,RUS,Russian Federation,ASF,"[SYNTHETIC] ASF, animal - Russian Federation",False,unverified,synthetic
PROMED-000550,2024000550.0550,2020-07-02,TUR,Türkiye,ASF,"[SYNTHETIC] ASF, animal - Türkiye",True,unverified,synthetic
PROMED-000551,2024000551.0551,2020-07-02,FRA,France,ASF,"[SYNTHETIC] ASF, animal - France",True,confirmed,synthetic
PROMED-000552,2024000552.0552,2020-07-07,DEU,Germany,ASF,"[SYNTHETIC] ASF, animal - Germany",True,confirmed,synthetic
PROMED-000553,2024000553.0553,2020-07-08,NLD,Netherlands,ASF,"[SYNTHETIC] ASF, animal - Netherlands",True,confirmed,synthetic
PROMED-000554,2024000554.0554,2020-07-02,BEL,Belgium,ASF,"[SYNTHETIC] ASF, animal - Belgium",False,confirmed,synthetic
PROMED-000555,2024000555.0555,2020-07-08,ESP,Spain,ASF,"[SYNTHETIC] ASF, animal - Spain",True,confirmed,synthetic
PROMED-000556,2024000556.0556,2020-07-09,HUN,Hungary,ASF,"[SYNTHETIC] ASF, animal - Hungary",False,unverified,synthetic
PROMED-000557,2024000557.0557,2020-07-05,ROU,Romania,ASF,"[SYNTHETIC] ASF, animal - Romania",True,confirmed,synthetic
PROMED-000558,2024000558.0558,2020-07-05,BGR,Bulgaria,ASF,"[SYNTHETIC] ASF, animal - Bulgaria",True,unverified,synthetic
PROMED-000559,2024000559.0559,2020-07-05,SRB,Serbia,ASF,"[SYNTHETIC] ASF, animal - Serbia",True,suspected,synthetic
PROMED-000560,2024000560.0560,2020-07-09,UKR,Ukraine,ASF,"[SYNTHETIC] ASF, animal - Ukraine",True,confirmed,synthetic
PROMED-000561,2024000561.0561,2020-07-01,MDA,Moldova,ASF,"[SYNTHETIC] ASF, animal - Moldova",True,suspected,synthetic
PROMED-000562,2024000562.0562,2020-07-07,RUS,Russian Federation,ASF,"[SYNTHETIC] ASF, animal - Russian Federation",False,confirmed,synthetic
PROMED-000563,2024000563.0563,2020-07-05,TUR,Türkiye,ASF,"[SYNTHETIC] ASF, animal - Türkiye",False,confirmed,synthetic
PROMED-000564,2024000564.0564,2020-07-07,GEO,Georgia,ASF,"[SYNTHETIC] ASF, animal - Georgia",False,confirmed,synthetic
PROMED-000565,2024000565.0565,2020-07-05,ISR,Israel,ASF,"[SYNTHETIC] ASF, animal - Israel",True,suspected,synthetic
PROMED-000566,2024000566.0566,2020-07-16,FRA,France,ASF,"[SYNTHETIC] ASF, animal - France",True,confirmed,synthetic
PROMED-000567,2024000567.0567,2020-07-14,DEU,Germany,ASF,"[SYNTHETIC] ASF, animal - Germany",True,suspected,synthetic
PROMED-000568,2024000568.0568,2020-07-09,NLD,Netherlands,ASF,"[SYNTHETIC] ASF, animal - Netherlands",False,confirmed,synthetic
PROMED-000569,2024000569.0569,2020-07-11,BEL,Belgium,ASF,"[SYNTHETIC] ASF, animal - Belgium",True,suspected,synthetic
PROMED-000570,2024000570.0570,2020-07-13,ITA,Italy,ASF,"[SYNTHETIC] ASF, animal - Italy",True,suspected,synthetic
PROMED-000571,2024000571.0571,2020-07-16,ESP,Spain,ASF,"[SYNTHETIC] ASF, animal - Spain",False,confirmed,synthetic
PROMED-000572,2024000572.0572,2020-07-16,POL,Poland,ASF,"[SYNTHETIC] ASF, animal - Poland",True,suspected,synthetic
PROMED-000573,2024000573.0573,2020-07-17,HUN,Hungary,ASF,"[SYNTHETIC] ASF, animal - Hungary",True,suspected,synthetic
PROMED-000574,2024000574.0574,2020-07-16,ROU,Romania,ASF,"[SYNTHETIC] ASF, animal - Romania",True,confirmed,synthetic
PROMED-000575,2024000575.0575,2020-07-08,BGR,Bulgaria,ASF,"[SYNTHETIC] ASF, animal - Bulgaria",True,unverified,synthetic
PROMED-000576,2024000576.0576,2020-07-08,SRB,Serbia,ASF,"[SYNTHETIC] ASF, animal - Serbia",True,suspected,synthetic
PROMED-000577,2024000577.0577,2020-07-08,UKR,Ukraine,ASF,"[SYNTHETIC] ASF, animal - Ukraine",False,unverified,synthetic
PROMED-000578,2024000578.0578,2020-07-15,MDA,Moldova,ASF,"[SYNTHETIC] ASF, animal - Moldova",True,confirmed,synthetic
PROMED-000579,2024000579.0579,2020-07-08,RUS,Russian Federation,ASF,"[SYNTHETIC] ASF, animal - Russian Federation",True,suspected,synthetic
PROMED-000580,2024000580.0580,2020-07-16,TUR,Türkiye,ASF,"[SYNTHETIC] ASF, animal - Türkiye",True,unverified,synthetic
PROMED-000581,2024000581.0581,2020-07-16,GEO,Georgia,ASF,"[SYNTHETIC] ASF, animal - Georgia",True,confirmed,synthetic
PROMED-000582,2024000582.0582,2020-07-15,ISR,Israel,ASF,"[SYNTHETIC] ASF, animal - Israel",False,confirmed,synthetic
PROMED-000583,2024000583.0583,2020-07-17,EGY,Egypt,ASF,"[SYNTHETIC] ASF, animal - Egypt",False,confirmed,synthetic
PROMED-000584,2024000584.0584,2020-07-10,MAR,Morocco,ASF,"[SYNTHETIC] ASF, animal - Morocco",True,confirmed,synthetic
PROMED-000585,2024000585.0585,2020-07-17,FRA,France,ASF,"[SYNTHETIC] ASF, animal - France",False,confirmed,synthetic
PROMED-000586,2024000586.0586,2020-07-22,DEU,Germany,ASF,"[SYNTHETIC] ASF, animal - Germany",True,confirmed,synthetic
PROMED-000587,2024000587.0587,2020-07-21,BEL,Belgium,ASF,"[SYNTHETIC] ASF, animal - Belgium",True,unverified,synthetic
PROMED-000588,2024000588.0588,2020-07-21,ITA,Italy,ASF,"[SYNTHETIC] ASF, animal - Italy",True,confirmed,synthetic
PROMED-000589,2024000589.0589,2020-07-24,ESP,Spain,ASF,"[SYNTHETIC] ASF, animal - Spain",False,unverified,synthetic
PROMED-000590,2024000590.0590,2020-07-19,POL,Poland,ASF,"[SYNTHETIC] ASF, animal - Poland",False,suspected,synthetic
PROMED-000591,2024000591.0591,2020-07-20,HUN,Hungary,ASF,"[SYNTHETIC] ASF, animal - Hungary",False,confirmed,synthetic
PROMED-000592,2024000592.0592,2020-07-24,ROU,Romania,ASF,"[SYNTHETIC] ASF, animal - Romania",True,confirmed,synthetic
PROMED-000593,2024000593.0593,2020-07-17,BGR,Bulgaria,ASF,"[SYNTHETIC] ASF, animal - Bulgaria",False,suspected,synthetic
PROMED-000594,2024000594.0594,2020-07-16,SRB,Serbia,ASF,"[SYNTHETIC] ASF, animal - Serbia",True,suspected,synthetic
PROMED-000595,2024000595.0595,2020-07-18,UKR,Ukraine,ASF,"[SYNTHETIC] ASF, animal - Ukraine",False,confirmed,synthetic
PROMED-000596,2024000596.0596,2020-07-17,MDA,Moldova,ASF,"[SYNTHETIC] ASF, animal - Moldova",False,confirmed,synthetic
PROMED-000597,2024000597.0597,2020-07-21,RUS,Russian Federation,ASF,"[SYNTHETIC] ASF, animal - Russian Federation",True,confirmed,synthetic
PROMED-000598,2024000598.0598,2020-07-21,GEO,Georgia,ASF,"[SYNTHETIC] ASF, animal - Georgia",True,suspected,synthetic
PROMED-000599,2024000599.0599,2020-07-21,EGY,Egypt,ASF,"[SYNTHETIC] ASF, animal - Egypt",False,suspected,synthetic
PROMED-000600,2024000600.0600,2020-07-18,MAR,Morocco,ASF,"[SYNTHETIC] ASF, animal - Morocco",True,confirmed,synthetic
PROMED-000601,2024000601.0601,2020-07-26,FRA,France,ASF,"[SYNTHETIC] ASF, animal - France",True,suspected,synthetic
PROMED-000602,2024000602.0602,2020-07-30,DEU,Germany,ASF,"[SYNTHETIC] ASF, animal - Germany",False,suspected,synthetic
PROMED-000603,2024000603.0603,2020-07-22,NLD,Netherlands,ASF,"[SYNTHETIC] ASF, animal - Netherlands",False,suspected,synthetic
PROMED-000604,2024000604.0604,2020-07-27,BEL,Belgium,ASF,"[SYNTHETIC] ASF, animal - Belgium",True,suspected,synthetic
PROMED-000605,2024000605.0605,2020-07-26,ITA,Italy,ASF,"[SYNTHETIC] ASF, animal - Italy",True,confirmed,synthetic
PROMED-000606,2024000606.0606,2020-07-31,POL,Poland,ASF,"[SYNTHETIC] ASF, animal - Poland",False,suspected,synthetic
PROMED-000607,2024000607.0607,2020-07-27,HUN,Hungary,ASF,"[SYNTHETIC] ASF, animal - Hungary",False,suspected,synthetic
PROMED-000608,2024000608.0608,2020-07-26,ROU,Romania,ASF,"[SYNTHETIC] ASF, animal - Romania",False,unverified,synthetic
PROMED-000609,2024000609.0609,2020-07-31,BGR,Bulgaria,ASF,"[SYNTHETIC] ASF, animal - Bulgaria",True,suspected,synthetic
PROMED-000610,2024000610.0610,2020-07-26,SRB,Serbia,ASF,"[SYNTHETIC] ASF, animal - Serbia",True,suspected,synthetic
PROMED-000611,2024000611.0611,2020-07-26,UKR,Ukraine,ASF,"[SYNTHETIC] ASF, animal - Ukraine",True,suspected,synthetic
PROMED-000612,2024000612.0612,2020-07-29,MDA,Moldova,ASF,"[SYNTHETIC] ASF, animal - Moldova",True,suspected,synthetic
PROMED-000613,2024000613.0613,2020-07-31,RUS,Russian Federation,ASF,"[SYNTHETIC] ASF, animal - Russian Federation",True,suspected,synthetic
PROMED-000614,2024000614.0614,2020-07-31,GEO,Georgia,ASF,"[SYNTHETIC] ASF, animal - Georgia",False,suspected,synthetic
PROMED-000615,2024000615.0615,2020-07-30,ISR,Israel,ASF,"[SYNTHETIC] ASF, animal - Israel",True,confirmed,synthetic
PROMED-000616,2024000616.0616,2020-08-06,DEU,Germany,ASF,"[SYNTHETIC] ASF, animal - Germany",True,unverified,synthetic
PROMED-000617,2024000617.0617,2020-08-05,NLD,Netherlands,ASF,"[SYNTHETIC] ASF, animal - Netherlands",False,suspected,synthetic
PROMED-000618,2024000618.0618,2020-08-06,ITA,Italy,ASF,"[SYNTHETIC] ASF, animal - Italy",True,confirmed,synthetic
PROMED-000619,2024000619.0619,2020-08-06,ESP,Spain,ASF,"[SYNTHETIC] ASF, animal - Spain",False,unverified,synthetic
PROMED-000620,2024000620.0620,2020-08-01,HUN,Hungary,ASF,"[SYNTHETIC] ASF, animal - Hungary",True,unverified,synthetic
PROMED-000621,2024000621.0621,2020-08-03,ROU,Romania,ASF,"[SYNTHETIC] ASF, animal - Romania",False,confirmed,synthetic
PROMED-000622,2024000622.0622,2020-07-29,BGR,Bulgaria,ASF,"[SYNTHETIC] ASF, animal - Bulgaria",True,suspected,synthetic
PROMED-000623,2024000623.0623,2020-08-04,SRB,Serbia,ASF,"[SYNTHETIC] ASF, animal - Serbia",False,confirmed,synthetic
PROMED-000624,2024000624.0624,2020-08-06,UKR,Ukraine,ASF,"[SYNTHETIC] ASF, animal - Ukraine",True,unverified,synthetic
PROMED-000625,2024000625.0625,2020-08-07,MDA,Moldova,ASF,"[SYNTHETIC] ASF, animal - Moldova",False,confirmed,synthetic
PROMED-000626,2024000626.0626,2020-08-06,GEO,Georgia,ASF,"[SYNTHETIC] ASF, animal - Georgia",True,confirmed,synthetic
PROMED-000627,2024000627.0627,2020-08-08,FRA,France,ASF,"[SYNTHETIC] ASF, animal - France",True,confirmed,synthetic
PROMED-000628,2024000628.0628,2020-08-07,NLD,Netherlands,ASF,"[SYNTHETIC] ASF, animal - Netherlands",True,unverified,synthetic
PROMED-000629,2024000629.0629,2020-08-09,BEL,Belgium,ASF,"[SYNTHETIC] ASF, animal - Belgium",True,suspected,synthetic
PROMED-000630,2024000630.0630,2020-08-06,ITA,Italy,ASF,"[SYNTHETIC] ASF, animal - Italy",False,confirmed,synthetic
PROMED-000631,2024000631.0631,2020-08-10,ESP,Spain,ASF,"[SYNTHETIC] ASF, animal - Spain",True,unverified,synthetic
PROMED-000632,2024000632.0632,2020-08-14,POL,Poland,ASF,"[SYNTHETIC] ASF, animal - Poland",True,unverified,synthetic
PROMED-000633,2024000633.0633,2020-08-14,HUN,Hungary,ASF,"[SYNTHETIC] ASF, animal - Hungary",False,confirmed,synthetic
PROMED-000634,2024000634.0634,2020-08-10,ROU,Romania,ASF,"[SYNTHETIC] ASF, animal - Romania",True,unverified,synthetic
PROMED-000635,2024000635.0635,2020-08-10,BGR,Bulgaria,ASF,"[SYNTHETIC] ASF, animal - Bulgaria",False,confirmed,synthetic
PROMED-000636,2024000636.0636,2020-08-10,SRB,Serbia,ASF,"[SYNTHETIC] ASF, animal - Serbia",False,suspected,synthetic
PROMED-000637,2024000637.0637,2020-08-05,UKR,Ukraine,ASF,"[SYNTHETIC] ASF, animal - Ukraine",True,confirmed,synthetic
PROMED-000638,2024000638.0638,2020-08-12,MDA,Moldova,ASF,"[SYNTHETIC] ASF, animal - Moldova",False,confirmed,synthetic
PROMED-000639,2024000639.0639,2020-08-12,RUS,Russian Federation,ASF,"[SYNTHETIC] ASF, animal - Russian Federation",False,unverified,synthetic
PROMED-000640,2024000640.0640,2020-08-08,GEO,Georgia,ASF,"[SYNTHETIC] ASF, animal - Georgia",True,suspected,synthetic
PROMED-000641,2024000641.0641,2020-08-19,FRA,France,ASF,"[SYNTHETIC] ASF, animal - France",False,confirmed,synthetic
PROMED-000642,2024000642.0642,2020-08-13,DEU,Germany,ASF,"[SYNTHETIC] ASF, animal - Germany",True,suspected,synthetic
PROMED-000643,2024000643.0643,2020-08-21,BEL,Belgium,ASF,"[SYNTHETIC] ASF, animal - Belgium",False,confirmed,synthetic
PROMED-000644,2024000644.0644,2020-08-15,POL,Poland,ASF,"[SYNTHETIC] ASF, animal - Poland",True,suspected,synthetic
PROMED-000645,2024000645.0645,2020-08-12,HUN,Hungary,ASF,"[SYNTHETIC] ASF, animal - Hungary",True,unverified,synthetic
PROMED-000646,2024000646.0646,2020-08-13,SRB,Serbia,ASF,"[SYNTHETIC] ASF, animal - Serbia",False,confirmed,synthetic
PROMED-000647,2024000647.0647,2020-08-21,UKR,Ukraine,ASF,"[SYNTHETIC] ASF, animal - Ukraine",False,unverified,synthetic
PROMED-000648,2024000648.0648,2020-08-21,MDA,Moldova,ASF,"[SYNTHETIC] ASF, animal - Moldova",True,confirmed,synthetic
PROMED-000649,2024000649.0649,2020-08-13,RUS,Russian Federation,ASF,"[SYNTHETIC] ASF, animal - Russian Federation",False,confirmed,synthetic
PROMED-000650,2024000650.0650,2020-08-20,GEO,Georgia,ASF,"[SYNTHETIC] ASF, animal - Georgia",True,suspected,synthetic
PROMED-000651,2024000651.0651,2020-08-17,ISR,Israel,ASF,"[SYNTHETIC] ASF, animal - Israel",False,confirmed,synthetic
PROMED-000652,2024000652.0652,2020-08-19,EGY,Egypt,ASF,"[SYNTHETIC] ASF, animal - Egypt",False,unverified,synthetic
PROMED-000653,2024000653.0653,2020-08-23,FRA,France,ASF,"[SYNTHETIC] ASF, animal - France",True,suspected,synthetic
PROMED-000654,2024000654.0654,2020-08-23,DEU,Germany,ASF,"[SYNTHETIC] ASF, animal - Germany",True,suspected,synthetic
PROMED-000655,2024000655.0655,2020-08-23,NLD,Netherlands,ASF,"[SYNTHETIC] ASF, animal - Netherlands",True,confirmed,synthetic
PROMED-000656,2024000656.0656,2020-08-22,BEL,Belgium,ASF,"[SYNTHETIC] ASF, animal - Belgium",True,unverified,synthetic
PROMED-000657,2024000657.0657,2020-08-27,ESP,Spain,ASF,"[SYNTHETIC] ASF, animal - Spain",True,confirmed,synthetic
PROMED-000658,2024000658.0658,2020-08-19,ROU,Romania,ASF,"[SYNTHETIC] ASF, animal - Romania",True,suspected,synthetic
PROMED-000659,2024000659.0659,2020-08-20,MDA,Moldova,ASF,"[SYNTHETIC] ASF, animal - Moldova",True,confirmed,synthetic
PROMED-000660,2024000660.0660,2020-08-26,GEO,Georgia,ASF,"[SYNTHETIC] ASF, animal - Georgia",False,confirmed,synthetic
PROMED-000661,2024000661.0661,2020-08-25,ISR,Israel,ASF,"[SYNTHETIC] ASF, animal - Israel",True,suspected,synthetic
PROMED-000662,2024000662.0662,2020-09-02,DEU,Germany,ASF,"[SYNTHETIC] ASF, animal - Germany",True,confirmed,synthetic
PROMED-000663,2024000663.0663,2020-08-30,BEL,Belgium,ASF,"[SYNTHETIC] ASF, animal - Belgium",True,unverified,synthetic
PROMED-000664,2024000664.0664,2020-08-31,ITA,Italy,ASF,"[SYNTHETIC] ASF, animal - Italy",True,unverified,synthetic
PROMED-000665,2024000665.0665,2020-09-04,BGR,Bulgaria,ASF,"[SYNTHETIC] ASF, animal - Bulgaria",False,confirmed,synthetic
PROMED-000666,2024000666.0666,2020-08-27,UKR,Ukraine,ASF,"[SYNTHETIC] ASF, animal - Ukraine",True,unverified,synthetic
PROMED-000667,2024000667.0667,2020-09-02,TUR,Türkiye,ASF,"[SYNTHETIC] ASF, animal - Türkiye",False,suspected,synthetic
PROMED-000668,2024000668.0668,2020-09-02,GEO,Georgia,ASF,"[SYNTHETIC] ASF, animal - Georgia",True,suspected,synthetic
PROMED-000669,2024000669.0669,2020-09-06,FRA,France,ASF,"[SYNTHETIC] ASF, animal - France",False,unverified,synthetic
PROMED-000670,2024000670.0670,2020-09-05,DEU,Germany,ASF,"[SYNTHETIC] ASF, animal - Germany",False,confirmed,synthetic
PROMED-000671,2024000671.0671,2020-09-04,ROU,Romania,ASF,"[SYNTHETIC] ASF, animal - Romania",False,confirmed,synthetic
PROMED-000672,2024000672.0672,2020-09-03,MDA,Moldova,ASF,"[SYNTHETIC] ASF, animal - Moldova",False,suspected,synthetic
PROMED-000673,2024000673.0673,2020-09-11,GEO,Georgia,ASF,"[SYNTHETIC] ASF, animal - Georgia",True,unverified,synthetic
PROMED-000674,2024000674.0674,2020-09-18,DEU,Germany,ASF,"[SYNTHETIC] ASF, animal - Germany",True,suspected,synthetic
PROMED-000675,2024000675.0675,2020-09-11,NLD,Netherlands,ASF,"[SYNTHETIC] ASF, animal - Netherlands",False,confirmed,synthetic
PROMED-000676,2024000676.0676,2020-09-17,ROU,Romania,ASF,"[SYNTHETIC] ASF, animal - Romania",False,suspected,synthetic
PROMED-000677,2024000677.0677,2020-09-16,BGR,Bulgaria,ASF,"[SYNTHETIC] ASF, animal - Bulgaria",False,suspected,synthetic
PROMED-000678,2024000678.0678,2020-09-17,UKR,Ukraine,ASF,"[SYNTHETIC] ASF, animal - Ukraine",False,unverified,synthetic
PROMED-000679,2024000679.0679,2020-09-12,TUR,Türkiye,ASF,"[SYNTHETIC] ASF, animal - Türkiye",False,suspected,synthetic
PROMED-000680,2024000680.0680,2020-09-17,TUN,Tunisia,ASF,"[SYNTHETIC] ASF, animal - Tunisia",True,suspected,synthetic
PROMED-000681,2024000681.0681,2020-09-22,DEU,Germany,ASF,"[SYNTHETIC] ASF, animal - Germany",False,unverified,synthetic
PROMED-000682,2024000682.0682,2020-09-23,BEL,Belgium,ASF,"[SYNTHETIC] ASF, animal - Belgium",False,suspected,synthetic
PROMED-000683,2024000683.0683,2020-09-24,ESP,Spain,ASF,"[SYNTHETIC] ASF, animal - Spain",False,confirmed,synthetic
PROMED-000684,2024000684.0684,2020-09-18,HUN,Hungary,ASF,"[SYNTHETIC] ASF, animal - Hungary",False,confirmed,synthetic
PROMED-000685,2024000685.0685,2020-09-16,SRB,Serbia,ASF,"[SYNTHETIC] ASF, animal - Serbia",False,suspected,synthetic
PROMED-000686,2024000686.0686,2020-09-30,MDA,Moldova,ASF,"[SYNTHETIC] ASF, animal - Moldova",True,unverified,synthetic
PROMED-000687,2024000687.0687,2020-09-26,TUR,Türkiye,ASF,"[SYNTHETIC] ASF, animal - Türkiye",True,unverified,synthetic
PROMED-000688,2024000688.0688,2020-09-24,TUN,Tunisia,ASF,"[SYNTHETIC] ASF, animal - Tunisia",True,confirmed,synthetic
PROMED-000689,2024000689.0689,2020-09-23,MAR,Morocco,ASF,"[SYNTHETIC] ASF, animal - Morocco",True,suspected,synthetic
PROMED-000690,2024000690.0690,2020-10-09,ESP,Spain,ASF,"[SYNTHETIC] ASF, animal - Spain",True,unverified,synthetic
PROMED-000691,2024000691.0691,2020-10-25,RUS,Russian Federation,ASF,"[SYNTHETIC] ASF, animal - Russian Federation",True,suspected,synthetic
PROMED-000692,2024000692.0692,2020-11-03,ROU,Romania,ASF,"[SYNTHETIC] ASF, animal - Romania",True,confirmed,synthetic
PROMED-000693,2024000693.0693,2020-10-28,UKR,Ukraine,ASF,"[SYNTHETIC] ASF, animal - Ukraine",True,suspected,synthetic
PROMED-000694,2024000694.0694,2020-11-10,ESP,Spain,ASF,"[SYNTHETIC] ASF, animal - Spain",False,suspected,synthetic
PROMED-000695,2024000695.0695,2021-05-22,POL,Poland,ASF,"[SYNTHETIC] ASF, animal - Poland",True,confirmed,synthetic
PROMED-000696,2024000696.0696,2021-05-31,DEU,Germany,ASF,"[SYNTHETIC] ASF, animal - Germany",True,confirmed,synthetic
PROMED-000697,2024000697.0697,2021-06-13,HUN,Hungary,ASF,"[SYNTHETIC] ASF, animal - Hungary",True,confirmed,synthetic
PROMED-000698,2024000698.0698,2021-06-11,RUS,Russian Federation,ASF,"[SYNTHETIC] ASF, animal - Russian Federation",True,confirmed,synthetic
PROMED-000699,2024000699.0699,2021-06-27,HUN,Hungary,ASF,"[SYNTHETIC] ASF, animal - Hungary",True,confirmed,synthetic
PROMED-000700,2024000700.0700,2021-06-27,RUS,Russian Federation,ASF,"[SYNTHETIC] ASF, animal - Russian Federation",True,suspected,synthetic
PROMED-000701,2024000701.0701,2021-07-06,HUN,Hungary,ASF,"[SYNTHETIC] ASF, animal - Hungary",True,suspected,synthetic
PROMED-000702,2024000702.0702,2021-08-28,DEU,Germany,ASF,"[SYNTHETIC] ASF, animal - Germany",True,confirmed,synthetic
PROMED-000703,2024000703.0703,2021-09-01,NLD,Netherlands,ASF,"[SYNTHETIC] ASF, animal - Netherlands",True,unverified,synthetic
PROMED-000704,2024000704.0704,2021-08-29,BEL,Belgium,ASF,"[SYNTHETIC] ASF, animal - Belgium",True,unverified,synthetic
PROMED-000705,2024000705.0705,2021-09-06,FRA,France,ASF,"[SYNTHETIC] ASF, animal - France",True,confirmed,synthetic
PROMED-000706,2024000706.0706,2021-09-09,FRA,France,ASF,"[SYNTHETIC] ASF, animal - France",True,unverified,synthetic
PROMED-000707,2024000707.0707,2021-09-09,NLD,Netherlands,ASF,"[SYNTHETIC] ASF, animal - Netherlands",False,unverified,synthetic
PROMED-000708,2024000708.0708,2021-09-13,POL,Poland,ASF,"[SYNTHETIC] ASF, animal - Poland",True,confirmed,synthetic
PROMED-000709,2024000709.0709,2021-09-08,HUN,Hungary,ASF,"[SYNTHETIC] ASF, animal - Hungary",True,suspected,synthetic
PROMED-000710,2024000710.0710,2021-09-09,ROU,Romania,ASF,"[SYNTHETIC] ASF, animal - Romania",False,unverified,synthetic
PROMED-000711,2024000711.0711,2021-09-15,FRA,France,ASF,"[SYNTHETIC] ASF, animal - France",True,suspected,synthetic
PROMED-000712,2024000712.0712,2021-09-18,NLD,Netherlands,ASF,"[SYNTHETIC] ASF, animal - Netherlands",False,confirmed,synthetic
PROMED-000713,2024000713.0713,2021-09-22,BGR,Bulgaria,ASF,"[SYNTHETIC] ASF, animal - Bulgaria",True,unverified,synthetic
PROMED-000714,2024000714.0714,2021-09-16,MDA,Moldova,ASF,"[SYNTHETIC] ASF, animal - Moldova",True,unverified,synthetic
PROMED-000715,2024000715.0715,2021-09-27,NLD,Netherlands,ASF,"[SYNTHETIC] ASF, animal - Netherlands",True,confirmed,synthetic
PROMED-000716,2024000716.0716,2021-09-22,ESP,Spain,ASF,"[SYNTHETIC] ASF, animal - Spain",False,suspected,synthetic
PROMED-000717,2024000717.0717,2021-09-22,POL,Poland,ASF,"[SYNTHETIC] ASF, animal - Poland",True,confirmed,synthetic
PROMED-000718,2024000718.0718,2021-09-22,HUN,Hungary,ASF,"[SYNTHETIC] ASF, animal - Hungary",True,confirmed,synthetic
PROMED-000719,2024000719.0719,2021-09-28,MDA,Moldova,ASF,"[SYNTHETIC] ASF, animal - Moldova",False,confirmed,synthetic
PROMED-000720,2024000720.0720,2021-09-26,RUS,Russian Federation,ASF,"[SYNTHETIC] ASF, animal - Russian Federation",True,confirmed,synthetic
PROMED-000721,2024000721.0721,2021-10-01,NLD,Netherlands,ASF,"[SYNTHETIC] ASF, animal - Netherlands",True,unverified,synthetic
PROMED-000722,2024000722.0722,2021-10-04,BEL,Belgium,ASF,"[SYNTHETIC] ASF, animal - Belgium",True,unverified,synthetic
PROMED-000723,2024000723.0723,2021-09-30,MDA,Moldova,ASF,"[SYNTHETIC] ASF, animal - Moldova",False,unverified,synthetic
PROMED-000724,2024000724.0724,2021-10-11,FRA,France,ASF,"[SYNTHETIC] ASF, animal - France",True,confirmed,synthetic
PROMED-000725,2024000725.0725,2021-10-06,DEU,Germany,ASF,"[SYNTHETIC] ASF, animal - Germany",True,confirmed,synthetic
PROMED-000726,2024000726.0726,2021-10-08,NLD,Netherlands,ASF,"[SYNTHETIC] ASF, animal - Netherlands",True,unverified,synthetic
PROMED-000727,2024000727.0727,2021-10-10,ITA,Italy,ASF,"[SYNTHETIC] ASF, animal - Italy",True,suspected,synthetic
PROMED-000728,2024000728.0728,2021-10-13,ESP,Spain,ASF,"[SYNTHETIC] ASF, animal - Spain",False,suspected,synthetic
PROMED-000729,2024000729.0729,2021-10-12,POL,Poland,ASF,"[SYNTHETIC] ASF, animal - Poland",False,unverified,synthetic
PROMED-000730,2024000730.0730,2021-10-07,ROU,Romania,ASF,"[SYNTHETIC] ASF, animal - Romania",True,suspected,synthetic
PROMED-000731,2024000731.0731,2021-10-15,BGR,Bulgaria,ASF,"[SYNTHETIC] ASF, animal - Bulgaria",False,unverified,synthetic
PROMED-000732,2024000732.0732,2021-10-11,RUS,Russian Federation,ASF,"[SYNTHETIC] ASF, animal - Russian Federation",False,confirmed,synthetic
PROMED-000733,2024000733.0733,2021-10-17,BEL,Belgium,ASF,"[SYNTHETIC] ASF, animal - Belgium",True,confirmed,synthetic
PROMED-000734,2024000734.0734,2021-10-21,ESP,Spain,ASF,"[SYNTHETIC] ASF, animal - Spain",False,suspected,synthetic
PROMED-000735,2024000735.0735,2021-10-15,BGR,Bulgaria,ASF,"[SYNTHETIC] ASF, animal - Bulgaria",True,confirmed,synthetic
PROMED-000736,2024000736.0736,2021-10-17,TUR,Türkiye,ASF,"[SYNTHETIC] ASF, animal - Türkiye",False,unverified,synthetic
PROMED-000737,2024000737.0737,2021-10-17,TUN,Tunisia,ASF,"[SYNTHETIC] ASF, animal - Tunisia",False,unverified,synthetic
PROMED-000738,2024000738.0738,2021-10-27,FRA,France,ASF,"[SYNTHETIC] ASF, animal - France",True,suspected,synthetic
PROMED-000739,2024000739.0739,2021-10-23,DEU,Germany,ASF,"[SYNTHETIC] ASF, animal - Germany",True,suspected,synthetic
PROMED-000740,2024000740.0740,2021-10-28,BEL,Belgium,ASF,"[SYNTHETIC] ASF, animal - Belgium",True,confirmed,synthetic
PROMED-000741,2024000741.0741,2021-10-26,POL,Poland,ASF,"[SYNTHETIC] ASF, animal - Poland",False,confirmed,synthetic
PROMED-000742,2024000742.0742,2021-10-26,HUN,Hungary,ASF,"[SYNTHETIC] ASF, animal - Hungary",True,unverified,synthetic
PROMED-000743,2024000743.0743,2021-10-27,MDA,Moldova,ASF,"[SYNTHETIC] ASF, animal - Moldova",True,confirmed,synthetic
PROMED-000744,2024000744.0744,2021-11-03,NLD,Netherlands,ASF,"[SYNTHETIC] ASF, animal - Netherlands",False,unverified,synthetic
PROMED-000745,2024000745.0745,2021-11-03,BEL,Belgium,ASF,"[SYNTHETIC] ASF, animal - Belgium",True,confirmed,synthetic
PROMED-000746,2024000746.0746,2021-11-01,UKR,Ukraine,ASF,"[SYNTHETIC] ASF, animal - Ukraine",False,suspected,synthetic
PROMED-000747,2024000747.0747,2021-11-08,NLD,Netherlands,ASF,"[SYNTHETIC] ASF, animal - Netherlands",True,confirmed,synthetic
PROMED-000748,2024000748.0748,2021-11-09,BEL,Belgium,ASF,"[SYNTHETIC] ASF, animal - Belgium",False,suspected,synthetic
PROMED-000749,2024000749.0749,2021-11-03,ITA,Italy,ASF,"[SYNTHETIC] ASF, animal - Italy",False,suspected,synthetic
PROMED-000750,2024000750.0750,2021-11-10,POL,Poland,ASF,"[SYNTHETIC] ASF, animal - Poland",False,confirmed,synthetic
PROMED-000751,2024000751.0751,2021-11-11,HUN,Hungary,ASF,"[SYNTHETIC] ASF, animal - Hungary",False,confirmed,synthetic
PROMED-000752,2024000752.0752,2021-11-09,TUR,Türkiye,ASF,"[SYNTHETIC] ASF, animal - Türkiye",True,suspected,synthetic
PROMED-000753,2024000753.0753,2021-11-11,ISR,Israel,ASF,"[SYNTHETIC] ASF, animal - Israel",False,confirmed,synthetic
PROMED-000754,2024000754.0754,2021-11-12,DEU,Germany,ASF,"[SYNTHETIC] ASF, animal - Germany",False,confirmed,synthetic
PROMED-000755,2024000755.0755,2021-11-12,BEL,Belgium,ASF,"[SYNTHETIC] ASF, animal - Belgium",True,confirmed,synthetic
PROMED-000756,2024000756.0756,2021-11-14,POL,Poland,ASF,"[SYNTHETIC] ASF, animal - Poland",False,suspected,synthetic
PROMED-000757,2024000757.0757,2021-11-15,UKR,Ukraine,ASF,"[SYNTHETIC] ASF, animal - Ukraine",True,suspected,synthetic
PROMED-000758,2024000758.0758,2021-11-13,MDA,Moldova,ASF,"[SYNTHETIC] ASF, animal - Moldova",True,suspected,synthetic
PROMED-000759,2024000759.0759,2021-11-22,NLD,Netherlands,ASF,"[SYNTHETIC] ASF, animal - Netherlands",False,unverified,synthetic
PROMED-000760,2024000760.0760,2021-11-24,BGR,Bulgaria,ASF,"[SYNTHETIC] ASF, animal - Bulgaria",True,unverified,synthetic
PROMED-000761,2024000761.0761,2021-12-01,POL,Poland,ASF,"[SYNTHETIC] ASF, animal - Poland",False,confirmed,synthetic
PROMED-000762,2024000762.0762,2021-12-15,SRB,Serbia,ASF,"[SYNTHETIC] ASF, animal - Serbia",False,suspected,synthetic
PROMED-000763,2024000763.0763,2022-06-02,ITA,Italy,ASF,"[SYNTHETIC] ASF, animal - Italy",False,suspected,synthetic
PROMED-000764,2024000764.0764,2022-06-08,ROU,Romania,ASF,"[SYNTHETIC] ASF, animal - Romania",False,confirmed,synthetic
PROMED-000765,2024000765.0765,2022-06-22,ITA,Italy,ASF,"[SYNTHETIC] ASF, animal - Italy",True,confirmed,synthetic
PROMED-000766,2024000766.0766,2022-06-23,ROU,Romania,ASF,"[SYNTHETIC] ASF, animal - Romania",True,confirmed,synthetic
PROMED-000767,2024000767.0767,2022-06-26,NLD,Netherlands,ASF,"[SYNTHETIC] ASF, animal - Netherlands",True,suspected,synthetic
PROMED-000768,2024000768.0768,2022-06-29,HUN,Hungary,ASF,"[SYNTHETIC] ASF, animal - Hungary",True,unverified,synthetic
PROMED-000769,2024000769.0769,2022-06-29,ROU,Romania,ASF,"[SYNTHETIC] ASF, animal - Romania",False,confirmed,synthetic
PROMED-000770,2024000770.0770,2022-06-23,MDA,Moldova,ASF,"[SYNTHETIC] ASF, animal - Moldova",True,confirmed,synthetic
PROMED-000771,2024000771.0771,2022-07-07,ITA,Italy,ASF,"[SYNTHETIC] ASF, animal - Italy",True,suspected,synthetic
PROMED-000772,2024000772.0772,2022-06-29,POL,Poland,ASF,"[SYNTHETIC] ASF, animal - Poland",True,unverified,synthetic
PROMED-000773,2024000773.0773,2022-06-29,MDA,Moldova,ASF,"[SYNTHETIC] ASF, animal - Moldova",False,confirmed,synthetic
PROMED-000774,2024000774.0774,2022-06-29,RUS,Russian Federation,ASF,"[SYNTHETIC] ASF, animal - Russian Federation",True,confirmed,synthetic
PROMED-000775,2024000775.0775,2022-07-03,TUR,Türkiye,ASF,"[SYNTHETIC] ASF, animal - Türkiye",False,suspected,synthetic
PROMED-000776,2024000776.0776,2022-07-11,ESP,Spain,ASF,"[SYNTHETIC] ASF, animal - Spain",True,unverified,synthetic
PROMED-000777,2024000777.0777,2022-07-13,SRB,Serbia,ASF,"[SYNTHETIC] ASF, animal - Serbia",True,confirmed,synthetic
PROMED-000778,2024000778.0778,2022-07-11,MDA,Moldova,ASF,"[SYNTHETIC] ASF, animal - Moldova",False,unverified,synthetic
PROMED-000779,2024000779.0779,2022-07-14,RUS,Russian Federation,ASF,"[SYNTHETIC] ASF, animal - Russian Federation",True,suspected,synthetic
PROMED-000780,2024000780.0780,2022-07-06,TUR,Türkiye,ASF,"[SYNTHETIC] ASF, animal - Türkiye",False,confirmed,synthetic
PROMED-000781,2024000781.0781,2022-07-14,ITA,Italy,ASF,"[SYNTHETIC] ASF, animal - Italy",True,confirmed,synthetic
PROMED-000782,2024000782.0782,2022-07-13,HUN,Hungary,ASF,"[SYNTHETIC] ASF, animal - Hungary",True,confirmed,synthetic
PROMED-000783,2024000783.0783,2022-07-17,ROU,Romania,ASF,"[SYNTHETIC] ASF, animal - Romania",True,suspected,synthetic
PROMED-000784,2024000784.0784,2022-07-18,BGR,Bulgaria,ASF,"[SYNTHETIC] ASF, animal - Bulgaria",True,confirmed,synthetic
PROMED-000785,2024000785.0785,2022-07-22,SRB,Serbia,ASF,"[SYNTHETIC] ASF, animal - Serbia",True,confirmed,synthetic
PROMED-000786,2024000786.0786,2022-07-29,FRA,France,ASF,"[SYNTHETIC] ASF, animal - France",False,suspected,synthetic
PROMED-000787,2024000787.0787,2022-07-22,DEU,Germany,ASF,"[SYNTHETIC] ASF, animal - Germany",False,unverified,synthetic
PROMED-000788,2024000788.0788,2022-07-25,BEL,Belgium,ASF,"[SYNTHETIC] ASF, animal - Belgium",False,confirmed,synthetic
PROMED-000789,2024000789.0789,2022-07-27,ITA,Italy,ASF,"[SYNTHETIC] ASF, animal - Italy",True,confirmed,synthetic
PROMED-000790,2024000790.0790,2022-07-20,ROU,Romania,ASF,"[SYNTHETIC] ASF, animal - Romania",True,unverified,synthetic
PROMED-000791,2024000791.0791,2022-07-24,SRB,Serbia,ASF,"[SYNTHETIC] ASF, animal - Serbia",True,confirmed,synthetic
PROMED-000792,2024000792.0792,2022-07-20,UKR,Ukraine,ASF,"[SYNTHETIC] ASF, animal - Ukraine",True,unverified,synthetic
PROMED-000793,2024000793.0793,2022-07-22,TUR,Türkiye,ASF,"[SYNTHETIC] ASF, animal - Türkiye",False,confirmed,synthetic
PROMED-000794,2024000794.0794,2022-07-27,TUN,Tunisia,ASF,"[SYNTHETIC] ASF, animal - Tunisia",False,suspected,synthetic
PROMED-000795,2024000795.0795,2022-07-30,BEL,Belgium,ASF,"[SYNTHETIC] ASF, animal - Belgium",True,confirmed,synthetic
PROMED-000796,2024000796.0796,2022-07-30,POL,Poland,ASF,"[SYNTHETIC] ASF, animal - Poland",True,confirmed,synthetic
PROMED-000797,2024000797.0797,2022-07-31,ROU,Romania,ASF,"[SYNTHETIC] ASF, animal - Romania",True,suspected,synthetic
PROMED-000798,2024000798.0798,2022-08-02,SRB,Serbia,ASF,"[SYNTHETIC] ASF, animal - Serbia",False,confirmed,synthetic
PROMED-000799,2024000799.0799,2022-08-04,UKR,Ukraine,ASF,"[SYNTHETIC] ASF, animal - Ukraine",False,confirmed,synthetic
PROMED-000800,2024000800.0800,2022-07-29,MAR,Morocco,ASF,"[SYNTHETIC] ASF, animal - Morocco",True,confirmed,synthetic
PROMED-000801,2024000801.0801,2022-08-07,FRA,France,ASF,"[SYNTHETIC] ASF, animal - France",True,confirmed,synthetic
PROMED-000802,2024000802.0802,2022-08-04,DEU,Germany,ASF,"[SYNTHETIC] ASF, animal - Germany",True,confirmed,synthetic
PROMED-000803,2024000803.0803,2022-08-03,ESP,Spain,ASF,"[SYNTHETIC] ASF, animal - Spain",True,confirmed,synthetic
PROMED-000804,2024000804.0804,2022-08-06,ROU,Romania,ASF,"[SYNTHETIC] ASF, animal - Romania",True,confirmed,synthetic
PROMED-000805,2024000805.0805,2022-08-12,SRB,Serbia,ASF,"[SYNTHETIC] ASF, animal - Serbia",True,confirmed,synthetic
PROMED-000806,2024000806.0806,2022-08-08,UKR,Ukraine,ASF,"[SYNTHETIC] ASF, animal - Ukraine",True,suspected,synthetic
PROMED-000807,2024000807.0807,2022-08-08,ISR,Israel,ASF,"[SYNTHETIC] ASF, animal - Israel",True,suspected,synthetic
PROMED-000808,2024000808.0808,2022-08-12,NLD,Netherlands,ASF,"[SYNTHETIC] ASF, animal - Netherlands",False,confirmed,synthetic
PROMED-000809,2024000809.0809,2022-08-16,POL,Poland,ASF,"[SYNTHETIC] ASF, animal - Poland",True,suspected,synthetic
PROMED-000810,2024000810.0810,2022-08-14,HUN,Hungary,ASF,"[SYNTHETIC] ASF, animal - Hungary",False,suspected,synthetic
PROMED-000811,2024000811.0811,2022-08-18,ROU,Romania,ASF,"[SYNTHETIC] ASF, animal - Romania",True,unverified,synthetic
PROMED-000812,2024000812.0812,2022-08-17,BGR,Bulgaria,ASF,"[SYNTHETIC] ASF, animal - Bulgaria",True,confirmed,synthetic
PROMED-000813,2024000813.0813,2022-08-15,SRB,Serbia,ASF,"[SYNTHETIC] ASF, animal - Serbia",False,suspected,synthetic
PROMED-000814,2024000814.0814,2022-08-19,UKR,Ukraine,ASF,"[SYNTHETIC] ASF, animal - Ukraine",True,unverified,synthetic
PROMED-000815,2024000815.0815,2022-08-15,MDA,Moldova,ASF,"[SYNTHETIC] ASF, animal - Moldova",False,confirmed,synthetic
PROMED-000816,2024000816.0816,2022-08-10,RUS,Russian Federation,ASF,"[SYNTHETIC] ASF, animal - Russian Federation",True,unverified,synthetic
PROMED-000817,2024000817.0817,2022-08-11,TUN,Tunisia,ASF,"[SYNTHETIC] ASF, animal - Tunisia",False,suspected,synthetic
PROMED-000818,2024000818.0818,2022-08-18,DEU,Germany,ASF,"[SYNTHETIC] ASF, animal - Germany",True,confirmed,synthetic
PROMED-000819,2024000819.0819,2022-08-17,HUN,Hungary,ASF,"[SYNTHETIC] ASF, animal - Hungary",True,confirmed,synthetic
PROMED-000820,2024000820.0820,2022-08-24,ROU,Romania,ASF,"[SYNTHETIC] ASF, animal - Romania",True,suspected,synthetic
PROMED-000821,2024000821.0821,2022-08-26,BGR,Bulgaria,ASF,"[SYNTHETIC] ASF, animal - Bulgaria",False,confirmed,synthetic
PROMED-000822,2024000822.0822,2022-08-21,SRB,Serbia,ASF,"[SYNTHETIC] ASF, animal - Serbia",False,suspected,synthetic
PROMED-000823,2024000823.0823,2022-08-22,UKR,Ukraine,ASF,"[SYNTHETIC] ASF, animal - Ukraine",False,confirmed,synthetic
PROMED-000824,2024000824.0824,2022-08-18,MDA,Moldova,ASF,"[SYNTHETIC] ASF, animal - Moldova",True,suspected,synthetic
PROMED-000825,2024000825.0825,2022-09-02,NLD,Netherlands,ASF,"[SYNTHETIC] ASF, animal - Netherlands",True,confirmed,synthetic
PROMED-000826,2024000826.0826,2022-08-24,BEL,Belgium,ASF,"[SYNTHETIC] ASF, animal - Belgium",False,confirmed,synthetic
PROMED-000827,2024000827.0827,2022-08-29,ITA,Italy,ASF,"[SYNTHETIC] ASF, animal - Italy",True,confirmed,synthetic
PROMED-000828,2024000828.0828,2022-08-27,POL,Poland,ASF,"[SYNTHETIC] ASF, animal - Poland",True,unverified,synthetic
PROMED-000829,2024000829.0829,2022-08-28,HUN,Hungary,ASF,"[SYNTHETIC] ASF, animal - Hungary",True,confirmed,synthetic
PROMED-000830,2024000830.0830,2022-09-01,ROU,Romania,ASF,"[SYNTHETIC] ASF, animal - Romania",False,unverified,synthetic
PROMED-000831,2024000831.0831,2022-08-24,SRB,Serbia,ASF,"[SYNTHETIC] ASF, animal - Serbia",False,confirmed,synthetic
PROMED-000832,2024000832.0832,2022-08-26,GEO,Georgia,ASF,"[SYNTHETIC] ASF, animal - Georgia",False,suspected,synthetic
PROMED-000833,2024000833.0833,2022-08-28,TUN,Tunisia,ASF,"[SYNTHETIC] ASF, animal - Tunisia",True,confirmed,synthetic
PROMED-000834,2024000834.0834,2022-08-31,FRA,France,ASF,"[SYNTHETIC] ASF, animal - France",True,suspected,synthetic
PROMED-000835,2024000835.0835,2022-09-08,BEL,Belgium,ASF,"[SYNTHETIC] ASF, animal - Belgium",False,unverified,synthetic
PROMED-000836,2024000836.0836,2022-09-02,POL,Poland,ASF,"[SYNTHETIC] ASF, animal - Poland",True,confirmed,synthetic
PROMED-000837,2024000837.0837,2022-09-01,HUN,Hungary,ASF,"[SYNTHETIC] ASF, animal - Hungary",True,unverified,synthetic
PROMED-000838,2024000838.0838,2022-08-31,BGR,Bulgaria,ASF,"[SYNTHETIC] ASF, animal - Bulgaria",False,suspected,synthetic
PROMED-000839,2024000839.0839,2022-09-08,SRB,Serbia,ASF,"[SYNTHETIC] ASF, animal - Serbia",False,suspected,synthetic
PROMED-000840,2024000840.0840,2022-09-04,MDA,Moldova,ASF,"[SYNTHETIC] ASF, animal - Moldova",False,confirmed,synthetic
PROMED-000841,2024000841.0841,2022-09-09,RUS,Russian Federation,ASF,"[SYNTHETIC] ASF, animal - Russian Federation",True,suspected,synthetic
PROMED-000842,2024000842.0842,2022-09-08,NLD,Netherlands,ASF,"[SYNTHETIC] ASF, animal - Netherlands",True,confirmed,synthetic
PROMED-000843,2024000843.0843,2022-09-07,BEL,Belgium,ASF,"[SYNTHETIC] ASF, animal - Belgium",False,suspected,synthetic
PROMED-000844,2024000844.0844,2022-09-07,ESP,Spain,ASF,"[SYNTHETIC] ASF, animal - Spain",True,suspected,synthetic
PROMED-000845,2024000845.0845,2022-09-09,POL,Poland,ASF,"[SYNTHETIC] ASF, animal - Poland",True,confirmed,synthetic
PROMED-000846,2024000846.0846,2022-09-08,HUN,Hungary,ASF,"[SYNTHETIC] ASF, animal - Hungary",True,suspected,synthetic
PROMED-000847,2024000847.0847,2022-09-07,ROU,Romania,ASF,"[SYNTHETIC] ASF, animal - Romania",True,suspected,synthetic
PROMED-000848,2024000848.0848,2022-09-14,SRB,Serbia,ASF,"[SYNTHETIC] ASF, animal - Serbia",False,confirmed,synthetic
PROMED-000849,2024000849.0849,2022-09-09,UKR,Ukraine,ASF,"[SYNTHETIC] ASF, animal - Ukraine",False,confirmed,synthetic
PROMED-000850,2024000850.0850,2022-09-11,MDA,Moldova,ASF,"[SYNTHETIC] ASF, animal - Moldova",True,confirmed,synthetic
PROMED-000851,2024000851.0851,2022-09-11,RUS,Russian Federation,ASF,"[SYNTHETIC] ASF, animal - Russian Federation",True,suspected,synthetic
PROMED-000852,2024000852.0852,2022-09-12,TUR,Türkiye,ASF,"[SYNTHETIC] ASF, animal - Türkiye",False,confirmed,synthetic
PROMED-000853,2024000853.0853,2022-09-21,FRA,France,ASF,"[SYNTHETIC] ASF, animal - France",False,confirmed,synthetic
PROMED-000854,2024000854.0854,2022-09-18,NLD,Netherlands,ASF,"[SYNTHETIC] ASF, animal - Netherlands",True,confirmed,synthetic
PROMED-000855,2024000855.0855,2022-09-17,ITA,Italy,ASF,"[SYNTHETIC] ASF, animal - Italy",True,confirmed,synthetic
PROMED-000856,2024000856.0856,2022-09-14,ESP,Spain,ASF,"[SYNTHETIC] ASF, animal - Spain",True,confirmed,synthetic
PROMED-000857,2024000857.0857,2022-09-15,HUN,Hungary,ASF,"[SYNTHETIC] ASF, animal - Hungary",True,unverified,synthetic
PROMED-000858,2024000858.0858,2022-09-15,BGR,Bulgaria,ASF,"[SYNTHETIC] ASF, animal - Bulgaria",False,suspected,synthetic
PROMED-000859,2024000859.0859,2022-09-14,SRB,Serbia,ASF,"[SYNTHETIC] ASF, animal - Serbia",True,confirmed,synthetic
PROMED-000860,2024000860.0860,2022-09-23,GEO,Georgia,ASF,"[SYNTHETIC] ASF, animal - Georgia",True,confirmed,synthetic
PROMED-000861,2024000861.0861,2022-09-14,TUN,Tunisia,ASF,"[SYNTHETIC] ASF, animal - Tunisia",True,suspected,synthetic
PROMED-000862,2024000862.0862,2022-09-26,FRA,France,ASF,"[SYNTHETIC] ASF, animal - France",False,suspected,synthetic
PROMED-000863,2024000863.0863,2022-09-22,NLD,Netherlands,ASF,"[SYNTHETIC] ASF, animal - Netherlands",False,suspected,synthetic
PROMED-000864,2024000864.0864,2022-09-26,ITA,Italy,ASF,"[SYNTHETIC] ASF, animal - Italy",False,confirmed,synthetic
PROMED-000865,2024000865.0865,2022-09-23,POL,Poland,ASF,"[SYNTHETIC] ASF, animal - Poland",True,suspected,synthetic
PROMED-000866,2024000866.0866,2022-09-27,BGR,Bulgaria,ASF,"[SYNTHETIC] ASF, animal - Bulgaria",True,suspected,synthetic
PROMED-000867,2024000867.0867,2022-09-26,SRB,Serbia,ASF,"[SYNTHETIC] ASF, animal - Serbia",True,suspected,synthetic
PROMED-000868,2024000868.0868,2022-09-26,UKR,Ukraine,ASF,"[SYNTHETIC] ASF, animal - Ukraine",True,confirmed,synthetic
PROMED-000869,2024000869.0869,2022-09-26,MDA,Moldova,ASF,"[SYNTHETIC] ASF, animal - Moldova",False,confirmed,synthetic
PROMED-000870,2024000870.0870,2022-09-28,DEU,Germany,ASF,"[SYNTHETIC] ASF, animal - Germany",False,suspected,synthetic
PROMED-000871,2024000871.0871,2022-10-07,POL,Poland,ASF,"[SYNTHETIC] ASF, animal - Poland",False,unverified,synthetic
PROMED-000872,2024000872.0872,2022-10-03,MDA,Moldova,ASF,"[SYNTHETIC] ASF, animal - Moldova",False,confirmed,synthetic
PROMED-000873,2024000873.0873,2022-10-07,NLD,Netherlands,ASF,"[SYNTHETIC] ASF, animal - Netherlands",True,unverified,synthetic
PROMED-000874,2024000874.0874,2022-10-05,POL,Poland,ASF,"[SYNTHETIC] ASF, animal - Poland",True,suspected,synthetic
PROMED-000875,2024000875.0875,2022-10-08,BGR,Bulgaria,ASF,"[SYNTHETIC] ASF, animal - Bulgaria",False,suspected,synthetic
PROMED-000876,2024000876.0876,2022-10-14,SRB,Serbia,ASF,"[SYNTHETIC] ASF, animal - Serbia",True,suspected,synthetic
PROMED-000877,2024000877.0877,2022-10-05,UKR,Ukraine,ASF,"[SYNTHETIC] ASF, animal - Ukraine",False,confirmed,synthetic
PROMED-000878,2024000878.0878,2022-10-10,RUS,Russian Federation,ASF,"[SYNTHETIC] ASF, animal - Russian Federation",True,unverified,synthetic
PROMED-000879,2024000879.0879,2022-10-21,BEL,Belgium,ASF,"[SYNTHETIC] ASF, animal - Belgium",True,suspected,synthetic
PROMED-000880,2024000880.0880,2022-10-12,HUN,Hungary,ASF,"[SYNTHETIC] ASF, animal - Hungary",True,unverified,synthetic
PROMED-000881,2024000881.0881,2022-10-21,ROU,Romania,ASF,"[SYNTHETIC] ASF, animal - Romania",False,confirmed,synthetic
PROMED-000882,2024000882.0882,2022-10-17,SRB,Serbia,ASF,"[SYNTHETIC] ASF, animal - Serbia",True,suspected,synthetic
PROMED-000883,2024000883.0883,2022-10-16,MDA,Moldova,ASF,"[SYNTHETIC] ASF, animal - Moldova",True,unverified,synthetic
PROMED-000884,2024000884.0884,2022-10-12,RUS,Russian Federation,ASF,"[SYNTHETIC] ASF, animal - Russian Federation",True,confirmed,synthetic
PROMED-000885,2024000885.0885,2022-11-04,DEU,Germany,ASF,"[SYNTHETIC] ASF, animal - Germany",False,unverified,synthetic
PROMED-000886,2024000886.0886,2022-10-30,BEL,Belgium,ASF,"[SYNTHETIC] ASF, animal - Belgium",False,unverified,synthetic
PROMED-000887,2024000887.0887,2022-11-01,ITA,Italy,ASF,"[SYNTHETIC] ASF, animal - Italy",True,suspected,synthetic
PROMED-000888,2024000888.0888,2022-10-31,ESP,Spain,ASF,"[SYNTHETIC] ASF, animal - Spain",False,suspected,synthetic
PROMED-000889,2024000889.0889,2022-11-02,SRB,Serbia,ASF,"[SYNTHETIC] ASF, animal - Serbia",False,confirmed,synthetic
PROMED-000890,2024000890.0890,2022-11-03,FRA,France,ASF,"[SYNTHETIC] ASF, animal - France",True,unverified,synthetic
PROMED-000891,2024000891.0891,2022-11-05,BEL,Belgium,ASF,"[SYNTHETIC] ASF, animal - Belgium",True,unverified,synthetic
PROMED-000892,2024000892.0892,2022-11-11,UKR,Ukraine,ASF,"[SYNTHETIC] ASF, animal - Ukraine",False,confirmed,synthetic
PROMED-000893,2024000893.0893,2022-11-12,FRA,France,ASF,"[SYNTHETIC] ASF, animal - France",True,unverified,synthetic
PROMED-000894,2024000894.0894,2022-11-16,RUS,Russian Federation,ASF,"[SYNTHETIC] ASF, animal - Russian Federation",False,confirmed,synthetic
PROMED-000895,2024000895.0895,2022-11-22,GEO,Georgia,ASF,"[SYNTHETIC] ASF, animal - Georgia",False,suspected,synthetic
PROMED-000896,2024000896.0896,2022-11-25,POL,Poland,ASF,"[SYNTHETIC] ASF, animal - Poland",True,suspected,synthetic
PROMED-000897,2024000897.0897,2022-11-30,EGY,Egypt,ASF,"[SYNTHETIC] ASF, animal - Egypt",True,confirmed,synthetic
PROMED-000898,2024000898.0898,2023-05-24,BEL,Belgium,ASF,"[SYNTHETIC] ASF, animal - Belgium",True,suspected,synthetic
PROMED-000899,2024000899.0899,2023-05-19,ESP,Spain,ASF,"[SYNTHETIC] ASF, animal - Spain",False,confirmed,synthetic
PROMED-000900,2024000900.0900,2023-05-28,UKR,Ukraine,ASF,"[SYNTHETIC] ASF, animal - Ukraine",True,unverified,synthetic
PROMED-000901,2024000901.0901,2023-06-12,BEL,Belgium,ASF,"[SYNTHETIC] ASF, animal - Belgium",True,unverified,synthetic
PROMED-000902,2024000902.0902,2023-06-14,ROU,Romania,ASF,"[SYNTHETIC] ASF, animal - Romania",False,confirmed,synthetic
PROMED-000903,2024000903.0903,2023-06-09,SRB,Serbia,ASF,"[SYNTHETIC] ASF, animal - Serbia",True,unverified,synthetic
PROMED-000904,2024000904.0904,2023-06-18,ESP,Spain,ASF,"[SYNTHETIC] ASF, animal - Spain",False,suspected,synthetic
PROMED-000905,2024000905.0905,2023-06-15,GEO,Georgia,ASF,"[SYNTHETIC] ASF, animal - Georgia",False,suspected,synthetic
PROMED-000906,2024000906.0906,2023-06-29,BEL,Belgium,ASF,"[SYNTHETIC] ASF, animal - Belgium",True,unverified,synthetic
PROMED-000907,2024000907.0907,2023-06-30,HUN,Hungary,ASF,"[SYNTHETIC] ASF, animal - Hungary",True,confirmed,synthetic
PROMED-000908,2024000908.0908,2023-06-27,UKR,Ukraine,ASF,"[SYNTHETIC] ASF, animal - Ukraine",False,confirmed,synthetic
PROMED-000909,2024000909.0909,2023-06-28,DEU,Germany,ASF,"[SYNTHETIC] ASF, animal - Germany",True,unverified,synthetic
PROMED-000910,2024000910.0910,2023-07-06,UKR,Ukraine,ASF,"[SYNTHETIC] ASF, animal - Ukraine",False,confirmed,synthetic
PROMED-000911,2024000911.0911,2023-07-11,DEU,Germany,ASF,"[SYNTHETIC] ASF, animal - Germany",True,unverified,synthetic
PROMED-000912,2024000912.0912,2023-07-12,BEL,Belgium,ASF,"[SYNTHETIC] ASF, animal - Belgium",True,suspected,synthetic
PROMED-000913,2024000913.0913,2023-07-14,POL,Poland,ASF,"[SYNTHETIC] ASF, animal - Poland",True,unverified,synthetic
PROMED-000914,2024000914.0914,2023-07-13,RUS,Russian Federation,ASF,"[SYNTHETIC] ASF, animal - Russian Federation",False,confirmed,synthetic
PROMED-000915,2024000915.0915,2023-07-05,TUR,Türkiye,ASF,"[SYNTHETIC] ASF, animal - Türkiye",True,suspected,synthetic
PROMED-000916,2024000916.0916,2023-07-14,POL,Poland,ASF,"[SYNTHETIC] ASF, animal - Poland",True,confirmed,synthetic
PROMED-000917,2024000917.0917,2023-07-24,NLD,Netherlands,ASF,"[SYNTHETIC] ASF, animal - Netherlands",True,confirmed,synthetic
PROMED-000918,2024000918.0918,2023-07-21,ITA,Italy,ASF,"[SYNTHETIC] ASF, animal - Italy",True,confirmed,synthetic
PROMED-000919,2024000919.0919,2023-08-03,TUR,Türkiye,ASF,"[SYNTHETIC] ASF, animal - Türkiye",False,unverified,synthetic
PROMED-000920,2024000920.0920,2023-08-08,FRA,France,ASF,"[SYNTHETIC] ASF, animal - France",False,confirmed,synthetic
PROMED-000921,2024000921.0921,2023-08-02,BEL,Belgium,ASF,"[SYNTHETIC] ASF, animal - Belgium",True,suspected,synthetic
PROMED-000922,2024000922.0922,2023-08-07,ITA,Italy,ASF,"[SYNTHETIC] ASF, animal - Italy",False,unverified,synthetic
PROMED-000923,2024000923.0923,2023-08-09,TUR,Türkiye,ASF,"[SYNTHETIC] ASF, animal - Türkiye",True,confirmed,synthetic
PROMED-000924,2024000924.0924,2023-08-18,ITA,Italy,ASF,"[SYNTHETIC] ASF, animal - Italy",False,suspected,synthetic
PROMED-000925,2024000925.0925,2023-08-18,UKR,Ukraine,ASF,"[SYNTHETIC] ASF, animal - Ukraine",True,suspected,synthetic
PROMED-000926,2024000926.0926,2023-08-18,TUR,Türkiye,ASF,"[SYNTHETIC] ASF, animal - Türkiye",False,suspected,synthetic
PROMED-000927,2024000927.0927,2023-08-11,MAR,Morocco,ASF,"[SYNTHETIC] ASF, animal - Morocco",True,confirmed,synthetic
PROMED-000928,2024000928.0928,2023-08-18,POL,Poland,ASF,"[SYNTHETIC] ASF, animal - Poland",True,suspected,synthetic
PROMED-000929,2024000929.0929,2023-08-18,ROU,Romania,ASF,"[SYNTHETIC] ASF, animal - Romania",False,unverified,synthetic
PROMED-000930,2024000930.0930,2023-08-16,UKR,Ukraine,ASF,"[SYNTHETIC] ASF, animal - Ukraine",False,confirmed,synthetic
PROMED-000931,2024000931.0931,2023-08-23,ESP,Spain,ASF,"[SYNTHETIC] ASF, animal - Spain",True,confirmed,synthetic
PROMED-000932,2024000932.0932,2023-08-25,POL,Poland,ASF,"[SYNTHETIC] ASF, animal - Poland",True,unverified,synthetic
PROMED-000933,2024000933.0933,2023-08-25,TUR,Türkiye,ASF,"[SYNTHETIC] ASF, animal - Türkiye",True,suspected,synthetic
PROMED-000934,2024000934.0934,2023-08-29,GEO,Georgia,ASF,"[SYNTHETIC] ASF, animal - Georgia",False,confirmed,synthetic
PROMED-000935,2024000935.0935,2023-09-07,UKR,Ukraine,ASF,"[SYNTHETIC] ASF, animal - Ukraine",True,suspected,synthetic
PROMED-000936,2024000936.0936,2023-09-04,MDA,Moldova,ASF,"[SYNTHETIC] ASF, animal - Moldova",False,suspected,synthetic
PROMED-000937,2024000937.0937,2023-09-07,GEO,Georgia,ASF,"[SYNTHETIC] ASF, animal - Georgia",True,suspected,synthetic
PROMED-000938,2024000938.0938,2023-09-15,DEU,Germany,ASF,"[SYNTHETIC] ASF, animal - Germany",True,suspected,synthetic
PROMED-000939,2024000939.0939,2023-09-07,BEL,Belgium,ASF,"[SYNTHETIC] ASF, animal - Belgium",False,unverified,synthetic
PROMED-000940,2024000940.0940,2023-09-09,POL,Poland,ASF,"[SYNTHETIC] ASF, animal - Poland",False,confirmed,synthetic
PROMED-000941,2024000941.0941,2023-09-11,HUN,Hungary,ASF,"[SYNTHETIC] ASF, animal - Hungary",False,suspected,synthetic
PROMED-000942,2024000942.0942,2023-09-15,MAR,Morocco,ASF,"[SYNTHETIC] ASF, animal - Morocco",True,confirmed,synthetic
PROMED-000943,2024000943.0943,2023-09-21,ESP,Spain,ASF,"[SYNTHETIC] ASF, animal - Spain",True,suspected,synthetic
PROMED-000944,2024000944.0944,2023-09-17,ROU,Romania,ASF,"[SYNTHETIC] ASF, animal - Romania",True,confirmed,synthetic
PROMED-000945,2024000945.0945,2023-09-16,MDA,Moldova,ASF,"[SYNTHETIC] ASF, animal - Moldova",False,unverified,synthetic
PROMED-000946,2024000946.0946,2023-09-24,BEL,Belgium,ASF,"[SYNTHETIC] ASF, animal - Belgium",True,unverified,synthetic
PROMED-000947,2024000947.0947,2023-09-24,POL,Poland,ASF,"[SYNTHETIC] ASF, animal - Poland",True,suspected,synthetic
PROMED-000948,2024000948.0948,2023-10-05,DEU,Germany,ASF,"[SYNTHETIC] ASF, animal - Germany",False,suspected,synthetic
PROMED-000949,2024000949.0949,2023-10-02,BEL,Belgium,ASF,"[SYNTHETIC] ASF, animal - Belgium",True,confirmed,synthetic
PROMED-000950,2024000950.0950,2023-10-03,GEO,Georgia,ASF,"[SYNTHETIC] ASF, animal - Georgia",True,confirmed,synthetic
PROMED-000951,2024000951.0951,2023-10-04,DEU,Germany,ASF,"[SYNTHETIC] ASF, animal - Germany",False,suspected,synthetic
PROMED-000952,2024000952.0952,2023-10-08,ITA,Italy,ASF,"[SYNTHETIC] ASF, animal - Italy",True,unverified,synthetic
PROMED-000953,2024000953.0953,2023-10-07,SRB,Serbia,ASF,"[SYNTHETIC] ASF, animal - Serbia",False,unverified,synthetic
PROMED-000954,2024000954.0954,2023-10-07,RUS,Russian Federation,ASF,"[SYNTHETIC] ASF, animal - Russian Federation",False,suspected,synthetic
PROMED-000955,2024000955.0955,2023-10-04,TUR,Türkiye,ASF,"[SYNTHETIC] ASF, animal - Türkiye",True,suspected,synthetic
PROMED-000956,2024000956.0956,2023-10-14,ITA,Italy,ASF,"[SYNTHETIC] ASF, animal - Italy",True,confirmed,synthetic
PROMED-000957,2024000957.0957,2023-10-18,ROU,Romania,ASF,"[SYNTHETIC] ASF, animal - Romania",True,confirmed,synthetic
PROMED-000958,2024000958.0958,2023-10-22,ITA,Italy,ASF,"[SYNTHETIC] ASF, animal - Italy",True,confirmed,synthetic
PROMED-000959,2024000959.0959,2023-10-20,ESP,Spain,ASF,"[SYNTHETIC] ASF, animal - Spain",True,unverified,synthetic
PROMED-000960,2024000960.0960,2023-10-18,BGR,Bulgaria,ASF,"[SYNTHETIC] ASF, animal - Bulgaria",True,confirmed,synthetic
PROMED-000961,2024000961.0961,2023-10-23,UKR,Ukraine,ASF,"[SYNTHETIC] ASF, animal - Ukraine",True,confirmed,synthetic
PROMED-000962,2024000962.0962,2023-10-27,BEL,Belgium,ASF,"[SYNTHETIC] ASF, animal - Belgium",False,confirmed,synthetic
PROMED-000963,2024000963.0963,2023-10-28,ITA,Italy,ASF,"[SYNTHETIC] ASF, animal - Italy",False,confirmed,synthetic
PROMED-000964,2024000964.0964,2023-10-28,ESP,Spain,ASF,"[SYNTHETIC] ASF, animal - Spain",True,confirmed,synthetic
PROMED-000965,2024000965.0965,2023-10-28,POL,Poland,ASF,"[SYNTHETIC] ASF, animal - Poland",False,confirmed,synthetic
PROMED-000966,2024000966.0966,2023-10-31,HUN,Hungary,ASF,"[SYNTHETIC] ASF, animal - Hungary",True,confirmed,synthetic
PROMED-000967,2024000967.0967,2023-10-25,TUR,Türkiye,ASF,"[SYNTHETIC] ASF, animal - Türkiye",True,unverified,synthetic
PROMED-000968,2024000968.0968,2023-10-26,TUN,Tunisia,ASF,"[SYNTHETIC] ASF, animal - Tunisia",True,confirmed,synthetic
PROMED-000969,2024000969.0969,2023-11-08,POL,Poland,ASF,"[SYNTHETIC] ASF, animal - Poland",True,unverified,synthetic
PROMED-000970,2024000970.0970,2023-11-24,BEL,Belgium,ASF,"[SYNTHETIC] ASF, animal - Belgium",True,confirmed,synthetic
PROMED-000971,2024000971.0971,2023-11-22,ITA,Italy,ASF,"[SYNTHETIC] ASF, animal - Italy",False,confirmed,synthetic
PROMED-000972,2024000972.0972,2023-12-14,GEO,Georgia,ASF,"[SYNTHETIC] ASF, animal - Georgia",False,suspected,synthetic
PROMED-000973,2024000973.0973,2024-04-08,DEU,Germany,ASF,"[SYNTHETIC] ASF, animal - Germany",False,unverified,synthetic
PROMED-000974,2024000974.0974,2024-04-25,ROU,Romania,ASF,"[SYNTHETIC] ASF, animal - Romania",False,unverified,synthetic
PROMED-000975,2024000975.0975,2024-05-01,MDA,Moldova,ASF,"[SYNTHETIC] ASF, animal - Moldova",True,confirmed,synthetic
PROMED-000976,2024000976.0976,2024-05-12,MDA,Moldova,ASF,"[SYNTHETIC] ASF, animal - Moldova",False,suspected,synthetic
PROMED-000977,2024000977.0977,2024-05-18,ROU,Romania,ASF,"[SYNTHETIC] ASF, animal - Romania",False,suspected,synthetic
PROMED-000978,2024000978.0978,2024-05-17,MDA,Moldova,ASF,"[SYNTHETIC] ASF, animal - Moldova",True,suspected,synthetic
PROMED-000979,2024000979.0979,2024-05-30,POL,Poland,ASF,"[SYNTHETIC] ASF, animal - Poland",False,confirmed,synthetic
PROMED-000980,2024000980.0980,2024-05-25,ROU,Romania,ASF,"[SYNTHETIC] ASF, animal - Romania",True,confirmed,synthetic
PROMED-000981,2024000981.0981,2024-05-30,MDA,Moldova,ASF,"[SYNTHETIC] ASF, animal - Moldova",False,suspected,synthetic
PROMED-000982,2024000982.0982,2024-06-03,BEL,Belgium,ASF,"[SYNTHETIC] ASF, animal - Belgium",True,confirmed,synthetic
PROMED-000983,2024000983.0983,2024-05-30,ROU,Romania,ASF,"[SYNTHETIC] ASF, animal - Romania",True,suspected,synthetic
PROMED-000984,2024000984.0984,2024-06-01,SRB,Serbia,ASF,"[SYNTHETIC] ASF, animal - Serbia",True,suspected,synthetic
PROMED-000985,2024000985.0985,2024-06-03,MDA,Moldova,ASF,"[SYNTHETIC] ASF, animal - Moldova",False,confirmed,synthetic
PROMED-000986,2024000986.0986,2024-06-07,RUS,Russian Federation,ASF,"[SYNTHETIC] ASF, animal - Russian Federation",True,confirmed,synthetic
PROMED-000987,2024000987.0987,2024-05-29,TUR,Türkiye,ASF,"[SYNTHETIC] ASF, animal - Türkiye",True,confirmed,synthetic
PROMED-000988,2024000988.0988,2024-06-12,FRA,France,ASF,"[SYNTHETIC] ASF, animal - France",True,confirmed,synthetic
PROMED-000989,2024000989.0989,2024-06-17,POL,Poland,ASF,"[SYNTHETIC] ASF, animal - Poland",True,unverified,synthetic
PROMED-000990,2024000990.0990,2024-06-17,HUN,Hungary,ASF,"[SYNTHETIC] ASF, animal - Hungary",False,unverified,synthetic
PROMED-000991,2024000991.0991,2024-06-14,SRB,Serbia,ASF,"[SYNTHETIC] ASF, animal - Serbia",False,confirmed,synthetic
PROMED-000992,2024000992.0992,2024-06-21,ITA,Italy,ASF,"[SYNTHETIC] ASF, animal - Italy",True,suspected,synthetic
PROMED-000993,2024000993.0993,2024-06-26,ESP,Spain,ASF,"[SYNTHETIC] ASF, animal - Spain",True,confirmed,synthetic
PROMED-000994,2024000994.0994,2024-06-20,POL,Poland,ASF,"[SYNTHETIC] ASF, animal - Poland",True,suspected,synthetic
PROMED-000995,2024000995.0995,2024-06-26,HUN,Hungary,ASF,"[SYNTHETIC] ASF, animal - Hungary",False,confirmed,synthetic
PROMED-000996,2024000996.0996,2024-06-28,ROU,Romania,ASF,"[SYNTHETIC] ASF, animal - Romania",True,confirmed,synthetic
PROMED-000997,2024000997.0997,2024-06-21,BGR,Bulgaria,ASF,"[SYNTHETIC] ASF, animal - Bulgaria",False,confirmed,synthetic
PROMED-000998,2024000998.0998,2024-06-22,UKR,Ukraine,ASF,"[SYNTHETIC] ASF, animal - Ukraine",True,confirmed,synthetic
PROMED-000999,2024000999.0999,2024-06-20,MDA,Moldova,ASF,"[SYNTHETIC] ASF, animal - Moldova",False,confirmed,synthetic
PROMED-001000,2024001000.0000,2024-06-28,ITA,Italy,ASF,"[SYNTHETIC] ASF, animal - Italy",True,suspected,synthetic
PROMED-001001,2024001001.0001,2024-06-27,POL,Poland,ASF,"[SYNTHETIC] ASF, animal - Poland",False,suspected,synthetic
PROMED-001002,2024001002.0002,2024-07-03,HUN,Hungary,ASF,"[SYNTHETIC] ASF, animal - Hungary",True,confirmed,synthetic
PROMED-001003,2024001003.0003,2024-06-27,ROU,Romania,ASF,"[SYNTHETIC] ASF, animal - Romania",True,unverified,synthetic
PROMED-001004,2024001004.0004,2024-06-30,BGR,Bulgaria,ASF,"[SYNTHETIC] ASF, animal - Bulgaria",True,confirmed,synthetic
PROMED-001005,2024001005.0005,2024-07-01,UKR,Ukraine,ASF,"[SYNTHETIC] ASF, animal - Ukraine",False,confirmed,synthetic
PROMED-001006,2024001006.0006,2024-07-01,MDA,Moldova,ASF,"[SYNTHETIC] ASF, animal - Moldova",False,suspected,synthetic
PROMED-001007,2024001007.0007,2024-06-28,RUS,Russian Federation,ASF,"[SYNTHETIC] ASF, animal - Russian Federation",True,suspected,synthetic
PROMED-001008,2024001008.0008,2024-07-06,ITA,Italy,ASF,"[SYNTHETIC] ASF, animal - Italy",False,confirmed,synthetic
PROMED-001009,2024001009.0009,2024-07-07,POL,Poland,ASF,"[SYNTHETIC] ASF, animal - Poland",True,confirmed,synthetic
PROMED-001010,2024001010.0010,2024-07-12,HUN,Hungary,ASF,"[SYNTHETIC] ASF, animal - Hungary",True,suspected,synthetic
PROMED-001011,2024001011.0011,2024-07-12,ROU,Romania,ASF,"[SYNTHETIC] ASF, animal - Romania",True,suspected,synthetic
PROMED-001012,2024001012.0012,2024-07-03,BGR,Bulgaria,ASF,"[SYNTHETIC] ASF, animal - Bulgaria",True,confirmed,synthetic
PROMED-001013,2024001013.0013,2024-07-11,SRB,Serbia,ASF,"[SYNTHETIC] ASF, animal - Serbia",False,confirmed,synthetic
PROMED-001014,2024001014.0014,2024-07-04,UKR,Ukraine,ASF,"[SYNTHETIC] ASF, animal - Ukraine",False,unverified,synthetic
PROMED-001015,2024001015.0015,2024-07-17,FRA,France,ASF,"[SYNTHETIC] ASF, animal - France",True,unverified,synthetic
PROMED-001016,2024001016.0016,2024-07-11,DEU,Germany,ASF,"[SYNTHETIC] ASF, animal - Germany",True,confirmed,synthetic
PROMED-001017,2024001017.0017,2024-07-15,ITA,Italy,ASF,"[SYNTHETIC] ASF, animal - Italy",True,unverified,synthetic
PROMED-001018,2024001018.0018,2024-07-15,POL,Poland,ASF,"[SYNTHETIC] ASF, animal - Poland",False,suspected,synthetic
PROMED-001019,2024001019.0019,2024-07-11,HUN,Hungary,ASF,"[SYNTHETIC] ASF, animal - Hungary",False,confirmed,synthetic
PROMED-001020,2024001020.0020,2024-07-15,ROU,Romania,ASF,"[SYNTHETIC] ASF, animal - Romania",False,confirmed,synthetic
PROMED-001021,2024001021.0021,2024-07-13,BGR,Bulgaria,ASF,"[SYNTHETIC] ASF, animal - Bulgaria",True,unverified,synthetic
PROMED-001022,2024001022.0022,2024-07-15,SRB,Serbia,ASF,"[SYNTHETIC] ASF, animal - Serbia",True,confirmed,synthetic
PROMED-001023,2024001023.0023,2024-07-16,UKR,Ukraine,ASF,"[SYNTHETIC] ASF, animal - Ukraine",True,suspected,synthetic
PROMED-001024,2024001024.0024,2024-07-10,MDA,Moldova,ASF,"[SYNTHETIC] ASF, animal - Moldova",False,unverified,synthetic
PROMED-001025,2024001025.0025,2024-07-12,RUS,Russian Federation,ASF,"[SYNTHETIC] ASF, animal - Russian Federation",False,suspected,synthetic
PROMED-001026,2024001026.0026,2024-07-10,TUR,Türkiye,ASF,"[SYNTHETIC] ASF, animal - Türkiye",True,confirmed,synthetic
PROMED-001027,2024001027.0027,2024-07-12,GEO,Georgia,ASF,"[SYNTHETIC] ASF, animal - Georgia",True,confirmed,synthetic
PROMED-001028,2024001028.0028,2024-07-17,TUN,Tunisia,ASF,"[SYNTHETIC] ASF, animal - Tunisia",False,confirmed,synthetic
PROMED-001029,2024001029.0029,2024-07-23,FRA,France,ASF,"[SYNTHETIC] ASF, animal - France",True,suspected,synthetic
PROMED-001030,2024001030.0030,2024-07-24,NLD,Netherlands,ASF,"[SYNTHETIC] ASF, animal - Netherlands",True,unverified,synthetic
PROMED-001031,2024001031.0031,2024-07-22,ITA,Italy,ASF,"[SYNTHETIC] ASF, animal - Italy",True,confirmed,synthetic
PROMED-001032,2024001032.0032,2024-07-24,POL,Poland,ASF,"[SYNTHETIC] ASF, animal - Poland",True,suspected,synthetic
PROMED-001033,2024001033.0033,2024-07-17,HUN,Hungary,ASF,"[SYNTHETIC] ASF, animal - Hungary",True,confirmed,synthetic
PROMED-001034,2024001034.0034,2024-07-18,ROU,Romania,ASF,"[SYNTHETIC] ASF, animal - Romania",False,suspected,synthetic
PROMED-001035,2024001035.0035,2024-07-17,BGR,Bulgaria,ASF,"[SYNTHETIC] ASF, animal - Bulgaria",False,confirmed,synthetic
PROMED-001036,2024001036.0036,2024-07-18,SRB,Serbia,ASF,"[SYNTHETIC] ASF, animal - Serbia",False,confirmed,synthetic
PROMED-001037,2024001037.0037,2024-07-25,UKR,Ukraine,ASF,"[SYNTHETIC] ASF, animal - Ukraine",False,unverified,synthetic
PROMED-001038,2024001038.0038,2024-07-23,MDA,Moldova,ASF,"[SYNTHETIC] ASF, animal - Moldova",True,confirmed,synthetic
PROMED-001039,2024001039.0039,2024-07-26,TUN,Tunisia,ASF,"[SYNTHETIC] ASF, animal - Tunisia",False,suspected,synthetic
PROMED-001040,2024001040.0040,2024-07-26,FRA,France,ASF,"[SYNTHETIC] ASF, animal - France",False,suspected,synthetic
PROMED-001041,2024001041.0041,2024-07-29,NLD,Netherlands,ASF,"[SYNTHETIC] ASF, animal - Netherlands",False,unverified,synthetic
PROMED-001042,2024001042.0042,2024-08-01,ESP,Spain,ASF,"[SYNTHETIC] ASF, animal - Spain",False,suspected,synthetic
PROMED-001043,2024001043.0043,2024-08-01,POL,Poland,ASF,"[SYNTHETIC] ASF, animal - Poland",False,confirmed,synthetic
PROMED-001044,2024001044.0044,2024-07-24,HUN,Hungary,ASF,"[SYNTHETIC] ASF, animal - Hungary",True,suspected,synthetic
PROMED-001045,2024001045.0045,2024-07-29,BGR,Bulgaria,ASF,"[SYNTHETIC] ASF, animal - Bulgaria",True,unverified,synthetic
PROMED-001046,2024001046.0046,2024-07-25,SRB,Serbia,ASF,"[SYNTHETIC] ASF, animal - Serbia",False,suspected,synthetic
PROMED-001047,2024001047.0047,2024-07-25,UKR,Ukraine,ASF,"[SYNTHETIC] ASF, animal - Ukraine",True,unverified,synthetic
PROMED-001048,2024001048.0048,2024-07-24,MDA,Moldova,ASF,"[SYNTHETIC] ASF, animal - Moldova",True,confirmed,synthetic
PROMED-001049,2024001049.0049,2024-08-08,FRA,France,ASF,"[SYNTHETIC] ASF, animal - France",True,suspected,synthetic
PROMED-001050,2024001050.0050,2024-07-31,DEU,Germany,ASF,"[SYNTHETIC] ASF, animal - Germany",True,confirmed,synthetic
PROMED-001051,2024001051.0051,2024-08-01,BEL,Belgium,ASF,"[SYNTHETIC] ASF, animal - Belgium",True,confirmed,synthetic
PROMED-001052,2024001052.0052,2024-08-01,ESP,Spain,ASF,"[SYNTHETIC] ASF, animal - Spain",True,confirmed,synthetic
PROMED-001053,2024001053.0053,2024-08-05,POL,Poland,ASF,"[SYNTHETIC] ASF, animal - Poland",True,confirmed,synthetic
PROMED-001054,2024001054.0054,2024-08-03,ROU,Romania,ASF,"[SYNTHETIC] ASF, animal - Romania",False,suspected,synthetic
PROMED-001055,2024001055.0055,2024-08-01,BGR,Bulgaria,ASF,"[SYNTHETIC] ASF, animal - Bulgaria",True,confirmed,synthetic
PROMED-001056,2024001056.0056,2024-08-07,SRB,Serbia,ASF,"[SYNTHETIC] ASF, animal - Serbia",False,confirmed,synthetic
PROMED-001057,2024001057.0057,2024-08-05,UKR,Ukraine,ASF,"[SYNTHETIC] ASF, animal - Ukraine",False,confirmed,synthetic
PROMED-001058,2024001058.0058,2024-08-05,MDA,Moldova,ASF,"[SYNTHETIC] ASF, animal - Moldova",False,confirmed,synthetic
PROMED-001059,2024001059.0059,2024-08-05,TUR,Türkiye,ASF,"[SYNTHETIC] ASF, animal - Türkiye",False,suspected,synthetic
PROMED-001060,2024001060.0060,2024-08-05,GEO,Georgia,ASF,"[SYNTHETIC] ASF, animal - Georgia",True,suspected,synthetic
PROMED-001061,2024001061.0061,2024-08-08,FRA,France,ASF,"[SYNTHETIC] ASF, animal - France",True,confirmed,synthetic
PROMED-001062,2024001062.0062,2024-08-14,DEU,Germany,ASF,"[SYNTHETIC] ASF, animal - Germany",True,unverified,synthetic
PROMED-001063,2024001063.0063,2024-08-16,BEL,Belgium,ASF,"[SYNTHETIC] ASF, animal - Belgium",True,confirmed,synthetic
PROMED-001064,2024001064.0064,2024-08-10,ITA,Italy,ASF,"[SYNTHETIC] ASF, animal - Italy",False,suspected,synthetic
PROMED-001065,2024001065.0065,2024-08-16,POL,Poland,ASF,"[SYNTHETIC] ASF, animal - Poland",True,suspected,synthetic
PROMED-001066,2024001066.0066,2024-08-16,HUN,Hungary,ASF,"[SYNTHETIC] ASF, animal - Hungary",False,unverified,synthetic
PROMED-001067,2024001067.0067,2024-08-16,ROU,Romania,ASF,"[SYNTHETIC] ASF, animal - Romania",True,confirmed,synthetic
PROMED-001068,2024001068.0068,2024-08-12,BGR,Bulgaria,ASF,"[SYNTHETIC] ASF, animal - Bulgaria",False,confirmed,synthetic
PROMED-001069,2024001069.0069,2024-08-14,SRB,Serbia,ASF,"[SYNTHETIC] ASF, animal - Serbia",True,confirmed,synthetic
PROMED-001070,2024001070.0070,2024-08-15,RUS,Russian Federation,ASF,"[SYNTHETIC] ASF, animal - Russian Federation",True,suspected,synthetic
PROMED-001071,2024001071.0071,2024-08-19,FRA,France,ASF,"[SYNTHETIC] ASF, animal - France",False,unverified,synthetic
PROMED-001072,2024001072.0072,2024-08-15,NLD,Netherlands,ASF,"[SYNTHETIC] ASF, animal - Netherlands",True,unverified,synthetic
PROMED-001073,2024001073.0073,2024-08-21,BEL,Belgium,ASF,"[SYNTHETIC] ASF, animal - Belgium",False,suspected,synthetic
PROMED-001074,2024001074.0074,2024-08-23,ITA,Italy,ASF,"[SYNTHETIC] ASF, animal - Italy",True,suspected,synthetic
PROMED-001075,2024001075.0075,2024-08-18,HUN,Hungary,ASF,"[SYNTHETIC] ASF, animal - Hungary",True,confirmed,synthetic
PROMED-001076,2024001076.0076,2024-08-20,ROU,Romania,ASF,"[SYNTHETIC] ASF, animal - Romania",False,confirmed,synthetic
PROMED-001077,2024001077.0077,2024-08-20,BGR,Bulgaria,ASF,"[SYNTHETIC] ASF, animal - Bulgaria",True,suspected,synthetic
PROMED-001078,2024001078.0078,2024-08-15,SRB,Serbia,ASF,"[SYNTHETIC] ASF, animal - Serbia",False,confirmed,synthetic
PROMED-001079,2024001079.0079,2024-08-22,UKR,Ukraine,ASF,"[SYNTHETIC] ASF, animal - Ukraine",False,suspected,synthetic
PROMED-001080,2024001080.0080,2024-08-18,MDA,Moldova,ASF,"[SYNTHETIC] ASF, animal - Moldova",True,suspected,synthetic
PROMED-001081,2024001081.0081,2024-08-20,GEO,Georgia,ASF,"[SYNTHETIC] ASF, animal - Georgia",True,confirmed,synthetic
PROMED-001082,2024001082.0082,2024-08-28,DEU,Germany,ASF,"[SYNTHETIC] ASF, animal - Germany",True,unverified,synthetic
PROMED-001083,2024001083.0083,2024-08-23,NLD,Netherlands,ASF,"[SYNTHETIC] ASF, animal - Netherlands",False,suspected,synthetic
PROMED-001084,2024001084.0084,2024-08-30,BEL,Belgium,ASF,"[SYNTHETIC] ASF, animal - Belgium",False,confirmed,synthetic
PROMED-001085,2024001085.0085,2024-08-30,ITA,Italy,ASF,"[SYNTHETIC] ASF, animal - Italy",False,suspected,synthetic
PROMED-001086,2024001086.0086,2024-08-23,ESP,Spain,ASF,"[SYNTHETIC] ASF, animal - Spain",False,confirmed,synthetic
PROMED-001087,2024001087.0087,2024-08-25,POL,Poland,ASF,"[SYNTHETIC] ASF, animal - Poland",True,confirmed,synthetic
PROMED-001088,2024001088.0088,2024-08-21,HUN,Hungary,ASF,"[SYNTHETIC] ASF, animal - Hungary",False,confirmed,synthetic
PROMED-001089,2024001089.0089,2024-08-25,BGR,Bulgaria,ASF,"[SYNTHETIC] ASF, animal - Bulgaria",True,confirmed,synthetic
PROMED-001090,2024001090.0090,2024-08-21,UKR,Ukraine,ASF,"[SYNTHETIC] ASF, animal - Ukraine",False,confirmed,synthetic
PROMED-001091,2024001091.0091,2024-08-24,RUS,Russian Federation,ASF,"[SYNTHETIC] ASF, animal - Russian Federation",False,suspected,synthetic
PROMED-001092,2024001092.0092,2024-08-28,FRA,France,ASF,"[SYNTHETIC] ASF, animal - France",True,confirmed,synthetic
PROMED-001093,2024001093.0093,2024-08-29,DEU,Germany,ASF,"[SYNTHETIC] ASF, animal - Germany",True,confirmed,synthetic
PROMED-001094,2024001094.0094,2024-09-02,NLD,Netherlands,ASF,"[SYNTHETIC] ASF, animal - Netherlands",False,confirmed,synthetic
PROMED-001095,2024001095.0095,2024-09-01,BEL,Belgium,ASF,"[SYNTHETIC] ASF, animal - Belgium",True,unverified,synthetic
PROMED-001096,2024001096.0096,2024-09-01,ITA,Italy,ASF,"[SYNTHETIC] ASF, animal - Italy",False,unverified,synthetic
PROMED-001097,2024001097.0097,2024-08-31,POL,Poland,ASF,"[SYNTHETIC] ASF, animal - Poland",False,confirmed,synthetic
PROMED-001098,2024001098.0098,2024-09-04,HUN,Hungary,ASF,"[SYNTHETIC] ASF, animal - Hungary",True,suspected,synthetic
PROMED-001099,2024001099.0099,2024-08-30,ROU,Romania,ASF,"[SYNTHETIC] ASF, animal - Romania",True,suspected,synthetic
PROMED-001100,2024001100.0100,2024-09-01,BGR,Bulgaria,ASF,"[SYNTHETIC] ASF, animal - Bulgaria",True,confirmed,synthetic
PROMED-001101,2024001101.0101,2024-09-03,SRB,Serbia,ASF,"[SYNTHETIC] ASF, animal - Serbia",False,confirmed,synthetic
PROMED-001102,2024001102.0102,2024-09-05,UKR,Ukraine,ASF,"[SYNTHETIC] ASF, animal - Ukraine",True,unverified,synthetic
PROMED-001103,2024001103.0103,2024-08-31,MDA,Moldova,ASF,"[SYNTHETIC] ASF, animal - Moldova",False,confirmed,synthetic
PROMED-001104,2024001104.0104,2024-09-02,RUS,Russian Federation,ASF,"[SYNTHETIC] ASF, animal - Russian Federation",True,suspected,synthetic
PROMED-001105,2024001105.0105,2024-09-02,TUR,Türkiye,ASF,"[SYNTHETIC] ASF, animal - Türkiye",True,suspected,synthetic
PROMED-001106,2024001106.0106,2024-09-03,GEO,Georgia,ASF,"[SYNTHETIC] ASF, animal - Georgia",False,unverified,synthetic
PROMED-001107,2024001107.0107,2024-09-12,DEU,Germany,ASF,"[SYNTHETIC] ASF, animal - Germany",True,suspected,synthetic
PROMED-001108,2024001108.0108,2024-09-04,NLD,Netherlands,ASF,"[SYNTHETIC] ASF, animal - Netherlands",False,confirmed,synthetic
PROMED-001109,2024001109.0109,2024-09-10,BEL,Belgium,ASF,"[SYNTHETIC] ASF, animal - Belgium",True,confirmed,synthetic
PROMED-001110,2024001110.0110,2024-09-12,ROU,Romania,ASF,"[SYNTHETIC] ASF, animal - Romania",True,confirmed,synthetic
PROMED-001111,2024001111.0111,2024-09-09,BGR,Bulgaria,ASF,"[SYNTHETIC] ASF, animal - Bulgaria",True,confirmed,synthetic
PROMED-001112,2024001112.0112,2024-09-11,UKR,Ukraine,ASF,"[SYNTHETIC] ASF, animal - Ukraine",True,confirmed,synthetic
PROMED-001113,2024001113.0113,2024-09-10,GEO,Georgia,ASF,"[SYNTHETIC] ASF, animal - Georgia",False,confirmed,synthetic
PROMED-001114,2024001114.0114,2024-09-14,DEU,Germany,ASF,"[SYNTHETIC] ASF, animal - Germany",True,suspected,synthetic
PROMED-001115,2024001115.0115,2024-09-20,NLD,Netherlands,ASF,"[SYNTHETIC] ASF, animal - Netherlands",True,suspected,synthetic
PROMED-001116,2024001116.0116,2024-09-16,POL,Poland,ASF,"[SYNTHETIC] ASF, animal - Poland",True,confirmed,synthetic
PROMED-001117,2024001117.0117,2024-09-13,HUN,Hungary,ASF,"[SYNTHETIC] ASF, animal - Hungary",True,suspected,synthetic
PROMED-001118,2024001118.0118,2024-09-17,ROU,Romania,ASF,"[SYNTHETIC] ASF, animal - Romania",True,suspected,synthetic
PROMED-001119,2024001119.0119,2024-09-16,MDA,Moldova,ASF,"[SYNTHETIC] ASF, animal - Moldova",False,unverified,synthetic
PROMED-001120,2024001120.0120,2024-09-16,RUS,Russian Federation,ASF,"[SYNTHETIC] ASF, animal - Russian Federation",True,confirmed,synthetic
PROMED-001121,2024001121.0121,2024-09-26,FRA,France,ASF,"[SYNTHETIC] ASF, animal - France",False,unverified,synthetic
PROMED-001122,2024001122.0122,2024-09-26,ITA,Italy,ASF,"[SYNTHETIC] ASF, animal - Italy",True,unverified,synthetic
PROMED-001123,2024001123.0123,2024-09-18,POL,Poland,ASF,"[SYNTHETIC] ASF, animal - Poland",False,confirmed,synthetic
PROMED-001124,2024001124.0124,2024-09-18,HUN,Hungary,ASF,"[SYNTHETIC] ASF, animal - Hungary",True,unverified,synthetic
PROMED-001125,2024001125.0125,2024-09-22,ROU,Romania,ASF,"[SYNTHETIC] ASF, animal - Romania",False,suspected,synthetic
PROMED-001126,2024001126.0126,2024-09-25,SRB,Serbia,ASF,"[SYNTHETIC] ASF, animal - Serbia",True,suspected,synthetic
PROMED-001127,2024001127.0127,2024-09-22,RUS,Russian Federation,ASF,"[SYNTHETIC] ASF, animal - Russian Federation",False,confirmed,synthetic
PROMED-001128,2024001128.0128,2024-10-04,FRA,France,ASF,"[SYNTHETIC] ASF, animal - France",True,confirmed,synthetic
PROMED-001129,2024001129.0129,2024-09-25,DEU,Germany,ASF,"[SYNTHETIC] ASF, animal - Germany",True,confirmed,synthetic
PROMED-001130,2024001130.0130,2024-10-03,ITA,Italy,ASF,"[SYNTHETIC] ASF, animal - Italy",True,confirmed,synthetic
PROMED-001131,2024001131.0131,2024-09-28,HUN,Hungary,ASF,"[SYNTHETIC] ASF, animal - Hungary",False,suspected,synthetic
PROMED-001132,2024001132.0132,2024-10-03,TUR,Türkiye,ASF,"[SYNTHETIC] ASF, animal - Türkiye",True,suspected,synthetic
PROMED-001133,2024001133.0133,2024-10-10,ITA,Italy,ASF,"[SYNTHETIC] ASF, animal - Italy",True,unverified,synthetic
PROMED-001134,2024001134.0134,2024-10-05,SRB,Serbia,ASF,"[SYNTHETIC] ASF, animal - Serbia",True,confirmed,synthetic
PROMED-001135,2024001135.0135,2024-10-06,UKR,Ukraine,ASF,"[SYNTHETIC] ASF, animal - Ukraine",False,suspected,synthetic
PROMED-001136,2024001136.0136,2024-10-10,RUS,Russian Federation,ASF,"[SYNTHETIC] ASF, animal - Russian Federation",True,suspected,synthetic
PROMED-001137,2024001137.0137,2024-10-10,DEU,Germany,ASF,"[SYNTHETIC] ASF, animal - Germany",True,unverified,synthetic
PROMED-001138,2024001138.0138,2024-10-18,ITA,Italy,ASF,"[SYNTHETIC] ASF, animal - Italy",False,suspected,synthetic
PROMED-001139,2024001139.0139,2024-10-16,POL,Poland,ASF,"[SYNTHETIC] ASF, animal - Poland",True,unverified,synthetic
PROMED-001140,2024001140.0140,2024-10-15,ROU,Romania,ASF,"[SYNTHETIC] ASF, animal - Romania",True,suspected,synthetic
PROMED-001141,2024001141.0141,2024-10-12,UKR,Ukraine,ASF,"[SYNTHETIC] ASF, animal - Ukraine",False,suspected,synthetic
PROMED-001142,2024001142.0142,2024-10-20,GEO,Georgia,ASF,"[SYNTHETIC] ASF, animal - Georgia",True,suspected,synthetic
PROMED-001143,2024001143.0143,2024-10-28,NLD,Netherlands,ASF,"[SYNTHETIC] ASF, animal - Netherlands",True,confirmed,synthetic
PROMED-001144,2024001144.0144,2024-10-28,POL,Poland,ASF,"[SYNTHETIC] ASF, animal - Poland",False,confirmed,synthetic
PROMED-001145,2024001145.0145,2024-11-02,POL,Poland,ASF,"[SYNTHETIC] ASF, animal - Poland",False,confirmed,synthetic
PROMED-001146,2024001146.0146,2025-06-20,BEL,Belgium,ASF,"[SYNTHETIC] ASF, animal - Belgium",True,unverified,synthetic
PROMED-001147,2024001147.0147,2025-06-22,RUS,Russian Federation,ASF,"[SYNTHETIC] ASF, animal - Russian Federation",True,suspected,synthetic
PROMED-001148,2024001148.0148,2025-07-08,MDA,Moldova,ASF,"[SYNTHETIC] ASF, animal - Moldova",True,confirmed,synthetic
PROMED-001149,2024001149.0149,2025-07-12,DEU,Germany,ASF,"[SYNTHETIC] ASF, animal - Germany",True,confirmed,synthetic
PROMED-001150,2024001150.0150,2025-07-13,BEL,Belgium,ASF,"[SYNTHETIC] ASF, animal - Belgium",True,confirmed,synthetic
PROMED-001151,2024001151.0151,2025-07-20,DEU,Germany,ASF,"[SYNTHETIC] ASF, animal - Germany",False,confirmed,synthetic
PROMED-001152,2024001152.0152,2025-07-17,POL,Poland,ASF,"[SYNTHETIC] ASF, animal - Poland",True,confirmed,synthetic
PROMED-001153,2024001153.0153,2025-07-23,MDA,Moldova,ASF,"[SYNTHETIC] ASF, animal - Moldova",False,suspected,synthetic
PROMED-001154,2024001154.0154,2025-07-25,DEU,Germany,ASF,"[SYNTHETIC] ASF, animal - Germany",True,confirmed,synthetic
PROMED-001155,2024001155.0155,2025-07-24,NLD,Netherlands,ASF,"[SYNTHETIC] ASF, animal - Netherlands",True,confirmed,synthetic
PROMED-001156,2024001156.0156,2025-07-31,FRA,France,ASF,"[SYNTHETIC] ASF, animal - France",False,confirmed,synthetic
PROMED-001157,2024001157.0157,2025-08-05,NLD,Netherlands,ASF,"[SYNTHETIC] ASF, animal - Netherlands",False,suspected,synthetic
PROMED-001158,2024001158.0158,2025-07-31,ESP,Spain,ASF,"[SYNTHETIC] ASF, animal - Spain",True,confirmed,synthetic
PROMED-001159,2024001159.0159,2025-08-10,ROU,Romania,ASF,"[SYNTHETIC] ASF, animal - Romania",False,suspected,synthetic
PROMED-001160,2024001160.0160,2025-08-10,MDA,Moldova,ASF,"[SYNTHETIC] ASF, animal - Moldova",True,confirmed,synthetic
PROMED-001161,2024001161.0161,2025-08-16,FRA,France,ASF,"[SYNTHETIC] ASF, animal - France",False,suspected,synthetic
PROMED-001162,2024001162.0162,2025-08-28,BEL,Belgium,ASF,"[SYNTHETIC] ASF, animal - Belgium",False,suspected,synthetic
PROMED-001163,2024001163.0163,2025-08-28,ESP,Spain,ASF,"[SYNTHETIC] ASF, animal - Spain",False,confirmed,synthetic
PROMED-001164,2024001164.0164,2025-08-27,ROU,Romania,ASF,"[SYNTHETIC] ASF, animal - Romania",True,unverified,synthetic
PROMED-001165,2024001165.0165,2025-08-21,TUR,Türkiye,ASF,"[SYNTHETIC] ASF, animal - Türkiye",True,confirmed,synthetic
PROMED-001166,2024001166.0166,2025-08-20,TUN,Tunisia,ASF,"[SYNTHETIC] ASF, animal - Tunisia",True,unverified,synthetic
PROMED-001167,2024001167.0167,2025-08-28,SRB,Serbia,ASF,"[SYNTHETIC] ASF, animal - Serbia",False,confirmed,synthetic
PROMED-001168,2024001168.0168,2025-09-08,ITA,Italy,ASF,"[SYNTHETIC] ASF, animal - Italy",True,suspected,synthetic
PROMED-001169,2024001169.0169,2025-09-05,RUS,Russian Federation,ASF,"[SYNTHETIC] ASF, animal - Russian Federation",True,suspected,synthetic
PROMED-001170,2024001170.0170,2025-09-04,TUR,Türkiye,ASF,"[SYNTHETIC] ASF, animal - Türkiye",True,confirmed,synthetic
PROMED-001171,2024001171.0171,2025-09-11,NLD,Netherlands,ASF,"[SYNTHETIC] ASF, animal - Netherlands",True,suspected,synthetic
PROMED-001172,2024001172.0172,2025-09-10,POL,Poland,ASF,"[SYNTHETIC] ASF, animal - Poland",True,unverified,synthetic
PROMED-001173,2024001173.0173,2025-09-14,HUN,Hungary,ASF,"[SYNTHETIC] ASF, animal - Hungary",True,suspected,synthetic
PROMED-001174,2024001174.0174,2025-09-17,ROU,Romania,ASF,"[SYNTHETIC] ASF, animal - Romania",False,confirmed,synthetic
PROMED-001175,2024001175.0175,2025-09-12,MDA,Moldova,ASF,"[SYNTHETIC] ASF, animal - Moldova",True,suspected,synthetic
PROMED-001176,2024001176.0176,2025-09-13,TUR,Türkiye,ASF,"[SYNTHETIC] ASF, animal - Türkiye",True,confirmed,synthetic
PROMED-001177,2024001177.0177,2025-09-17,TUN,Tunisia,ASF,"[SYNTHETIC] ASF, animal - Tunisia",True,confirmed,synthetic
PROMED-001178,2024001178.0178,2025-09-17,DEU,Germany,ASF,"[SYNTHETIC] ASF, animal - Germany",False,unverified,synthetic
PROMED-001179,2024001179.0179,2025-09-24,NLD,Netherlands,ASF,"[SYNTHETIC] ASF, animal - Netherlands",False,confirmed,synthetic
PROMED-001180,2024001180.0180,2025-09-22,BEL,Belgium,ASF,"[SYNTHETIC] ASF, animal - Belgium",False,confirmed,synthetic
PROMED-001181,2024001181.0181,2025-09-17,HUN,Hungary,ASF,"[SYNTHETIC] ASF, animal - Hungary",True,suspected,synthetic
PROMED-001182,2024001182.0182,2025-09-24,ROU,Romania,ASF,"[SYNTHETIC] ASF, animal - Romania",True,unverified,synthetic
PROMED-001183,2024001183.0183,2025-09-19,MDA,Moldova,ASF,"[SYNTHETIC] ASF, animal - Moldova",True,unverified,synthetic
PROMED-001184,2024001184.0184,2025-10-02,DEU,Germany,ASF,"[SYNTHETIC] ASF, animal - Germany",False,confirmed,synthetic
PROMED-001185,2024001185.0185,2025-10-01,NLD,Netherlands,ASF,"[SYNTHETIC] ASF, animal - Netherlands",False,confirmed,synthetic
PROMED-001186,2024001186.0186,2025-09-30,ESP,Spain,ASF,"[SYNTHETIC] ASF, animal - Spain",False,suspected,synthetic
PROMED-001187,2024001187.0187,2025-09-24,BGR,Bulgaria,ASF,"[SYNTHETIC] ASF, animal - Bulgaria",False,suspected,synthetic
PROMED-001188,2024001188.0188,2025-09-27,MDA,Moldova,ASF,"[SYNTHETIC] ASF, animal - Moldova",True,unverified,synthetic
PROMED-001189,2024001189.0189,2025-10-09,FRA,France,ASF,"[SYNTHETIC] ASF, animal - France",True,suspected,synthetic
PROMED-001190,2024001190.0190,2025-10-09,DEU,Germany,ASF,"[SYNTHETIC] ASF, animal - Germany",True,suspected,synthetic
PROMED-001191,2024001191.0191,2025-10-06,HUN,Hungary,ASF,"[SYNTHETIC] ASF, animal - Hungary",True,suspected,synthetic
PROMED-001192,2024001192.0192,2025-10-04,ROU,Romania,ASF,"[SYNTHETIC] ASF, animal - Romania",False,confirmed,synthetic
PROMED-001193,2024001193.0193,2025-10-06,UKR,Ukraine,ASF,"[SYNTHETIC] ASF, animal - Ukraine",False,suspected,synthetic
PROMED-001194,2024001194.0194,2025-10-04,TUR,Türkiye,ASF,"[SYNTHETIC] ASF, animal - Türkiye",False,suspected,synthetic
PROMED-001195,2024001195.0195,2025-10-06,TUN,Tunisia,ASF,"[SYNTHETIC] ASF, animal - Tunisia",False,unverified,synthetic
PROMED-001196,2024001196.0196,2025-10-17,FRA,France,ASF,"[SYNTHETIC] ASF, animal - France",True,confirmed,synthetic
PROMED-001197,2024001197.0197,2025-10-15,DEU,Germany,ASF,"[SYNTHETIC] ASF, animal - Germany",True,unverified,synthetic
PROMED-001198,2024001198.0198,2025-10-16,ESP,Spain,ASF,"[SYNTHETIC] ASF, animal - Spain",False,confirmed,synthetic
PROMED-001199,2024001199.0199,2025-10-12,SRB,Serbia,ASF,"[SYNTHETIC] ASF, animal - Serbia",True,confirmed,synthetic
PROMED-001200,2024001200.0200,2025-10-15,MDA,Moldova,ASF,"[SYNTHETIC] ASF, animal - Moldova",False,confirmed,synthetic
PROMED-001201,2024001201.0201,2025-10-15,ISR,Israel,ASF,"[SYNTHETIC] ASF, animal - Israel",False,confirmed,synthetic
PROMED-001202,2024001202.0202,2025-10-09,TUN,Tunisia,ASF,"[SYNTHETIC] ASF, animal - Tunisia",True,unverified,synthetic
PROMED-001203,2024001203.0203,2025-10-18,BEL,Belgium,ASF,"[SYNTHETIC] ASF, animal - Belgium",True,suspected,synthetic
PROMED-001204,2024001204.0204,2025-10-24,ITA,Italy,ASF,"[SYNTHETIC] ASF, animal - Italy",True,confirmed,synthetic
PROMED-001205,2024001205.0205,2025-10-23,ESP,Spain,ASF,"[SYNTHETIC] ASF, animal - Spain",True,unverified,synthetic
PROMED-001206,2024001206.0206,2025-10-24,POL,Poland,ASF,"[SYNTHETIC] ASF, animal - Poland",False,suspected,synthetic
PROMED-001207,2024001207.0207,2025-10-18,HUN,Hungary,ASF,"[SYNTHETIC] ASF, animal - Hungary",True,confirmed,synthetic
PROMED-001208,2024001208.0208,2025-10-24,BGR,Bulgaria,ASF,"[SYNTHETIC] ASF, animal - Bulgaria",True,suspected,synthetic
PROMED-001209,2024001209.0209,2025-10-19,SRB,Serbia,ASF,"[SYNTHETIC] ASF, animal - Serbia",True,suspected,synthetic
PROMED-001210,2024001210.0210,2025-10-22,UKR,Ukraine,ASF,"[SYNTHETIC] ASF, animal - Ukraine",True,unverified,synthetic
PROMED-001211,2024001211.0211,2025-10-15,RUS,Russian Federation,ASF,"[SYNTHETIC] ASF, animal - Russian Federation",True,confirmed,synthetic
PROMED-001212,2024001212.0212,2025-10-18,TUR,Türkiye,ASF,"[SYNTHETIC] ASF, animal - Türkiye",True,unverified,synthetic
PROMED-001213,2024001213.0213,2025-10-23,MAR,Morocco,ASF,"[SYNTHETIC] ASF, animal - Morocco",False,suspected,synthetic
PROMED-001214,2024001214.0214,2025-10-24,DEU,Germany,ASF,"[SYNTHETIC] ASF, animal - Germany",True,unverified,synthetic
PROMED-001215,2024001215.0215,2025-10-24,NLD,Netherlands,ASF,"[SYNTHETIC] ASF, animal - Netherlands",True,confirmed,synthetic
PROMED-001216,2024001216.0216,2025-10-23,HUN,Hungary,ASF,"[SYNTHETIC] ASF, animal - Hungary",True,confirmed,synthetic
PROMED-001217,2024001217.0217,2025-10-30,BGR,Bulgaria,ASF,"[SYNTHETIC] ASF, animal - Bulgaria",False,unverified,synthetic
PROMED-001218,2024001218.0218,2025-10-29,SRB,Serbia,ASF,"[SYNTHETIC] ASF, animal - Serbia",True,confirmed,synthetic
PROMED-001219,2024001219.0219,2025-10-31,UKR,Ukraine,ASF,"[SYNTHETIC] ASF, animal - Ukraine",False,suspected,synthetic
PROMED-001220,2024001220.0220,2025-10-26,MDA,Moldova,ASF,"[SYNTHETIC] ASF, animal - Moldova",True,unverified,synthetic
PROMED-001221,2024001221.0221,2025-10-28,RUS,Russian Federation,ASF,"[SYNTHETIC] ASF, animal - Russian Federation",True,confirmed,synthetic
PROMED-001222,2024001222.0222,2025-10-26,GEO,Georgia,ASF,"[SYNTHETIC] ASF, animal - Georgia",True,confirmed,synthetic
PROMED-001223,2024001223.0223,2025-10-25,EGY,Egypt,ASF,"[SYNTHETIC] ASF, animal - Egypt",False,suspected,synthetic
PROMED-001224,2024001224.0224,2025-10-29,FRA,France,ASF,"[SYNTHETIC] ASF, animal - France",True,suspected,synthetic
PROMED-001225,2024001225.0225,2025-11-02,BGR,Bulgaria,ASF,"[SYNTHETIC] ASF, animal - Bulgaria",False,confirmed,synthetic
PROMED-001226,2024001226.0226,2025-11-06,SRB,Serbia,ASF,"[SYNTHETIC] ASF, animal - Serbia",True,suspected,synthetic
PROMED-001227,2024001227.0227,2025-11-01,UKR,Ukraine,ASF,"[SYNTHETIC] ASF, animal - Ukraine",False,suspected,synthetic
PROMED-001228,2024001228.0228,2025-11-06,MDA,Moldova,ASF,"[SYNTHETIC] ASF, animal - Moldova",False,confirmed,synthetic
PROMED-001229,2024001229.0229,2025-11-06,ITA,Italy,ASF,"[SYNTHETIC] ASF, animal - Italy",True,confirmed,synthetic
PROMED-001230,2024001230.0230,2025-11-06,BGR,Bulgaria,ASF,"[SYNTHETIC] ASF, animal - Bulgaria",True,suspected,synthetic
PROMED-001231,2024001231.0231,2025-11-12,UKR,Ukraine,ASF,"[SYNTHETIC] ASF, animal - Ukraine",True,suspected,synthetic
PROMED-001232,2024001232.0232,2025-11-13,MDA,Moldova,ASF,"[SYNTHETIC] ASF, animal - Moldova",False,suspected,synthetic
PROMED-001233,2024001233.0233,2025-11-13,TUR,Türkiye,ASF,"[SYNTHETIC] ASF, animal - Türkiye",True,confirmed,synthetic
PROMED-001234,2024001234.0234,2025-11-05,EGY,Egypt,ASF,"[SYNTHETIC] ASF, animal - Egypt",True,confirmed,synthetic
PROMED-001235,2024001235.0235,2025-11-12,TUN,Tunisia,ASF,"[SYNTHETIC] ASF, animal - Tunisia",True,unverified,synthetic
PROMED-001236,2024001236.0236,2025-11-21,BEL,Belgium,ASF,"[SYNTHETIC] ASF, animal - Belgium",True,suspected,synthetic
PROMED-001237,2024001237.0237,2025-11-18,SRB,Serbia,ASF,"[SYNTHETIC] ASF, animal - Serbia",True,unverified,synthetic
PROMED-001238,2024001238.0238,2025-11-19,ITA,Italy,ASF,"[SYNTHETIC] ASF, animal - Italy",True,confirmed,synthetic
PROMED-001239,2024001239.0239,2025-11-21,BGR,Bulgaria,ASF,"[SYNTHETIC] ASF, animal - Bulgaria",True,suspected,synthetic
PROMED-001240,2024001240.0240,2025-11-28,UKR,Ukraine,ASF,"[SYNTHETIC] ASF, animal - Ukraine",False,suspected,synthetic
